[07:39:21.962] !"
[07:39:21.962] [1;31mnot terminated: "
[07:39:21.962] [m[1;32muart:~$ [m^[[1[12D[J[1;31m[1;31m--- 257 messages dropped ---
[07:39:21.963] [0m[m                     : Total CPU cycles used: 2024
[07:39:21.963] [1;32muart:~$ [m^[[1[12D[J[1;31m[1;31m--- 182 messages dropped ---
[07:39:24.413] [0m[m shell_uart          : STACK: unused 3184 usage 912 / 4096 (22 %); CPU: 0 %
[07:39:24.414] [1;32muart:~$ [m^[[1[12D[J                     : Total CPU cycles used: 93050
[07:39:24.430] [1;32muart:~$ [m^[[1[12D[J[00:00:00.180,000] [0m<inf> shtc3: SHTC3: temperature=23.74 C humidity=42.27 %[0m
[07:39:24.446] [1;32muart:~$ [m^[[1[12D[J wifi                : STACK: unused 2992 usage 592 / 3584 (16 %); CPU: 2 %
[07:39:24.462] [1;32muart:~$ [m^[[1[12D[J                     : Total CPU cycles used: 632892
[07:39:24.478] [1;32muart:~$ [m^[[1[12D[J sysworkq            : STACK: unused 3776 usage 320 / 4096 (7 %); CPU: 0 %
[07:39:24.494] [1;32muart:~$ [m^[[1[12D[J                     : Total CPU cycles used: 1349
[07:39:24.510] [1;32muart:~$ [m^[[1[12D[J esp_timer           : STACK: unused 3776 usage 320 / 4096 (7 %); CPU: 0 %
[07:39:24.526] [1;32muart:~$ [m^[[1[12D[J[00:00:10.693,000] [0m<inf> wifi_prov: Got IPv4: 192.168.213.15[0m
[07:39:24.542] [1;32muart:~$ [m^[[1[12D[J[00:00:10.694,000] [0m<inf> wifi_prov: WiFi STA connected: tutu[0m
[07:39:24.558] [1;32muart:~$ [m^[[1[12D[J[00:00:10.694,000] [0m<inf> wifi_prov: Waiting for first IP (v4 or v6) up to 25 s...[0m
[07:39:24.574] [1;32muart:~$ [m^[[1[12D[J[00:00:10.694,000] [0m<inf> wifi_prov: Got v4 — waiting up to 5 s for the other family[0m
[07:39:24.590] [1;32muart:~$ [m^[[1[12D[J[00:00:11.158,000] [0m<dbg> net_pkt.pkt_alloc_with_buffer: (wifi): On iface 1 (0x3fc9ea10) size 60[0m
[07:39:24.607] [1;32muart:~$ [m^[[1[12D[J[00:00:11.158,000] [0m<dbg> net_pkt.net_pkt_alloc_buffer_with_reserve_debug: (wifi): Data allocation maximum size 60 (requested 60, reserve 0)[0m
[07:39:24.624] [1;32muart:~$ [m^[[1[12D[J[00:00:11.158,000] [0m<dbg> net_pkt.pkt_alloc_buffer: (wifi): RDATA (rx_bufs) [159] frag 0x3c171d60 ref 1 (eth_esp32_rx():153)[0m
[07:39:24.640] [1;32muart:~$ [m^[[1[12D[J[00:00:11.158,000] [0m<dbg> net_pkt.net_pkt_write: (wifi): pkt 0x3c173360 data 0x3c26f22a length 60[0m
[07:39:24.657] [1;32muart:~$ [m^[[1[12D[J[00:00:11.158,000] [0m<dbg> net_pkt.net_pkt_unref_debug: (rx_q[0]): RX [39] pkt 0x3c173360 ref 0 frags 0x3c171d60 (processing_data():157)[0m
[07:39:24.673] [1;32muart:~$ [m^[[1[12D[J[00:00:11.159,000] [0m<dbg> net_pkt.net_pkt_unref_debug: (rx_q[0]): RDATA (rx_bufs) [159] frag 0x3c171d60 ref 0 frags 0 (processing_data():157)[0m
[07:39:24.689] [1;32muart:~$ [m^[[1[12D[J[00:00:11.159,000] [0m<dbg> net_pkt.net_pkt_frag_unref_debug: (rx_q[0]): RDATA (rx_bufs) [159] frag 0x3c171d60 ref 0 (net_pkt_unref_debug():612)[0m
[07:39:24.706] [1;32muart:~$ [m^[[1[12D[J[00:00:11.159,000] [0m<dbg> net_pkt.net_pkt_print: (rx_q[0]): TX 16 RX 40 RDATA 160 TDATA 80[0m
[07:39:24.722] [1;32muart:~$ [m^[[1[12D[J[1;32muart:~$ [m^[[1[12D[J[1;32muart:~$ [m^[[1[12D[J[1;31m[1;31m--- 40 messages dropped ---
[07:39:25.436] [0m[m[00:00:12.390,000] [0m<dbg> net_pkt.net_pkt_get_reserve_data_debug: (rx_q[0]): TDATA (tx_bufs) [78] frag 0x3c15d4bc ref 1 (ethernet_fill_header():610)[0m
[07:39:25.438] [1;32muart:~$ [m^[[1[12D[J[00:00:12.390,000] [0m<dbg> net_pkt.net_pkt_frag_insert_debug: (rx_q[0]): pkt 0x3c172ee0 frag 0x3c15d4bc (ethernet_fill_header:669)[0m
[07:39:25.454] [1;32muart:~$ [m^[[1[12D[J[00:00:12.390,000] [0m<dbg> net_pkt.net_pkt_read: (rx_q[0]): pkt 0x3c172ee0 data 0x3fcc36ae length 86[0m
[07:39:25.471] [1;32muart:~$ [m^[[1[12D[J[00:00:12.390,000] [0m<dbg> net_pkt.net_pkt_unref_debug: (rx_q[0]): TX [15] pkt 0x3c172ee0 ref 0 frags 0x3c15d4bc (ethernet_send():800)[0m
[07:39:25.488] [1;32muart:~$ [m^[[1[12D[J[00:00:12.390,000] [0m<dbg> net_pkt.net_pkt_unref_debug: (rx_q[0]): TDATA (tx_bufs) [78] frag 0x3c15d4bc ref 0 frags 0x3c15d4a0 (ethernet_send():800)[0m
[07:39:25.505] [1;32muart:~$ [m^[[1[12D[J[00:00:12.390,000] [0m<dbg> net_pkt.net_pkt_unref_debug: (rx_q[0]): TDATA (tx_bufs) [78] frag 0x3c15d4a0 ref 0 frags 0 (ethernet_send():800)[0m
[07:39:25.522] [1;32muart:~$ [m^[[1[12D[J[00:00:12.390,000] [0m<dbg> net_pkt.net_pkt_frag_unref_debug: (rx_q[0]): TDATA (tx_bufs) [78] frag 0x3c15d4bc ref 0 (net_pkt_unref_debug():612)[0m
[07:39:25.539] [1;32muart:~$ [m^[[1[12D[J[00:00:12.390,000] [0m<dbg> net_pkt.net_pkt_frag_unref_debug: (rx_q[0]): TDATA (tx_bufs) [79] frag 0x3c15d4a0 ref 0 (net_pkt_unref_debug():612)[0m
[07:39:25.555] [1;32muart:~$ [m^[[1[12D[J[00:00:12.390,000] [0m<dbg> net_pkt.net_pkt_unref_debug: (rx_q[0]): RX [39] pkt 0x3c173360 ref 0 frags 0x3c171d60 (net_icmpv6_input():408)[0m
[07:39:25.572] [1;32muart:~$ [m^[[1[12D[J[00:00:12.390,000] [0m<dbg> net_pkt.net_pkt_unref_debug: (rx_q[0]): RDATA (rx_bufs) [159] frag 0x3c171d60 ref 0 frags 0 (net_icmpv6_input():408)[0m
[07:39:25.588] [1;32muart:~$ [m^[[1[12D[J[00:00:12.390,000] [0m<dbg> net_pkt.net_pkt_frag_unref_debug: (rx_q[0]): RDATA (rx_bufs) [159] frag 0x3c171d60 ref 0 (net_pkt_unref_debug():612)[0m
[07:39:25.605] [1;32muart:~$ [m^[[1[12D[J[00:00:12.390,000] [0m<dbg> net_pkt.net_pkt_print: (rx_q[0]): TX 16 RX 40 RDATA 160 TDATA 80[0m
[07:39:25.621] [1;32muart:~$ [m^[[1[12D[J[1;32muart:~$ [m^[[1[12D[J[1;32muart:~$ [m^[[1[12D[J[00:00:13.206,000] [0m<dbg> net_pkt.pkt_alloc_with_buffer: (wifi): On iface 1 (0x3fc9ea10) size 60[0m
[07:39:27.250] [1;32muart:~$ [m^[[1[12D[J[00:00:13.206,000] [0m<dbg> net_pkt.net_pkt_alloc_buffer_with_reserve_debug: (wifi): Data allocation maximum size 60 (requested 60, reserve 0)[0m
[07:39:27.267] [1;32muart:~$ [m^[[1[12D[J[00:00:13.206,000] [0m<dbg> net_pkt.pkt_alloc_buffer: (wifi): RDATA (rx_bufs) [159] frag 0x3c171d60 ref 1 (eth_esp32_rx():153)[0m
[07:39:27.284] [1;32muart:~$ [m^[[1[12D[J[00:00:13.206,000] [0m<dbg> net_pkt.net_pkt_write: (wifi): pkt 0x3c173360 data 0x3c26f2aa length 60[0m
[07:39:27.300] [1;32muart:~$ [m^[[1[12D[J[00:00:13.206,000] [0m<dbg> net_pkt.net_pkt_unref_debug: (rx_q[0]): RX [39] pkt 0x3c173360 ref 0 frags 0x3c171d60 (processing_data():157)[0m
[07:39:27.316] [1;32muart:~$ [m^[[1[12D[J[00:00:13.206,000] [0m<dbg> net_pkt.net_pkt_unref_debug: (rx_q[0]): RDATA (rx_bufs) [159] frag 0x3c171d60 ref 0 frags 0 (processing_data():157)[0m
[07:39:27.333] [1;32muart:~$ [m^[[1[12D[J[00:00:13.206,000] [0m<dbg> net_pkt.net_pkt_frag_unref_debug: (rx_q[0]): RDATA (rx_bufs) [159] frag 0x3c171d60 ref 0 (net_pkt_unref_debug():612)[0m
[07:39:27.349] [1;32muart:~$ [m^[[1[12D[J[00:00:13.206,000] [0m<dbg> net_pkt.net_pkt_print: (rx_q[0]): TX 16 RX 40 RDATA 160 TDATA 80[0m
[07:39:27.365] [1;32muart:~$ [m^[[1[12D[J[1;32muart:~$ [m^[[1[12D[J[1;32muart:~$ [m^[[1[12D[J[1;31m[1;31m--- 3 messages dropped ---
[07:39:28.094] [0m[m[00:00:14.234,000] [0m<dbg> net_pkt.net_pkt_write: (wifi): pkt 0x3c173360 data 0x3c26f2aa length 60[0m
[07:39:28.095] [1;32muart:~$ [m^[[1[12D[J[00:00:14.234,000] [0m<dbg> net_pkt.net_pkt_unref_debug: (rx_q[0]): RX [39] pkt 0x3c173360 ref 0 frags 0x3c171d60 (processing_data():157)[0m
[07:39:28.111] [1;32muart:~$ [m^[[1[12D[J[00:00:14.235,000] [0m<dbg> net_pkt.net_pkt_unref_debug: (rx_q[0]): RDATA (rx_bufs) [159] frag 0x3c171d60 ref 0 frags 0 (processing_data():157)[0m
[07:39:28.128] [1;32muart:~$ [m^[[1[12D[J[00:00:14.235,000] [0m<dbg> net_pkt.net_pkt_frag_unref_debug: (rx_q[0]): RDATA (rx_bufs) [159] frag 0x3c171d60 ref 0 (net_pkt_unref_debug():612)[0m
[07:39:28.144] [1;32muart:~$ [m^[[1[12D[J[00:00:14.235,000] [0m<dbg> net_pkt.net_pkt_print: (rx_q[0]): TX 16 RX 40 RDATA 160 TDATA 80[0m
[07:39:28.160] [1;32muart:~$ [m^[[1[12D[J[00:00:15.049,000] [0m<dbg> net_pkt.pkt_alloc_with_buffer: (wifi): On iface 1 (0x3fc9ea10) size 60[0m
[07:39:28.177] [1;32muart:~$ [m^[[1[12D[J[00:00:15.049,000] [0m<dbg> net_pkt.net_pkt_alloc_buffer_with_reserve_debug: (wifi): Data allocation maximum size 60 (requested 60, reserve 0)[0m
[07:39:28.194] [1;32muart:~$ [m^[[1[12D[J[00:00:15.049,000] [0m<dbg> net_pkt.pkt_alloc_buffer: (wifi): RDATA (rx_bufs) [159] frag 0x3c171d60 ref 1 (eth_esp32_rx():153)[0m
[07:39:28.210] [1;32muart:~$ [m^[[1[12D[J[00:00:15.049,000] [0m<dbg> net_pkt.net_pkt_write: (wifi): pkt 0x3c173360 data 0x3c26f2aa length 60[0m
[07:39:28.226] [1;32muart:~$ [m^[[1[12D[J[00:00:15.050,000] [0m<dbg> net_pkt.net_pkt_unref_debug: (rx_q[0]): RX [39] pkt 0x3c173360 ref 0 frags 0x3c171d60 (processing_data():157)[0m
[07:39:28.242] [1;32muart:~$ [m^[[1[12D[J[00:00:15.050,000] [0m<dbg> net_pkt.net_pkt_unref_debug: (rx_q[0]): RDATA (rx_bufs) [159] frag 0x3c171d60 ref 0 frags 0 (processing_data():157)[0m
[07:39:28.259] [1;32muart:~$ [m^[[1[12D[J[00:00:15.050,000] [0m<dbg> net_pkt.net_pkt_frag_unref_debug: (rx_q[0]): RDATA (rx_bufs) [159] frag 0x3c171d60 ref 0 (net_pkt_unref_debug():612)[0m
[07:39:28.275] [1;32muart:~$ [m^[[1[12D[J[00:00:15.050,000] [0m<dbg> net_pkt.net_pkt_print: (rx_q[0]): TX 16 RX 40 RDATA 160 TDATA 80[0m
[07:39:28.292] [1;32muart:~$ [m^[[1[12D[J[1;32muart:~$ [m^[[1[12D[J[1;32muart:~$ [m^[[1[12D[J[00:00:15.694,000] [0m<inf> wifi_prov: DNS server [0]: 192.168.213.1 (source: DHCP)[0m
[07:39:29.323] [1;32muart:~$ [m^[[1[12D[J[00:00:15.694,000] [0m<inf> llss: WiFi connected: 192.168.213.15[0m
[07:39:29.339] [1;32muart:~$ [m^[[1[12D[J[00:00:16.278,000] [0m<dbg> net_pkt.pkt_alloc_with_buffer: (wifi): On iface 1 (0x3fc9ea10) size 60[0m
[07:39:29.356] [1;32muart:~$ [m^[[1[12D[J[00:00:16.278,000] [0m<dbg> net_pkt.net_pkt_alloc_buffer_with_reserve_debug: (wifi): Data allocation maximum size 60 (requested 60, reserve 0)[0m
[07:39:29.373] [1;32muart:~$ [m^[[1[12D[J[00:00:16.278,000] [0m<dbg> net_pkt.pkt_alloc_buffer: (wifi): RDATA (rx_bufs) [159] frag 0x3c171d60 ref 1 (eth_esp32_rx():153)[0m
[07:39:29.389] [1;32muart:~$ [m^[[1[12D[J[00:00:16.278,000] [0m<dbg> net_pkt.net_pkt_write: (wifi): pkt 0x3c173360 data 0x3c26f2aa length 60[0m
[07:39:29.509] [1;32muart:~$ [m^[[1[12D[J[1;31m[1;31m--- 32 messages dropped ---
[07:39:29.532] [0m[m[00:00:16.279,000] [0m<dbg> net_pkt.net_pkt_unref_debug: (rx_q[0]): RX [39] pkt 0x3c173360 ref 0 frags 0x3c171d60 (processing_data():157)[0m
[07:39:29.533] [1;32muart:~$ [m^[[1[12D[J[1;31m[1;31m--- 93 messages dropped ---
[07:39:29.783] [0m[m[00:00:16.279,000] [0m<dbg> net_pkt.net_pkt_unref_debug: (rx_q[0]): RDATA (rx_bufs) [159] frag 0x3c171d60 ref 0 frags 0 (processing_data():157)[0m
[07:39:29.784] [1;32muart:~$ [m^[[1[12D[J[1;31m[1;31m--- 14 messages dropped ---
[07:39:29.800] [0m[m[00:00:16.279,000] [0m<dbg> net_pkt.net_pkt_frag_unref_debug: (rx_q[0]): RDATA (rx_bufs) [159] frag 0x3c171d60 ref 0 (net_pkt_unref_debug():612)[0m
[07:39:29.801] [1;32muart:~$ [m^[[1[12D[J[00:00:16.279,000] [0m<dbg> net_pkt.net_pkt_print: (rx_q[0]): TX 16 RX 40 RDATA 160 TDATA 80[0m
[07:39:29.817] [1;32muart:~$ [m^[[1[12D[J[00:00:16.463,000] [0m<dbg> net_pkt.net_pkt_write: (wifi): pkt 0x3c173360 data 0x3c26f2ac length 60[0m
[07:39:29.834] [1;32muart:~$ [m^[[1[12D[J[00:00:16.463,000] [0m<dbg> net_pkt.net_pkt_get_reserve_data_debug: (rx_q[0]): TDATA (tx_bufs) [78] frag 0x3c15d4bc ref 1 (ethernet_fill_header():610)[0m
[07:39:29.851] [1;32muart:~$ [m^[[1[12D[J[00:00:16.463,000] [0m<dbg> net_pkt.net_pkt_frag_insert_debug: (rx_q[0]): pkt 0x3c172ee0 frag 0x3c15d4bc (ethernet_fill_header:669)[0m
[07:39:29.868] [1;32muart:~$ [m^[[1[12D[J[00:00:16.463,000] [0m<dbg> net_pkt.net_pkt_read: (rx_q[0]): pkt 0x3c172ee0 data 0x3fcc36ae length 72[0m
[07:39:29.884] [1;32muart:~$ [m^[[1[12D[J[00:00:16.492,000] [0m<dbg> net_pkt.net_pkt_alloc_buffer_with_reserve_debug: (wifi): Data allocation maximum size 90 (requested 90, reserve 0)[0m
[07:39:29.901] [1;32muart:~$ [m^[[1[12D[J[00:00:16.492,000] [0m<dbg> net_pkt.pkt_alloc_buffer: (wifi): RDATA (rx_bufs) [159] frag 0x3c171d60 ref 1 (eth_esp32_rx():153)[0m
[07:39:29.917] [1;32muart:~$ [m^[[1[12D[J[00:00:16.492,000] [0m<dbg> net_pkt.net_pkt_write: (wifi): pkt 0x3c173360 data 0x3c26f2ac length 90[0m
[07:39:29.933] [1;32muart:~$ [m^[[1[12D[J[00:00:16.493,000] [0m<dbg> net_pkt.net_pkt_skip: (rx_q[0]): pkt 0x3c173360 skip 20[0m
[07:39:29.950] [1;32muart:~$ [m^[[1[12D[J[00:00:16.493,000] [0m<dbg> net_pkt.net_pkt_write: (rx_q[0]): pkt 0x3c173360 data 0x3c15dd82 length 8[0m
[07:39:29.966] [1;32muart:~$ [m^[[1[12D[J[00:00:16.493,000] [0m<dbg> net_pkt.net_pkt_skip: (rx_q[0]): pkt 0x3c173360 skip 8[0m
[07:39:29.982] [1;32muart:~$ [m^[[1[12D[J[00:00:16.493,000] [0m<dbg> net_pkt.net_pkt_skip: (rx_q[0]): pkt 0x3c173360 skip 12[0m
[07:39:29.998] [1;32muart:~$ [m^[[1[12D[J[00:00:16.493,000] [0m<dbg> net_pkt.net_pkt_skip: (rx_q[0]): pkt 0x3c173360 skip 8[0m
[07:39:30.014] [1;32muart:~$ [m^[[1[12D[J[00:00:16.493,000] [0m<dbg> net_pkt.net_pkt_print: (rx_q[0]): TX 16 RX 39 RDATA 159 TDATA 80[0m
[07:39:30.030] [1;32muart:~$ [m^[[1[12D[J[00:00:16.493,000] [0m<dbg> net_pkt.net_pkt_read: (ntp_thread): pkt 0x3c173360 data 0x3fca9510 length 48[0m
[07:39:30.046] [1;32muart:~$ [m^[[1[12D[J[00:00:16.493,000] [0m<dbg> net_pkt.net_pkt_unref_debug: (ntp_thread): RX [39] pkt 0x3c173360 ref 0 frags 0x3c171d60 (zsock_recv_dgram():1351)[0m
[07:39:30.063] [1;32muart:~$ [m^[[1[12D[J[00:00:16.493,000] [0m<dbg> net_pkt.net_pkt_unref_debug: (ntp_thread): RDATA (rx_bufs) [159] frag 0x3c171d60 ref 0 frags 0 (zsock_recv_dgram():1351)[0m
[07:39:30.080] [1;32muart:~$ [m^[[1[12D[J[00:00:16.495,000] [0m<inf> ntp_sync: NTP synced: 2026-06-18 10:39:29 UTC[0m
[07:39:30.096] [1;32muart:~$ [m^[[1[12D[J[1;32muart:~$ [m^[[1[12D[J[1;32muart:~$ [m^[[1[12D[J[1;31m[1;31m--- 52 messages dropped ---
[07:39:30.331] [0m[m[00:00:17.267,000] [0m<dbg> net_pkt.net_pkt_skip: (llss_thread): pkt 0x3c172ee0 skip 20[0m
[07:39:30.333] [1;32muart:~$ [m^[[1[12D[J[1;31m[1;31m--- 86 messages dropped ---
[07:39:30.415] [0m[m[00:00:17.267,000] [0m<dbg> net_pkt.net_pkt_skip: (llss_thread): pkt 0x3c172ee0 skip 12[0m
[07:39:30.416] [1;32muart:~$ [m^[[1[12D[J[1;31m[1;31m--- 245 messages dropped ---
[07:39:30.438] [0m[m[00:00:17.267,000] [0m<dbg> net_pkt.net_pkt_skip: (llss_thread): pkt 0x3c172ee0 skip 8[0m
[07:39:30.441] [1;32muart:~$ [m^[[1[12D[J[1;31m[1;31m--- 117 messages dropped ---
[07:39:30.457] [0m[m[00:00:17.267,000] [0m<dbg> net_pkt.net_pkt_write: (llss_thread): pkt 0x3c172ee0 data 0x3c1534b4 length 8[0m
[07:39:30.458] [1;32muart:~$ [m^[[1[12D[J[00:00:17.267,000] [0m<dbg> net_pkt.net_pkt_skip: (llss_thread): pkt 0x3c172ee0 skip 8[0m
[07:39:30.475] [1;32muart:~$ [m^[[1[12D[J[00:00:17.267,000] [0m<dbg> net_pkt.net_pkt_get_reserve_data_debug: (llss_thread): TDATA (tx_bufs) [78] frag 0x3c15d4bc ref 1 (ethernet_fill_header():610)[0m
[07:39:30.492] [1;32muart:~$ [m^[[1[12D[J[1;31m[1;31m--- 64 messages dropped ---
[07:39:30.754] [0m[m[00:00:17.267,000] [0m<dbg> net_pkt.net_pkt_frag_insert_debug: (llss_thread): pkt 0x3c172ee0 frag 0x3c15d4bc (ethernet_fill_header:669)[0m
[07:39:30.755] [1;32muart:~$ [m^[[1[12D[J[1;31m[1;31m--- 46 messages dropped ---
[07:39:30.771] [0m[m[00:00:17.286,000] [0m<dbg> net_pkt.net_pkt_write: (rx_q[0]): pkt 0x3c172ee0 data 0x3c1534c8 length 4[0m
[07:39:30.772] [1;32muart:~$ [m^[[1[12D[J[00:00:17.370,000] [0m<dbg> net_pkt.net_pkt_skip: (rx_q[0]): pkt 0x3c1733a8 skip 40[0m
[07:39:30.788] [1;32muart:~$ [m^[[1[12D[J[00:00:17.391,000] [0m<dbg> net_pkt.net_pkt_frag_unref_debug: (sysworkq): TDATA (tx_bufs) [77] frag 0x3c15d4d8 ref 0 (net_pkt_unref_debug():612)[0m
[07:39:30.804] [1;32muart:~$ [m^[[1[12D[J[00:00:17.391,000] [0m<dbg> net_pkt.net_pkt_frag_unref_debug: (sysworkq): TDATA (tx_bufs) [78] frag 0x3c15d4bc ref 0 (net_pkt_unref_debug():612)[0m
[07:39:30.821] [1;32muart:~$ [m^[[1[12D[J[00:00:17.397,000] [0m<dbg> net_pkt.pkt_alloc_with_buffer: (wifi): On iface 1 (0x3fc9ea10) size 78[0m
[07:39:30.837] [1;32muart:~$ [m^[[1[12D[J[00:00:17.445,000] [0m<dbg> net_pkt.net_pkt_skip: (rx_q[0]): pkt 0x3c1733a8 skip 40[0m
[07:39:30.853] [1;32muart:~$ [m^[[1[12D[J[00:00:17.460,000] [0m<dbg> net_pkt.net_pkt_unref_debug: (rx_q[0]): TX [15] pkt 0x3c172ee0 ref 1 frags 0x3c15d4bc (ethernet_send():800)[0m
[07:39:30.870] [1;32muart:~$ [m^[[1[12D[J[00:00:17.460,000] [0m<dbg> net_pkt.net_pkt_unref_debug: (rx_q[0]): TX [15] pkt 0x3c172ee0 ref 0 frags 0x3c15d4bc (tcp_send():472)[0m
[07:39:30.886] [1;32muart:~$ [m^[[1[12D[J[00:00:17.460,000] [0m<dbg> net_pkt.net_pkt_unref_debug: (rx_q[0]): TDATA (tx_bufs) [78] frag 0x3c15d4bc ref 0 frags 0x3c15d4a0 (tcp_send():472)[0m
[07:39:30.903] [1;32muart:~$ [m^[[1[12D[J[00:00:17.460,000] [0m<dbg> net_pkt.net_pkt_unref_debug: (rx_q[0]): TDATA (tx_bufs) [78] frag 0x3c15d4a0 ref 0 frags 0 (tcp_send():472)[0m
[07:39:30.919] [1;32muart:~$ [m^[[1[12D[J[00:00:17.460,000] [0m<dbg> net_pkt.net_pkt_frag_unref_debug: (rx_q[0]): TDATA (tx_bufs) [78] frag 0x3c15d4bc ref 0 (net_pkt_unref_debug():612)[0m
[07:39:30.936] [1;32muart:~$ [m^[[1[12D[J[00:00:17.461,000] [0m<dbg> net_pkt.net_pkt_frag_unref_debug: (rx_q[0]): TDATA (tx_bufs) [79] frag 0x3c15d4a0 ref 0 (net_pkt_unref_debug():612)[0m
[07:39:30.952] [1;32muart:~$ [m^[[1[12D[J[00:00:17.461,000] [0m<dbg> net_pkt.net_pkt_print: (rx_q[0]): TX 16 RX 39 RDATA 159 TDATA 80[0m
[07:39:30.968] [1;32muart:~$ [m^[[1[12D[J[00:00:17.462,000] [0m<dbg> net_pkt.net_pkt_read: (llss_thread): pkt 0x3c1733a8 data 0x3c246e00 length 5[0m
[07:39:30.985] [1;32muart:~$ [m^[[1[12D[J[00:00:17.462,000] [0m<dbg> net_pkt.net_pkt_read: (llss_thread): pkt 0x3c1733a8 data 0x3c246e05 length 273[0m
[07:39:31.002] [1;32muart:~$ [m^[[1[12D[J[00:00:17.462,000] [0m<dbg> net_pkt.net_pkt_unref_debug: (llss_thread): RX [39] pkt 0x3c1733a8 ref 0 frags 0x3c171d7c (zsock_recv_stream_immediate():1423)[0m
[07:39:31.018] [1;32muart:~$ [m^[[1[12D[J[00:00:17.462,000] [0m<dbg> net_pkt.net_pkt_frag_unref_debug: (llss_thread): RDATA (rx_bufs) [159] frag 0x3c171d7c ref 0 (net_pkt_unref_debug():612)[0m
[07:39:31.035] [1;32muart:~$ [m^[[1[12D[J[1;32muart:~$ [m^[[1[12D[J[1;32muart:~$ [m^[[1[12D[J[1;31m[1;31m--- 129 messages dropped ---
[07:39:31.538] [0m[m[00:00:18.392,000] [0m<dbg> net_pkt.net_pkt_frag_unref_debug: (sysworkq): TDATA (tx_bufs) [78] frag 0x3c15d4bc ref 0 (net_pkt_unref_debug():612)[0m
[07:39:31.539] [1;32muart:~$ [m^[[1[12D[J[00:00:18.393,000] [0m<dbg> net_pkt.net_pkt_frag_unref_debug: (sysworkq): TDATA (tx_bufs) [79] frag 0x3c15d4a0 ref 0 (net_pkt_unref_debug():612)[0m
[07:39:31.555] [1;32muart:~$ [m^[[1[12D[J[00:00:18.395,000] [0m<dbg> net_pkt.pkt_alloc_with_buffer: (wifi): On iface 1 (0x3fc9ea10) size 78[0m
[07:39:31.572] [1;32muart:~$ [m^[[1[12D[J[00:00:18.396,000] [0m<dbg> net_pkt.net_pkt_alloc_buffer_with_reserve_debug: (wifi): Data allocation maximum size 78 (requested 78, reserve 0)[0m
[07:39:31.588] [1;32muart:~$ [m^[[1[12D[J[00:00:18.396,000] [0m<dbg> net_pkt.pkt_alloc_buffer: (wifi): RDATA (rx_bufs) [159] frag 0x3c171d7c ref 1 (eth_esp32_rx():153)[0m
[07:39:31.605] [1;32muart:~$ [m^[[1[12D[J[00:00:18.396,000] [0m<dbg> net_pkt.net_pkt_write: (wifi): pkt 0x3c1733a8 data 0x3c26f2ac length 78[0m
[07:39:31.621] [1;32muart:~$ [m^[[1[12D[J[00:00:18.396,000] [0m<dbg> net_pkt.net_pkt_skip: (rx_q[0]): pkt 0x3c1733a8 skip 40[0m
[07:39:31.637] [1;32muart:~$ [m^[[1[12D[J[00:00:18.396,000] [0m<dbg> net_pkt.net_pkt_skip: (rx_q[0]): pkt 0x3c1733a8 skip 8[0m
[07:39:31.653] [1;32muart:~$ [m^[[1[12D[J[00:00:18.396,000] [0m<dbg> net_pkt.net_pkt_skip: (rx_q[0]): pkt 0x3c1733a8 skip 32[0m
[07:39:31.670] [1;32muart:~$ [m^[[1[12D[J[00:00:18.396,000] [0m<dbg> net_pkt.net_pkt_skip: (rx_q[0]): pkt 0x3c1733a8 skip 4[0m
[07:39:31.685] [1;32muart:~$ [m^[[1[12D[J[00:00:18.396,000] [0m<dbg> net_pkt.net_pkt_unref_debug: (rx_q[0]): RX [39] pkt 0x3c1733a8 ref 0 frags 0x3c171d7c (processing_data():157)[0m
[07:39:31.702] [1;32muart:~$ [m^[[1[12D[J[00:00:18.396,000] [0m<dbg> net_pkt.net_pkt_unref_debug: (rx_q[0]): RDATA (rx_bufs) [159] frag 0x3c171d7c ref 0 frags 0 (processing_data():157)[0m
[07:39:31.718] [1;32muart:~$ [m^[[1[12D[J[00:00:18.396,000] [0m<dbg> net_pkt.net_pkt_frag_unref_debug: (rx_q[0]): RDATA (rx_bufs) [159] frag 0x3c171d7c ref 0 (net_pkt_unref_debug():612)[0m
[07:39:31.735] [1;32muart:~$ [m^[[1[12D[J[00:00:18.396,000] [0m<dbg> net_pkt.net_pkt_print: (rx_q[0]): TX 16 RX 40 RDATA 160 TDATA 80[0m
[07:39:31.751] [1;32muart:~$ [m^[[1[12D[J[1;32muart:~$ [m^[[1[12D[J[1;32muart:~$ [m^[[1[12D[J[1;31m[1;31m--- 21 messages dropped ---
[07:39:32.066] [0m[m[00:00:19.019,000] [0m<dbg> net_pkt.net_pkt_get_reserve_data_debug: (llss_thread): TDATA (tx_bufs) [76] frag 0x3c15d4f4 ref 1 (ethernet_fill_header():610)[0m
[07:39:32.068] [1;32muart:~$ [m^[[1[12D[J[00:00:19.019,000] [0m<dbg> net_pkt.net_pkt_frag_insert_debug: (llss_thread): pkt 0x3c172f28 frag 0x3c15d4f4 (ethernet_fill_header:669)[0m
[07:39:32.084] [1;32muart:~$ [m^[[1[12D[J[00:00:19.019,000] [0m<dbg> net_pkt.net_pkt_read: (llss_thread): pkt 0x3c172f28 data 0x3fcc36ae length 295[0m
[07:39:32.100] [1;32muart:~$ [m^[[1[12D[J[00:00:19.021,000] [0m<dbg> net_pkt.net_pkt_unref_debug: (llss_thread): TX [14] pkt 0x3c172f28 ref 1 frags 0x3c15d4f4 (ethernet_send():800)[0m
[07:39:32.117] [1;32muart:~$ [m^[[1[12D[J[1;31m[1;31m--- 57 messages dropped ---
[07:39:32.133] [0m[m[00:00:19.021,000] [0m<dbg> net_pkt.net_pkt_unref_debug: (llss_thread): TX [14] pkt 0x3c172f28 ref 0 frags 0x3c15d4f4 (tcp_send():472)[0m
[07:39:32.134] [1;32muart:~$ [m^[[1[12D[J[00:00:19.021,000] [0m<dbg> net_pkt.net_pkt_unref_debug: (llss_thread): TDATA (tx_bufs) [76] frag 0x3c15d4f4 ref 0 frags 0x3c15d4d8 (tcp_send():472)[0m
[07:39:32.150] [1;32muart:~$ [m^[[1[12D[J[00:00:19.021,000] [0m<dbg> net_pkt.net_pkt_unref_debug: (llss_thread): TDATA (tx_bufs) [76] frag 0x3c15d4d8 ref 0 frags 0x3c15d4bc (tcp_send():472)[0m
[07:39:32.167] [1;32muart:~$ [m^[[1[12D[J[00:00:19.021,000] [0m<dbg> net_pkt.net_pkt_unref_debug: (llss_thread): TDATA (tx_bufs) [76] frag 0x3c15d4bc ref 0 frags 0 (tcp_send():472)[0m
[07:39:32.185] [1;32muart:~$ [m^[[1[12D[J[00:00:19.021,000] [0m<dbg> net_pkt.net_pkt_frag_unref_debug: (llss_thread): TDATA (tx_bufs) [76] frag 0x3c15d4f4 ref 0 (net_pkt_unref_debug():612)[0m
[07:39:32.202] [1;32muart:~$ [m^[[1[12D[J[00:00:19.071,000] [0m<dbg> net_pkt.net_pkt_skip: (rx_q[0]): pkt 0x3c1733a8 skip 40[0m
[07:39:32.218] [1;32muart:~$ [m^[[1[12D[J[00:00:19.071,000] [0m<dbg> net_pkt.net_pkt_skip: (rx_q[0]): pkt 0x3c1733a8 skip 8[0m
[07:39:32.234] [1;32muart:~$ [m^[[1[12D[J[00:00:19.071,000] [0m<dbg> net_pkt.net_pkt_skip: (rx_q[0]): pkt 0x3c1733a8 skip 32[0m
[07:39:32.250] [1;32muart:~$ [m^[[1[12D[J[00:00:19.071,000] [0m<dbg> net_pkt.net_pkt_write: (rx_q[0]): pkt 0x3c1733a8 data 0x3c15df96 length 20[0m
[07:39:32.267] [1;32muart:~$ [m^[[1[12D[J[00:00:19.071,000] [0m<dbg> net_pkt.net_pkt_skip: (rx_q[0]): pkt 0x3c1733a8 skip 20[0m
[07:39:32.283] [1;32muart:~$ [m^[[1[12D[J[00:00:19.072,000] [0m<dbg> net_pkt.net_pkt_skip: (rx_q[0]): pkt 0x3c1733a8 skip 40[0m
[07:39:32.299] [1;32muart:~$ [m^[[1[12D[J[00:00:19.072,000] [0m<dbg> net_pkt.net_pkt_skip: (rx_q[0]): pkt 0x3c1733a8 skip 40[0m
[07:39:32.315] [1;32muart:~$ [m^[[1[12D[J[00:00:19.072,000] [0m<dbg> net_pkt.net_pkt_skip: (rx_q[0]): pkt 0x3c1733a8 skip 40[0m
[07:39:32.331] [1;32muart:~$ [m^[[1[12D[J[00:00:19.072,000] [0m<dbg> net_pkt.net_pkt_skip: (rx_q[0]): pkt 0x3c1733a8 skip 40[0m
[07:39:32.347] [1;32muart:~$ [m^[[1[12D[J[00:00:19.072,000] [0m<dbg> net_pkt.net_pkt_skip: (rx_q[0]): pkt 0x3c1733a8 skip 40[0m
[07:39:32.363] [1;32muart:~$ [m^[[1[12D[J[00:00:19.072,000] [0m<dbg> net_pkt.net_pkt_unref_debug: (rx_q[0]): RX [39] pkt 0x3c1733a8 ref 0 frags 0x3c171d7c (tcp_in():3635)[0m
[07:39:32.379] [1;32muart:~$ [m^[[1[12D[J[00:00:19.072,000] [0m<dbg> net_pkt.net_pkt_unref_debug: (rx_q[0]): RDATA (rx_bufs) [159] frag 0x3c171d7c ref 0 frags 0 (tcp_in():3635)[0m
[07:39:32.396] [1;32muart:~$ [m^[[1[12D[J[1;31m[1;31m--- 1668 messages dropped ---
[07:39:33.131] [0m[m[00:00:19.072,000] [0m<dbg> net_pkt.net_pkt_print: (rx_q[0]): TX 16 RX 40 RDATA 160 TDATA 80[0m
[07:39:33.132] [1;32muart:~$ [m^[[1[12D[J[00:00:19.599,000] [0m<dbg> net_pkt.net_pkt_write: (wifi): pkt 0x3c173cf0 data 0x3c26f2ac length 74[0m
[07:39:33.148] [1;32muart:~$ [m^[[1[12D[J[00:00:19.599,000] [0m<dbg> net_pkt.net_pkt_skip: (rx_q[0]): pkt 0x3c173cf0 skip 40[0m
[07:39:33.164] [1;32muart:~$ [m^[[1[12D[J[00:00:19.599,000] [0m<dbg> net_pkt.net_pkt_skip: (rx_q[0]): pkt 0x3c173cf0 skip 8[0m
[07:39:33.180] [1;32muart:~$ [m^[[1[12D[J[00:00:19.599,000] [0m<dbg> net_pkt.net_pkt_skip: (rx_q[0]): pkt 0x3c173cf0 skip 32[0m
[07:39:33.196] [1;32muart:~$ [m^[[1[12D[J[00:00:19.599,000] [0m<dbg> net_pkt.net_pkt_write: (rx_q[0]): pkt 0x3c173cf0 data 0x3c16a796 length 20[0m
[07:39:33.214] [1;32muart:~$ [m^[[1[12D[J[00:00:19.599,000] [0m<dbg> net_pkt.net_pkt_skip: (rx_q[0]): pkt 0x3c173cf0 skip 20[0m
[07:39:33.231] [1;32muart:~$ [m^[[1[12D[J[00:00:19.600,000] [0m<dbg> net_pkt.net_pkt_skip: (rx_q[0]): pkt 0x3c173cf0 skip 40[0m
[07:39:33.247] [1;32muart:~$ [m^[[1[12D[J[00:00:19.600,000] [0m<dbg> net_pkt.net_pkt_skip: (rx_q[0]): pkt 0x3c173cf0 skip 40[0m
[07:39:33.263] [1;32muart:~$ [m^[[1[12D[J[00:00:19.600,000] [0m<dbg> net_pkt.net_pkt_skip: (rx_q[0]): pkt 0x3c173cf0 skip 40[0m
[07:39:33.279] [1;32muart:~$ [m^[[1[12D[J[00:00:19.600,000] [0m<dbg> net_pkt.net_pkt_skip: (rx_q[0]): pkt 0x3c173cf0 skip 40[0m
[07:39:33.295] [1;32muart:~$ [m^[[1[12D[J[00:00:19.600,000] [0m<dbg> net_pkt.net_pkt_skip: (rx_q[0]): pkt 0x3c173cf0 skip 40[0m
[07:39:33.311] [1;32muart:~$ [m^[[1[12D[J[00:00:19.600,000] [0m<dbg> net_pkt.net_pkt_unref_debug: (rx_q[0]): RX [39] pkt 0x3c173cf0 ref 0 frags 0x3c17286c (tcp_in():3635)[0m
[07:39:33.327] [1;32muart:~$ [m^[[1[12D[J[00:00:19.600,000] [0m<dbg> net_pkt.net_pkt_unref_debug: (rx_q[0]): RDATA (rx_bufs) [159] frag 0x3c17286c ref 0 frags 0 (tcp_in():3635)[0m
[07:39:33.343] [1;32muart:~$ [m^[[1[12D[J[00:00:19.600,000] [0m<dbg> net_pkt.net_pkt_frag_unref_debug: (rx_q[0]): RDATA (rx_bufs) [159] frag 0x3c17286c ref 0 (net_pkt_unref_debug():612)[0m
[07:39:33.360] [1;32muart:~$ [m^[[1[12D[J[00:00:19.600,000] [0m<dbg> net_pkt.net_pkt_print: (rx_q[0]): TX 16 RX 40 RDATA 160 TDATA 80[0m
[07:39:33.376] [1;32muart:~$ [m^[[1[12D[J[00:00:20.169,000] [0m<dbg> net_pkt.pkt_alloc_with_buffer: (wifi): On iface 1 (0x3fc9ea10) size 60[0m
[07:39:33.393] [1;32muart:~$ [m^[[1[12D[J[00:00:20.169,000] [0m<dbg> net_pkt.net_pkt_alloc_buffer_with_reserve_debug: (wifi): Data allocation maximum size 60 (requested 60, reserve 0)[0m
[07:39:33.409] [1;32muart:~$ [m^[[1[12D[J[00:00:20.169,000] [0m<dbg> net_pkt.pkt_alloc_buffer: (wifi): RDATA (rx_bufs) [159] frag 0x3c17286c ref 1 (eth_esp32_rx():153)[0m
[07:39:33.426] [1;32muart:~$ [m^[[1[12D[J[00:00:20.169,000] [0m<dbg> net_pkt.net_pkt_write: (wifi): pkt 0x3c173cf0 data 0x3c26f2aa length 60[0m
[07:39:33.442] [1;32muart:~$ [m^[[1[12D[J[00:00:20.170,000] [0m<dbg> net_pkt.net_pkt_unref_debug: (rx_q[0]): RX [39] pkt 0x3c173cf0 ref 0 frags 0x3c17286c (processing_data():157)[0m
[07:39:33.459] [1;32muart:~$ [m^[[1[12D[J[00:00:20.170,000] [0m<dbg> net_pkt.net_pkt_unref_debug: (rx_q[0]): RDATA (rx_bufs) [159] frag 0x3c17286c ref 0 frags 0 (processing_data():157)[0m
[07:39:33.476] [1;32muart:~$ [m^[[1[12D[J[00:00:20.170,000] [0m<dbg> net_pkt.net_pkt_frag_unref_debug: (rx_q[0]): RDATA (rx_bufs) [159] frag 0x3c17286c ref 0 (net_pkt_unref_debug():612)[0m
[07:39:33.492] [1;32muart:~$ [m^[[1[12D[J[00:00:20.170,000] [0m<dbg> net_pkt.net_pkt_print: (rx_q[0]): TX 16 RX 40 RDATA 160 TDATA 80[0m
[07:39:33.508] [1;32muart:~$ [m^[[1[12D[J[1;32muart:~$ [m^[[1[12D[J[1;32muart:~$ [m^[[1[12D[J[1;31m[1;31m--- 86 messages dropped ---
[07:39:34.453] [0m[m[00:00:21.406,000] [0m<dbg> net_pkt.net_pkt_unref_debug: (rx_q[0]): TX [15] pkt 0x3c172ee0 ref 1 frags 0x3c15d4bc (ethernet_send():800)[0m
[07:39:34.455] [1;32muart:~$ [m^[[1[12D[J[00:00:21.406,000] [0m<dbg> net_pkt.net_pkt_unref_debug: (rx_q[0]): TX [15] pkt 0x3c172ee0 ref 0 frags 0x3c15d4bc (handle_na_neighbor():1896)[0m
[07:39:34.471] [1;32muart:~$ [m^[[1[12D[J[00:00:21.406,000] [0m<dbg> net_pkt.net_pkt_unref_debug: (rx_q[0]): TDATA (tx_bufs) [78] frag 0x3c15d4bc ref 0 frags 0x3c15d4a0 (handle_na_neighbor():1896)[0m
[07:39:34.488] [1;32muart:~$ [m^[[1[12D[J[00:00:21.406,000] [0m<dbg> net_pkt.net_pkt_unref_debug: (rx_q[0]): TDATA (tx_bufs) [78] frag 0x3c15d4a0 ref 0 frags 0 (handle_na_neighbor():1896)[0m
[07:39:34.505] [1;32muart:~$ [m^[[1[12D[J[00:00:21.406,000] [0m<dbg> net_pkt.net_pkt_frag_unref_debug: (rx_q[0]): TDATA (tx_bufs) [78] frag 0x3c15d4bc ref 0 (net_pkt_unref_debug():612)[0m
[07:39:34.522] [1;32muart:~$ [m^[[1[12D[J[00:00:21.406,000] [0m<dbg> net_pkt.net_pkt_frag_unref_debug: (rx_q[0]): TDATA (tx_bufs) [79] frag 0x3c15d4a0 ref 0 (net_pkt_unref_debug():612)[0m
[07:39:34.538] [1;32muart:~$ [m^[[1[12D[J[00:00:21.406,000] [0m<dbg> net_pkt.net_pkt_unref_debug: (rx_q[0]): RX [38] pkt 0x3c173ca8 ref 0 frags 0x3c172850 (net_icmpv6_input():408)[0m
[07:39:34.555] [1;32muart:~$ [m^[[1[12D[J[00:00:21.406,000] [0m<dbg> net_pkt.net_pkt_unref_debug: (rx_q[0]): RDATA (rx_bufs) [158] frag 0x3c172850 ref 0 frags 0 (net_icmpv6_input():408)[0m
[07:39:34.571] [1;32muart:~$ [m^[[1[12D[J[00:00:21.406,000] [0m<dbg> net_pkt.net_pkt_frag_unref_debug: (rx_q[0]): RDATA (rx_bufs) [158] frag 0x3c172850 ref 0 (net_pkt_unref_debug():612)[0m
[07:39:34.588] [1;32muart:~$ [m^[[1[12D[J[00:00:21.406,000] [0m<dbg> net_pkt.net_pkt_print: (rx_q[0]): TX 16 RX 39 RDATA 159 TDATA 80[0m
[07:39:34.604] [1;32muart:~$ [m^[[1[12D[J[00:00:21.407,000] [0m<dbg> net_pkt.net_pkt_unref_debug: (llss_thread): RDATA (rx_bufs) [159] frag 0x3c17286c ref 0 frags 0 (zsock_recv_stream_immediate():1423)[0m
[07:39:34.621] [1;32muart:~$ [m^[[1[12D[J[00:00:21.407,000] [0m<dbg> net_pkt.net_pkt_frag_unref_debug: (llss_thread): RDATA (rx_bufs) [159] frag 0x3c17286c ref 0 (net_pkt_unref_debug():612)[0m
[07:39:34.637] [1;32muart:~$ [m^[[1[12D[J[1;32muart:~$ [m^[[1[12D[J[1;32muart:~$ [m^[[1[12D[J[00:00:22.219,000] [0m<dbg> net_pkt.pkt_alloc_with_buffer: (wifi): On iface 1 (0x3fc9ea10) size 60[0m
[07:39:36.264] [1;32muart:~$ [m^[[1[12D[J[00:00:22.219,000] [0m<dbg> net_pkt.net_pkt_alloc_buffer_with_reserve_debug: (wifi): Data allocation maximum size 60 (requested 60, reserve 0)[0m
[07:39:36.281] [1;32muart:~$ [m^[[1[12D[J[00:00:22.220,000] [0m<dbg> net_pkt.pkt_alloc_buffer: (wifi): RDATA (rx_bufs) [159] frag 0x3c17286c ref 1 (eth_esp32_rx():153)[0m
[07:39:36.298] [1;32muart:~$ [m^[[1[12D[J[00:00:22.220,000] [0m<dbg> net_pkt.net_pkt_write: (wifi): pkt 0x3c173cf0 data 0x3c26f2aa length 60[0m
[07:39:36.315] [1;32muart:~$ [m^[[1[12D[J[00:00:22.220,000] [0m<dbg> net_pkt.net_pkt_unref_debug: (rx_q[0]): RX [39] pkt 0x3c173cf0 ref 0 frags 0x3c17286c (processing_data():157)[0m
[07:39:36.331] [1;32muart:~$ [m^[[1[12D[J[00:00:22.220,000] [0m<dbg> net_pkt.net_pkt_unref_debug: (rx_q[0]): RDATA (rx_bufs) [159] frag 0x3c17286c ref 0 frags 0 (processing_data():157)[0m
[07:39:36.348] [1;32muart:~$ [m^[[1[12D[J[00:00:22.220,000] [0m<dbg> net_pkt.net_pkt_frag_unref_debug: (rx_q[0]): RDATA (rx_bufs) [159] frag 0x3c17286c ref 0 (net_pkt_unref_debug():612)[0m
[07:39:36.364] [1;32muart:~$ [m^[[1[12D[J[00:00:22.220,000] [0m<dbg> net_pkt.net_pkt_print: (rx_q[0]): TX 16 RX 40 RDATA 160 TDATA 80[0m
[07:39:36.381] [1;32muart:~$ [m^[[1[12D[J[1;32muart:~$ [m^[[1[12D[J[1;32muart:~$ [m^[[1[12D[J[00:00:23.241,000] [0m<dbg> net_pkt.pkt_alloc_with_buffer: (wifi): On iface 1 (0x3fc9ea10) size 60[0m
[07:39:37.286] [1;32muart:~$ [m^[[1[12D[J[00:00:23.241,000] [0m<dbg> net_pkt.net_pkt_alloc_buffer_with_reserve_debug: (wifi): Data allocation maximum size 60 (requested 60, reserve 0)[0m
[07:39:37.303] [1;32muart:~$ [m^[[1[12D[J[00:00:23.241,000] [0m<dbg> net_pkt.pkt_alloc_buffer: (wifi): RDATA (rx_bufs) [159] frag 0x3c17286c ref 1 (eth_esp32_rx():153)[0m
[07:39:37.320] [1;32muart:~$ [m^[[1[12D[J[00:00:23.241,000] [0m<dbg> net_pkt.net_pkt_write: (wifi): pkt 0x3c173cf0 data 0x3c26f2aa length 60[0m
[07:39:37.336] [1;32muart:~$ [m^[[1[12D[J[00:00:23.242,000] [0m<dbg> net_pkt.net_pkt_unref_debug: (rx_q[0]): RX [39] pkt 0x3c173cf0 ref 0 frags 0x3c17286c (processing_data():157)[0m
[07:39:37.353] [1;32muart:~$ [m^[[1[12D[J[00:00:23.242,000] [0m<dbg> net_pkt.net_pkt_unref_debug: (rx_q[0]): RDATA (rx_bufs) [159] frag 0x3c17286c ref 0 frags 0 (processing_data():157)[0m
[07:39:37.369] [1;32muart:~$ [m^[[1[12D[J[00:00:23.242,000] [0m<dbg> net_pkt.net_pkt_frag_unref_debug: (rx_q[0]): RDATA (rx_bufs) [159] frag 0x3c17286c ref 0 (net_pkt_unref_debug():612)[0m
[07:39:37.386] [1;32muart:~$ [m^[[1[12D[J[00:00:23.242,000] [0m<dbg> net_pkt.net_pkt_print: (rx_q[0]): TX 16 RX 40 RDATA 160 TDATA 80[0m
[07:39:37.402] [1;32muart:~$ [m^[[1[12D[J[1;32muart:~$ [m^[[1[12D[J[1;32muart:~$ [m^[[1[12D[J[1;31m[1;31m--- 3 messages dropped ---
[07:39:38.129] [0m[m[00:00:24.265,000] [0m<dbg> net_pkt.net_pkt_write: (wifi): pkt 0x3c173cf0 data 0x3c26f2aa length 60[0m
[07:39:38.130] [1;32muart:~$ [m^[[1[12D[J[00:00:24.266,000] [0m<dbg> net_pkt.net_pkt_unref_debug: (rx_q[0]): RX [39] pkt 0x3c173cf0 ref 0 frags 0x3c17286c (processing_data():157)[0m
[07:39:38.147] [1;32muart:~$ [m^[[1[12D[J[00:00:24.266,000] [0m<dbg> net_pkt.net_pkt_unref_debug: (rx_q[0]): RDATA (rx_bufs) [159] frag 0x3c17286c ref 0 frags 0 (processing_data():157)[0m
[07:39:38.164] [1;32muart:~$ [m^[[1[12D[J[00:00:24.266,000] [0m<dbg> net_pkt.net_pkt_frag_unref_debug: (rx_q[0]): RDATA (rx_bufs) [159] frag 0x3c17286c ref 0 (net_pkt_unref_debug():612)[0m
[07:39:38.180] [1;32muart:~$ [m^[[1[12D[J[00:00:24.266,000] [0m<dbg> net_pkt.net_pkt_print: (rx_q[0]): TX 16 RX 40 RDATA 160 TDATA 80[0m
[07:39:38.196] [1;32muart:~$ [m^[[1[12D[J[00:00:25.084,000] [0m<dbg> net_pkt.pkt_alloc_with_buffer: (wifi): On iface 1 (0x3fc9ea10) size 60[0m
[07:39:38.212] [1;32muart:~$ [m^[[1[12D[J[00:00:25.084,000] [0m<dbg> net_pkt.net_pkt_alloc_buffer_with_reserve_debug: (wifi): Data allocation maximum size 60 (requested 60, reserve 0)[0m
[07:39:38.229] [1;32muart:~$ [m^[[1[12D[J[00:00:25.084,000] [0m<dbg> net_pkt.pkt_alloc_buffer: (wifi): RDATA (rx_bufs) [159] frag 0x3c17286c ref 1 (eth_esp32_rx():153)[0m
[07:39:38.246] [1;32muart:~$ [m^[[1[12D[J[00:00:25.085,000] [0m<dbg> net_pkt.net_pkt_write: (wifi): pkt 0x3c173cf0 data 0x3c26f2aa length 60[0m
[07:39:38.262] [1;32muart:~$ [m^[[1[12D[J[00:00:25.085,000] [0m<dbg> net_pkt.net_pkt_unref_debug: (rx_q[0]): RX [39] pkt 0x3c173cf0 ref 0 frags 0x3c17286c (processing_data():157)[0m
[07:39:38.279] [1;32muart:~$ [m^[[1[12D[J[00:00:25.085,000] [0m<dbg> net_pkt.net_pkt_unref_debug: (rx_q[0]): RDATA (rx_bufs) [159] frag 0x3c17286c ref 0 frags 0 (processing_data():157)[0m
[07:39:38.295] [1;32muart:~$ [m^[[1[12D[J[00:00:25.085,000] [0m<dbg> net_pkt.net_pkt_frag_unref_debug: (rx_q[0]): RDATA (rx_bufs) [159] frag 0x3c17286c ref 0 (net_pkt_unref_debug():612)[0m
[07:39:38.312] [1;32muart:~$ [m^[[1[12D[J[00:00:25.085,000] [0m<dbg> net_pkt.net_pkt_print: (rx_q[0]): TX 16 RX 40 RDATA 160 TDATA 80[0m
[07:39:38.329] [1;32muart:~$ [m^[[1[12D[J[1;32muart:~$ [m^[[1[12D[J[1;32muart:~$ [m^[[1[12D[J[1;31m[1;31m--- 78 messages dropped ---
[07:39:39.465] [0m[m[00:00:26.412,000] [0m<dbg> net_pkt.net_pkt_ref_debug: (llss_thread): TX [14] pkt 0x3c172f28 ref 2 (tcp_send():424)[0m
[07:39:39.466] [1;32muart:~$ [m^[[1[12D[J[00:00:26.419,000] [0m<dbg> net_pkt.net_pkt_unref_debug: (rx_q[0]): TX [14] pkt 0x3c172f28 ref 0 frags 0x3c15d4f4 (tcp_send():472)[0m
[07:39:39.483] [1;32muart:~$ [m^[[1[12D[J[1;31m[1;31m--- 10 messages dropped ---
[07:39:39.499] [0m[m[00:00:26.419,000] [0m<dbg> net_pkt.net_pkt_unref_debug: (rx_q[0]): TDATA (tx_bufs) [76] frag 0x3c15d4f4 ref 0 frags 0x3c15d4d8 (tcp_send():472)[0m
[07:39:39.500] [1;32muart:~$ [m^[[1[12D[J[00:00:26.420,000] [0m<dbg> net_pkt.net_pkt_unref_debug: (rx_q[0]): TDATA (tx_bufs) [76] frag 0x3c15d4d8 ref 0 frags 0x3c15d4bc (tcp_send():472)[0m
[07:39:39.517] [1;32muart:~$ [m^[[1[12D[J[00:00:26.420,000] [0m<dbg> net_pkt.net_pkt_unref_debug: (rx_q[0]): TDATA (tx_bufs) [76] frag 0x3c15d4bc ref 0 frags 0 (tcp_send():472)[0m
[07:39:39.534] [1;32muart:~$ [m^[[1[12D[J[00:00:26.420,000] [0m<dbg> net_pkt.net_pkt_frag_unref_debug: (rx_q[0]): TDATA (tx_bufs) [76] frag 0x3c15d4f4 ref 0 (net_pkt_unref_debug():612)[0m
[07:39:39.551] [1;32muart:~$ [m^[[1[12D[J[00:00:26.420,000] [0m<dbg> net_pkt.net_pkt_frag_unref_debug: (rx_q[0]): TDATA (tx_bufs) [78] frag 0x3c15d4bc ref 0 (net_pkt_unref_debug():612)[0m
[07:39:39.568] [1;32muart:~$ [m^[[1[12D[J[00:00:26.429,000] [0m<dbg> net_pkt.net_pkt_skip: (rx_q[0]): pkt 0x3c173cf0 skip 8[0m
[07:39:39.584] [1;32muart:~$ [m^[[1[12D[J[00:00:26.429,000] [0m<dbg> net_pkt.net_pkt_skip: (rx_q[0]): pkt 0x3c173cf0 skip 32[0m
[07:39:39.600] [1;32muart:~$ [m^[[1[12D[J[00:00:26.429,000] [0m<dbg> net_pkt.net_pkt_write: (rx_q[0]): pkt 0x3c173cf0 data 0x3c16a796 length 20[0m
[07:39:39.617] [1;32muart:~$ [m^[[1[12D[J[00:00:26.429,000] [0m<dbg> net_pkt.net_pkt_skip: (rx_q[0]): pkt 0x3c173cf0 skip 20[0m
[07:39:39.633] [1;32muart:~$ [m^[[1[12D[J[00:00:26.429,000] [0m<dbg> net_pkt.net_pkt_skip: (rx_q[0]): pkt 0x3c173cf0 skip 40[0m
[07:39:39.649] [1;32muart:~$ [m^[[1[12D[J[00:00:26.429,000] [0m<dbg> net_pkt.net_pkt_skip: (rx_q[0]): pkt 0x3c173cf0 skip 40[0m
[07:39:39.665] [1;32muart:~$ [m^[[1[12D[J[00:00:26.429,000] [0m<dbg> net_pkt.net_pkt_skip: (rx_q[0]): pkt 0x3c173cf0 skip 40[0m
[07:39:39.681] [1;32muart:~$ [m^[[1[12D[J[00:00:26.429,000] [0m<dbg> net_pkt.net_pkt_skip: (rx_q[0]): pkt 0x3c173cf0 skip 40[0m
[07:39:39.697] [1;32muart:~$ [m^[[1[12D[J[00:00:26.429,000] [0m<dbg> net_pkt.net_pkt_skip: (rx_q[0]): pkt 0x3c173cf0 skip 40[0m
[07:39:39.713] [1;32muart:~$ [m^[[1[12D[J[00:00:26.429,000] [0m<dbg> net_pkt.net_pkt_unref_debug: (rx_q[0]): RX [39] pkt 0x3c173cf0 ref 0 frags 0x3c17286c (tcp_in():3635)[0m
[07:39:39.729] [1;32muart:~$ [m^[[1[12D[J[00:00:26.429,000] [0m<dbg> net_pkt.net_pkt_unref_debug: (rx_q[0]): RDATA (rx_bufs) [159] frag 0x3c17286c ref 0 frags 0 (tcp_in():3635)[0m
[07:39:39.746] [1;32muart:~$ [m^[[1[12D[J[00:00:26.429,000] [0m<dbg> net_pkt.net_pkt_frag_unref_debug: (rx_q[0]): RDATA (rx_bufs) [159] frag 0x3c17286c ref 0 (net_pkt_unref_debug():612)[0m
[07:39:39.763] [1;32muart:~$ [m^[[1[12D[J[00:00:26.430,000] [0m<dbg> net_pkt.net_pkt_print: (rx_q[0]): TX 16 RX 40 RDATA 160 TDATA 80[0m
[07:39:39.780] [1;32muart:~$ [m^[[1[12D[J[1;32muart:~$ [m^[[1[12D[J[1;32muart:~$ [m^[[1[12D[J[00:00:27.133,000] [0m<dbg> net_pkt.pkt_alloc_with_buffer: (wifi): On iface 1 (0x3fc9ea10) size 60[0m
[07:39:41.178] [1;32muart:~$ [m^[[1[12D[J[00:00:27.133,000] [0m<dbg> net_pkt.net_pkt_alloc_buffer_with_reserve_debug: (wifi): Data allocation maximum size 60 (requested 60, reserve 0)[0m
[07:39:41.195] [1;32muart:~$ [m^[[1[12D[J[1;31m[1;31m--- 40 messages dropped ---
[07:39:41.213] [0m[m[00:00:27.133,000] [0m<dbg> net_pkt.pkt_alloc_buffer: (wifi): RDATA (rx_bufs) [159] frag 0x3c17286c ref 1 (eth_esp32_rx():153)[0m
[07:39:41.214] [1;32muart:~$ [m^[[1[12D[J[00:00:27.133,000] [0m<dbg> net_pkt.net_pkt_write: (wifi): pkt 0x3c173cf0 data 0x3c26f2aa length 60[0m
[07:39:41.231] [1;32muart:~$ [m^[[1[12D[J[00:00:27.134,000] [0m<dbg> net_pkt.net_pkt_unref_debug: (rx_q[0]): RX [39] pkt 0x3c173cf0 ref 0 frags 0x3c17286c (processing_data():157)[0m
[07:39:41.247] [1;32muart:~$ [m^[[1[12D[J[00:00:27.134,000] [0m<dbg> net_pkt.net_pkt_unref_debug: (rx_q[0]): RDATA (rx_bufs) [159] frag 0x3c17286c ref 0 frags 0 (processing_data():157)[0m
[07:39:41.264] [1;32muart:~$ [m^[[1[12D[J[00:00:27.134,000] [0m<dbg> net_pkt.net_pkt_frag_unref_debug: (rx_q[0]): RDATA (rx_bufs) [159] frag 0x3c17286c ref 0 (net_pkt_unref_debug():612)[0m
[07:39:41.281] [1;32muart:~$ [m^[[1[12D[J[00:00:27.134,000] [0m<dbg> net_pkt.net_pkt_print: (rx_q[0]): TX 16 RX 40 RDATA 160 TDATA 80[0m
[07:39:41.298] [1;32muart:~$ [m^[[1[12D[J[00:00:28.165,000] [0m<dbg> net_pkt.net_pkt_read: (rx_q[0]): pkt 0x3c172ee0 data 0x3fcc36ae length 74[0m
[07:39:41.314] [1;32muart:~$ [m^[[1[12D[J[00:00:28.165,000] [0m<dbg> net_pkt.net_pkt_unref_debug: (rx_q[0]): TX [15] pkt 0x3c172ee0 ref 1 frags 0x3c15d4bc (ethernet_send():800)[0m
[07:39:41.330] [1;32muart:~$ [m^[[1[12D[J[00:00:28.165,000] [0m<dbg> net_pkt.net_pkt_unref_debug: (rx_q[0]): TX [15] pkt 0x3c172ee0 ref 0 frags 0x3c15d4bc (tcp_send():472)[0m
[07:39:41.347] [1;32muart:~$ [m^[[1[12D[J[00:00:28.165,000] [0m<dbg> net_pkt.net_pkt_unref_debug: (rx_q[0]): TDATA (tx_bufs) [78] frag 0x3c15d4bc ref 0 frags 0x3c15d4a0 (tcp_send():472)[0m
[07:39:41.364] [1;32muart:~$ [m^[[1[12D[J[00:00:28.165,000] [0m<dbg> net_pkt.net_pkt_unref_debug: (rx_q[0]): TDATA (tx_bufs) [78] frag 0x3c15d4a0 ref 0 frags 0 (tcp_send():472)[0m
[07:39:41.380] [1;32muart:~$ [m^[[1[12D[J[00:00:28.165,000] [0m<dbg> net_pkt.net_pkt_frag_unref_debug: (rx_q[0]): TDATA (tx_bufs) [78] frag 0x3c15d4bc ref 0 (net_pkt_unref_debug():612)[0m
[07:39:41.397] [1;32muart:~$ [m^[[1[12D[J[00:00:28.165,000] [0m<dbg> net_pkt.net_pkt_frag_unref_debug: (rx_q[0]): TDATA (tx_bufs) [79] frag 0x3c15d4a0 ref 0 (net_pkt_unref_debug():612)[0m
[07:39:41.413] [1;32muart:~$ [m^[[1[12D[J[00:00:28.166,000] [0m<dbg> net_pkt.net_pkt_print: (rx_q[0]): TX 16 RX 39 RDATA 159 TDATA 80[0m
[07:39:41.430] [1;32muart:~$ [m^[[1[12D[J[00:00:28.167,000] [0m<dbg> net_pkt.net_pkt_read: (llss_thread): pkt 0x3c173cf0 data 0x3c246e00 length 5[0m
[07:39:41.446] [1;32muart:~$ [m^[[1[12D[J[00:00:28.167,000] [0m<dbg> net_pkt.net_pkt_read: (llss_thread): pkt 0x3c173cf0 data 0x3c246e05 length 233[0m
[07:39:41.462] [1;32muart:~$ [m^[[1[12D[J[00:00:28.168,000] [0m<dbg> net_pkt.net_pkt_unref_debug: (llss_thread): RX [39] pkt 0x3c173cf0 ref 0 frags 0x3c17286c (zsock_recv_stream_immediate():1423)[0m
[07:39:41.479] [1;32muart:~$ [m^[[1[12D[J[00:00:28.168,000] [0m<dbg> net_pkt.net_pkt_unref_debug: (llss_thread): RDATA (rx_bufs) [159] frag 0x3c17286c ref 0 frags 0 (zsock_recv_stream_immediate():1423)[0m
[07:39:41.496] [1;32muart:~$ [m^[[1[12D[J[00:00:28.168,000] [0m<dbg> net_pkt.net_pkt_frag_unref_debug: (llss_thread): RDATA (rx_bufs) [159] frag 0x3c17286c ref 0 (net_pkt_unref_debug():612)[0m
[07:39:41.513] [1;32muart:~$ [m^[[1[12D[J[1;32muart:~$ [m^[[1[12D[J[1;32muart:~$ [m^[[1[12D[J[00:00:29.185,000] [0m<dbg> net_pkt.pkt_alloc_with_buffer: (wifi): On iface 1 (0x3fc9ea10) size 60[0m
[07:39:43.229] [1;32muart:~$ [m^[[1[12D[J[00:00:29.185,000] [0m<dbg> net_pkt.net_pkt_alloc_buffer_with_reserve_debug: (wifi): Data allocation maximum size 60 (requested 60, reserve 0)[0m
[07:39:43.249] [1;32muart:~$ [m^[[1[12D[J[00:00:29.185,000] [0m<dbg> net_pkt.pkt_alloc_buffer: (wifi): RDATA (rx_bufs) [159] frag 0x3c17286c ref 1 (eth_esp32_rx():153)[0m
[07:39:43.266] [1;32muart:~$ [m^[[1[12D[J[00:00:29.185,000] [0m<dbg> net_pkt.net_pkt_write: (wifi): pkt 0x3c173cf0 data 0x3c26f2aa length 60[0m
[07:39:43.282] [1;32muart:~$ [m^[[1[12D[J[00:00:29.186,000] [0m<dbg> net_pkt.net_pkt_unref_debug: (rx_q[0]): RX [39] pkt 0x3c173cf0 ref 0 frags 0x3c17286c (processing_data():157)[0m
[07:39:43.299] [1;32muart:~$ [m^[[1[12D[J[00:00:29.186,000] [0m<dbg> net_pkt.net_pkt_unref_debug: (rx_q[0]): RDATA (rx_bufs) [159] frag 0x3c17286c ref 0 frags 0 (processing_data():157)[0m
[07:39:43.315] [1;32muart:~$ [m^[[1[12D[J[00:00:29.186,000] [0m<dbg> net_pkt.net_pkt_frag_unref_debug: (rx_q[0]): RDATA (rx_bufs) [159] frag 0x3c17286c ref 0 (net_pkt_unref_debug():612)[0m
[07:39:43.332] [1;32muart:~$ [m^[[1[12D[J[00:00:29.186,000] [0m<dbg> net_pkt.net_pkt_print: (rx_q[0]): TX 16 RX 40 RDATA 160 TDATA 80[0m
[07:39:43.348] [1;32muart:~$ [m^[[1[12D[JNETMEM up=30s pktRX=40/40 pktTX=16/16 bufRX=160/160/m102 bufTX=80/80/m4 int_free=0 int_min=0 psram_free=0 psram_min=0
[07:39:43.364] [1;32muart:~$ [m^[[1[12D[J[00:00:30.205,000] [0m<dbg> net_pkt.pkt_alloc_with_buffer: (wifi): On iface 1 (0x3fc9ea10) size 60[0m
[07:39:43.380] [1;32muart:~$ [m^[[1[12D[J[00:00:30.205,000] [0m<dbg> net_pkt.net_pkt_alloc_buffer_with_reserve_debug: (wifi): Data allocation maximum size 60 (requested 60, reserve 0)[0m
[07:39:43.397] [1;32muart:~$ [m^[[1[12D[J[00:00:30.205,000] [0m<dbg> net_pkt.pkt_alloc_buffer: (wifi): RDATA (rx_bufs) [159] frag 0x3c17286c ref 1 (eth_esp32_rx():153)[0m
[07:39:43.414] [1;32muart:~$ [m^[[1[12D[J[00:00:30.205,000] [0m<dbg> net_pkt.net_pkt_write: (wifi): pkt 0x3c173cf0 data 0x3c26f2aa length 60[0m
[07:39:43.430] [1;32muart:~$ [m^[[1[12D[J[00:00:30.205,000] [0m<dbg> net_pkt.net_pkt_unref_debug: (rx_q[0]): RX [39] pkt 0x3c173cf0 ref 0 frags 0x3c17286c (processing_data():157)[0m
[07:39:43.447] [1;32muart:~$ [m^[[1[12D[J[00:00:30.205,000] [0m<dbg> net_pkt.net_pkt_unref_debug: (rx_q[0]): RDATA (rx_bufs) [159] frag 0x3c17286c ref 0 frags 0 (processing_data():157)[0m
[07:39:43.463] [1;32muart:~$ [m^[[1[12D[J[00:00:30.205,000] [0m<dbg> net_pkt.net_pkt_frag_unref_debug: (rx_q[0]): RDATA (rx_bufs) [159] frag 0x3c17286c ref 0 (net_pkt_unref_debug():612)[0m
[07:39:43.480] [1;32muart:~$ [m^[[1[12D[J[00:00:30.205,000] [0m<dbg> net_pkt.net_pkt_print: (rx_q[0]): TX 16 RX 40 RDATA 160 TDATA 80[0m
[07:39:43.496] [1;32muart:~$ [m^[[1[12D[J[1;32muart:~$ [m^[[1[12D[J[1;32muart:~$ [m^[[1[12D[J[00:00:31.023,000] [0m<dbg> net_pkt.pkt_alloc_with_buffer: (wifi): On iface 1 (0x3fc9ea10) size 60[0m
[07:39:45.068] [1;32muart:~$ [m^[[1[12D[J[00:00:31.024,000] [0m<dbg> net_pkt.net_pkt_alloc_buffer_with_reserve_debug: (wifi): Data allocation maximum size 60 (requested 60, reserve 0)[0m
[07:39:45.085] [1;32muart:~$ [m^[[1[12D[J[00:00:31.024,000] [0m<dbg> net_pkt.pkt_alloc_buffer: (wifi): RDATA (rx_bufs) [159] frag 0x3c17286c ref 1 (eth_esp32_rx():153)[0m
[07:39:45.102] [1;32muart:~$ [m^[[1[12D[J[00:00:31.024,000] [0m<dbg> net_pkt.net_pkt_write: (wifi): pkt 0x3c173cf0 data 0x3c26f2aa length 60[0m
[07:39:45.118] [1;32muart:~$ [m^[[1[12D[J[00:00:31.024,000] [0m<dbg> net_pkt.net_pkt_unref_debug: (rx_q[0]): RX [39] pkt 0x3c173cf0 ref 0 frags 0x3c17286c (processing_data():157)[0m
[07:39:45.135] [1;32muart:~$ [m^[[1[12D[J[00:00:31.024,000] [0m<dbg> net_pkt.net_pkt_unref_debug: (rx_q[0]): RDATA (rx_bufs) [159] frag 0x3c17286c ref 0 frags 0 (processing_data():157)[0m
[07:39:45.151] [1;32muart:~$ [m^[[1[12D[J[00:00:31.024,000] [0m<dbg> net_pkt.net_pkt_frag_unref_debug: (rx_q[0]): RDATA (rx_bufs) [159] frag 0x3c17286c ref 0 (net_pkt_unref_debug():612)[0m
[07:39:45.168] [1;32muart:~$ [m^[[1[12D[J[00:00:31.024,000] [0m<dbg> net_pkt.net_pkt_print: (rx_q[0]): TX 16 RX 40 RDATA 160 TDATA 80[0m
[07:39:45.184] [1;32muart:~$ [m^[[1[12D[J[1;32muart:~$ [m^[[1[12D[J[1;32muart:~$ [m^[[1[12D[J[1;31m[1;31m--- 3 messages dropped ---
[07:39:46.121] [0m[m[00:00:32.254,000] [0m<dbg> net_pkt.net_pkt_write: (wifi): pkt 0x3c173cf0 data 0x3c26f2aa length 60[0m
[07:39:46.122] [1;32muart:~$ [m^[[1[12D[J[00:00:32.254,000] [0m<dbg> net_pkt.net_pkt_unref_debug: (rx_q[0]): RX [39] pkt 0x3c173cf0 ref 0 frags 0x3c17286c (processing_data():157)[0m
[07:39:46.139] [1;32muart:~$ [m^[[1[12D[J[00:00:32.255,000] [0m<dbg> net_pkt.net_pkt_unref_debug: (rx_q[0]): RDATA (rx_bufs) [159] frag 0x3c17286c ref 0 frags 0 (processing_data():157)[0m
[07:39:46.156] [1;32muart:~$ [m^[[1[12D[J[00:00:32.255,000] [0m<dbg> net_pkt.net_pkt_frag_unref_debug: (rx_q[0]): RDATA (rx_bufs) [159] frag 0x3c17286c ref 0 (net_pkt_unref_debug():612)[0m
[07:39:46.172] [1;32muart:~$ [m^[[1[12D[J[00:00:32.255,000] [0m<dbg> net_pkt.net_pkt_print: (rx_q[0]): TX 16 RX 40 RDATA 160 TDATA 80[0m
[07:39:46.188] [1;32muart:~$ [m^[[1[12D[J[00:00:33.076,000] [0m<dbg> net_pkt.pkt_alloc_with_buffer: (wifi): On iface 1 (0x3fc9ea10) size 60[0m
[07:39:46.204] [1;32muart:~$ [m^[[1[12D[J[00:00:33.076,000] [0m<dbg> net_pkt.net_pkt_alloc_buffer_with_reserve_debug: (wifi): Data allocation maximum size 60 (requested 60, reserve 0)[0m
[07:39:46.228] [1;32muart:~$ [m^[[1[12D[J[1;31m[1;31m--- 88 messages dropped ---
[07:39:46.244] [0m[m[00:00:33.077,000] [0m<dbg> net_pkt.pkt_alloc_buffer: (wifi): RDATA (rx_bufs) [159] frag 0x3c17286c ref 1 (eth_esp32_rx():153)[0m
[07:39:46.245] [1;32muart:~$ [m^[[1[12D[J[00:00:33.077,000] [0m<dbg> net_pkt.net_pkt_write: (wifi): pkt 0x3c173cf0 data 0x3c26f2aa length 60[0m
[07:39:46.262] [1;32muart:~$ [m^[[1[12D[J[00:00:33.077,000] [0m<dbg> net_pkt.net_pkt_unref_debug: (rx_q[0]): RX [39] pkt 0x3c173cf0 ref 0 frags 0x3c17286c (processing_data():157)[0m
[07:39:46.279] [1;32muart:~$ [m^[[1[12D[J[00:00:33.077,000] [0m<dbg> net_pkt.net_pkt_unref_debug: (rx_q[0]): RDATA (rx_bufs) [159] frag 0x3c17286c ref 0 frags 0 (processing_data():157)[0m
[07:39:46.296] [1;32muart:~$ [m^[[1[12D[J[00:00:33.077,000] [0m<dbg> net_pkt.net_pkt_frag_unref_debug: (rx_q[0]): RDATA (rx_bufs) [159] frag 0x3c17286c ref 0 (net_pkt_unref_debug():612)[0m
[07:39:46.313] [1;32muart:~$ [m^[[1[12D[J[00:00:33.077,000] [0m<dbg> net_pkt.net_pkt_print: (rx_q[0]): TX 16 RX 40 RDATA 160 TDATA 80[0m
[07:39:46.329] [1;32muart:~$ [m^[[1[12D[J[00:00:33.183,000] [0m<dbg> net_pkt.net_pkt_write: (wifi): pkt 0x3c173cf0 data 0x3c26f2ac length 74[0m
[07:39:46.346] [1;32muart:~$ [m^[[1[12D[J[00:00:33.183,000] [0m<dbg> net_pkt.net_pkt_skip: (rx_q[0]): pkt 0x3c173cf0 skip 40[0m
[07:39:46.362] [1;32muart:~$ [m^[[1[12D[J[00:00:33.183,000] [0m<dbg> net_pkt.net_pkt_skip: (rx_q[0]): pkt 0x3c173cf0 skip 8[0m
[07:39:46.378] [1;32muart:~$ [m^[[1[12D[J[00:00:33.183,000] [0m<dbg> net_pkt.net_pkt_skip: (rx_q[0]): pkt 0x3c173cf0 skip 32[0m
[07:39:46.394] [1;32muart:~$ [m^[[1[12D[J[00:00:33.183,000] [0m<dbg> net_pkt.net_pkt_write: (rx_q[0]): pkt 0x3c173cf0 data 0x3c16a796 length 20[0m
[07:39:46.410] [1;32muart:~$ [m^[[1[12D[J[00:00:33.183,000] [0m<dbg> net_pkt.net_pkt_skip: (rx_q[0]): pkt 0x3c173cf0 skip 20[0m
[07:39:46.427] [1;32muart:~$ [m^[[1[12D[J[00:00:33.184,000] [0m<dbg> net_pkt.net_pkt_skip: (rx_q[0]): pkt 0x3c173cf0 skip 40[0m
[07:39:46.443] [1;32muart:~$ [m^[[1[12D[J[00:00:33.184,000] [0m<dbg> net_pkt.net_pkt_skip: (rx_q[0]): pkt 0x3c173cf0 skip 40[0m
[07:39:46.459] [1;32muart:~$ [m^[[1[12D[J[00:00:33.184,000] [0m<dbg> net_pkt.net_pkt_skip: (rx_q[0]): pkt 0x3c173cf0 skip 40[0m
[07:39:46.475] [1;32muart:~$ [m^[[1[12D[J[00:00:33.184,000] [0m<dbg> net_pkt.net_pkt_skip: (rx_q[0]): pkt 0x3c173cf0 skip 40[0m
[07:39:46.491] [1;32muart:~$ [m^[[1[12D[J[00:00:33.184,000] [0m<dbg> net_pkt.net_pkt_skip: (rx_q[0]): pkt 0x3c173cf0 skip 40[0m
[07:39:46.507] [1;32muart:~$ [m^[[1[12D[J[00:00:33.184,000] [0m<dbg> net_pkt.net_pkt_unref_debug: (rx_q[0]): RDATA (rx_bufs) [159] frag 0x3c17286c ref 0 frags 0 (tcp_in():3635)[0m
[07:39:46.525] [1;32muart:~$ [m^[[1[12D[J[00:00:33.184,000] [0m<dbg> net_pkt.net_pkt_frag_unref_debug: (rx_q[0]): RDATA (rx_bufs) [159] frag 0x3c17286c ref 0 (net_pkt_unref_debug():612)[0m
[07:39:46.541] [1;32muart:~$ [m^[[1[12D[J[00:00:33.184,000] [0m<dbg> net_pkt.net_pkt_print: (rx_q[0]): TX 16 RX 40 RDATA 160 TDATA 80[0m
[07:39:46.557] [1;32muart:~$ [m^[[1[12D[J[1;32muart:~$ [m^[[1[12D[J[1;32muart:~$ [m^[[1[12D[J[1;31m[1;31m--- 40 messages dropped ---
[07:39:47.970] [0m[m[00:00:34.922,000] [0m<dbg> net_pkt.net_pkt_read: (rx_q[0]): pkt 0x3c172ee0 data 0x3fcc36ae length 74[0m
[07:39:47.971] [1;32muart:~$ [m^[[1[12D[J[00:00:34.922,000] [0m<dbg> net_pkt.net_pkt_unref_debug: (rx_q[0]): TX [15] pkt 0x3c172ee0 ref 1 frags 0x3c15d4bc (ethernet_send():800)[0m
[07:39:47.988] [1;32muart:~$ [m^[[1[12D[J[00:00:34.922,000] [0m<dbg> net_pkt.net_pkt_unref_debug: (rx_q[0]): TX [15] pkt 0x3c172ee0 ref 0 frags 0x3c15d4bc (tcp_send():472)[0m
[07:39:48.004] [1;32muart:~$ [m^[[1[12D[J[00:00:34.922,000] [0m<dbg> net_pkt.net_pkt_unref_debug: (rx_q[0]): TDATA (tx_bufs) [78] frag 0x3c15d4bc ref 0 frags 0x3c15d4a0 (tcp_send():472)[0m
[07:39:48.022] [1;32muart:~$ [m^[[1[12D[J[00:00:34.922,000] [0m<dbg> net_pkt.net_pkt_unref_debug: (rx_q[0]): TDATA (tx_bufs) [78] frag 0x3c15d4a0 ref 0 frags 0 (tcp_send():472)[0m
[07:39:48.039] [1;32muart:~$ [m^[[1[12D[J[00:00:34.922,000] [0m<dbg> net_pkt.net_pkt_frag_unref_debug: (rx_q[0]): TDATA (tx_bufs) [78] frag 0x3c15d4bc ref 0 (net_pkt_unref_debug():612)[0m
[07:39:48.056] [1;32muart:~$ [m^[[1[12D[J[00:00:34.922,000] [0m<dbg> net_pkt.net_pkt_frag_unref_debug: (rx_q[0]): TDATA (tx_bufs) [79] frag 0x3c15d4a0 ref 0 (net_pkt_unref_debug():612)[0m
[07:39:48.073] [1;32muart:~$ [m^[[1[12D[J[00:00:34.922,000] [0m<dbg> net_pkt.net_pkt_print: (rx_q[0]): TX 16 RX 39 RDATA 159 TDATA 80[0m
[07:39:48.090] [1;32muart:~$ [m^[[1[12D[J[00:00:34.924,000] [0m<dbg> net_pkt.net_pkt_read: (llss_thread): pkt 0x3c173cf0 data 0x3c246e00 length 5[0m
[07:39:48.106] [1;32muart:~$ [m^[[1[12D[J[00:00:34.924,000] [0m<dbg> net_pkt.net_pkt_read: (llss_thread): pkt 0x3c173cf0 data 0x3c246e05 length 233[0m
[07:39:48.123] [1;32muart:~$ [m^[[1[12D[J[00:00:34.924,000] [0m<dbg> net_pkt.net_pkt_unref_debug: (llss_thread): RX [39] pkt 0x3c173cf0 ref 0 frags 0x3c17286c (zsock_recv_stream_immediate():1423)[0m
[07:39:48.139] [1;32muart:~$ [m^[[1[12D[J[00:00:34.924,000] [0m<dbg> net_pkt.net_pkt_unref_debug: (llss_thread): RDATA (rx_bufs) [159] frag 0x3c17286c ref 0 frags 0 (zsock_recv_stream_immediate():1423)[0m
[07:39:48.156] [1;32muart:~$ [m^[[1[12D[J[00:00:34.924,000] [0m<dbg> net_pkt.net_pkt_frag_unref_debug: (llss_thread): RDATA (rx_bufs) [159] frag 0x3c17286c ref 0 (net_pkt_unref_debug():612)[0m
[07:39:48.173] [1;32muart:~$ [m^[[1[12D[J[1;32muart:~$ [m^[[1[12D[J[1;32muart:~$ [m^[[1[12D[J[00:00:35.127,000] [0m<dbg> net_pkt.pkt_alloc_with_buffer: (wifi): On iface 1 (0x3fc9ea10) size 60[0m
[07:39:49.171] [1;32muart:~$ [m^[[1[12D[J[00:00:35.127,000] [0m<dbg> net_pkt.net_pkt_alloc_buffer_with_reserve_debug: (wifi): Data allocation maximum size 60 (requested 60, reserve 0)[0m
[07:39:49.188] [1;32muart:~$ [m^[[1[12D[J[00:00:35.127,000] [0m<dbg> net_pkt.pkt_alloc_buffer: (wifi): RDATA (rx_bufs) [159] frag 0x3c17286c ref 1 (eth_esp32_rx():153)[0m
[07:39:49.205] [1;32muart:~$ [m^[[1[12D[J[00:00:35.127,000] [0m<dbg> net_pkt.net_pkt_write: (wifi): pkt 0x3c173cf0 data 0x3c26f2aa length 60[0m
[07:39:49.221] [1;32muart:~$ [m^[[1[12D[J[00:00:35.127,000] [0m<dbg> net_pkt.net_pkt_unref_debug: (rx_q[0]): RX [39] pkt 0x3c173cf0 ref 0 frags 0x3c17286c (processing_data():157)[0m
[07:39:49.238] [1;32muart:~$ [m^[[1[12D[J[00:00:35.127,000] [0m<dbg> net_pkt.net_pkt_unref_debug: (rx_q[0]): RDATA (rx_bufs) [159] frag 0x3c17286c ref 0 frags 0 (processing_data():157)[0m
[07:39:49.255] [1;32muart:~$ [m^[[1[12D[J[00:00:35.127,000] [0m<dbg> net_pkt.net_pkt_frag_unref_debug: (rx_q[0]): RDATA (rx_bufs) [159] frag 0x3c17286c ref 0 (net_pkt_unref_debug():612)[0m
[07:39:49.271] [1;32muart:~$ [m^[[1[12D[J[00:00:35.127,000] [0m<dbg> net_pkt.net_pkt_print: (rx_q[0]): TX 16 RX 40 RDATA 160 TDATA 80[0m
[07:39:49.287] [1;32muart:~$ [m^[[1[12D[J[1;32muart:~$ [m^[[1[12D[J[1;32muart:~$ [m^[[1[12D[J[00:00:36.148,000] [0m<dbg> net_pkt.pkt_alloc_with_buffer: (wifi): On iface 1 (0x3fc9ea10) size 60[0m
[07:39:50.193] [1;32muart:~$ [m^[[1[12D[J[00:00:36.149,000] [0m<dbg> net_pkt.net_pkt_alloc_buffer_with_reserve_debug: (wifi): Data allocation maximum size 60 (requested 60, reserve 0)[0m
[07:39:50.212] [1;32muart:~$ [m^[[1[12D[J[00:00:36.149,000] [0m<dbg> net_pkt.pkt_alloc_buffer: (wifi): RDATA (rx_bufs) [159] frag 0x3c17286c ref 1 (eth_esp32_rx():153)[0m
[07:39:50.229] [1;32muart:~$ [m^[[1[12D[J[00:00:36.149,000] [0m<dbg> net_pkt.net_pkt_write: (wifi): pkt 0x3c173cf0 data 0x3c26f2aa length 60[0m
[07:39:50.245] [1;32muart:~$ [m^[[1[12D[J[00:00:36.149,000] [0m<dbg> net_pkt.net_pkt_unref_debug: (rx_q[0]): RX [39] pkt 0x3c173cf0 ref 0 frags 0x3c17286c (processing_data():157)[0m
[07:39:50.262] [1;32muart:~$ [m^[[1[12D[J[00:00:36.149,000] [0m<dbg> net_pkt.net_pkt_unref_debug: (rx_q[0]): RDATA (rx_bufs) [159] frag 0x3c17286c ref 0 frags 0 (processing_data():157)[0m
[07:39:50.278] [1;32muart:~$ [m^[[1[12D[J[00:00:36.149,000] [0m<dbg> net_pkt.net_pkt_frag_unref_debug: (rx_q[0]): RDATA (rx_bufs) [159] frag 0x3c17286c ref 0 (net_pkt_unref_debug():612)[0m
[07:39:50.295] [1;32muart:~$ [m^[[1[12D[J[00:00:36.149,000] [0m<dbg> net_pkt.net_pkt_print: (rx_q[0]): TX 16 RX 40 RDATA 160 TDATA 80[0m
[07:39:50.311] [1;32muart:~$ [m^[[1[12D[J[1;32muart:~$ [m^[[1[12D[J[1;32muart:~$ [m^[[1[12D[J[00:00:37.168,000] [0m<dbg> net_pkt.pkt_alloc_with_buffer: (wifi): On iface 1 (0x3fc9ea10) size 60[0m
[07:39:51.212] [1;32muart:~$ [m^[[1[12D[J[00:00:37.168,000] [0m<dbg> net_pkt.net_pkt_alloc_buffer_with_reserve_debug: (wifi): Data allocation maximum size 60 (requested 60, reserve 0)[0m
[07:39:51.229] [1;32muart:~$ [m^[[1[12D[J[00:00:37.168,000] [0m<dbg> net_pkt.pkt_alloc_buffer: (wifi): RDATA (rx_bufs) [159] frag 0x3c17286c ref 1 (eth_esp32_rx():153)[0m
[07:39:51.246] [1;32muart:~$ [m^[[1[12D[J[00:00:37.168,000] [0m<dbg> net_pkt.net_pkt_write: (wifi): pkt 0x3c173cf0 data 0x3c26f2aa length 60[0m
[07:39:51.262] [1;32muart:~$ [m^[[1[12D[J[00:00:37.168,000] [0m<dbg> net_pkt.net_pkt_unref_debug: (rx_q[0]): RX [39] pkt 0x3c173cf0 ref 0 frags 0x3c17286c (processing_data():157)[0m
[07:39:51.279] [1;32muart:~$ [m^[[1[12D[J[00:00:37.168,000] [0m<dbg> net_pkt.net_pkt_unref_debug: (rx_q[0]): RDATA (rx_bufs) [159] frag 0x3c17286c ref 0 frags 0 (processing_data():157)[0m
[07:39:51.295] [1;32muart:~$ [m^[[1[12D[J[00:00:37.168,000] [0m<dbg> net_pkt.net_pkt_frag_unref_debug: (rx_q[0]): RDATA (rx_bufs) [159] frag 0x3c17286c ref 0 (net_pkt_unref_debug():612)[0m
[07:39:51.312] [1;32muart:~$ [m^[[1[12D[J[00:00:37.168,000] [0m<dbg> net_pkt.net_pkt_print: (rx_q[0]): TX 16 RX 40 RDATA 160 TDATA 80[0m
[07:39:51.328] [1;32muart:~$ [m^[[1[12D[J[1;32muart:~$ [m^[[1[12D[J[1;32muart:~$ [m^[[1[12D[J[00:00:38.192,000] [0m<dbg> net_pkt.pkt_alloc_with_buffer: (wifi): On iface 1 (0x3fc9ea10) size 60[0m
[07:39:52.236] [1;32muart:~$ [m^[[1[12D[J[00:00:38.192,000] [0m<dbg> net_pkt.net_pkt_alloc_buffer_with_reserve_debug: (wifi): Data allocation maximum size 60 (requested 60, reserve 0)[0m
[07:39:52.253] [1;32muart:~$ [m^[[1[12D[J[00:00:38.192,000] [0m<dbg> net_pkt.pkt_alloc_buffer: (wifi): RDATA (rx_bufs) [159] frag 0x3c17286c ref 1 (eth_esp32_rx():153)[0m
[07:39:52.270] [1;32muart:~$ [m^[[1[12D[J[00:00:38.192,000] [0m<dbg> net_pkt.net_pkt_write: (wifi): pkt 0x3c173cf0 data 0x3c26f2aa length 60[0m
[07:39:52.286] [1;32muart:~$ [m^[[1[12D[J[00:00:38.192,000] [0m<dbg> net_pkt.net_pkt_unref_debug: (rx_q[0]): RX [39] pkt 0x3c173cf0 ref 0 frags 0x3c17286c (processing_data():157)[0m
[07:39:52.303] [1;32muart:~$ [m^[[1[12D[J[00:00:38.192,000] [0m<dbg> net_pkt.net_pkt_unref_debug: (rx_q[0]): RDATA (rx_bufs) [159] frag 0x3c17286c ref 0 frags 0 (processing_data():157)[0m
[07:39:52.320] [1;32muart:~$ [m^[[1[12D[J[00:00:38.192,000] [0m<dbg> net_pkt.net_pkt_frag_unref_debug: (rx_q[0]): RDATA (rx_bufs) [159] frag 0x3c17286c ref 0 (net_pkt_unref_debug():612)[0m
[07:39:52.337] [1;32muart:~$ [m^[[1[12D[J[00:00:38.192,000] [0m<dbg> net_pkt.net_pkt_print: (rx_q[0]): TX 16 RX 40 RDATA 160 TDATA 80[0m
[07:39:52.353] [1;32muart:~$ [m^[[1[12D[J[1;32muart:~$ [m^[[1[12D[J[1;32muart:~$ [m^[[1[12D[J[1;31m[1;31m--- 80 messages dropped ---
[07:39:52.983] [0m[m[00:00:39.936,000] [0m<dbg> net_pkt.net_pkt_get_reserve_data_debug: (llss_thread): TDATA (tx_bufs) [76] frag 0x3c15d4f4 ref 1 (ethernet_fill_header():610)[0m
[07:39:52.987] [1;32muart:~$ [m^[[1[12D[J[1;31m[1;31m--- 10 messages dropped ---
[07:39:53.003] [0m[m[00:00:39.936,000] [0m<dbg> net_pkt.net_pkt_frag_insert_debug: (llss_thread): pkt 0x3c172f28 frag 0x3c15d4f4 (ethernet_fill_header:669)[0m
[07:39:53.004] [1;32muart:~$ [m^[[1[12D[J[00:00:39.936,000] [0m<dbg> net_pkt.net_pkt_read: (llss_thread): pkt 0x3c172f28 data 0x3fcc36ae length 236[0m
[07:39:53.020] [1;32muart:~$ [m^[[1[12D[J[00:00:39.937,000] [0m<dbg> net_pkt.net_pkt_unref_debug: (llss_thread): TX [14] pkt 0x3c172f28 ref 1 frags 0x3c15d4f4 (ethernet_send():800)[0m
[07:39:53.037] [1;32muart:~$ [m^[[1[12D[J[00:00:39.938,000] [0m<dbg> net_pkt.net_pkt_unref_debug: (llss_thread): TX [14] pkt 0x3c172f28 ref 0 frags 0x3c15d4f4 (tcp_send():472)[0m
[07:39:53.054] [1;32muart:~$ [m^[[1[12D[J[00:00:39.938,000] [0m<dbg> net_pkt.net_pkt_unref_debug: (llss_thread): TDATA (tx_bufs) [76] frag 0x3c15d4f4 ref 0 frags 0x3c15d4d8 (tcp_send():472)[0m
[07:39:53.070] [1;32muart:~$ [m^[[1[12D[J[00:00:39.938,000] [0m<dbg> net_pkt.net_pkt_unref_debug: (llss_thread): TDATA (tx_bufs) [76] frag 0x3c15d4d8 ref 0 frags 0x3c15d4bc (tcp_send():472)[0m
[07:39:53.087] [1;32muart:~$ [m^[[1[12D[J[00:00:39.941,000] [0m<dbg> net_pkt.net_pkt_skip: (rx_q[0]): pkt 0x3c173cf0 skip 8[0m
[07:39:53.103] [1;32muart:~$ [m^[[1[12D[J[00:00:39.941,000] [0m<dbg> net_pkt.net_pkt_skip: (rx_q[0]): pkt 0x3c173cf0 skip 32[0m
[07:39:53.119] [1;32muart:~$ [m^[[1[12D[J[00:00:39.941,000] [0m<dbg> net_pkt.net_pkt_write: (rx_q[0]): pkt 0x3c173cf0 data 0x3c16a796 length 20[0m
[07:39:53.135] [1;32muart:~$ [m^[[1[12D[J[00:00:39.941,000] [0m<dbg> net_pkt.net_pkt_skip: (rx_q[0]): pkt 0x3c173cf0 skip 20[0m
[07:39:53.152] [1;32muart:~$ [m^[[1[12D[J[00:00:39.941,000] [0m<dbg> net_pkt.net_pkt_skip: (rx_q[0]): pkt 0x3c173cf0 skip 40[0m
[07:39:53.168] [1;32muart:~$ [m^[[1[12D[J[00:00:39.941,000] [0m<dbg> net_pkt.net_pkt_skip: (rx_q[0]): pkt 0x3c173cf0 skip 40[0m
[07:39:53.184] [1;32muart:~$ [m^[[1[12D[J[00:00:39.941,000] [0m<dbg> net_pkt.net_pkt_skip: (rx_q[0]): pkt 0x3c173cf0 skip 40[0m
[07:39:53.200] [1;32muart:~$ [m^[[1[12D[J[00:00:39.941,000] [0m<dbg> net_pkt.net_pkt_skip: (rx_q[0]): pkt 0x3c173cf0 skip 40[0m
[07:39:53.216] [1;32muart:~$ [m^[[1[12D[J[00:00:39.941,000] [0m<dbg> net_pkt.net_pkt_skip: (rx_q[0]): pkt 0x3c173cf0 skip 40[0m
[07:39:53.232] [1;32muart:~$ [m^[[1[12D[J[00:00:39.942,000] [0m<dbg> net_pkt.net_pkt_unref_debug: (rx_q[0]): RX [39] pkt 0x3c173cf0 ref 0 frags 0x3c17286c (tcp_in():3635)[0m
[07:39:53.248] [1;32muart:~$ [m^[[1[12D[J[00:00:39.942,000] [0m<dbg> net_pkt.net_pkt_unref_debug: (rx_q[0]): RDATA (rx_bufs) [159] frag 0x3c17286c ref 0 frags 0 (tcp_in():3635)[0m
[07:39:53.265] [1;32muart:~$ [m^[[1[12D[J[00:00:39.942,000] [0m<dbg> net_pkt.net_pkt_frag_unref_debug: (rx_q[0]): RDATA (rx_bufs) [159] frag 0x3c17286c ref 0 (net_pkt_unref_debug():612)[0m
[07:39:53.284] [1;32muart:~$ [m^[[1[12D[J[00:00:39.942,000] [0m<dbg> net_pkt.net_pkt_print: (rx_q[0]): TX 16 RX 40 RDATA 160 TDATA 80[0m
[07:39:53.300] [1;32muart:~$ [m^[[1[12D[J[1;32muart:~$ [m^[[1[12D[J[1;32muart:~$ [m^[[1[12D[J[00:00:40.240,000] [0m<dbg> net_pkt.pkt_alloc_with_buffer: (wifi): On iface 1 (0x3fc9ea10) size 60[0m
[07:39:54.284] [1;32muart:~$ [m^[[1[12D[J[00:00:40.240,000] [0m<dbg> net_pkt.net_pkt_alloc_buffer_with_reserve_debug: (wifi): Data allocation maximum size 60 (requested 60, reserve 0)[0m
[07:39:54.301] [1;32muart:~$ [m^[[1[12D[J[00:00:40.240,000] [0m<dbg> net_pkt.pkt_alloc_buffer: (wifi): RDATA (rx_bufs) [159] frag 0x3c17286c ref 1 (eth_esp32_rx():153)[0m
[07:39:54.319] [1;32muart:~$ [m^[[1[12D[J[00:00:40.240,000] [0m<dbg> net_pkt.net_pkt_write: (wifi): pkt 0x3c173cf0 data 0x3c26f2aa length 60[0m
[07:39:54.335] [1;32muart:~$ [m^[[1[12D[J[00:00:40.240,000] [0m<dbg> net_pkt.net_pkt_unref_debug: (rx_q[0]): RX [39] pkt 0x3c173cf0 ref 0 frags 0x3c17286c (processing_data():157)[0m
[07:39:54.352] [1;32muart:~$ [m^[[1[12D[J[00:00:40.240,000] [0m<dbg> net_pkt.net_pkt_unref_debug: (rx_q[0]): RDATA (rx_bufs) [159] frag 0x3c17286c ref 0 frags 0 (processing_data():157)[0m
[07:39:54.368] [1;32muart:~$ [m^[[1[12D[J[00:00:40.240,000] [0m<dbg> net_pkt.net_pkt_frag_unref_debug: (rx_q[0]): RDATA (rx_bufs) [159] frag 0x3c17286c ref 0 (net_pkt_unref_debug():612)[0m
[07:39:54.385] [1;32muart:~$ [m^[[1[12D[J[00:00:40.240,000] [0m<dbg> net_pkt.net_pkt_print: (rx_q[0]): TX 16 RX 40 RDATA 160 TDATA 80[0m
[07:39:54.401] [1;32muart:~$ [m^[[1[12D[J[1;32muart:~$ [m^[[1[12D[J[1;32muart:~$ [m^[[1[12D[J[1;31m[1;31m--- 40 messages dropped ---
[07:39:54.724] [0m[m[00:00:41.676,000] [0m<dbg> net_pkt.net_pkt_read: (rx_q[0]): pkt 0x3c172ee0 data 0x3fcc36ae length 74[0m
[07:39:54.725] [1;32muart:~$ [m^[[1[12D[J[00:00:41.676,000] [0m<dbg> net_pkt.net_pkt_unref_debug: (rx_q[0]): TX [15] pkt 0x3c172ee0 ref 1 frags 0x3c15d4bc (ethernet_send():800)[0m
[07:39:54.742] [1;32muart:~$ [m^[[1[12D[J[00:00:41.676,000] [0m<dbg> net_pkt.net_pkt_unref_debug: (rx_q[0]): TX [15] pkt 0x3c172ee0 ref 0 frags 0x3c15d4bc (tcp_send():472)[0m
[07:39:54.758] [1;32muart:~$ [m^[[1[12D[J[00:00:41.676,000] [0m<dbg> net_pkt.net_pkt_unref_debug: (rx_q[0]): TDATA (tx_bufs) [78] frag 0x3c15d4bc ref 0 frags 0x3c15d4a0 (tcp_send():472)[0m
[07:39:54.775] [1;32muart:~$ [m^[[1[12D[J[00:00:41.676,000] [0m<dbg> net_pkt.net_pkt_unref_debug: (rx_q[0]): TDATA (tx_bufs) [78] frag 0x3c15d4a0 ref 0 frags 0 (tcp_send():472)[0m
[07:39:54.792] [1;32muart:~$ [m^[[1[12D[J[00:00:41.676,000] [0m<dbg> net_pkt.net_pkt_frag_unref_debug: (rx_q[0]): TDATA (tx_bufs) [78] frag 0x3c15d4bc ref 0 (net_pkt_unref_debug():612)[0m
[07:39:54.808] [1;32muart:~$ [m^[[1[12D[J[00:00:41.676,000] [0m<dbg> net_pkt.net_pkt_frag_unref_debug: (rx_q[0]): TDATA (tx_bufs) [79] frag 0x3c15d4a0 ref 0 (net_pkt_unref_debug():612)[0m
[07:39:54.825] [1;32muart:~$ [m^[[1[12D[J[00:00:41.677,000] [0m<dbg> net_pkt.net_pkt_print: (rx_q[0]): TX 16 RX 39 RDATA 159 TDATA 80[0m
[07:39:54.841] [1;32muart:~$ [m^[[1[12D[J[00:00:41.678,000] [0m<dbg> net_pkt.net_pkt_read: (llss_thread): pkt 0x3c173cf0 data 0x3c246e00 length 5[0m
[07:39:54.858] [1;32muart:~$ [m^[[1[12D[J[00:00:41.678,000] [0m<dbg> net_pkt.net_pkt_read: (llss_thread): pkt 0x3c173cf0 data 0x3c246e05 length 233[0m
[07:39:54.874] [1;32muart:~$ [m^[[1[12D[J[00:00:41.678,000] [0m<dbg> net_pkt.net_pkt_unref_debug: (llss_thread): RX [39] pkt 0x3c173cf0 ref 0 frags 0x3c17286c (zsock_recv_stream_immediate():1423)[0m
[07:39:54.891] [1;32muart:~$ [m^[[1[12D[J[00:00:41.678,000] [0m<dbg> net_pkt.net_pkt_unref_debug: (llss_thread): RDATA (rx_bufs) [159] frag 0x3c17286c ref 0 frags 0 (zsock_recv_stream_immediate():1423)[0m
[07:39:54.908] [1;32muart:~$ [m^[[1[12D[J[00:00:41.678,000] [0m<dbg> net_pkt.net_pkt_frag_unref_debug: (llss_thread): RDATA (rx_bufs) [159] frag 0x3c17286c ref 0 (net_pkt_unref_debug():612)[0m
[07:39:54.925] [1;32muart:~$ [m^[[1[12D[J[1;32muart:~$ [m^[[1[12D[J[1;32muart:~$ [m^[[1[12D[J[00:00:42.287,000] [0m<dbg> net_pkt.pkt_alloc_with_buffer: (wifi): On iface 1 (0x3fc9ea10) size 60[0m
[07:39:56.332] [1;32muart:~$ [m^[[1[12D[J[00:00:42.288,000] [0m<dbg> net_pkt.net_pkt_alloc_buffer_with_reserve_debug: (wifi): Data allocation maximum size 60 (requested 60, reserve 0)[0m
[07:39:56.349] [1;32muart:~$ [m^[[1[12D[J[00:00:42.288,000] [0m<dbg> net_pkt.pkt_alloc_buffer: (wifi): RDATA (rx_bufs) [159] frag 0x3c17286c ref 1 (eth_esp32_rx():153)[0m
[07:39:56.366] [1;32muart:~$ [m^[[1[12D[J[00:00:42.288,000] [0m<dbg> net_pkt.net_pkt_write: (wifi): pkt 0x3c173cf0 data 0x3c26f2aa length 60[0m
[07:39:56.382] [1;32muart:~$ [m^[[1[12D[J[00:00:42.288,000] [0m<dbg> net_pkt.net_pkt_unref_debug: (rx_q[0]): RX [39] pkt 0x3c173cf0 ref 0 frags 0x3c17286c (processing_data():157)[0m
[07:39:56.399] [1;32muart:~$ [m^[[1[12D[J[00:00:42.288,000] [0m<dbg> net_pkt.net_pkt_unref_debug: (rx_q[0]): RDATA (rx_bufs) [159] frag 0x3c17286c ref 0 frags 0 (processing_data():157)[0m
[07:39:56.415] [1;32muart:~$ [m^[[1[12D[J[00:00:42.288,000] [0m<dbg> net_pkt.net_pkt_frag_unref_debug: (rx_q[0]): RDATA (rx_bufs) [159] frag 0x3c17286c ref 0 (net_pkt_unref_debug():612)[0m
[07:39:56.432] [1;32muart:~$ [m^[[1[12D[J[00:00:42.288,000] [0m<dbg> net_pkt.net_pkt_print: (rx_q[0]): TX 16 RX 40 RDATA 160 TDATA 80[0m
[07:39:56.448] [1;32muart:~$ [m^[[1[12D[J[1;32muart:~$ [m^[[1[12D[J[1;32muart:~$ [m^[[1[12D[J[00:00:43.312,000] [0m<dbg> net_pkt.pkt_alloc_with_buffer: (wifi): On iface 1 (0x3fc9ea10) size 60[0m
[07:39:57.356] [1;32muart:~$ [m^[[1[12D[J[00:00:43.312,000] [0m<dbg> net_pkt.net_pkt_alloc_buffer_with_reserve_debug: (wifi): Data allocation maximum size 60 (requested 60, reserve 0)[0m
[07:39:57.373] [1;32muart:~$ [m^[[1[12D[J[00:00:43.312,000] [0m<dbg> net_pkt.pkt_alloc_buffer: (wifi): RDATA (rx_bufs) [159] frag 0x3c17286c ref 1 (eth_esp32_rx():153)[0m
[07:39:57.390] [1;32muart:~$ [m^[[1[12D[J[00:00:43.312,000] [0m<dbg> net_pkt.net_pkt_write: (wifi): pkt 0x3c173cf0 data 0x3c26f2aa length 60[0m
[07:39:57.406] [1;32muart:~$ [m^[[1[12D[J[00:00:43.312,000] [0m<dbg> net_pkt.net_pkt_unref_debug: (rx_q[0]): RX [39] pkt 0x3c173cf0 ref 0 frags 0x3c17286c (processing_data():157)[0m
[07:39:57.423] [1;32muart:~$ [m^[[1[12D[J[00:00:43.312,000] [0m<dbg> net_pkt.net_pkt_unref_debug: (rx_q[0]): RDATA (rx_bufs) [159] frag 0x3c17286c ref 0 frags 0 (processing_data():157)[0m
[07:39:57.440] [1;32muart:~$ [m^[[1[12D[J[00:00:43.312,000] [0m<dbg> net_pkt.net_pkt_frag_unref_debug: (rx_q[0]): RDATA (rx_bufs) [159] frag 0x3c17286c ref 0 (net_pkt_unref_debug():612)[0m
[07:39:57.456] [1;32muart:~$ [m^[[1[12D[J[00:00:43.312,000] [0m<dbg> net_pkt.net_pkt_print: (rx_q[0]): TX 16 RX 40 RDATA 160 TDATA 80[0m
[07:39:57.472] [1;32muart:~$ [m^[[1[12D[J[1;32muart:~$ [m^[[1[12D[J[1;32muart:~$ [m^[[1[12D[J[1;31m[1;31m--- 3 messages dropped ---
[07:39:58.200] [0m[m[00:00:44.336,000] [0m<dbg> net_pkt.net_pkt_write: (wifi): pkt 0x3c173cf0 data 0x3c26f2aa length 60[0m
[07:39:58.201] [1;32muart:~$ [m^[[1[12D[J[00:00:44.336,000] [0m<dbg> net_pkt.net_pkt_unref_debug: (rx_q[0]): RX [39] pkt 0x3c173cf0 ref 0 frags 0x3c17286c (processing_data():157)[0m
[07:39:58.218] [1;32muart:~$ [m^[[1[12D[J[00:00:44.336,000] [0m<dbg> net_pkt.net_pkt_unref_debug: (rx_q[0]): RDATA (rx_bufs) [159] frag 0x3c17286c ref 0 frags 0 (processing_data():157)[0m
[07:39:58.234] [1;32muart:~$ [m^[[1[12D[J[00:00:44.336,000] [0m<dbg> net_pkt.net_pkt_frag_unref_debug: (rx_q[0]): RDATA (rx_bufs) [159] frag 0x3c17286c ref 0 (net_pkt_unref_debug():612)[0m
[07:39:58.251] [1;32muart:~$ [m^[[1[12D[J[00:00:44.336,000] [0m<dbg> net_pkt.net_pkt_print: (rx_q[0]): TX 16 RX 40 RDATA 160 TDATA 80[0m
[07:39:58.267] [1;32muart:~$ [m^[[1[12D[J[00:00:45.155,000] [0m<dbg> net_pkt.pkt_alloc_with_buffer: (wifi): On iface 1 (0x3fc9ea10) size 60[0m
[07:39:58.283] [1;32muart:~$ [m^[[1[12D[J[00:00:45.155,000] [0m<dbg> net_pkt.net_pkt_alloc_buffer_with_reserve_debug: (wifi): Data allocation maximum size 60 (requested 60, reserve 0)[0m
[07:39:58.300] [1;32muart:~$ [m^[[1[12D[J[00:00:45.155,000] [0m<dbg> net_pkt.pkt_alloc_buffer: (wifi): RDATA (rx_bufs) [159] frag 0x3c17286c ref 1 (eth_esp32_rx():153)[0m
[07:39:58.317] [1;32muart:~$ [m^[[1[12D[J[00:00:45.155,000] [0m<dbg> net_pkt.net_pkt_write: (wifi): pkt 0x3c173cf0 data 0x3c26f2aa length 60[0m
[07:39:58.333] [1;32muart:~$ [m^[[1[12D[J[00:00:45.155,000] [0m<dbg> net_pkt.net_pkt_unref_debug: (rx_q[0]): RX [39] pkt 0x3c173cf0 ref 0 frags 0x3c17286c (processing_data():157)[0m
[07:39:58.350] [1;32muart:~$ [m^[[1[12D[J[00:00:45.155,000] [0m<dbg> net_pkt.net_pkt_unref_debug: (rx_q[0]): RDATA (rx_bufs) [159] frag 0x3c17286c ref 0 frags 0 (processing_data():157)[0m
[07:39:58.366] [1;32muart:~$ [m^[[1[12D[J[00:00:45.155,000] [0m<dbg> net_pkt.net_pkt_frag_unref_debug: (rx_q[0]): RDATA (rx_bufs) [159] frag 0x3c17286c ref 0 (net_pkt_unref_debug():612)[0m
[07:39:58.383] [1;32muart:~$ [m^[[1[12D[J[00:00:45.155,000] [0m<dbg> net_pkt.net_pkt_print: (rx_q[0]): TX 16 RX 40 RDATA 160 TDATA 80[0m
[07:39:58.399] [1;32muart:~$ [m^[[1[12D[J[1;32muart:~$ [m^[[1[12D[J[1;32muart:~$ [m^[[1[12D[J[1;31m[1;31m--- 29 messages dropped ---
[07:39:59.732] [0m[m[00:00:46.683,000] [0m<dbg> net_pkt.net_pkt_get_reserve_data_debug: (llss_thread): TDATA (tx_bufs) [76] frag 0x3c15d4f4 ref 1 (ethernet_fill_header():610)[0m
[07:39:59.739] [1;32muart:~$ [m^[[1[12D[J[1;31m[1;31m--- 43 messages dropped ---
[07:39:59.755] [0m[m[00:00:46.683,000] [0m<dbg> net_pkt.net_pkt_frag_insert_debug: (llss_thread): pkt 0x3c172f28 frag 0x3c15d4f4 (ethernet_fill_header:669)[0m
[07:39:59.756] [1;32muart:~$ [m^[[1[12D[J[1;31m[1;31m--- 16 messages dropped ---
[07:39:59.772] [0m[m[00:00:46.683,000] [0m<dbg> net_pkt.net_pkt_read: (llss_thread): pkt 0x3c172f28 data 0x3fcc36ae length 295[0m
[07:39:59.773] [1;32muart:~$ [m^[[1[12D[J[00:00:46.685,000] [0m<dbg> net_pkt.net_pkt_unref_debug: (llss_thread): TX [14] pkt 0x3c172f28 ref 1 frags 0x3c15d4f4 (ethernet_send():800)[0m
[07:39:59.789] [1;32muart:~$ [m^[[1[12D[J[00:00:46.685,000] [0m<dbg> net_pkt.net_pkt_unref_debug: (llss_thread): TX [14] pkt 0x3c172f28 ref 0 frags 0x3c15d4f4 (tcp_send():472)[0m
[07:39:59.806] [1;32muart:~$ [m^[[1[12D[J[00:00:46.685,000] [0m<dbg> net_pkt.net_pkt_unref_debug: (llss_thread): TDATA (tx_bufs) [76] frag 0x3c15d4f4 ref 0 frags 0x3c15d4d8 (tcp_send():472)[0m
[07:39:59.823] [1;32muart:~$ [m^[[1[12D[J[00:00:46.685,000] [0m<dbg> net_pkt.net_pkt_unref_debug: (llss_thread): TDATA (tx_bufs) [76] frag 0x3c15d4d8 ref 0 frags 0x3c15d4bc (tcp_send():472)[0m
[07:39:59.840] [1;32muart:~$ [m^[[1[12D[J[00:00:46.693,000] [0m<dbg> net_pkt.net_pkt_unref_debug: (rx_q[0]): TX [14] pkt 0x3c172f28 ref 0 frags 0x3c15d4f4 (tcp_send():472)[0m
[07:39:59.856] [1;32muart:~$ [m^[[1[12D[J[00:00:46.698,000] [0m<dbg> net_pkt.net_pkt_skip: (rx_q[0]): pkt 0x3c173cf0 skip 8[0m
[07:39:59.872] [1;32muart:~$ [m^[[1[12D[J[00:00:46.698,000] [0m<dbg> net_pkt.net_pkt_skip: (rx_q[0]): pkt 0x3c173cf0 skip 32[0m
[07:39:59.889] [1;32muart:~$ [m^[[1[12D[J[00:00:46.698,000] [0m<dbg> net_pkt.net_pkt_write: (rx_q[0]): pkt 0x3c173cf0 data 0x3c16a796 length 20[0m
[07:39:59.905] [1;32muart:~$ [m^[[1[12D[J[00:00:46.698,000] [0m<dbg> net_pkt.net_pkt_skip: (rx_q[0]): pkt 0x3c173cf0 skip 20[0m
[07:39:59.921] [1;32muart:~$ [m^[[1[12D[J[00:00:46.698,000] [0m<dbg> net_pkt.net_pkt_skip: (rx_q[0]): pkt 0x3c173cf0 skip 40[0m
[07:39:59.937] [1;32muart:~$ [m^[[1[12D[J[00:00:46.698,000] [0m<dbg> net_pkt.net_pkt_skip: (rx_q[0]): pkt 0x3c173cf0 skip 40[0m
[07:39:59.953] [1;32muart:~$ [m^[[1[12D[J[00:00:46.698,000] [0m<dbg> net_pkt.net_pkt_skip: (rx_q[0]): pkt 0x3c173cf0 skip 40[0m
[07:39:59.969] [1;32muart:~$ [m^[[1[12D[J[00:00:46.698,000] [0m<dbg> net_pkt.net_pkt_skip: (rx_q[0]): pkt 0x3c173cf0 skip 40[0m
[07:39:59.985] [1;32muart:~$ [m^[[1[12D[J[00:00:46.698,000] [0m<dbg> net_pkt.net_pkt_skip: (rx_q[0]): pkt 0x3c173cf0 skip 40[0m
[07:40:00.001] [1;32muart:~$ [m^[[1[12D[J[00:00:46.698,000] [0m<dbg> net_pkt.net_pkt_unref_debug: (rx_q[0]): RDATA (rx_bufs) [159] frag 0x3c17286c ref 0 frags 0 (tcp_in():3635)[0m
[07:40:00.017] [1;32muart:~$ [m^[[1[12D[J[00:00:46.698,000] [0m<dbg> net_pkt.net_pkt_frag_unref_debug: (rx_q[0]): RDATA (rx_bufs) [159] frag 0x3c17286c ref 0 (net_pkt_unref_debug():612)[0m
[07:40:00.034] [1;32muart:~$ [m^[[1[12D[J[00:00:46.698,000] [0m<dbg> net_pkt.net_pkt_print: (rx_q[0]): TX 16 RX 40 RDATA 160 TDATA 80[0m
[07:40:00.050] [1;32muart:~$ [m^[[1[12D[J[1;32muart:~$ [m^[[1[12D[J[1;32muart:~$ [m^[[1[12D[J[00:00:47.207,000] [0m<dbg> net_pkt.pkt_alloc_with_buffer: (wifi): On iface 1 (0x3fc9ea10) size 60[0m
[07:40:01.251] [1;32muart:~$ [m^[[1[12D[J[00:00:47.207,000] [0m<dbg> net_pkt.net_pkt_alloc_buffer_with_reserve_debug: (wifi): Data allocation maximum size 60 (requested 60, reserve 0)[0m
[07:40:01.268] [1;32muart:~$ [m^[[1[12D[J[00:00:47.207,000] [0m<dbg> net_pkt.pkt_alloc_buffer: (wifi): RDATA (rx_bufs) [159] frag 0x3c17286c ref 1 (eth_esp32_rx():153)[0m
[07:40:01.285] [1;32muart:~$ [m^[[1[12D[J[00:00:47.207,000] [0m<dbg> net_pkt.net_pkt_write: (wifi): pkt 0x3c173cf0 data 0x3c26f2aa length 60[0m
[07:40:01.301] [1;32muart:~$ [m^[[1[12D[J[00:00:47.207,000] [0m<dbg> net_pkt.net_pkt_unref_debug: (rx_q[0]): RX [39] pkt 0x3c173cf0 ref 0 frags 0x3c17286c (processing_data():157)[0m
[07:40:01.318] [1;32muart:~$ [m^[[1[12D[J[00:00:47.207,000] [0m<dbg> net_pkt.net_pkt_unref_debug: (rx_q[0]): RDATA (rx_bufs) [159] frag 0x3c17286c ref 0 frags 0 (processing_data():157)[0m
[07:40:01.335] [1;32muart:~$ [m^[[1[12D[J[00:00:47.207,000] [0m<dbg> net_pkt.net_pkt_frag_unref_debug: (rx_q[0]): RDATA (rx_bufs) [159] frag 0x3c17286c ref 0 (net_pkt_unref_debug():612)[0m
[07:40:01.351] [1;32muart:~$ [m^[[1[12D[J[00:00:47.207,000] [0m<dbg> net_pkt.net_pkt_print: (rx_q[0]): TX 16 RX 40 RDATA 160 TDATA 80[0m
[07:40:01.367] [1;32muart:~$ [m^[[1[12D[J[1;32muart:~$ [m^[[1[12D[J[1;32muart:~$ [m^[[1[12D[J[1;31m[1;31m--- 40 messages dropped ---
[07:40:01.488] [0m[m[00:00:48.440,000] [0m<dbg> net_pkt.net_pkt_read: (rx_q[0]): pkt 0x3c172ee0 data 0x3fcc36ae length 74[0m
[07:40:01.489] [1;32muart:~$ [m^[[1[12D[J[00:00:48.440,000] [0m<dbg> net_pkt.net_pkt_unref_debug: (rx_q[0]): TX [15] pkt 0x3c172ee0 ref 1 frags 0x3c15d4bc (ethernet_send():800)[0m
[07:40:01.506] [1;32muart:~$ [m^[[1[12D[J[00:00:48.440,000] [0m<dbg> net_pkt.net_pkt_unref_debug: (rx_q[0]): TX [15] pkt 0x3c172ee0 ref 0 frags 0x3c15d4bc (tcp_send():472)[0m
[07:40:01.523] [1;32muart:~$ [m^[[1[12D[J[00:00:48.440,000] [0m<dbg> net_pkt.net_pkt_unref_debug: (rx_q[0]): TDATA (tx_bufs) [78] frag 0x3c15d4bc ref 0 frags 0x3c15d4a0 (tcp_send():472)[0m
[07:40:01.540] [1;32muart:~$ [m^[[1[12D[J[00:00:48.440,000] [0m<dbg> net_pkt.net_pkt_unref_debug: (rx_q[0]): TDATA (tx_bufs) [78] frag 0x3c15d4a0 ref 0 frags 0 (tcp_send():472)[0m
[07:40:01.557] [1;32muart:~$ [m^[[1[12D[J[00:00:48.440,000] [0m<dbg> net_pkt.net_pkt_frag_unref_debug: (rx_q[0]): TDATA (tx_bufs) [78] frag 0x3c15d4bc ref 0 (net_pkt_unref_debug():612)[0m
[07:40:01.573] [1;32muart:~$ [m^[[1[12D[J[00:00:48.440,000] [0m<dbg> net_pkt.net_pkt_frag_unref_debug: (rx_q[0]): TDATA (tx_bufs) [79] frag 0x3c15d4a0 ref 0 (net_pkt_unref_debug():612)[0m
[07:40:01.590] [1;32muart:~$ [m^[[1[12D[J[00:00:48.440,000] [0m<dbg> net_pkt.net_pkt_print: (rx_q[0]): TX 16 RX 39 RDATA 159 TDATA 80[0m
[07:40:01.606] [1;32muart:~$ [m^[[1[12D[J[00:00:48.442,000] [0m<dbg> net_pkt.net_pkt_read: (llss_thread): pkt 0x3c173cf0 data 0x3c246e00 length 5[0m
[07:40:01.622] [1;32muart:~$ [m^[[1[12D[J[00:00:48.442,000] [0m<dbg> net_pkt.net_pkt_read: (llss_thread): pkt 0x3c173cf0 data 0x3c246e05 length 233[0m
[07:40:01.639] [1;32muart:~$ [m^[[1[12D[J[00:00:48.442,000] [0m<dbg> net_pkt.net_pkt_unref_debug: (llss_thread): RX [39] pkt 0x3c173cf0 ref 0 frags 0x3c17286c (zsock_recv_stream_immediate():1423)[0m
[07:40:01.656] [1;32muart:~$ [m^[[1[12D[J[00:00:48.442,000] [0m<dbg> net_pkt.net_pkt_unref_debug: (llss_thread): RDATA (rx_bufs) [159] frag 0x3c17286c ref 0 frags 0 (zsock_recv_stream_immediate():1423)[0m
[07:40:01.673] [1;32muart:~$ [m^[[1[12D[J[00:00:48.442,000] [0m<dbg> net_pkt.net_pkt_frag_unref_debug: (llss_thread): RDATA (rx_bufs) [159] frag 0x3c17286c ref 0 (net_pkt_unref_debug():612)[0m
[07:40:01.690] [1;32muart:~$ [m^[[1[12D[J[1;32muart:~$ [m^[[1[12D[J[1;32muart:~$ [m^[[1[12D[J[1;31m[1;31m--- 3 messages dropped ---
[07:40:03.115] [0m[m[00:00:49.255,000] [0m<dbg> net_pkt.net_pkt_write: (wifi): pkt 0x3c173cf0 data 0x3c26f2aa length 60[0m
[07:40:03.116] [1;32muart:~$ [m^[[1[12D[J[00:00:49.256,000] [0m<dbg> net_pkt.net_pkt_unref_debug: (rx_q[0]): RX [39] pkt 0x3c173cf0 ref 0 frags 0x3c17286c (processing_data():157)[0m
[07:40:03.133] [1;32muart:~$ [m^[[1[12D[J[00:00:49.256,000] [0m<dbg> net_pkt.net_pkt_unref_debug: (rx_q[0]): RDATA (rx_bufs) [159] frag 0x3c17286c ref 0 frags 0 (processing_data():157)[0m
[07:40:03.150] [1;32muart:~$ [m^[[1[12D[J[00:00:49.256,000] [0m<dbg> net_pkt.net_pkt_frag_unref_debug: (rx_q[0]): RDATA (rx_bufs) [159] frag 0x3c17286c ref 0 (net_pkt_unref_debug():612)[0m
[07:40:03.167] [1;32muart:~$ [m^[[1[12D[J[00:00:49.256,000] [0m<dbg> net_pkt.net_pkt_print: (rx_q[0]): TX 16 RX 40 RDATA 160 TDATA 80[0m
[07:40:03.183] [1;32muart:~$ [m^[[1[12D[J[00:00:50.070,000] [0m<dbg> net_pkt.pkt_alloc_with_buffer: (wifi): On iface 1 (0x3fc9ea10) size 60[0m
[07:40:03.200] [1;32muart:~$ [m^[[1[12D[J[00:00:50.070,000] [0m<dbg> net_pkt.net_pkt_alloc_buffer_with_reserve_debug: (wifi): Data allocation maximum size 60 (requested 60, reserve 0)[0m
[07:40:03.216] [1;32muart:~$ [m^[[1[12D[J[00:00:50.070,000] [0m<dbg> net_pkt.pkt_alloc_buffer: (wifi): RDATA (rx_bufs) [159] frag 0x3c17286c ref 1 (eth_esp32_rx():153)[0m
[07:40:03.233] [1;32muart:~$ [m^[[1[12D[J[00:00:50.070,000] [0m<dbg> net_pkt.net_pkt_write: (wifi): pkt 0x3c173cf0 data 0x3c26f2aa length 60[0m
[07:40:03.249] [1;32muart:~$ [m^[[1[12D[J[00:00:50.071,000] [0m<dbg> net_pkt.net_pkt_unref_debug: (rx_q[0]): RX [39] pkt 0x3c173cf0 ref 0 frags 0x3c17286c (processing_data():157)[0m
[07:40:03.266] [1;32muart:~$ [m^[[1[12D[J[00:00:50.071,000] [0m<dbg> net_pkt.net_pkt_unref_debug: (rx_q[0]): RDATA (rx_bufs) [159] frag 0x3c17286c ref 0 frags 0 (processing_data():157)[0m
[07:40:03.282] [1;32muart:~$ [m^[[1[12D[J[00:00:50.071,000] [0m<dbg> net_pkt.net_pkt_frag_unref_debug: (rx_q[0]): RDATA (rx_bufs) [159] frag 0x3c17286c ref 0 (net_pkt_unref_debug():612)[0m
[07:40:03.299] [1;32muart:~$ [m^[[1[12D[J[00:00:50.071,000] [0m<dbg> net_pkt.net_pkt_print: (rx_q[0]): TX 16 RX 40 RDATA 160 TDATA 80[0m
[07:40:03.316] [1;32muart:~$ [m^[[1[12D[J[1;32muart:~$ [m^[[1[12D[J[1;32muart:~$ [m^[[1[12D[J[1;31m[1;31m--- 21 messages dropped ---
[07:40:04.732] [0m[m[00:00:51.684,000] [0m<dbg> net_pkt.net_pkt_write: (sysworkq): pkt 0x3c172ee0 data 0x3c1534a0 length 40[0m
[07:40:04.733] [1;32muart:~$ [m^[[1[12D[J[1;31m[1;31m--- 5 messages dropped ---
[07:40:04.749] [0m[m[00:00:51.684,000] [0m<dbg> net_pkt.net_pkt_skip: (sysworkq): pkt 0x3c172ee0 skip 40[0m
[07:40:04.750] [1;32muart:~$ [m^[[1[12D[J[00:00:51.684,000] [0m<dbg> net_pkt.net_pkt_skip: (sysworkq): pkt 0x3c172ee0 skip 8[0m
[07:40:04.767] [1;32muart:~$ [m^[[1[12D[J[00:00:51.684,000] [0m<dbg> net_pkt.net_pkt_skip: (sysworkq): pkt 0x3c172ee0 skip 32[0m
[07:40:04.783] [1;32muart:~$ [m^[[1[12D[J[00:00:51.684,000] [0m<dbg> net_pkt.net_pkt_write: (sysworkq): pkt 0x3c172ee0 data 0x3c1534c8 length 4[0m
[07:40:04.800] [1;32muart:~$ [m^[[1[12D[J[00:00:51.684,000] [0m<dbg> net_pkt.net_pkt_skip: (sysworkq): pkt 0x3c172ee0 skip 4[0m
[07:40:04.816] [1;32muart:~$ [m^[[1[12D[J[00:00:51.684,000] [0m<dbg> net_pkt.net_pkt_get_reserve_data_debug: (sysworkq): TDATA (tx_bufs) [78] frag 0x3c15d4bc ref 1 (ethernet_fill_header():610)[0m
[07:40:04.833] [1;32muart:~$ [m^[[1[12D[J[00:00:51.684,000] [0m<dbg> net_pkt.net_pkt_frag_insert_debug: (sysworkq): pkt 0x3c172ee0 frag 0x3c15d4bc (ethernet_fill_header:669)[0m
[07:40:04.849] [1;32muart:~$ [m^[[1[12D[J[00:00:51.684,000] [0m<dbg> net_pkt.net_pkt_frag_unref_debug: (sysworkq): TDATA (tx_bufs) [79] frag 0x3c15d4a0 ref 0 (net_pkt_unref_debug():612)[0m
[07:40:04.866] [1;32muart:~$ [m^[[1[12D[J[00:00:51.687,000] [0m<dbg> net_pkt.pkt_alloc_with_buffer: (wifi): On iface 1 (0x3fc9ea10) size 78[0m
[07:40:04.882] [1;32muart:~$ [m^[[1[12D[J[00:00:51.687,000] [0m<dbg> net_pkt.net_pkt_alloc_buffer_with_reserve_debug: (wifi): Data allocation maximum size 78 (requested 78, reserve 0)[0m
[07:40:04.899] [1;32muart:~$ [m^[[1[12D[J[00:00:51.687,000] [0m<dbg> net_pkt.pkt_alloc_buffer: (wifi): RDATA (rx_bufs) [159] frag 0x3c17286c ref 1 (eth_esp32_rx():153)[0m
[07:40:04.915] [1;32muart:~$ [m^[[1[12D[J[00:00:51.687,000] [0m<dbg> net_pkt.net_pkt_write: (wifi): pkt 0x3c173cf0 data 0x3c26f2ac length 78[0m
[07:40:04.931] [1;32muart:~$ [m^[[1[12D[J[00:00:51.687,000] [0m<dbg> net_pkt.net_pkt_skip: (rx_q[0]): pkt 0x3c173cf0 skip 40[0m
[07:40:04.947] [1;32muart:~$ [m^[[1[12D[J[00:00:51.687,000] [0m<dbg> net_pkt.net_pkt_skip: (rx_q[0]): pkt 0x3c173cf0 skip 8[0m
[07:40:04.964] [1;32muart:~$ [m^[[1[12D[J[00:00:51.688,000] [0m<dbg> net_pkt.net_pkt_skip: (rx_q[0]): pkt 0x3c173cf0 skip 32[0m
[07:40:04.980] [1;32muart:~$ [m^[[1[12D[J[00:00:51.688,000] [0m<dbg> net_pkt.net_pkt_skip: (rx_q[0]): pkt 0x3c173cf0 skip 4[0m
[07:40:04.996] [1;32muart:~$ [m^[[1[12D[J[00:00:51.688,000] [0m<dbg> net_pkt.net_pkt_unref_debug: (rx_q[0]): RX [39] pkt 0x3c173cf0 ref 0 frags 0x3c17286c (processing_data():157)[0m
[07:40:05.013] [1;32muart:~$ [m^[[1[12D[J[00:00:51.688,000] [0m<dbg> net_pkt.net_pkt_unref_debug: (rx_q[0]): RDATA (rx_bufs) [159] frag 0x3c17286c ref 0 frags 0 (processing_data():157)[0m
[07:40:05.029] [1;32muart:~$ [m^[[1[12D[J[00:00:51.688,000] [0m<dbg> net_pkt.net_pkt_frag_unref_debug: (rx_q[0]): RDATA (rx_bufs) [159] frag 0x3c17286c ref 0 (net_pkt_unref_debug():612)[0m
[07:40:05.046] [1;32muart:~$ [m^[[1[12D[J[00:00:51.688,000] [0m<dbg> net_pkt.net_pkt_print: (rx_q[0]): TX 16 RX 40 RDATA 160 TDATA 80[0m
[07:40:05.062] [1;32muart:~$ [m^[[1[12D[J[1;32muart:~$ [m^[[1[12D[J[1;32muart:~$ [m^[[1[12D[J[1;31m[1;31m--- 21 messages dropped ---
[07:40:05.734] [0m[m[00:00:52.685,000] [0m<dbg> net_pkt.net_pkt_write: (sysworkq): pkt 0x3c172ee0 data 0x3c1534a0 length 40[0m
[07:40:05.735] [1;32muart:~$ [m^[[1[12D[J[1;31m[1;31m--- 5 messages dropped ---
[07:40:05.751] [0m[m[00:00:52.685,000] [0m<dbg> net_pkt.net_pkt_skip: (sysworkq): pkt 0x3c172ee0 skip 40[0m
[07:40:05.752] [1;32muart:~$ [m^[[1[12D[J[00:00:52.685,000] [0m<dbg> net_pkt.net_pkt_skip: (sysworkq): pkt 0x3c172ee0 skip 8[0m
[07:40:05.768] [1;32muart:~$ [m^[[1[12D[J[00:00:52.685,000] [0m<dbg> net_pkt.net_pkt_skip: (sysworkq): pkt 0x3c172ee0 skip 32[0m
[07:40:05.784] [1;32muart:~$ [m^[[1[12D[J[00:00:52.685,000] [0m<dbg> net_pkt.net_pkt_write: (sysworkq): pkt 0x3c172ee0 data 0x3c1534c8 length 4[0m
[07:40:05.801] [1;32muart:~$ [m^[[1[12D[J[00:00:52.685,000] [0m<dbg> net_pkt.net_pkt_skip: (sysworkq): pkt 0x3c172ee0 skip 4[0m
[07:40:05.817] [1;32muart:~$ [m^[[1[12D[J[00:00:52.686,000] [0m<dbg> net_pkt.net_pkt_get_reserve_data_debug: (sysworkq): TDATA (tx_bufs) [78] frag 0x3c15d4bc ref 1 (ethernet_fill_header():610)[0m
[07:40:05.834] [1;32muart:~$ [m^[[1[12D[J[00:00:52.686,000] [0m<dbg> net_pkt.net_pkt_frag_insert_debug: (sysworkq): pkt 0x3c172ee0 frag 0x3c15d4bc (ethernet_fill_header:669)[0m
[07:40:05.850] [1;32muart:~$ [m^[[1[12D[J[00:00:52.686,000] [0m<dbg> net_pkt.net_pkt_frag_unref_debug: (sysworkq): TDATA (tx_bufs) [79] frag 0x3c15d4a0 ref 0 (net_pkt_unref_debug():612)[0m
[07:40:05.867] [1;32muart:~$ [m^[[1[12D[J[00:00:52.689,000] [0m<dbg> net_pkt.pkt_alloc_with_buffer: (wifi): On iface 1 (0x3fc9ea10) size 78[0m
[07:40:05.883] [1;32muart:~$ [m^[[1[12D[J[00:00:52.689,000] [0m<dbg> net_pkt.net_pkt_alloc_buffer_with_reserve_debug: (wifi): Data allocation maximum size 78 (requested 78, reserve 0)[0m
[07:40:05.899] [1;32muart:~$ [m^[[1[12D[J[00:00:52.689,000] [0m<dbg> net_pkt.pkt_alloc_buffer: (wifi): RDATA (rx_bufs) [159] frag 0x3c17286c ref 1 (eth_esp32_rx():153)[0m
[07:40:05.916] [1;32muart:~$ [m^[[1[12D[J[00:00:52.689,000] [0m<dbg> net_pkt.net_pkt_write: (wifi): pkt 0x3c173cf0 data 0x3c26f2ac length 78[0m
[07:40:05.932] [1;32muart:~$ [m^[[1[12D[J[00:00:52.689,000] [0m<dbg> net_pkt.net_pkt_skip: (rx_q[0]): pkt 0x3c173cf0 skip 40[0m
[07:40:05.948] [1;32muart:~$ [m^[[1[12D[J[00:00:52.689,000] [0m<dbg> net_pkt.net_pkt_skip: (rx_q[0]): pkt 0x3c173cf0 skip 8[0m
[07:40:05.964] [1;32muart:~$ [m^[[1[12D[J[00:00:52.689,000] [0m<dbg> net_pkt.net_pkt_skip: (rx_q[0]): pkt 0x3c173cf0 skip 32[0m
[07:40:05.981] [1;32muart:~$ [m^[[1[12D[J[00:00:52.690,000] [0m<dbg> net_pkt.net_pkt_skip: (rx_q[0]): pkt 0x3c173cf0 skip 4[0m
[07:40:05.997] [1;32muart:~$ [m^[[1[12D[J[00:00:52.690,000] [0m<dbg> net_pkt.net_pkt_unref_debug: (rx_q[0]): RX [39] pkt 0x3c173cf0 ref 0 frags 0x3c17286c (processing_data():157)[0m
[07:40:06.013] [1;32muart:~$ [m^[[1[12D[J[00:00:52.690,000] [0m<dbg> net_pkt.net_pkt_unref_debug: (rx_q[0]): RDATA (rx_bufs) [159] frag 0x3c17286c ref 0 frags 0 (processing_data():157)[0m
[07:40:06.030] [1;32muart:~$ [m^[[1[12D[J[00:00:52.690,000] [0m<dbg> net_pkt.net_pkt_frag_unref_debug: (rx_q[0]): RDATA (rx_bufs) [159] frag 0x3c17286c ref 0 (net_pkt_unref_debug():612)[0m
[07:40:06.046] [1;32muart:~$ [m^[[1[12D[J[00:00:52.690,000] [0m<dbg> net_pkt.net_pkt_print: (rx_q[0]): TX 16 RX 40 RDATA 160 TDATA 80[0m
[07:40:06.062] [1;32muart:~$ [m^[[1[12D[J[1;32muart:~$ [m^[[1[12D[J[1;32muart:~$ [m^[[1[12D[J[1;31m[1;31m--- 95 messages dropped ---
[07:40:06.502] [0m[m[00:00:53.457,000] [0m<dbg> net_pkt.net_pkt_write: (wifi): pkt 0x3c173cf0 data 0x3c26f2ac length 74[0m
[07:40:06.503] [1;32muart:~$ [m^[[1[12D[J[00:00:53.457,000] [0m<dbg> net_pkt.net_pkt_skip: (rx_q[0]): pkt 0x3c173cf0 skip 40[0m
[07:40:06.520] [1;32muart:~$ [m^[[1[12D[J[00:00:53.457,000] [0m<dbg> net_pkt.net_pkt_skip: (rx_q[0]): pkt 0x3c173cf0 skip 8[0m
[07:40:06.536] [1;32muart:~$ [m^[[1[12D[J[00:00:53.457,000] [0m<dbg> net_pkt.net_pkt_skip: (rx_q[0]): pkt 0x3c173cf0 skip 32[0m
[07:40:06.552] [1;32muart:~$ [m^[[1[12D[J[00:00:53.457,000] [0m<dbg> net_pkt.net_pkt_write: (rx_q[0]): pkt 0x3c173cf0 data 0x3c16a796 length 20[0m
[07:40:06.569] [1;32muart:~$ [m^[[1[12D[J[00:00:53.457,000] [0m<dbg> net_pkt.net_pkt_skip: (rx_q[0]): pkt 0x3c173cf0 skip 20[0m
[07:40:06.585] [1;32muart:~$ [m^[[1[12D[J[00:00:53.457,000] [0m<dbg> net_pkt.net_pkt_skip: (rx_q[0]): pkt 0x3c173cf0 skip 40[0m
[07:40:06.602] [1;32muart:~$ [m^[[1[12D[J[00:00:53.457,000] [0m<dbg> net_pkt.net_pkt_skip: (rx_q[0]): pkt 0x3c173cf0 skip 40[0m
[07:40:06.618] [1;32muart:~$ [m^[[1[12D[J[00:00:53.457,000] [0m<dbg> net_pkt.net_pkt_skip: (rx_q[0]): pkt 0x3c173cf0 skip 40[0m
[07:40:06.634] [1;32muart:~$ [m^[[1[12D[J[00:00:53.457,000] [0m<dbg> net_pkt.net_pkt_skip: (rx_q[0]): pkt 0x3c173cf0 skip 40[0m
[07:40:06.650] [1;32muart:~$ [m^[[1[12D[J[00:00:53.458,000] [0m<dbg> net_pkt.net_pkt_skip: (rx_q[0]): pkt 0x3c173cf0 skip 40[0m
[07:40:06.666] [1;32muart:~$ [m^[[1[12D[J[00:00:53.458,000] [0m<dbg> net_pkt.net_pkt_unref_debug: (rx_q[0]): RX [39] pkt 0x3c173cf0 ref 0 frags 0x3c17286c (tcp_in():3635)[0m
[07:40:06.683] [1;32muart:~$ [m^[[1[12D[J[00:00:53.458,000] [0m<dbg> net_pkt.net_pkt_unref_debug: (rx_q[0]): RDATA (rx_bufs) [159] frag 0x3c17286c ref 0 frags 0 (tcp_in():3635)[0m
[07:40:06.699] [1;32muart:~$ [m^[[1[12D[J[00:00:53.458,000] [0m<dbg> net_pkt.net_pkt_frag_unref_debug: (rx_q[0]): RDATA (rx_bufs) [159] frag 0x3c17286c ref 0 (net_pkt_unref_debug():612)[0m
[07:40:06.716] [1;32muart:~$ [m^[[1[12D[J[1;31m[1;31m--- 14 messages dropped ---
[07:40:06.736] [0m[m[00:00:53.458,000] [0m<dbg> net_pkt.net_pkt_print: (rx_q[0]): TX 16 RX 40 RDATA 160 TDATA 80[0m
[07:40:06.737] [1;32muart:~$ [m^[[1[12D[J[1;31m[1;31m--- 5 messages dropped ---
[07:40:06.753] [0m[m[00:00:53.687,000] [0m<dbg> net_pkt.net_pkt_skip: (sysworkq): pkt 0x3c172ee0 skip 40[0m
[07:40:06.754] [1;32muart:~$ [m^[[1[12D[J[00:00:53.687,000] [0m<dbg> net_pkt.net_pkt_skip: (sysworkq): pkt 0x3c172ee0 skip 8[0m
[07:40:06.770] [1;32muart:~$ [m^[[1[12D[J[00:00:53.687,000] [0m<dbg> net_pkt.net_pkt_skip: (sysworkq): pkt 0x3c172ee0 skip 32[0m
[07:40:06.787] [1;32muart:~$ [m^[[1[12D[J[00:00:53.687,000] [0m<dbg> net_pkt.net_pkt_write: (sysworkq): pkt 0x3c172ee0 data 0x3c1534c8 length 4[0m
[07:40:06.803] [1;32muart:~$ [m^[[1[12D[J[00:00:53.687,000] [0m<dbg> net_pkt.net_pkt_skip: (sysworkq): pkt 0x3c172ee0 skip 4[0m
[07:40:06.820] [1;32muart:~$ [m^[[1[12D[J[00:00:53.687,000] [0m<dbg> net_pkt.net_pkt_get_reserve_data_debug: (sysworkq): TDATA (tx_bufs) [78] frag 0x3c15d4bc ref 1 (ethernet_fill_header():610)[0m
[07:40:06.836] [1;32muart:~$ [m^[[1[12D[J[00:00:53.687,000] [0m<dbg> net_pkt.net_pkt_frag_insert_debug: (sysworkq): pkt 0x3c172ee0 frag 0x3c15d4bc (ethernet_fill_header:669)[0m
[07:40:06.853] [1;32muart:~$ [m^[[1[12D[J[00:00:53.688,000] [0m<dbg> net_pkt.net_pkt_frag_unref_debug: (sysworkq): TDATA (tx_bufs) [79] frag 0x3c15d4a0 ref 0 (net_pkt_unref_debug():612)[0m
[07:40:06.870] [1;32muart:~$ [m^[[1[12D[J[00:00:53.692,000] [0m<dbg> net_pkt.pkt_alloc_with_buffer: (wifi): On iface 1 (0x3fc9ea10) size 78[0m
[07:40:06.886] [1;32muart:~$ [m^[[1[12D[J[00:00:53.692,000] [0m<dbg> net_pkt.net_pkt_alloc_buffer_with_reserve_debug: (wifi): Data allocation maximum size 78 (requested 78, reserve 0)[0m
[07:40:06.903] [1;32muart:~$ [m^[[1[12D[J[00:00:53.692,000] [0m<dbg> net_pkt.pkt_alloc_buffer: (wifi): RDATA (rx_bufs) [159] frag 0x3c17286c ref 1 (eth_esp32_rx():153)[0m
[07:40:06.919] [1;32muart:~$ [m^[[1[12D[J[00:00:53.692,000] [0m<dbg> net_pkt.net_pkt_write: (wifi): pkt 0x3c173cf0 data 0x3c26f2ac length 78[0m
[07:40:06.935] [1;32muart:~$ [m^[[1[12D[J[00:00:53.692,000] [0m<dbg> net_pkt.net_pkt_skip: (rx_q[0]): pkt 0x3c173cf0 skip 40[0m
[07:40:06.952] [1;32muart:~$ [m^[[1[12D[J[00:00:53.692,000] [0m<dbg> net_pkt.net_pkt_skip: (rx_q[0]): pkt 0x3c173cf0 skip 8[0m
[07:40:06.968] [1;32muart:~$ [m^[[1[12D[J[00:00:53.692,000] [0m<dbg> net_pkt.net_pkt_skip: (rx_q[0]): pkt 0x3c173cf0 skip 32[0m
[07:40:06.984] [1;32muart:~$ [m^[[1[12D[J[00:00:53.692,000] [0m<dbg> net_pkt.net_pkt_skip: (rx_q[0]): pkt 0x3c173cf0 skip 4[0m
[07:40:07.001] [1;32muart:~$ [m^[[1[12D[J[00:00:53.692,000] [0m<dbg> net_pkt.net_pkt_unref_debug: (rx_q[0]): RX [39] pkt 0x3c173cf0 ref 0 frags 0x3c17286c (processing_data():157)[0m
[07:40:07.017] [1;32muart:~$ [m^[[1[12D[J[00:00:53.692,000] [0m<dbg> net_pkt.net_pkt_unref_debug: (rx_q[0]): RDATA (rx_bufs) [159] frag 0x3c17286c ref 0 frags 0 (processing_data():157)[0m
[07:40:07.034] [1;32muart:~$ [m^[[1[12D[J[00:00:53.692,000] [0m<dbg> net_pkt.net_pkt_frag_unref_debug: (rx_q[0]): RDATA (rx_bufs) [159] frag 0x3c17286c ref 0 (net_pkt_unref_debug():612)[0m
[07:40:07.050] [1;32muart:~$ [m^[[1[12D[J[00:00:53.692,000] [0m<dbg> net_pkt.net_pkt_print: (rx_q[0]): TX 16 RX 40 RDATA 160 TDATA 80[0m
[07:40:07.066] [1;32muart:~$ [m^[[1[12D[J[1;32muart:~$ [m^[[1[12D[J[1;32muart:~$ [m^[[1[12D[J[1;31m[1;31m--- 2 messages dropped ---
[07:40:08.241] [0m[m[00:00:54.376,000] [0m<dbg> net_pkt.pkt_alloc_buffer: (wifi): RDATA (rx_bufs) [159] frag 0x3c17286c ref 1 (eth_esp32_rx():153)[0m
[07:40:08.242] [1;32muart:~$ [m^[[1[12D[J[00:00:54.376,000] [0m<dbg> net_pkt.net_pkt_write: (wifi): pkt 0x3c173cf0 data 0x3c26f2aa length 60[0m
[07:40:08.259] [1;32muart:~$ [m^[[1[12D[J[1;31m[1;31m--- 59 messages dropped ---
[07:40:08.275] [0m[m[00:00:54.376,000] [0m<dbg> net_pkt.net_pkt_unref_debug: (rx_q[0]): RX [39] pkt 0x3c173cf0 ref 0 frags 0x3c17286c (processing_data():157)[0m
[07:40:08.276] [1;32muart:~$ [m^[[1[12D[J[1;31m[1;31m--- 25 messages dropped ---
[07:40:08.292] [0m[m[00:00:54.376,000] [0m<dbg> net_pkt.net_pkt_unref_debug: (rx_q[0]): RDATA (rx_bufs) [159] frag 0x3c17286c ref 0 frags 0 (processing_data():157)[0m
[07:40:08.293] [1;32muart:~$ [m^[[1[12D[J[00:00:54.376,000] [0m<dbg> net_pkt.net_pkt_frag_unref_debug: (rx_q[0]): RDATA (rx_bufs) [159] frag 0x3c17286c ref 0 (net_pkt_unref_debug():612)[0m
[07:40:08.310] [1;32muart:~$ [m^[[1[12D[J[00:00:54.376,000] [0m<dbg> net_pkt.net_pkt_print: (rx_q[0]): TX 16 RX 40 RDATA 160 TDATA 80[0m
[07:40:08.327] [1;32muart:~$ [m^[[1[12D[J[00:00:55.195,000] [0m<dbg> net_pkt.pkt_alloc_with_buffer: (wifi): On iface 1 (0x3fc9ea10) size 60[0m
[07:40:08.343] [1;32muart:~$ [m^[[1[12D[J[00:00:55.195,000] [0m<dbg> net_pkt.net_pkt_alloc_buffer_with_reserve_debug: (wifi): Data allocation maximum size 60 (requested 60, reserve 0)[0m
[07:40:08.360] [1;32muart:~$ [m^[[1[12D[J[00:00:55.205,000] [0m<dbg> net_pkt.net_pkt_read: (rx_q[0]): pkt 0x3c172f28 data 0x3fcc36ae length 86[0m
[07:40:08.376] [1;32muart:~$ [m^[[1[12D[J[00:00:55.221,000] [0m<dbg> net_pkt.net_pkt_read: (rx_q[0]): pkt 0x3c172ee0 data 0x3fcc36ae length 74[0m
[07:40:08.393] [1;32muart:~$ [m^[[1[12D[J[00:00:55.221,000] [0m<dbg> net_pkt.net_pkt_unref_debug: (rx_q[0]): TX [15] pkt 0x3c172ee0 ref 1 frags 0x3c15d4bc (ethernet_send():800)[0m
[07:40:08.410] [1;32muart:~$ [m^[[1[12D[J[00:00:55.221,000] [0m<dbg> net_pkt.net_pkt_unref_debug: (rx_q[0]): TX [15] pkt 0x3c172ee0 ref 0 frags 0x3c15d4bc (handle_na_neighbor():1896)[0m
[07:40:08.426] [1;32muart:~$ [m^[[1[12D[J[00:00:55.221,000] [0m<dbg> net_pkt.net_pkt_unref_debug: (rx_q[0]): TDATA (tx_bufs) [78] frag 0x3c15d4bc ref 0 frags 0x3c15d4a0 (handle_na_neighbor():1896)[0m
[07:40:08.443] [1;32muart:~$ [m^[[1[12D[J[00:00:55.221,000] [0m<dbg> net_pkt.net_pkt_unref_debug: (rx_q[0]): TDATA (tx_bufs) [78] frag 0x3c15d4a0 ref 0 frags 0 (handle_na_neighbor():1896)[0m
[07:40:08.460] [1;32muart:~$ [m^[[1[12D[J[00:00:55.222,000] [0m<dbg> net_pkt.net_pkt_frag_unref_debug: (rx_q[0]): TDATA (tx_bufs) [78] frag 0x3c15d4bc ref 0 (net_pkt_unref_debug():612)[0m
[07:40:08.477] [1;32muart:~$ [m^[[1[12D[J[00:00:55.222,000] [0m<dbg> net_pkt.net_pkt_frag_unref_debug: (rx_q[0]): TDATA (tx_bufs) [79] frag 0x3c15d4a0 ref 0 (net_pkt_unref_debug():612)[0m
[07:40:08.493] [1;32muart:~$ [m^[[1[12D[J[00:00:55.222,000] [0m<dbg> net_pkt.net_pkt_unref_debug: (rx_q[0]): RX [39] pkt 0x3c173cf0 ref 0 frags 0x3c17286c (net_icmpv6_input():408)[0m
[07:40:08.510] [1;32muart:~$ [m^[[1[12D[J[00:00:55.222,000] [0m<dbg> net_pkt.net_pkt_unref_debug: (rx_q[0]): RDATA (rx_bufs) [159] frag 0x3c17286c ref 0 frags 0 (net_icmpv6_input():408)[0m
[07:40:08.526] [1;32muart:~$ [m^[[1[12D[J[00:00:55.222,000] [0m<dbg> net_pkt.net_pkt_frag_unref_debug: (rx_q[0]): RDATA (rx_bufs) [159] frag 0x3c17286c ref 0 (net_pkt_unref_debug():612)[0m
[07:40:08.543] [1;32muart:~$ [m^[[1[12D[J[00:00:55.222,000] [0m<dbg> net_pkt.net_pkt_print: (rx_q[0]): TX 16 RX 40 RDATA 160 TDATA 80[0m
[07:40:08.559] [1;32muart:~$ [m^[[1[12D[J[1;32muart:~$ [m^[[1[12D[J[1;32muart:~$ [m^[[1[12D[J[1;31m[1;31m--- 39 messages dropped ---
[07:40:09.468] [0m[m[00:00:56.421,000] [0m<dbg> net_pkt.net_pkt_skip: (rx_q[0]): pkt 0x3c172ee0 skip 4[0m
[07:40:09.469] [1;32muart:~$ [m^[[1[12D[J[00:00:56.422,000] [0m<dbg> net_pkt.net_pkt_get_reserve_data_debug: (rx_q[0]): TDATA (tx_bufs) [78] frag 0x3c15d4bc ref 1 (ethernet_fill_header():610)[0m
[07:40:09.485] [1;32muart:~$ [m^[[1[12D[J[00:00:56.422,000] [0m<dbg> net_pkt.net_pkt_frag_insert_debug: (rx_q[0]): pkt 0x3c172ee0 frag 0x3c15d4bc (ethernet_fill_header:669)[0m
[07:40:09.502] [1;32muart:~$ [m^[[1[12D[J[00:00:56.422,000] [0m<dbg> net_pkt.net_pkt_read: (rx_q[0]): pkt 0x3c172ee0 data 0x3fcc36ae length 86[0m
[07:40:09.519] [1;32muart:~$ [m^[[1[12D[J[00:00:56.422,000] [0m<dbg> net_pkt.net_pkt_unref_debug: (rx_q[0]): TX [15] pkt 0x3c172ee0 ref 0 frags 0x3c15d4bc (ethernet_send():800)[0m
[07:40:09.536] [1;32muart:~$ [m^[[1[12D[J[00:00:56.422,000] [0m<dbg> net_pkt.net_pkt_unref_debug: (rx_q[0]): TDATA (tx_bufs) [78] frag 0x3c15d4bc ref 0 frags 0x3c15d4a0 (ethernet_send():800)[0m
[07:40:09.553] [1;32muart:~$ [m^[[1[12D[J[00:00:56.422,000] [0m<dbg> net_pkt.net_pkt_unref_debug: (rx_q[0]): TDATA (tx_bufs) [78] frag 0x3c15d4a0 ref 0 frags 0 (ethernet_send():800)[0m
[07:40:09.569] [1;32muart:~$ [m^[[1[12D[J[00:00:56.422,000] [0m<dbg> net_pkt.net_pkt_frag_unref_debug: (rx_q[0]): TDATA (tx_bufs) [78] frag 0x3c15d4bc ref 0 (net_pkt_unref_debug():612)[0m
[07:40:09.586] [1;32muart:~$ [m^[[1[12D[J[00:00:56.422,000] [0m<dbg> net_pkt.net_pkt_frag_unref_debug: (rx_q[0]): TDATA (tx_bufs) [79] frag 0x3c15d4a0 ref 0 (net_pkt_unref_debug():612)[0m
[07:40:09.602] [1;32muart:~$ [m^[[1[12D[J[00:00:56.422,000] [0m<dbg> net_pkt.net_pkt_unref_debug: (rx_q[0]): RX [39] pkt 0x3c173cf0 ref 0 frags 0x3c17286c (net_icmpv6_input():408)[0m
[07:40:09.619] [1;32muart:~$ [m^[[1[12D[J[00:00:56.422,000] [0m<dbg> net_pkt.net_pkt_unref_debug: (rx_q[0]): RDATA (rx_bufs) [159] frag 0x3c17286c ref 0 frags 0 (net_icmpv6_input():408)[0m
[07:40:09.635] [1;32muart:~$ [m^[[1[12D[J[00:00:56.422,000] [0m<dbg> net_pkt.net_pkt_frag_unref_debug: (rx_q[0]): RDATA (rx_bufs) [159] frag 0x3c17286c ref 0 (net_pkt_unref_debug():612)[0m
[07:40:09.652] [1;32muart:~$ [m^[[1[12D[J[00:00:56.422,000] [0m<dbg> net_pkt.net_pkt_print: (rx_q[0]): TX 16 RX 40 RDATA 160 TDATA 80[0m
[07:40:09.668] [1;32muart:~$ [m^[[1[12D[J[1;32muart:~$ [m^[[1[12D[J[1;32muart:~$ [m^[[1[12D[J[00:00:57.239,000] [0m<dbg> net_pkt.pkt_alloc_with_buffer: (wifi): On iface 1 (0x3fc9ea10) size 60[0m
[07:40:11.284] [1;32muart:~$ [m^[[1[12D[J[00:00:57.239,000] [0m<dbg> net_pkt.net_pkt_alloc_buffer_with_reserve_debug: (wifi): Data allocation maximum size 60 (requested 60, reserve 0)[0m
[07:40:11.301] [1;32muart:~$ [m^[[1[12D[J[00:00:57.239,000] [0m<dbg> net_pkt.pkt_alloc_buffer: (wifi): RDATA (rx_bufs) [159] frag 0x3c17286c ref 1 (eth_esp32_rx():153)[0m
[07:40:11.318] [1;32muart:~$ [m^[[1[12D[J[00:00:57.239,000] [0m<dbg> net_pkt.net_pkt_write: (wifi): pkt 0x3c173cf0 data 0x3c26f2aa length 60[0m
[07:40:11.335] [1;32muart:~$ [m^[[1[12D[J[00:00:57.240,000] [0m<dbg> net_pkt.net_pkt_unref_debug: (rx_q[0]): RX [39] pkt 0x3c173cf0 ref 0 frags 0x3c17286c (processing_data():157)[0m
[07:40:11.351] [1;32muart:~$ [m^[[1[12D[J[00:00:57.240,000] [0m<dbg> net_pkt.net_pkt_unref_debug: (rx_q[0]): RDATA (rx_bufs) [159] frag 0x3c17286c ref 0 frags 0 (processing_data():157)[0m
[07:40:11.368] [1;32muart:~$ [m^[[1[12D[J[00:00:57.240,000] [0m<dbg> net_pkt.net_pkt_frag_unref_debug: (rx_q[0]): RDATA (rx_bufs) [159] frag 0x3c17286c ref 0 (net_pkt_unref_debug():612)[0m
[07:40:11.384] [1;32muart:~$ [m^[[1[12D[J[00:00:57.240,000] [0m<dbg> net_pkt.net_pkt_print: (rx_q[0]): TX 16 RX 40 RDATA 160 TDATA 80[0m
[07:40:11.401] [1;32muart:~$ [m^[[1[12D[J[1;32muart:~$ [m^[[1[12D[J[1;32muart:~$ [m^[[1[12D[J[1;31m[1;31m--- 66 messages dropped ---
[07:40:11.522] [0m[m[00:00:58.473,000] [0m<dbg> net_pkt.net_pkt_skip: (rx_q[0]): pkt 0x3c172ee0 skip 4[0m
[07:40:11.522] [1;32muart:~$ [m^[[1[12D[J[00:00:58.474,000] [0m<dbg> net_pkt.net_pkt_get_reserve_data_debug: (rx_q[0]): TDATA (tx_bufs) [78] frag 0x3c15d4bc ref 1 (ethernet_fill_header():610)[0m
[07:40:11.539] [1;32muart:~$ [m^[[1[12D[J[1;31m[1;31m--- 9 messages dropped ---
[07:40:11.555] [0m[m[00:00:58.474,000] [0m<dbg> net_pkt.net_pkt_frag_insert_debug: (rx_q[0]): pkt 0x3c172ee0 frag 0x3c15d4bc (ethernet_fill_header:669)[0m
[07:40:11.556] [1;32muart:~$ [m^[[1[12D[J[00:00:58.474,000] [0m<dbg> net_pkt.net_pkt_read: (rx_q[0]): pkt 0x3c172ee0 data 0x3fcc36ae length 86[0m
[07:40:11.573] [1;32muart:~$ [m^[[1[12D[J[00:00:58.474,000] [0m<dbg> net_pkt.net_pkt_unref_debug: (rx_q[0]): TX [15] pkt 0x3c172ee0 ref 0 frags 0x3c15d4bc (ethernet_send():800)[0m
[07:40:11.589] [1;32muart:~$ [m^[[1[12D[J[00:00:58.474,000] [0m<dbg> net_pkt.net_pkt_unref_debug: (rx_q[0]): TDATA (tx_bufs) [78] frag 0x3c15d4bc ref 0 frags 0x3c15d4a0 (ethernet_send():800)[0m
[07:40:11.606] [1;32muart:~$ [m^[[1[12D[J[00:00:58.474,000] [0m<dbg> net_pkt.net_pkt_unref_debug: (rx_q[0]): TDATA (tx_bufs) [78] frag 0x3c15d4a0 ref 0 frags 0 (ethernet_send():800)[0m
[07:40:11.623] [1;32muart:~$ [m^[[1[12D[J[00:00:58.474,000] [0m<dbg> net_pkt.net_pkt_frag_unref_debug: (rx_q[0]): TDATA (tx_bufs) [78] frag 0x3c15d4bc ref 0 (net_pkt_unref_debug():612)[0m
[07:40:11.639] [1;32muart:~$ [m^[[1[12D[J[00:00:58.477,000] [0m<dbg> net_pkt.net_pkt_skip: (rx_q[0]): pkt 0x3c173cf0 skip 40[0m
[07:40:11.656] [1;32muart:~$ [m^[[1[12D[J[00:00:58.477,000] [0m<dbg> net_pkt.net_pkt_skip: (rx_q[0]): pkt 0x3c173cf0 skip 8[0m
[07:40:11.672] [1;32muart:~$ [m^[[1[12D[J[00:00:58.477,000] [0m<dbg> net_pkt.net_pkt_skip: (rx_q[0]): pkt 0x3c173cf0 skip 32[0m
[07:40:11.688] [1;32muart:~$ [m^[[1[12D[J[00:00:58.477,000] [0m<dbg> net_pkt.net_pkt_skip: (rx_q[0]): pkt 0x3c173cf0 skip 4[0m
[07:40:11.703] [1;32muart:~$ [m^[[1[12D[J[00:00:58.477,000] [0m<dbg> net_pkt.net_pkt_skip: (rx_q[0]): pkt 0x3c173cf0 skip 20[0m
[07:40:11.720] [1;32muart:~$ [m^[[1[12D[J[00:00:58.477,000] [0m<dbg> net_pkt.net_pkt_skip: (rx_q[0]): pkt 0x3c173cf0 skip 2[0m
[07:40:11.736] [1;32muart:~$ [m^[[1[12D[J[00:00:58.477,000] [0m<dbg> net_pkt.net_pkt_skip: (rx_q[0]): pkt 0x3c173cf0 skip 66[0m
[07:40:11.752] [1;32muart:~$ [m^[[1[12D[J[00:00:58.477,000] [0m<dbg> net_pkt.net_pkt_read: (rx_q[0]): pkt 0x3c173cf0 data 0x3c15163a length 6[0m
[07:40:11.769] [1;32muart:~$ [m^[[1[12D[J[00:00:58.477,000] [0m<dbg> net_pkt.net_pkt_unref_debug: (rx_q[0]): RX [39] pkt 0x3c173cf0 ref 0 frags 0x3c17286c (net_icmpv6_input():408)[0m
[07:40:11.785] [1;32muart:~$ [m^[[1[12D[J[00:00:58.477,000] [0m<dbg> net_pkt.net_pkt_unref_debug: (rx_q[0]): RDATA (rx_bufs) [159] frag 0x3c17286c ref 0 frags 0 (net_icmpv6_input():408)[0m
[07:40:11.802] [1;32muart:~$ [m^[[1[12D[J[00:00:58.477,000] [0m<dbg> net_pkt.net_pkt_frag_unref_debug: (rx_q[0]): RDATA (rx_bufs) [159] frag 0x3c17286c ref 0 (net_pkt_unref_debug():612)[0m
[07:40:11.819] [1;32muart:~$ [m^[[1[12D[J[00:00:58.477,000] [0m<dbg> net_pkt.net_pkt_print: (rx_q[0]): TX 16 RX 40 RDATA 160 TDATA 80[0m
[07:40:11.836] [1;32muart:~$ [m^[[1[12D[J[1;32muart:~$ [m^[[1[12D[J[1;32muart:~$ [m^[[1[12D[J[1;31m[1;31m--- 2 messages dropped ---
[07:40:13.150] [0m[m[00:00:59.286,000] [0m<dbg> net_pkt.pkt_alloc_buffer: (wifi): RDATA (rx_bufs) [159] frag 0x3c17286c ref 1 (eth_esp32_rx():153)[0m
[07:40:13.151] [1;32muart:~$ [m^[[1[12D[J[00:00:59.286,000] [0m<dbg> net_pkt.net_pkt_write: (wifi): pkt 0x3c173cf0 data 0x3c26f2aa length 60[0m
[07:40:13.168] [1;32muart:~$ [m^[[1[12D[J[00:00:59.286,000] [0m<dbg> net_pkt.net_pkt_unref_debug: (rx_q[0]): RX [39] pkt 0x3c173cf0 ref 0 frags 0x3c17286c (processing_data():157)[0m
[07:40:13.185] [1;32muart:~$ [m^[[1[12D[J[00:00:59.286,000] [0m<dbg> net_pkt.net_pkt_unref_debug: (rx_q[0]): RDATA (rx_bufs) [159] frag 0x3c17286c ref 0 frags 0 (processing_data():157)[0m
[07:40:13.201] [1;32muart:~$ [m^[[1[12D[J[00:00:59.286,000] [0m<dbg> net_pkt.net_pkt_frag_unref_debug: (rx_q[0]): RDATA (rx_bufs) [159] frag 0x3c17286c ref 0 (net_pkt_unref_debug():612)[0m
[07:40:13.218] [1;32muart:~$ [m^[[1[12D[J[00:00:59.286,000] [0m<dbg> net_pkt.net_pkt_print: (rx_q[0]): TX 16 RX 40 RDATA 160 TDATA 80[0m
[07:40:13.234] [1;32muart:~$ [m^[[1[12D[J[1;31m[1;31m--- 28 messages dropped ---
[07:40:13.249] [0m[m[00:01:00.105,000] [0m<dbg> net_pkt.pkt_alloc_with_buffer: (wifi): On iface 1 (0x3fc9ea10) size 60[0m
[07:40:13.250] [1;32muart:~$ [m^[[1[12D[J[00:01:00.105,000] [0m<dbg> net_pkt.net_pkt_alloc_buffer_with_reserve_debug: (wifi): Data allocation maximum size 60 (requested 60, reserve 0)[0m
[07:40:13.272] [1;32muart:~$ [m^[[1[12D[J[1;31m[1;31m--- 100 messages dropped ---
[07:40:13.288] [0m[m[00:01:00.105,000] [0m<dbg> net_pkt.pkt_alloc_buffer: (wifi): RDATA (rx_bufs) [159] frag 0x3c17286c ref 1 (eth_esp32_rx():153)[0m
[07:40:13.289] [1;32muart:~$ [m^[[1[12D[J[00:01:00.105,000] [0m<dbg> net_pkt.net_pkt_write: (wifi): pkt 0x3c173cf0 data 0x3c26f2aa length 60[0m
[07:40:13.305] [1;32muart:~$ [m^[[1[12D[J[00:01:00.105,000] [0m<dbg> net_pkt.net_pkt_unref_debug: (rx_q[0]): RX [39] pkt 0x3c173cf0 ref 0 frags 0x3c17286c (processing_data():157)[0m
[07:40:13.322] [1;32muart:~$ [m^[[1[12D[J[00:01:00.105,000] [0m<dbg> net_pkt.net_pkt_unref_debug: (rx_q[0]): RDATA (rx_bufs) [159] frag 0x3c17286c ref 0 frags 0 (processing_data():157)[0m
[07:40:13.339] [1;32muart:~$ [m^[[1[12D[J[00:01:00.106,000] [0m<dbg> net_pkt.net_pkt_frag_unref_debug: (rx_q[0]): RDATA (rx_bufs) [159] frag 0x3c17286c ref 0 (net_pkt_unref_debug():612)[0m
[07:40:13.356] [1;32muart:~$ [m^[[1[12D[J                     : Total CPU cycles used: 205246
[07:40:13.372] [1;32muart:~$ [m^[[1[12D[J tcp_work            : STACK: unused 1728 usage 320 / 2048 (15 %); CPU: 0 %
[07:40:13.389] [1;32muart:~$ [m^[[1[12D[J[00:01:00.226,000] [0m<dbg> net_pkt.net_pkt_skip: (rx_q[0]): pkt 0x3c173cf0 skip 40[0m
[07:40:13.405] [1;32muart:~$ [m^[[1[12D[J[00:01:00.226,000] [0m<dbg> net_pkt.net_pkt_skip: (rx_q[0]): pkt 0x3c173cf0 skip 8[0m
[07:40:13.421] [1;32muart:~$ [m^[[1[12D[J[00:01:00.227,000] [0m<dbg> net_pkt.net_pkt_skip: (rx_q[0]): pkt 0x3c173cf0 skip 32[0m
[07:40:13.437] [1;32muart:~$ [m^[[1[12D[J[00:01:00.227,000] [0m<dbg> net_pkt.net_pkt_write: (rx_q[0]): pkt 0x3c173cf0 data 0x3c16a796 length 20[0m
[07:40:13.453] [1;32muart:~$ [m^[[1[12D[J[00:01:00.227,000] [0m<dbg> net_pkt.net_pkt_skip: (rx_q[0]): pkt 0x3c173cf0 skip 20[0m
[07:40:13.469] [1;32muart:~$ [m^[[1[12D[J[00:01:00.227,000] [0m<dbg> net_pkt.net_pkt_skip: (rx_q[0]): pkt 0x3c173cf0 skip 40[0m
[07:40:13.486] [1;32muart:~$ [m^[[1[12D[J[00:01:00.227,000] [0m<dbg> net_pkt.net_pkt_skip: (rx_q[0]): pkt 0x3c173cf0 skip 40[0m
[07:40:13.502] [1;32muart:~$ [m^[[1[12D[J[00:01:00.227,000] [0m<dbg> net_pkt.net_pkt_skip: (rx_q[0]): pkt 0x3c173cf0 skip 40[0m
[07:40:13.518] [1;32muart:~$ [m^[[1[12D[J[00:01:00.227,000] [0m<dbg> net_pkt.net_pkt_skip: (rx_q[0]): pkt 0x3c173cf0 skip 40[0m
[07:40:13.534] [1;32muart:~$ [m^[[1[12D[J[00:01:00.227,000] [0m<dbg> net_pkt.net_pkt_skip: (rx_q[0]): pkt 0x3c173cf0 skip 40[0m
[07:40:13.550] [1;32muart:~$ [m^[[1[12D[J[00:01:00.227,000] [0m<dbg> net_pkt.net_pkt_unref_debug: (rx_q[0]): RX [39] pkt 0x3c173cf0 ref 0 frags 0x3c17286c (tcp_in():3635)[0m
[07:40:13.567] [1;32muart:~$ [m^[[1[12D[J[00:01:00.227,000] [0m<dbg> net_pkt.net_pkt_unref_debug: (rx_q[0]): RDATA (rx_bufs) [159] frag 0x3c17286c ref 0 frags 0 (tcp_in():3635)[0m
[07:40:13.583] [1;32muart:~$ [m^[[1[12D[J[00:01:00.227,000] [0m<dbg> net_pkt.net_pkt_frag_unref_debug: (rx_q[0]): RDATA (rx_bufs) [159] frag 0x3c17286c ref 0 (net_pkt_unref_debug():612)[0m
[07:40:13.600] [1;32muart:~$ [m^[[1[12D[J[00:01:00.227,000] [0m<dbg> net_pkt.net_pkt_print: (rx_q[0]): TX 16 RX 40 RDATA 160 TDATA 80[0m
[07:40:13.616] [1;32muart:~$ [m^[[1[12D[J[1;32muart:~$ [m^[[1[12D[J[1;32muart:~$ [m^[[1[12D[J[1;31m[1;31m--- 40 messages dropped ---
[07:40:15.000] [0m[m[00:01:01.951,000] [0m<dbg> net_pkt.net_pkt_read: (rx_q[0]): pkt 0x3c172ee0 data 0x3fcc36ae length 74[0m
[07:40:15.001] [1;32muart:~$ [m^[[1[12D[J[00:01:01.951,000] [0m<dbg> net_pkt.net_pkt_unref_debug: (rx_q[0]): TX [15] pkt 0x3c172ee0 ref 1 frags 0x3c15d4bc (ethernet_send():800)[0m
[07:40:15.017] [1;32muart:~$ [m^[[1[12D[J[00:01:01.951,000] [0m<dbg> net_pkt.net_pkt_unref_debug: (rx_q[0]): TX [15] pkt 0x3c172ee0 ref 0 frags 0x3c15d4bc (tcp_send():472)[0m
[07:40:15.034] [1;32muart:~$ [m^[[1[12D[J[00:01:01.951,000] [0m<dbg> net_pkt.net_pkt_unref_debug: (rx_q[0]): TDATA (tx_bufs) [78] frag 0x3c15d4bc ref 0 frags 0x3c15d4a0 (tcp_send():472)[0m
[07:40:15.050] [1;32muart:~$ [m^[[1[12D[J[00:01:01.951,000] [0m<dbg> net_pkt.net_pkt_unref_debug: (rx_q[0]): TDATA (tx_bufs) [78] frag 0x3c15d4a0 ref 0 frags 0 (tcp_send():472)[0m
[07:40:15.067] [1;32muart:~$ [m^[[1[12D[J[00:01:01.951,000] [0m<dbg> net_pkt.net_pkt_frag_unref_debug: (rx_q[0]): TDATA (tx_bufs) [78] frag 0x3c15d4bc ref 0 (net_pkt_unref_debug():612)[0m
[07:40:15.084] [1;32muart:~$ [m^[[1[12D[J[00:01:01.951,000] [0m<dbg> net_pkt.net_pkt_frag_unref_debug: (rx_q[0]): TDATA (tx_bufs) [79] frag 0x3c15d4a0 ref 0 (net_pkt_unref_debug():612)[0m
[07:40:15.101] [1;32muart:~$ [m^[[1[12D[J[00:01:01.952,000] [0m<dbg> net_pkt.net_pkt_print: (rx_q[0]): TX 16 RX 39 RDATA 159 TDATA 80[0m
[07:40:15.117] [1;32muart:~$ [m^[[1[12D[J[00:01:01.953,000] [0m<dbg> net_pkt.net_pkt_read: (llss_thread): pkt 0x3c173cf0 data 0x3c246e00 length 5[0m
[07:40:15.133] [1;32muart:~$ [m^[[1[12D[J[00:01:01.953,000] [0m<dbg> net_pkt.net_pkt_read: (llss_thread): pkt 0x3c173cf0 data 0x3c246e05 length 233[0m
[07:40:15.150] [1;32muart:~$ [m^[[1[12D[J[00:01:01.953,000] [0m<dbg> net_pkt.net_pkt_unref_debug: (llss_thread): RX [39] pkt 0x3c173cf0 ref 0 frags 0x3c17286c (zsock_recv_stream_immediate():1423)[0m
[07:40:15.167] [1;32muart:~$ [m^[[1[12D[J[00:01:01.953,000] [0m<dbg> net_pkt.net_pkt_unref_debug: (llss_thread): RDATA (rx_bufs) [159] frag 0x3c17286c ref 0 frags 0 (zsock_recv_stream_immediate():1423)[0m
[07:40:15.184] [1;32muart:~$ [m^[[1[12D[J[00:01:01.953,000] [0m<dbg> net_pkt.net_pkt_frag_unref_debug: (llss_thread): RDATA (rx_bufs) [159] frag 0x3c17286c ref 0 (net_pkt_unref_debug():612)[0m
[07:40:15.201] [1;32muart:~$ [m^[[1[12D[J[1;32muart:~$ [m^[[1[12D[J[1;32muart:~$ [m^[[1[12D[J[00:01:02.154,000] [0m<dbg> net_pkt.pkt_alloc_with_buffer: (wifi): On iface 1 (0x3fc9ea10) size 60[0m
[07:40:16.199] [1;32muart:~$ [m^[[1[12D[J[00:01:02.154,000] [0m<dbg> net_pkt.net_pkt_alloc_buffer_with_reserve_debug: (wifi): Data allocation maximum size 60 (requested 60, reserve 0)[0m
[07:40:16.217] [1;32muart:~$ [m^[[1[12D[J[00:01:02.154,000] [0m<dbg> net_pkt.pkt_alloc_buffer: (wifi): RDATA (rx_bufs) [159] frag 0x3c17286c ref 1 (eth_esp32_rx():153)[0m
[07:40:16.233] [1;32muart:~$ [m^[[1[12D[J[00:01:02.154,000] [0m<dbg> net_pkt.net_pkt_write: (wifi): pkt 0x3c173cf0 data 0x3c26f2aa length 60[0m
[07:40:16.250] [1;32muart:~$ [m^[[1[12D[J[00:01:02.154,000] [0m<dbg> net_pkt.net_pkt_unref_debug: (rx_q[0]): RX [39] pkt 0x3c173cf0 ref 0 frags 0x3c17286c (processing_data():157)[0m
[07:40:16.267] [1;32muart:~$ [m^[[1[12D[J[00:01:02.154,000] [0m<dbg> net_pkt.net_pkt_unref_debug: (rx_q[0]): RDATA (rx_bufs) [159] frag 0x3c17286c ref 0 frags 0 (processing_data():157)[0m
[07:40:16.283] [1;32muart:~$ [m^[[1[12D[J[00:01:02.154,000] [0m<dbg> net_pkt.net_pkt_frag_unref_debug: (rx_q[0]): RDATA (rx_bufs) [159] frag 0x3c17286c ref 0 (net_pkt_unref_debug():612)[0m
[07:40:16.300] [1;32muart:~$ [m^[[1[12D[J[00:01:02.154,000] [0m<dbg> net_pkt.net_pkt_print: (rx_q[0]): TX 16 RX 40 RDATA 160 TDATA 80[0m
[07:40:16.316] [1;32muart:~$ [m^[[1[12D[J[1;32muart:~$ [m^[[1[12D[J[1;32muart:~$ [m^[[1[12D[J[00:01:03.179,000] [0m<dbg> net_pkt.pkt_alloc_with_buffer: (wifi): On iface 1 (0x3fc9ea10) size 60[0m
[07:40:17.224] [1;32muart:~$ [m^[[1[12D[J[00:01:03.180,000] [0m<dbg> net_pkt.net_pkt_alloc_buffer_with_reserve_debug: (wifi): Data allocation maximum size 60 (requested 60, reserve 0)[0m
[07:40:17.242] [1;32muart:~$ [m^[[1[12D[J[00:01:03.180,000] [0m<dbg> net_pkt.pkt_alloc_buffer: (wifi): RDATA (rx_bufs) [159] frag 0x3c17286c ref 1 (eth_esp32_rx():153)[0m
[07:40:17.259] [1;32muart:~$ [m^[[1[12D[J[00:01:03.180,000] [0m<dbg> net_pkt.net_pkt_write: (wifi): pkt 0x3c173cf0 data 0x3c26f2aa length 60[0m
[07:40:17.275] [1;32muart:~$ [m^[[1[12D[J[00:01:03.180,000] [0m<dbg> net_pkt.net_pkt_unref_debug: (rx_q[0]): RX [39] pkt 0x3c173cf0 ref 0 frags 0x3c17286c (processing_data():157)[0m
[07:40:17.292] [1;32muart:~$ [m^[[1[12D[J[00:01:03.180,000] [0m<dbg> net_pkt.net_pkt_unref_debug: (rx_q[0]): RDATA (rx_bufs) [159] frag 0x3c17286c ref 0 frags 0 (processing_data():157)[0m
[07:40:17.308] [1;32muart:~$ [m^[[1[12D[J[00:01:03.180,000] [0m<dbg> net_pkt.net_pkt_frag_unref_debug: (rx_q[0]): RDATA (rx_bufs) [159] frag 0x3c17286c ref 0 (net_pkt_unref_debug():612)[0m
[07:40:17.325] [1;32muart:~$ [m^[[1[12D[J[00:01:03.180,000] [0m<dbg> net_pkt.net_pkt_print: (rx_q[0]): TX 16 RX 40 RDATA 160 TDATA 80[0m
[07:40:17.341] [1;32muart:~$ [m^[[1[12D[J[1;32muart:~$ [m^[[1[12D[J[1;32muart:~$ [m^[[1[12D[J[00:01:04.206,000] [0m<dbg> net_pkt.pkt_alloc_with_buffer: (wifi): On iface 1 (0x3fc9ea10) size 60[0m
[07:40:18.252] [1;32muart:~$ [m^[[1[12D[J[00:01:04.206,000] [0m<dbg> net_pkt.net_pkt_alloc_buffer_with_reserve_debug: (wifi): Data allocation maximum size 60 (requested 60, reserve 0)[0m
[07:40:18.271] [1;32muart:~$ [m^[[1[12D[J[00:01:04.206,000] [0m<dbg> net_pkt.pkt_alloc_buffer: (wifi): RDATA (rx_bufs) [159] frag 0x3c17286c ref 1 (eth_esp32_rx():153)[0m
[07:40:18.288] [1;32muart:~$ [m^[[1[12D[J[00:01:04.206,000] [0m<dbg> net_pkt.net_pkt_write: (wifi): pkt 0x3c173cf0 data 0x3c26f2aa length 60[0m
[07:40:18.304] [1;32muart:~$ [m^[[1[12D[J[00:01:04.207,000] [0m<dbg> net_pkt.net_pkt_unref_debug: (rx_q[0]): RX [39] pkt 0x3c173cf0 ref 0 frags 0x3c17286c (processing_data():157)[0m
[07:40:18.321] [1;32muart:~$ [m^[[1[12D[J[00:01:04.207,000] [0m<dbg> net_pkt.net_pkt_unref_debug: (rx_q[0]): RDATA (rx_bufs) [159] frag 0x3c17286c ref 0 frags 0 (processing_data():157)[0m
[07:40:18.337] [1;32muart:~$ [m^[[1[12D[J[00:01:04.207,000] [0m<dbg> net_pkt.net_pkt_frag_unref_debug: (rx_q[0]): RDATA (rx_bufs) [159] frag 0x3c17286c ref 0 (net_pkt_unref_debug():612)[0m
[07:40:18.354] [1;32muart:~$ [m^[[1[12D[J[00:01:04.207,000] [0m<dbg> net_pkt.net_pkt_print: (rx_q[0]): TX 16 RX 40 RDATA 160 TDATA 80[0m
[07:40:18.370] [1;32muart:~$ [m^[[1[12D[J[1;32muart:~$ [m^[[1[12D[J[1;32muart:~$ [m^[[1[12D[J[00:01:05.225,000] [0m<dbg> net_pkt.pkt_alloc_with_buffer: (wifi): On iface 1 (0x3fc9ea10) size 60[0m
[07:40:19.270] [1;32muart:~$ [m^[[1[12D[J[00:01:05.225,000] [0m<dbg> net_pkt.net_pkt_alloc_buffer_with_reserve_debug: (wifi): Data allocation maximum size 60 (requested 60, reserve 0)[0m
[07:40:19.287] [1;32muart:~$ [m^[[1[12D[J[00:01:05.225,000] [0m<dbg> net_pkt.pkt_alloc_buffer: (wifi): RDATA (rx_bufs) [159] frag 0x3c17286c ref 1 (eth_esp32_rx():153)[0m
[07:40:19.304] [1;32muart:~$ [m^[[1[12D[J[00:01:05.225,000] [0m<dbg> net_pkt.net_pkt_write: (wifi): pkt 0x3c173cf0 data 0x3c26f2aa length 60[0m
[07:40:19.320] [1;32muart:~$ [m^[[1[12D[J[00:01:05.226,000] [0m<dbg> net_pkt.net_pkt_unref_debug: (rx_q[0]): RX [39] pkt 0x3c173cf0 ref 0 frags 0x3c17286c (processing_data():157)[0m
[07:40:19.337] [1;32muart:~$ [m^[[1[12D[J[00:01:05.226,000] [0m<dbg> net_pkt.net_pkt_unref_debug: (rx_q[0]): RDATA (rx_bufs) [159] frag 0x3c17286c ref 0 frags 0 (processing_data():157)[0m
[07:40:19.353] [1;32muart:~$ [m^[[1[12D[J[00:01:05.226,000] [0m<dbg> net_pkt.net_pkt_frag_unref_debug: (rx_q[0]): RDATA (rx_bufs) [159] frag 0x3c17286c ref 0 (net_pkt_unref_debug():612)[0m
[07:40:19.370] [1;32muart:~$ [m^[[1[12D[J[00:01:05.226,000] [0m<dbg> net_pkt.net_pkt_print: (rx_q[0]): TX 16 RX 40 RDATA 160 TDATA 80[0m
[07:40:19.386] [1;32muart:~$ [m^[[1[12D[J[1;32muart:~$ [m^[[1[12D[J[1;32muart:~$ [m^[[1[12D[J[1;31m[1;31m--- 97 messages dropped ---
[07:40:20.014] [0m[m[00:01:06.968,000] [0m<dbg> net_pkt.net_pkt_skip: (rx_q[0]): pkt 0x3c173cf0 skip 40[0m
[07:40:20.015] [1;32muart:~$ [m^[[1[12D[J[00:01:06.968,000] [0m<dbg> net_pkt.net_pkt_skip: (rx_q[0]): pkt 0x3c173cf0 skip 40[0m
[07:40:20.031] [1;32muart:~$ [m^[[1[12D[J[00:01:06.968,000] [0m<dbg> net_pkt.net_pkt_skip: (rx_q[0]): pkt 0x3c173cf0 skip 40[0m
[07:40:20.047] [1;32muart:~$ [m^[[1[12D[J[00:01:06.968,000] [0m<dbg> net_pkt.net_pkt_skip: (rx_q[0]): pkt 0x3c173cf0 skip 40[0m
[07:40:20.064] [1;32muart:~$ [m^[[1[12D[J[00:01:06.968,000] [0m<dbg> net_pkt.net_pkt_frag_unref_debug: (llss_thread): TDATA (tx_bufs) [76] frag 0x3c15d4f4 ref 0 (net_pkt_unref_debug():612)[0m
[07:40:20.081] [1;32muart:~$ [m^[[1[12D[J[00:01:06.968,000] [0m<dbg> net_pkt.net_pkt_frag_unref_debug: (llss_thread): TDATA (tx_bufs) [77] frag 0x3c15d4d8 ref 0 (net_pkt_unref_debug():612)[0m
[07:40:20.097] [1;32muart:~$ [m^[[1[12D[J[00:01:06.968,000] [0m<dbg> net_pkt.net_pkt_frag_unref_debug: (llss_thread): TDATA (tx_bufs) [78] frag 0x3c15d4bc ref 0 (net_pkt_unref_debug():612)[0m
[07:40:20.114] [1;32muart:~$ [m^[[1[12D[J[00:01:06.968,000] [0m<dbg> net_pkt.net_pkt_unref_debug: (llss_thread): TX [15] pkt 0x3c172ee0 ref 0 frags 0 (tcp_send_data():1875)[0m
[07:40:20.131] [1;32muart:~$ [m^[[1[12D[J[00:01:06.969,000] [0m<dbg> net_pkt.net_pkt_skip: (rx_q[0]): pkt 0x3c173cf0 skip 40[0m
[07:40:20.147] [1;32muart:~$ [m^[[1[12D[J[00:01:06.969,000] [0m<dbg> net_pkt.net_pkt_unref_debug: (rx_q[0]): RX [39] pkt 0x3c173cf0 ref 0 frags 0x3c17286c (tcp_in():3635)[0m
[07:40:20.163] [1;32muart:~$ [m^[[1[12D[J[00:01:06.969,000] [0m<dbg> net_pkt.net_pkt_unref_debug: (rx_q[0]): RDATA (rx_bufs) [159] frag 0x3c17286c ref 0 frags 0 (tcp_in():3635)[0m
[07:40:20.180] [1;32muart:~$ [m^[[1[12D[J[00:01:06.969,000] [0m<dbg> net_pkt.net_pkt_frag_unref_debug: (rx_q[0]): RDATA (rx_bufs) [159] frag 0x3c17286c ref 0 (net_pkt_unref_debug():612)[0m
[07:40:20.196] [1;32muart:~$ [m^[[1[12D[J[00:01:06.969,000] [0m<dbg> net_pkt.net_pkt_print: (rx_q[0]): TX 16 RX 40 RDATA 160 TDATA 80[0m
[07:40:20.213] [1;32muart:~$ [m^[[1[12D[J[1;32muart:~$ [m^[[1[12D[J[1;32muart:~$ [m^[[1[12D[J[00:01:07.273,000] [0m<dbg> net_pkt.pkt_alloc_with_buffer: (wifi): On iface 1 (0x3fc9ea10) size 60[0m
[07:40:21.318] [1;32muart:~$ [m^[[1[12D[J[00:01:07.273,000] [0m<dbg> net_pkt.net_pkt_alloc_buffer_with_reserve_debug: (wifi): Data allocation maximum size 60 (requested 60, reserve 0)[0m
[07:40:21.335] [1;32muart:~$ [m^[[1[12D[J[00:01:07.273,000] [0m<dbg> net_pkt.pkt_alloc_buffer: (wifi): RDATA (rx_bufs) [159] frag 0x3c17286c ref 1 (eth_esp32_rx():153)[0m
[07:40:21.352] [1;32muart:~$ [m^[[1[12D[J[00:01:07.273,000] [0m<dbg> net_pkt.net_pkt_write: (wifi): pkt 0x3c173cf0 data 0x3c26f2aa length 60[0m
[07:40:21.368] [1;32muart:~$ [m^[[1[12D[J[00:01:07.273,000] [0m<dbg> net_pkt.net_pkt_unref_debug: (rx_q[0]): RX [39] pkt 0x3c173cf0 ref 0 frags 0x3c17286c (processing_data():157)[0m
[07:40:21.385] [1;32muart:~$ [m^[[1[12D[J[00:01:07.274,000] [0m<dbg> net_pkt.net_pkt_unref_debug: (rx_q[0]): RDATA (rx_bufs) [159] frag 0x3c17286c ref 0 frags 0 (processing_data():157)[0m
[07:40:21.402] [1;32muart:~$ [m^[[1[12D[J[00:01:07.274,000] [0m<dbg> net_pkt.net_pkt_frag_unref_debug: (rx_q[0]): RDATA (rx_bufs) [159] frag 0x3c17286c ref 0 (net_pkt_unref_debug():612)[0m
[07:40:21.418] [1;32muart:~$ [m^[[1[12D[J[00:01:07.274,000] [0m<dbg> net_pkt.net_pkt_print: (rx_q[0]): TX 16 RX 40 RDATA 160 TDATA 80[0m
[07:40:21.435] [1;32muart:~$ [m^[[1[12D[J[1;32muart:~$ [m^[[1[12D[J[1;32muart:~$ [m^[[1[12D[J[1;31m[1;31m--- 40 messages dropped ---
[07:40:21.759] [0m[m[00:01:08.711,000] [0m<dbg> net_pkt.net_pkt_read: (rx_q[0]): pkt 0x3c172ee0 data 0x3fcc36ae length 74[0m
[07:40:21.760] [1;32muart:~$ [m^[[1[12D[J[00:01:08.711,000] [0m<dbg> net_pkt.net_pkt_unref_debug: (rx_q[0]): TX [15] pkt 0x3c172ee0 ref 1 frags 0x3c15d4bc (ethernet_send():800)[0m
[07:40:21.777] [1;32muart:~$ [m^[[1[12D[J[00:01:08.711,000] [0m<dbg> net_pkt.net_pkt_unref_debug: (rx_q[0]): TX [15] pkt 0x3c172ee0 ref 0 frags 0x3c15d4bc (tcp_send():472)[0m
[07:40:21.794] [1;32muart:~$ [m^[[1[12D[J[00:01:08.711,000] [0m<dbg> net_pkt.net_pkt_unref_debug: (rx_q[0]): TDATA (tx_bufs) [78] frag 0x3c15d4bc ref 0 frags 0x3c15d4a0 (tcp_send():472)[0m
[07:40:21.810] [1;32muart:~$ [m^[[1[12D[J[00:01:08.711,000] [0m<dbg> net_pkt.net_pkt_unref_debug: (rx_q[0]): TDATA (tx_bufs) [78] frag 0x3c15d4a0 ref 0 frags 0 (tcp_send():472)[0m
[07:40:21.827] [1;32muart:~$ [m^[[1[12D[J[00:01:08.711,000] [0m<dbg> net_pkt.net_pkt_frag_unref_debug: (rx_q[0]): TDATA (tx_bufs) [78] frag 0x3c15d4bc ref 0 (net_pkt_unref_debug():612)[0m
[07:40:21.846] [1;32muart:~$ [m^[[1[12D[J[00:01:08.711,000] [0m<dbg> net_pkt.net_pkt_frag_unref_debug: (rx_q[0]): TDATA (tx_bufs) [79] frag 0x3c15d4a0 ref 0 (net_pkt_unref_debug():612)[0m
[07:40:21.860] [1;32muart:~$ [m^[[1[12D[J[00:01:08.711,000] [0m<dbg> net_pkt.net_pkt_print: (rx_q[0]): TX 16 RX 39 RDATA 159 TDATA 80[0m
[07:40:21.876] [1;32muart:~$ [m^[[1[12D[J[00:01:08.713,000] [0m<dbg> net_pkt.net_pkt_read: (llss_thread): pkt 0x3c173cf0 data 0x3c246e00 length 5[0m
[07:40:21.892] [1;32muart:~$ [m^[[1[12D[J[00:01:08.713,000] [0m<dbg> net_pkt.net_pkt_read: (llss_thread): pkt 0x3c173cf0 data 0x3c246e05 length 233[0m
[07:40:21.909] [1;32muart:~$ [m^[[1[12D[J[00:01:08.713,000] [0m<dbg> net_pkt.net_pkt_unref_debug: (llss_thread): RX [39] pkt 0x3c173cf0 ref 0 frags 0x3c17286c (zsock_recv_stream_immediate():1423)[0m
[07:40:21.926] [1;32muart:~$ [m^[[1[12D[J[00:01:08.713,000] [0m<dbg> net_pkt.net_pkt_unref_debug: (llss_thread): RDATA (rx_bufs) [159] frag 0x3c17286c ref 0 frags 0 (zsock_recv_stream_immediate():1423)[0m
[07:40:21.942] [1;32muart:~$ [m^[[1[12D[J[00:01:08.713,000] [0m<dbg> net_pkt.net_pkt_frag_unref_debug: (llss_thread): RDATA (rx_bufs) [159] frag 0x3c17286c ref 0 (net_pkt_unref_debug():612)[0m
[07:40:21.959] [1;32muart:~$ [m^[[1[12D[J[1;32muart:~$ [m^[[1[12D[J[1;32muart:~$ [m^[[1[12D[J[1;31m[1;31m--- 3 messages dropped ---
[07:40:23.186] [0m[m[00:01:09.322,000] [0m<dbg> net_pkt.net_pkt_write: (wifi): pkt 0x3c173cf0 data 0x3c26f2aa length 60[0m
[07:40:23.186] [1;32muart:~$ [m^[[1[12D[J[00:01:09.322,000] [0m<dbg> net_pkt.net_pkt_unref_debug: (rx_q[0]): RX [39] pkt 0x3c173cf0 ref 0 frags 0x3c17286c (processing_data():157)[0m
[07:40:23.203] [1;32muart:~$ [m^[[1[12D[J[00:01:09.322,000] [0m<dbg> net_pkt.net_pkt_unref_debug: (rx_q[0]): RDATA (rx_bufs) [159] frag 0x3c17286c ref 0 frags 0 (processing_data():157)[0m
[07:40:23.220] [1;32muart:~$ [m^[[1[12D[J[00:01:09.322,000] [0m<dbg> net_pkt.net_pkt_frag_unref_debug: (rx_q[0]): RDATA (rx_bufs) [159] frag 0x3c17286c ref 0 (net_pkt_unref_debug():612)[0m
[07:40:23.237] [1;32muart:~$ [m^[[1[12D[J[00:01:09.323,000] [0m<dbg> net_pkt.net_pkt_print: (rx_q[0]): TX 16 RX 40 RDATA 160 TDATA 80[0m
[07:40:23.253] [1;32muart:~$ [m^[[1[12D[J[00:01:10.140,000] [0m<dbg> net_pkt.pkt_alloc_with_buffer: (wifi): On iface 1 (0x3fc9ea10) size 60[0m
[07:40:23.270] [1;32muart:~$ [m^[[1[12D[J[00:01:10.140,000] [0m<dbg> net_pkt.net_pkt_alloc_buffer_with_reserve_debug: (wifi): Data allocation maximum size 60 (requested 60, reserve 0)[0m
[07:40:23.286] [1;32muart:~$ [m^[[1[12D[J[00:01:10.140,000] [0m<dbg> net_pkt.pkt_alloc_buffer: (wifi): RDATA (rx_bufs) [159] frag 0x3c17286c ref 1 (eth_esp32_rx():153)[0m
[07:40:23.303] [1;32muart:~$ [m^[[1[12D[J[00:01:10.140,000] [0m<dbg> net_pkt.net_pkt_write: (wifi): pkt 0x3c173cf0 data 0x3c26f2aa length 60[0m
[07:40:23.319] [1;32muart:~$ [m^[[1[12D[J[00:01:10.141,000] [0m<dbg> net_pkt.net_pkt_unref_debug: (rx_q[0]): RX [39] pkt 0x3c173cf0 ref 0 frags 0x3c17286c (processing_data():157)[0m
[07:40:23.336] [1;32muart:~$ [m^[[1[12D[J[00:01:10.141,000] [0m<dbg> net_pkt.net_pkt_unref_debug: (rx_q[0]): RDATA (rx_bufs) [159] frag 0x3c17286c ref 0 frags 0 (processing_data():157)[0m
[07:40:23.352] [1;32muart:~$ [m^[[1[12D[J[00:01:10.141,000] [0m<dbg> net_pkt.net_pkt_frag_unref_debug: (rx_q[0]): RDATA (rx_bufs) [159] frag 0x3c17286c ref 0 (net_pkt_unref_debug():612)[0m
[07:40:23.369] [1;32muart:~$ [m^[[1[12D[J[00:01:10.141,000] [0m<dbg> net_pkt.net_pkt_print: (rx_q[0]): TX 16 RX 40 RDATA 160 TDATA 80[0m
[07:40:23.386] [1;32muart:~$ [m^[[1[12D[J[1;32muart:~$ [m^[[1[12D[J[1;32muart:~$ [m^[[1[12D[J[00:01:11.164,000] [0m<dbg> net_pkt.pkt_alloc_with_buffer: (wifi): On iface 1 (0x3fc9ea10) size 60[0m
[07:40:25.209] [1;32muart:~$ [m^[[1[12D[J[00:01:11.164,000] [0m<dbg> net_pkt.net_pkt_alloc_buffer_with_reserve_debug: (wifi): Data allocation maximum size 60 (requested 60, reserve 0)[0m
[07:40:25.226] [1;32muart:~$ [m^[[1[12D[J[00:01:11.164,000] [0m<dbg> net_pkt.pkt_alloc_buffer: (wifi): RDATA (rx_bufs) [159] frag 0x3c17286c ref 1 (eth_esp32_rx():153)[0m
[07:40:25.243] [1;32muart:~$ [m^[[1[12D[J[00:01:11.164,000] [0m<dbg> net_pkt.net_pkt_write: (wifi): pkt 0x3c173cf0 data 0x3c26f2aa length 60[0m
[07:40:25.259] [1;32muart:~$ [m^[[1[12D[J[00:01:11.165,000] [0m<dbg> net_pkt.net_pkt_unref_debug: (rx_q[0]): RX [39] pkt 0x3c173cf0 ref 0 frags 0x3c17286c (processing_data():157)[0m
[07:40:25.276] [1;32muart:~$ [m^[[1[12D[J[00:01:11.165,000] [0m<dbg> net_pkt.net_pkt_unref_debug: (rx_q[0]): RDATA (rx_bufs) [159] frag 0x3c17286c ref 0 frags 0 (processing_data():157)[0m
[07:40:25.292] [1;32muart:~$ [m^[[1[12D[J[00:01:11.165,000] [0m<dbg> net_pkt.net_pkt_frag_unref_debug: (rx_q[0]): RDATA (rx_bufs) [159] frag 0x3c17286c ref 0 (net_pkt_unref_debug():612)[0m
[07:40:25.309] [1;32muart:~$ [m^[[1[12D[J[00:01:11.165,000] [0m<dbg> net_pkt.net_pkt_print: (rx_q[0]): TX 16 RX 40 RDATA 160 TDATA 80[0m
[07:40:25.325] [1;32muart:~$ [m^[[1[12D[J[1;32muart:~$ [m^[[1[12D[J[1;32muart:~$ [m^[[1[12D[J[1;31m[1;31m--- 3 messages dropped ---
[07:40:26.057] [0m[m[00:01:12.189,000] [0m<dbg> net_pkt.net_pkt_write: (wifi): pkt 0x3c173cf0 data 0x3c26f2aa length 60[0m
[07:40:26.058] [1;32muart:~$ [m^[[1[12D[J[00:01:12.189,000] [0m<dbg> net_pkt.net_pkt_unref_debug: (rx_q[0]): RX [39] pkt 0x3c173cf0 ref 0 frags 0x3c17286c (processing_data():157)[0m
[07:40:26.075] [1;32muart:~$ [m^[[1[12D[J[00:01:12.189,000] [0m<dbg> net_pkt.net_pkt_unref_debug: (rx_q[0]): RDATA (rx_bufs) [159] frag 0x3c17286c ref 0 frags 0 (processing_data():157)[0m
[07:40:26.091] [1;32muart:~$ [m^[[1[12D[J[00:01:12.189,000] [0m<dbg> net_pkt.net_pkt_frag_unref_debug: (rx_q[0]): RDATA (rx_bufs) [159] frag 0x3c17286c ref 0 (net_pkt_unref_debug():612)[0m
[07:40:26.108] [1;32muart:~$ [m^[[1[12D[J[00:01:12.189,000] [0m<dbg> net_pkt.net_pkt_print: (rx_q[0]): TX 16 RX 40 RDATA 160 TDATA 80[0m
[07:40:26.124] [1;32muart:~$ [m^[[1[12D[J[00:01:13.012,000] [0m<dbg> net_pkt.pkt_alloc_with_buffer: (wifi): On iface 1 (0x3fc9ea10) size 60[0m
[07:40:26.141] [1;32muart:~$ [m^[[1[12D[J[00:01:13.012,000] [0m<dbg> net_pkt.net_pkt_alloc_buffer_with_reserve_debug: (wifi): Data allocation maximum size 60 (requested 60, reserve 0)[0m
[07:40:26.157] [1;32muart:~$ [m^[[1[12D[J[00:01:13.012,000] [0m<dbg> net_pkt.pkt_alloc_buffer: (wifi): RDATA (rx_bufs) [159] frag 0x3c17286c ref 1 (eth_esp32_rx():153)[0m
[07:40:26.174] [1;32muart:~$ [m^[[1[12D[J[00:01:13.012,000] [0m<dbg> net_pkt.net_pkt_write: (wifi): pkt 0x3c173cf0 data 0x3c26f2aa length 60[0m
[07:40:26.190] [1;32muart:~$ [m^[[1[12D[J[00:01:13.012,000] [0m<dbg> net_pkt.net_pkt_unref_debug: (rx_q[0]): RX [39] pkt 0x3c173cf0 ref 0 frags 0x3c17286c (processing_data():157)[0m
[07:40:26.207] [1;32muart:~$ [m^[[1[12D[J[00:01:13.012,000] [0m<dbg> net_pkt.net_pkt_unref_debug: (rx_q[0]): RDATA (rx_bufs) [159] frag 0x3c17286c ref 0 frags 0 (processing_data():157)[0m
[07:40:26.223] [1;32muart:~$ [m^[[1[12D[J[00:01:13.012,000] [0m<dbg> net_pkt.net_pkt_frag_unref_debug: (rx_q[0]): RDATA (rx_bufs) [159] frag 0x3c17286c ref 0 (net_pkt_unref_debug():612)[0m
[07:40:26.240] [1;32muart:~$ [m^[[1[12D[J[00:01:13.012,000] [0m<dbg> net_pkt.net_pkt_print: (rx_q[0]): TX 16 RX 40 RDATA 160 TDATA 80[0m
[07:40:26.256] [1;32muart:~$ [m^[[1[12D[J[1;32muart:~$ [m^[[1[12D[J[1;32muart:~$ [m^[[1[12D[J[1;31m[1;31m--- 72 messages dropped ---
[07:40:26.772] [0m[m[00:01:13.725,000] [0m<dbg> net_pkt.net_pkt_get_reserve_data_debug: (llss_thread): TDATA (tx_bufs) [76] frag 0x3c15d4f4 ref 1 (ethernet_fill_header():610)[0m
[07:40:26.774] [1;32muart:~$ [m^[[1[12D[J[00:01:13.725,000] [0m<dbg> net_pkt.net_pkt_frag_insert_debug: (llss_thread): pkt 0x3c172f28 frag 0x3c15d4f4 (ethernet_fill_header:669)[0m
[07:40:26.790] [1;32muart:~$ [m^[[1[12D[J[1;31m[1;31m--- 9 messages dropped ---
[07:40:26.806] [0m[m[00:01:13.725,000] [0m<dbg> net_pkt.net_pkt_read: (llss_thread): pkt 0x3c172f28 data 0x3fcc36ae length 236[0m
[07:40:26.807] [1;32muart:~$ [m^[[1[12D[J[00:01:13.726,000] [0m<dbg> net_pkt.net_pkt_unref_debug: (llss_thread): TX [14] pkt 0x3c172f28 ref 1 frags 0x3c15d4f4 (ethernet_send():800)[0m
[07:40:26.824] [1;32muart:~$ [m^[[1[12D[J[00:01:13.726,000] [0m<dbg> net_pkt.net_pkt_unref_debug: (llss_thread): TX [14] pkt 0x3c172f28 ref 0 frags 0x3c15d4f4 (tcp_send():472)[0m
[07:40:26.841] [1;32muart:~$ [m^[[1[12D[J[00:01:13.726,000] [0m<dbg> net_pkt.net_pkt_unref_debug: (llss_thread): TDATA (tx_bufs) [76] frag 0x3c15d4f4 ref 0 frags 0x3c15d4d8 (tcp_send():472)[0m
[07:40:26.858] [1;32muart:~$ [m^[[1[12D[J[00:01:13.726,000] [0m<dbg> net_pkt.net_pkt_unref_debug: (llss_thread): TDATA (tx_bufs) [76] frag 0x3c15d4d8 ref 0 frags 0x3c15d4bc (tcp_send():472)[0m
[07:40:26.875] [1;32muart:~$ [m^[[1[12D[J[00:01:13.726,000] [0m<dbg> net_pkt.net_pkt_unref_debug: (llss_thread): TDATA (tx_bufs) [76] frag 0x3c15d4bc ref 0 frags 0 (tcp_send():472)[0m
[07:40:26.892] [1;32muart:~$ [m^[[1[12D[J[00:01:13.741,000] [0m<dbg> net_pkt.net_pkt_skip: (rx_q[0]): pkt 0x3c173cf0 skip 8[0m
[07:40:26.908] [1;32muart:~$ [m^[[1[12D[J[00:01:13.741,000] [0m<dbg> net_pkt.net_pkt_skip: (rx_q[0]): pkt 0x3c173cf0 skip 32[0m
[07:40:26.925] [1;32muart:~$ [m^[[1[12D[J[00:01:13.741,000] [0m<dbg> net_pkt.net_pkt_write: (rx_q[0]): pkt 0x3c173cf0 data 0x3c16a796 length 20[0m
[07:40:26.941] [1;32muart:~$ [m^[[1[12D[J[00:01:13.741,000] [0m<dbg> net_pkt.net_pkt_skip: (rx_q[0]): pkt 0x3c173cf0 skip 20[0m
[07:40:26.957] [1;32muart:~$ [m^[[1[12D[J[00:01:13.741,000] [0m<dbg> net_pkt.net_pkt_skip: (rx_q[0]): pkt 0x3c173cf0 skip 40[0m
[07:40:26.973] [1;32muart:~$ [m^[[1[12D[J[00:01:13.741,000] [0m<dbg> net_pkt.net_pkt_skip: (rx_q[0]): pkt 0x3c173cf0 skip 40[0m
[07:40:26.989] [1;32muart:~$ [m^[[1[12D[J[00:01:13.741,000] [0m<dbg> net_pkt.net_pkt_skip: (rx_q[0]): pkt 0x3c173cf0 skip 40[0m
[07:40:27.005] [1;32muart:~$ [m^[[1[12D[J[00:01:13.741,000] [0m<dbg> net_pkt.net_pkt_skip: (rx_q[0]): pkt 0x3c173cf0 skip 40[0m
[07:40:27.021] [1;32muart:~$ [m^[[1[12D[J[00:01:13.741,000] [0m<dbg> net_pkt.net_pkt_skip: (rx_q[0]): pkt 0x3c173cf0 skip 40[0m
[07:40:27.037] [1;32muart:~$ [m^[[1[12D[J[00:01:13.742,000] [0m<dbg> net_pkt.net_pkt_unref_debug: (rx_q[0]): RX [39] pkt 0x3c173cf0 ref 0 frags 0x3c17286c (tcp_in():3635)[0m
[07:40:27.054] [1;32muart:~$ [m^[[1[12D[J[00:01:13.742,000] [0m<dbg> net_pkt.net_pkt_unref_debug: (rx_q[0]): RDATA (rx_bufs) [159] frag 0x3c17286c ref 0 frags 0 (tcp_in():3635)[0m
[07:40:27.071] [1;32muart:~$ [m^[[1[12D[J[00:01:13.742,000] [0m<dbg> net_pkt.net_pkt_frag_unref_debug: (rx_q[0]): RDATA (rx_bufs) [159] frag 0x3c17286c ref 0 (net_pkt_unref_debug():612)[0m
[07:40:27.088] [1;32muart:~$ [m^[[1[12D[J[00:01:13.742,000] [0m<dbg> net_pkt.net_pkt_print: (rx_q[0]): TX 16 RX 40 RDATA 160 TDATA 80[0m
[07:40:27.104] [1;32muart:~$ [m^[[1[12D[J[1;32muart:~$ [m^[[1[12D[J[1;32muart:~$ [m^[[1[12D[J[00:01:14.236,000] [0m<dbg> net_pkt.pkt_alloc_with_buffer: (wifi): On iface 1 (0x3fc9ea10) size 60[0m
[07:40:28.281] [1;32muart:~$ [m^[[1[12D[J[00:01:14.236,000] [0m<dbg> net_pkt.net_pkt_alloc_buffer_with_reserve_debug: (wifi): Data allocation maximum size 60 (requested 60, reserve 0)[0m
[07:40:28.298] [1;32muart:~$ [m^[[1[12D[J[00:01:14.236,000] [0m<dbg> net_pkt.pkt_alloc_buffer: (wifi): RDATA (rx_bufs) [159] frag 0x3c17286c ref 1 (eth_esp32_rx():153)[0m
[07:40:28.315] [1;32muart:~$ [m^[[1[12D[J[00:01:14.236,000] [0m<dbg> net_pkt.net_pkt_write: (wifi): pkt 0x3c173cf0 data 0x3c26f2aa length 60[0m
[07:40:28.331] [1;32muart:~$ [m^[[1[12D[J[00:01:14.237,000] [0m<dbg> net_pkt.net_pkt_unref_debug: (rx_q[0]): RX [39] pkt 0x3c173cf0 ref 0 frags 0x3c17286c (processing_data():157)[0m
[07:40:28.348] [1;32muart:~$ [m^[[1[12D[J[00:01:14.237,000] [0m<dbg> net_pkt.net_pkt_unref_debug: (rx_q[0]): RDATA (rx_bufs) [159] frag 0x3c17286c ref 0 frags 0 (processing_data():157)[0m
[07:40:28.365] [1;32muart:~$ [m^[[1[12D[J[00:01:14.237,000] [0m<dbg> net_pkt.net_pkt_frag_unref_debug: (rx_q[0]): RDATA (rx_bufs) [159] frag 0x3c17286c ref 0 (net_pkt_unref_debug():612)[0m
[07:40:28.381] [1;32muart:~$ [m^[[1[12D[J[00:01:14.237,000] [0m<dbg> net_pkt.net_pkt_print: (rx_q[0]): TX 16 RX 40 RDATA 160 TDATA 80[0m
[07:40:28.398] [1;32muart:~$ [m^[[1[12D[J[1;32muart:~$ [m^[[1[12D[J[1;32muart:~$ [m^[[1[12D[J[1;31m[1;31m--- 40 messages dropped ---
[07:40:28.517] [0m[m[00:01:15.468,000] [0m<dbg> net_pkt.net_pkt_read: (rx_q[0]): pkt 0x3c172ee0 data 0x3fcc36ae length 74[0m
[07:40:28.518] [1;32muart:~$ [m^[[1[12D[J[00:01:15.468,000] [0m<dbg> net_pkt.net_pkt_unref_debug: (rx_q[0]): TX [15] pkt 0x3c172ee0 ref 1 frags 0x3c15d4bc (ethernet_send():800)[0m
[07:40:28.535] [1;32muart:~$ [m^[[1[12D[J[00:01:15.468,000] [0m<dbg> net_pkt.net_pkt_unref_debug: (rx_q[0]): TX [15] pkt 0x3c172ee0 ref 0 frags 0x3c15d4bc (tcp_send():472)[0m
[07:40:28.552] [1;32muart:~$ [m^[[1[12D[J[00:01:15.469,000] [0m<dbg> net_pkt.net_pkt_unref_debug: (rx_q[0]): TDATA (tx_bufs) [78] frag 0x3c15d4bc ref 0 frags 0x3c15d4a0 (tcp_send():472)[0m
[07:40:28.568] [1;32muart:~$ [m^[[1[12D[J[00:01:15.469,000] [0m<dbg> net_pkt.net_pkt_unref_debug: (rx_q[0]): TDATA (tx_bufs) [78] frag 0x3c15d4a0 ref 0 frags 0 (tcp_send():472)[0m
[07:40:28.585] [1;32muart:~$ [m^[[1[12D[J[00:01:15.469,000] [0m<dbg> net_pkt.net_pkt_frag_unref_debug: (rx_q[0]): TDATA (tx_bufs) [78] frag 0x3c15d4bc ref 0 (net_pkt_unref_debug():612)[0m
[07:40:28.602] [1;32muart:~$ [m^[[1[12D[J[00:01:15.469,000] [0m<dbg> net_pkt.net_pkt_frag_unref_debug: (rx_q[0]): TDATA (tx_bufs) [79] frag 0x3c15d4a0 ref 0 (net_pkt_unref_debug():612)[0m
[07:40:28.619] [1;32muart:~$ [m^[[1[12D[J[00:01:15.469,000] [0m<dbg> net_pkt.net_pkt_print: (rx_q[0]): TX 16 RX 39 RDATA 159 TDATA 80[0m
[07:40:28.635] [1;32muart:~$ [m^[[1[12D[J[00:01:15.470,000] [0m<dbg> net_pkt.net_pkt_read: (llss_thread): pkt 0x3c173cf0 data 0x3c246e00 length 5[0m
[07:40:28.651] [1;32muart:~$ [m^[[1[12D[J[00:01:15.470,000] [0m<dbg> net_pkt.net_pkt_read: (llss_thread): pkt 0x3c173cf0 data 0x3c246e05 length 233[0m
[07:40:28.668] [1;32muart:~$ [m^[[1[12D[J[00:01:15.471,000] [0m<dbg> net_pkt.net_pkt_unref_debug: (llss_thread): RX [39] pkt 0x3c173cf0 ref 0 frags 0x3c17286c (zsock_recv_stream_immediate():1423)[0m
[07:40:28.685] [1;32muart:~$ [m^[[1[12D[J[00:01:15.471,000] [0m<dbg> net_pkt.net_pkt_unref_debug: (llss_thread): RDATA (rx_bufs) [159] frag 0x3c17286c ref 0 frags 0 (zsock_recv_stream_immediate():1423)[0m
[07:40:28.701] [1;32muart:~$ [m^[[1[12D[J[00:01:15.471,000] [0m<dbg> net_pkt.net_pkt_frag_unref_debug: (llss_thread): RDATA (rx_bufs) [159] frag 0x3c17286c ref 0 (net_pkt_unref_debug():612)[0m
[07:40:28.718] [1;32muart:~$ [m^[[1[12D[J[1;32muart:~$ [m^[[1[12D[J[1;32muart:~$ [m^[[1[12D[J[00:01:16.079,000] [0m<dbg> net_pkt.pkt_alloc_with_buffer: (wifi): On iface 1 (0x3fc9ea10) size 60[0m
[07:40:30.124] [1;32muart:~$ [m^[[1[12D[J[00:01:16.079,000] [0m<dbg> net_pkt.net_pkt_alloc_buffer_with_reserve_debug: (wifi): Data allocation maximum size 60 (requested 60, reserve 0)[0m
[07:40:30.141] [1;32muart:~$ [m^[[1[12D[J[00:01:16.079,000] [0m<dbg> net_pkt.pkt_alloc_buffer: (wifi): RDATA (rx_bufs) [159] frag 0x3c17286c ref 1 (eth_esp32_rx():153)[0m
[07:40:30.158] [1;32muart:~$ [m^[[1[12D[J[00:01:16.080,000] [0m<dbg> net_pkt.net_pkt_write: (wifi): pkt 0x3c173cf0 data 0x3c26f2aa length 60[0m
[07:40:30.174] [1;32muart:~$ [m^[[1[12D[J[00:01:16.080,000] [0m<dbg> net_pkt.net_pkt_unref_debug: (rx_q[0]): RX [39] pkt 0x3c173cf0 ref 0 frags 0x3c17286c (processing_data():157)[0m
[07:40:30.191] [1;32muart:~$ [m^[[1[12D[J[00:01:16.080,000] [0m<dbg> net_pkt.net_pkt_unref_debug: (rx_q[0]): RDATA (rx_bufs) [159] frag 0x3c17286c ref 0 frags 0 (processing_data():157)[0m
[07:40:30.208] [1;32muart:~$ [m^[[1[12D[J[00:01:16.080,000] [0m<dbg> net_pkt.net_pkt_frag_unref_debug: (rx_q[0]): RDATA (rx_bufs) [159] frag 0x3c17286c ref 0 (net_pkt_unref_debug():612)[0m
[07:40:30.224] [1;32muart:~$ [m^[[1[12D[J[00:01:16.080,000] [0m<dbg> net_pkt.net_pkt_print: (rx_q[0]): TX 16 RX 40 RDATA 160 TDATA 80[0m
[07:40:30.241] [1;32muart:~$ [m^[[1[12D[J[1;32muart:~$ [m^[[1[12D[J[1;32muart:~$ [m^[[1[12D[J[00:01:17.103,000] [0m<dbg> net_pkt.pkt_alloc_with_buffer: (wifi): On iface 1 (0x3fc9ea10) size 60[0m
[07:40:31.149] [1;32muart:~$ [m^[[1[12D[J[00:01:17.104,000] [0m<dbg> net_pkt.net_pkt_alloc_buffer_with_reserve_debug: (wifi): Data allocation maximum size 60 (requested 60, reserve 0)[0m
[07:40:31.165] [1;32muart:~$ [m^[[1[12D[J[00:01:17.104,000] [0m<dbg> net_pkt.pkt_alloc_buffer: (wifi): RDATA (rx_bufs) [159] frag 0x3c17286c ref 1 (eth_esp32_rx():153)[0m
[07:40:31.182] [1;32muart:~$ [m^[[1[12D[J[00:01:17.104,000] [0m<dbg> net_pkt.net_pkt_write: (wifi): pkt 0x3c173cf0 data 0x3c26f2aa length 60[0m
[07:40:31.199] [1;32muart:~$ [m^[[1[12D[J[00:01:17.104,000] [0m<dbg> net_pkt.net_pkt_unref_debug: (rx_q[0]): RX [39] pkt 0x3c173cf0 ref 0 frags 0x3c17286c (processing_data():157)[0m
[07:40:31.215] [1;32muart:~$ [m^[[1[12D[J[00:01:17.104,000] [0m<dbg> net_pkt.net_pkt_unref_debug: (rx_q[0]): RDATA (rx_bufs) [159] frag 0x3c17286c ref 0 frags 0 (processing_data():157)[0m
[07:40:31.232] [1;32muart:~$ [m^[[1[12D[J[00:01:17.104,000] [0m<dbg> net_pkt.net_pkt_frag_unref_debug: (rx_q[0]): RDATA (rx_bufs) [159] frag 0x3c17286c ref 0 (net_pkt_unref_debug():612)[0m
[07:40:31.248] [1;32muart:~$ [m^[[1[12D[J[00:01:17.104,000] [0m<dbg> net_pkt.net_pkt_print: (rx_q[0]): TX 16 RX 40 RDATA 160 TDATA 80[0m
[07:40:31.265] [1;32muart:~$ [m^[[1[12D[J[1;32muart:~$ [m^[[1[12D[J[1;32muart:~$ [m^[[1[12D[J[00:01:18.127,000] [0m<dbg> net_pkt.pkt_alloc_with_buffer: (wifi): On iface 1 (0x3fc9ea10) size 60[0m
[07:40:32.173] [1;32muart:~$ [m^[[1[12D[J[00:01:18.127,000] [0m<dbg> net_pkt.net_pkt_alloc_buffer_with_reserve_debug: (wifi): Data allocation maximum size 60 (requested 60, reserve 0)[0m
[07:40:32.190] [1;32muart:~$ [m^[[1[12D[J[00:01:18.128,000] [0m<dbg> net_pkt.pkt_alloc_buffer: (wifi): RDATA (rx_bufs) [159] frag 0x3c17286c ref 1 (eth_esp32_rx():153)[0m
[07:40:32.206] [1;32muart:~$ [m^[[1[12D[J[00:01:18.128,000] [0m<dbg> net_pkt.net_pkt_write: (wifi): pkt 0x3c173cf0 data 0x3c26f2aa length 60[0m
[07:40:32.223] [1;32muart:~$ [m^[[1[12D[J[00:01:18.128,000] [0m<dbg> net_pkt.net_pkt_unref_debug: (rx_q[0]): RX [39] pkt 0x3c173cf0 ref 0 frags 0x3c17286c (processing_data():157)[0m
[07:40:32.240] [1;32muart:~$ [m^[[1[12D[J[00:01:18.128,000] [0m<dbg> net_pkt.net_pkt_unref_debug: (rx_q[0]): RDATA (rx_bufs) [159] frag 0x3c17286c ref 0 frags 0 (processing_data():157)[0m
[07:40:32.256] [1;32muart:~$ [m^[[1[12D[J[00:01:18.128,000] [0m<dbg> net_pkt.net_pkt_frag_unref_debug: (rx_q[0]): RDATA (rx_bufs) [159] frag 0x3c17286c ref 0 (net_pkt_unref_debug():612)[0m
[07:40:32.273] [1;32muart:~$ [m^[[1[12D[J[00:01:18.128,000] [0m<dbg> net_pkt.net_pkt_print: (rx_q[0]): TX 16 RX 40 RDATA 160 TDATA 80[0m
[07:40:32.289] [1;32muart:~$ [m^[[1[12D[J[1;32muart:~$ [m^[[1[12D[J[1;32muart:~$ [m^[[1[12D[J[00:01:19.151,000] [0m<dbg> net_pkt.pkt_alloc_with_buffer: (wifi): On iface 1 (0x3fc9ea10) size 60[0m
[07:40:33.196] [1;32muart:~$ [m^[[1[12D[J[00:01:19.151,000] [0m<dbg> net_pkt.net_pkt_alloc_buffer_with_reserve_debug: (wifi): Data allocation maximum size 60 (requested 60, reserve 0)[0m
[07:40:33.213] [1;32muart:~$ [m^[[1[12D[J[00:01:19.152,000] [0m<dbg> net_pkt.pkt_alloc_buffer: (wifi): RDATA (rx_bufs) [159] frag 0x3c17286c ref 1 (eth_esp32_rx():153)[0m
[07:40:33.230] [1;32muart:~$ [m^[[1[12D[J[00:01:19.152,000] [0m<dbg> net_pkt.net_pkt_write: (wifi): pkt 0x3c173cf0 data 0x3c26f2aa length 60[0m
[07:40:33.246] [1;32muart:~$ [m^[[1[12D[J[00:01:19.152,000] [0m<dbg> net_pkt.net_pkt_unref_debug: (rx_q[0]): RX [39] pkt 0x3c173cf0 ref 0 frags 0x3c17286c (processing_data():157)[0m
[07:40:33.263] [1;32muart:~$ [m^[[1[12D[J[00:01:19.152,000] [0m<dbg> net_pkt.net_pkt_unref_debug: (rx_q[0]): RDATA (rx_bufs) [159] frag 0x3c17286c ref 0 frags 0 (processing_data():157)[0m
[07:40:33.280] [1;32muart:~$ [m^[[1[12D[J[00:01:19.152,000] [0m<dbg> net_pkt.net_pkt_frag_unref_debug: (rx_q[0]): RDATA (rx_bufs) [159] frag 0x3c17286c ref 0 (net_pkt_unref_debug():612)[0m
[07:40:33.296] [1;32muart:~$ [m^[[1[12D[J[00:01:19.152,000] [0m<dbg> net_pkt.net_pkt_print: (rx_q[0]): TX 16 RX 40 RDATA 160 TDATA 80[0m
[07:40:33.312] [1;32muart:~$ [m^[[1[12D[J[1;32muart:~$ [m^[[1[12D[J[1;32muart:~$ [m^[[1[12D[J[1;31m[1;31m--- 28 messages dropped ---
[07:40:33.524] [0m[m[00:01:20.475,000] [0m<dbg> net_pkt.net_pkt_ref_debug: (llss_thread): TX [14] pkt 0x3c172f28 ref 2 (tcp_send():424)[0m
[07:40:33.530] [1;32muart:~$ [m^[[1[12D[J[1;31m[1;31m--- 44 messages dropped ---
[07:40:33.546] [0m[m[00:01:20.475,000] [0m<dbg> net_pkt.net_pkt_get_reserve_data_debug: (llss_thread): TDATA (tx_bufs) [76] frag 0x3c15d4f4 ref 1 (ethernet_fill_header():610)[0m
[07:40:33.548] [1;32muart:~$ [m^[[1[12D[J[1;31m[1;31m--- 15 messages dropped ---
[07:40:33.564] [0m[m[00:01:20.475,000] [0m<dbg> net_pkt.net_pkt_frag_insert_debug: (llss_thread): pkt 0x3c172f28 frag 0x3c15d4f4 (ethernet_fill_header:669)[0m
[07:40:33.565] [1;32muart:~$ [m^[[1[12D[J[00:01:20.475,000] [0m<dbg> net_pkt.net_pkt_read: (llss_thread): pkt 0x3c172f28 data 0x3fcc36ae length 295[0m
[07:40:33.581] [1;32muart:~$ [m^[[1[12D[J[00:01:20.477,000] [0m<dbg> net_pkt.net_pkt_unref_debug: (llss_thread): TX [14] pkt 0x3c172f28 ref 1 frags 0x3c15d4f4 (ethernet_send():800)[0m
[07:40:33.598] [1;32muart:~$ [m^[[1[12D[J[00:01:20.477,000] [0m<dbg> net_pkt.net_pkt_unref_debug: (llss_thread): TX [14] pkt 0x3c172f28 ref 0 frags 0x3c15d4f4 (tcp_send():472)[0m
[07:40:33.615] [1;32muart:~$ [m^[[1[12D[J[00:01:20.477,000] [0m<dbg> net_pkt.net_pkt_unref_debug: (llss_thread): TDATA (tx_bufs) [76] frag 0x3c15d4f4 ref 0 frags 0x3c15d4d8 (tcp_send():472)[0m
[07:40:33.632] [1;32muart:~$ [m^[[1[12D[J[00:01:20.484,000] [0m<dbg> net_pkt.net_pkt_unref_debug: (rx_q[0]): TX [14] pkt 0x3c172f28 ref 0 frags 0x3c15d4f4 (tcp_send():472)[0m
[07:40:33.649] [1;32muart:~$ [m^[[1[12D[J[00:01:20.491,000] [0m<dbg> net_pkt.net_pkt_skip: (rx_q[0]): pkt 0x3c173cf0 skip 40[0m
[07:40:33.665] [1;32muart:~$ [m^[[1[12D[J[00:01:20.491,000] [0m<dbg> net_pkt.net_pkt_skip: (rx_q[0]): pkt 0x3c173cf0 skip 8[0m
[07:40:33.681] [1;32muart:~$ [m^[[1[12D[J[00:01:20.491,000] [0m<dbg> net_pkt.net_pkt_skip: (rx_q[0]): pkt 0x3c173cf0 skip 32[0m
[07:40:33.697] [1;32muart:~$ [m^[[1[12D[J[00:01:20.491,000] [0m<dbg> net_pkt.net_pkt_write: (rx_q[0]): pkt 0x3c173cf0 data 0x3c16a796 length 20[0m
[07:40:33.713] [1;32muart:~$ [m^[[1[12D[J[00:01:20.491,000] [0m<dbg> net_pkt.net_pkt_skip: (rx_q[0]): pkt 0x3c173cf0 skip 20[0m
[07:40:33.729] [1;32muart:~$ [m^[[1[12D[J[00:01:20.491,000] [0m<dbg> net_pkt.net_pkt_skip: (rx_q[0]): pkt 0x3c173cf0 skip 40[0m
[07:40:33.745] [1;32muart:~$ [m^[[1[12D[J[00:01:20.491,000] [0m<dbg> net_pkt.net_pkt_skip: (rx_q[0]): pkt 0x3c173cf0 skip 40[0m
[07:40:33.762] [1;32muart:~$ [m^[[1[12D[J[00:01:20.491,000] [0m<dbg> net_pkt.net_pkt_skip: (rx_q[0]): pkt 0x3c173cf0 skip 40[0m
[07:40:33.778] [1;32muart:~$ [m^[[1[12D[J[00:01:20.491,000] [0m<dbg> net_pkt.net_pkt_skip: (rx_q[0]): pkt 0x3c173cf0 skip 40[0m
[07:40:33.795] [1;32muart:~$ [m^[[1[12D[J[00:01:20.491,000] [0m<dbg> net_pkt.net_pkt_skip: (rx_q[0]): pkt 0x3c173cf0 skip 40[0m
[07:40:33.811] [1;32muart:~$ [m^[[1[12D[J[00:01:20.492,000] [0m<dbg> net_pkt.net_pkt_unref_debug: (rx_q[0]): RDATA (rx_bufs) [159] frag 0x3c17286c ref 0 frags 0 (tcp_in():3635)[0m
[07:40:33.828] [1;32muart:~$ [m^[[1[12D[J[00:01:20.492,000] [0m<dbg> net_pkt.net_pkt_frag_unref_debug: (rx_q[0]): RDATA (rx_bufs) [159] frag 0x3c17286c ref 0 (net_pkt_unref_debug():612)[0m
[07:40:33.845] [1;32muart:~$ [m^[[1[12D[J[00:01:20.492,000] [0m<dbg> net_pkt.net_pkt_print: (rx_q[0]): TX 16 RX 40 RDATA 160 TDATA 80[0m
[07:40:33.861] [1;32muart:~$ [m^[[1[12D[J[1;32muart:~$ [m^[[1[12D[J[1;32muart:~$ [m^[[1[12D[J[00:01:21.199,000] [0m<dbg> net_pkt.pkt_alloc_with_buffer: (wifi): On iface 1 (0x3fc9ea10) size 60[0m
[07:40:35.245] [1;32muart:~$ [m^[[1[12D[J[00:01:21.199,000] [0m<dbg> net_pkt.net_pkt_alloc_buffer_with_reserve_debug: (wifi): Data allocation maximum size 60 (requested 60, reserve 0)[0m
[07:40:35.261] [1;32muart:~$ [m^[[1[12D[J[00:01:21.200,000] [0m<dbg> net_pkt.pkt_alloc_buffer: (wifi): RDATA (rx_bufs) [159] frag 0x3c17286c ref 1 (eth_esp32_rx():153)[0m
[07:40:35.278] [1;32muart:~$ [m^[[1[12D[J[1;31m[1;31m--- 40 messages dropped ---
[07:40:35.294] [0m[m[00:01:21.200,000] [0m<dbg> net_pkt.net_pkt_write: (wifi): pkt 0x3c173cf0 data 0x3c26f2aa length 60[0m
[07:40:35.295] [1;32muart:~$ [m^[[1[12D[J[00:01:21.200,000] [0m<dbg> net_pkt.net_pkt_unref_debug: (rx_q[0]): RX [39] pkt 0x3c173cf0 ref 0 frags 0x3c17286c (processing_data():157)[0m
[07:40:35.312] [1;32muart:~$ [m^[[1[12D[J[00:01:21.200,000] [0m<dbg> net_pkt.net_pkt_unref_debug: (rx_q[0]): RDATA (rx_bufs) [159] frag 0x3c17286c ref 0 frags 0 (processing_data():157)[0m
[07:40:35.329] [1;32muart:~$ [m^[[1[12D[J[00:01:21.200,000] [0m<dbg> net_pkt.net_pkt_frag_unref_debug: (rx_q[0]): RDATA (rx_bufs) [159] frag 0x3c17286c ref 0 (net_pkt_unref_debug():612)[0m
[07:40:35.346] [1;32muart:~$ [m^[[1[12D[J[00:01:21.200,000] [0m<dbg> net_pkt.net_pkt_print: (rx_q[0]): TX 16 RX 40 RDATA 160 TDATA 80[0m
[07:40:35.363] [1;32muart:~$ [m^[[1[12D[J[00:01:22.227,000] [0m<dbg> net_pkt.net_pkt_read: (rx_q[0]): pkt 0x3c172ee0 data 0x3fcc36ae length 74[0m
[07:40:35.379] [1;32muart:~$ [m^[[1[12D[J[00:01:22.228,000] [0m<dbg> net_pkt.net_pkt_unref_debug: (rx_q[0]): TX [15] pkt 0x3c172ee0 ref 1 frags 0x3c15d4bc (ethernet_send():800)[0m
[07:40:35.395] [1;32muart:~$ [m^[[1[12D[J[00:01:22.228,000] [0m<dbg> net_pkt.net_pkt_unref_debug: (rx_q[0]): TX [15] pkt 0x3c172ee0 ref 0 frags 0x3c15d4bc (tcp_send():472)[0m
[07:40:35.412] [1;32muart:~$ [m^[[1[12D[J[00:01:22.228,000] [0m<dbg> net_pkt.net_pkt_unref_debug: (rx_q[0]): TDATA (tx_bufs) [78] frag 0x3c15d4bc ref 0 frags 0x3c15d4a0 (tcp_send():472)[0m
[07:40:35.428] [1;32muart:~$ [m^[[1[12D[J[00:01:22.228,000] [0m<dbg> net_pkt.net_pkt_unref_debug: (rx_q[0]): TDATA (tx_bufs) [78] frag 0x3c15d4a0 ref 0 frags 0 (tcp_send():472)[0m
[07:40:35.445] [1;32muart:~$ [m^[[1[12D[J[00:01:22.228,000] [0m<dbg> net_pkt.net_pkt_frag_unref_debug: (rx_q[0]): TDATA (tx_bufs) [78] frag 0x3c15d4bc ref 0 (net_pkt_unref_debug():612)[0m
[07:40:35.461] [1;32muart:~$ [m^[[1[12D[J[00:01:22.228,000] [0m<dbg> net_pkt.net_pkt_frag_unref_debug: (rx_q[0]): TDATA (tx_bufs) [79] frag 0x3c15d4a0 ref 0 (net_pkt_unref_debug():612)[0m
[07:40:35.478] [1;32muart:~$ [m^[[1[12D[J[00:01:22.228,000] [0m<dbg> net_pkt.net_pkt_print: (rx_q[0]): TX 16 RX 39 RDATA 159 TDATA 80[0m
[07:40:35.495] [1;32muart:~$ [m^[[1[12D[J[00:01:22.229,000] [0m<dbg> net_pkt.net_pkt_read: (llss_thread): pkt 0x3c173cf0 data 0x3c246e00 length 5[0m
[07:40:35.511] [1;32muart:~$ [m^[[1[12D[J[00:01:22.229,000] [0m<dbg> net_pkt.net_pkt_read: (llss_thread): pkt 0x3c173cf0 data 0x3c246e05 length 233[0m
[07:40:35.528] [1;32muart:~$ [m^[[1[12D[J[00:01:22.230,000] [0m<dbg> net_pkt.net_pkt_unref_debug: (llss_thread): RX [39] pkt 0x3c173cf0 ref 0 frags 0x3c17286c (zsock_recv_stream_immediate():1423)[0m
[07:40:35.545] [1;32muart:~$ [m^[[1[12D[J[00:01:22.230,000] [0m<dbg> net_pkt.net_pkt_unref_debug: (llss_thread): RDATA (rx_bufs) [159] frag 0x3c17286c ref 0 frags 0 (zsock_recv_stream_immediate():1423)[0m
[07:40:35.561] [1;32muart:~$ [m^[[1[12D[J[00:01:22.230,000] [0m<dbg> net_pkt.net_pkt_frag_unref_debug: (llss_thread): RDATA (rx_bufs) [159] frag 0x3c17286c ref 0 (net_pkt_unref_debug():612)[0m
[07:40:35.578] [1;32muart:~$ [m^[[1[12D[J[1;32muart:~$ [m^[[1[12D[J[1;32muart:~$ [m^[[1[12D[J[00:01:23.247,000] [0m<dbg> net_pkt.pkt_alloc_with_buffer: (wifi): On iface 1 (0x3fc9ea10) size 60[0m
[07:40:37.293] [1;32muart:~$ [m^[[1[12D[J[00:01:23.247,000] [0m<dbg> net_pkt.net_pkt_alloc_buffer_with_reserve_debug: (wifi): Data allocation maximum size 60 (requested 60, reserve 0)[0m
[07:40:37.310] [1;32muart:~$ [m^[[1[12D[J[00:01:23.248,000] [0m<dbg> net_pkt.pkt_alloc_buffer: (wifi): RDATA (rx_bufs) [159] frag 0x3c17286c ref 1 (eth_esp32_rx():153)[0m
[07:40:37.327] [1;32muart:~$ [m^[[1[12D[J[00:01:23.248,000] [0m<dbg> net_pkt.net_pkt_write: (wifi): pkt 0x3c173cf0 data 0x3c26f2aa length 60[0m
[07:40:37.344] [1;32muart:~$ [m^[[1[12D[J[00:01:23.248,000] [0m<dbg> net_pkt.net_pkt_unref_debug: (rx_q[0]): RX [39] pkt 0x3c173cf0 ref 0 frags 0x3c17286c (processing_data():157)[0m
[07:40:37.361] [1;32muart:~$ [m^[[1[12D[J[00:01:23.248,000] [0m<dbg> net_pkt.net_pkt_unref_debug: (rx_q[0]): RDATA (rx_bufs) [159] frag 0x3c17286c ref 0 frags 0 (processing_data():157)[0m
[07:40:37.377] [1;32muart:~$ [m^[[1[12D[J[00:01:23.248,000] [0m<dbg> net_pkt.net_pkt_frag_unref_debug: (rx_q[0]): RDATA (rx_bufs) [159] frag 0x3c17286c ref 0 (net_pkt_unref_debug():612)[0m
[07:40:37.394] [1;32muart:~$ [m^[[1[12D[J[00:01:23.248,000] [0m<dbg> net_pkt.net_pkt_print: (rx_q[0]): TX 16 RX 40 RDATA 160 TDATA 80[0m
[07:40:37.410] [1;32muart:~$ [m^[[1[12D[J[1;32muart:~$ [m^[[1[12D[J[1;32muart:~$ [m^[[1[12D[J[1;31m[1;31m--- 2 messages dropped ---
[07:40:38.136] [0m[m[00:01:24.277,000] [0m<dbg> net_pkt.pkt_alloc_buffer: (wifi): RDATA (rx_bufs) [159] frag 0x3c17286c ref 1 (eth_esp32_rx():153)[0m
[07:40:38.137] [1;32muart:~$ [m^[[1[12D[J[00:01:24.277,000] [0m<dbg> net_pkt.net_pkt_write: (wifi): pkt 0x3c173cf0 data 0x3c26f2aa length 60[0m
[07:40:38.153] [1;32muart:~$ [m^[[1[12D[J[00:01:24.277,000] [0m<dbg> net_pkt.net_pkt_unref_debug: (rx_q[0]): RX [39] pkt 0x3c173cf0 ref 0 frags 0x3c17286c (processing_data():157)[0m
[07:40:38.170] [1;32muart:~$ [m^[[1[12D[J[00:01:24.278,000] [0m<dbg> net_pkt.net_pkt_unref_debug: (rx_q[0]): RDATA (rx_bufs) [159] frag 0x3c17286c ref 0 frags 0 (processing_data():157)[0m
[07:40:38.187] [1;32muart:~$ [m^[[1[12D[J[00:01:24.278,000] [0m<dbg> net_pkt.net_pkt_frag_unref_debug: (rx_q[0]): RDATA (rx_bufs) [159] frag 0x3c17286c ref 0 (net_pkt_unref_debug():612)[0m
[07:40:38.203] [1;32muart:~$ [m^[[1[12D[J[00:01:24.278,000] [0m<dbg> net_pkt.net_pkt_print: (rx_q[0]): TX 16 RX 40 RDATA 160 TDATA 80[0m
[07:40:38.220] [1;32muart:~$ [m^[[1[12D[J[00:01:25.090,000] [0m<dbg> net_pkt.pkt_alloc_with_buffer: (wifi): On iface 1 (0x3fc9ea10) size 60[0m
[07:40:38.236] [1;32muart:~$ [m^[[1[12D[J[00:01:25.091,000] [0m<dbg> net_pkt.net_pkt_alloc_buffer_with_reserve_debug: (wifi): Data allocation maximum size 60 (requested 60, reserve 0)[0m
[07:40:38.253] [1;32muart:~$ [m^[[1[12D[J[00:01:25.091,000] [0m<dbg> net_pkt.pkt_alloc_buffer: (wifi): RDATA (rx_bufs) [159] frag 0x3c17286c ref 1 (eth_esp32_rx():153)[0m
[07:40:38.270] [1;32muart:~$ [m^[[1[12D[J[00:01:25.091,000] [0m<dbg> net_pkt.net_pkt_write: (wifi): pkt 0x3c173cf0 data 0x3c26f2aa length 60[0m
[07:40:38.286] [1;32muart:~$ [m^[[1[12D[J[00:01:25.091,000] [0m<dbg> net_pkt.net_pkt_unref_debug: (rx_q[0]): RX [39] pkt 0x3c173cf0 ref 0 frags 0x3c17286c (processing_data():157)[0m
[07:40:38.303] [1;32muart:~$ [m^[[1[12D[J[00:01:25.091,000] [0m<dbg> net_pkt.net_pkt_unref_debug: (rx_q[0]): RDATA (rx_bufs) [159] frag 0x3c17286c ref 0 frags 0 (processing_data():157)[0m
[07:40:38.319] [1;32muart:~$ [m^[[1[12D[J[00:01:25.091,000] [0m<dbg> net_pkt.net_pkt_frag_unref_debug: (rx_q[0]): RDATA (rx_bufs) [159] frag 0x3c17286c ref 0 (net_pkt_unref_debug():612)[0m
[07:40:38.336] [1;32muart:~$ [m^[[1[12D[J[00:01:25.091,000] [0m<dbg> net_pkt.net_pkt_print: (rx_q[0]): TX 16 RX 40 RDATA 160 TDATA 80[0m
[07:40:38.353] [1;32muart:~$ [m^[[1[12D[J[1;32muart:~$ [m^[[1[12D[J[1;32muart:~$ [m^[[1[12D[J[1;31m[1;31m--- 14 messages dropped ---
[07:40:38.525] [0m[m[00:01:25.476,000] [0m<dbg> net_pkt.net_pkt_skip: (sysworkq): pkt 0x3c172ee0 skip 40[0m
[07:40:38.526] [1;32muart:~$ [m^[[1[12D[J[1;31m[1;31m--- 4 messages dropped ---
[07:40:38.542] [0m[m[00:01:25.476,000] [0m<dbg> net_pkt.net_pkt_skip: (sysworkq): pkt 0x3c172ee0 skip 8[0m
[07:40:38.542] [1;32muart:~$ [m^[[1[12D[J[00:01:25.476,000] [0m<dbg> net_pkt.net_pkt_skip: (sysworkq): pkt 0x3c172ee0 skip 32[0m
[07:40:38.559] [1;32muart:~$ [m^[[1[12D[J[00:01:25.476,000] [0m<dbg> net_pkt.net_pkt_write: (sysworkq): pkt 0x3c172ee0 data 0x3c1534c8 length 4[0m
[07:40:38.576] [1;32muart:~$ [m^[[1[12D[J[00:01:25.476,000] [0m<dbg> net_pkt.net_pkt_skip: (sysworkq): pkt 0x3c172ee0 skip 4[0m
[07:40:38.592] [1;32muart:~$ [m^[[1[12D[J[00:01:25.476,000] [0m<dbg> net_pkt.net_pkt_get_reserve_data_debug: (sysworkq): TDATA (tx_bufs) [78] frag 0x3c15d4bc ref 1 (ethernet_fill_header():610)[0m
[07:40:38.608] [1;32muart:~$ [m^[[1[12D[J[00:01:25.476,000] [0m<dbg> net_pkt.net_pkt_frag_insert_debug: (sysworkq): pkt 0x3c172ee0 frag 0x3c15d4bc (ethernet_fill_header:669)[0m
[07:40:38.625] [1;32muart:~$ [m^[[1[12D[J[00:01:25.476,000] [0m<dbg> net_pkt.net_pkt_read: (sysworkq): pkt 0x3c172ee0 data 0x3fcc36ae length 86[0m
[07:40:38.642] [1;32muart:~$ [m^[[1[12D[J[00:01:25.477,000] [0m<dbg> net_pkt.net_pkt_frag_unref_debug: (sysworkq): TDATA (tx_bufs) [79] frag 0x3c15d4a0 ref 0 (net_pkt_unref_debug():612)[0m
[07:40:38.658] [1;32muart:~$ [m^[[1[12D[J[00:01:25.479,000] [0m<dbg> net_pkt.pkt_alloc_with_buffer: (wifi): On iface 1 (0x3fc9ea10) size 78[0m
[07:40:38.675] [1;32muart:~$ [m^[[1[12D[J[00:01:25.479,000] [0m<dbg> net_pkt.net_pkt_alloc_buffer_with_reserve_debug: (wifi): Data allocation maximum size 78 (requested 78, reserve 0)[0m
[07:40:38.691] [1;32muart:~$ [m^[[1[12D[J[00:01:25.480,000] [0m<dbg> net_pkt.pkt_alloc_buffer: (wifi): RDATA (rx_bufs) [159] frag 0x3c17286c ref 1 (eth_esp32_rx():153)[0m
[07:40:38.708] [1;32muart:~$ [m^[[1[12D[J[00:01:25.480,000] [0m<dbg> net_pkt.net_pkt_write: (wifi): pkt 0x3c173cf0 data 0x3c26f2ac length 78[0m
[07:40:38.724] [1;32muart:~$ [m^[[1[12D[J[00:01:25.480,000] [0m<dbg> net_pkt.net_pkt_skip: (rx_q[0]): pkt 0x3c173cf0 skip 40[0m
[07:40:38.740] [1;32muart:~$ [m^[[1[12D[J[00:01:25.480,000] [0m<dbg> net_pkt.net_pkt_skip: (rx_q[0]): pkt 0x3c173cf0 skip 8[0m
[07:40:38.757] [1;32muart:~$ [m^[[1[12D[J[00:01:25.480,000] [0m<dbg> net_pkt.net_pkt_skip: (rx_q[0]): pkt 0x3c173cf0 skip 32[0m
[07:40:38.773] [1;32muart:~$ [m^[[1[12D[J[00:01:25.480,000] [0m<dbg> net_pkt.net_pkt_skip: (rx_q[0]): pkt 0x3c173cf0 skip 4[0m
[07:40:38.789] [1;32muart:~$ [m^[[1[12D[J[00:01:25.480,000] [0m<dbg> net_pkt.net_pkt_unref_debug: (rx_q[0]): RX [39] pkt 0x3c173cf0 ref 0 frags 0x3c17286c (processing_data():157)[0m
[07:40:38.806] [1;32muart:~$ [m^[[1[12D[J[00:01:25.480,000] [0m<dbg> net_pkt.net_pkt_unref_debug: (rx_q[0]): RDATA (rx_bufs) [159] frag 0x3c17286c ref 0 frags 0 (processing_data():157)[0m
[07:40:38.822] [1;32muart:~$ [m^[[1[12D[J[00:01:25.480,000] [0m<dbg> net_pkt.net_pkt_frag_unref_debug: (rx_q[0]): RDATA (rx_bufs) [159] frag 0x3c17286c ref 0 (net_pkt_unref_debug():612)[0m
[07:40:38.839] [1;32muart:~$ [m^[[1[12D[J[00:01:25.480,000] [0m<dbg> net_pkt.net_pkt_print: (rx_q[0]): TX 16 RX 40 RDATA 160 TDATA 80[0m
[07:40:38.855] [1;32muart:~$ [m^[[1[12D[J[1;32muart:~$ [m^[[1[12D[J[1;32muart:~$ [m^[[1[12D[J[1;31m[1;31m--- 21 messages dropped ---
[07:40:39.526] [0m[m[00:01:26.477,000] [0m<dbg> net_pkt.net_pkt_write: (sysworkq): pkt 0x3c172ee0 data 0x3c1534a0 length 40[0m
[07:40:39.527] [1;32muart:~$ [m^[[1[12D[J[1;31m[1;31m--- 5 messages dropped ---
[07:40:39.543] [0m[m[00:01:26.477,000] [0m<dbg> net_pkt.net_pkt_skip: (sysworkq): pkt 0x3c172ee0 skip 40[0m
[07:40:39.544] [1;32muart:~$ [m^[[1[12D[J[00:01:26.477,000] [0m<dbg> net_pkt.net_pkt_skip: (sysworkq): pkt 0x3c172ee0 skip 8[0m
[07:40:39.560] [1;32muart:~$ [m^[[1[12D[J[00:01:26.477,000] [0m<dbg> net_pkt.net_pkt_skip: (sysworkq): pkt 0x3c172ee0 skip 32[0m
[07:40:39.576] [1;32muart:~$ [m^[[1[12D[J[00:01:26.477,000] [0m<dbg> net_pkt.net_pkt_write: (sysworkq): pkt 0x3c172ee0 data 0x3c1534c8 length 4[0m
[07:40:39.593] [1;32muart:~$ [m^[[1[12D[J[00:01:26.477,000] [0m<dbg> net_pkt.net_pkt_skip: (sysworkq): pkt 0x3c172ee0 skip 4[0m
[07:40:39.610] [1;32muart:~$ [m^[[1[12D[J[00:01:26.478,000] [0m<dbg> net_pkt.net_pkt_get_reserve_data_debug: (sysworkq): TDATA (tx_bufs) [78] frag 0x3c15d4bc ref 1 (ethernet_fill_header():610)[0m
[07:40:39.626] [1;32muart:~$ [m^[[1[12D[J[00:01:26.478,000] [0m<dbg> net_pkt.net_pkt_frag_insert_debug: (sysworkq): pkt 0x3c172ee0 frag 0x3c15d4bc (ethernet_fill_header:669)[0m
[07:40:39.642] [1;32muart:~$ [m^[[1[12D[J[00:01:26.478,000] [0m<dbg> net_pkt.net_pkt_frag_unref_debug: (sysworkq): TDATA (tx_bufs) [79] frag 0x3c15d4a0 ref 0 (net_pkt_unref_debug():612)[0m
[07:40:39.659] [1;32muart:~$ [m^[[1[12D[J[00:01:26.480,000] [0m<dbg> net_pkt.pkt_alloc_with_buffer: (wifi): On iface 1 (0x3fc9ea10) size 78[0m
[07:40:39.675] [1;32muart:~$ [m^[[1[12D[J[00:01:26.481,000] [0m<dbg> net_pkt.net_pkt_alloc_buffer_with_reserve_debug: (wifi): Data allocation maximum size 78 (requested 78, reserve 0)[0m
[07:40:39.692] [1;32muart:~$ [m^[[1[12D[J[00:01:26.481,000] [0m<dbg> net_pkt.pkt_alloc_buffer: (wifi): RDATA (rx_bufs) [159] frag 0x3c17286c ref 1 (eth_esp32_rx():153)[0m
[07:40:39.708] [1;32muart:~$ [m^[[1[12D[J[00:01:26.481,000] [0m<dbg> net_pkt.net_pkt_write: (wifi): pkt 0x3c173cf0 data 0x3c26f2ac length 78[0m
[07:40:39.725] [1;32muart:~$ [m^[[1[12D[J[00:01:26.481,000] [0m<dbg> net_pkt.net_pkt_skip: (rx_q[0]): pkt 0x3c173cf0 skip 40[0m
[07:40:39.741] [1;32muart:~$ [m^[[1[12D[J[00:01:26.481,000] [0m<dbg> net_pkt.net_pkt_skip: (rx_q[0]): pkt 0x3c173cf0 skip 8[0m
[07:40:39.757] [1;32muart:~$ [m^[[1[12D[J[00:01:26.481,000] [0m<dbg> net_pkt.net_pkt_skip: (rx_q[0]): pkt 0x3c173cf0 skip 32[0m
[07:40:39.774] [1;32muart:~$ [m^[[1[12D[J[00:01:26.481,000] [0m<dbg> net_pkt.net_pkt_skip: (rx_q[0]): pkt 0x3c173cf0 skip 4[0m
[07:40:39.789] [1;32muart:~$ [m^[[1[12D[J[00:01:26.481,000] [0m<dbg> net_pkt.net_pkt_unref_debug: (rx_q[0]): RX [39] pkt 0x3c173cf0 ref 0 frags 0x3c17286c (processing_data():157)[0m
[07:40:39.806] [1;32muart:~$ [m^[[1[12D[J[00:01:26.481,000] [0m<dbg> net_pkt.net_pkt_unref_debug: (rx_q[0]): RDATA (rx_bufs) [159] frag 0x3c17286c ref 0 frags 0 (processing_data():157)[0m
[07:40:39.823] [1;32muart:~$ [m^[[1[12D[J[00:01:26.481,000] [0m<dbg> net_pkt.net_pkt_frag_unref_debug: (rx_q[0]): RDATA (rx_bufs) [159] frag 0x3c17286c ref 0 (net_pkt_unref_debug():612)[0m
[07:40:39.839] [1;32muart:~$ [m^[[1[12D[J[00:01:26.481,000] [0m<dbg> net_pkt.net_pkt_print: (rx_q[0]): TX 16 RX 40 RDATA 160 TDATA 80[0m
[07:40:39.855] [1;32muart:~$ [m^[[1[12D[J[1;32muart:~$ [m^[[1[12D[J[1;32muart:~$ [m^[[1[12D[J[1;31m[1;31m--- 28 messages dropped ---
[07:40:40.285] [0m[m[00:01:27.237,000] [0m<dbg> net_pkt.net_pkt_write: (wifi): pkt 0x3c173cf0 data 0x3c26f2aa length 60[0m
[07:40:40.291] [1;32muart:~$ [m^[[1[12D[J[1;31m[1;31m--- 43 messages dropped ---
[07:40:40.307] [0m[m[00:01:27.238,000] [0m<dbg> net_pkt.net_pkt_unref_debug: (rx_q[0]): RX [39] pkt 0x3c173cf0 ref 0 frags 0x3c17286c (processing_data():157)[0m
[07:40:40.308] [1;32muart:~$ [m^[[1[12D[J[1;31m[1;31m--- 15 messages dropped ---
[07:40:40.324] [0m[m[00:01:27.238,000] [0m<dbg> net_pkt.net_pkt_unref_debug: (rx_q[0]): RDATA (rx_bufs) [159] frag 0x3c17286c ref 0 frags 0 (processing_data():157)[0m
[07:40:40.325] [1;32muart:~$ [m^[[1[12D[J[00:01:27.238,000] [0m<dbg> net_pkt.net_pkt_frag_unref_debug: (rx_q[0]): RDATA (rx_bufs) [159] frag 0x3c17286c ref 0 (net_pkt_unref_debug():612)[0m
[07:40:40.342] [1;32muart:~$ [m^[[1[12D[J[00:01:27.238,000] [0m<dbg> net_pkt.net_pkt_print: (rx_q[0]): TX 14 RX 40 RDATA 160 TDATA 76[0m
[07:40:40.358] [1;32muart:~$ [m^[[1[12D[J[00:01:27.238,000] [0m<dbg> net_pkt.net_pkt_unref_debug: (llss_thread): TX [14] pkt 0x3c172f28 ref 0 frags 0x3c15d4f4 (tcp_send():472)[0m
[07:40:40.375] [1;32muart:~$ [m^[[1[12D[J[00:01:27.238,000] [0m<dbg> net_pkt.net_pkt_unref_debug: (llss_thread): TDATA (tx_bufs) [76] frag 0x3c15d4f4 ref 0 frags 0x3c15d4d8 (tcp_send():472)[0m
[07:40:40.392] [1;32muart:~$ [m^[[1[12D[J[00:01:27.245,000] [0m<dbg> net_pkt.net_pkt_unref_debug: (rx_q[0]): TX [14] pkt 0x3c172f28 ref 0 frags 0x3c15d4f4 (tcp_send():472)[0m
[07:40:40.409] [1;32muart:~$ [m^[[1[12D[J[00:01:27.250,000] [0m<dbg> net_pkt.net_pkt_write: (wifi): pkt 0x3c173cf0 data 0x3c26f2ac length 74[0m
[07:40:40.425] [1;32muart:~$ [m^[[1[12D[J[00:01:27.251,000] [0m<dbg> net_pkt.net_pkt_skip: (rx_q[0]): pkt 0x3c173cf0 skip 40[0m
[07:40:40.441] [1;32muart:~$ [m^[[1[12D[J[00:01:27.251,000] [0m<dbg> net_pkt.net_pkt_skip: (rx_q[0]): pkt 0x3c173cf0 skip 8[0m
[07:40:40.457] [1;32muart:~$ [m^[[1[12D[J[00:01:27.251,000] [0m<dbg> net_pkt.net_pkt_skip: (rx_q[0]): pkt 0x3c173cf0 skip 32[0m
[07:40:40.473] [1;32muart:~$ [m^[[1[12D[J[00:01:27.251,000] [0m<dbg> net_pkt.net_pkt_write: (rx_q[0]): pkt 0x3c173cf0 data 0x3c16a796 length 20[0m
[07:40:40.489] [1;32muart:~$ [m^[[1[12D[J[00:01:27.251,000] [0m<dbg> net_pkt.net_pkt_skip: (rx_q[0]): pkt 0x3c173cf0 skip 20[0m
[07:40:40.506] [1;32muart:~$ [m^[[1[12D[J[00:01:27.251,000] [0m<dbg> net_pkt.net_pkt_skip: (rx_q[0]): pkt 0x3c173cf0 skip 40[0m
[07:40:40.522] [1;32muart:~$ [m^[[1[12D[J[00:01:27.251,000] [0m<dbg> net_pkt.net_pkt_skip: (rx_q[0]): pkt 0x3c173cf0 skip 40[0m
[07:40:40.538] [1;32muart:~$ [m^[[1[12D[J[1;31m[1;31m--- 25 messages dropped ---
[07:40:40.554] [0m[m[00:01:27.251,000] [0m<dbg> net_pkt.net_pkt_skip: (rx_q[0]): pkt 0x3c173cf0 skip 40[0m
[07:40:40.555] [1;32muart:~$ [m^[[1[12D[J[00:01:27.251,000] [0m<dbg> net_pkt.net_pkt_skip: (rx_q[0]): pkt 0x3c173cf0 skip 40[0m
[07:40:40.571] [1;32muart:~$ [m^[[1[12D[J[00:01:27.251,000] [0m<dbg> net_pkt.net_pkt_skip: (rx_q[0]): pkt 0x3c173cf0 skip 40[0m
[07:40:40.588] [1;32muart:~$ [m^[[1[12D[J[00:01:27.251,000] [0m<dbg> net_pkt.net_pkt_unref_debug: (rx_q[0]): RX [39] pkt 0x3c173cf0 ref 0 frags 0x3c17286c (tcp_in():3635)[0m
[07:40:40.605] [1;32muart:~$ [m^[[1[12D[J[00:01:27.251,000] [0m<dbg> net_pkt.net_pkt_frag_unref_debug: (rx_q[0]): RDATA (rx_bufs) [159] frag 0x3c17286c ref 0 (net_pkt_unref_debug():612)[0m
[07:40:40.622] [1;32muart:~$ [m^[[1[12D[J[00:01:27.251,000] [0m<dbg> net_pkt.net_pkt_print: (rx_q[0]): TX 16 RX 40 RDATA 160 TDATA 80[0m
[07:40:40.638] [1;32muart:~$ [m^[[1[12D[J[00:01:27.479,000] [0m<dbg> net_pkt.net_pkt_skip: (sysworkq): pkt 0x3c172ee0 skip 40[0m
[07:40:40.655] [1;32muart:~$ [m^[[1[12D[J[00:01:27.480,000] [0m<dbg> net_pkt.net_pkt_frag_unref_debug: (sysworkq): TDATA (tx_bufs) [79] frag 0x3c15d4a0 ref 0 (net_pkt_unref_debug():612)[0m
[07:40:40.672] [1;32muart:~$ [m^[[1[12D[J[00:01:27.482,000] [0m<dbg> net_pkt.pkt_alloc_with_buffer: (wifi): On iface 1 (0x3fc9ea10) size 78[0m
[07:40:40.688] [1;32muart:~$ [m^[[1[12D[J[00:01:27.482,000] [0m<dbg> net_pkt.net_pkt_alloc_buffer_with_reserve_debug: (wifi): Data allocation maximum size 78 (requested 78, reserve 0)[0m
[07:40:40.705] [1;32muart:~$ [m^[[1[12D[J[00:01:27.482,000] [0m<dbg> net_pkt.pkt_alloc_buffer: (wifi): RDATA (rx_bufs) [159] frag 0x3c17286c ref 1 (eth_esp32_rx():153)[0m
[07:40:40.722] [1;32muart:~$ [m^[[1[12D[J[00:01:27.482,000] [0m<dbg> net_pkt.net_pkt_write: (wifi): pkt 0x3c173cf0 data 0x3c26f2ac length 78[0m
[07:40:40.738] [1;32muart:~$ [m^[[1[12D[J[00:01:27.483,000] [0m<dbg> net_pkt.net_pkt_skip: (rx_q[0]): pkt 0x3c173cf0 skip 40[0m
[07:40:40.754] [1;32muart:~$ [m^[[1[12D[J[00:01:27.483,000] [0m<dbg> net_pkt.net_pkt_skip: (rx_q[0]): pkt 0x3c173cf0 skip 8[0m
[07:40:40.770] [1;32muart:~$ [m^[[1[12D[J[00:01:27.483,000] [0m<dbg> net_pkt.net_pkt_skip: (rx_q[0]): pkt 0x3c173cf0 skip 32[0m
[07:40:40.786] [1;32muart:~$ [m^[[1[12D[J[00:01:27.483,000] [0m<dbg> net_pkt.net_pkt_skip: (rx_q[0]): pkt 0x3c173cf0 skip 4[0m
[07:40:40.803] [1;32muart:~$ [m^[[1[12D[J[00:01:27.483,000] [0m<dbg> net_pkt.net_pkt_unref_debug: (rx_q[0]): RX [39] pkt 0x3c173cf0 ref 0 frags 0x3c17286c (processing_data():157)[0m
[07:40:40.820] [1;32muart:~$ [m^[[1[12D[J[00:01:27.483,000] [0m<dbg> net_pkt.net_pkt_unref_debug: (rx_q[0]): RDATA (rx_bufs) [159] frag 0x3c17286c ref 0 frags 0 (processing_data():157)[0m
[07:40:40.836] [1;32muart:~$ [m^[[1[12D[J[00:01:27.483,000] [0m<dbg> net_pkt.net_pkt_frag_unref_debug: (rx_q[0]): RDATA (rx_bufs) [159] frag 0x3c17286c ref 0 (net_pkt_unref_debug():612)[0m
[07:40:40.853] [1;32muart:~$ [m^[[1[12D[J[00:01:27.483,000] [0m<dbg> net_pkt.net_pkt_print: (rx_q[0]): TX 16 RX 40 RDATA 160 TDATA 80[0m
[07:40:40.869] [1;32muart:~$ [m^[[1[12D[J[1;32muart:~$ [m^[[1[12D[J[1;32muart:~$ [m^[[1[12D[J[1;31m[1;31m--- 86 messages dropped ---
[07:40:42.038] [0m[m[00:01:28.989,000] [0m<dbg> net_pkt.net_pkt_unref_debug: (rx_q[0]): TDATA (tx_bufs) [78] frag 0x3c15d4bc ref 0 frags 0x3c15d4a0 (handle_na_neighbor():1896)[0m
[07:40:42.039] [1;32muart:~$ [m^[[1[12D[J[00:01:28.989,000] [0m<dbg> net_pkt.net_pkt_unref_debug: (rx_q[0]): TDATA (tx_bufs) [78] frag 0x3c15d4a0 ref 0 frags 0 (handle_na_neighbor():1896)[0m
[07:40:42.056] [1;32muart:~$ [m^[[1[12D[J[00:01:28.989,000] [0m<dbg> net_pkt.net_pkt_frag_unref_debug: (rx_q[0]): TDATA (tx_bufs) [78] frag 0x3c15d4bc ref 0 (net_pkt_unref_debug():612)[0m
[07:40:42.072] [1;32muart:~$ [m^[[1[12D[J[00:01:28.989,000] [0m<dbg> net_pkt.net_pkt_frag_unref_debug: (rx_q[0]): TDATA (tx_bufs) [79] frag 0x3c15d4a0 ref 0 (net_pkt_unref_debug():612)[0m
[07:40:42.089] [1;32muart:~$ [m^[[1[12D[J[00:01:28.989,000] [0m<dbg> net_pkt.net_pkt_unref_debug: (rx_q[0]): RX [38] pkt 0x3c173ca8 ref 0 frags 0x3c172850 (net_icmpv6_input():408)[0m
[07:40:42.106] [1;32muart:~$ [m^[[1[12D[J[00:01:28.989,000] [0m<dbg> net_pkt.net_pkt_unref_debug: (rx_q[0]): RDATA (rx_bufs) [158] frag 0x3c172850 ref 0 frags 0 (net_icmpv6_input():408)[0m
[07:40:42.122] [1;32muart:~$ [m^[[1[12D[J[00:01:28.989,000] [0m<dbg> net_pkt.net_pkt_frag_unref_debug: (rx_q[0]): RDATA (rx_bufs) [158] frag 0x3c172850 ref 0 (net_pkt_unref_debug():612)[0m
[07:40:42.139] [1;32muart:~$ [m^[[1[12D[J[00:01:28.990,000] [0m<dbg> net_pkt.net_pkt_print: (rx_q[0]): TX 16 RX 39 RDATA 159 TDATA 80[0m
[07:40:42.155] [1;32muart:~$ [m^[[1[12D[J[00:01:28.991,000] [0m<dbg> net_pkt.net_pkt_read: (llss_thread): pkt 0x3c173cf0 data 0x3c246e05 length 233[0m
[07:40:42.172] [1;32muart:~$ [m^[[1[12D[J[00:01:28.991,000] [0m<dbg> net_pkt.net_pkt_unref_debug: (llss_thread): RX [39] pkt 0x3c173cf0 ref 0 frags 0x3c17286c (zsock_recv_stream_immediate():1423)[0m
[07:40:42.188] [1;32muart:~$ [m^[[1[12D[J[00:01:28.991,000] [0m<dbg> net_pkt.net_pkt_unref_debug: (llss_thread): RDATA (rx_bufs) [159] frag 0x3c17286c ref 0 frags 0 (zsock_recv_stream_immediate():1423)[0m
[07:40:42.205] [1;32muart:~$ [m^[[1[12D[J[00:01:28.991,000] [0m<dbg> net_pkt.net_pkt_frag_unref_debug: (llss_thread): RDATA (rx_bufs) [159] frag 0x3c17286c ref 0 (net_pkt_unref_debug():612)[0m
[07:40:42.222] [1;32muart:~$ [m^[[1[12D[J[1;32muart:~$ [m^[[1[12D[J[1;32muart:~$ [m^[[1[12D[J[1;31m[1;31m--- 4 messages dropped ---
[07:40:43.256] [0m[m[00:01:29.392,000] [0m<dbg> net_pkt.net_pkt_unref_debug: (rx_q[0]): RX [39] pkt 0x3c173cf0 ref 0 frags 0x3c17286c (processing_data():157)[0m
[07:40:43.257] [1;32muart:~$ [m^[[1[12D[J[00:01:29.392,000] [0m<dbg> net_pkt.net_pkt_unref_debug: (rx_q[0]): RDATA (rx_bufs) [159] frag 0x3c17286c ref 0 frags 0 (processing_data():157)[0m
[07:40:43.274] [1;32muart:~$ [m^[[1[12D[J[00:01:29.392,000] [0m<dbg> net_pkt.net_pkt_frag_unref_debug: (rx_q[0]): RDATA (rx_bufs) [159] frag 0x3c17286c ref 0 (net_pkt_unref_debug():612)[0m
[07:40:43.291] [1;32muart:~$ [m^[[1[12D[J[00:01:29.392,000] [0m<dbg> net_pkt.net_pkt_print: (rx_q[0]): TX 16 RX 40 RDATA 160 TDATA 80[0m
[07:40:43.308] [1;32muart:~$ [m^[[1[12D[JNETMEM up=90s pktRX=40/40 pktTX=16/16 bufRX=160/160/m102 bufTX=80/80/m4 int_free=0 int_min=0 psram_free=0 psram_min=0
[07:40:43.324] [1;32muart:~$ [m^[[1[12D[J[00:01:30.211,000] [0m<dbg> net_pkt.pkt_alloc_with_buffer: (wifi): On iface 1 (0x3fc9ea10) size 60[0m
[07:40:43.341] [1;32muart:~$ [m^[[1[12D[J[00:01:30.211,000] [0m<dbg> net_pkt.net_pkt_alloc_buffer_with_reserve_debug: (wifi): Data allocation maximum size 60 (requested 60, reserve 0)[0m
[07:40:43.357] [1;32muart:~$ [m^[[1[12D[J[00:01:30.211,000] [0m<dbg> net_pkt.pkt_alloc_buffer: (wifi): RDATA (rx_bufs) [159] frag 0x3c17286c ref 1 (eth_esp32_rx():153)[0m
[07:40:43.374] [1;32muart:~$ [m^[[1[12D[J[00:01:30.211,000] [0m<dbg> net_pkt.net_pkt_write: (wifi): pkt 0x3c173cf0 data 0x3c26f2aa length 60[0m
[07:40:43.390] [1;32muart:~$ [m^[[1[12D[J[00:01:30.211,000] [0m<dbg> net_pkt.net_pkt_unref_debug: (rx_q[0]): RX [39] pkt 0x3c173cf0 ref 0 frags 0x3c17286c (processing_data():157)[0m
[07:40:43.407] [1;32muart:~$ [m^[[1[12D[J[00:01:30.211,000] [0m<dbg> net_pkt.net_pkt_unref_debug: (rx_q[0]): RDATA (rx_bufs) [159] frag 0x3c17286c ref 0 frags 0 (processing_data():157)[0m
[07:40:43.423] [1;32muart:~$ [m^[[1[12D[J[00:01:30.211,000] [0m<dbg> net_pkt.net_pkt_frag_unref_debug: (rx_q[0]): RDATA (rx_bufs) [159] frag 0x3c17286c ref 0 (net_pkt_unref_debug():612)[0m
[07:40:43.440] [1;32muart:~$ [m^[[1[12D[J[00:01:30.211,000] [0m<dbg> net_pkt.net_pkt_print: (rx_q[0]): TX 16 RX 40 RDATA 160 TDATA 80[0m
[07:40:43.457] [1;32muart:~$ [m^[[1[12D[J[1;32muart:~$ [m^[[1[12D[J[1;32muart:~$ [m^[[1[12D[J[00:01:31.234,000] [0m<dbg> net_pkt.pkt_alloc_with_buffer: (wifi): On iface 1 (0x3fc9ea10) size 60[0m
[07:40:45.280] [1;32muart:~$ [m^[[1[12D[J[00:01:31.235,000] [0m<dbg> net_pkt.net_pkt_alloc_buffer_with_reserve_debug: (wifi): Data allocation maximum size 60 (requested 60, reserve 0)[0m
[07:40:45.297] [1;32muart:~$ [m^[[1[12D[J[00:01:31.235,000] [0m<dbg> net_pkt.pkt_alloc_buffer: (wifi): RDATA (rx_bufs) [159] frag 0x3c17286c ref 1 (eth_esp32_rx():153)[0m
[07:40:45.314] [1;32muart:~$ [m^[[1[12D[J[00:01:31.235,000] [0m<dbg> net_pkt.net_pkt_write: (wifi): pkt 0x3c173cf0 data 0x3c26f2aa length 60[0m
[07:40:45.330] [1;32muart:~$ [m^[[1[12D[J[00:01:31.235,000] [0m<dbg> net_pkt.net_pkt_unref_debug: (rx_q[0]): RX [39] pkt 0x3c173cf0 ref 0 frags 0x3c17286c (processing_data():157)[0m
[07:40:45.347] [1;32muart:~$ [m^[[1[12D[J[00:01:31.235,000] [0m<dbg> net_pkt.net_pkt_unref_debug: (rx_q[0]): RDATA (rx_bufs) [159] frag 0x3c17286c ref 0 frags 0 (processing_data():157)[0m
[07:40:45.363] [1;32muart:~$ [m^[[1[12D[J[00:01:31.235,000] [0m<dbg> net_pkt.net_pkt_frag_unref_debug: (rx_q[0]): RDATA (rx_bufs) [159] frag 0x3c17286c ref 0 (net_pkt_unref_debug():612)[0m
[07:40:45.380] [1;32muart:~$ [m^[[1[12D[J[00:01:31.235,000] [0m<dbg> net_pkt.net_pkt_print: (rx_q[0]): TX 16 RX 40 RDATA 160 TDATA 80[0m
[07:40:45.396] [1;32muart:~$ [m^[[1[12D[J[1;32muart:~$ [m^[[1[12D[J[1;32muart:~$ [m^[[1[12D[J[00:01:32.259,000] [0m<dbg> net_pkt.pkt_alloc_with_buffer: (wifi): On iface 1 (0x3fc9ea10) size 60[0m
[07:40:46.304] [1;32muart:~$ [m^[[1[12D[J[00:01:32.259,000] [0m<dbg> net_pkt.net_pkt_alloc_buffer_with_reserve_debug: (wifi): Data allocation maximum size 60 (requested 60, reserve 0)[0m
[07:40:46.321] [1;32muart:~$ [m^[[1[12D[J[00:01:32.259,000] [0m<dbg> net_pkt.pkt_alloc_buffer: (wifi): RDATA (rx_bufs) [159] frag 0x3c17286c ref 1 (eth_esp32_rx():153)[0m
[07:40:46.338] [1;32muart:~$ [m^[[1[12D[J[00:01:32.259,000] [0m<dbg> net_pkt.net_pkt_write: (wifi): pkt 0x3c173cf0 data 0x3c26f2aa length 60[0m
[07:40:46.354] [1;32muart:~$ [m^[[1[12D[J[00:01:32.259,000] [0m<dbg> net_pkt.net_pkt_unref_debug: (rx_q[0]): RX [39] pkt 0x3c173cf0 ref 0 frags 0x3c17286c (processing_data():157)[0m
[07:40:46.371] [1;32muart:~$ [m^[[1[12D[J[00:01:32.259,000] [0m<dbg> net_pkt.net_pkt_unref_debug: (rx_q[0]): RDATA (rx_bufs) [159] frag 0x3c17286c ref 0 frags 0 (processing_data():157)[0m
[07:40:46.387] [1;32muart:~$ [m^[[1[12D[J[00:01:32.259,000] [0m<dbg> net_pkt.net_pkt_frag_unref_debug: (rx_q[0]): RDATA (rx_bufs) [159] frag 0x3c17286c ref 0 (net_pkt_unref_debug():612)[0m
[07:40:46.404] [1;32muart:~$ [m^[[1[12D[J[00:01:32.259,000] [0m<dbg> net_pkt.net_pkt_print: (rx_q[0]): TX 16 RX 40 RDATA 160 TDATA 80[0m
[07:40:46.420] [1;32muart:~$ [m^[[1[12D[J[1;32muart:~$ [m^[[1[12D[J[1;32muart:~$ [m^[[1[12D[J[1;31m[1;31m--- 79 messages dropped ---
[07:40:47.052] [0m[m[00:01:34.003,000] [0m<dbg> net_pkt.net_pkt_ref_debug: (llss_thread): TX [14] pkt 0x3c172f28 ref 2 (tcp_send():424)[0m
[07:40:47.054] [1;32muart:~$ [m^[[1[12D[J[1;31m[1;31m--- 12 messages dropped ---
[07:40:47.070] [0m[m[00:01:34.003,000] [0m<dbg> net_pkt.net_pkt_get_reserve_data_debug: (llss_thread): TDATA (tx_bufs) [76] frag 0x3c15d4f4 ref 1 (ethernet_fill_header():610)[0m
[07:40:47.071] [1;32muart:~$ [m^[[1[12D[J[00:01:34.003,000] [0m<dbg> net_pkt.net_pkt_frag_insert_debug: (llss_thread): pkt 0x3c172f28 frag 0x3c15d4f4 (ethernet_fill_header:669)[0m
[07:40:47.087] [1;32muart:~$ [m^[[1[12D[J[00:01:34.003,000] [0m<dbg> net_pkt.net_pkt_read: (llss_thread): pkt 0x3c172f28 data 0x3fcc36ae length 236[0m
[07:40:47.104] [1;32muart:~$ [m^[[1[12D[J[00:01:34.004,000] [0m<dbg> net_pkt.net_pkt_unref_debug: (llss_thread): TX [14] pkt 0x3c172f28 ref 1 frags 0x3c15d4f4 (ethernet_send():800)[0m
[07:40:47.121] [1;32muart:~$ [m^[[1[12D[J[00:01:34.005,000] [0m<dbg> net_pkt.net_pkt_unref_debug: (llss_thread): TX [14] pkt 0x3c172f28 ref 0 frags 0x3c15d4f4 (tcp_send():472)[0m
[07:40:47.138] [1;32muart:~$ [m^[[1[12D[J[00:01:34.005,000] [0m<dbg> net_pkt.net_pkt_unref_debug: (llss_thread): TDATA (tx_bufs) [76] frag 0x3c15d4f4 ref 0 frags 0x3c15d4d8 (tcp_send():472)[0m
[07:40:47.155] [1;32muart:~$ [m^[[1[12D[J[00:01:34.007,000] [0m<dbg> net_pkt.net_pkt_skip: (rx_q[0]): pkt 0x3c173cf0 skip 32[0m
[07:40:47.172] [1;32muart:~$ [m^[[1[12D[J[00:01:34.008,000] [0m<dbg> net_pkt.net_pkt_write: (rx_q[0]): pkt 0x3c173cf0 data 0x3c16a796 length 20[0m
[07:40:47.188] [1;32muart:~$ [m^[[1[12D[J[00:01:34.008,000] [0m<dbg> net_pkt.net_pkt_skip: (rx_q[0]): pkt 0x3c173cf0 skip 20[0m
[07:40:47.204] [1;32muart:~$ [m^[[1[12D[J[00:01:34.008,000] [0m<dbg> net_pkt.net_pkt_skip: (rx_q[0]): pkt 0x3c173cf0 skip 40[0m
[07:40:47.220] [1;32muart:~$ [m^[[1[12D[J[00:01:34.008,000] [0m<dbg> net_pkt.net_pkt_skip: (rx_q[0]): pkt 0x3c173cf0 skip 40[0m
[07:40:47.236] [1;32muart:~$ [m^[[1[12D[J[00:01:34.008,000] [0m<dbg> net_pkt.net_pkt_skip: (rx_q[0]): pkt 0x3c173cf0 skip 40[0m
[07:40:47.253] [1;32muart:~$ [m^[[1[12D[J[00:01:34.008,000] [0m<dbg> net_pkt.net_pkt_skip: (rx_q[0]): pkt 0x3c173cf0 skip 40[0m
[07:40:47.269] [1;32muart:~$ [m^[[1[12D[J[00:01:34.008,000] [0m<dbg> net_pkt.net_pkt_skip: (rx_q[0]): pkt 0x3c173cf0 skip 40[0m
[07:40:47.285] [1;32muart:~$ [m^[[1[12D[J[00:01:34.008,000] [0m<dbg> net_pkt.net_pkt_unref_debug: (rx_q[0]): RX [39] pkt 0x3c173cf0 ref 0 frags 0x3c17286c (tcp_in():3635)[0m
[07:40:47.301] [1;32muart:~$ [m^[[1[12D[J[00:01:34.008,000] [0m<dbg> net_pkt.net_pkt_unref_debug: (rx_q[0]): RDATA (rx_bufs) [159] frag 0x3c17286c ref 0 frags 0 (tcp_in():3635)[0m
[07:40:47.317] [1;32muart:~$ [m^[[1[12D[J[00:01:34.008,000] [0m<dbg> net_pkt.net_pkt_frag_unref_debug: (rx_q[0]): RDATA (rx_bufs) [159] frag 0x3c17286c ref 0 (net_pkt_unref_debug():612)[0m
[07:40:47.334] [1;32muart:~$ [m^[[1[12D[J[00:01:34.008,000] [0m<dbg> net_pkt.net_pkt_print: (rx_q[0]): TX 16 RX 40 RDATA 160 TDATA 80[0m
[07:40:47.352] [1;32muart:~$ [m^[[1[12D[J[1;32muart:~$ [m^[[1[12D[J[1;32muart:~$ [m^[[1[12D[J[1;31m[1;31m--- 3 messages dropped ---
[07:40:48.171] [0m[m[00:01:34.307,000] [0m<dbg> net_pkt.net_pkt_write: (wifi): pkt 0x3c173cf0 data 0x3c26f2aa length 60[0m
[07:40:48.172] [1;32muart:~$ [m^[[1[12D[J[00:01:34.307,000] [0m<dbg> net_pkt.net_pkt_unref_debug: (rx_q[0]): RX [39] pkt 0x3c173cf0 ref 0 frags 0x3c17286c (processing_data():157)[0m
[07:40:48.189] [1;32muart:~$ [m^[[1[12D[J[00:01:34.307,000] [0m<dbg> net_pkt.net_pkt_unref_debug: (rx_q[0]): RDATA (rx_bufs) [159] frag 0x3c17286c ref 0 frags 0 (processing_data():157)[0m
[07:40:48.206] [1;32muart:~$ [m^[[1[12D[J[00:01:34.307,000] [0m<dbg> net_pkt.net_pkt_frag_unref_debug: (rx_q[0]): RDATA (rx_bufs) [159] frag 0x3c17286c ref 0 (net_pkt_unref_debug():612)[0m
[07:40:48.222] [1;32muart:~$ [m^[[1[12D[J[00:01:34.307,000] [0m<dbg> net_pkt.net_pkt_print: (rx_q[0]): TX 16 RX 40 RDATA 160 TDATA 80[0m
[07:40:48.238] [1;32muart:~$ [m^[[1[12D[J[00:01:35.126,000] [0m<dbg> net_pkt.pkt_alloc_with_buffer: (wifi): On iface 1 (0x3fc9ea10) size 60[0m
[07:40:48.254] [1;32muart:~$ [m^[[1[12D[J[00:01:35.126,000] [0m<dbg> net_pkt.net_pkt_alloc_buffer_with_reserve_debug: (wifi): Data allocation maximum size 60 (requested 60, reserve 0)[0m
[07:40:48.271] [1;32muart:~$ [m^[[1[12D[J[00:01:35.126,000] [0m<dbg> net_pkt.pkt_alloc_buffer: (wifi): RDATA (rx_bufs) [159] frag 0x3c17286c ref 1 (eth_esp32_rx():153)[0m
[07:40:48.288] [1;32muart:~$ [m^[[1[12D[J[00:01:35.126,000] [0m<dbg> net_pkt.net_pkt_write: (wifi): pkt 0x3c173cf0 data 0x3c26f2aa length 60[0m
[07:40:48.304] [1;32muart:~$ [m^[[1[12D[J[00:01:35.126,000] [0m<dbg> net_pkt.net_pkt_unref_debug: (rx_q[0]): RX [39] pkt 0x3c173cf0 ref 0 frags 0x3c17286c (processing_data():157)[0m
[07:40:48.321] [1;32muart:~$ [m^[[1[12D[J[00:01:35.126,000] [0m<dbg> net_pkt.net_pkt_unref_debug: (rx_q[0]): RDATA (rx_bufs) [159] frag 0x3c17286c ref 0 frags 0 (processing_data():157)[0m
[07:40:48.337] [1;32muart:~$ [m^[[1[12D[J[00:01:35.126,000] [0m<dbg> net_pkt.net_pkt_frag_unref_debug: (rx_q[0]): RDATA (rx_bufs) [159] frag 0x3c17286c ref 0 (net_pkt_unref_debug():612)[0m
[07:40:48.354] [1;32muart:~$ [m^[[1[12D[J[00:01:35.126,000] [0m<dbg> net_pkt.net_pkt_print: (rx_q[0]): TX 16 RX 40 RDATA 160 TDATA 80[0m
[07:40:48.371] [1;32muart:~$ [m^[[1[12D[J[1;32muart:~$ [m^[[1[12D[J[1;32muart:~$ [m^[[1[12D[J[1;31m[1;31m--- 32 messages dropped ---
[07:40:48.792] [0m[m[00:01:35.743,000] [0m<dbg> net_pkt.net_pkt_read: (rx_q[0]): pkt 0x3c172ee0 data 0x3fcc36ae length 74[0m
[07:40:48.793] [1;32muart:~$ [m^[[1[12D[J[00:01:35.743,000] [0m<dbg> net_pkt.net_pkt_unref_debug: (rx_q[0]): TX [15] pkt 0x3c172ee0 ref 1 frags 0x3c15d4bc (ethernet_send():800)[0m
[07:40:48.810] [1;32muart:~$ [m^[[1[12D[J[00:01:35.743,000] [0m<dbg> net_pkt.net_pkt_unref_debug: (rx_q[0]): TX [15] pkt 0x3c172ee0 ref 0 frags 0x3c15d4bc (tcp_send():472)[0m
[07:40:48.826] [1;32muart:~$ [m^[[1[12D[J[00:01:35.743,000] [0m<dbg> net_pkt.net_pkt_unref_debug: (rx_q[0]): TDATA (tx_bufs) [78] frag 0x3c15d4bc ref 0 frags 0x3c15d4a0 (tcp_send():472)[0m
[07:40:48.843] [1;32muart:~$ [m^[[1[12D[J[00:01:35.743,000] [0m<dbg> net_pkt.net_pkt_unref_debug: (rx_q[0]): TDATA (tx_bufs) [78] frag 0x3c15d4a0 ref 0 frags 0 (tcp_send():472)[0m
[07:40:48.860] [1;32muart:~$ [m^[[1[12D[J[00:01:35.743,000] [0m<dbg> net_pkt.net_pkt_frag_unref_debug: (rx_q[0]): TDATA (tx_bufs) [78] frag 0x3c15d4bc ref 0 (net_pkt_unref_debug():612)[0m
[07:40:48.876] [1;32muart:~$ [m^[[1[12D[J[00:01:35.743,000] [0m<dbg> net_pkt.net_pkt_frag_unref_debug: (rx_q[0]): TDATA (tx_bufs) [79] frag 0x3c15d4a0 ref 0 (net_pkt_unref_debug():612)[0m
[07:40:48.893] [1;32muart:~$ [m^[[1[12D[J[00:01:35.744,000] [0m<dbg> net_pkt.net_pkt_print: (rx_q[0]): TX 16 RX 39 RDATA 159 TDATA 80[0m
[07:40:48.909] [1;32muart:~$ [m^[[1[12D[J[00:01:35.745,000] [0m<dbg> net_pkt.net_pkt_read: (llss_thread): pkt 0x3c173cf0 data 0x3c246e00 length 5[0m
[07:40:48.926] [1;32muart:~$ [m^[[1[12D[J[00:01:35.745,000] [0m<dbg> net_pkt.net_pkt_read: (llss_thread): pkt 0x3c173cf0 data 0x3c246e05 length 233[0m
[07:40:48.942] [1;32muart:~$ [m^[[1[12D[J[00:01:35.745,000] [0m<dbg> net_pkt.net_pkt_unref_debug: (llss_thread): RX [39] pkt 0x3c173cf0 ref 0 frags 0x3c17286c (zsock_recv_stream_immediate():1423)[0m
[07:40:48.959] [1;32muart:~$ [m^[[1[12D[J[00:01:35.745,000] [0m<dbg> net_pkt.net_pkt_unref_debug: (llss_thread): RDATA (rx_bufs) [159] frag 0x3c17286c ref 0 frags 0 (zsock_recv_stream_immediate():1423)[0m
[07:40:48.976] [1;32muart:~$ [m^[[1[12D[J[00:01:35.745,000] [0m<dbg> net_pkt.net_pkt_frag_unref_debug: (llss_thread): RDATA (rx_bufs) [159] frag 0x3c17286c ref 0 (net_pkt_unref_debug():612)[0m
[07:40:48.993] [1;32muart:~$ [m^[[1[12D[J[1;32muart:~$ [m^[[1[12D[J[1;32muart:~$ [m^[[1[12D[J[00:01:36.150,000] [0m<dbg> net_pkt.pkt_alloc_with_buffer: (wifi): On iface 1 (0x3fc9ea10) size 60[0m
[07:40:50.195] [1;32muart:~$ [m^[[1[12D[J[00:01:36.150,000] [0m<dbg> net_pkt.net_pkt_alloc_buffer_with_reserve_debug: (wifi): Data allocation maximum size 60 (requested 60, reserve 0)[0m
[07:40:50.212] [1;32muart:~$ [m^[[1[12D[J[00:01:36.150,000] [0m<dbg> net_pkt.pkt_alloc_buffer: (wifi): RDATA (rx_bufs) [159] frag 0x3c17286c ref 1 (eth_esp32_rx():153)[0m
[07:40:50.229] [1;32muart:~$ [m^[[1[12D[J[00:01:36.150,000] [0m<dbg> net_pkt.net_pkt_write: (wifi): pkt 0x3c173cf0 data 0x3c26f2aa length 60[0m
[07:40:50.245] [1;32muart:~$ [m^[[1[12D[J[00:01:36.150,000] [0m<dbg> net_pkt.net_pkt_unref_debug: (rx_q[0]): RX [39] pkt 0x3c173cf0 ref 0 frags 0x3c17286c (processing_data():157)[0m
[07:40:50.262] [1;32muart:~$ [m^[[1[12D[J[00:01:36.150,000] [0m<dbg> net_pkt.net_pkt_unref_debug: (rx_q[0]): RDATA (rx_bufs) [159] frag 0x3c17286c ref 0 frags 0 (processing_data():157)[0m
[07:40:50.278] [1;32muart:~$ [m^[[1[12D[J[00:01:36.150,000] [0m<dbg> net_pkt.net_pkt_frag_unref_debug: (rx_q[0]): RDATA (rx_bufs) [159] frag 0x3c17286c ref 0 (net_pkt_unref_debug():612)[0m
[07:40:50.295] [1;32muart:~$ [m^[[1[12D[J[00:01:36.150,000] [0m<dbg> net_pkt.net_pkt_print: (rx_q[0]): TX 16 RX 40 RDATA 160 TDATA 80[0m
[07:40:50.311] [1;32muart:~$ [m^[[1[12D[J[1;32muart:~$ [m^[[1[12D[J[1;32muart:~$ [m^[[1[12D[J[00:01:37.174,000] [0m<dbg> net_pkt.pkt_alloc_with_buffer: (wifi): On iface 1 (0x3fc9ea10) size 60[0m
[07:40:51.219] [1;32muart:~$ [m^[[1[12D[J[00:01:37.174,000] [0m<dbg> net_pkt.net_pkt_alloc_buffer_with_reserve_debug: (wifi): Data allocation maximum size 60 (requested 60, reserve 0)[0m
[07:40:51.236] [1;32muart:~$ [m^[[1[12D[J[00:01:37.174,000] [0m<dbg> net_pkt.pkt_alloc_buffer: (wifi): RDATA (rx_bufs) [159] frag 0x3c17286c ref 1 (eth_esp32_rx():153)[0m
[07:40:51.253] [1;32muart:~$ [m^[[1[12D[J[00:01:37.174,000] [0m<dbg> net_pkt.net_pkt_write: (wifi): pkt 0x3c173cf0 data 0x3c26f2aa length 60[0m
[07:40:51.269] [1;32muart:~$ [m^[[1[12D[J[00:01:37.174,000] [0m<dbg> net_pkt.net_pkt_unref_debug: (rx_q[0]): RX [39] pkt 0x3c173cf0 ref 0 frags 0x3c17286c (processing_data():157)[0m
[07:40:51.286] [1;32muart:~$ [m^[[1[12D[J[00:01:37.174,000] [0m<dbg> net_pkt.net_pkt_unref_debug: (rx_q[0]): RDATA (rx_bufs) [159] frag 0x3c17286c ref 0 frags 0 (processing_data():157)[0m
[07:40:51.302] [1;32muart:~$ [m^[[1[12D[J[00:01:37.174,000] [0m<dbg> net_pkt.net_pkt_frag_unref_debug: (rx_q[0]): RDATA (rx_bufs) [159] frag 0x3c17286c ref 0 (net_pkt_unref_debug():612)[0m
[07:40:51.319] [1;32muart:~$ [m^[[1[12D[J[00:01:37.174,000] [0m<dbg> net_pkt.net_pkt_print: (rx_q[0]): TX 16 RX 40 RDATA 160 TDATA 80[0m
[07:40:51.336] [1;32muart:~$ [m^[[1[12D[J[1;32muart:~$ [m^[[1[12D[J[1;32muart:~$ [m^[[1[12D[J[00:01:38.198,000] [0m<dbg> net_pkt.pkt_alloc_with_buffer: (wifi): On iface 1 (0x3fc9ea10) size 60[0m
[07:40:52.243] [1;32muart:~$ [m^[[1[12D[J[00:01:38.198,000] [0m<dbg> net_pkt.net_pkt_alloc_buffer_with_reserve_debug: (wifi): Data allocation maximum size 60 (requested 60, reserve 0)[0m
[07:40:52.260] [1;32muart:~$ [m^[[1[12D[J[00:01:38.198,000] [0m<dbg> net_pkt.pkt_alloc_buffer: (wifi): RDATA (rx_bufs) [159] frag 0x3c17286c ref 1 (eth_esp32_rx():153)[0m
[07:40:52.277] [1;32muart:~$ [m^[[1[12D[J[00:01:38.198,000] [0m<dbg> net_pkt.net_pkt_write: (wifi): pkt 0x3c173cf0 data 0x3c26f2aa length 60[0m
[07:40:52.293] [1;32muart:~$ [m^[[1[12D[J[00:01:38.198,000] [0m<dbg> net_pkt.net_pkt_unref_debug: (rx_q[0]): RX [39] pkt 0x3c173cf0 ref 0 frags 0x3c17286c (processing_data():157)[0m
[07:40:52.310] [1;32muart:~$ [m^[[1[12D[J[00:01:38.198,000] [0m<dbg> net_pkt.net_pkt_unref_debug: (rx_q[0]): RDATA (rx_bufs) [159] frag 0x3c17286c ref 0 frags 0 (processing_data():157)[0m
[07:40:52.327] [1;32muart:~$ [m^[[1[12D[J[00:01:38.198,000] [0m<dbg> net_pkt.net_pkt_frag_unref_debug: (rx_q[0]): RDATA (rx_bufs) [159] frag 0x3c17286c ref 0 (net_pkt_unref_debug():612)[0m
[07:40:52.343] [1;32muart:~$ [m^[[1[12D[J[00:01:38.198,000] [0m<dbg> net_pkt.net_pkt_print: (rx_q[0]): TX 16 RX 40 RDATA 160 TDATA 80[0m
[07:40:52.359] [1;32muart:~$ [m^[[1[12D[J[1;32muart:~$ [m^[[1[12D[J[1;32muart:~$ [m^[[1[12D[J[00:01:39.222,000] [0m<dbg> net_pkt.pkt_alloc_with_buffer: (wifi): On iface 1 (0x3fc9ea10) size 60[0m
[07:40:53.267] [1;32muart:~$ [m^[[1[12D[J[00:01:39.222,000] [0m<dbg> net_pkt.net_pkt_alloc_buffer_with_reserve_debug: (wifi): Data allocation maximum size 60 (requested 60, reserve 0)[0m
[07:40:53.284] [1;32muart:~$ [m^[[1[12D[J[00:01:39.222,000] [0m<dbg> net_pkt.pkt_alloc_buffer: (wifi): RDATA (rx_bufs) [159] frag 0x3c17286c ref 1 (eth_esp32_rx():153)[0m
[07:40:53.301] [1;32muart:~$ [m^[[1[12D[J[00:01:39.222,000] [0m<dbg> net_pkt.net_pkt_write: (wifi): pkt 0x3c173cf0 data 0x3c26f2aa length 60[0m
[07:40:53.317] [1;32muart:~$ [m^[[1[12D[J[00:01:39.222,000] [0m<dbg> net_pkt.net_pkt_unref_debug: (rx_q[0]): RX [39] pkt 0x3c173cf0 ref 0 frags 0x3c17286c (processing_data():157)[0m
[07:40:53.333] [1;32muart:~$ [m^[[1[12D[J[00:01:39.222,000] [0m<dbg> net_pkt.net_pkt_unref_debug: (rx_q[0]): RDATA (rx_bufs) [159] frag 0x3c17286c ref 0 frags 0 (processing_data():157)[0m
[07:40:53.350] [1;32muart:~$ [m^[[1[12D[J[00:01:39.222,000] [0m<dbg> net_pkt.net_pkt_frag_unref_debug: (rx_q[0]): RDATA (rx_bufs) [159] frag 0x3c17286c ref 0 (net_pkt_unref_debug():612)[0m
[07:40:53.366] [1;32muart:~$ [m^[[1[12D[J[00:01:39.222,000] [0m<dbg> net_pkt.net_pkt_print: (rx_q[0]): TX 16 RX 40 RDATA 160 TDATA 80[0m
[07:40:53.382] [1;32muart:~$ [m^[[1[12D[J[1;32muart:~$ [m^[[1[12D[J[1;32muart:~$ [m^[[1[12D[J[1;31m[1;31m--- 40 messages dropped ---
[07:40:53.706] [0m[m[00:01:40.659,000] [0m<dbg> net_pkt.net_pkt_get_reserve_data_debug: (rx_q[0]): TDATA (tx_bufs) [78] frag 0x3c15d4bc ref 1 (ethernet_fill_header():610)[0m
[07:40:53.707] [1;32muart:~$ [m^[[1[12D[J[00:01:40.659,000] [0m<dbg> net_pkt.net_pkt_frag_insert_debug: (rx_q[0]): pkt 0x3c172ee0 frag 0x3c15d4bc (ethernet_fill_header:669)[0m
[07:40:53.723] [1;32muart:~$ [m^[[1[12D[J[00:01:40.659,000] [0m<dbg> net_pkt.net_pkt_read: (rx_q[0]): pkt 0x3c172ee0 data 0x3fcc36ae length 86[0m
[07:40:53.739] [1;32muart:~$ [m^[[1[12D[J[00:01:40.659,000] [0m<dbg> net_pkt.net_pkt_unref_debug: (rx_q[0]): TX [15] pkt 0x3c172ee0 ref 0 frags 0x3c15d4bc (ethernet_send():800)[0m
[07:40:53.757] [1;32muart:~$ [m^[[1[12D[J[00:01:40.659,000] [0m<dbg> net_pkt.net_pkt_unref_debug: (rx_q[0]): TDATA (tx_bufs) [78] frag 0x3c15d4bc ref 0 frags 0x3c15d4a0 (ethernet_send():800)[0m
[07:40:53.774] [1;32muart:~$ [m^[[1[12D[J[00:01:40.659,000] [0m<dbg> net_pkt.net_pkt_unref_debug: (rx_q[0]): TDATA (tx_bufs) [78] frag 0x3c15d4a0 ref 0 frags 0 (ethernet_send():800)[0m
[07:40:53.790] [1;32muart:~$ [m^[[1[12D[J[00:01:40.659,000] [0m<dbg> net_pkt.net_pkt_frag_unref_debug: (rx_q[0]): TDATA (tx_bufs) [78] frag 0x3c15d4bc ref 0 (net_pkt_unref_debug():612)[0m
[07:40:53.807] [1;32muart:~$ [m^[[1[12D[J[1;31m[1;31m--- 70 messages dropped ---
[07:40:53.824] [0m[m[00:01:40.659,000] [0m<dbg> net_pkt.net_pkt_frag_unref_debug: (rx_q[0]): TDATA (tx_bufs) [79] frag 0x3c15d4a0 ref 0 (net_pkt_unref_debug():612)[0m
[07:40:53.825] [1;32muart:~$ [m^[[1[12D[J[1;31m[1;31m--- 15 messages dropped ---
[07:40:53.841] [0m[m[00:01:40.659,000] [0m<dbg> net_pkt.net_pkt_unref_debug: (rx_q[0]): RX [39] pkt 0x3c173cf0 ref 0 frags 0x3c17286c (net_icmpv6_input():408)[0m
[07:40:53.842] [1;32muart:~$ [m^[[1[12D[J[00:01:40.659,000] [0m<dbg> net_pkt.net_pkt_unref_debug: (rx_q[0]): RDATA (rx_bufs) [159] frag 0x3c17286c ref 0 frags 0 (net_icmpv6_input():408)[0m
[07:40:53.858] [1;32muart:~$ [m^[[1[12D[J[00:01:40.659,000] [0m<dbg> net_pkt.net_pkt_frag_unref_debug: (rx_q[0]): RDATA (rx_bufs) [159] frag 0x3c17286c ref 0 (net_pkt_unref_debug():612)[0m
[07:40:53.875] [1;32muart:~$ [m^[[1[12D[J[00:01:40.659,000] [0m<dbg> net_pkt.net_pkt_print: (rx_q[0]): TX 16 RX 40 RDATA 160 TDATA 80[0m
[07:40:53.892] [1;32muart:~$ [m^[[1[12D[J[00:01:40.750,000] [0m<dbg> net_pkt.net_pkt_get_reserve_data_debug: (llss_thread): TDATA (tx_bufs) [76] frag 0x3c15d4f4 ref 1 (ethernet_fill_header():610)[0m
[07:40:53.909] [1;32muart:~$ [m^[[1[12D[J[00:01:40.758,000] [0m<dbg> net_pkt.net_pkt_unref_debug: (rx_q[0]): TX [14] pkt 0x3c172f28 ref 0 frags 0x3c15d4f4 (tcp_send():472)[0m
[07:40:53.926] [1;32muart:~$ [m^[[1[12D[J[00:01:40.766,000] [0m<dbg> net_pkt.net_pkt_skip: (rx_q[0]): pkt 0x3c173cf0 skip 40[0m
[07:40:53.942] [1;32muart:~$ [m^[[1[12D[J[00:01:40.767,000] [0m<dbg> net_pkt.net_pkt_skip: (rx_q[0]): pkt 0x3c173cf0 skip 8[0m
[07:40:53.958] [1;32muart:~$ [m^[[1[12D[J[00:01:40.767,000] [0m<dbg> net_pkt.net_pkt_skip: (rx_q[0]): pkt 0x3c173cf0 skip 32[0m
[07:40:53.975] [1;32muart:~$ [m^[[1[12D[J[00:01:40.767,000] [0m<dbg> net_pkt.net_pkt_write: (rx_q[0]): pkt 0x3c173cf0 data 0x3c16a796 length 20[0m
[07:40:53.991] [1;32muart:~$ [m^[[1[12D[J[00:01:40.767,000] [0m<dbg> net_pkt.net_pkt_skip: (rx_q[0]): pkt 0x3c173cf0 skip 20[0m
[07:40:54.008] [1;32muart:~$ [m^[[1[12D[J[00:01:40.767,000] [0m<dbg> net_pkt.net_pkt_skip: (rx_q[0]): pkt 0x3c173cf0 skip 40[0m
[07:40:54.024] [1;32muart:~$ [m^[[1[12D[J[00:01:40.767,000] [0m<dbg> net_pkt.net_pkt_skip: (rx_q[0]): pkt 0x3c173cf0 skip 40[0m
[07:40:54.040] [1;32muart:~$ [m^[[1[12D[J[00:01:40.767,000] [0m<dbg> net_pkt.net_pkt_skip: (rx_q[0]): pkt 0x3c173cf0 skip 40[0m
[07:40:54.056] [1;32muart:~$ [m^[[1[12D[J[00:01:40.767,000] [0m<dbg> net_pkt.net_pkt_skip: (rx_q[0]): pkt 0x3c173cf0 skip 40[0m
[07:40:54.072] [1;32muart:~$ [m^[[1[12D[J[00:01:40.767,000] [0m<dbg> net_pkt.net_pkt_skip: (rx_q[0]): pkt 0x3c173cf0 skip 40[0m
[07:40:54.088] [1;32muart:~$ [m^[[1[12D[J[00:01:40.767,000] [0m<dbg> net_pkt.net_pkt_unref_debug: (rx_q[0]): RDATA (rx_bufs) [159] frag 0x3c17286c ref 0 frags 0 (tcp_in():3635)[0m
[07:40:54.105] [1;32muart:~$ [m^[[1[12D[J[00:01:40.767,000] [0m<dbg> net_pkt.net_pkt_frag_unref_debug: (rx_q[0]): RDATA (rx_bufs) [159] frag 0x3c17286c ref 0 (net_pkt_unref_debug():612)[0m
[07:40:54.122] [1;32muart:~$ [m^[[1[12D[J[00:01:40.767,000] [0m<dbg> net_pkt.net_pkt_print: (rx_q[0]): TX 16 RX 40 RDATA 160 TDATA 80[0m
[07:40:54.138] [1;32muart:~$ [m^[[1[12D[J[1;32muart:~$ [m^[[1[12D[J[1;32muart:~$ [m^[[1[12D[J[00:01:41.270,000] [0m<dbg> net_pkt.pkt_alloc_with_buffer: (wifi): On iface 1 (0x3fc9ea10) size 60[0m
[07:40:55.315] [1;32muart:~$ [m^[[1[12D[J[00:01:41.270,000] [0m<dbg> net_pkt.net_pkt_alloc_buffer_with_reserve_debug: (wifi): Data allocation maximum size 60 (requested 60, reserve 0)[0m
[07:40:55.332] [1;32muart:~$ [m^[[1[12D[J[00:01:41.270,000] [0m<dbg> net_pkt.pkt_alloc_buffer: (wifi): RDATA (rx_bufs) [159] frag 0x3c17286c ref 1 (eth_esp32_rx():153)[0m
[07:40:55.349] [1;32muart:~$ [m^[[1[12D[J[00:01:41.270,000] [0m<dbg> net_pkt.net_pkt_write: (wifi): pkt 0x3c173cf0 data 0x3c26f2aa length 60[0m
[07:40:55.365] [1;32muart:~$ [m^[[1[12D[J[00:01:41.270,000] [0m<dbg> net_pkt.net_pkt_unref_debug: (rx_q[0]): RX [39] pkt 0x3c173cf0 ref 0 frags 0x3c17286c (processing_data():157)[0m
[07:40:55.382] [1;32muart:~$ [m^[[1[12D[J[00:01:41.270,000] [0m<dbg> net_pkt.net_pkt_unref_debug: (rx_q[0]): RDATA (rx_bufs) [159] frag 0x3c17286c ref 0 frags 0 (processing_data():157)[0m
[07:40:55.399] [1;32muart:~$ [m^[[1[12D[J[00:01:41.270,000] [0m<dbg> net_pkt.net_pkt_frag_unref_debug: (rx_q[0]): RDATA (rx_bufs) [159] frag 0x3c17286c ref 0 (net_pkt_unref_debug():612)[0m
[07:40:55.415] [1;32muart:~$ [m^[[1[12D[J[00:01:41.270,000] [0m<dbg> net_pkt.net_pkt_print: (rx_q[0]): TX 16 RX 40 RDATA 160 TDATA 80[0m
[07:40:55.431] [1;32muart:~$ [m^[[1[12D[J[1;32muart:~$ [m^[[1[12D[J[1;32muart:~$ [m^[[1[12D[J[1;31m[1;31m--- 40 messages dropped ---
[07:40:55.551] [0m[m[00:01:42.501,000] [0m<dbg> net_pkt.net_pkt_read: (rx_q[0]): pkt 0x3c172ee0 data 0x3fcc36ae length 74[0m
[07:40:55.552] [1;32muart:~$ [m^[[1[12D[J[00:01:42.502,000] [0m<dbg> net_pkt.net_pkt_unref_debug: (rx_q[0]): TX [15] pkt 0x3c172ee0 ref 1 frags 0x3c15d4bc (ethernet_send():800)[0m
[07:40:55.568] [1;32muart:~$ [m^[[1[12D[J[00:01:42.502,000] [0m<dbg> net_pkt.net_pkt_unref_debug: (rx_q[0]): TX [15] pkt 0x3c172ee0 ref 0 frags 0x3c15d4bc (tcp_send():472)[0m
[07:40:55.585] [1;32muart:~$ [m^[[1[12D[J[00:01:42.502,000] [0m<dbg> net_pkt.net_pkt_unref_debug: (rx_q[0]): TDATA (tx_bufs) [78] frag 0x3c15d4bc ref 0 frags 0x3c15d4a0 (tcp_send():472)[0m
[07:40:55.602] [1;32muart:~$ [m^[[1[12D[J[00:01:42.502,000] [0m<dbg> net_pkt.net_pkt_unref_debug: (rx_q[0]): TDATA (tx_bufs) [78] frag 0x3c15d4a0 ref 0 frags 0 (tcp_send():472)[0m
[07:40:55.618] [1;32muart:~$ [m^[[1[12D[J[00:01:42.502,000] [0m<dbg> net_pkt.net_pkt_frag_unref_debug: (rx_q[0]): TDATA (tx_bufs) [78] frag 0x3c15d4bc ref 0 (net_pkt_unref_debug():612)[0m
[07:40:55.635] [1;32muart:~$ [m^[[1[12D[J[00:01:42.502,000] [0m<dbg> net_pkt.net_pkt_frag_unref_debug: (rx_q[0]): TDATA (tx_bufs) [79] frag 0x3c15d4a0 ref 0 (net_pkt_unref_debug():612)[0m
[07:40:55.652] [1;32muart:~$ [m^[[1[12D[J[00:01:42.502,000] [0m<dbg> net_pkt.net_pkt_print: (rx_q[0]): TX 16 RX 39 RDATA 159 TDATA 80[0m
[07:40:55.668] [1;32muart:~$ [m^[[1[12D[J[00:01:42.504,000] [0m<dbg> net_pkt.net_pkt_read: (llss_thread): pkt 0x3c173cf0 data 0x3c246e00 length 5[0m
[07:40:55.684] [1;32muart:~$ [m^[[1[12D[J[00:01:42.504,000] [0m<dbg> net_pkt.net_pkt_read: (llss_thread): pkt 0x3c173cf0 data 0x3c246e05 length 233[0m
[07:40:55.701] [1;32muart:~$ [m^[[1[12D[J[00:01:42.504,000] [0m<dbg> net_pkt.net_pkt_unref_debug: (llss_thread): RX [39] pkt 0x3c173cf0 ref 0 frags 0x3c17286c (zsock_recv_stream_immediate():1423)[0m
[07:40:55.718] [1;32muart:~$ [m^[[1[12D[J[00:01:42.504,000] [0m<dbg> net_pkt.net_pkt_unref_debug: (llss_thread): RDATA (rx_bufs) [159] frag 0x3c17286c ref 0 frags 0 (zsock_recv_stream_immediate():1423)[0m
[07:40:55.735] [1;32muart:~$ [m^[[1[12D[J[00:01:42.504,000] [0m<dbg> net_pkt.net_pkt_frag_unref_debug: (llss_thread): RDATA (rx_bufs) [159] frag 0x3c17286c ref 0 (net_pkt_unref_debug():612)[0m
[07:40:55.752] [1;32muart:~$ [m^[[1[12D[J[1;32muart:~$ [m^[[1[12D[J[1;32muart:~$ [m^[[1[12D[J[00:01:43.318,000] [0m<dbg> net_pkt.pkt_alloc_with_buffer: (wifi): On iface 1 (0x3fc9ea10) size 60[0m
[07:40:57.363] [1;32muart:~$ [m^[[1[12D[J[00:01:43.318,000] [0m<dbg> net_pkt.net_pkt_alloc_buffer_with_reserve_debug: (wifi): Data allocation maximum size 60 (requested 60, reserve 0)[0m
[07:40:57.380] [1;32muart:~$ [m^[[1[12D[J[00:01:43.318,000] [0m<dbg> net_pkt.pkt_alloc_buffer: (wifi): RDATA (rx_bufs) [159] frag 0x3c17286c ref 1 (eth_esp32_rx():153)[0m
[07:40:57.397] [1;32muart:~$ [m^[[1[12D[J[00:01:43.318,000] [0m<dbg> net_pkt.net_pkt_write: (wifi): pkt 0x3c173cf0 data 0x3c26f2aa length 60[0m
[07:40:57.413] [1;32muart:~$ [m^[[1[12D[J[00:01:43.318,000] [0m<dbg> net_pkt.net_pkt_unref_debug: (rx_q[0]): RX [39] pkt 0x3c173cf0 ref 0 frags 0x3c17286c (processing_data():157)[0m
[07:40:57.430] [1;32muart:~$ [m^[[1[12D[J[00:01:43.318,000] [0m<dbg> net_pkt.net_pkt_unref_debug: (rx_q[0]): RDATA (rx_bufs) [159] frag 0x3c17286c ref 0 frags 0 (processing_data():157)[0m
[07:40:57.447] [1;32muart:~$ [m^[[1[12D[J[00:01:43.318,000] [0m<dbg> net_pkt.net_pkt_frag_unref_debug: (rx_q[0]): RDATA (rx_bufs) [159] frag 0x3c17286c ref 0 (net_pkt_unref_debug():612)[0m
[07:40:57.463] [1;32muart:~$ [m^[[1[12D[J[00:01:43.318,000] [0m<dbg> net_pkt.net_pkt_print: (rx_q[0]): TX 16 RX 40 RDATA 160 TDATA 80[0m
[07:40:57.479] [1;32muart:~$ [m^[[1[12D[J[1;32muart:~$ [m^[[1[12D[J[1;32muart:~$ [m^[[1[12D[J[1;31m[1;31m--- 3 messages dropped ---
[07:40:58.207] [0m[m[00:01:44.342,000] [0m<dbg> net_pkt.net_pkt_write: (wifi): pkt 0x3c173cf0 data 0x3c26f2aa length 60[0m
[07:40:58.207] [1;32muart:~$ [m^[[1[12D[J[00:01:44.342,000] [0m<dbg> net_pkt.net_pkt_unref_debug: (rx_q[0]): RX [39] pkt 0x3c173cf0 ref 0 frags 0x3c17286c (processing_data():157)[0m
[07:40:58.224] [1;32muart:~$ [m^[[1[12D[J[00:01:44.342,000] [0m<dbg> net_pkt.net_pkt_unref_debug: (rx_q[0]): RDATA (rx_bufs) [159] frag 0x3c17286c ref 0 frags 0 (processing_data():157)[0m
[07:40:58.241] [1;32muart:~$ [m^[[1[12D[J[00:01:44.342,000] [0m<dbg> net_pkt.net_pkt_frag_unref_debug: (rx_q[0]): RDATA (rx_bufs) [159] frag 0x3c17286c ref 0 (net_pkt_unref_debug():612)[0m
[07:40:58.258] [1;32muart:~$ [m^[[1[12D[J[00:01:44.342,000] [0m<dbg> net_pkt.net_pkt_print: (rx_q[0]): TX 16 RX 40 RDATA 160 TDATA 80[0m
[07:40:58.275] [1;32muart:~$ [m^[[1[12D[J[00:01:45.161,000] [0m<dbg> net_pkt.pkt_alloc_with_buffer: (wifi): On iface 1 (0x3fc9ea10) size 60[0m
[07:40:58.291] [1;32muart:~$ [m^[[1[12D[J[00:01:45.161,000] [0m<dbg> net_pkt.net_pkt_alloc_buffer_with_reserve_debug: (wifi): Data allocation maximum size 60 (requested 60, reserve 0)[0m
[07:40:58.308] [1;32muart:~$ [m^[[1[12D[J[00:01:45.161,000] [0m<dbg> net_pkt.pkt_alloc_buffer: (wifi): RDATA (rx_bufs) [159] frag 0x3c17286c ref 1 (eth_esp32_rx():153)[0m
[07:40:58.325] [1;32muart:~$ [m^[[1[12D[J[00:01:45.161,000] [0m<dbg> net_pkt.net_pkt_write: (wifi): pkt 0x3c173cf0 data 0x3c26f2aa length 60[0m
[07:40:58.341] [1;32muart:~$ [m^[[1[12D[J[00:01:45.161,000] [0m<dbg> net_pkt.net_pkt_unref_debug: (rx_q[0]): RX [39] pkt 0x3c173cf0 ref 0 frags 0x3c17286c (processing_data():157)[0m
[07:40:58.358] [1;32muart:~$ [m^[[1[12D[J[00:01:45.161,000] [0m<dbg> net_pkt.net_pkt_unref_debug: (rx_q[0]): RDATA (rx_bufs) [159] frag 0x3c17286c ref 0 frags 0 (processing_data():157)[0m
[07:40:58.374] [1;32muart:~$ [m^[[1[12D[J[00:01:45.161,000] [0m<dbg> net_pkt.net_pkt_frag_unref_debug: (rx_q[0]): RDATA (rx_bufs) [159] frag 0x3c17286c ref 0 (net_pkt_unref_debug():612)[0m
[07:40:58.391] [1;32muart:~$ [m^[[1[12D[J[00:01:45.161,000] [0m<dbg> net_pkt.net_pkt_print: (rx_q[0]): TX 16 RX 40 RDATA 160 TDATA 80[0m
[07:40:58.408] [1;32muart:~$ [m^[[1[12D[J[1;32muart:~$ [m^[[1[12D[J[1;32muart:~$ [m^[[1[12D[J[1;31m[1;31m--- 14 messages dropped ---
[07:40:58.707] [0m[m[00:01:45.659,000] [0m<dbg> net_pkt.net_pkt_skip: (sysworkq): pkt 0x3c172ee0 skip 40[0m
[07:40:58.710] [1;32muart:~$ [m^[[1[12D[J[1;31m[1;31m--- 4 messages dropped ---
[07:40:58.726] [0m[m[00:01:45.659,000] [0m<dbg> net_pkt.net_pkt_skip: (sysworkq): pkt 0x3c172ee0 skip 8[0m
[07:40:58.727] [1;32muart:~$ [m^[[1[12D[J[00:01:45.659,000] [0m<dbg> net_pkt.net_pkt_skip: (sysworkq): pkt 0x3c172ee0 skip 32[0m
[07:40:58.743] [1;32muart:~$ [m^[[1[12D[J[00:01:45.659,000] [0m<dbg> net_pkt.net_pkt_write: (sysworkq): pkt 0x3c172ee0 data 0x3c1534c8 length 4[0m
[07:40:58.760] [1;32muart:~$ [m^[[1[12D[J[00:01:45.660,000] [0m<dbg> net_pkt.net_pkt_skip: (sysworkq): pkt 0x3c172ee0 skip 4[0m
[07:40:58.776] [1;32muart:~$ [m^[[1[12D[J[00:01:45.660,000] [0m<dbg> net_pkt.net_pkt_get_reserve_data_debug: (sysworkq): TDATA (tx_bufs) [78] frag 0x3c15d4bc ref 1 (ethernet_fill_header():610)[0m
[07:40:58.792] [1;32muart:~$ [m^[[1[12D[J[00:01:45.660,000] [0m<dbg> net_pkt.net_pkt_frag_insert_debug: (sysworkq): pkt 0x3c172ee0 frag 0x3c15d4bc (ethernet_fill_header:669)[0m
[07:40:58.809] [1;32muart:~$ [m^[[1[12D[J[00:01:45.660,000] [0m<dbg> net_pkt.net_pkt_read: (sysworkq): pkt 0x3c172ee0 data 0x3fcc36ae length 86[0m
[07:40:58.826] [1;32muart:~$ [m^[[1[12D[J[00:01:45.660,000] [0m<dbg> net_pkt.net_pkt_frag_unref_debug: (sysworkq): TDATA (tx_bufs) [79] frag 0x3c15d4a0 ref 0 (net_pkt_unref_debug():612)[0m
[07:40:58.842] [1;32muart:~$ [m^[[1[12D[J[00:01:45.664,000] [0m<dbg> net_pkt.pkt_alloc_with_buffer: (wifi): On iface 1 (0x3fc9ea10) size 78[0m
[07:40:58.859] [1;32muart:~$ [m^[[1[12D[J[00:01:45.664,000] [0m<dbg> net_pkt.net_pkt_alloc_buffer_with_reserve_debug: (wifi): Data allocation maximum size 78 (requested 78, reserve 0)[0m
[07:40:58.875] [1;32muart:~$ [m^[[1[12D[J[00:01:45.664,000] [0m<dbg> net_pkt.pkt_alloc_buffer: (wifi): RDATA (rx_bufs) [159] frag 0x3c17286c ref 1 (eth_esp32_rx():153)[0m
[07:40:58.892] [1;32muart:~$ [m^[[1[12D[J[00:01:45.664,000] [0m<dbg> net_pkt.net_pkt_write: (wifi): pkt 0x3c173cf0 data 0x3c26f2ac length 78[0m
[07:40:58.908] [1;32muart:~$ [m^[[1[12D[J[00:01:45.664,000] [0m<dbg> net_pkt.net_pkt_skip: (rx_q[0]): pkt 0x3c173cf0 skip 40[0m
[07:40:58.925] [1;32muart:~$ [m^[[1[12D[J[00:01:45.664,000] [0m<dbg> net_pkt.net_pkt_skip: (rx_q[0]): pkt 0x3c173cf0 skip 8[0m
[07:40:58.940] [1;32muart:~$ [m^[[1[12D[J[00:01:45.664,000] [0m<dbg> net_pkt.net_pkt_skip: (rx_q[0]): pkt 0x3c173cf0 skip 32[0m
[07:40:58.956] [1;32muart:~$ [m^[[1[12D[J[00:01:45.664,000] [0m<dbg> net_pkt.net_pkt_skip: (rx_q[0]): pkt 0x3c173cf0 skip 4[0m
[07:40:58.972] [1;32muart:~$ [m^[[1[12D[J[00:01:45.665,000] [0m<dbg> net_pkt.net_pkt_unref_debug: (rx_q[0]): RX [39] pkt 0x3c173cf0 ref 0 frags 0x3c17286c (processing_data():157)[0m
[07:40:58.989] [1;32muart:~$ [m^[[1[12D[J[00:01:45.665,000] [0m<dbg> net_pkt.net_pkt_unref_debug: (rx_q[0]): RDATA (rx_bufs) [159] frag 0x3c17286c ref 0 frags 0 (processing_data():157)[0m
[07:40:59.005] [1;32muart:~$ [m^[[1[12D[J[00:01:45.665,000] [0m<dbg> net_pkt.net_pkt_frag_unref_debug: (rx_q[0]): RDATA (rx_bufs) [159] frag 0x3c17286c ref 0 (net_pkt_unref_debug():612)[0m
[07:40:59.022] [1;32muart:~$ [m^[[1[12D[J[00:01:45.665,000] [0m<dbg> net_pkt.net_pkt_print: (rx_q[0]): TX 16 RX 40 RDATA 160 TDATA 80[0m
[07:40:59.039] [1;32muart:~$ [m^[[1[12D[J[1;32muart:~$ [m^[[1[12D[J[1;32muart:~$ [m^[[1[12D[J[1;31m[1;31m--- 22 messages dropped ---
[07:40:59.710] [0m[m[00:01:46.661,000] [0m<dbg> net_pkt.net_pkt_skip: (sysworkq): pkt 0x3c172ee0 skip 40[0m
[07:40:59.711] [1;32muart:~$ [m^[[1[12D[J[1;31m[1;31m--- 4 messages dropped ---
[07:40:59.727] [0m[m[00:01:46.661,000] [0m<dbg> net_pkt.net_pkt_skip: (sysworkq): pkt 0x3c172ee0 skip 8[0m
[07:40:59.728] [1;32muart:~$ [m^[[1[12D[J[00:01:46.661,000] [0m<dbg> net_pkt.net_pkt_skip: (sysworkq): pkt 0x3c172ee0 skip 32[0m
[07:40:59.744] [1;32muart:~$ [m^[[1[12D[J[00:01:46.661,000] [0m<dbg> net_pkt.net_pkt_write: (sysworkq): pkt 0x3c172ee0 data 0x3c1534c8 length 4[0m
[07:40:59.761] [1;32muart:~$ [m^[[1[12D[J[00:01:46.661,000] [0m<dbg> net_pkt.net_pkt_skip: (sysworkq): pkt 0x3c172ee0 skip 4[0m
[07:40:59.777] [1;32muart:~$ [m^[[1[12D[J[00:01:46.661,000] [0m<dbg> net_pkt.net_pkt_get_reserve_data_debug: (sysworkq): TDATA (tx_bufs) [78] frag 0x3c15d4bc ref 1 (ethernet_fill_header():610)[0m
[07:40:59.794] [1;32muart:~$ [m^[[1[12D[J[00:01:46.661,000] [0m<dbg> net_pkt.net_pkt_frag_insert_debug: (sysworkq): pkt 0x3c172ee0 frag 0x3c15d4bc (ethernet_fill_header:669)[0m
[07:40:59.810] [1;32muart:~$ [m^[[1[12D[J[00:01:46.661,000] [0m<dbg> net_pkt.net_pkt_read: (sysworkq): pkt 0x3c172ee0 data 0x3fcc36ae length 86[0m
[07:40:59.826] [1;32muart:~$ [m^[[1[12D[J[00:01:46.662,000] [0m<dbg> net_pkt.net_pkt_frag_unref_debug: (sysworkq): TDATA (tx_bufs) [79] frag 0x3c15d4a0 ref 0 (net_pkt_unref_debug():612)[0m
[07:40:59.843] [1;32muart:~$ [m^[[1[12D[J[00:01:46.665,000] [0m<dbg> net_pkt.pkt_alloc_with_buffer: (wifi): On iface 1 (0x3fc9ea10) size 78[0m
[07:40:59.860] [1;32muart:~$ [m^[[1[12D[J[00:01:46.665,000] [0m<dbg> net_pkt.net_pkt_alloc_buffer_with_reserve_debug: (wifi): Data allocation maximum size 78 (requested 78, reserve 0)[0m
[07:40:59.877] [1;32muart:~$ [m^[[1[12D[J[00:01:46.665,000] [0m<dbg> net_pkt.pkt_alloc_buffer: (wifi): RDATA (rx_bufs) [159] frag 0x3c17286c ref 1 (eth_esp32_rx():153)[0m
[07:40:59.893] [1;32muart:~$ [m^[[1[12D[J[00:01:46.665,000] [0m<dbg> net_pkt.net_pkt_write: (wifi): pkt 0x3c173cf0 data 0x3c26f2ac length 78[0m
[07:40:59.909] [1;32muart:~$ [m^[[1[12D[J[00:01:46.665,000] [0m<dbg> net_pkt.net_pkt_skip: (rx_q[0]): pkt 0x3c173cf0 skip 40[0m
[07:40:59.926] [1;32muart:~$ [m^[[1[12D[J[00:01:46.665,000] [0m<dbg> net_pkt.net_pkt_skip: (rx_q[0]): pkt 0x3c173cf0 skip 8[0m
[07:40:59.942] [1;32muart:~$ [m^[[1[12D[J[00:01:46.665,000] [0m<dbg> net_pkt.net_pkt_skip: (rx_q[0]): pkt 0x3c173cf0 skip 32[0m
[07:40:59.958] [1;32muart:~$ [m^[[1[12D[J[00:01:46.665,000] [0m<dbg> net_pkt.net_pkt_skip: (rx_q[0]): pkt 0x3c173cf0 skip 4[0m
[07:40:59.974] [1;32muart:~$ [m^[[1[12D[J[00:01:46.665,000] [0m<dbg> net_pkt.net_pkt_unref_debug: (rx_q[0]): RX [39] pkt 0x3c173cf0 ref 0 frags 0x3c17286c (processing_data():157)[0m
[07:40:59.990] [1;32muart:~$ [m^[[1[12D[J[00:01:46.665,000] [0m<dbg> net_pkt.net_pkt_unref_debug: (rx_q[0]): RDATA (rx_bufs) [159] frag 0x3c17286c ref 0 frags 0 (processing_data():157)[0m
[07:41:00.007] [1;32muart:~$ [m^[[1[12D[J[00:01:46.665,000] [0m<dbg> net_pkt.net_pkt_frag_unref_debug: (rx_q[0]): RDATA (rx_bufs) [159] frag 0x3c17286c ref 0 (net_pkt_unref_debug():612)[0m
[07:41:00.023] [1;32muart:~$ [m^[[1[12D[J[00:01:46.665,000] [0m<dbg> net_pkt.net_pkt_print: (rx_q[0]): TX 16 RX 40 RDATA 160 TDATA 80[0m
[07:41:00.040] [1;32muart:~$ [m^[[1[12D[J[1;32muart:~$ [m^[[1[12D[J[1;32muart:~$ [m^[[1[12D[J[1;31m[1;31m--- 28 messages dropped ---
[07:41:00.558] [0m[m[00:01:47.508,000] [0m<dbg> net_pkt.net_pkt_ref_debug: (llss_thread): TX [14] pkt 0x3c172f28 ref 2 (tcp_send():424)[0m
[07:41:00.560] [1;32muart:~$ [m^[[1[12D[J[00:01:47.508,000] [0m<dbg> net_pkt.net_pkt_get_reserve_data_debug: (llss_thread): TDATA (tx_bufs) [76] frag 0x3c15d4f4 ref 1 (ethernet_fill_header():610)[0m
[07:41:00.577] [1;32muart:~$ [m^[[1[12D[J[1;31m[1;31m--- 58 messages dropped ---
[07:41:00.592] [0m[m[00:01:47.509,000] [0m<dbg> net_pkt.net_pkt_frag_insert_debug: (llss_thread): pkt 0x3c172f28 frag 0x3c15d4f4 (ethernet_fill_header:669)[0m
[07:41:00.593] [1;32muart:~$ [m^[[1[12D[J[00:01:47.509,000] [0m<dbg> net_pkt.net_pkt_read: (llss_thread): pkt 0x3c172f28 data 0x3fcc36ae length 295[0m
[07:41:00.610] [1;32muart:~$ [m^[[1[12D[J[00:01:47.510,000] [0m<dbg> net_pkt.net_pkt_unref_debug: (llss_thread): TX [14] pkt 0x3c172f28 ref 1 frags 0x3c15d4f4 (ethernet_send():800)[0m
[07:41:00.627] [1;32muart:~$ [m^[[1[12D[J[00:01:47.510,000] [0m<dbg> net_pkt.net_pkt_unref_debug: (llss_thread): TX [14] pkt 0x3c172f28 ref 0 frags 0x3c15d4f4 (tcp_send():472)[0m
[07:41:00.643] [1;32muart:~$ [m^[[1[12D[J[00:01:47.510,000] [0m<dbg> net_pkt.net_pkt_unref_debug: (llss_thread): TDATA (tx_bufs) [76] frag 0x3c15d4f4 ref 0 frags 0x3c15d4d8 (tcp_send():472)[0m
[07:41:00.660] [1;32muart:~$ [m^[[1[12D[J[00:01:47.510,000] [0m<dbg> net_pkt.net_pkt_unref_debug: (llss_thread): TDATA (tx_bufs) [76] frag 0x3c15d4d8 ref 0 frags 0x3c15d4bc (tcp_send():472)[0m
[07:41:00.677] [1;32muart:~$ [m^[[1[12D[J[00:01:47.524,000] [0m<dbg> net_pkt.net_pkt_write: (wifi): pkt 0x3c173cf0 data 0x3c26f2ac length 74[0m
[07:41:00.694] [1;32muart:~$ [m^[[1[12D[J[00:01:47.524,000] [0m<dbg> net_pkt.net_pkt_skip: (rx_q[0]): pkt 0x3c173cf0 skip 40[0m
[07:41:00.712] [1;32muart:~$ [m^[[1[12D[J[1;31m[1;31m--- 30 messages dropped ---
[07:41:00.728] [0m[m[00:01:47.525,000] [0m<dbg> net_pkt.net_pkt_skip: (rx_q[0]): pkt 0x3c173cf0 skip 8[0m
[07:41:00.729] [1;32muart:~$ [m^[[1[12D[J[00:01:47.525,000] [0m<dbg> net_pkt.net_pkt_skip: (rx_q[0]): pkt 0x3c173cf0 skip 32[0m
[07:41:00.745] [1;32muart:~$ [m^[[1[12D[J[00:01:47.525,000] [0m<dbg> net_pkt.net_pkt_write: (rx_q[0]): pkt 0x3c173cf0 data 0x3c16a796 length 20[0m
[07:41:00.762] [1;32muart:~$ [m^[[1[12D[J[00:01:47.525,000] [0m<dbg> net_pkt.net_pkt_skip: (rx_q[0]): pkt 0x3c173cf0 skip 20[0m
[07:41:00.778] [1;32muart:~$ [m^[[1[12D[J[00:01:47.525,000] [0m<dbg> net_pkt.net_pkt_skip: (rx_q[0]): pkt 0x3c173cf0 skip 40[0m
[07:41:00.795] [1;32muart:~$ [m^[[1[12D[J[00:01:47.525,000] [0m<dbg> net_pkt.net_pkt_skip: (rx_q[0]): pkt 0x3c173cf0 skip 40[0m
[07:41:00.811] [1;32muart:~$ [m^[[1[12D[J[00:01:47.525,000] [0m<dbg> net_pkt.net_pkt_skip: (rx_q[0]): pkt 0x3c173cf0 skip 40[0m
[07:41:00.827] [1;32muart:~$ [m^[[1[12D[J[00:01:47.525,000] [0m<dbg> net_pkt.net_pkt_skip: (rx_q[0]): pkt 0x3c173cf0 skip 40[0m
[07:41:00.843] [1;32muart:~$ [m^[[1[12D[J[00:01:47.663,000] [0m<dbg> net_pkt.net_pkt_frag_unref_debug: (sysworkq): TDATA (tx_bufs) [78] frag 0x3c15d4bc ref 0 (net_pkt_unref_debug():612)[0m
[07:41:00.859] [1;32muart:~$ [m^[[1[12D[J[00:01:47.663,000] [0m<dbg> net_pkt.net_pkt_frag_unref_debug: (sysworkq): TDATA (tx_bufs) [79] frag 0x3c15d4a0 ref 0 (net_pkt_unref_debug():612)[0m
[07:41:00.876] [1;32muart:~$ [m^[[1[12D[J[00:01:47.666,000] [0m<dbg> net_pkt.pkt_alloc_with_buffer: (wifi): On iface 1 (0x3fc9ea10) size 78[0m
[07:41:00.893] [1;32muart:~$ [m^[[1[12D[J[00:01:47.666,000] [0m<dbg> net_pkt.net_pkt_alloc_buffer_with_reserve_debug: (wifi): Data allocation maximum size 78 (requested 78, reserve 0)[0m
[07:41:00.910] [1;32muart:~$ [m^[[1[12D[J[00:01:47.666,000] [0m<dbg> net_pkt.pkt_alloc_buffer: (wifi): RDATA (rx_bufs) [159] frag 0x3c17286c ref 1 (eth_esp32_rx():153)[0m
[07:41:00.926] [1;32muart:~$ [m^[[1[12D[J[00:01:47.666,000] [0m<dbg> net_pkt.net_pkt_write: (wifi): pkt 0x3c173cf0 data 0x3c26f2ac length 78[0m
[07:41:00.942] [1;32muart:~$ [m^[[1[12D[J[00:01:47.666,000] [0m<dbg> net_pkt.net_pkt_skip: (rx_q[0]): pkt 0x3c173cf0 skip 40[0m
[07:41:00.959] [1;32muart:~$ [m^[[1[12D[J[00:01:47.666,000] [0m<dbg> net_pkt.net_pkt_skip: (rx_q[0]): pkt 0x3c173cf0 skip 8[0m
[07:41:00.975] [1;32muart:~$ [m^[[1[12D[J[00:01:47.666,000] [0m<dbg> net_pkt.net_pkt_skip: (rx_q[0]): pkt 0x3c173cf0 skip 32[0m
[07:41:00.992] [1;32muart:~$ [m^[[1[12D[J[00:01:47.666,000] [0m<dbg> net_pkt.net_pkt_skip: (rx_q[0]): pkt 0x3c173cf0 skip 4[0m
[07:41:01.008] [1;32muart:~$ [m^[[1[12D[J[00:01:47.667,000] [0m<dbg> net_pkt.net_pkt_unref_debug: (rx_q[0]): RX [39] pkt 0x3c173cf0 ref 0 frags 0x3c17286c (processing_data():157)[0m
[07:41:01.025] [1;32muart:~$ [m^[[1[12D[J[00:01:47.667,000] [0m<dbg> net_pkt.net_pkt_unref_debug: (rx_q[0]): RDATA (rx_bufs) [159] frag 0x3c17286c ref 0 frags 0 (processing_data():157)[0m
[07:41:01.041] [1;32muart:~$ [m^[[1[12D[J[00:01:47.667,000] [0m<dbg> net_pkt.net_pkt_print: (rx_q[0]): TX 16 RX 40 RDATA 160 TDATA 80[0m
[07:41:01.058] [1;32muart:~$ [m^[[1[12D[J[1;32muart:~$ [m^[[1[12D[J[1;32muart:~$ [m^[[1[12D[J[00:01:48.234,000] [0m<dbg> net_pkt.pkt_alloc_with_buffer: (wifi): On iface 1 (0x3fc9ea10) size 60[0m
[07:41:02.279] [1;32muart:~$ [m^[[1[12D[J[00:01:48.234,000] [0m<dbg> net_pkt.net_pkt_alloc_buffer_with_reserve_debug: (wifi): Data allocation maximum size 60 (requested 60, reserve 0)[0m
[07:41:02.296] [1;32muart:~$ [m^[[1[12D[J[1;31m[1;31m--- 40 messages dropped ---
[07:41:02.313] [0m[m[00:01:48.234,000] [0m<dbg> net_pkt.pkt_alloc_buffer: (wifi): RDATA (rx_bufs) [159] frag 0x3c17286c ref 1 (eth_esp32_rx():153)[0m
[07:41:02.314] [1;32muart:~$ [m^[[1[12D[J[00:01:48.234,000] [0m<dbg> net_pkt.net_pkt_write: (wifi): pkt 0x3c173cf0 data 0x3c26f2aa length 60[0m
[07:41:02.330] [1;32muart:~$ [m^[[1[12D[J[00:01:48.234,000] [0m<dbg> net_pkt.net_pkt_unref_debug: (rx_q[0]): RX [39] pkt 0x3c173cf0 ref 0 frags 0x3c17286c (processing_data():157)[0m
[07:41:02.347] [1;32muart:~$ [m^[[1[12D[J[00:01:48.234,000] [0m<dbg> net_pkt.net_pkt_unref_debug: (rx_q[0]): RDATA (rx_bufs) [159] frag 0x3c17286c ref 0 frags 0 (processing_data():157)[0m
[07:41:02.364] [1;32muart:~$ [m^[[1[12D[J[00:01:48.234,000] [0m<dbg> net_pkt.net_pkt_frag_unref_debug: (rx_q[0]): RDATA (rx_bufs) [159] frag 0x3c17286c ref 0 (net_pkt_unref_debug():612)[0m
[07:41:02.381] [1;32muart:~$ [m^[[1[12D[J[00:01:48.234,000] [0m<dbg> net_pkt.net_pkt_print: (rx_q[0]): TX 16 RX 40 RDATA 160 TDATA 80[0m
[07:41:02.397] [1;32muart:~$ [m^[[1[12D[J[00:01:49.261,000] [0m<dbg> net_pkt.net_pkt_read: (rx_q[0]): pkt 0x3c172ee0 data 0x3fcc36ae length 74[0m
[07:41:02.414] [1;32muart:~$ [m^[[1[12D[J[00:01:49.261,000] [0m<dbg> net_pkt.net_pkt_unref_debug: (rx_q[0]): TX [15] pkt 0x3c172ee0 ref 1 frags 0x3c15d4bc (ethernet_send():800)[0m
[07:41:02.430] [1;32muart:~$ [m^[[1[12D[J[00:01:49.261,000] [0m<dbg> net_pkt.net_pkt_unref_debug: (rx_q[0]): TX [15] pkt 0x3c172ee0 ref 0 frags 0x3c15d4bc (tcp_send():472)[0m
[07:41:02.447] [1;32muart:~$ [m^[[1[12D[J[00:01:49.261,000] [0m<dbg> net_pkt.net_pkt_unref_debug: (rx_q[0]): TDATA (tx_bufs) [78] frag 0x3c15d4bc ref 0 frags 0x3c15d4a0 (tcp_send():472)[0m
[07:41:02.463] [1;32muart:~$ [m^[[1[12D[J[00:01:49.261,000] [0m<dbg> net_pkt.net_pkt_unref_debug: (rx_q[0]): TDATA (tx_bufs) [78] frag 0x3c15d4a0 ref 0 frags 0 (tcp_send():472)[0m
[07:41:02.480] [1;32muart:~$ [m^[[1[12D[J[00:01:49.261,000] [0m<dbg> net_pkt.net_pkt_frag_unref_debug: (rx_q[0]): TDATA (tx_bufs) [78] frag 0x3c15d4bc ref 0 (net_pkt_unref_debug():612)[0m
[07:41:02.496] [1;32muart:~$ [m^[[1[12D[J[00:01:49.261,000] [0m<dbg> net_pkt.net_pkt_frag_unref_debug: (rx_q[0]): TDATA (tx_bufs) [79] frag 0x3c15d4a0 ref 0 (net_pkt_unref_debug():612)[0m
[07:41:02.513] [1;32muart:~$ [m^[[1[12D[J[00:01:49.261,000] [0m<dbg> net_pkt.net_pkt_print: (rx_q[0]): TX 16 RX 39 RDATA 159 TDATA 80[0m
[07:41:02.530] [1;32muart:~$ [m^[[1[12D[J[00:01:49.263,000] [0m<dbg> net_pkt.net_pkt_read: (llss_thread): pkt 0x3c173cf0 data 0x3c246e00 length 5[0m
[07:41:02.546] [1;32muart:~$ [m^[[1[12D[J[00:01:49.263,000] [0m<dbg> net_pkt.net_pkt_read: (llss_thread): pkt 0x3c173cf0 data 0x3c246e05 length 233[0m
[07:41:02.563] [1;32muart:~$ [m^[[1[12D[J[00:01:49.263,000] [0m<dbg> net_pkt.net_pkt_unref_debug: (llss_thread): RX [39] pkt 0x3c173cf0 ref 0 frags 0x3c17286c (zsock_recv_stream_immediate():1423)[0m
[07:41:02.580] [1;32muart:~$ [m^[[1[12D[J[00:01:49.263,000] [0m<dbg> net_pkt.net_pkt_unref_debug: (llss_thread): RDATA (rx_bufs) [159] frag 0x3c17286c ref 0 frags 0 (zsock_recv_stream_immediate():1423)[0m
[07:41:02.597] [1;32muart:~$ [m^[[1[12D[J[00:01:49.263,000] [0m<dbg> net_pkt.net_pkt_frag_unref_debug: (llss_thread): RDATA (rx_bufs) [159] frag 0x3c17286c ref 0 (net_pkt_unref_debug():612)[0m
[07:41:02.613] [1;32muart:~$ [m^[[1[12D[J[1;32muart:~$ [m^[[1[12D[J[1;32muart:~$ [m^[[1[12D[J[00:01:50.076,000] [0m<dbg> net_pkt.pkt_alloc_with_buffer: (wifi): On iface 1 (0x3fc9ea10) size 60[0m
[07:41:04.122] [1;32muart:~$ [m^[[1[12D[J[00:01:50.076,000] [0m<dbg> net_pkt.net_pkt_alloc_buffer_with_reserve_debug: (wifi): Data allocation maximum size 60 (requested 60, reserve 0)[0m
[07:41:04.139] [1;32muart:~$ [m^[[1[12D[J[00:01:50.076,000] [0m<dbg> net_pkt.pkt_alloc_buffer: (wifi): RDATA (rx_bufs) [159] frag 0x3c17286c ref 1 (eth_esp32_rx():153)[0m
[07:41:04.156] [1;32muart:~$ [m^[[1[12D[J[00:01:50.076,000] [0m<dbg> net_pkt.net_pkt_write: (wifi): pkt 0x3c173cf0 data 0x3c26f2aa length 60[0m
[07:41:04.172] [1;32muart:~$ [m^[[1[12D[J[00:01:50.076,000] [0m<dbg> net_pkt.net_pkt_unref_debug: (rx_q[0]): RX [39] pkt 0x3c173cf0 ref 0 frags 0x3c17286c (processing_data():157)[0m
[07:41:04.189] [1;32muart:~$ [m^[[1[12D[J[00:01:50.077,000] [0m<dbg> net_pkt.net_pkt_unref_debug: (rx_q[0]): RDATA (rx_bufs) [159] frag 0x3c17286c ref 0 frags 0 (processing_data():157)[0m
[07:41:04.205] [1;32muart:~$ [m^[[1[12D[J[00:01:50.077,000] [0m<dbg> net_pkt.net_pkt_frag_unref_debug: (rx_q[0]): RDATA (rx_bufs) [159] frag 0x3c17286c ref 0 (net_pkt_unref_debug():612)[0m
[07:41:04.222] [1;32muart:~$ [m^[[1[12D[J[00:01:50.077,000] [0m<dbg> net_pkt.net_pkt_print: (rx_q[0]): TX 16 RX 40 RDATA 160 TDATA 80[0m
[07:41:04.238] [1;32muart:~$ [m^[[1[12D[J[1;32muart:~$ [m^[[1[12D[J[1;32muart:~$ [m^[[1[12D[J[00:01:51.100,000] [0m<dbg> net_pkt.pkt_alloc_with_buffer: (wifi): On iface 1 (0x3fc9ea10) size 60[0m
[07:41:05.145] [1;32muart:~$ [m^[[1[12D[J[00:01:51.100,000] [0m<dbg> net_pkt.net_pkt_alloc_buffer_with_reserve_debug: (wifi): Data allocation maximum size 60 (requested 60, reserve 0)[0m
[07:41:05.162] [1;32muart:~$ [m^[[1[12D[J[00:01:51.100,000] [0m<dbg> net_pkt.pkt_alloc_buffer: (wifi): RDATA (rx_bufs) [159] frag 0x3c17286c ref 1 (eth_esp32_rx():153)[0m
[07:41:05.179] [1;32muart:~$ [m^[[1[12D[J[00:01:51.100,000] [0m<dbg> net_pkt.net_pkt_write: (wifi): pkt 0x3c173cf0 data 0x3c26f2aa length 60[0m
[07:41:05.195] [1;32muart:~$ [m^[[1[12D[J[00:01:51.101,000] [0m<dbg> net_pkt.net_pkt_unref_debug: (rx_q[0]): RX [39] pkt 0x3c173cf0 ref 0 frags 0x3c17286c (processing_data():157)[0m
[07:41:05.212] [1;32muart:~$ [m^[[1[12D[J[00:01:51.101,000] [0m<dbg> net_pkt.net_pkt_unref_debug: (rx_q[0]): RDATA (rx_bufs) [159] frag 0x3c17286c ref 0 frags 0 (processing_data():157)[0m
[07:41:05.229] [1;32muart:~$ [m^[[1[12D[J[00:01:51.101,000] [0m<dbg> net_pkt.net_pkt_frag_unref_debug: (rx_q[0]): RDATA (rx_bufs) [159] frag 0x3c17286c ref 0 (net_pkt_unref_debug():612)[0m
[07:41:05.246] [1;32muart:~$ [m^[[1[12D[J[00:01:51.101,000] [0m<dbg> net_pkt.net_pkt_print: (rx_q[0]): TX 16 RX 40 RDATA 160 TDATA 80[0m
[07:41:05.262] [1;32muart:~$ [m^[[1[12D[J[1;32muart:~$ [m^[[1[12D[J[1;32muart:~$ [m^[[1[12D[J[00:01:52.124,000] [0m<dbg> net_pkt.pkt_alloc_with_buffer: (wifi): On iface 1 (0x3fc9ea10) size 60[0m
[07:41:06.170] [1;32muart:~$ [m^[[1[12D[J[00:01:52.124,000] [0m<dbg> net_pkt.net_pkt_alloc_buffer_with_reserve_debug: (wifi): Data allocation maximum size 60 (requested 60, reserve 0)[0m
[07:41:06.186] [1;32muart:~$ [m^[[1[12D[J[00:01:52.124,000] [0m<dbg> net_pkt.pkt_alloc_buffer: (wifi): RDATA (rx_bufs) [159] frag 0x3c17286c ref 1 (eth_esp32_rx():153)[0m
[07:41:06.203] [1;32muart:~$ [m^[[1[12D[J[00:01:52.124,000] [0m<dbg> net_pkt.net_pkt_write: (wifi): pkt 0x3c173cf0 data 0x3c26f2aa length 60[0m
[07:41:06.220] [1;32muart:~$ [m^[[1[12D[J[00:01:52.125,000] [0m<dbg> net_pkt.net_pkt_unref_debug: (rx_q[0]): RX [39] pkt 0x3c173cf0 ref 0 frags 0x3c17286c (processing_data():157)[0m
[07:41:06.236] [1;32muart:~$ [m^[[1[12D[J[00:01:52.125,000] [0m<dbg> net_pkt.net_pkt_unref_debug: (rx_q[0]): RDATA (rx_bufs) [159] frag 0x3c17286c ref 0 frags 0 (processing_data():157)[0m
[07:41:06.253] [1;32muart:~$ [m^[[1[12D[J[00:01:52.125,000] [0m<dbg> net_pkt.net_pkt_frag_unref_debug: (rx_q[0]): RDATA (rx_bufs) [159] frag 0x3c17286c ref 0 (net_pkt_unref_debug():612)[0m
[07:41:06.270] [1;32muart:~$ [m^[[1[12D[J[00:01:52.125,000] [0m<dbg> net_pkt.net_pkt_print: (rx_q[0]): TX 16 RX 40 RDATA 160 TDATA 80[0m
[07:41:06.286] [1;32muart:~$ [m^[[1[12D[J[1;32muart:~$ [m^[[1[12D[J[1;32muart:~$ [m^[[1[12D[J[00:01:53.148,000] [0m<dbg> net_pkt.pkt_alloc_with_buffer: (wifi): On iface 1 (0x3fc9ea10) size 60[0m
[07:41:07.194] [1;32muart:~$ [m^[[1[12D[J[00:01:53.148,000] [0m<dbg> net_pkt.net_pkt_alloc_buffer_with_reserve_debug: (wifi): Data allocation maximum size 60 (requested 60, reserve 0)[0m
[07:41:07.210] [1;32muart:~$ [m^[[1[12D[J[00:01:53.148,000] [0m<dbg> net_pkt.pkt_alloc_buffer: (wifi): RDATA (rx_bufs) [159] frag 0x3c17286c ref 1 (eth_esp32_rx():153)[0m
[07:41:07.227] [1;32muart:~$ [m^[[1[12D[J[00:01:53.148,000] [0m<dbg> net_pkt.net_pkt_write: (wifi): pkt 0x3c173cf0 data 0x3c26f2aa length 60[0m
[07:41:07.243] [1;32muart:~$ [m^[[1[12D[J[00:01:53.149,000] [0m<dbg> net_pkt.net_pkt_unref_debug: (rx_q[0]): RX [39] pkt 0x3c173cf0 ref 0 frags 0x3c17286c (processing_data():157)[0m
[07:41:07.260] [1;32muart:~$ [m^[[1[12D[J[00:01:53.149,000] [0m<dbg> net_pkt.net_pkt_unref_debug: (rx_q[0]): RDATA (rx_bufs) [159] frag 0x3c17286c ref 0 frags 0 (processing_data():157)[0m
[07:41:07.276] [1;32muart:~$ [m^[[1[12D[J[00:01:53.149,000] [0m<dbg> net_pkt.net_pkt_frag_unref_debug: (rx_q[0]): RDATA (rx_bufs) [159] frag 0x3c17286c ref 0 (net_pkt_unref_debug():612)[0m
[07:41:07.293] [1;32muart:~$ [m^[[1[12D[J[00:01:53.149,000] [0m<dbg> net_pkt.net_pkt_print: (rx_q[0]): TX 16 RX 40 RDATA 160 TDATA 80[0m
[07:41:07.309] [1;32muart:~$ [m^[[1[12D[J[1;31m[1;31m--- 79 messages dropped ---
[07:41:07.325] [0m[m[00:01:54.275,000] [0m<dbg> net_pkt.net_pkt_ref_debug: (llss_thread): TX [14] pkt 0x3c172f28 ref 2 (tcp_send():424)[0m
[07:41:07.329] [1;32muart:~$ [m^[[1[12D[J[1;31m[1;31m--- 11 messages dropped ---
[07:41:07.345] [0m[m[00:01:54.275,000] [0m<dbg> net_pkt.net_pkt_get_reserve_data_debug: (llss_thread): TDATA (tx_bufs) [76] frag 0x3c15d4f4 ref 1 (ethernet_fill_header():610)[0m
[07:41:07.346] [1;32muart:~$ [m^[[1[12D[J[00:01:54.275,000] [0m<dbg> net_pkt.net_pkt_frag_insert_debug: (llss_thread): pkt 0x3c172f28 frag 0x3c15d4f4 (ethernet_fill_header:669)[0m
[07:41:07.362] [1;32muart:~$ [m^[[1[12D[J[00:01:54.275,000] [0m<dbg> net_pkt.net_pkt_read: (llss_thread): pkt 0x3c172f28 data 0x3fcc36ae length 236[0m
[07:41:07.379] [1;32muart:~$ [m^[[1[12D[J[00:01:54.276,000] [0m<dbg> net_pkt.net_pkt_unref_debug: (llss_thread): TX [14] pkt 0x3c172f28 ref 1 frags 0x3c15d4f4 (ethernet_send():800)[0m
[07:41:07.396] [1;32muart:~$ [m^[[1[12D[J[00:01:54.276,000] [0m<dbg> net_pkt.net_pkt_unref_debug: (llss_thread): TX [14] pkt 0x3c172f28 ref 0 frags 0x3c15d4f4 (tcp_send():472)[0m
[07:41:07.412] [1;32muart:~$ [m^[[1[12D[J[00:01:54.276,000] [0m<dbg> net_pkt.net_pkt_unref_debug: (llss_thread): TDATA (tx_bufs) [76] frag 0x3c15d4f4 ref 0 frags 0x3c15d4d8 (tcp_send():472)[0m
[07:41:07.429] [1;32muart:~$ [m^[[1[12D[J[00:01:54.283,000] [0m<dbg> net_pkt.net_pkt_skip: (rx_q[0]): pkt 0x3c173cf0 skip 8[0m
[07:41:07.446] [1;32muart:~$ [m^[[1[12D[J[00:01:54.283,000] [0m<dbg> net_pkt.net_pkt_skip: (rx_q[0]): pkt 0x3c173cf0 skip 32[0m
[07:41:07.462] [1;32muart:~$ [m^[[1[12D[J[00:01:54.283,000] [0m<dbg> net_pkt.net_pkt_write: (rx_q[0]): pkt 0x3c173cf0 data 0x3c16a796 length 20[0m
[07:41:07.478] [1;32muart:~$ [m^[[1[12D[J[00:01:54.283,000] [0m<dbg> net_pkt.net_pkt_skip: (rx_q[0]): pkt 0x3c173cf0 skip 20[0m
[07:41:07.494] [1;32muart:~$ [m^[[1[12D[J[00:01:54.284,000] [0m<dbg> net_pkt.net_pkt_skip: (rx_q[0]): pkt 0x3c173cf0 skip 40[0m
[07:41:07.510] [1;32muart:~$ [m^[[1[12D[J[00:01:54.284,000] [0m<dbg> net_pkt.net_pkt_skip: (rx_q[0]): pkt 0x3c173cf0 skip 40[0m
[07:41:07.526] [1;32muart:~$ [m^[[1[12D[J[00:01:54.284,000] [0m<dbg> net_pkt.net_pkt_skip: (rx_q[0]): pkt 0x3c173cf0 skip 40[0m
[07:41:07.542] [1;32muart:~$ [m^[[1[12D[J[00:01:54.284,000] [0m<dbg> net_pkt.net_pkt_skip: (rx_q[0]): pkt 0x3c173cf0 skip 40[0m
[07:41:07.558] [1;32muart:~$ [m^[[1[12D[J[00:01:54.284,000] [0m<dbg> net_pkt.net_pkt_skip: (rx_q[0]): pkt 0x3c173cf0 skip 40[0m
[07:41:07.574] [1;32muart:~$ [m^[[1[12D[J[00:01:54.284,000] [0m<dbg> net_pkt.net_pkt_unref_debug: (rx_q[0]): RX [39] pkt 0x3c173cf0 ref 0 frags 0x3c17286c (tcp_in():3635)[0m
[07:41:07.590] [1;32muart:~$ [m^[[1[12D[J[00:01:54.284,000] [0m<dbg> net_pkt.net_pkt_unref_debug: (rx_q[0]): RDATA (rx_bufs) [159] frag 0x3c17286c ref 0 frags 0 (tcp_in():3635)[0m
[07:41:07.607] [1;32muart:~$ [m^[[1[12D[J[00:01:54.284,000] [0m<dbg> net_pkt.net_pkt_frag_unref_debug: (rx_q[0]): RDATA (rx_bufs) [159] frag 0x3c17286c ref 0 (net_pkt_unref_debug():612)[0m
[07:41:07.624] [1;32muart:~$ [m^[[1[12D[J[00:01:54.284,000] [0m<dbg> net_pkt.net_pkt_print: (rx_q[0]): TX 16 RX 40 RDATA 160 TDATA 80[0m
[07:41:07.640] [1;32muart:~$ [m^[[1[12D[J[1;32muart:~$ [m^[[1[12D[J[1;32muart:~$ [m^[[1[12D[J[1;31m[1;31m--- 48 messages dropped ---
[07:41:09.069] [0m[m[00:01:56.019,000] [0m<dbg> net_pkt.net_pkt_read: (rx_q[0]): pkt 0x3c172ee0 data 0x3fcc36ae length 74[0m
[07:41:09.069] [1;32muart:~$ [m^[[1[12D[J[00:01:56.019,000] [0m<dbg> net_pkt.net_pkt_unref_debug: (rx_q[0]): TX [15] pkt 0x3c172ee0 ref 1 frags 0x3c15d4bc (ethernet_send():800)[0m
[07:41:09.086] [1;32muart:~$ [m^[[1[12D[J[00:01:56.019,000] [0m<dbg> net_pkt.net_pkt_unref_debug: (rx_q[0]): TX [15] pkt 0x3c172ee0 ref 0 frags 0x3c15d4bc (tcp_send():472)[0m
[07:41:09.103] [1;32muart:~$ [m^[[1[12D[J[00:01:56.019,000] [0m<dbg> net_pkt.net_pkt_unref_debug: (rx_q[0]): TDATA (tx_bufs) [78] frag 0x3c15d4bc ref 0 frags 0x3c15d4a0 (tcp_send():472)[0m
[07:41:09.119] [1;32muart:~$ [m^[[1[12D[J[00:01:56.020,000] [0m<dbg> net_pkt.net_pkt_unref_debug: (rx_q[0]): TDATA (tx_bufs) [78] frag 0x3c15d4a0 ref 0 frags 0 (tcp_send():472)[0m
[07:41:09.136] [1;32muart:~$ [m^[[1[12D[J[00:01:56.020,000] [0m<dbg> net_pkt.net_pkt_frag_unref_debug: (rx_q[0]): TDATA (tx_bufs) [78] frag 0x3c15d4bc ref 0 (net_pkt_unref_debug():612)[0m
[07:41:09.153] [1;32muart:~$ [m^[[1[12D[J[00:01:56.020,000] [0m<dbg> net_pkt.net_pkt_frag_unref_debug: (rx_q[0]): TDATA (tx_bufs) [79] frag 0x3c15d4a0 ref 0 (net_pkt_unref_debug():612)[0m
[07:41:09.169] [1;32muart:~$ [m^[[1[12D[J[00:01:56.020,000] [0m<dbg> net_pkt.net_pkt_print: (rx_q[0]): TX 16 RX 39 RDATA 159 TDATA 80[0m
[07:41:09.185] [1;32muart:~$ [m^[[1[12D[J[00:01:56.021,000] [0m<dbg> net_pkt.net_pkt_read: (llss_thread): pkt 0x3c173cf0 data 0x3c246e00 length 5[0m
[07:41:09.202] [1;32muart:~$ [m^[[1[12D[J[00:01:56.022,000] [0m<dbg> net_pkt.net_pkt_read: (llss_thread): pkt 0x3c173cf0 data 0x3c246e05 length 233[0m
[07:41:09.218] [1;32muart:~$ [m^[[1[12D[J[00:01:56.022,000] [0m<dbg> net_pkt.net_pkt_unref_debug: (llss_thread): RX [39] pkt 0x3c173cf0 ref 0 frags 0x3c17286c (zsock_recv_stream_immediate():1423)[0m
[07:41:09.235] [1;32muart:~$ [m^[[1[12D[J[00:01:56.022,000] [0m<dbg> net_pkt.net_pkt_unref_debug: (llss_thread): RDATA (rx_bufs) [159] frag 0x3c17286c ref 0 frags 0 (zsock_recv_stream_immediate():1423)[0m
[07:41:09.252] [1;32muart:~$ [m^[[1[12D[J[00:01:56.022,000] [0m<dbg> net_pkt.net_pkt_frag_unref_debug: (llss_thread): RDATA (rx_bufs) [159] frag 0x3c17286c ref 0 (net_pkt_unref_debug():612)[0m
[07:41:09.269] [1;32muart:~$ [m^[[1[12D[J[1;32muart:~$ [m^[[1[12D[J[1;32muart:~$ [m^[[1[12D[J[1;31m[1;31m--- 2 messages dropped ---
[07:41:11.109] [0m[m[00:01:57.244,000] [0m<dbg> net_pkt.pkt_alloc_buffer: (wifi): RDATA (rx_bufs) [159] frag 0x3c17286c ref 1 (eth_esp32_rx():153)[0m
[07:41:11.110] [1;32muart:~$ [m^[[1[12D[J[00:01:57.244,000] [0m<dbg> net_pkt.net_pkt_write: (wifi): pkt 0x3c173cf0 data 0x3c26f2aa length 60[0m
[07:41:11.127] [1;32muart:~$ [m^[[1[12D[J[00:01:57.244,000] [0m<dbg> net_pkt.net_pkt_unref_debug: (rx_q[0]): RX [39] pkt 0x3c173cf0 ref 0 frags 0x3c17286c (processing_data():157)[0m
[07:41:11.143] [1;32muart:~$ [m^[[1[12D[J[00:01:57.244,000] [0m<dbg> net_pkt.net_pkt_unref_debug: (rx_q[0]): RDATA (rx_bufs) [159] frag 0x3c17286c ref 0 frags 0 (processing_data():157)[0m
[07:41:11.160] [1;32muart:~$ [m^[[1[12D[J[00:01:57.245,000] [0m<dbg> net_pkt.net_pkt_frag_unref_debug: (rx_q[0]): RDATA (rx_bufs) [159] frag 0x3c17286c ref 0 (net_pkt_unref_debug():612)[0m
[07:41:11.177] [1;32muart:~$ [m^[[1[12D[J[00:01:57.245,000] [0m<dbg> net_pkt.net_pkt_print: (rx_q[0]): TX 16 RX 40 RDATA 160 TDATA 80[0m
[07:41:11.193] [1;32muart:~$ [m^[[1[12D[J[00:01:58.063,000] [0m<dbg> net_pkt.pkt_alloc_with_buffer: (wifi): On iface 1 (0x3fc9ea10) size 60[0m
[07:41:11.209] [1;32muart:~$ [m^[[1[12D[J[00:01:58.063,000] [0m<dbg> net_pkt.net_pkt_alloc_buffer_with_reserve_debug: (wifi): Data allocation maximum size 60 (requested 60, reserve 0)[0m
[07:41:11.225] [1;32muart:~$ [m^[[1[12D[J[00:01:58.063,000] [0m<dbg> net_pkt.pkt_alloc_buffer: (wifi): RDATA (rx_bufs) [159] frag 0x3c17286c ref 1 (eth_esp32_rx():153)[0m
[07:41:11.242] [1;32muart:~$ [m^[[1[12D[J[00:01:58.063,000] [0m<dbg> net_pkt.net_pkt_write: (wifi): pkt 0x3c173cf0 data 0x3c26f2aa length 60[0m
[07:41:11.258] [1;32muart:~$ [m^[[1[12D[J[00:01:58.064,000] [0m<dbg> net_pkt.net_pkt_unref_debug: (rx_q[0]): RX [39] pkt 0x3c173cf0 ref 0 frags 0x3c17286c (processing_data():157)[0m
[07:41:11.275] [1;32muart:~$ [m^[[1[12D[J[00:01:58.064,000] [0m<dbg> net_pkt.net_pkt_unref_debug: (rx_q[0]): RDATA (rx_bufs) [159] frag 0x3c17286c ref 0 frags 0 (processing_data():157)[0m
[07:41:11.292] [1;32muart:~$ [m^[[1[12D[J[00:01:58.064,000] [0m<dbg> net_pkt.net_pkt_frag_unref_debug: (rx_q[0]): RDATA (rx_bufs) [159] frag 0x3c17286c ref 0 (net_pkt_unref_debug():612)[0m
[07:41:11.309] [1;32muart:~$ [m^[[1[12D[J[00:01:58.064,000] [0m<dbg> net_pkt.net_pkt_print: (rx_q[0]): TX 16 RX 40 RDATA 160 TDATA 80[0m
[07:41:11.326] [1;32muart:~$ [m^[[1[12D[J[1;32muart:~$ [m^[[1[12D[J[1;32muart:~$ [m^[[1[12D[J[1;31m[1;31m--- 13 messages dropped ---
[07:41:12.319] [0m[m[00:01:59.269,000] [0m<dbg> net_pkt.net_pkt_write: (sysworkq): pkt 0x3c172ee0 data 0x3c1534a0 length 40[0m
[07:41:12.320] [1;32muart:~$ [m^[[1[12D[J[1;31m[1;31m--- 13 messages dropped ---
[07:41:12.336] [0m[m[00:01:59.269,000] [0m<dbg> net_pkt.net_pkt_skip: (sysworkq): pkt 0x3c172ee0 skip 40[0m
[07:41:12.337] [1;32muart:~$ [m^[[1[12D[J[00:01:59.269,000] [0m<dbg> net_pkt.net_pkt_skip: (sysworkq): pkt 0x3c172ee0 skip 8[0m
[07:41:12.353] [1;32muart:~$ [m^[[1[12D[J[00:01:59.269,000] [0m<dbg> net_pkt.net_pkt_skip: (sysworkq): pkt 0x3c172ee0 skip 32[0m
[07:41:12.370] [1;32muart:~$ [m^[[1[12D[J[00:01:59.269,000] [0m<dbg> net_pkt.net_pkt_write: (sysworkq): pkt 0x3c172ee0 data 0x3c1534c8 length 4[0m
[07:41:12.386] [1;32muart:~$ [m^[[1[12D[J[00:01:59.269,000] [0m<dbg> net_pkt.net_pkt_skip: (sysworkq): pkt 0x3c172ee0 skip 4[0m
[07:41:12.403] [1;32muart:~$ [m^[[1[12D[J[00:01:59.269,000] [0m<dbg> net_pkt.net_pkt_get_reserve_data_debug: (sysworkq): TDATA (tx_bufs) [78] frag 0x3c15d4bc ref 1 (ethernet_fill_header():610)[0m
[07:41:12.420] [1;32muart:~$ [m^[[1[12D[J[00:01:59.269,000] [0m<dbg> net_pkt.net_pkt_frag_insert_debug: (sysworkq): pkt 0x3c172ee0 frag 0x3c15d4bc (ethernet_fill_header:669)[0m
[07:41:12.437] [1;32muart:~$ [m^[[1[12D[J[00:01:59.273,000] [0m<dbg> net_pkt.net_pkt_frag_unref_debug: (rx_q[0]): RDATA (rx_bufs) [159] frag 0x3c17286c ref 0 (net_pkt_unref_debug():612)[0m
[07:41:12.453] [1;32muart:~$ [m^[[1[12D[J[00:01:59.273,000] [0m<dbg> net_pkt.net_pkt_print: (rx_q[0]): TX 16 RX 40 RDATA 160 TDATA 80[0m
[07:41:12.469] [1;32muart:~$ [m^[[1[12D[J[00:01:59.273,000] [0m<dbg> net_pkt.pkt_alloc_with_buffer: (wifi): On iface 1 (0x3fc9ea10) size 78[0m
[07:41:12.486] [1;32muart:~$ [m^[[1[12D[J[00:01:59.273,000] [0m<dbg> net_pkt.net_pkt_alloc_buffer_with_reserve_debug: (wifi): Data allocation maximum size 78 (requested 78, reserve 0)[0m
[07:41:12.502] [1;32muart:~$ [m^[[1[12D[J[00:01:59.273,000] [0m<dbg> net_pkt.pkt_alloc_buffer: (wifi): RDATA (rx_bufs) [159] frag 0x3c17286c ref 1 (eth_esp32_rx():153)[0m
[07:41:12.519] [1;32muart:~$ [m^[[1[12D[J[00:01:59.273,000] [0m<dbg> net_pkt.net_pkt_write: (wifi): pkt 0x3c173cf0 data 0x3c26f95c length 78[0m
[07:41:12.535] [1;32muart:~$ [m^[[1[12D[J[00:01:59.273,000] [0m<dbg> net_pkt.net_pkt_skip: (rx_q[0]): pkt 0x3c173cf0 skip 40[0m
[07:41:12.551] [1;32muart:~$ [m^[[1[12D[J[00:01:59.273,000] [0m<dbg> net_pkt.net_pkt_skip: (rx_q[0]): pkt 0x3c173cf0 skip 8[0m
[07:41:12.567] [1;32muart:~$ [m^[[1[12D[J[00:01:59.273,000] [0m<dbg> net_pkt.net_pkt_skip: (rx_q[0]): pkt 0x3c173cf0 skip 32[0m
[07:41:12.583] [1;32muart:~$ [m^[[1[12D[J[00:01:59.273,000] [0m<dbg> net_pkt.net_pkt_skip: (rx_q[0]): pkt 0x3c173cf0 skip 4[0m
[07:41:12.599] [1;32muart:~$ [m^[[1[12D[J[00:01:59.273,000] [0m<dbg> net_pkt.net_pkt_unref_debug: (rx_q[0]): RX [39] pkt 0x3c173cf0 ref 0 frags 0x3c17286c (processing_data():157)[0m
[07:41:12.616] [1;32muart:~$ [m^[[1[12D[J[00:01:59.273,000] [0m<dbg> net_pkt.net_pkt_unref_debug: (rx_q[0]): RDATA (rx_bufs) [159] frag 0x3c17286c ref 0 frags 0 (processing_data():157)[0m
[07:41:12.632] [1;32muart:~$ [m^[[1[12D[J[00:01:59.274,000] [0m<dbg> net_pkt.net_pkt_frag_unref_debug: (rx_q[0]): RDATA (rx_bufs) [159] frag 0x3c17286c ref 0 (net_pkt_unref_debug():612)[0m
[07:41:12.649] [1;32muart:~$ [m^[[1[12D[J[1;32muart:~$ [m^[[1[12D[J[1;32muart:~$ [m^[[1[12D[J[1;31m[1;31m--- 91 messages dropped ---
[07:41:13.169] [0m[m[00:02:00.122,000] [0m<dbg> net_pkt.net_pkt_write: (wifi): pkt 0x3c173cf0 data 0x3c26f95a length 385[0m
[07:41:13.170] [1;32muart:~$ [m^[[1[12D[J[00:02:00.122,000] [0m<dbg> net_pkt.net_pkt_unref_debug: (rx_q[0]): RX [39] pkt 0x3c173cf0 ref 0 frags 0x3c17286c (processing_data():157)[0m
[07:41:13.187] [1;32muart:~$ [m^[[1[12D[J[00:02:00.122,000] [0m<dbg> net_pkt.net_pkt_unref_debug: (rx_q[0]): RDATA (rx_bufs) [159] frag 0x3c17286c ref 0 frags 0 (processing_data():157)[0m
[07:41:13.204] [1;32muart:~$ [m^[[1[12D[J[00:02:00.122,000] [0m<dbg> net_pkt.net_pkt_frag_unref_debug: (rx_q[0]): RDATA (rx_bufs) [159] frag 0x3c17286c ref 0 (net_pkt_unref_debug():612)[0m
[07:41:13.220] [1;32muart:~$ [m^[[1[12D[J[00:02:00.122,000] [0m<dbg> net_pkt.net_pkt_print: (rx_q[0]): TX 16 RX 40 RDATA 160 TDATA 80[0m
[07:41:13.236] [1;32muart:~$ [m^[[1[12D[J[00:02:00.123,000] [0m<dbg> net_pkt.pkt_alloc_with_buffer: (wifi): On iface 1 (0x3fc9ea10) size 119[0m
[07:41:13.253] [1;32muart:~$ [m^[[1[12D[J[1;31m[1;31m--- 28 messages dropped ---
[07:41:13.269] [0m[m[00:02:00.123,000] [0m<dbg> net_pkt.net_pkt_alloc_buffer_with_reserve_debug: (wifi): Data allocation maximum size 119 (requested 119, reserve 0)[0m
[07:41:13.270] [1;32muart:~$ [m^[[1[12D[J[00:02:00.123,000] [0m<dbg> net_pkt.pkt_alloc_buffer: (wifi): RDATA (rx_bufs) [159] frag 0x3c17286c ref 1 (eth_esp32_rx():153)[0m
[07:41:13.287] [1;32muart:~$ [m^[[1[12D[J[00:02:00.123,000] [0m<dbg> net_pkt.net_pkt_write: (wifi): pkt 0x3c173cf0 data 0x3c26f2aa length 119[0m
[07:41:13.303] [1;32muart:~$ [m^[[1[12D[J[00:02:00.124,000] [0m<dbg> net_pkt.net_pkt_unref_debug: (rx_q[0]): RX [39] pkt 0x3c173cf0 ref 0 frags 0x3c17286c (processing_data():157)[0m
[07:41:13.322] [1;32muart:~$ [m^[[1[12D[J[1;31m[1;31m--- 45 messages dropped ---
[07:41:13.338] [0m[m[00:02:00.124,000] [0m<dbg> net_pkt.net_pkt_unref_debug: (rx_q[0]): RDATA (rx_bufs) [159] frag 0x3c17286c ref 0 frags 0 (processing_data():157)[0m
[07:41:13.339] [1;32muart:~$ [m^[[1[12D[J[00:02:00.124,000] [0m<dbg> net_pkt.net_pkt_frag_unref_debug: (rx_q[0]): RDATA (rx_bufs) [159] frag 0x3c17286c ref 0 (net_pkt_unref_debug():612)[0m
[07:41:13.356] [1;32muart:~$ [m^[[1[12D[J                     : Total CPU cycles used: 212977
[07:41:13.372] [1;32muart:~$ [m^[[1[12D[J tcp_work            : STACK: unused 1728 usage 320 / 2048 (15 %); CPU: 0 %
[07:41:13.388] [1;32muart:~$ [m^[[1[12D[J                     : Total CPU cycles used: 2024
[07:41:13.404] [1;32muart:~$ [m^[[1[12D[J shell_uart          : STACK: unused 2784 usage 1312 / 4096 (32 %); CPU: 0 %
[07:41:13.420] [1;32muart:~$ [m^[[1[12D[J                     : Total CPU cycles used: 122391642
[07:41:13.436] [1;32muart:~$ [m^[[1[12D[J[00:02:00.274,000] [0m<dbg> net_pkt.net_pkt_print: (rx_q[0]): TX 16 RX 40 RDATA 160 TDATA 80[0m
[07:41:13.452] [1;32muart:~$ [m^[[1[12D[J[00:02:00.275,000] [0m<dbg> net_pkt.pkt_alloc_with_buffer: (wifi): On iface 1 (0x3fc9ea10) size 78[0m
[07:41:13.469] [1;32muart:~$ [m^[[1[12D[J[00:02:00.275,000] [0m<dbg> net_pkt.net_pkt_alloc_buffer_with_reserve_debug: (wifi): Data allocation maximum size 78 (requested 78, reserve 0)[0m
[07:41:13.485] [1;32muart:~$ [m^[[1[12D[J[00:02:00.275,000] [0m<dbg> net_pkt.pkt_alloc_buffer: (wifi): RDATA (rx_bufs) [159] frag 0x3c17286c ref 1 (eth_esp32_rx():153)[0m
[07:41:13.502] [1;32muart:~$ [m^[[1[12D[J[00:02:00.275,000] [0m<dbg> net_pkt.net_pkt_write: (wifi): pkt 0x3c173cf0 data 0x3c26f2ac length 78[0m
[07:41:13.518] [1;32muart:~$ [m^[[1[12D[J[00:02:00.275,000] [0m<dbg> net_pkt.net_pkt_skip: (rx_q[0]): pkt 0x3c173cf0 skip 40[0m
[07:41:13.534] [1;32muart:~$ [m^[[1[12D[J[00:02:00.275,000] [0m<dbg> net_pkt.net_pkt_skip: (rx_q[0]): pkt 0x3c173cf0 skip 8[0m
[07:41:13.550] [1;32muart:~$ [m^[[1[12D[J[00:02:00.275,000] [0m<dbg> net_pkt.net_pkt_skip: (rx_q[0]): pkt 0x3c173cf0 skip 32[0m
[07:41:13.567] [1;32muart:~$ [m^[[1[12D[J[00:02:00.275,000] [0m<dbg> net_pkt.net_pkt_skip: (rx_q[0]): pkt 0x3c173cf0 skip 4[0m
[07:41:13.583] [1;32muart:~$ [m^[[1[12D[J[00:02:00.276,000] [0m<dbg> net_pkt.net_pkt_unref_debug: (rx_q[0]): RX [39] pkt 0x3c173cf0 ref 0 frags 0x3c17286c (processing_data():157)[0m
[07:41:13.599] [1;32muart:~$ [m^[[1[12D[J[00:02:00.276,000] [0m<dbg> net_pkt.net_pkt_unref_debug: (rx_q[0]): RDATA (rx_bufs) [159] frag 0x3c17286c ref 0 frags 0 (processing_data():157)[0m
[07:41:13.616] [1;32muart:~$ [m^[[1[12D[J[00:02:00.276,000] [0m<dbg> net_pkt.net_pkt_frag_unref_debug: (rx_q[0]): RDATA (rx_bufs) [159] frag 0x3c17286c ref 0 (net_pkt_unref_debug():612)[0m
[07:41:13.632] [1;32muart:~$ [m^[[1[12D[J[00:02:00.276,000] [0m<dbg> net_pkt.net_pkt_print: (rx_q[0]): TX 16 RX 40 RDATA 160 TDATA 80[0m
[07:41:13.648] [1;32muart:~$ [m^[[1[12D[J[1;32muart:~$ [m^[[1[12D[J[1;32muart:~$ [m^[[1[12D[J[1;31m[1;31m--- 71 messages dropped ---
[07:41:14.081] [0m[m[00:02:01.033,000] [0m<dbg> net_pkt.net_pkt_ref_debug: (llss_thread): TX [14] pkt 0x3c172f28 ref 2 (tcp_send():424)[0m
[07:41:14.082] [1;32muart:~$ [m^[[1[12D[J[00:02:01.033,000] [0m<dbg> net_pkt.net_pkt_get_reserve_data_debug: (llss_thread): TDATA (tx_bufs) [76] frag 0x3c15d4f4 ref 1 (ethernet_fill_header():610)[0m
[07:41:14.099] [1;32muart:~$ [m^[[1[12D[J[1;31m[1;31m--- 11 messages dropped ---
[07:41:14.115] [0m[m[00:02:01.033,000] [0m<dbg> net_pkt.net_pkt_frag_insert_debug: (llss_thread): pkt 0x3c172f28 frag 0x3c15d4f4 (ethernet_fill_header:669)[0m
[07:41:14.116] [1;32muart:~$ [m^[[1[12D[J[1;31m[1;31m--- 7 messages dropped ---
[07:41:14.132] [0m[m[00:02:01.034,000] [0m<dbg> net_pkt.net_pkt_read: (llss_thread): pkt 0x3c172f28 data 0x3fcc36ae length 236[0m
[07:41:14.132] [1;32muart:~$ [m^[[1[12D[J[00:02:01.035,000] [0m<dbg> net_pkt.net_pkt_unref_debug: (llss_thread): TX [14] pkt 0x3c172f28 ref 1 frags 0x3c15d4f4 (ethernet_send():800)[0m
[07:41:14.149] [1;32muart:~$ [m^[[1[12D[J[00:02:01.035,000] [0m<dbg> net_pkt.net_pkt_unref_debug: (llss_thread): TX [14] pkt 0x3c172f28 ref 0 frags 0x3c15d4f4 (tcp_send():472)[0m
[07:41:14.166] [1;32muart:~$ [m^[[1[12D[J[00:02:01.035,000] [0m<dbg> net_pkt.net_pkt_unref_debug: (llss_thread): TDATA (tx_bufs) [76] frag 0x3c15d4f4 ref 0 frags 0x3c15d4d8 (tcp_send():472)[0m
[07:41:14.183] [1;32muart:~$ [m^[[1[12D[J[00:02:01.035,000] [0m<dbg> net_pkt.net_pkt_unref_debug: (llss_thread): TDATA (tx_bufs) [76] frag 0x3c15d4d8 ref 0 frags 0x3c15d4bc (tcp_send():472)[0m
[07:41:14.200] [1;32muart:~$ [m^[[1[12D[J[00:02:01.044,000] [0m<dbg> net_pkt.net_pkt_skip: (rx_q[0]): pkt 0x3c173cf0 skip 32[0m
[07:41:14.216] [1;32muart:~$ [m^[[1[12D[J[00:02:01.044,000] [0m<dbg> net_pkt.net_pkt_unref_debug: (rx_q[0]): RX [39] pkt 0x3c173cf0 ref 0 frags 0x3c17286c (tcp_in():3635)[0m
[07:41:14.233] [1;32muart:~$ [m^[[1[12D[J[00:02:01.044,000] [0m<dbg> net_pkt.net_pkt_unref_debug: (rx_q[0]): RDATA (rx_bufs) [159] frag 0x3c17286c ref 0 frags 0 (tcp_in():3635)[0m
[07:41:14.250] [1;32muart:~$ [m^[[1[12D[J[00:02:01.044,000] [0m<dbg> net_pkt.net_pkt_frag_unref_debug: (rx_q[0]): RDATA (rx_bufs) [159] frag 0x3c17286c ref 0 (net_pkt_unref_debug():612)[0m
[07:41:14.266] [1;32muart:~$ [m^[[1[12D[J[00:02:01.045,000] [0m<dbg> net_pkt.net_pkt_print: (rx_q[0]): TX 16 RX 40 RDATA 160 TDATA 80[0m
[07:41:14.283] [1;32muart:~$ [m^[[1[12D[J[00:02:01.063,000] [0m<dbg> net_pkt.pkt_alloc_with_buffer: (wifi): On iface 1 (0x3fc9ea10) size 60[0m
[07:41:14.299] [1;32muart:~$ [m^[[1[12D[J[00:02:01.063,000] [0m<dbg> net_pkt.net_pkt_alloc_buffer_with_reserve_debug: (wifi): Data allocation maximum size 60 (requested 60, reserve 0)[0m
[07:41:14.321] [1;32muart:~$ [m^[[1[12D[J[00:02:01.063,000] [0m<dbg> net_pkt.pkt_alloc_buffer: (wifi): RDATA (rx_bufs) [159] frag 0x3c17286c ref 1 (eth_esp32_rx():153)[0m
[07:41:14.338] [1;32muart:~$ [m^[[1[12D[J[1;31m[1;31m--- 25 messages dropped ---
[07:41:14.354] [0m[m[00:02:01.063,000] [0m<dbg> net_pkt.net_pkt_write: (wifi): pkt 0x3c173cf0 data 0x3c26f2aa length 60[0m
[07:41:14.354] [1;32muart:~$ [m^[[1[12D[J[00:02:01.064,000] [0m<dbg> net_pkt.net_pkt_unref_debug: (rx_q[0]): RX [39] pkt 0x3c173cf0 ref 0 frags 0x3c17286c (processing_data():157)[0m
[07:41:14.372] [1;32muart:~$ [m^[[1[12D[J[00:02:01.064,000] [0m<dbg> net_pkt.net_pkt_unref_debug: (rx_q[0]): RDATA (rx_bufs) [159] frag 0x3c17286c ref 0 frags 0 (processing_data():157)[0m
[07:41:14.389] [1;32muart:~$ [m^[[1[12D[J[00:02:01.064,000] [0m<dbg> net_pkt.net_pkt_frag_unref_debug: (rx_q[0]): RDATA (rx_bufs) [159] frag 0x3c17286c ref 0 (net_pkt_unref_debug():612)[0m
[07:41:14.406] [1;32muart:~$ [m^[[1[12D[J[00:02:01.064,000] [0m<dbg> net_pkt.net_pkt_print: (rx_q[0]): TX 16 RX 40 RDATA 160 TDATA 80[0m
[07:41:14.422] [1;32muart:~$ [m^[[1[12D[J[00:02:01.273,000] [0m<dbg> net_pkt.net_pkt_frag_unref_debug: (sysworkq): TDATA (tx_bufs) [78] frag 0x3c15d4bc ref 0 (net_pkt_unref_debug():612)[0m
[07:41:14.439] [1;32muart:~$ [m^[[1[12D[J[00:02:01.273,000] [0m<dbg> net_pkt.net_pkt_frag_unref_debug: (sysworkq): TDATA (tx_bufs) [79] frag 0x3c15d4a0 ref 0 (net_pkt_unref_debug():612)[0m
[07:41:14.455] [1;32muart:~$ [m^[[1[12D[J[00:02:01.275,000] [0m<dbg> net_pkt.pkt_alloc_with_buffer: (wifi): On iface 1 (0x3fc9ea10) size 78[0m
[07:41:14.472] [1;32muart:~$ [m^[[1[12D[J[00:02:01.275,000] [0m<dbg> net_pkt.net_pkt_alloc_buffer_with_reserve_debug: (wifi): Data allocation maximum size 78 (requested 78, reserve 0)[0m
[07:41:14.488] [1;32muart:~$ [m^[[1[12D[J[00:02:01.275,000] [0m<dbg> net_pkt.pkt_alloc_buffer: (wifi): RDATA (rx_bufs) [159] frag 0x3c17286c ref 1 (eth_esp32_rx():153)[0m
[07:41:14.505] [1;32muart:~$ [m^[[1[12D[J[00:02:01.275,000] [0m<dbg> net_pkt.net_pkt_write: (wifi): pkt 0x3c173cf0 data 0x3c26f2ac length 78[0m
[07:41:14.521] [1;32muart:~$ [m^[[1[12D[J[00:02:01.276,000] [0m<dbg> net_pkt.net_pkt_skip: (rx_q[0]): pkt 0x3c173cf0 skip 40[0m
[07:41:14.538] [1;32muart:~$ [m^[[1[12D[J[00:02:01.276,000] [0m<dbg> net_pkt.net_pkt_skip: (rx_q[0]): pkt 0x3c173cf0 skip 8[0m
[07:41:14.554] [1;32muart:~$ [m^[[1[12D[J[00:02:01.276,000] [0m<dbg> net_pkt.net_pkt_skip: (rx_q[0]): pkt 0x3c173cf0 skip 32[0m
[07:41:14.570] [1;32muart:~$ [m^[[1[12D[J[00:02:01.276,000] [0m<dbg> net_pkt.net_pkt_skip: (rx_q[0]): pkt 0x3c173cf0 skip 4[0m
[07:41:14.586] [1;32muart:~$ [m^[[1[12D[J[00:02:01.276,000] [0m<dbg> net_pkt.net_pkt_unref_debug: (rx_q[0]): RX [39] pkt 0x3c173cf0 ref 0 frags 0x3c17286c (processing_data():157)[0m
[07:41:14.603] [1;32muart:~$ [m^[[1[12D[J[00:02:01.276,000] [0m<dbg> net_pkt.net_pkt_unref_debug: (rx_q[0]): RDATA (rx_bufs) [159] frag 0x3c17286c ref 0 frags 0 (processing_data():157)[0m
[07:41:14.619] [1;32muart:~$ [m^[[1[12D[J[00:02:01.276,000] [0m<dbg> net_pkt.net_pkt_frag_unref_debug: (rx_q[0]): RDATA (rx_bufs) [159] frag 0x3c17286c ref 0 (net_pkt_unref_debug():612)[0m
[07:41:14.636] [1;32muart:~$ [m^[[1[12D[J[00:02:01.276,000] [0m<dbg> net_pkt.net_pkt_print: (rx_q[0]): TX 16 RX 40 RDATA 160 TDATA 80[0m
[07:41:14.652] [1;32muart:~$ [m^[[1[12D[J[1;32muart:~$ [m^[[1[12D[J[1;32muart:~$ [m^[[1[12D[J[1;31m[1;31m--- 60 messages dropped ---
[07:41:15.831] [0m[m[00:02:02.778,000] [0m<dbg> net_pkt.net_pkt_read: (rx_q[0]): pkt 0x3c172f28 data 0x3fcc36ae length 86[0m
[07:41:15.831] [1;32muart:~$ [m^[[1[12D[J[00:02:02.778,000] [0m<dbg> net_pkt.net_pkt_unref_debug: (rx_q[0]): TX [14] pkt 0x3c172f28 ref 0 frags 0x3c15d4d8 (ethernet_send():800)[0m
[07:41:15.848] [1;32muart:~$ [m^[[1[12D[J[1;31m[1;31m--- 19 messages dropped ---
[07:41:15.864] [0m[m[00:02:02.778,000] [0m<dbg> net_pkt.net_pkt_unref_debug: (rx_q[0]): TDATA (tx_bufs) [77] frag 0x3c15d4d8 ref 0 frags 0x3c15d4bc (ethernet_send():800)[0m
[07:41:15.865] [1;32muart:~$ [m^[[1[12D[J[00:02:02.778,000] [0m<dbg> net_pkt.net_pkt_unref_debug: (rx_q[0]): TDATA (tx_bufs) [77] frag 0x3c15d4bc ref 0 frags 0 (ethernet_send():800)[0m
[07:41:15.883] [1;32muart:~$ [m^[[1[12D[J[00:02:02.778,000] [0m<dbg> net_pkt.net_pkt_frag_unref_debug: (rx_q[0]): TDATA (tx_bufs) [77] frag 0x3c15d4d8 ref 0 (net_pkt_unref_debug():612)[0m
[07:41:15.900] [1;32muart:~$ [m^[[1[12D[J[00:02:02.778,000] [0m<dbg> net_pkt.net_pkt_frag_unref_debug: (rx_q[0]): TDATA (tx_bufs) [78] frag 0x3c15d4bc ref 0 (net_pkt_unref_debug():612)[0m
[07:41:15.916] [1;32muart:~$ [m^[[1[12D[J[00:02:02.778,000] [0m<dbg> net_pkt.net_pkt_unref_debug: (rx_q[0]): TX [15] pkt 0x3c172ee0 ref 2 frags 0x3c15d4a0 (tcp_send():472)[0m
[07:41:15.932] [1;32muart:~$ [m^[[1[12D[J[00:02:02.784,000] [0m<dbg> net_pkt.net_pkt_get_reserve_data_debug: (rx_q[0]): TDATA (tx_bufs) [78] frag 0x3c15d4bc ref 1 (ethernet_fill_header():610)[0m
[07:41:15.949] [1;32muart:~$ [m^[[1[12D[J[00:02:02.784,000] [0m<dbg> net_pkt.net_pkt_frag_insert_debug: (rx_q[0]): pkt 0x3c172ee0 frag 0x3c15d4bc (ethernet_fill_header:669)[0m
[07:41:15.966] [1;32muart:~$ [m^[[1[12D[J[00:02:02.784,000] [0m<dbg> net_pkt.net_pkt_read: (rx_q[0]): pkt 0x3c172ee0 data 0x3fcc36ae length 74[0m
[07:41:15.982] [1;32muart:~$ [m^[[1[12D[J[00:02:02.784,000] [0m<dbg> net_pkt.net_pkt_unref_debug: (rx_q[0]): TX [15] pkt 0x3c172ee0 ref 1 frags 0x3c15d4bc (ethernet_send():800)[0m
[07:41:15.999] [1;32muart:~$ [m^[[1[12D[J[00:02:02.784,000] [0m<dbg> net_pkt.net_pkt_unref_debug: (rx_q[0]): TX [15] pkt 0x3c172ee0 ref 0 frags 0x3c15d4bc (handle_na_neighbor():1896)[0m
[07:41:16.016] [1;32muart:~$ [m^[[1[12D[J[00:02:02.785,000] [0m<dbg> net_pkt.net_pkt_unref_debug: (rx_q[0]): TDATA (tx_bufs) [78] frag 0x3c15d4bc ref 0 frags 0x3c15d4a0 (handle_na_neighbor():1896)[0m
[07:41:16.033] [1;32muart:~$ [m^[[1[12D[J[00:02:02.785,000] [0m<dbg> net_pkt.net_pkt_unref_debug: (rx_q[0]): TDATA (tx_bufs) [78] frag 0x3c15d4a0 ref 0 frags 0 (handle_na_neighbor():1896)[0m
[07:41:16.050] [1;32muart:~$ [m^[[1[12D[J[00:02:02.785,000] [0m<dbg> net_pkt.net_pkt_frag_unref_debug: (rx_q[0]): TDATA (tx_bufs) [78] frag 0x3c15d4bc ref 0 (net_pkt_unref_debug():612)[0m
[07:41:16.066] [1;32muart:~$ [m^[[1[12D[J[00:02:02.785,000] [0m<dbg> net_pkt.net_pkt_unref_debug: (rx_q[0]): RX [39] pkt 0x3c173cf0 ref 0 frags 0x3c17286c (net_icmpv6_input():408)[0m
[07:41:16.083] [1;32muart:~$ [m^[[1[12D[J[00:02:02.785,000] [0m<dbg> net_pkt.net_pkt_unref_debug: (rx_q[0]): RDATA (rx_bufs) [159] frag 0x3c17286c ref 0 frags 0 (net_icmpv6_input():408)[0m
[07:41:16.099] [1;32muart:~$ [m^[[1[12D[J[00:02:02.785,000] [0m<dbg> net_pkt.net_pkt_frag_unref_debug: (rx_q[0]): RDATA (rx_bufs) [159] frag 0x3c17286c ref 0 (net_pkt_unref_debug():612)[0m
[07:41:16.116] [1;32muart:~$ [m^[[1[12D[J[00:02:02.785,000] [0m<dbg> net_pkt.net_pkt_print: (rx_q[0]): TX 16 RX 40 RDATA 160 TDATA 80[0m
[07:41:16.132] [1;32muart:~$ [m^[[1[12D[J[1;32muart:~$ [m^[[1[12D[J[1;32muart:~$ [m^[[1[12D[J[00:02:03.183,000] [0m<dbg> net_pkt.pkt_alloc_with_buffer: (wifi): On iface 1 (0x3fc9ea10) size 60[0m
[07:41:17.229] [1;32muart:~$ [m^[[1[12D[J[00:02:03.183,000] [0m<dbg> net_pkt.net_pkt_alloc_buffer_with_reserve_debug: (wifi): Data allocation maximum size 60 (requested 60, reserve 0)[0m
[07:41:17.246] [1;32muart:~$ [m^[[1[12D[J[00:02:03.183,000] [0m<dbg> net_pkt.pkt_alloc_buffer: (wifi): RDATA (rx_bufs) [159] frag 0x3c17286c ref 1 (eth_esp32_rx():153)[0m
[07:41:17.262] [1;32muart:~$ [m^[[1[12D[J[00:02:03.183,000] [0m<dbg> net_pkt.net_pkt_write: (wifi): pkt 0x3c173cf0 data 0x3c26f2aa length 60[0m
[07:41:17.279] [1;32muart:~$ [m^[[1[12D[J[00:02:03.184,000] [0m<dbg> net_pkt.net_pkt_unref_debug: (rx_q[0]): RX [39] pkt 0x3c173cf0 ref 0 frags 0x3c17286c (processing_data():157)[0m
[07:41:17.296] [1;32muart:~$ [m^[[1[12D[J[00:02:03.184,000] [0m<dbg> net_pkt.net_pkt_unref_debug: (rx_q[0]): RDATA (rx_bufs) [159] frag 0x3c17286c ref 0 frags 0 (processing_data():157)[0m
[07:41:17.312] [1;32muart:~$ [m^[[1[12D[J[00:02:03.184,000] [0m<dbg> net_pkt.net_pkt_frag_unref_debug: (rx_q[0]): RDATA (rx_bufs) [159] frag 0x3c17286c ref 0 (net_pkt_unref_debug():612)[0m
[07:41:17.329] [1;32muart:~$ [m^[[1[12D[J[00:02:03.184,000] [0m<dbg> net_pkt.net_pkt_print: (rx_q[0]): TX 16 RX 40 RDATA 160 TDATA 80[0m
[07:41:17.345] [1;32muart:~$ [m^[[1[12D[J[1;32muart:~$ [m^[[1[12D[J[1;32muart:~$ [m^[[1[12D[J[1;31m[1;31m--- 39 messages dropped ---
[07:41:17.666] [0m[m[00:02:04.619,000] [0m<dbg> net_pkt.net_pkt_skip: (rx_q[0]): pkt 0x3c172ee0 skip 4[0m
[07:41:17.667] [1;32muart:~$ [m^[[1[12D[J[00:02:04.619,000] [0m<dbg> net_pkt.net_pkt_get_reserve_data_debug: (rx_q[0]): TDATA (tx_bufs) [78] frag 0x3c15d4bc ref 1 (ethernet_fill_header():610)[0m
[07:41:17.684] [1;32muart:~$ [m^[[1[12D[J[00:02:04.619,000] [0m<dbg> net_pkt.net_pkt_frag_insert_debug: (rx_q[0]): pkt 0x3c172ee0 frag 0x3c15d4bc (ethernet_fill_header:669)[0m
[07:41:17.701] [1;32muart:~$ [m^[[1[12D[J[00:02:04.619,000] [0m<dbg> net_pkt.net_pkt_read: (rx_q[0]): pkt 0x3c172ee0 data 0x3fcc36ae length 86[0m
[07:41:17.718] [1;32muart:~$ [m^[[1[12D[J[00:02:04.620,000] [0m<dbg> net_pkt.net_pkt_unref_debug: (rx_q[0]): TX [15] pkt 0x3c172ee0 ref 0 frags 0x3c15d4bc (ethernet_send():800)[0m
[07:41:17.735] [1;32muart:~$ [m^[[1[12D[J[00:02:04.620,000] [0m<dbg> net_pkt.net_pkt_unref_debug: (rx_q[0]): TDATA (tx_bufs) [78] frag 0x3c15d4bc ref 0 frags 0x3c15d4a0 (ethernet_send():800)[0m
[07:41:17.752] [1;32muart:~$ [m^[[1[12D[J[00:02:04.620,000] [0m<dbg> net_pkt.net_pkt_unref_debug: (rx_q[0]): TDATA (tx_bufs) [78] frag 0x3c15d4a0 ref 0 frags 0 (ethernet_send():800)[0m
[07:41:17.769] [1;32muart:~$ [m^[[1[12D[J[00:02:04.620,000] [0m<dbg> net_pkt.net_pkt_frag_unref_debug: (rx_q[0]): TDATA (tx_bufs) [78] frag 0x3c15d4bc ref 0 (net_pkt_unref_debug():612)[0m
[07:41:17.785] [1;32muart:~$ [m^[[1[12D[J[00:02:04.620,000] [0m<dbg> net_pkt.net_pkt_frag_unref_debug: (rx_q[0]): TDATA (tx_bufs) [79] frag 0x3c15d4a0 ref 0 (net_pkt_unref_debug():612)[0m
[07:41:17.802] [1;32muart:~$ [m^[[1[12D[J[00:02:04.620,000] [0m<dbg> net_pkt.net_pkt_unref_debug: (rx_q[0]): RX [39] pkt 0x3c173cf0 ref 0 frags 0x3c17286c (net_icmpv6_input():408)[0m
[07:41:17.818] [1;32muart:~$ [m^[[1[12D[J[00:02:04.620,000] [0m<dbg> net_pkt.net_pkt_unref_debug: (rx_q[0]): RDATA (rx_bufs) [159] frag 0x3c17286c ref 0 frags 0 (net_icmpv6_input():408)[0m
[07:41:17.835] [1;32muart:~$ [m^[[1[12D[J[00:02:04.620,000] [0m<dbg> net_pkt.net_pkt_frag_unref_debug: (rx_q[0]): RDATA (rx_bufs) [159] frag 0x3c17286c ref 0 (net_pkt_unref_debug():612)[0m
[07:41:17.851] [1;32muart:~$ [m^[[1[12D[J[00:02:04.620,000] [0m<dbg> net_pkt.net_pkt_print: (rx_q[0]): TX 16 RX 40 RDATA 160 TDATA 80[0m
[07:41:17.868] [1;32muart:~$ [m^[[1[12D[J[1;32muart:~$ [m^[[1[12D[J[1;32muart:~$ [m^[[1[12D[J[00:02:05.231,000] [0m<dbg> net_pkt.pkt_alloc_with_buffer: (wifi): On iface 1 (0x3fc9ea10) size 60[0m
[07:41:19.277] [1;32muart:~$ [m^[[1[12D[J[00:02:05.231,000] [0m<dbg> net_pkt.net_pkt_alloc_buffer_with_reserve_debug: (wifi): Data allocation maximum size 60 (requested 60, reserve 0)[0m
[07:41:19.294] [1;32muart:~$ [m^[[1[12D[J[00:02:05.231,000] [0m<dbg> net_pkt.pkt_alloc_buffer: (wifi): RDATA (rx_bufs) [159] frag 0x3c17286c ref 1 (eth_esp32_rx():153)[0m
[07:41:19.310] [1;32muart:~$ [m^[[1[12D[J[00:02:05.231,000] [0m<dbg> net_pkt.net_pkt_write: (wifi): pkt 0x3c173cf0 data 0x3c26f2aa length 60[0m
[07:41:19.327] [1;32muart:~$ [m^[[1[12D[J[00:02:05.232,000] [0m<dbg> net_pkt.net_pkt_unref_debug: (rx_q[0]): RX [39] pkt 0x3c173cf0 ref 0 frags 0x3c17286c (processing_data():157)[0m
[07:41:19.343] [1;32muart:~$ [m^[[1[12D[J[00:02:05.232,000] [0m<dbg> net_pkt.net_pkt_unref_debug: (rx_q[0]): RDATA (rx_bufs) [159] frag 0x3c17286c ref 0 frags 0 (processing_data():157)[0m
[07:41:19.360] [1;32muart:~$ [m^[[1[12D[J[00:02:05.232,000] [0m<dbg> net_pkt.net_pkt_frag_unref_debug: (rx_q[0]): RDATA (rx_bufs) [159] frag 0x3c17286c ref 0 (net_pkt_unref_debug():612)[0m
[07:41:19.377] [1;32muart:~$ [m^[[1[12D[J[00:02:05.232,000] [0m<dbg> net_pkt.net_pkt_print: (rx_q[0]): TX 16 RX 40 RDATA 160 TDATA 80[0m
[07:41:19.393] [1;32muart:~$ [m^[[1[12D[J[1;32muart:~$ [m^[[1[12D[J[1;32muart:~$ [m^[[1[12D[J[00:02:06.255,000] [0m<dbg> net_pkt.pkt_alloc_with_buffer: (wifi): On iface 1 (0x3fc9ea10) size 60[0m
[07:41:20.301] [1;32muart:~$ [m^[[1[12D[J[00:02:06.255,000] [0m<dbg> net_pkt.net_pkt_alloc_buffer_with_reserve_debug: (wifi): Data allocation maximum size 60 (requested 60, reserve 0)[0m
[07:41:20.318] [1;32muart:~$ [m^[[1[12D[J[00:02:06.255,000] [0m<dbg> net_pkt.pkt_alloc_buffer: (wifi): RDATA (rx_bufs) [159] frag 0x3c17286c ref 1 (eth_esp32_rx():153)[0m
[07:41:20.335] [1;32muart:~$ [m^[[1[12D[J[00:02:06.255,000] [0m<dbg> net_pkt.net_pkt_write: (wifi): pkt 0x3c173cf0 data 0x3c26f2aa length 60[0m
[07:41:20.351] [1;32muart:~$ [m^[[1[12D[J[00:02:06.256,000] [0m<dbg> net_pkt.net_pkt_unref_debug: (rx_q[0]): RX [39] pkt 0x3c173cf0 ref 0 frags 0x3c17286c (processing_data():157)[0m
[07:41:20.368] [1;32muart:~$ [m^[[1[12D[J[00:02:06.256,000] [0m<dbg> net_pkt.net_pkt_unref_debug: (rx_q[0]): RDATA (rx_bufs) [159] frag 0x3c17286c ref 0 frags 0 (processing_data():157)[0m
[07:41:20.385] [1;32muart:~$ [m^[[1[12D[J[00:02:06.256,000] [0m<dbg> net_pkt.net_pkt_frag_unref_debug: (rx_q[0]): RDATA (rx_bufs) [159] frag 0x3c17286c ref 0 (net_pkt_unref_debug():612)[0m
[07:41:20.401] [1;32muart:~$ [m^[[1[12D[J[00:02:06.256,000] [0m<dbg> net_pkt.net_pkt_print: (rx_q[0]): TX 16 RX 40 RDATA 160 TDATA 80[0m
[07:41:20.417] [1;32muart:~$ [m^[[1[12D[J[1;32muart:~$ [m^[[1[12D[J[1;32muart:~$ [m^[[1[12D[J[1;31m[1;31m--- 80 messages dropped ---
[07:41:20.839] [0m[m[00:02:07.792,000] [0m<dbg> net_pkt.net_pkt_get_reserve_data_debug: (llss_thread): TDATA (tx_bufs) [76] frag 0x3c15d4f4 ref 1 (ethernet_fill_header():610)[0m
[07:41:20.841] [1;32muart:~$ [m^[[1[12D[J[00:02:07.792,000] [0m<dbg> net_pkt.net_pkt_frag_insert_debug: (llss_thread): pkt 0x3c172f28 frag 0x3c15d4f4 (ethernet_fill_header:669)[0m
[07:41:20.858] [1;32muart:~$ [m^[[1[12D[J[1;31m[1;31m--- 9 messages dropped ---
[07:41:20.874] [0m[m[00:02:07.792,000] [0m<dbg> net_pkt.net_pkt_read: (llss_thread): pkt 0x3c172f28 data 0x3fcc36ae length 236[0m
[07:41:20.875] [1;32muart:~$ [m^[[1[12D[J[00:02:07.793,000] [0m<dbg> net_pkt.net_pkt_unref_debug: (llss_thread): TX [14] pkt 0x3c172f28 ref 1 frags 0x3c15d4f4 (ethernet_send():800)[0m
[07:41:20.893] [1;32muart:~$ [m^[[1[12D[J[00:02:07.793,000] [0m<dbg> net_pkt.net_pkt_unref_debug: (llss_thread): TX [14] pkt 0x3c172f28 ref 0 frags 0x3c15d4f4 (tcp_send():472)[0m
[07:41:20.910] [1;32muart:~$ [m^[[1[12D[J[00:02:07.794,000] [0m<dbg> net_pkt.net_pkt_unref_debug: (llss_thread): TDATA (tx_bufs) [76] frag 0x3c15d4f4 ref 0 frags 0x3c15d4d8 (tcp_send():472)[0m
[07:41:20.927] [1;32muart:~$ [m^[[1[12D[J[00:02:07.794,000] [0m<dbg> net_pkt.net_pkt_unref_debug: (llss_thread): TDATA (tx_bufs) [76] frag 0x3c15d4d8 ref 0 frags 0x3c15d4bc (tcp_send():472)[0m
[07:41:20.944] [1;32muart:~$ [m^[[1[12D[J[00:02:07.794,000] [0m<dbg> net_pkt.net_pkt_unref_debug: (llss_thread): TDATA (tx_bufs) [76] frag 0x3c15d4bc ref 0 frags 0 (tcp_send():472)[0m
[07:41:20.961] [1;32muart:~$ [m^[[1[12D[J[00:02:07.798,000] [0m<dbg> net_pkt.net_pkt_skip: (rx_q[0]): pkt 0x3c173cf0 skip 8[0m
[07:41:20.977] [1;32muart:~$ [m^[[1[12D[J[00:02:07.798,000] [0m<dbg> net_pkt.net_pkt_skip: (rx_q[0]): pkt 0x3c173cf0 skip 32[0m
[07:41:20.993] [1;32muart:~$ [m^[[1[12D[J[00:02:07.798,000] [0m<dbg> net_pkt.net_pkt_write: (rx_q[0]): pkt 0x3c173cf0 data 0x3c16a796 length 20[0m
[07:41:21.009] [1;32muart:~$ [m^[[1[12D[J[00:02:07.798,000] [0m<dbg> net_pkt.net_pkt_skip: (rx_q[0]): pkt 0x3c173cf0 skip 20[0m
[07:41:21.026] [1;32muart:~$ [m^[[1[12D[J[00:02:07.798,000] [0m<dbg> net_pkt.net_pkt_skip: (rx_q[0]): pkt 0x3c173cf0 skip 40[0m
[07:41:21.042] [1;32muart:~$ [m^[[1[12D[J[00:02:07.799,000] [0m<dbg> net_pkt.net_pkt_skip: (rx_q[0]): pkt 0x3c173cf0 skip 40[0m
[07:41:21.058] [1;32muart:~$ [m^[[1[12D[J[00:02:07.799,000] [0m<dbg> net_pkt.net_pkt_skip: (rx_q[0]): pkt 0x3c173cf0 skip 40[0m
[07:41:21.074] [1;32muart:~$ [m^[[1[12D[J[00:02:07.799,000] [0m<dbg> net_pkt.net_pkt_skip: (rx_q[0]): pkt 0x3c173cf0 skip 40[0m
[07:41:21.090] [1;32muart:~$ [m^[[1[12D[J[00:02:07.799,000] [0m<dbg> net_pkt.net_pkt_skip: (rx_q[0]): pkt 0x3c173cf0 skip 40[0m
[07:41:21.106] [1;32muart:~$ [m^[[1[12D[J[00:02:07.799,000] [0m<dbg> net_pkt.net_pkt_unref_debug: (rx_q[0]): RX [39] pkt 0x3c173cf0 ref 0 frags 0x3c17286c (tcp_in():3635)[0m
[07:41:21.122] [1;32muart:~$ [m^[[1[12D[J[00:02:07.799,000] [0m<dbg> net_pkt.net_pkt_unref_debug: (rx_q[0]): RDATA (rx_bufs) [159] frag 0x3c17286c ref 0 frags 0 (tcp_in():3635)[0m
[07:41:21.140] [1;32muart:~$ [m^[[1[12D[J[00:02:07.799,000] [0m<dbg> net_pkt.net_pkt_frag_unref_debug: (rx_q[0]): RDATA (rx_bufs) [159] frag 0x3c17286c ref 0 (net_pkt_unref_debug():612)[0m
[07:41:21.156] [1;32muart:~$ [m^[[1[12D[J[00:02:07.799,000] [0m<dbg> net_pkt.net_pkt_print: (rx_q[0]): TX 16 RX 40 RDATA 160 TDATA 80[0m
[07:41:21.172] [1;32muart:~$ [m^[[1[12D[J[1;32muart:~$ [m^[[1[12D[J[1;32muart:~$ [m^[[1[12D[J[00:02:08.303,000] [0m<dbg> net_pkt.pkt_alloc_with_buffer: (wifi): On iface 1 (0x3fc9ea10) size 60[0m
[07:41:22.349] [1;32muart:~$ [m^[[1[12D[J[00:02:08.303,000] [0m<dbg> net_pkt.net_pkt_alloc_buffer_with_reserve_debug: (wifi): Data allocation maximum size 60 (requested 60, reserve 0)[0m
[07:41:22.366] [1;32muart:~$ [m^[[1[12D[J[00:02:08.304,000] [0m<dbg> net_pkt.pkt_alloc_buffer: (wifi): RDATA (rx_bufs) [159] frag 0x3c17286c ref 1 (eth_esp32_rx():153)[0m
[07:41:22.383] [1;32muart:~$ [m^[[1[12D[J[00:02:08.304,000] [0m<dbg> net_pkt.net_pkt_write: (wifi): pkt 0x3c173cf0 data 0x3c26f2aa length 60[0m
[07:41:22.399] [1;32muart:~$ [m^[[1[12D[J[00:02:08.304,000] [0m<dbg> net_pkt.net_pkt_unref_debug: (rx_q[0]): RX [39] pkt 0x3c173cf0 ref 0 frags 0x3c17286c (processing_data():157)[0m
[07:41:22.416] [1;32muart:~$ [m^[[1[12D[J[00:02:08.304,000] [0m<dbg> net_pkt.net_pkt_unref_debug: (rx_q[0]): RDATA (rx_bufs) [159] frag 0x3c17286c ref 0 frags 0 (processing_data():157)[0m
[07:41:22.432] [1;32muart:~$ [m^[[1[12D[J[00:02:08.304,000] [0m<dbg> net_pkt.net_pkt_frag_unref_debug: (rx_q[0]): RDATA (rx_bufs) [159] frag 0x3c17286c ref 0 (net_pkt_unref_debug():612)[0m
[07:41:22.449] [1;32muart:~$ [m^[[1[12D[J[00:02:08.304,000] [0m<dbg> net_pkt.net_pkt_print: (rx_q[0]): TX 16 RX 40 RDATA 160 TDATA 80[0m
[07:41:22.465] [1;32muart:~$ [m^[[1[12D[J[1;32muart:~$ [m^[[1[12D[J[1;32muart:~$ [m^[[1[12D[J[1;31m[1;31m--- 40 messages dropped ---
[07:41:22.585] [0m[m[00:02:09.536,000] [0m<dbg> net_pkt.net_pkt_read: (rx_q[0]): pkt 0x3c172ee0 data 0x3fcc36ae length 74[0m
[07:41:22.586] [1;32muart:~$ [m^[[1[12D[J[00:02:09.536,000] [0m<dbg> net_pkt.net_pkt_unref_debug: (rx_q[0]): TX [15] pkt 0x3c172ee0 ref 1 frags 0x3c15d4bc (ethernet_send():800)[0m
[07:41:22.603] [1;32muart:~$ [m^[[1[12D[J[00:02:09.536,000] [0m<dbg> net_pkt.net_pkt_unref_debug: (rx_q[0]): TX [15] pkt 0x3c172ee0 ref 0 frags 0x3c15d4bc (tcp_send():472)[0m
[07:41:22.619] [1;32muart:~$ [m^[[1[12D[J[00:02:09.536,000] [0m<dbg> net_pkt.net_pkt_unref_debug: (rx_q[0]): TDATA (tx_bufs) [78] frag 0x3c15d4bc ref 0 frags 0x3c15d4a0 (tcp_send():472)[0m
[07:41:22.636] [1;32muart:~$ [m^[[1[12D[J[00:02:09.536,000] [0m<dbg> net_pkt.net_pkt_unref_debug: (rx_q[0]): TDATA (tx_bufs) [78] frag 0x3c15d4a0 ref 0 frags 0 (tcp_send():472)[0m
[07:41:22.653] [1;32muart:~$ [m^[[1[12D[J[00:02:09.536,000] [0m<dbg> net_pkt.net_pkt_frag_unref_debug: (rx_q[0]): TDATA (tx_bufs) [78] frag 0x3c15d4bc ref 0 (net_pkt_unref_debug():612)[0m
[07:41:22.670] [1;32muart:~$ [m^[[1[12D[J[00:02:09.536,000] [0m<dbg> net_pkt.net_pkt_frag_unref_debug: (rx_q[0]): TDATA (tx_bufs) [79] frag 0x3c15d4a0 ref 0 (net_pkt_unref_debug():612)[0m
[07:41:22.687] [1;32muart:~$ [m^[[1[12D[J[00:02:09.536,000] [0m<dbg> net_pkt.net_pkt_print: (rx_q[0]): TX 16 RX 39 RDATA 159 TDATA 80[0m
[07:41:22.703] [1;32muart:~$ [m^[[1[12D[J[00:02:09.538,000] [0m<dbg> net_pkt.net_pkt_read: (llss_thread): pkt 0x3c173cf0 data 0x3c246e00 length 5[0m
[07:41:22.720] [1;32muart:~$ [m^[[1[12D[J[00:02:09.538,000] [0m<dbg> net_pkt.net_pkt_read: (llss_thread): pkt 0x3c173cf0 data 0x3c246e05 length 233[0m
[07:41:22.736] [1;32muart:~$ [m^[[1[12D[J[00:02:09.538,000] [0m<dbg> net_pkt.net_pkt_unref_debug: (llss_thread): RX [39] pkt 0x3c173cf0 ref 0 frags 0x3c17286c (zsock_recv_stream_immediate():1423)[0m
[07:41:22.753] [1;32muart:~$ [m^[[1[12D[J[00:02:09.538,000] [0m<dbg> net_pkt.net_pkt_unref_debug: (llss_thread): RDATA (rx_bufs) [159] frag 0x3c17286c ref 0 frags 0 (zsock_recv_stream_immediate():1423)[0m
[07:41:22.770] [1;32muart:~$ [m^[[1[12D[J[00:02:09.538,000] [0m<dbg> net_pkt.net_pkt_frag_unref_debug: (llss_thread): RDATA (rx_bufs) [159] frag 0x3c17286c ref 0 (net_pkt_unref_debug():612)[0m
[07:41:22.787] [1;32muart:~$ [m^[[1[12D[J[1;32muart:~$ [m^[[1[12D[J[1;32muart:~$ [m^[[1[12D[J[00:02:10.146,000] [0m<dbg> net_pkt.pkt_alloc_with_buffer: (wifi): On iface 1 (0x3fc9ea10) size 60[0m
[07:41:24.192] [1;32muart:~$ [m^[[1[12D[J[00:02:10.146,000] [0m<dbg> net_pkt.net_pkt_alloc_buffer_with_reserve_debug: (wifi): Data allocation maximum size 60 (requested 60, reserve 0)[0m
[07:41:24.209] [1;32muart:~$ [m^[[1[12D[J[00:02:10.146,000] [0m<dbg> net_pkt.pkt_alloc_buffer: (wifi): RDATA (rx_bufs) [159] frag 0x3c17286c ref 1 (eth_esp32_rx():153)[0m
[07:41:24.225] [1;32muart:~$ [m^[[1[12D[J[00:02:10.146,000] [0m<dbg> net_pkt.net_pkt_write: (wifi): pkt 0x3c173cf0 data 0x3c26f2aa length 60[0m
[07:41:24.241] [1;32muart:~$ [m^[[1[12D[J[00:02:10.146,000] [0m<dbg> net_pkt.net_pkt_unref_debug: (rx_q[0]): RX [39] pkt 0x3c173cf0 ref 0 frags 0x3c17286c (processing_data():157)[0m
[07:41:24.258] [1;32muart:~$ [m^[[1[12D[J[00:02:10.146,000] [0m<dbg> net_pkt.net_pkt_unref_debug: (rx_q[0]): RDATA (rx_bufs) [159] frag 0x3c17286c ref 0 frags 0 (processing_data():157)[0m
[07:41:24.275] [1;32muart:~$ [m^[[1[12D[J[00:02:10.146,000] [0m<dbg> net_pkt.net_pkt_frag_unref_debug: (rx_q[0]): RDATA (rx_bufs) [159] frag 0x3c17286c ref 0 (net_pkt_unref_debug():612)[0m
[07:41:24.291] [1;32muart:~$ [m^[[1[12D[J[00:02:10.146,000] [0m<dbg> net_pkt.net_pkt_print: (rx_q[0]): TX 16 RX 40 RDATA 160 TDATA 80[0m
[07:41:24.307] [1;32muart:~$ [m^[[1[12D[J[1;32muart:~$ [m^[[1[12D[J[1;32muart:~$ [m^[[1[12D[J[00:02:11.170,000] [0m<dbg> net_pkt.pkt_alloc_with_buffer: (wifi): On iface 1 (0x3fc9ea10) size 60[0m
[07:41:25.216] [1;32muart:~$ [m^[[1[12D[J[00:02:11.171,000] [0m<dbg> net_pkt.net_pkt_alloc_buffer_with_reserve_debug: (wifi): Data allocation maximum size 60 (requested 60, reserve 0)[0m
[07:41:25.233] [1;32muart:~$ [m^[[1[12D[J[00:02:11.171,000] [0m<dbg> net_pkt.pkt_alloc_buffer: (wifi): RDATA (rx_bufs) [159] frag 0x3c17286c ref 1 (eth_esp32_rx():153)[0m
[07:41:25.250] [1;32muart:~$ [m^[[1[12D[J[00:02:11.171,000] [0m<dbg> net_pkt.net_pkt_write: (wifi): pkt 0x3c173cf0 data 0x3c26f2aa length 60[0m
[07:41:25.266] [1;32muart:~$ [m^[[1[12D[J[00:02:11.171,000] [0m<dbg> net_pkt.net_pkt_unref_debug: (rx_q[0]): RX [39] pkt 0x3c173cf0 ref 0 frags 0x3c17286c (processing_data():157)[0m
[07:41:25.283] [1;32muart:~$ [m^[[1[12D[J[00:02:11.171,000] [0m<dbg> net_pkt.net_pkt_unref_debug: (rx_q[0]): RDATA (rx_bufs) [159] frag 0x3c17286c ref 0 frags 0 (processing_data():157)[0m
[07:41:25.300] [1;32muart:~$ [m^[[1[12D[J[00:02:11.171,000] [0m<dbg> net_pkt.net_pkt_frag_unref_debug: (rx_q[0]): RDATA (rx_bufs) [159] frag 0x3c17286c ref 0 (net_pkt_unref_debug():612)[0m
[07:41:25.316] [1;32muart:~$ [m^[[1[12D[J[00:02:11.171,000] [0m<dbg> net_pkt.net_pkt_print: (rx_q[0]): TX 16 RX 40 RDATA 160 TDATA 80[0m
[07:41:25.332] [1;32muart:~$ [m^[[1[12D[J[1;32muart:~$ [m^[[1[12D[J[1;32muart:~$ [m^[[1[12D[J[00:02:12.194,000] [0m<dbg> net_pkt.pkt_alloc_with_buffer: (wifi): On iface 1 (0x3fc9ea10) size 60[0m
[07:41:26.240] [1;32muart:~$ [m^[[1[12D[J[00:02:12.194,000] [0m<dbg> net_pkt.net_pkt_alloc_buffer_with_reserve_debug: (wifi): Data allocation maximum size 60 (requested 60, reserve 0)[0m
[07:41:26.257] [1;32muart:~$ [m^[[1[12D[J[00:02:12.195,000] [0m<dbg> net_pkt.pkt_alloc_buffer: (wifi): RDATA (rx_bufs) [159] frag 0x3c17286c ref 1 (eth_esp32_rx():153)[0m
[07:41:26.274] [1;32muart:~$ [m^[[1[12D[J[00:02:12.195,000] [0m<dbg> net_pkt.net_pkt_write: (wifi): pkt 0x3c173cf0 data 0x3c26f2aa length 60[0m
[07:41:26.290] [1;32muart:~$ [m^[[1[12D[J[00:02:12.195,000] [0m<dbg> net_pkt.net_pkt_unref_debug: (rx_q[0]): RX [39] pkt 0x3c173cf0 ref 0 frags 0x3c17286c (processing_data():157)[0m
[07:41:26.307] [1;32muart:~$ [m^[[1[12D[J[00:02:12.195,000] [0m<dbg> net_pkt.net_pkt_unref_debug: (rx_q[0]): RDATA (rx_bufs) [159] frag 0x3c17286c ref 0 frags 0 (processing_data():157)[0m
[07:41:26.323] [1;32muart:~$ [m^[[1[12D[J[00:02:12.195,000] [0m<dbg> net_pkt.net_pkt_frag_unref_debug: (rx_q[0]): RDATA (rx_bufs) [159] frag 0x3c17286c ref 0 (net_pkt_unref_debug():612)[0m
[07:41:26.340] [1;32muart:~$ [m^[[1[12D[J[00:02:12.195,000] [0m<dbg> net_pkt.net_pkt_print: (rx_q[0]): TX 16 RX 40 RDATA 160 TDATA 80[0m
[07:41:26.356] [1;32muart:~$ [m^[[1[12D[J[1;32muart:~$ [m^[[1[12D[J[1;32muart:~$ [m^[[1[12D[J[00:02:13.218,000] [0m<dbg> net_pkt.pkt_alloc_with_buffer: (wifi): On iface 1 (0x3fc9ea10) size 60[0m
[07:41:27.264] [1;32muart:~$ [m^[[1[12D[J[00:02:13.219,000] [0m<dbg> net_pkt.net_pkt_alloc_buffer_with_reserve_debug: (wifi): Data allocation maximum size 60 (requested 60, reserve 0)[0m
[07:41:27.281] [1;32muart:~$ [m^[[1[12D[J[00:02:13.219,000] [0m<dbg> net_pkt.pkt_alloc_buffer: (wifi): RDATA (rx_bufs) [159] frag 0x3c17286c ref 1 (eth_esp32_rx():153)[0m
[07:41:27.298] [1;32muart:~$ [m^[[1[12D[J[00:02:13.219,000] [0m<dbg> net_pkt.net_pkt_write: (wifi): pkt 0x3c173cf0 data 0x3c26f2aa length 60[0m
[07:41:27.314] [1;32muart:~$ [m^[[1[12D[J[00:02:13.219,000] [0m<dbg> net_pkt.net_pkt_unref_debug: (rx_q[0]): RX [39] pkt 0x3c173cf0 ref 0 frags 0x3c17286c (processing_data():157)[0m
[07:41:27.331] [1;32muart:~$ [m^[[1[12D[J[00:02:13.219,000] [0m<dbg> net_pkt.net_pkt_unref_debug: (rx_q[0]): RDATA (rx_bufs) [159] frag 0x3c17286c ref 0 frags 0 (processing_data():157)[0m
[07:41:27.348] [1;32muart:~$ [m^[[1[12D[J[00:02:13.219,000] [0m<dbg> net_pkt.net_pkt_frag_unref_debug: (rx_q[0]): RDATA (rx_bufs) [159] frag 0x3c17286c ref 0 (net_pkt_unref_debug():612)[0m
[07:41:27.365] [1;32muart:~$ [m^[[1[12D[J[00:02:13.219,000] [0m<dbg> net_pkt.net_pkt_print: (rx_q[0]): TX 16 RX 40 RDATA 160 TDATA 80[0m
[07:41:27.381] [1;32muart:~$ [m^[[1[12D[J[1;32muart:~$ [m^[[1[12D[J[1;32muart:~$ [m^[[1[12D[J[1;31m[1;31m--- 79 messages dropped ---
[07:41:27.597] [0m[m[00:02:14.550,000] [0m<dbg> net_pkt.net_pkt_ref_debug: (llss_thread): TX [14] pkt 0x3c172f28 ref 2 (tcp_send():424)[0m
[07:41:27.598] [1;32muart:~$ [m^[[1[12D[J[00:02:14.550,000] [0m<dbg> net_pkt.net_pkt_get_reserve_data_debug: (llss_thread): TDATA (tx_bufs) [76] frag 0x3c15d4f4 ref 1 (ethernet_fill_header():610)[0m
[07:41:27.615] [1;32muart:~$ [m^[[1[12D[J[1;31m[1;31m--- 10 messages dropped ---
[07:41:27.631] [0m[m[00:02:14.550,000] [0m<dbg> net_pkt.net_pkt_frag_insert_debug: (llss_thread): pkt 0x3c172f28 frag 0x3c15d4f4 (ethernet_fill_header:669)[0m
[07:41:27.632] [1;32muart:~$ [m^[[1[12D[J[00:02:14.550,000] [0m<dbg> net_pkt.net_pkt_read: (llss_thread): pkt 0x3c172f28 data 0x3fcc36ae length 236[0m
[07:41:27.649] [1;32muart:~$ [m^[[1[12D[J[00:02:14.551,000] [0m<dbg> net_pkt.net_pkt_unref_debug: (llss_thread): TX [14] pkt 0x3c172f28 ref 1 frags 0x3c15d4f4 (ethernet_send():800)[0m
[07:41:27.666] [1;32muart:~$ [m^[[1[12D[J[00:02:14.552,000] [0m<dbg> net_pkt.net_pkt_unref_debug: (llss_thread): TX [14] pkt 0x3c172f28 ref 0 frags 0x3c15d4f4 (tcp_send():472)[0m
[07:41:27.683] [1;32muart:~$ [m^[[1[12D[J[00:02:14.552,000] [0m<dbg> net_pkt.net_pkt_unref_debug: (llss_thread): TDATA (tx_bufs) [76] frag 0x3c15d4f4 ref 0 frags 0x3c15d4d8 (tcp_send():472)[0m
[07:41:27.700] [1;32muart:~$ [m^[[1[12D[J[00:02:14.552,000] [0m<dbg> net_pkt.net_pkt_unref_debug: (llss_thread): TDATA (tx_bufs) [76] frag 0x3c15d4d8 ref 0 frags 0x3c15d4bc (tcp_send():472)[0m
[07:41:27.717] [1;32muart:~$ [m^[[1[12D[J[00:02:14.556,000] [0m<dbg> net_pkt.net_pkt_skip: (rx_q[0]): pkt 0x3c173cf0 skip 8[0m
[07:41:27.733] [1;32muart:~$ [m^[[1[12D[J[00:02:14.556,000] [0m<dbg> net_pkt.net_pkt_skip: (rx_q[0]): pkt 0x3c173cf0 skip 32[0m
[07:41:27.749] [1;32muart:~$ [m^[[1[12D[J[00:02:14.556,000] [0m<dbg> net_pkt.net_pkt_write: (rx_q[0]): pkt 0x3c173cf0 data 0x3c16a796 length 20[0m
[07:41:27.765] [1;32muart:~$ [m^[[1[12D[J[00:02:14.556,000] [0m<dbg> net_pkt.net_pkt_skip: (rx_q[0]): pkt 0x3c173cf0 skip 20[0m
[07:41:27.781] [1;32muart:~$ [m^[[1[12D[J[00:02:14.556,000] [0m<dbg> net_pkt.net_pkt_skip: (rx_q[0]): pkt 0x3c173cf0 skip 40[0m
[07:41:27.797] [1;32muart:~$ [m^[[1[12D[J[00:02:14.556,000] [0m<dbg> net_pkt.net_pkt_skip: (rx_q[0]): pkt 0x3c173cf0 skip 40[0m
[07:41:27.813] [1;32muart:~$ [m^[[1[12D[J[00:02:14.556,000] [0m<dbg> net_pkt.net_pkt_skip: (rx_q[0]): pkt 0x3c173cf0 skip 40[0m
[07:41:27.829] [1;32muart:~$ [m^[[1[12D[J[00:02:14.556,000] [0m<dbg> net_pkt.net_pkt_skip: (rx_q[0]): pkt 0x3c173cf0 skip 40[0m
[07:41:27.845] [1;32muart:~$ [m^[[1[12D[J[00:02:14.556,000] [0m<dbg> net_pkt.net_pkt_skip: (rx_q[0]): pkt 0x3c173cf0 skip 40[0m
[07:41:27.861] [1;32muart:~$ [m^[[1[12D[J[00:02:14.556,000] [0m<dbg> net_pkt.net_pkt_unref_debug: (rx_q[0]): RX [39] pkt 0x3c173cf0 ref 0 frags 0x3c17286c (tcp_in():3635)[0m
[07:41:27.878] [1;32muart:~$ [m^[[1[12D[J[00:02:14.557,000] [0m<dbg> net_pkt.net_pkt_unref_debug: (rx_q[0]): RDATA (rx_bufs) [159] frag 0x3c17286c ref 0 frags 0 (tcp_in():3635)[0m
[07:41:27.894] [1;32muart:~$ [m^[[1[12D[J[00:02:14.557,000] [0m<dbg> net_pkt.net_pkt_frag_unref_debug: (rx_q[0]): RDATA (rx_bufs) [159] frag 0x3c17286c ref 0 (net_pkt_unref_debug():612)[0m
[07:41:27.911] [1;32muart:~$ [m^[[1[12D[J[00:02:14.557,000] [0m<dbg> net_pkt.net_pkt_print: (rx_q[0]): TX 16 RX 40 RDATA 160 TDATA 80[0m
[07:41:27.927] [1;32muart:~$ [m^[[1[12D[J[1;32muart:~$ [m^[[1[12D[J[1;32muart:~$ [m^[[1[12D[J[1;31m[1;31m--- 3 messages dropped ---
[07:41:29.132] [0m[m[00:02:15.267,000] [0m<dbg> net_pkt.net_pkt_write: (wifi): pkt 0x3c173cf0 data 0x3c26f2aa length 60[0m
[07:41:29.133] [1;32muart:~$ [m^[[1[12D[J[00:02:15.267,000] [0m<dbg> net_pkt.net_pkt_unref_debug: (rx_q[0]): RX [39] pkt 0x3c173cf0 ref 0 frags 0x3c17286c (processing_data():157)[0m
[07:41:29.150] [1;32muart:~$ [m^[[1[12D[J[00:02:15.267,000] [0m<dbg> net_pkt.net_pkt_unref_debug: (rx_q[0]): RDATA (rx_bufs) [159] frag 0x3c17286c ref 0 frags 0 (processing_data():157)[0m
[07:41:29.167] [1;32muart:~$ [m^[[1[12D[J[00:02:15.267,000] [0m<dbg> net_pkt.net_pkt_frag_unref_debug: (rx_q[0]): RDATA (rx_bufs) [159] frag 0x3c17286c ref 0 (net_pkt_unref_debug():612)[0m
[07:41:29.183] [1;32muart:~$ [m^[[1[12D[J[00:02:15.267,000] [0m<dbg> net_pkt.net_pkt_print: (rx_q[0]): TX 16 RX 40 RDATA 160 TDATA 80[0m
[07:41:29.199] [1;32muart:~$ [m^[[1[12D[J[00:02:16.086,000] [0m<dbg> net_pkt.pkt_alloc_with_buffer: (wifi): On iface 1 (0x3fc9ea10) size 60[0m
[07:41:29.216] [1;32muart:~$ [m^[[1[12D[J[00:02:16.086,000] [0m<dbg> net_pkt.net_pkt_alloc_buffer_with_reserve_debug: (wifi): Data allocation maximum size 60 (requested 60, reserve 0)[0m
[07:41:29.233] [1;32muart:~$ [m^[[1[12D[J[00:02:16.086,000] [0m<dbg> net_pkt.pkt_alloc_buffer: (wifi): RDATA (rx_bufs) [159] frag 0x3c17286c ref 1 (eth_esp32_rx():153)[0m
[07:41:29.249] [1;32muart:~$ [m^[[1[12D[J[00:02:16.086,000] [0m<dbg> net_pkt.net_pkt_write: (wifi): pkt 0x3c173cf0 data 0x3c26f2aa length 60[0m
[07:41:29.266] [1;32muart:~$ [m^[[1[12D[J[00:02:16.086,000] [0m<dbg> net_pkt.net_pkt_unref_debug: (rx_q[0]): RX [39] pkt 0x3c173cf0 ref 0 frags 0x3c17286c (processing_data():157)[0m
[07:41:29.282] [1;32muart:~$ [m^[[1[12D[J[00:02:16.086,000] [0m<dbg> net_pkt.net_pkt_unref_debug: (rx_q[0]): RDATA (rx_bufs) [159] frag 0x3c17286c ref 0 frags 0 (processing_data():157)[0m
[07:41:29.299] [1;32muart:~$ [m^[[1[12D[J[00:02:16.086,000] [0m<dbg> net_pkt.net_pkt_frag_unref_debug: (rx_q[0]): RDATA (rx_bufs) [159] frag 0x3c17286c ref 0 (net_pkt_unref_debug():612)[0m
[07:41:29.315] [1;32muart:~$ [m^[[1[12D[J[00:02:16.086,000] [0m<dbg> net_pkt.net_pkt_print: (rx_q[0]): TX 16 RX 40 RDATA 160 TDATA 80[0m
[07:41:29.332] [1;32muart:~$ [m^[[1[12D[J[1;31m[1;31m--- 32 messages dropped ---
[07:41:29.348] [0m[m[00:02:16.294,000] [0m<dbg> net_pkt.net_pkt_read: (rx_q[0]): pkt 0x3c172ee0 data 0x3fcc36ae length 74[0m
[07:41:29.349] [1;32muart:~$ [m^[[1[12D[J[00:02:16.294,000] [0m<dbg> net_pkt.net_pkt_unref_debug: (rx_q[0]): TX [15] pkt 0x3c172ee0 ref 1 frags 0x3c15d4bc (ethernet_send():800)[0m
[07:41:29.366] [1;32muart:~$ [m^[[1[12D[J[00:02:16.294,000] [0m<dbg> net_pkt.net_pkt_unref_debug: (rx_q[0]): TX [15] pkt 0x3c172ee0 ref 0 frags 0x3c15d4bc (tcp_send():472)[0m
[07:41:29.382] [1;32muart:~$ [m^[[1[12D[J[00:02:16.294,000] [0m<dbg> net_pkt.net_pkt_unref_debug: (rx_q[0]): TDATA (tx_bufs) [78] frag 0x3c15d4bc ref 0 frags 0x3c15d4a0 (tcp_send():472)[0m
[07:41:29.399] [1;32muart:~$ [m^[[1[12D[J[00:02:16.294,000] [0m<dbg> net_pkt.net_pkt_unref_debug: (rx_q[0]): TDATA (tx_bufs) [78] frag 0x3c15d4a0 ref 0 frags 0 (tcp_send():472)[0m
[07:41:29.416] [1;32muart:~$ [m^[[1[12D[J[00:02:16.294,000] [0m<dbg> net_pkt.net_pkt_frag_unref_debug: (rx_q[0]): TDATA (tx_bufs) [78] frag 0x3c15d4bc ref 0 (net_pkt_unref_debug():612)[0m
[07:41:29.432] [1;32muart:~$ [m^[[1[12D[J[00:02:16.294,000] [0m<dbg> net_pkt.net_pkt_frag_unref_debug: (rx_q[0]): TDATA (tx_bufs) [79] frag 0x3c15d4a0 ref 0 (net_pkt_unref_debug():612)[0m
[07:41:29.449] [1;32muart:~$ [m^[[1[12D[J[00:02:16.295,000] [0m<dbg> net_pkt.net_pkt_print: (rx_q[0]): TX 16 RX 39 RDATA 159 TDATA 80[0m
[07:41:29.465] [1;32muart:~$ [m^[[1[12D[J[00:02:16.296,000] [0m<dbg> net_pkt.net_pkt_read: (llss_thread): pkt 0x3c173cf0 data 0x3c246e00 length 5[0m
[07:41:29.482] [1;32muart:~$ [m^[[1[12D[J[00:02:16.296,000] [0m<dbg> net_pkt.net_pkt_read: (llss_thread): pkt 0x3c173cf0 data 0x3c246e05 length 233[0m
[07:41:29.498] [1;32muart:~$ [m^[[1[12D[J[00:02:16.296,000] [0m<dbg> net_pkt.net_pkt_unref_debug: (llss_thread): RX [39] pkt 0x3c173cf0 ref 0 frags 0x3c17286c (zsock_recv_stream_immediate():1423)[0m
[07:41:29.515] [1;32muart:~$ [m^[[1[12D[J[00:02:16.296,000] [0m<dbg> net_pkt.net_pkt_unref_debug: (llss_thread): RDATA (rx_bufs) [159] frag 0x3c17286c ref 0 frags 0 (zsock_recv_stream_immediate():1423)[0m
[07:41:29.532] [1;32muart:~$ [m^[[1[12D[J[00:02:16.296,000] [0m<dbg> net_pkt.net_pkt_frag_unref_debug: (llss_thread): RDATA (rx_bufs) [159] frag 0x3c17286c ref 0 (net_pkt_unref_debug():612)[0m
[07:41:29.549] [1;32muart:~$ [m^[[1[12D[J[1;32muart:~$ [m^[[1[12D[J[1;32muart:~$ [m^[[1[12D[J[1;31m[1;31m--- 2 messages dropped ---
[07:41:31.180] [0m[m[00:02:17.315,000] [0m<dbg> net_pkt.pkt_alloc_buffer: (wifi): RDATA (rx_bufs) [159] frag 0x3c17286c ref 1 (eth_esp32_rx():153)[0m
[07:41:31.181] [1;32muart:~$ [m^[[1[12D[J[00:02:17.315,000] [0m<dbg> net_pkt.net_pkt_write: (wifi): pkt 0x3c173cf0 data 0x3c26f2aa length 60[0m
[07:41:31.197] [1;32muart:~$ [m^[[1[12D[J[00:02:17.315,000] [0m<dbg> net_pkt.net_pkt_unref_debug: (rx_q[0]): RX [39] pkt 0x3c173cf0 ref 0 frags 0x3c17286c (processing_data():157)[0m
[07:41:31.214] [1;32muart:~$ [m^[[1[12D[J[00:02:17.315,000] [0m<dbg> net_pkt.net_pkt_unref_debug: (rx_q[0]): RDATA (rx_bufs) [159] frag 0x3c17286c ref 0 frags 0 (processing_data():157)[0m
[07:41:31.230] [1;32muart:~$ [m^[[1[12D[J[00:02:17.315,000] [0m<dbg> net_pkt.net_pkt_frag_unref_debug: (rx_q[0]): RDATA (rx_bufs) [159] frag 0x3c17286c ref 0 (net_pkt_unref_debug():612)[0m
[07:41:31.247] [1;32muart:~$ [m^[[1[12D[J[00:02:17.315,000] [0m<dbg> net_pkt.net_pkt_print: (rx_q[0]): TX 16 RX 40 RDATA 160 TDATA 80[0m
[07:41:31.263] [1;32muart:~$ [m^[[1[12D[J[00:02:18.134,000] [0m<dbg> net_pkt.pkt_alloc_with_buffer: (wifi): On iface 1 (0x3fc9ea10) size 60[0m
[07:41:31.279] [1;32muart:~$ [m^[[1[12D[J[00:02:18.134,000] [0m<dbg> net_pkt.net_pkt_alloc_buffer_with_reserve_debug: (wifi): Data allocation maximum size 60 (requested 60, reserve 0)[0m
[07:41:31.296] [1;32muart:~$ [m^[[1[12D[J[00:02:18.134,000] [0m<dbg> net_pkt.pkt_alloc_buffer: (wifi): RDATA (rx_bufs) [159] frag 0x3c17286c ref 1 (eth_esp32_rx():153)[0m
[07:41:31.312] [1;32muart:~$ [m^[[1[12D[J[00:02:18.134,000] [0m<dbg> net_pkt.net_pkt_write: (wifi): pkt 0x3c173cf0 data 0x3c26f2aa length 60[0m
[07:41:31.329] [1;32muart:~$ [m^[[1[12D[J[00:02:18.134,000] [0m<dbg> net_pkt.net_pkt_unref_debug: (rx_q[0]): RX [39] pkt 0x3c173cf0 ref 0 frags 0x3c17286c (processing_data():157)[0m
[07:41:31.345] [1;32muart:~$ [m^[[1[12D[J[00:02:18.134,000] [0m<dbg> net_pkt.net_pkt_unref_debug: (rx_q[0]): RDATA (rx_bufs) [159] frag 0x3c17286c ref 0 frags 0 (processing_data():157)[0m
[07:41:31.362] [1;32muart:~$ [m^[[1[12D[J[00:02:18.134,000] [0m<dbg> net_pkt.net_pkt_frag_unref_debug: (rx_q[0]): RDATA (rx_bufs) [159] frag 0x3c17286c ref 0 (net_pkt_unref_debug():612)[0m
[07:41:31.380] [1;32muart:~$ [m^[[1[12D[J[00:02:18.134,000] [0m<dbg> net_pkt.net_pkt_print: (rx_q[0]): TX 16 RX 40 RDATA 160 TDATA 80[0m
[07:41:31.396] [1;32muart:~$ [m^[[1[12D[J[1;32muart:~$ [m^[[1[12D[J[1;32muart:~$ [m^[[1[12D[J[1;31m[1;31m--- 3 messages dropped ---
[07:41:33.227] [0m[m[00:02:19.363,000] [0m<dbg> net_pkt.net_pkt_write: (wifi): pkt 0x3c173cf0 data 0x3c26f2aa length 60[0m
[07:41:33.228] [1;32muart:~$ [m^[[1[12D[J[00:02:19.363,000] [0m<dbg> net_pkt.net_pkt_unref_debug: (rx_q[0]): RX [39] pkt 0x3c173cf0 ref 0 frags 0x3c17286c (processing_data():157)[0m
[07:41:33.245] [1;32muart:~$ [m^[[1[12D[J[00:02:19.363,000] [0m<dbg> net_pkt.net_pkt_unref_debug: (rx_q[0]): RDATA (rx_bufs) [159] frag 0x3c17286c ref 0 frags 0 (processing_data():157)[0m
[07:41:33.262] [1;32muart:~$ [m^[[1[12D[J[00:02:19.363,000] [0m<dbg> net_pkt.net_pkt_frag_unref_debug: (rx_q[0]): RDATA (rx_bufs) [159] frag 0x3c17286c ref 0 (net_pkt_unref_debug():612)[0m
[07:41:33.279] [1;32muart:~$ [m^[[1[12D[J[00:02:19.363,000] [0m<dbg> net_pkt.net_pkt_print: (rx_q[0]): TX 16 RX 40 RDATA 160 TDATA 80[0m
[07:41:33.295] [1;32muart:~$ [m^[[1[12D[J[00:02:20.182,000] [0m<dbg> net_pkt.pkt_alloc_with_buffer: (wifi): On iface 1 (0x3fc9ea10) size 60[0m
[07:41:33.311] [1;32muart:~$ [m^[[1[12D[J[00:02:20.182,000] [0m<dbg> net_pkt.net_pkt_alloc_buffer_with_reserve_debug: (wifi): Data allocation maximum size 60 (requested 60, reserve 0)[0m
[07:41:33.328] [1;32muart:~$ [m^[[1[12D[J[00:02:20.182,000] [0m<dbg> net_pkt.pkt_alloc_buffer: (wifi): RDATA (rx_bufs) [159] frag 0x3c17286c ref 1 (eth_esp32_rx():153)[0m
[07:41:33.344] [1;32muart:~$ [m^[[1[12D[J[00:02:20.182,000] [0m<dbg> net_pkt.net_pkt_write: (wifi): pkt 0x3c173cf0 data 0x3c26f2aa length 60[0m
[07:41:33.360] [1;32muart:~$ [m^[[1[12D[J[00:02:20.182,000] [0m<dbg> net_pkt.net_pkt_unref_debug: (rx_q[0]): RX [39] pkt 0x3c173cf0 ref 0 frags 0x3c17286c (processing_data():157)[0m
[07:41:33.377] [1;32muart:~$ [m^[[1[12D[J[00:02:20.182,000] [0m<dbg> net_pkt.net_pkt_unref_debug: (rx_q[0]): RDATA (rx_bufs) [159] frag 0x3c17286c ref 0 frags 0 (processing_data():157)[0m
[07:41:33.394] [1;32muart:~$ [m^[[1[12D[J[00:02:20.182,000] [0m<dbg> net_pkt.net_pkt_frag_unref_debug: (rx_q[0]): RDATA (rx_bufs) [159] frag 0x3c17286c ref 0 (net_pkt_unref_debug():612)[0m
[07:41:33.410] [1;32muart:~$ [m^[[1[12D[J[00:02:20.182,000] [0m<dbg> net_pkt.net_pkt_print: (rx_q[0]): TX 16 RX 40 RDATA 160 TDATA 80[0m
[07:41:33.427] [1;32muart:~$ [m^[[1[12D[J[1;32muart:~$ [m^[[1[12D[J[1;32muart:~$ [m^[[1[12D[J[1;31m[1;31m--- 79 messages dropped ---
[07:41:34.356] [0m[m[00:02:21.308,000] [0m<dbg> net_pkt.net_pkt_ref_debug: (llss_thread): TX [14] pkt 0x3c172f28 ref 2 (tcp_send():424)[0m
[07:41:34.357] [1;32muart:~$ [m^[[1[12D[J[00:02:21.308,000] [0m<dbg> net_pkt.net_pkt_get_reserve_data_debug: (llss_thread): TDATA (tx_bufs) [76] frag 0x3c15d4f4 ref 1 (ethernet_fill_header():610)[0m
[07:41:34.374] [1;32muart:~$ [m^[[1[12D[J[1;31m[1;31m--- 10 messages dropped ---
[07:41:34.390] [0m[m[00:02:21.308,000] [0m<dbg> net_pkt.net_pkt_frag_insert_debug: (llss_thread): pkt 0x3c172f28 frag 0x3c15d4f4 (ethernet_fill_header:669)[0m
[07:41:34.391] [1;32muart:~$ [m^[[1[12D[J[00:02:21.308,000] [0m<dbg> net_pkt.net_pkt_read: (llss_thread): pkt 0x3c172f28 data 0x3fcc36ae length 236[0m
[07:41:34.407] [1;32muart:~$ [m^[[1[12D[J[00:02:21.309,000] [0m<dbg> net_pkt.net_pkt_unref_debug: (llss_thread): TX [14] pkt 0x3c172f28 ref 1 frags 0x3c15d4f4 (ethernet_send():800)[0m
[07:41:34.424] [1;32muart:~$ [m^[[1[12D[J[00:02:21.310,000] [0m<dbg> net_pkt.net_pkt_unref_debug: (llss_thread): TX [14] pkt 0x3c172f28 ref 0 frags 0x3c15d4f4 (tcp_send():472)[0m
[07:41:34.441] [1;32muart:~$ [m^[[1[12D[J[00:02:21.310,000] [0m<dbg> net_pkt.net_pkt_unref_debug: (llss_thread): TDATA (tx_bufs) [76] frag 0x3c15d4f4 ref 0 frags 0x3c15d4d8 (tcp_send():472)[0m
[07:41:34.458] [1;32muart:~$ [m^[[1[12D[J[00:02:21.310,000] [0m<dbg> net_pkt.net_pkt_unref_debug: (llss_thread): TDATA (tx_bufs) [76] frag 0x3c15d4d8 ref 0 frags 0x3c15d4bc (tcp_send():472)[0m
[07:41:34.475] [1;32muart:~$ [m^[[1[12D[J[00:02:21.314,000] [0m<dbg> net_pkt.net_pkt_skip: (rx_q[0]): pkt 0x3c173cf0 skip 8[0m
[07:41:34.491] [1;32muart:~$ [m^[[1[12D[J[00:02:21.314,000] [0m<dbg> net_pkt.net_pkt_skip: (rx_q[0]): pkt 0x3c173cf0 skip 32[0m
[07:41:34.507] [1;32muart:~$ [m^[[1[12D[J[00:02:21.314,000] [0m<dbg> net_pkt.net_pkt_write: (rx_q[0]): pkt 0x3c173cf0 data 0x3c16a796 length 20[0m
[07:41:34.523] [1;32muart:~$ [m^[[1[12D[J[00:02:21.314,000] [0m<dbg> net_pkt.net_pkt_skip: (rx_q[0]): pkt 0x3c173cf0 skip 20[0m
[07:41:34.539] [1;32muart:~$ [m^[[1[12D[J[00:02:21.314,000] [0m<dbg> net_pkt.net_pkt_skip: (rx_q[0]): pkt 0x3c173cf0 skip 40[0m
[07:41:34.555] [1;32muart:~$ [m^[[1[12D[J[00:02:21.314,000] [0m<dbg> net_pkt.net_pkt_skip: (rx_q[0]): pkt 0x3c173cf0 skip 40[0m
[07:41:34.571] [1;32muart:~$ [m^[[1[12D[J[00:02:21.314,000] [0m<dbg> net_pkt.net_pkt_skip: (rx_q[0]): pkt 0x3c173cf0 skip 40[0m
[07:41:34.587] [1;32muart:~$ [m^[[1[12D[J[00:02:21.314,000] [0m<dbg> net_pkt.net_pkt_skip: (rx_q[0]): pkt 0x3c173cf0 skip 40[0m
[07:41:34.603] [1;32muart:~$ [m^[[1[12D[J[00:02:21.314,000] [0m<dbg> net_pkt.net_pkt_skip: (rx_q[0]): pkt 0x3c173cf0 skip 40[0m
[07:41:34.619] [1;32muart:~$ [m^[[1[12D[J[00:02:21.315,000] [0m<dbg> net_pkt.net_pkt_unref_debug: (rx_q[0]): RX [39] pkt 0x3c173cf0 ref 0 frags 0x3c17286c (tcp_in():3635)[0m
[07:41:34.636] [1;32muart:~$ [m^[[1[12D[J[00:02:21.315,000] [0m<dbg> net_pkt.net_pkt_unref_debug: (rx_q[0]): RDATA (rx_bufs) [159] frag 0x3c17286c ref 0 frags 0 (tcp_in():3635)[0m
[07:41:34.652] [1;32muart:~$ [m^[[1[12D[J[00:02:21.315,000] [0m<dbg> net_pkt.net_pkt_frag_unref_debug: (rx_q[0]): RDATA (rx_bufs) [159] frag 0x3c17286c ref 0 (net_pkt_unref_debug():612)[0m
[07:41:34.669] [1;32muart:~$ [m^[[1[12D[J[00:02:21.315,000] [0m<dbg> net_pkt.net_pkt_print: (rx_q[0]): TX 16 RX 40 RDATA 160 TDATA 80[0m
[07:41:34.686] [1;32muart:~$ [m^[[1[12D[J[1;32muart:~$ [m^[[1[12D[J[1;32muart:~$ [m^[[1[12D[J[1;31m[1;31m--- 40 messages dropped ---
[07:41:36.101] [0m[m[00:02:23.052,000] [0m<dbg> net_pkt.net_pkt_read: (rx_q[0]): pkt 0x3c172ee0 data 0x3fcc36ae length 74[0m
[07:41:36.102] [1;32muart:~$ [m^[[1[12D[J[00:02:23.052,000] [0m<dbg> net_pkt.net_pkt_unref_debug: (rx_q[0]): TX [15] pkt 0x3c172ee0 ref 1 frags 0x3c15d4bc (ethernet_send():800)[0m
[07:41:36.119] [1;32muart:~$ [m^[[1[12D[J[00:02:23.052,000] [0m<dbg> net_pkt.net_pkt_unref_debug: (rx_q[0]): TX [15] pkt 0x3c172ee0 ref 0 frags 0x3c15d4bc (tcp_send():472)[0m
[07:41:36.136] [1;32muart:~$ [m^[[1[12D[J[00:02:23.052,000] [0m<dbg> net_pkt.net_pkt_unref_debug: (rx_q[0]): TDATA (tx_bufs) [78] frag 0x3c15d4bc ref 0 frags 0x3c15d4a0 (tcp_send():472)[0m
[07:41:36.153] [1;32muart:~$ [m^[[1[12D[J[00:02:23.052,000] [0m<dbg> net_pkt.net_pkt_unref_debug: (rx_q[0]): TDATA (tx_bufs) [78] frag 0x3c15d4a0 ref 0 frags 0 (tcp_send():472)[0m
[07:41:36.170] [1;32muart:~$ [m^[[1[12D[J[00:02:23.052,000] [0m<dbg> net_pkt.net_pkt_frag_unref_debug: (rx_q[0]): TDATA (tx_bufs) [78] frag 0x3c15d4bc ref 0 (net_pkt_unref_debug():612)[0m
[07:41:36.187] [1;32muart:~$ [m^[[1[12D[J[00:02:23.052,000] [0m<dbg> net_pkt.net_pkt_frag_unref_debug: (rx_q[0]): TDATA (tx_bufs) [79] frag 0x3c15d4a0 ref 0 (net_pkt_unref_debug():612)[0m
[07:41:36.204] [1;32muart:~$ [m^[[1[12D[J[00:02:23.052,000] [0m<dbg> net_pkt.net_pkt_print: (rx_q[0]): TX 16 RX 39 RDATA 159 TDATA 80[0m
[07:41:36.220] [1;32muart:~$ [m^[[1[12D[J[00:02:23.053,000] [0m<dbg> net_pkt.net_pkt_read: (llss_thread): pkt 0x3c173cf0 data 0x3c246e00 length 5[0m
[07:41:36.236] [1;32muart:~$ [m^[[1[12D[J[00:02:23.054,000] [0m<dbg> net_pkt.net_pkt_read: (llss_thread): pkt 0x3c173cf0 data 0x3c246e05 length 233[0m
[07:41:36.253] [1;32muart:~$ [m^[[1[12D[J[00:02:23.054,000] [0m<dbg> net_pkt.net_pkt_unref_debug: (llss_thread): RX [39] pkt 0x3c173cf0 ref 0 frags 0x3c17286c (zsock_recv_stream_immediate():1423)[0m
[07:41:36.270] [1;32muart:~$ [m^[[1[12D[J[00:02:23.054,000] [0m<dbg> net_pkt.net_pkt_unref_debug: (llss_thread): RDATA (rx_bufs) [159] frag 0x3c17286c ref 0 frags 0 (zsock_recv_stream_immediate():1423)[0m
[07:41:36.287] [1;32muart:~$ [m^[[1[12D[J[00:02:23.054,000] [0m<dbg> net_pkt.net_pkt_frag_unref_debug: (llss_thread): RDATA (rx_bufs) [159] frag 0x3c17286c ref 0 (net_pkt_unref_debug():612)[0m
[07:41:36.304] [1;32muart:~$ [m^[[1[12D[J[00:02:23.079,000] [0m<dbg> net_pkt.pkt_alloc_with_buffer: (wifi): On iface 1 (0x3fc9ea10) size 60[0m
[07:41:36.320] [1;32muart:~$ [m^[[1[12D[J[00:02:23.079,000] [0m<dbg> net_pkt.net_pkt_alloc_buffer_with_reserve_debug: (wifi): Data allocation maximum size 60 (requested 60, reserve 0)[0m
[07:41:36.337] [1;32muart:~$ [m^[[1[12D[J[00:02:23.079,000] [0m<dbg> net_pkt.pkt_alloc_buffer: (wifi): RDATA (rx_bufs) [159] frag 0x3c17286c ref 1 (eth_esp32_rx():153)[0m
[07:41:36.354] [1;32muart:~$ [m^[[1[12D[J[00:02:23.079,000] [0m<dbg> net_pkt.net_pkt_write: (wifi): pkt 0x3c173cf0 data 0x3c26f2aa length 60[0m
[07:41:36.370] [1;32muart:~$ [m^[[1[12D[J[00:02:23.079,000] [0m<dbg> net_pkt.net_pkt_unref_debug: (rx_q[0]): RX [39] pkt 0x3c173cf0 ref 0 frags 0x3c17286c (processing_data():157)[0m
[07:41:36.387] [1;32muart:~$ [m^[[1[12D[J[00:02:23.079,000] [0m<dbg> net_pkt.net_pkt_unref_debug: (rx_q[0]): RDATA (rx_bufs) [159] frag 0x3c17286c ref 0 frags 0 (processing_data():157)[0m
[07:41:36.403] [1;32muart:~$ [m^[[1[12D[J[00:02:23.079,000] [0m<dbg> net_pkt.net_pkt_frag_unref_debug: (rx_q[0]): RDATA (rx_bufs) [159] frag 0x3c17286c ref 0 (net_pkt_unref_debug():612)[0m
[07:41:36.420] [1;32muart:~$ [m^[[1[12D[J[00:02:23.080,000] [0m<dbg> net_pkt.net_pkt_print: (rx_q[0]): TX 16 RX 40 RDATA 160 TDATA 80[0m
[07:41:36.436] [1;32muart:~$ [m^[[1[12D[J[1;32muart:~$ [m^[[1[12D[J[1;32muart:~$ [m^[[1[12D[J[1;31m[1;31m--- 3 messages dropped ---
[07:41:38.143] [0m[m[00:02:24.278,000] [0m<dbg> net_pkt.net_pkt_write: (wifi): pkt 0x3c173cf0 data 0x3c26f2aa length 60[0m
[07:41:38.144] [1;32muart:~$ [m^[[1[12D[J[00:02:24.278,000] [0m<dbg> net_pkt.net_pkt_unref_debug: (rx_q[0]): RX [39] pkt 0x3c173cf0 ref 0 frags 0x3c17286c (processing_data():157)[0m
[07:41:38.161] [1;32muart:~$ [m^[[1[12D[J[00:02:24.278,000] [0m<dbg> net_pkt.net_pkt_unref_debug: (rx_q[0]): RDATA (rx_bufs) [159] frag 0x3c17286c ref 0 frags 0 (processing_data():157)[0m
[07:41:38.177] [1;32muart:~$ [m^[[1[12D[J[00:02:24.278,000] [0m<dbg> net_pkt.net_pkt_frag_unref_debug: (rx_q[0]): RDATA (rx_bufs) [159] frag 0x3c17286c ref 0 (net_pkt_unref_debug():612)[0m
[07:41:38.194] [1;32muart:~$ [m^[[1[12D[J[00:02:24.278,000] [0m<dbg> net_pkt.net_pkt_print: (rx_q[0]): TX 16 RX 40 RDATA 160 TDATA 80[0m
[07:41:38.210] [1;32muart:~$ [m^[[1[12D[J[00:02:25.097,000] [0m<dbg> net_pkt.pkt_alloc_with_buffer: (wifi): On iface 1 (0x3fc9ea10) size 60[0m
[07:41:38.226] [1;32muart:~$ [m^[[1[12D[J[00:02:25.097,000] [0m<dbg> net_pkt.net_pkt_alloc_buffer_with_reserve_debug: (wifi): Data allocation maximum size 60 (requested 60, reserve 0)[0m
[07:41:38.243] [1;32muart:~$ [m^[[1[12D[J[00:02:25.097,000] [0m<dbg> net_pkt.pkt_alloc_buffer: (wifi): RDATA (rx_bufs) [159] frag 0x3c17286c ref 1 (eth_esp32_rx():153)[0m
[07:41:38.259] [1;32muart:~$ [m^[[1[12D[J[00:02:25.097,000] [0m<dbg> net_pkt.net_pkt_write: (wifi): pkt 0x3c173cf0 data 0x3c26f2aa length 60[0m
[07:41:38.276] [1;32muart:~$ [m^[[1[12D[J[00:02:25.097,000] [0m<dbg> net_pkt.net_pkt_unref_debug: (rx_q[0]): RX [39] pkt 0x3c173cf0 ref 0 frags 0x3c17286c (processing_data():157)[0m
[07:41:38.292] [1;32muart:~$ [m^[[1[12D[J[00:02:25.097,000] [0m<dbg> net_pkt.net_pkt_unref_debug: (rx_q[0]): RDATA (rx_bufs) [159] frag 0x3c17286c ref 0 frags 0 (processing_data():157)[0m
[07:41:38.309] [1;32muart:~$ [m^[[1[12D[J[00:02:25.097,000] [0m<dbg> net_pkt.net_pkt_frag_unref_debug: (rx_q[0]): RDATA (rx_bufs) [159] frag 0x3c17286c ref 0 (net_pkt_unref_debug():612)[0m
[07:41:38.325] [1;32muart:~$ [m^[[1[12D[J[00:02:25.097,000] [0m<dbg> net_pkt.net_pkt_print: (rx_q[0]): TX 16 RX 40 RDATA 160 TDATA 80[0m
[07:41:38.342] [1;32muart:~$ [m^[[1[12D[J[1;32muart:~$ [m^[[1[12D[J[1;32muart:~$ [m^[[1[12D[J[1;31m[1;31m--- 66 messages dropped ---
[07:41:39.788] [0m[m[00:02:26.739,000] [0m<dbg> net_pkt.net_pkt_skip: (rx_q[0]): pkt 0x3c172ee0 skip 4[0m
[07:41:39.789] [1;32muart:~$ [m^[[1[12D[J[1;31m[1;31m--- 9 messages dropped ---
[07:41:39.805] [0m[m[00:02:26.739,000] [0m<dbg> net_pkt.net_pkt_get_reserve_data_debug: (rx_q[0]): TDATA (tx_bufs) [78] frag 0x3c15d4bc ref 1 (ethernet_fill_header():610)[0m
[07:41:39.806] [1;32muart:~$ [m^[[1[12D[J[00:02:26.739,000] [0m<dbg> net_pkt.net_pkt_frag_insert_debug: (rx_q[0]): pkt 0x3c172ee0 frag 0x3c15d4bc (ethernet_fill_header:669)[0m
[07:41:39.823] [1;32muart:~$ [m^[[1[12D[J[00:02:26.739,000] [0m<dbg> net_pkt.net_pkt_read: (rx_q[0]): pkt 0x3c172ee0 data 0x3fcc36ae length 86[0m
[07:41:39.839] [1;32muart:~$ [m^[[1[12D[J[00:02:26.739,000] [0m<dbg> net_pkt.net_pkt_unref_debug: (rx_q[0]): TX [15] pkt 0x3c172ee0 ref 0 frags 0x3c15d4bc (ethernet_send():800)[0m
[07:41:39.856] [1;32muart:~$ [m^[[1[12D[J[00:02:26.739,000] [0m<dbg> net_pkt.net_pkt_unref_debug: (rx_q[0]): TDATA (tx_bufs) [78] frag 0x3c15d4bc ref 0 frags 0x3c15d4a0 (ethernet_send():800)[0m
[07:41:39.873] [1;32muart:~$ [m^[[1[12D[J[00:02:26.739,000] [0m<dbg> net_pkt.net_pkt_unref_debug: (rx_q[0]): TDATA (tx_bufs) [78] frag 0x3c15d4a0 ref 0 frags 0 (ethernet_send():800)[0m
[07:41:39.889] [1;32muart:~$ [m^[[1[12D[J[00:02:26.742,000] [0m<dbg> net_pkt.net_pkt_write: (wifi): pkt 0x3c173cf0 data 0x3c26f2ac length 86[0m
[07:41:39.905] [1;32muart:~$ [m^[[1[12D[J[00:02:26.742,000] [0m<dbg> net_pkt.net_pkt_skip: (rx_q[0]): pkt 0x3c173cf0 skip 40[0m
[07:41:39.922] [1;32muart:~$ [m^[[1[12D[J[00:02:26.742,000] [0m<dbg> net_pkt.net_pkt_skip: (rx_q[0]): pkt 0x3c173cf0 skip 8[0m
[07:41:39.938] [1;32muart:~$ [m^[[1[12D[J[00:02:26.742,000] [0m<dbg> net_pkt.net_pkt_skip: (rx_q[0]): pkt 0x3c173cf0 skip 32[0m
[07:41:39.954] [1;32muart:~$ [m^[[1[12D[J[00:02:26.742,000] [0m<dbg> net_pkt.net_pkt_skip: (rx_q[0]): pkt 0x3c173cf0 skip 4[0m
[07:41:39.970] [1;32muart:~$ [m^[[1[12D[J[00:02:26.743,000] [0m<dbg> net_pkt.net_pkt_skip: (rx_q[0]): pkt 0x3c173cf0 skip 20[0m
[07:41:39.986] [1;32muart:~$ [m^[[1[12D[J[00:02:26.743,000] [0m<dbg> net_pkt.net_pkt_skip: (rx_q[0]): pkt 0x3c173cf0 skip 2[0m
[07:41:40.003] [1;32muart:~$ [m^[[1[12D[J[00:02:26.743,000] [0m<dbg> net_pkt.net_pkt_skip: (rx_q[0]): pkt 0x3c173cf0 skip 66[0m
[07:41:40.019] [1;32muart:~$ [m^[[1[12D[J[00:02:26.743,000] [0m<dbg> net_pkt.net_pkt_read: (rx_q[0]): pkt 0x3c173cf0 data 0x3c15163a length 6[0m
[07:41:40.035] [1;32muart:~$ [m^[[1[12D[J[00:02:26.743,000] [0m<dbg> net_pkt.net_pkt_unref_debug: (rx_q[0]): RX [39] pkt 0x3c173cf0 ref 0 frags 0x3c17286c (net_icmpv6_input():408)[0m
[07:41:40.052] [1;32muart:~$ [m^[[1[12D[J[00:02:26.743,000] [0m<dbg> net_pkt.net_pkt_unref_debug: (rx_q[0]): RDATA (rx_bufs) [159] frag 0x3c17286c ref 0 frags 0 (net_icmpv6_input():408)[0m
[07:41:40.068] [1;32muart:~$ [m^[[1[12D[J[00:02:26.743,000] [0m<dbg> net_pkt.net_pkt_frag_unref_debug: (rx_q[0]): RDATA (rx_bufs) [159] frag 0x3c17286c ref 0 (net_pkt_unref_debug():612)[0m
[07:41:40.085] [1;32muart:~$ [m^[[1[12D[J[00:02:26.743,000] [0m<dbg> net_pkt.net_pkt_print: (rx_q[0]): TX 16 RX 40 RDATA 160 TDATA 80[0m
[07:41:40.101] [1;32muart:~$ [m^[[1[12D[J[1;32muart:~$ [m^[[1[12D[J[1;32muart:~$ [m^[[1[12D[J[1;31m[1;31m--- 80 messages dropped ---
[07:41:41.114] [0m[m[00:02:28.066,000] [0m<dbg> net_pkt.net_pkt_get_reserve_data_debug: (llss_thread): TDATA (tx_bufs) [76] frag 0x3c15d4f4 ref 1 (ethernet_fill_header():610)[0m
[07:41:41.115] [1;32muart:~$ [m^[[1[12D[J[00:02:28.066,000] [0m<dbg> net_pkt.net_pkt_frag_insert_debug: (llss_thread): pkt 0x3c172f28 frag 0x3c15d4f4 (ethernet_fill_header:669)[0m
[07:41:41.132] [1;32muart:~$ [m^[[1[12D[J[00:02:28.066,000] [0m<dbg> net_pkt.net_pkt_read: (llss_thread): pkt 0x3c172f28 data 0x3fcc36ae length 236[0m
[07:41:41.149] [1;32muart:~$ [m^[[1[12D[J[1;31m[1;31m--- 9 messages dropped ---
[07:41:41.165] [0m[m[00:02:28.067,000] [0m<dbg> net_pkt.net_pkt_unref_debug: (llss_thread): TX [14] pkt 0x3c172f28 ref 1 frags 0x3c15d4f4 (ethernet_send():800)[0m
[07:41:41.166] [1;32muart:~$ [m^[[1[12D[J[00:02:28.068,000] [0m<dbg> net_pkt.net_pkt_unref_debug: (llss_thread): TX [14] pkt 0x3c172f28 ref 0 frags 0x3c15d4f4 (tcp_send():472)[0m
[07:41:41.183] [1;32muart:~$ [m^[[1[12D[J[00:02:28.068,000] [0m<dbg> net_pkt.net_pkt_unref_debug: (llss_thread): TDATA (tx_bufs) [76] frag 0x3c15d4f4 ref 0 frags 0x3c15d4d8 (tcp_send():472)[0m
[07:41:41.199] [1;32muart:~$ [m^[[1[12D[J[00:02:28.068,000] [0m<dbg> net_pkt.net_pkt_unref_debug: (llss_thread): TDATA (tx_bufs) [76] frag 0x3c15d4d8 ref 0 frags 0x3c15d4bc (tcp_send():472)[0m
[07:41:41.216] [1;32muart:~$ [m^[[1[12D[J[1;31m[1;31m--- 4 messages dropped ---
[07:41:41.232] [0m[m[00:02:28.068,000] [0m<dbg> net_pkt.net_pkt_unref_debug: (llss_thread): TDATA (tx_bufs) [76] frag 0x3c15d4bc ref 0 frags 0 (tcp_send():472)[0m
[07:41:41.234] [1;32muart:~$ [m^[[1[12D[J[00:02:28.076,000] [0m<dbg> net_pkt.net_pkt_skip: (rx_q[0]): pkt 0x3c173cf0 skip 8[0m
[07:41:41.250] [1;32muart:~$ [m^[[1[12D[J[00:02:28.076,000] [0m<dbg> net_pkt.net_pkt_skip: (rx_q[0]): pkt 0x3c173cf0 skip 32[0m
[07:41:41.266] [1;32muart:~$ [m^[[1[12D[J[00:02:28.076,000] [0m<dbg> net_pkt.net_pkt_write: (rx_q[0]): pkt 0x3c173cf0 data 0x3c16a796 length 20[0m
[07:41:41.282] [1;32muart:~$ [m^[[1[12D[J[00:02:28.076,000] [0m<dbg> net_pkt.net_pkt_skip: (rx_q[0]): pkt 0x3c173cf0 skip 20[0m
[07:41:41.298] [1;32muart:~$ [m^[[1[12D[J[00:02:28.076,000] [0m<dbg> net_pkt.net_pkt_skip: (rx_q[0]): pkt 0x3c173cf0 skip 40[0m
[07:41:41.314] [1;32muart:~$ [m^[[1[12D[J[00:02:28.077,000] [0m<dbg> net_pkt.net_pkt_unref_debug: (rx_q[0]): RX [39] pkt 0x3c173cf0 ref 0 frags 0x3c17286c (tcp_in():3635)[0m
[07:41:41.331] [1;32muart:~$ [m^[[1[12D[J[00:02:28.077,000] [0m<dbg> net_pkt.net_pkt_unref_debug: (rx_q[0]): RDATA (rx_bufs) [159] frag 0x3c17286c ref 0 frags 0 (tcp_in():3635)[0m
[07:41:41.347] [1;32muart:~$ [m^[[1[12D[J[00:02:28.077,000] [0m<dbg> net_pkt.net_pkt_frag_unref_debug: (rx_q[0]): RDATA (rx_bufs) [159] frag 0x3c17286c ref 0 (net_pkt_unref_debug():612)[0m
[07:41:41.364] [1;32muart:~$ [m^[[1[12D[J[00:02:28.077,000] [0m<dbg> net_pkt.net_pkt_print: (rx_q[0]): TX 16 RX 40 RDATA 160 TDATA 80[0m
[07:41:41.380] [1;32muart:~$ [m^[[1[12D[J[00:02:28.169,000] [0m<dbg> net_pkt.pkt_alloc_with_buffer: (wifi): On iface 1 (0x3fc9ea10) size 60[0m
[07:41:41.396] [1;32muart:~$ [m^[[1[12D[J[00:02:28.169,000] [0m<dbg> net_pkt.net_pkt_alloc_buffer_with_reserve_debug: (wifi): Data allocation maximum size 60 (requested 60, reserve 0)[0m
[07:41:41.414] [1;32muart:~$ [m^[[1[12D[J[00:02:28.170,000] [0m<dbg> net_pkt.pkt_alloc_buffer: (wifi): RDATA (rx_bufs) [159] frag 0x3c17286c ref 1 (eth_esp32_rx():153)[0m
[07:41:41.431] [1;32muart:~$ [m^[[1[12D[J[00:02:28.170,000] [0m<dbg> net_pkt.net_pkt_write: (wifi): pkt 0x3c173cf0 data 0x3c26f2aa length 60[0m
[07:41:41.447] [1;32muart:~$ [m^[[1[12D[J[00:02:28.170,000] [0m<dbg> net_pkt.net_pkt_unref_debug: (rx_q[0]): RX [39] pkt 0x3c173cf0 ref 0 frags 0x3c17286c (processing_data():157)[0m
[07:41:41.464] [1;32muart:~$ [m^[[1[12D[J[00:02:28.170,000] [0m<dbg> net_pkt.net_pkt_unref_debug: (rx_q[0]): RDATA (rx_bufs) [159] frag 0x3c17286c ref 0 frags 0 (processing_data():157)[0m
[07:41:41.481] [1;32muart:~$ [m^[[1[12D[J[00:02:28.170,000] [0m<dbg> net_pkt.net_pkt_frag_unref_debug: (rx_q[0]): RDATA (rx_bufs) [159] frag 0x3c17286c ref 0 (net_pkt_unref_debug():612)[0m
[07:41:41.497] [1;32muart:~$ [m^[[1[12D[J[00:02:28.170,000] [0m<dbg> net_pkt.net_pkt_print: (rx_q[0]): TX 16 RX 40 RDATA 160 TDATA 80[0m
[07:41:41.513] [1;32muart:~$ [m^[[1[12D[J[1;32muart:~$ [m^[[1[12D[J[1;32muart:~$ [m^[[1[12D[J[1;31m[1;31m--- 41 messages dropped ---
[07:41:42.862] [0m[m[00:02:29.812,000] [0m<dbg> net_pkt.net_pkt_unref_debug: (rx_q[0]): TX [15] pkt 0x3c172ee0 ref 1 frags 0x3c15d4bc (ethernet_send():800)[0m
[07:41:42.863] [1;32muart:~$ [m^[[1[12D[J[00:02:29.812,000] [0m<dbg> net_pkt.net_pkt_unref_debug: (rx_q[0]): TX [15] pkt 0x3c172ee0 ref 0 frags 0x3c15d4bc (tcp_send():472)[0m
[07:41:42.879] [1;32muart:~$ [m^[[1[12D[J[00:02:29.812,000] [0m<dbg> net_pkt.net_pkt_unref_debug: (rx_q[0]): TDATA (tx_bufs) [78] frag 0x3c15d4bc ref 0 frags 0x3c15d4a0 (tcp_send():472)[0m
[07:41:42.896] [1;32muart:~$ [m^[[1[12D[J[00:02:29.812,000] [0m<dbg> net_pkt.net_pkt_unref_debug: (rx_q[0]): TDATA (tx_bufs) [78] frag 0x3c15d4a0 ref 0 frags 0 (tcp_send():472)[0m
[07:41:42.913] [1;32muart:~$ [m^[[1[12D[J[00:02:29.812,000] [0m<dbg> net_pkt.net_pkt_frag_unref_debug: (rx_q[0]): TDATA (tx_bufs) [78] frag 0x3c15d4bc ref 0 (net_pkt_unref_debug():612)[0m
[07:41:42.930] [1;32muart:~$ [m^[[1[12D[J[00:02:29.812,000] [0m<dbg> net_pkt.net_pkt_frag_unref_debug: (rx_q[0]): TDATA (tx_bufs) [79] frag 0x3c15d4a0 ref 0 (net_pkt_unref_debug():612)[0m
[07:41:42.947] [1;32muart:~$ [m^[[1[12D[J[00:02:29.812,000] [0m<dbg> net_pkt.net_pkt_print: (rx_q[0]): TX 16 RX 39 RDATA 159 TDATA 80[0m
[07:41:42.963] [1;32muart:~$ [m^[[1[12D[J[00:02:29.814,000] [0m<dbg> net_pkt.net_pkt_read: (llss_thread): pkt 0x3c173cf0 data 0x3c246e00 length 5[0m
[07:41:42.979] [1;32muart:~$ [m^[[1[12D[J[00:02:29.814,000] [0m<dbg> net_pkt.net_pkt_read: (llss_thread): pkt 0x3c173cf0 data 0x3c246e05 length 233[0m
[07:41:42.996] [1;32muart:~$ [m^[[1[12D[J[00:02:29.814,000] [0m<dbg> net_pkt.net_pkt_unref_debug: (llss_thread): RX [39] pkt 0x3c173cf0 ref 0 frags 0x3c17286c (zsock_recv_stream_immediate():1423)[0m
[07:41:43.013] [1;32muart:~$ [m^[[1[12D[J[00:02:29.814,000] [0m<dbg> net_pkt.net_pkt_unref_debug: (llss_thread): RDATA (rx_bufs) [159] frag 0x3c17286c ref 0 frags 0 (zsock_recv_stream_immediate():1423)[0m
[07:41:43.030] [1;32muart:~$ [m^[[1[12D[J[00:02:29.814,000] [0m<dbg> net_pkt.net_pkt_frag_unref_debug: (llss_thread): RDATA (rx_bufs) [159] frag 0x3c17286c ref 0 (net_pkt_unref_debug():612)[0m
[07:41:43.047] [1;32muart:~$ [m^[[1[12D[J[1;32muart:~$ [m^[[1[12D[J[1;32muart:~$ [m^[[1[12D[JNETMEM up=150s pktRX=40/40 pktTX=16/16 bufRX=160/160/m102 bufTX=80/80/m4 int_free=0 int_min=0 psram_free=0 psram_min=0
[07:41:44.224] [1;32muart:~$ [m^[[1[12D[J[00:02:30.217,000] [0m<dbg> net_pkt.pkt_alloc_with_buffer: (wifi): On iface 1 (0x3fc9ea10) size 60[0m
[07:41:44.240] [1;32muart:~$ [m^[[1[12D[J[00:02:30.217,000] [0m<dbg> net_pkt.net_pkt_alloc_buffer_with_reserve_debug: (wifi): Data allocation maximum size 60 (requested 60, reserve 0)[0m
[07:41:44.257] [1;32muart:~$ [m^[[1[12D[J[00:02:30.217,000] [0m<dbg> net_pkt.pkt_alloc_buffer: (wifi): RDATA (rx_bufs) [159] frag 0x3c17286c ref 1 (eth_esp32_rx():153)[0m
[07:41:44.274] [1;32muart:~$ [m^[[1[12D[J[00:02:30.217,000] [0m<dbg> net_pkt.net_pkt_write: (wifi): pkt 0x3c173cf0 data 0x3c26f2aa length 60[0m
[07:41:44.291] [1;32muart:~$ [m^[[1[12D[J[00:02:30.217,000] [0m<dbg> net_pkt.net_pkt_unref_debug: (rx_q[0]): RX [39] pkt 0x3c173cf0 ref 0 frags 0x3c17286c (processing_data():157)[0m
[07:41:44.308] [1;32muart:~$ [m^[[1[12D[J[00:02:30.217,000] [0m<dbg> net_pkt.net_pkt_unref_debug: (rx_q[0]): RDATA (rx_bufs) [159] frag 0x3c17286c ref 0 frags 0 (processing_data():157)[0m
[07:41:44.324] [1;32muart:~$ [m^[[1[12D[J[00:02:30.217,000] [0m<dbg> net_pkt.net_pkt_frag_unref_debug: (rx_q[0]): RDATA (rx_bufs) [159] frag 0x3c17286c ref 0 (net_pkt_unref_debug():612)[0m
[07:41:44.341] [1;32muart:~$ [m^[[1[12D[J[00:02:30.217,000] [0m<dbg> net_pkt.net_pkt_print: (rx_q[0]): TX 16 RX 40 RDATA 160 TDATA 80[0m
[07:41:44.357] [1;32muart:~$ [m^[[1[12D[J[1;32muart:~$ [m^[[1[12D[J[1;32muart:~$ [m^[[1[12D[J[00:02:31.241,000] [0m<dbg> net_pkt.pkt_alloc_with_buffer: (wifi): On iface 1 (0x3fc9ea10) size 60[0m
[07:41:45.287] [1;32muart:~$ [m^[[1[12D[J[00:02:31.241,000] [0m<dbg> net_pkt.net_pkt_alloc_buffer_with_reserve_debug: (wifi): Data allocation maximum size 60 (requested 60, reserve 0)[0m
[07:41:45.304] [1;32muart:~$ [m^[[1[12D[J[00:02:31.241,000] [0m<dbg> net_pkt.pkt_alloc_buffer: (wifi): RDATA (rx_bufs) [159] frag 0x3c17286c ref 1 (eth_esp32_rx():153)[0m
[07:41:45.321] [1;32muart:~$ [m^[[1[12D[J[00:02:31.241,000] [0m<dbg> net_pkt.net_pkt_write: (wifi): pkt 0x3c173cf0 data 0x3c26f2aa length 60[0m
[07:41:45.337] [1;32muart:~$ [m^[[1[12D[J[00:02:31.241,000] [0m<dbg> net_pkt.net_pkt_unref_debug: (rx_q[0]): RX [39] pkt 0x3c173cf0 ref 0 frags 0x3c17286c (processing_data():157)[0m
[07:41:45.354] [1;32muart:~$ [m^[[1[12D[J[00:02:31.241,000] [0m<dbg> net_pkt.net_pkt_unref_debug: (rx_q[0]): RDATA (rx_bufs) [159] frag 0x3c17286c ref 0 frags 0 (processing_data():157)[0m
[07:41:45.370] [1;32muart:~$ [m^[[1[12D[J[00:02:31.241,000] [0m<dbg> net_pkt.net_pkt_frag_unref_debug: (rx_q[0]): RDATA (rx_bufs) [159] frag 0x3c17286c ref 0 (net_pkt_unref_debug():612)[0m
[07:41:45.387] [1;32muart:~$ [m^[[1[12D[J[00:02:31.241,000] [0m<dbg> net_pkt.net_pkt_print: (rx_q[0]): TX 16 RX 40 RDATA 160 TDATA 80[0m
[07:41:45.403] [1;32muart:~$ [m^[[1[12D[J[1;32muart:~$ [m^[[1[12D[J[1;32muart:~$ [m^[[1[12D[J[1;31m[1;31m--- 21 messages dropped ---
[07:41:46.109] [0m[m[00:02:33.059,000] [0m<dbg> net_pkt.net_pkt_write: (sysworkq): pkt 0x3c172ee0 data 0x3c1534a0 length 40[0m
[07:41:46.110] [1;32muart:~$ [m^[[1[12D[J[1;31m[1;31m--- 5 messages dropped ---
[07:41:46.127] [0m[m[00:02:33.059,000] [0m<dbg> net_pkt.net_pkt_skip: (sysworkq): pkt 0x3c172ee0 skip 40[0m
[07:41:46.127] [1;32muart:~$ [m^[[1[12D[J[00:02:33.059,000] [0m<dbg> net_pkt.net_pkt_skip: (sysworkq): pkt 0x3c172ee0 skip 8[0m
[07:41:46.144] [1;32muart:~$ [m^[[1[12D[J[00:02:33.060,000] [0m<dbg> net_pkt.net_pkt_skip: (sysworkq): pkt 0x3c172ee0 skip 32[0m
[07:41:46.160] [1;32muart:~$ [m^[[1[12D[J[00:02:33.060,000] [0m<dbg> net_pkt.net_pkt_write: (sysworkq): pkt 0x3c172ee0 data 0x3c1534c8 length 4[0m
[07:41:46.177] [1;32muart:~$ [m^[[1[12D[J[00:02:33.060,000] [0m<dbg> net_pkt.net_pkt_skip: (sysworkq): pkt 0x3c172ee0 skip 4[0m
[07:41:46.193] [1;32muart:~$ [m^[[1[12D[J[00:02:33.060,000] [0m<dbg> net_pkt.net_pkt_get_reserve_data_debug: (sysworkq): TDATA (tx_bufs) [78] frag 0x3c15d4bc ref 1 (ethernet_fill_header():610)[0m
[07:41:46.209] [1;32muart:~$ [m^[[1[12D[J[00:02:33.060,000] [0m<dbg> net_pkt.net_pkt_frag_insert_debug: (sysworkq): pkt 0x3c172ee0 frag 0x3c15d4bc (ethernet_fill_header:669)[0m
[07:41:46.226] [1;32muart:~$ [m^[[1[12D[J[00:02:33.060,000] [0m<dbg> net_pkt.net_pkt_frag_unref_debug: (sysworkq): TDATA (tx_bufs) [79] frag 0x3c15d4a0 ref 0 (net_pkt_unref_debug():612)[0m
[07:41:46.242] [1;32muart:~$ [m^[[1[12D[J[00:02:33.063,000] [0m<dbg> net_pkt.pkt_alloc_with_buffer: (wifi): On iface 1 (0x3fc9ea10) size 78[0m
[07:41:46.259] [1;32muart:~$ [m^[[1[12D[J[00:02:33.063,000] [0m<dbg> net_pkt.net_pkt_alloc_buffer_with_reserve_debug: (wifi): Data allocation maximum size 78 (requested 78, reserve 0)[0m
[07:41:46.275] [1;32muart:~$ [m^[[1[12D[J[00:02:33.064,000] [0m<dbg> net_pkt.pkt_alloc_buffer: (wifi): RDATA (rx_bufs) [159] frag 0x3c17286c ref 1 (eth_esp32_rx():153)[0m
[07:41:46.292] [1;32muart:~$ [m^[[1[12D[J[00:02:33.064,000] [0m<dbg> net_pkt.net_pkt_write: (wifi): pkt 0x3c173cf0 data 0x3c26f2ac length 78[0m
[07:41:46.308] [1;32muart:~$ [m^[[1[12D[J[00:02:33.064,000] [0m<dbg> net_pkt.net_pkt_skip: (rx_q[0]): pkt 0x3c173cf0 skip 40[0m
[07:41:46.324] [1;32muart:~$ [m^[[1[12D[J[00:02:33.064,000] [0m<dbg> net_pkt.net_pkt_skip: (rx_q[0]): pkt 0x3c173cf0 skip 8[0m
[07:41:46.341] [1;32muart:~$ [m^[[1[12D[J[00:02:33.064,000] [0m<dbg> net_pkt.net_pkt_skip: (rx_q[0]): pkt 0x3c173cf0 skip 32[0m
[07:41:46.357] [1;32muart:~$ [m^[[1[12D[J[00:02:33.064,000] [0m<dbg> net_pkt.net_pkt_skip: (rx_q[0]): pkt 0x3c173cf0 skip 4[0m
[07:41:46.373] [1;32muart:~$ [m^[[1[12D[J[00:02:33.064,000] [0m<dbg> net_pkt.net_pkt_unref_debug: (rx_q[0]): RX [39] pkt 0x3c173cf0 ref 0 frags 0x3c17286c (processing_data():157)[0m
[07:41:46.390] [1;32muart:~$ [m^[[1[12D[J[00:02:33.064,000] [0m<dbg> net_pkt.net_pkt_unref_debug: (rx_q[0]): RDATA (rx_bufs) [159] frag 0x3c17286c ref 0 frags 0 (processing_data():157)[0m
[07:41:46.406] [1;32muart:~$ [m^[[1[12D[J[00:02:33.064,000] [0m<dbg> net_pkt.net_pkt_frag_unref_debug: (rx_q[0]): RDATA (rx_bufs) [159] frag 0x3c17286c ref 0 (net_pkt_unref_debug():612)[0m
[07:41:46.423] [1;32muart:~$ [m^[[1[12D[J[00:02:33.064,000] [0m<dbg> net_pkt.net_pkt_print: (rx_q[0]): TX 16 RX 40 RDATA 160 TDATA 80[0m
[07:41:46.440] [1;32muart:~$ [m^[[1[12D[J[00:02:33.289,000] [0m<dbg> net_pkt.pkt_alloc_with_buffer: (wifi): On iface 1 (0x3fc9ea10) size 60[0m
[07:41:46.456] [1;32muart:~$ [m^[[1[12D[J[00:02:33.289,000] [0m<dbg> net_pkt.net_pkt_alloc_buffer_with_reserve_debug: (wifi): Data allocation maximum size 60 (requested 60, reserve 0)[0m
[07:41:46.473] [1;32muart:~$ [m^[[1[12D[J[00:02:33.289,000] [0m<dbg> net_pkt.pkt_alloc_buffer: (wifi): RDATA (rx_bufs) [159] frag 0x3c17286c ref 1 (eth_esp32_rx():153)[0m
[07:41:46.490] [1;32muart:~$ [m^[[1[12D[J[00:02:33.289,000] [0m<dbg> net_pkt.net_pkt_write: (wifi): pkt 0x3c173cf0 data 0x3c26f2aa length 60[0m
[07:41:46.506] [1;32muart:~$ [m^[[1[12D[J[00:02:33.289,000] [0m<dbg> net_pkt.net_pkt_unref_debug: (rx_q[0]): RX [39] pkt 0x3c173cf0 ref 0 frags 0x3c17286c (processing_data():157)[0m
[07:41:46.523] [1;32muart:~$ [m^[[1[12D[J[00:02:33.289,000] [0m<dbg> net_pkt.net_pkt_unref_debug: (rx_q[0]): RDATA (rx_bufs) [159] frag 0x3c17286c ref 0 frags 0 (processing_data():157)[0m
[07:41:46.540] [1;32muart:~$ [m^[[1[12D[J[00:02:33.289,000] [0m<dbg> net_pkt.net_pkt_frag_unref_debug: (rx_q[0]): RDATA (rx_bufs) [159] frag 0x3c17286c ref 0 (net_pkt_unref_debug():612)[0m
[07:41:46.557] [1;32muart:~$ [m^[[1[12D[J[00:02:33.289,000] [0m<dbg> net_pkt.net_pkt_print: (rx_q[0]): TX 16 RX 40 RDATA 160 TDATA 80[0m
[07:41:46.574] [1;32muart:~$ [m^[[1[12D[J[1;32muart:~$ [m^[[1[12D[J[1;32muart:~$ [m^[[1[12D[J[1;31m[1;31m--- 14 messages dropped ---
[07:41:47.111] [0m[m[00:02:34.061,000] [0m<dbg> net_pkt.net_pkt_skip: (sysworkq): pkt 0x3c172ee0 skip 40[0m
[07:41:47.112] [1;32muart:~$ [m^[[1[12D[J[1;31m[1;31m--- 4 messages dropped ---
[07:41:47.128] [0m[m[00:02:34.061,000] [0m<dbg> net_pkt.net_pkt_skip: (sysworkq): pkt 0x3c172ee0 skip 8[0m
[07:41:47.129] [1;32muart:~$ [m^[[1[12D[J[00:02:34.061,000] [0m<dbg> net_pkt.net_pkt_skip: (sysworkq): pkt 0x3c172ee0 skip 32[0m
[07:41:47.145] [1;32muart:~$ [m^[[1[12D[J[00:02:34.061,000] [0m<dbg> net_pkt.net_pkt_write: (sysworkq): pkt 0x3c172ee0 data 0x3c1534c8 length 4[0m
[07:41:47.162] [1;32muart:~$ [m^[[1[12D[J[00:02:34.061,000] [0m<dbg> net_pkt.net_pkt_skip: (sysworkq): pkt 0x3c172ee0 skip 4[0m
[07:41:47.178] [1;32muart:~$ [m^[[1[12D[J[00:02:34.061,000] [0m<dbg> net_pkt.net_pkt_get_reserve_data_debug: (sysworkq): TDATA (tx_bufs) [78] frag 0x3c15d4bc ref 1 (ethernet_fill_header():610)[0m
[07:41:47.195] [1;32muart:~$ [m^[[1[12D[J[00:02:34.061,000] [0m<dbg> net_pkt.net_pkt_frag_insert_debug: (sysworkq): pkt 0x3c172ee0 frag 0x3c15d4bc (ethernet_fill_header:669)[0m
[07:41:47.211] [1;32muart:~$ [m^[[1[12D[J[00:02:34.062,000] [0m<dbg> net_pkt.net_pkt_read: (sysworkq): pkt 0x3c172ee0 data 0x3fcc36ae length 86[0m
[07:41:47.228] [1;32muart:~$ [m^[[1[12D[J[00:02:34.062,000] [0m<dbg> net_pkt.net_pkt_frag_unref_debug: (sysworkq): TDATA (tx_bufs) [79] frag 0x3c15d4a0 ref 0 (net_pkt_unref_debug():612)[0m
[07:41:47.245] [1;32muart:~$ [m^[[1[12D[J[00:02:34.065,000] [0m<dbg> net_pkt.pkt_alloc_with_buffer: (wifi): On iface 1 (0x3fc9ea10) size 78[0m
[07:41:47.261] [1;32muart:~$ [m^[[1[12D[J[00:02:34.065,000] [0m<dbg> net_pkt.net_pkt_alloc_buffer_with_reserve_debug: (wifi): Data allocation maximum size 78 (requested 78, reserve 0)[0m
[07:41:47.277] [1;32muart:~$ [m^[[1[12D[J[00:02:34.065,000] [0m<dbg> net_pkt.pkt_alloc_buffer: (wifi): RDATA (rx_bufs) [159] frag 0x3c17286c ref 1 (eth_esp32_rx():153)[0m
[07:41:47.294] [1;32muart:~$ [m^[[1[12D[J[00:02:34.065,000] [0m<dbg> net_pkt.net_pkt_write: (wifi): pkt 0x3c173cf0 data 0x3c26f2ac length 78[0m
[07:41:47.310] [1;32muart:~$ [m^[[1[12D[J[00:02:34.065,000] [0m<dbg> net_pkt.net_pkt_skip: (rx_q[0]): pkt 0x3c173cf0 skip 40[0m
[07:41:47.327] [1;32muart:~$ [m^[[1[12D[J[00:02:34.065,000] [0m<dbg> net_pkt.net_pkt_skip: (rx_q[0]): pkt 0x3c173cf0 skip 8[0m
[07:41:47.343] [1;32muart:~$ [m^[[1[12D[J[00:02:34.065,000] [0m<dbg> net_pkt.net_pkt_skip: (rx_q[0]): pkt 0x3c173cf0 skip 32[0m
[07:41:47.360] [1;32muart:~$ [m^[[1[12D[J[00:02:34.065,000] [0m<dbg> net_pkt.net_pkt_skip: (rx_q[0]): pkt 0x3c173cf0 skip 4[0m
[07:41:47.376] [1;32muart:~$ [m^[[1[12D[J[00:02:34.066,000] [0m<dbg> net_pkt.net_pkt_unref_debug: (rx_q[0]): RX [39] pkt 0x3c173cf0 ref 0 frags 0x3c17286c (processing_data():157)[0m
[07:41:47.392] [1;32muart:~$ [m^[[1[12D[J[00:02:34.066,000] [0m<dbg> net_pkt.net_pkt_unref_debug: (rx_q[0]): RDATA (rx_bufs) [159] frag 0x3c17286c ref 0 frags 0 (processing_data():157)[0m
[07:41:47.409] [1;32muart:~$ [m^[[1[12D[J[00:02:34.066,000] [0m<dbg> net_pkt.net_pkt_frag_unref_debug: (rx_q[0]): RDATA (rx_bufs) [159] frag 0x3c17286c ref 0 (net_pkt_unref_debug():612)[0m
[07:41:47.426] [1;32muart:~$ [m^[[1[12D[J[00:02:34.066,000] [0m<dbg> net_pkt.net_pkt_print: (rx_q[0]): TX 16 RX 40 RDATA 160 TDATA 80[0m
[07:41:47.443] [1;32muart:~$ [m^[[1[12D[J[1;32muart:~$ [m^[[1[12D[J[1;32muart:~$ [m^[[1[12D[J[1;31m[1;31m--- 79 messages dropped ---
[07:41:47.873] [0m[m[00:02:34.826,000] [0m<dbg> net_pkt.net_pkt_ref_debug: (llss_thread): TX [14] pkt 0x3c172f28 ref 2 (tcp_send():424)[0m
[07:41:47.875] [1;32muart:~$ [m^[[1[12D[J[00:02:34.826,000] [0m<dbg> net_pkt.net_pkt_get_reserve_data_debug: (llss_thread): TDATA (tx_bufs) [76] frag 0x3c15d4f4 ref 1 (ethernet_fill_header():610)[0m
[07:41:47.892] [1;32muart:~$ [m^[[1[12D[J[1;31m[1;31m--- 10 messages dropped ---
[07:41:47.908] [0m[m[00:02:34.826,000] [0m<dbg> net_pkt.net_pkt_frag_insert_debug: (llss_thread): pkt 0x3c172f28 frag 0x3c15d4f4 (ethernet_fill_header:669)[0m
[07:41:47.909] [1;32muart:~$ [m^[[1[12D[J[00:02:34.826,000] [0m<dbg> net_pkt.net_pkt_read: (llss_thread): pkt 0x3c172f28 data 0x3fcc36ae length 236[0m
[07:41:47.926] [1;32muart:~$ [m^[[1[12D[J[00:02:34.827,000] [0m<dbg> net_pkt.net_pkt_unref_debug: (llss_thread): TX [14] pkt 0x3c172f28 ref 1 frags 0x3c15d4f4 (ethernet_send():800)[0m
[07:41:47.943] [1;32muart:~$ [m^[[1[12D[J[00:02:34.827,000] [0m<dbg> net_pkt.net_pkt_unref_debug: (llss_thread): TX [14] pkt 0x3c172f28 ref 0 frags 0x3c15d4f4 (tcp_send():472)[0m
[07:41:47.959] [1;32muart:~$ [m^[[1[12D[J[00:02:34.827,000] [0m<dbg> net_pkt.net_pkt_unref_debug: (llss_thread): TDATA (tx_bufs) [76] frag 0x3c15d4f4 ref 0 frags 0x3c15d4d8 (tcp_send():472)[0m
[07:41:47.976] [1;32muart:~$ [m^[[1[12D[J[00:02:34.827,000] [0m<dbg> net_pkt.net_pkt_unref_debug: (llss_thread): TDATA (tx_bufs) [76] frag 0x3c15d4d8 ref 0 frags 0x3c15d4bc (tcp_send():472)[0m
[07:41:47.993] [1;32muart:~$ [m^[[1[12D[J[00:02:34.834,000] [0m<dbg> net_pkt.net_pkt_skip: (rx_q[0]): pkt 0x3c173cf0 skip 8[0m
[07:41:48.010] [1;32muart:~$ [m^[[1[12D[J[00:02:34.834,000] [0m<dbg> net_pkt.net_pkt_skip: (rx_q[0]): pkt 0x3c173cf0 skip 32[0m
[07:41:48.026] [1;32muart:~$ [m^[[1[12D[J[00:02:34.834,000] [0m<dbg> net_pkt.net_pkt_write: (rx_q[0]): pkt 0x3c173cf0 data 0x3c16a796 length 20[0m
[07:41:48.042] [1;32muart:~$ [m^[[1[12D[J[00:02:34.834,000] [0m<dbg> net_pkt.net_pkt_skip: (rx_q[0]): pkt 0x3c173cf0 skip 20[0m
[07:41:48.058] [1;32muart:~$ [m^[[1[12D[J[00:02:34.834,000] [0m<dbg> net_pkt.net_pkt_skip: (rx_q[0]): pkt 0x3c173cf0 skip 40[0m
[07:41:48.074] [1;32muart:~$ [m^[[1[12D[J[00:02:34.834,000] [0m<dbg> net_pkt.net_pkt_skip: (rx_q[0]): pkt 0x3c173cf0 skip 40[0m
[07:41:48.090] [1;32muart:~$ [m^[[1[12D[J[00:02:34.834,000] [0m<dbg> net_pkt.net_pkt_skip: (rx_q[0]): pkt 0x3c173cf0 skip 40[0m
[07:41:48.106] [1;32muart:~$ [m^[[1[12D[J[00:02:34.834,000] [0m<dbg> net_pkt.net_pkt_skip: (rx_q[0]): pkt 0x3c173cf0 skip 40[0m
[07:41:48.123] [1;32muart:~$ [m^[[1[12D[J[1;31m[1;31m--- 26 messages dropped ---
[07:41:48.139] [0m[m[00:02:34.834,000] [0m<dbg> net_pkt.net_pkt_skip: (rx_q[0]): pkt 0x3c173cf0 skip 40[0m
[07:41:48.140] [1;32muart:~$ [m^[[1[12D[J[1;31m[1;31m--- 7 messages dropped ---
[07:41:48.155] [0m[m[00:02:34.834,000] [0m<dbg> net_pkt.net_pkt_unref_debug: (rx_q[0]): RX [39] pkt 0x3c173cf0 ref 0 frags 0x3c17286c (tcp_in():3635)[0m
[07:41:48.156] [1;32muart:~$ [m^[[1[12D[J[00:02:34.834,000] [0m<dbg> net_pkt.net_pkt_unref_debug: (rx_q[0]): RDATA (rx_bufs) [159] frag 0x3c17286c ref 0 frags 0 (tcp_in():3635)[0m
[07:41:48.173] [1;32muart:~$ [m^[[1[12D[J[00:02:34.835,000] [0m<dbg> net_pkt.net_pkt_frag_unref_debug: (rx_q[0]): RDATA (rx_bufs) [159] frag 0x3c17286c ref 0 (net_pkt_unref_debug():612)[0m
[07:41:48.190] [1;32muart:~$ [m^[[1[12D[J[00:02:34.835,000] [0m<dbg> net_pkt.net_pkt_print: (rx_q[0]): TX 16 RX 40 RDATA 160 TDATA 80[0m
[07:41:48.207] [1;32muart:~$ [m^[[1[12D[J[00:02:35.063,000] [0m<dbg> net_pkt.net_pkt_skip: (sysworkq): pkt 0x3c172ee0 skip 40[0m
[07:41:48.223] [1;32muart:~$ [m^[[1[12D[J[00:02:35.066,000] [0m<dbg> net_pkt.pkt_alloc_with_buffer: (wifi): On iface 1 (0x3fc9ea10) size 78[0m
[07:41:48.239] [1;32muart:~$ [m^[[1[12D[J[00:02:35.067,000] [0m<dbg> net_pkt.net_pkt_unref_debug: (rx_q[0]): RX [39] pkt 0x3c173cf0 ref 0 frags 0x3c17286c (processing_data():157)[0m
[07:41:48.256] [1;32muart:~$ [m^[[1[12D[J[00:02:35.067,000] [0m<dbg> net_pkt.net_pkt_unref_debug: (rx_q[0]): RDATA (rx_bufs) [159] frag 0x3c17286c ref 0 frags 0 (processing_data():157)[0m
[07:41:48.272] [1;32muart:~$ [m^[[1[12D[J[00:02:35.067,000] [0m<dbg> net_pkt.net_pkt_frag_unref_debug: (rx_q[0]): RDATA (rx_bufs) [159] frag 0x3c17286c ref 0 (net_pkt_unref_debug():612)[0m
[07:41:48.289] [1;32muart:~$ [m^[[1[12D[J[00:02:35.067,000] [0m<dbg> net_pkt.net_pkt_print: (rx_q[0]): TX 16 RX 40 RDATA 160 TDATA 80[0m
[07:41:48.306] [1;32muart:~$ [m^[[1[12D[J[00:02:35.085,000] [0m<dbg> net_pkt.pkt_alloc_with_buffer: (wifi): On iface 1 (0x3fc9ea10) size 60[0m
[07:41:48.322] [1;32muart:~$ [m^[[1[12D[J[00:02:35.085,000] [0m<dbg> net_pkt.net_pkt_alloc_buffer_with_reserve_debug: (wifi): Data allocation maximum size 60 (requested 60, reserve 0)[0m
[07:41:48.339] [1;32muart:~$ [m^[[1[12D[J[00:02:35.085,000] [0m<dbg> net_pkt.pkt_alloc_buffer: (wifi): RDATA (rx_bufs) [159] frag 0x3c17286c ref 1 (eth_esp32_rx():153)[0m
[07:41:48.356] [1;32muart:~$ [m^[[1[12D[J[00:02:35.085,000] [0m<dbg> net_pkt.net_pkt_write: (wifi): pkt 0x3c173cf0 data 0x3c26f2aa length 60[0m
[07:41:48.372] [1;32muart:~$ [m^[[1[12D[J[00:02:35.086,000] [0m<dbg> net_pkt.net_pkt_unref_debug: (rx_q[0]): RX [39] pkt 0x3c173cf0 ref 0 frags 0x3c17286c (processing_data():157)[0m
[07:41:48.389] [1;32muart:~$ [m^[[1[12D[J[00:02:35.086,000] [0m<dbg> net_pkt.net_pkt_unref_debug: (rx_q[0]): RDATA (rx_bufs) [159] frag 0x3c17286c ref 0 frags 0 (processing_data():157)[0m
[07:41:48.406] [1;32muart:~$ [m^[[1[12D[J[00:02:35.086,000] [0m<dbg> net_pkt.net_pkt_frag_unref_debug: (rx_q[0]): RDATA (rx_bufs) [159] frag 0x3c17286c ref 0 (net_pkt_unref_debug():612)[0m
[07:41:48.423] [1;32muart:~$ [m^[[1[12D[J[00:02:35.086,000] [0m<dbg> net_pkt.net_pkt_print: (rx_q[0]): TX 16 RX 40 RDATA 160 TDATA 80[0m
[07:41:48.440] [1;32muart:~$ [m^[[1[12D[J[1;32muart:~$ [m^[[1[12D[J[1;32muart:~$ [m^[[1[12D[J[1;31m[1;31m--- 60 messages dropped ---
[07:41:49.623] [0m[m[00:02:36.569,000] [0m<dbg> net_pkt.net_pkt_read: (rx_q[0]): pkt 0x3c172f28 data 0x3fcc36ae length 86[0m
[07:41:49.623] [1;32muart:~$ [m^[[1[12D[J[1;31m[1;31m--- 21 messages dropped ---
[07:41:49.639] [0m[m[00:02:36.569,000] [0m<dbg> net_pkt.net_pkt_unref_debug: (rx_q[0]): TX [14] pkt 0x3c172f28 ref 0 frags 0x3c15d4d8 (ethernet_send():800)[0m
[07:41:49.641] [1;32muart:~$ [m^[[1[12D[J[00:02:36.569,000] [0m<dbg> net_pkt.net_pkt_unref_debug: (rx_q[0]): TDATA (tx_bufs) [77] frag 0x3c15d4d8 ref 0 frags 0x3c15d4bc (ethernet_send():800)[0m
[07:41:49.657] [1;32muart:~$ [m^[[1[12D[J[00:02:36.569,000] [0m<dbg> net_pkt.net_pkt_unref_debug: (rx_q[0]): TDATA (tx_bufs) [77] frag 0x3c15d4bc ref 0 frags 0 (ethernet_send():800)[0m
[07:41:49.674] [1;32muart:~$ [m^[[1[12D[J[00:02:36.569,000] [0m<dbg> net_pkt.net_pkt_frag_unref_debug: (rx_q[0]): TDATA (tx_bufs) [77] frag 0x3c15d4d8 ref 0 (net_pkt_unref_debug():612)[0m
[07:41:49.691] [1;32muart:~$ [m^[[1[12D[J[00:02:36.569,000] [0m<dbg> net_pkt.net_pkt_frag_unref_debug: (rx_q[0]): TDATA (tx_bufs) [78] frag 0x3c15d4bc ref 0 (net_pkt_unref_debug():612)[0m
[07:41:49.708] [1;32muart:~$ [m^[[1[12D[J[00:02:36.575,000] [0m<dbg> net_pkt.net_pkt_frag_insert_debug: (rx_q[0]): pkt 0x3c172ee0 frag 0x3c15d4bc (ethernet_fill_header:669)[0m
[07:41:49.725] [1;32muart:~$ [m^[[1[12D[J[00:02:36.575,000] [0m<dbg> net_pkt.net_pkt_read: (rx_q[0]): pkt 0x3c172ee0 data 0x3fcc36ae length 74[0m
[07:41:49.741] [1;32muart:~$ [m^[[1[12D[J[00:02:36.576,000] [0m<dbg> net_pkt.net_pkt_unref_debug: (rx_q[0]): TX [15] pkt 0x3c172ee0 ref 1 frags 0x3c15d4bc (ethernet_send():800)[0m
[07:41:49.758] [1;32muart:~$ [m^[[1[12D[J[00:02:36.576,000] [0m<dbg> net_pkt.net_pkt_unref_debug: (rx_q[0]): TX [15] pkt 0x3c172ee0 ref 0 frags 0x3c15d4bc (handle_na_neighbor():1896)[0m
[07:41:49.774] [1;32muart:~$ [m^[[1[12D[J[00:02:36.576,000] [0m<dbg> net_pkt.net_pkt_unref_debug: (rx_q[0]): TDATA (tx_bufs) [78] frag 0x3c15d4bc ref 0 frags 0x3c15d4a0 (handle_na_neighbor():1896)[0m
[07:41:49.791] [1;32muart:~$ [m^[[1[12D[J[00:02:36.576,000] [0m<dbg> net_pkt.net_pkt_unref_debug: (rx_q[0]): TDATA (tx_bufs) [78] frag 0x3c15d4a0 ref 0 frags 0 (handle_na_neighbor():1896)[0m
[07:41:49.807] [1;32muart:~$ [m^[[1[12D[J[00:02:36.576,000] [0m<dbg> net_pkt.net_pkt_frag_unref_debug: (rx_q[0]): TDATA (tx_bufs) [79] frag 0x3c15d4a0 ref 0 (net_pkt_unref_debug():612)[0m
[07:41:49.824] [1;32muart:~$ [m^[[1[12D[J[00:02:36.576,000] [0m<dbg> net_pkt.net_pkt_unref_debug: (rx_q[0]): RX [39] pkt 0x3c173cf0 ref 0 frags 0x3c17286c (net_icmpv6_input():408)[0m
[07:41:49.841] [1;32muart:~$ [m^[[1[12D[J[00:02:36.576,000] [0m<dbg> net_pkt.net_pkt_unref_debug: (rx_q[0]): RDATA (rx_bufs) [159] frag 0x3c17286c ref 0 frags 0 (net_icmpv6_input():408)[0m
[07:41:49.858] [1;32muart:~$ [m^[[1[12D[J[00:02:36.576,000] [0m<dbg> net_pkt.net_pkt_frag_unref_debug: (rx_q[0]): RDATA (rx_bufs) [159] frag 0x3c17286c ref 0 (net_pkt_unref_debug():612)[0m
[07:41:49.874] [1;32muart:~$ [m^[[1[12D[J[00:02:36.576,000] [0m<dbg> net_pkt.net_pkt_print: (rx_q[0]): TX 16 RX 40 RDATA 160 TDATA 80[0m
[07:41:49.890] [1;32muart:~$ [m^[[1[12D[J[1;32muart:~$ [m^[[1[12D[J[1;32muart:~$ [m^[[1[12D[J[00:02:37.180,000] [0m<dbg> net_pkt.pkt_alloc_with_buffer: (wifi): On iface 1 (0x3fc9ea10) size 60[0m
[07:41:51.226] [1;32muart:~$ [m^[[1[12D[J[00:02:37.180,000] [0m<dbg> net_pkt.net_pkt_alloc_buffer_with_reserve_debug: (wifi): Data allocation maximum size 60 (requested 60, reserve 0)[0m
[07:41:51.243] [1;32muart:~$ [m^[[1[12D[J[00:02:37.180,000] [0m<dbg> net_pkt.pkt_alloc_buffer: (wifi): RDATA (rx_bufs) [159] frag 0x3c17286c ref 1 (eth_esp32_rx():153)[0m
[07:41:51.260] [1;32muart:~$ [m^[[1[12D[J[00:02:37.180,000] [0m<dbg> net_pkt.net_pkt_write: (wifi): pkt 0x3c173cf0 data 0x3c26f2aa length 60[0m
[07:41:51.276] [1;32muart:~$ [m^[[1[12D[J[00:02:37.180,000] [0m<dbg> net_pkt.net_pkt_unref_debug: (rx_q[0]): RX [39] pkt 0x3c173cf0 ref 0 frags 0x3c17286c (processing_data():157)[0m
[07:41:51.293] [1;32muart:~$ [m^[[1[12D[J[00:02:37.180,000] [0m<dbg> net_pkt.net_pkt_unref_debug: (rx_q[0]): RDATA (rx_bufs) [159] frag 0x3c17286c ref 0 frags 0 (processing_data():157)[0m
[07:41:51.309] [1;32muart:~$ [m^[[1[12D[J[00:02:37.180,000] [0m<dbg> net_pkt.net_pkt_frag_unref_debug: (rx_q[0]): RDATA (rx_bufs) [159] frag 0x3c17286c ref 0 (net_pkt_unref_debug():612)[0m
[07:41:51.326] [1;32muart:~$ [m^[[1[12D[J[00:02:37.180,000] [0m<dbg> net_pkt.net_pkt_print: (rx_q[0]): TX 16 RX 40 RDATA 160 TDATA 80[0m
[07:41:51.342] [1;32muart:~$ [m^[[1[12D[J[1;32muart:~$ [m^[[1[12D[J[1;32muart:~$ [m^[[1[12D[J[00:02:38.204,000] [0m<dbg> net_pkt.pkt_alloc_with_buffer: (wifi): On iface 1 (0x3fc9ea10) size 60[0m
[07:41:52.250] [1;32muart:~$ [m^[[1[12D[J[00:02:38.204,000] [0m<dbg> net_pkt.net_pkt_alloc_buffer_with_reserve_debug: (wifi): Data allocation maximum size 60 (requested 60, reserve 0)[0m
[07:41:52.267] [1;32muart:~$ [m^[[1[12D[J[00:02:38.204,000] [0m<dbg> net_pkt.pkt_alloc_buffer: (wifi): RDATA (rx_bufs) [159] frag 0x3c17286c ref 1 (eth_esp32_rx():153)[0m
[07:41:52.284] [1;32muart:~$ [m^[[1[12D[J[00:02:38.204,000] [0m<dbg> net_pkt.net_pkt_write: (wifi): pkt 0x3c173cf0 data 0x3c26f2aa length 60[0m
[07:41:52.300] [1;32muart:~$ [m^[[1[12D[J[00:02:38.204,000] [0m<dbg> net_pkt.net_pkt_unref_debug: (rx_q[0]): RX [39] pkt 0x3c173cf0 ref 0 frags 0x3c17286c (processing_data():157)[0m
[07:41:52.317] [1;32muart:~$ [m^[[1[12D[J[00:02:38.204,000] [0m<dbg> net_pkt.net_pkt_unref_debug: (rx_q[0]): RDATA (rx_bufs) [159] frag 0x3c17286c ref 0 frags 0 (processing_data():157)[0m
[07:41:52.334] [1;32muart:~$ [m^[[1[12D[J[00:02:38.204,000] [0m<dbg> net_pkt.net_pkt_frag_unref_debug: (rx_q[0]): RDATA (rx_bufs) [159] frag 0x3c17286c ref 0 (net_pkt_unref_debug():612)[0m
[07:41:52.350] [1;32muart:~$ [m^[[1[12D[J[00:02:38.205,000] [0m<dbg> net_pkt.net_pkt_print: (rx_q[0]): TX 16 RX 40 RDATA 160 TDATA 80[0m
[07:41:52.366] [1;32muart:~$ [m^[[1[12D[J[1;32muart:~$ [m^[[1[12D[J[1;32muart:~$ [m^[[1[12D[J[00:02:39.228,000] [0m<dbg> net_pkt.pkt_alloc_with_buffer: (wifi): On iface 1 (0x3fc9ea10) size 60[0m
[07:41:53.274] [1;32muart:~$ [m^[[1[12D[J[00:02:39.228,000] [0m<dbg> net_pkt.net_pkt_alloc_buffer_with_reserve_debug: (wifi): Data allocation maximum size 60 (requested 60, reserve 0)[0m
[07:41:53.291] [1;32muart:~$ [m^[[1[12D[J[00:02:39.228,000] [0m<dbg> net_pkt.pkt_alloc_buffer: (wifi): RDATA (rx_bufs) [159] frag 0x3c17286c ref 1 (eth_esp32_rx():153)[0m
[07:41:53.308] [1;32muart:~$ [m^[[1[12D[J[00:02:39.228,000] [0m<dbg> net_pkt.net_pkt_write: (wifi): pkt 0x3c173cf0 data 0x3c26f2aa length 60[0m
[07:41:53.324] [1;32muart:~$ [m^[[1[12D[J[00:02:39.228,000] [0m<dbg> net_pkt.net_pkt_unref_debug: (rx_q[0]): RX [39] pkt 0x3c173cf0 ref 0 frags 0x3c17286c (processing_data():157)[0m
[07:41:53.341] [1;32muart:~$ [m^[[1[12D[J[00:02:39.228,000] [0m<dbg> net_pkt.net_pkt_unref_debug: (rx_q[0]): RDATA (rx_bufs) [159] frag 0x3c17286c ref 0 frags 0 (processing_data():157)[0m
[07:41:53.357] [1;32muart:~$ [m^[[1[12D[J[00:02:39.228,000] [0m<dbg> net_pkt.net_pkt_frag_unref_debug: (rx_q[0]): RDATA (rx_bufs) [159] frag 0x3c17286c ref 0 (net_pkt_unref_debug():612)[0m
[07:41:53.374] [1;32muart:~$ [m^[[1[12D[J[00:02:39.229,000] [0m<dbg> net_pkt.net_pkt_print: (rx_q[0]): TX 16 RX 40 RDATA 160 TDATA 80[0m
[07:41:53.390] [1;32muart:~$ [m^[[1[12D[J[1;32muart:~$ [m^[[1[12D[J[1;32muart:~$ [m^[[1[12D[J[1;31m[1;31m--- 2 messages dropped ---
[07:41:54.118] [0m[m[00:02:40.252,000] [0m<dbg> net_pkt.pkt_alloc_buffer: (wifi): RDATA (rx_bufs) [159] frag 0x3c17286c ref 1 (eth_esp32_rx():153)[0m
[07:41:54.119] [1;32muart:~$ [m^[[1[12D[J[00:02:40.252,000] [0m<dbg> net_pkt.net_pkt_write: (wifi): pkt 0x3c173cf0 data 0x3c26f2aa length 60[0m
[07:41:54.135] [1;32muart:~$ [m^[[1[12D[J[00:02:40.252,000] [0m<dbg> net_pkt.net_pkt_unref_debug: (rx_q[0]): RX [39] pkt 0x3c173cf0 ref 0 frags 0x3c17286c (processing_data():157)[0m
[07:41:54.152] [1;32muart:~$ [m^[[1[12D[J[00:02:40.252,000] [0m<dbg> net_pkt.net_pkt_unref_debug: (rx_q[0]): RDATA (rx_bufs) [159] frag 0x3c17286c ref 0 frags 0 (processing_data():157)[0m
[07:41:54.168] [1;32muart:~$ [m^[[1[12D[J[00:02:40.252,000] [0m<dbg> net_pkt.net_pkt_frag_unref_debug: (rx_q[0]): RDATA (rx_bufs) [159] frag 0x3c17286c ref 0 (net_pkt_unref_debug():612)[0m
[07:41:54.185] [1;32muart:~$ [m^[[1[12D[J[00:02:40.253,000] [0m<dbg> net_pkt.net_pkt_print: (rx_q[0]): TX 16 RX 40 RDATA 160 TDATA 80[0m
[07:41:54.201] [1;32muart:~$ [m^[[1[12D[J[00:02:41.071,000] [0m<dbg> net_pkt.pkt_alloc_with_buffer: (wifi): On iface 1 (0x3fc9ea10) size 60[0m
[07:41:54.217] [1;32muart:~$ [m^[[1[12D[J[00:02:41.071,000] [0m<dbg> net_pkt.net_pkt_alloc_buffer_with_reserve_debug: (wifi): Data allocation maximum size 60 (requested 60, reserve 0)[0m
[07:41:54.234] [1;32muart:~$ [m^[[1[12D[J[00:02:41.071,000] [0m<dbg> net_pkt.pkt_alloc_buffer: (wifi): RDATA (rx_bufs) [159] frag 0x3c17286c ref 1 (eth_esp32_rx():153)[0m
[07:41:54.250] [1;32muart:~$ [m^[[1[12D[J[00:02:41.071,000] [0m<dbg> net_pkt.net_pkt_write: (wifi): pkt 0x3c173cf0 data 0x3c26f2aa length 60[0m
[07:41:54.267] [1;32muart:~$ [m^[[1[12D[J[00:02:41.072,000] [0m<dbg> net_pkt.net_pkt_unref_debug: (rx_q[0]): RX [39] pkt 0x3c173cf0 ref 0 frags 0x3c17286c (processing_data():157)[0m
[07:41:54.283] [1;32muart:~$ [m^[[1[12D[J[00:02:41.072,000] [0m<dbg> net_pkt.net_pkt_unref_debug: (rx_q[0]): RDATA (rx_bufs) [159] frag 0x3c17286c ref 0 frags 0 (processing_data():157)[0m
[07:41:54.300] [1;32muart:~$ [m^[[1[12D[J[00:02:41.072,000] [0m<dbg> net_pkt.net_pkt_frag_unref_debug: (rx_q[0]): RDATA (rx_bufs) [159] frag 0x3c17286c ref 0 (net_pkt_unref_debug():612)[0m
[07:41:54.318] [1;32muart:~$ [m^[[1[12D[J[00:02:41.072,000] [0m<dbg> net_pkt.net_pkt_print: (rx_q[0]): TX 16 RX 40 RDATA 160 TDATA 80[0m
[07:41:54.335] [1;32muart:~$ [m^[[1[12D[J[1;32muart:~$ [m^[[1[12D[J[1;32muart:~$ [m^[[1[12D[J[1;31m[1;31m--- 87 messages dropped ---
[07:41:54.633] [0m[m[00:02:41.586,000] [0m<dbg> net_pkt.net_pkt_write: (wifi): pkt 0x3c173cf0 data 0x3c26f2ac length 74[0m
[07:41:54.634] [1;32muart:~$ [m^[[1[12D[J[00:02:41.586,000] [0m<dbg> net_pkt.net_pkt_skip: (rx_q[0]): pkt 0x3c173cf0 skip 40[0m
[07:41:54.650] [1;32muart:~$ [m^[[1[12D[J[00:02:41.586,000] [0m<dbg> net_pkt.net_pkt_skip: (rx_q[0]): pkt 0x3c173cf0 skip 8[0m
[07:41:54.666] [1;32muart:~$ [m^[[1[12D[J[00:02:41.586,000] [0m<dbg> net_pkt.net_pkt_skip: (rx_q[0]): pkt 0x3c173cf0 skip 32[0m
[07:41:54.683] [1;32muart:~$ [m^[[1[12D[J[00:02:41.586,000] [0m<dbg> net_pkt.net_pkt_write: (rx_q[0]): pkt 0x3c173cf0 data 0x3c16a796 length 20[0m
[07:41:54.699] [1;32muart:~$ [m^[[1[12D[J[00:02:41.586,000] [0m<dbg> net_pkt.net_pkt_skip: (rx_q[0]): pkt 0x3c173cf0 skip 20[0m
[07:41:54.716] [1;32muart:~$ [m^[[1[12D[J[00:02:41.586,000] [0m<dbg> net_pkt.net_pkt_skip: (rx_q[0]): pkt 0x3c173cf0 skip 40[0m
[07:41:54.732] [1;32muart:~$ [m^[[1[12D[J[00:02:41.586,000] [0m<dbg> net_pkt.net_pkt_skip: (rx_q[0]): pkt 0x3c173cf0 skip 40[0m
[07:41:54.749] [1;32muart:~$ [m^[[1[12D[J[00:02:41.586,000] [0m<dbg> net_pkt.net_pkt_skip: (rx_q[0]): pkt 0x3c173cf0 skip 40[0m
[07:41:54.765] [1;32muart:~$ [m^[[1[12D[J[00:02:41.586,000] [0m<dbg> net_pkt.net_pkt_skip: (rx_q[0]): pkt 0x3c173cf0 skip 40[0m
[07:41:54.781] [1;32muart:~$ [m^[[1[12D[J[00:02:41.587,000] [0m<dbg> net_pkt.net_pkt_skip: (rx_q[0]): pkt 0x3c173cf0 skip 40[0m
[07:41:54.797] [1;32muart:~$ [m^[[1[12D[J[00:02:41.587,000] [0m<dbg> net_pkt.net_pkt_unref_debug: (rx_q[0]): RX [39] pkt 0x3c173cf0 ref 0 frags 0x3c17286c (tcp_in():3635)[0m
[07:41:54.813] [1;32muart:~$ [m^[[1[12D[J[00:02:41.587,000] [0m<dbg> net_pkt.net_pkt_unref_debug: (rx_q[0]): RDATA (rx_bufs) [159] frag 0x3c17286c ref 0 frags 0 (tcp_in():3635)[0m
[07:41:54.829] [1;32muart:~$ [m^[[1[12D[J[00:02:41.587,000] [0m<dbg> net_pkt.net_pkt_frag_unref_debug: (rx_q[0]): RDATA (rx_bufs) [159] frag 0x3c17286c ref 0 (net_pkt_unref_debug():612)[0m
[07:41:54.846] [1;32muart:~$ [m^[[1[12D[J[00:02:41.587,000] [0m<dbg> net_pkt.net_pkt_print: (rx_q[0]): TX 16 RX 40 RDATA 160 TDATA 80[0m
[07:41:54.862] [1;32muart:~$ [m^[[1[12D[J[1;32muart:~$ [m^[[1[12D[J[1;32muart:~$ [m^[[1[12D[J[1;31m[1;31m--- 3 messages dropped ---
[07:41:56.165] [0m[m[00:02:42.300,000] [0m<dbg> net_pkt.net_pkt_write: (wifi): pkt 0x3c173cf0 data 0x3c26f2aa length 60[0m
[07:41:56.166] [1;32muart:~$ [m^[[1[12D[J[00:02:42.300,000] [0m<dbg> net_pkt.net_pkt_unref_debug: (rx_q[0]): RX [39] pkt 0x3c173cf0 ref 0 frags 0x3c17286c (processing_data():157)[0m
[07:41:56.183] [1;32muart:~$ [m^[[1[12D[J[00:02:42.300,000] [0m<dbg> net_pkt.net_pkt_unref_debug: (rx_q[0]): RDATA (rx_bufs) [159] frag 0x3c17286c ref 0 frags 0 (processing_data():157)[0m
[07:41:56.200] [1;32muart:~$ [m^[[1[12D[J[00:02:42.300,000] [0m<dbg> net_pkt.net_pkt_frag_unref_debug: (rx_q[0]): RDATA (rx_bufs) [159] frag 0x3c17286c ref 0 (net_pkt_unref_debug():612)[0m
[07:41:56.217] [1;32muart:~$ [m^[[1[12D[J[00:02:42.300,000] [0m<dbg> net_pkt.net_pkt_print: (rx_q[0]): TX 16 RX 40 RDATA 160 TDATA 80[0m
[07:41:56.234] [1;32muart:~$ [m^[[1[12D[J[00:02:43.119,000] [0m<dbg> net_pkt.pkt_alloc_with_buffer: (wifi): On iface 1 (0x3fc9ea10) size 60[0m
[07:41:56.250] [1;32muart:~$ [m^[[1[12D[J[00:02:43.119,000] [0m<dbg> net_pkt.net_pkt_alloc_buffer_with_reserve_debug: (wifi): Data allocation maximum size 60 (requested 60, reserve 0)[0m
[07:41:56.267] [1;32muart:~$ [m^[[1[12D[J[00:02:43.119,000] [0m<dbg> net_pkt.pkt_alloc_buffer: (wifi): RDATA (rx_bufs) [159] frag 0x3c17286c ref 1 (eth_esp32_rx():153)[0m
[07:41:56.284] [1;32muart:~$ [m^[[1[12D[J[00:02:43.119,000] [0m<dbg> net_pkt.net_pkt_write: (wifi): pkt 0x3c173cf0 data 0x3c26f2aa length 60[0m
[07:41:56.300] [1;32muart:~$ [m^[[1[12D[J[00:02:43.120,000] [0m<dbg> net_pkt.net_pkt_unref_debug: (rx_q[0]): RX [39] pkt 0x3c173cf0 ref 0 frags 0x3c17286c (processing_data():157)[0m
[07:41:56.317] [1;32muart:~$ [m^[[1[12D[J[00:02:43.120,000] [0m<dbg> net_pkt.net_pkt_unref_debug: (rx_q[0]): RDATA (rx_bufs) [159] frag 0x3c17286c ref 0 frags 0 (processing_data():157)[0m
[07:41:56.334] [1;32muart:~$ [m^[[1[12D[J[00:02:43.120,000] [0m<dbg> net_pkt.net_pkt_frag_unref_debug: (rx_q[0]): RDATA (rx_bufs) [159] frag 0x3c17286c ref 0 (net_pkt_unref_debug():612)[0m
[07:41:56.350] [1;32muart:~$ [m^[[1[12D[J[00:02:43.120,000] [0m<dbg> net_pkt.net_pkt_print: (rx_q[0]): TX 16 RX 40 RDATA 160 TDATA 80[0m
[07:41:56.367] [1;32muart:~$ [m^[[1[12D[J[1;31m[1;31m--- 32 messages dropped ---
[07:41:56.383] [0m[m[00:02:43.327,000] [0m<dbg> net_pkt.net_pkt_read: (rx_q[0]): pkt 0x3c172ee0 data 0x3fcc36ae length 74[0m
[07:41:56.384] [1;32muart:~$ [m^[[1[12D[J[00:02:43.327,000] [0m<dbg> net_pkt.net_pkt_unref_debug: (rx_q[0]): TX [15] pkt 0x3c172ee0 ref 1 frags 0x3c15d4bc (ethernet_send():800)[0m
[07:41:56.400] [1;32muart:~$ [m^[[1[12D[J[00:02:43.327,000] [0m<dbg> net_pkt.net_pkt_unref_debug: (rx_q[0]): TX [15] pkt 0x3c172ee0 ref 0 frags 0x3c15d4bc (tcp_send():472)[0m
[07:41:56.417] [1;32muart:~$ [m^[[1[12D[J[00:02:43.327,000] [0m<dbg> net_pkt.net_pkt_unref_debug: (rx_q[0]): TDATA (tx_bufs) [78] frag 0x3c15d4bc ref 0 frags 0x3c15d4a0 (tcp_send():472)[0m
[07:41:56.433] [1;32muart:~$ [m^[[1[12D[J[00:02:43.327,000] [0m<dbg> net_pkt.net_pkt_unref_debug: (rx_q[0]): TDATA (tx_bufs) [78] frag 0x3c15d4a0 ref 0 frags 0 (tcp_send():472)[0m
[07:41:56.450] [1;32muart:~$ [m^[[1[12D[J[00:02:43.327,000] [0m<dbg> net_pkt.net_pkt_frag_unref_debug: (rx_q[0]): TDATA (tx_bufs) [78] frag 0x3c15d4bc ref 0 (net_pkt_unref_debug():612)[0m
[07:41:56.467] [1;32muart:~$ [m^[[1[12D[J[00:02:43.327,000] [0m<dbg> net_pkt.net_pkt_frag_unref_debug: (rx_q[0]): TDATA (tx_bufs) [79] frag 0x3c15d4a0 ref 0 (net_pkt_unref_debug():612)[0m
[07:41:56.483] [1;32muart:~$ [m^[[1[12D[J[00:02:43.327,000] [0m<dbg> net_pkt.net_pkt_print: (rx_q[0]): TX 16 RX 39 RDATA 159 TDATA 80[0m
[07:41:56.499] [1;32muart:~$ [m^[[1[12D[J[00:02:43.329,000] [0m<dbg> net_pkt.net_pkt_read: (llss_thread): pkt 0x3c173cf0 data 0x3c246e00 length 5[0m
[07:41:56.516] [1;32muart:~$ [m^[[1[12D[J[00:02:43.329,000] [0m<dbg> net_pkt.net_pkt_read: (llss_thread): pkt 0x3c173cf0 data 0x3c246e05 length 233[0m
[07:41:56.532] [1;32muart:~$ [m^[[1[12D[J[00:02:43.329,000] [0m<dbg> net_pkt.net_pkt_unref_debug: (llss_thread): RX [39] pkt 0x3c173cf0 ref 0 frags 0x3c17286c (zsock_recv_stream_immediate():1423)[0m
[07:41:56.549] [1;32muart:~$ [m^[[1[12D[J[00:02:43.329,000] [0m<dbg> net_pkt.net_pkt_unref_debug: (llss_thread): RDATA (rx_bufs) [159] frag 0x3c17286c ref 0 frags 0 (zsock_recv_stream_immediate():1423)[0m
[07:41:56.566] [1;32muart:~$ [m^[[1[12D[J[00:02:43.329,000] [0m<dbg> net_pkt.net_pkt_frag_unref_debug: (llss_thread): RDATA (rx_bufs) [159] frag 0x3c17286c ref 0 (net_pkt_unref_debug():612)[0m
[07:41:56.583] [1;32muart:~$ [m^[[1[12D[J[1;32muart:~$ [m^[[1[12D[J[1;32muart:~$ [m^[[1[12D[J[1;31m[1;31m--- 3 messages dropped ---
[07:41:58.214] [0m[m[00:02:44.348,000] [0m<dbg> net_pkt.net_pkt_write: (wifi): pkt 0x3c173cf0 data 0x3c26f2aa length 60[0m
[07:41:58.215] [1;32muart:~$ [m^[[1[12D[J[00:02:44.348,000] [0m<dbg> net_pkt.net_pkt_unref_debug: (rx_q[0]): RX [39] pkt 0x3c173cf0 ref 0 frags 0x3c17286c (processing_data():157)[0m
[07:41:58.231] [1;32muart:~$ [m^[[1[12D[J[00:02:44.348,000] [0m<dbg> net_pkt.net_pkt_unref_debug: (rx_q[0]): RDATA (rx_bufs) [159] frag 0x3c17286c ref 0 frags 0 (processing_data():157)[0m
[07:41:58.248] [1;32muart:~$ [m^[[1[12D[J[00:02:44.348,000] [0m<dbg> net_pkt.net_pkt_frag_unref_debug: (rx_q[0]): RDATA (rx_bufs) [159] frag 0x3c17286c ref 0 (net_pkt_unref_debug():612)[0m
[07:41:58.264] [1;32muart:~$ [m^[[1[12D[J[00:02:44.348,000] [0m<dbg> net_pkt.net_pkt_print: (rx_q[0]): TX 16 RX 40 RDATA 160 TDATA 80[0m
[07:41:58.281] [1;32muart:~$ [m^[[1[12D[J[00:02:45.167,000] [0m<dbg> net_pkt.pkt_alloc_with_buffer: (wifi): On iface 1 (0x3fc9ea10) size 60[0m
[07:41:58.297] [1;32muart:~$ [m^[[1[12D[J[00:02:45.167,000] [0m<dbg> net_pkt.net_pkt_alloc_buffer_with_reserve_debug: (wifi): Data allocation maximum size 60 (requested 60, reserve 0)[0m
[07:41:58.313] [1;32muart:~$ [m^[[1[12D[J[00:02:45.167,000] [0m<dbg> net_pkt.pkt_alloc_buffer: (wifi): RDATA (rx_bufs) [159] frag 0x3c17286c ref 1 (eth_esp32_rx():153)[0m
[07:41:58.330] [1;32muart:~$ [m^[[1[12D[J[00:02:45.167,000] [0m<dbg> net_pkt.net_pkt_write: (wifi): pkt 0x3c173cf0 data 0x3c26f2aa length 60[0m
[07:41:58.346] [1;32muart:~$ [m^[[1[12D[J[00:02:45.168,000] [0m<dbg> net_pkt.net_pkt_unref_debug: (rx_q[0]): RX [39] pkt 0x3c173cf0 ref 0 frags 0x3c17286c (processing_data():157)[0m
[07:41:58.363] [1;32muart:~$ [m^[[1[12D[J[00:02:45.168,000] [0m<dbg> net_pkt.net_pkt_unref_debug: (rx_q[0]): RDATA (rx_bufs) [159] frag 0x3c17286c ref 0 frags 0 (processing_data():157)[0m
[07:41:58.379] [1;32muart:~$ [m^[[1[12D[J[00:02:45.168,000] [0m<dbg> net_pkt.net_pkt_frag_unref_debug: (rx_q[0]): RDATA (rx_bufs) [159] frag 0x3c17286c ref 0 (net_pkt_unref_debug():612)[0m
[07:41:58.396] [1;32muart:~$ [m^[[1[12D[J[00:02:45.168,000] [0m<dbg> net_pkt.net_pkt_print: (rx_q[0]): TX 16 RX 40 RDATA 160 TDATA 80[0m
[07:41:58.413] [1;32muart:~$ [m^[[1[12D[J[1;32muart:~$ [m^[[1[12D[J[1;32muart:~$ [m^[[1[12D[J[00:02:46.192,000] [0m<dbg> net_pkt.pkt_alloc_with_buffer: (wifi): On iface 1 (0x3fc9ea10) size 60[0m
[07:42:00.238] [1;32muart:~$ [m^[[1[12D[J[00:02:46.192,000] [0m<dbg> net_pkt.net_pkt_alloc_buffer_with_reserve_debug: (wifi): Data allocation maximum size 60 (requested 60, reserve 0)[0m
[07:42:00.256] [1;32muart:~$ [m^[[1[12D[J[00:02:46.192,000] [0m<dbg> net_pkt.pkt_alloc_buffer: (wifi): RDATA (rx_bufs) [159] frag 0x3c17286c ref 1 (eth_esp32_rx():153)[0m
[07:42:00.273] [1;32muart:~$ [m^[[1[12D[J[00:02:46.192,000] [0m<dbg> net_pkt.net_pkt_write: (wifi): pkt 0x3c173cf0 data 0x3c26f2aa length 60[0m
[07:42:00.289] [1;32muart:~$ [m^[[1[12D[J[00:02:46.193,000] [0m<dbg> net_pkt.net_pkt_unref_debug: (rx_q[0]): RX [39] pkt 0x3c173cf0 ref 0 frags 0x3c17286c (processing_data():157)[0m
[07:42:00.306] [1;32muart:~$ [m^[[1[12D[J[00:02:46.193,000] [0m<dbg> net_pkt.net_pkt_unref_debug: (rx_q[0]): RDATA (rx_bufs) [159] frag 0x3c17286c ref 0 frags 0 (processing_data():157)[0m
[07:42:00.322] [1;32muart:~$ [m^[[1[12D[J[00:02:46.193,000] [0m<dbg> net_pkt.net_pkt_frag_unref_debug: (rx_q[0]): RDATA (rx_bufs) [159] frag 0x3c17286c ref 0 (net_pkt_unref_debug():612)[0m
[07:42:00.339] [1;32muart:~$ [m^[[1[12D[J[00:02:46.193,000] [0m<dbg> net_pkt.net_pkt_print: (rx_q[0]): TX 16 RX 40 RDATA 160 TDATA 80[0m
[07:42:00.355] [1;32muart:~$ [m^[[1[12D[J[1;32muart:~$ [m^[[1[12D[J[1;32muart:~$ [m^[[1[12D[J[00:02:47.215,000] [0m<dbg> net_pkt.pkt_alloc_with_buffer: (wifi): On iface 1 (0x3fc9ea10) size 60[0m
[07:42:01.261] [1;32muart:~$ [m^[[1[12D[J[00:02:47.215,000] [0m<dbg> net_pkt.net_pkt_alloc_buffer_with_reserve_debug: (wifi): Data allocation maximum size 60 (requested 60, reserve 0)[0m
[07:42:01.278] [1;32muart:~$ [m^[[1[12D[J[00:02:47.215,000] [0m<dbg> net_pkt.pkt_alloc_buffer: (wifi): RDATA (rx_bufs) [159] frag 0x3c17286c ref 1 (eth_esp32_rx():153)[0m
[07:42:01.295] [1;32muart:~$ [m^[[1[12D[J[00:02:47.215,000] [0m<dbg> net_pkt.net_pkt_write: (wifi): pkt 0x3c173cf0 data 0x3c26f2aa length 60[0m
[07:42:01.312] [1;32muart:~$ [m^[[1[12D[J[00:02:47.216,000] [0m<dbg> net_pkt.net_pkt_unref_debug: (rx_q[0]): RX [39] pkt 0x3c173cf0 ref 0 frags 0x3c17286c (processing_data():157)[0m
[07:42:01.328] [1;32muart:~$ [m^[[1[12D[J[00:02:47.216,000] [0m<dbg> net_pkt.net_pkt_unref_debug: (rx_q[0]): RDATA (rx_bufs) [159] frag 0x3c17286c ref 0 frags 0 (processing_data():157)[0m
[07:42:01.345] [1;32muart:~$ [m^[[1[12D[J[00:02:47.216,000] [0m<dbg> net_pkt.net_pkt_frag_unref_debug: (rx_q[0]): RDATA (rx_bufs) [159] frag 0x3c17286c ref 0 (net_pkt_unref_debug():612)[0m
[07:42:01.362] [1;32muart:~$ [m^[[1[12D[J[00:02:47.216,000] [0m<dbg> net_pkt.net_pkt_print: (rx_q[0]): TX 16 RX 40 RDATA 160 TDATA 80[0m
[07:42:01.385] [1;32muart:~$ [m^[[1[12D[J[1;31m[1;31m--- 29 messages dropped ---
[07:42:01.401] [0m[m[00:02:48.334,000] [0m<dbg> net_pkt.net_pkt_get_reserve_data_debug: (llss_thread): TDATA (tx_bufs) [76] frag 0x3c15d4f4 ref 1 (ethernet_fill_header():610)[0m
[07:42:01.402] [1;32muart:~$ [m^[[1[12D[J[1;31m[1;31m--- 58 messages dropped ---
[07:42:01.418] [0m[m[00:02:48.334,000] [0m<dbg> net_pkt.net_pkt_frag_insert_debug: (llss_thread): pkt 0x3c172f28 frag 0x3c15d4f4 (ethernet_fill_header:669)[0m
[07:42:01.420] [1;32muart:~$ [m^[[1[12D[J[00:02:48.334,000] [0m<dbg> net_pkt.net_pkt_read: (llss_thread): pkt 0x3c172f28 data 0x3fcc36ae length 295[0m
[07:42:01.436] [1;32muart:~$ [m^[[1[12D[J[00:02:48.335,000] [0m<dbg> net_pkt.net_pkt_unref_debug: (llss_thread): TX [14] pkt 0x3c172f28 ref 1 frags 0x3c15d4f4 (ethernet_send():800)[0m
[07:42:01.453] [1;32muart:~$ [m^[[1[12D[J[00:02:48.336,000] [0m<dbg> net_pkt.net_pkt_unref_debug: (llss_thread): TX [14] pkt 0x3c172f28 ref 0 frags 0x3c15d4f4 (tcp_send():472)[0m
[07:42:01.470] [1;32muart:~$ [m^[[1[12D[J[00:02:48.336,000] [0m<dbg> net_pkt.net_pkt_unref_debug: (llss_thread): TDATA (tx_bufs) [76] frag 0x3c15d4f4 ref 0 frags 0x3c15d4d8 (tcp_send():472)[0m
[07:42:01.487] [1;32muart:~$ [m^[[1[12D[J[00:02:48.336,000] [0m<dbg> net_pkt.net_pkt_unref_debug: (llss_thread): TDATA (tx_bufs) [76] frag 0x3c15d4d8 ref 0 frags 0x3c15d4bc (tcp_send():472)[0m
[07:42:01.504] [1;32muart:~$ [m^[[1[12D[J[00:02:48.354,000] [0m<dbg> net_pkt.net_pkt_write: (wifi): pkt 0x3c173cf0 data 0x3c26f2ac length 74[0m
[07:42:01.521] [1;32muart:~$ [m^[[1[12D[J[00:02:48.355,000] [0m<dbg> net_pkt.net_pkt_skip: (rx_q[0]): pkt 0x3c173cf0 skip 40[0m
[07:42:01.537] [1;32muart:~$ [m^[[1[12D[J[00:02:48.355,000] [0m<dbg> net_pkt.net_pkt_skip: (rx_q[0]): pkt 0x3c173cf0 skip 8[0m
[07:42:01.553] [1;32muart:~$ [m^[[1[12D[J[00:02:48.355,000] [0m<dbg> net_pkt.net_pkt_skip: (rx_q[0]): pkt 0x3c173cf0 skip 32[0m
[07:42:01.569] [1;32muart:~$ [m^[[1[12D[J[00:02:48.355,000] [0m<dbg> net_pkt.net_pkt_write: (rx_q[0]): pkt 0x3c173cf0 data 0x3c16a796 length 20[0m
[07:42:01.585] [1;32muart:~$ [m^[[1[12D[J[00:02:48.355,000] [0m<dbg> net_pkt.net_pkt_skip: (rx_q[0]): pkt 0x3c173cf0 skip 20[0m
[07:42:01.601] [1;32muart:~$ [m^[[1[12D[J[00:02:48.355,000] [0m<dbg> net_pkt.net_pkt_skip: (rx_q[0]): pkt 0x3c173cf0 skip 40[0m
[07:42:01.617] [1;32muart:~$ [m^[[1[12D[J[00:02:48.355,000] [0m<dbg> net_pkt.net_pkt_skip: (rx_q[0]): pkt 0x3c173cf0 skip 40[0m
[07:42:01.633] [1;32muart:~$ [m^[[1[12D[J[00:02:48.355,000] [0m<dbg> net_pkt.net_pkt_skip: (rx_q[0]): pkt 0x3c173cf0 skip 40[0m
[07:42:01.649] [1;32muart:~$ [m^[[1[12D[J[00:02:48.355,000] [0m<dbg> net_pkt.net_pkt_skip: (rx_q[0]): pkt 0x3c173cf0 skip 40[0m
[07:42:01.665] [1;32muart:~$ [m^[[1[12D[J[00:02:48.355,000] [0m<dbg> net_pkt.net_pkt_skip: (rx_q[0]): pkt 0x3c173cf0 skip 40[0m
[07:42:01.681] [1;32muart:~$ [m^[[1[12D[J[00:02:48.355,000] [0m<dbg> net_pkt.net_pkt_unref_debug: (rx_q[0]): RX [39] pkt 0x3c173cf0 ref 0 frags 0x3c17286c (tcp_in():3635)[0m
[07:42:01.698] [1;32muart:~$ [m^[[1[12D[J[00:02:48.355,000] [0m<dbg> net_pkt.net_pkt_unref_debug: (rx_q[0]): RDATA (rx_bufs) [159] frag 0x3c17286c ref 0 frags 0 (tcp_in():3635)[0m
[07:42:01.715] [1;32muart:~$ [m^[[1[12D[J[00:02:48.355,000] [0m<dbg> net_pkt.net_pkt_print: (rx_q[0]): TX 16 RX 40 RDATA 160 TDATA 80[0m
[07:42:01.731] [1;32muart:~$ [m^[[1[12D[J[1;32muart:~$ [m^[[1[12D[J[1;32muart:~$ [m^[[1[12D[J[1;31m[1;31m--- 40 messages dropped ---
[07:42:03.135] [0m[m[00:02:50.085,000] [0m<dbg> net_pkt.net_pkt_read: (rx_q[0]): pkt 0x3c172ee0 data 0x3fcc36ae length 74[0m
[07:42:03.138] [1;32muart:~$ [m^[[1[12D[J[1;31m[1;31m--- 2 messages dropped ---
[07:42:03.154] [0m[m[00:02:50.085,000] [0m<dbg> net_pkt.net_pkt_unref_debug: (rx_q[0]): TX [15] pkt 0x3c172ee0 ref 1 frags 0x3c15d4bc (ethernet_send():800)[0m
[07:42:03.155] [1;32muart:~$ [m^[[1[12D[J[00:02:50.085,000] [0m<dbg> net_pkt.net_pkt_unref_debug: (rx_q[0]): TX [15] pkt 0x3c172ee0 ref 0 frags 0x3c15d4bc (tcp_send():472)[0m
[07:42:03.171] [1;32muart:~$ [m^[[1[12D[J[00:02:50.085,000] [0m<dbg> net_pkt.net_pkt_unref_debug: (rx_q[0]): TDATA (tx_bufs) [78] frag 0x3c15d4bc ref 0 frags 0x3c15d4a0 (tcp_send():472)[0m
[07:42:03.189] [1;32muart:~$ [m^[[1[12D[J[00:02:50.085,000] [0m<dbg> net_pkt.net_pkt_unref_debug: (rx_q[0]): TDATA (tx_bufs) [78] frag 0x3c15d4a0 ref 0 frags 0 (tcp_send():472)[0m
[07:42:03.206] [1;32muart:~$ [m^[[1[12D[J[00:02:50.086,000] [0m<dbg> net_pkt.net_pkt_frag_unref_debug: (rx_q[0]): TDATA (tx_bufs) [78] frag 0x3c15d4bc ref 0 (net_pkt_unref_debug():612)[0m
[07:42:03.223] [1;32muart:~$ [m^[[1[12D[J[00:02:50.087,000] [0m<dbg> net_pkt.net_pkt_read: (llss_thread): pkt 0x3c173cf0 data 0x3c246e00 length 5[0m
[07:42:03.239] [1;32muart:~$ [m^[[1[12D[J[00:02:50.087,000] [0m<dbg> net_pkt.net_pkt_read: (llss_thread): pkt 0x3c173cf0 data 0x3c246e05 length 233[0m
[07:42:03.255] [1;32muart:~$ [m^[[1[12D[J[00:02:50.087,000] [0m<dbg> net_pkt.net_pkt_unref_debug: (llss_thread): RX [39] pkt 0x3c173cf0 ref 0 frags 0x3c17286c (zsock_recv_stream_immediate():1423)[0m
[07:42:03.272] [1;32muart:~$ [m^[[1[12D[J[00:02:50.087,000] [0m<dbg> net_pkt.net_pkt_unref_debug: (llss_thread): RDATA (rx_bufs) [159] frag 0x3c17286c ref 0 frags 0 (zsock_recv_stream_immediate():1423)[0m
[07:42:03.289] [1;32muart:~$ [m^[[1[12D[J[00:02:50.087,000] [0m<dbg> net_pkt.net_pkt_frag_unref_debug: (llss_thread): RDATA (rx_bufs) [159] frag 0x3c17286c ref 0 (net_pkt_unref_debug():612)[0m
[07:42:03.306] [1;32muart:~$ [m^[[1[12D[J[00:02:50.092,000] [0m<dbg> net_pkt.pkt_alloc_with_buffer: (wifi): On iface 1 (0x3fc9ea10) size 60[0m
[07:42:03.323] [1;32muart:~$ [m^[[1[12D[J[00:02:50.092,000] [0m<dbg> net_pkt.net_pkt_alloc_buffer_with_reserve_debug: (wifi): Data allocation maximum size 60 (requested 60, reserve 0)[0m
[07:42:03.339] [1;32muart:~$ [m^[[1[12D[J[00:02:50.092,000] [0m<dbg> net_pkt.pkt_alloc_buffer: (wifi): RDATA (rx_bufs) [159] frag 0x3c17286c ref 1 (eth_esp32_rx():153)[0m
[07:42:03.356] [1;32muart:~$ [m^[[1[12D[J[00:02:50.092,000] [0m<dbg> net_pkt.net_pkt_write: (wifi): pkt 0x3c173cf0 data 0x3c26f2aa length 60[0m
[07:42:03.372] [1;32muart:~$ [m^[[1[12D[J[00:02:50.093,000] [0m<dbg> net_pkt.net_pkt_unref_debug: (rx_q[0]): RX [39] pkt 0x3c173cf0 ref 0 frags 0x3c17286c (processing_data():157)[0m
[07:42:03.389] [1;32muart:~$ [m^[[1[12D[J[00:02:50.093,000] [0m<dbg> net_pkt.net_pkt_unref_debug: (rx_q[0]): RDATA (rx_bufs) [159] frag 0x3c17286c ref 0 frags 0 (processing_data():157)[0m
[07:42:03.405] [1;32muart:~$ [m^[[1[12D[J[00:02:50.093,000] [0m<dbg> net_pkt.net_pkt_frag_unref_debug: (rx_q[0]): RDATA (rx_bufs) [159] frag 0x3c17286c ref 0 (net_pkt_unref_debug():612)[0m
[07:42:03.422] [1;32muart:~$ [m^[[1[12D[J[00:02:50.093,000] [0m<dbg> net_pkt.net_pkt_print: (rx_q[0]): TX 16 RX 40 RDATA 160 TDATA 80[0m
[07:42:03.438] [1;32muart:~$ [m^[[1[12D[J[1;32muart:~$ [m^[[1[12D[J[1;32muart:~$ [m^[[1[12D[J[00:02:51.311,000] [0m<dbg> net_pkt.pkt_alloc_with_buffer: (wifi): On iface 1 (0x3fc9ea10) size 60[0m
[07:42:05.357] [1;32muart:~$ [m^[[1[12D[J[00:02:51.311,000] [0m<dbg> net_pkt.net_pkt_alloc_buffer_with_reserve_debug: (wifi): Data allocation maximum size 60 (requested 60, reserve 0)[0m
[07:42:05.374] [1;32muart:~$ [m^[[1[12D[J[00:02:51.311,000] [0m<dbg> net_pkt.pkt_alloc_buffer: (wifi): RDATA (rx_bufs) [159] frag 0x3c17286c ref 1 (eth_esp32_rx():153)[0m
[07:42:05.391] [1;32muart:~$ [m^[[1[12D[J[00:02:51.311,000] [0m<dbg> net_pkt.net_pkt_write: (wifi): pkt 0x3c173cf0 data 0x3c26f2aa length 60[0m
[07:42:05.407] [1;32muart:~$ [m^[[1[12D[J[00:02:51.312,000] [0m<dbg> net_pkt.net_pkt_unref_debug: (rx_q[0]): RX [39] pkt 0x3c173cf0 ref 0 frags 0x3c17286c (processing_data():157)[0m
[07:42:05.424] [1;32muart:~$ [m^[[1[12D[J[00:02:51.312,000] [0m<dbg> net_pkt.net_pkt_unref_debug: (rx_q[0]): RDATA (rx_bufs) [159] frag 0x3c17286c ref 0 frags 0 (processing_data():157)[0m
[07:42:05.441] [1;32muart:~$ [m^[[1[12D[J[00:02:51.312,000] [0m<dbg> net_pkt.net_pkt_frag_unref_debug: (rx_q[0]): RDATA (rx_bufs) [159] frag 0x3c17286c ref 0 (net_pkt_unref_debug():612)[0m
[07:42:05.457] [1;32muart:~$ [m^[[1[12D[J[00:02:51.312,000] [0m<dbg> net_pkt.net_pkt_print: (rx_q[0]): TX 16 RX 40 RDATA 160 TDATA 80[0m
[07:42:05.473] [1;32muart:~$ [m^[[1[12D[J[1;32muart:~$ [m^[[1[12D[J[1;32muart:~$ [m^[[1[12D[J[00:02:52.335,000] [0m<dbg> net_pkt.pkt_alloc_with_buffer: (wifi): On iface 1 (0x3fc9ea10) size 60[0m
[07:42:06.381] [1;32muart:~$ [m^[[1[12D[J[00:02:52.335,000] [0m<dbg> net_pkt.net_pkt_alloc_buffer_with_reserve_debug: (wifi): Data allocation maximum size 60 (requested 60, reserve 0)[0m
[07:42:06.398] [1;32muart:~$ [m^[[1[12D[J[00:02:52.335,000] [0m<dbg> net_pkt.pkt_alloc_buffer: (wifi): RDATA (rx_bufs) [159] frag 0x3c17286c ref 1 (eth_esp32_rx():153)[0m
[07:42:06.415] [1;32muart:~$ [m^[[1[12D[J[00:02:52.335,000] [0m<dbg> net_pkt.net_pkt_write: (wifi): pkt 0x3c173cf0 data 0x3c26f2aa length 60[0m
[07:42:06.431] [1;32muart:~$ [m^[[1[12D[J[00:02:52.336,000] [0m<dbg> net_pkt.net_pkt_unref_debug: (rx_q[0]): RX [39] pkt 0x3c173cf0 ref 0 frags 0x3c17286c (processing_data():157)[0m
[07:42:06.448] [1;32muart:~$ [m^[[1[12D[J[00:02:52.336,000] [0m<dbg> net_pkt.net_pkt_unref_debug: (rx_q[0]): RDATA (rx_bufs) [159] frag 0x3c17286c ref 0 frags 0 (processing_data():157)[0m
[07:42:06.465] [1;32muart:~$ [m^[[1[12D[J[00:02:52.336,000] [0m<dbg> net_pkt.net_pkt_frag_unref_debug: (rx_q[0]): RDATA (rx_bufs) [159] frag 0x3c17286c ref 0 (net_pkt_unref_debug():612)[0m
[07:42:06.481] [1;32muart:~$ [m^[[1[12D[J[00:02:52.336,000] [0m<dbg> net_pkt.net_pkt_print: (rx_q[0]): TX 16 RX 40 RDATA 160 TDATA 80[0m
[07:42:06.497] [1;32muart:~$ [m^[[1[12D[J[1;32muart:~$ [m^[[1[12D[J[1;32muart:~$ [m^[[1[12D[J[00:02:53.359,000] [0m<dbg> net_pkt.pkt_alloc_with_buffer: (wifi): On iface 1 (0x3fc9ea10) size 60[0m
[07:42:07.405] [1;32muart:~$ [m^[[1[12D[J[00:02:53.359,000] [0m<dbg> net_pkt.net_pkt_alloc_buffer_with_reserve_debug: (wifi): Data allocation maximum size 60 (requested 60, reserve 0)[0m
[07:42:07.422] [1;32muart:~$ [m^[[1[12D[J[00:02:53.359,000] [0m<dbg> net_pkt.pkt_alloc_buffer: (wifi): RDATA (rx_bufs) [159] frag 0x3c17286c ref 1 (eth_esp32_rx():153)[0m
[07:42:07.439] [1;32muart:~$ [m^[[1[12D[J[00:02:53.359,000] [0m<dbg> net_pkt.net_pkt_write: (wifi): pkt 0x3c173cf0 data 0x3c26f2aa length 60[0m
[07:42:07.455] [1;32muart:~$ [m^[[1[12D[J[00:02:53.360,000] [0m<dbg> net_pkt.net_pkt_unref_debug: (rx_q[0]): RX [39] pkt 0x3c173cf0 ref 0 frags 0x3c17286c (processing_data():157)[0m
[07:42:07.472] [1;32muart:~$ [m^[[1[12D[J[00:02:53.360,000] [0m<dbg> net_pkt.net_pkt_unref_debug: (rx_q[0]): RDATA (rx_bufs) [159] frag 0x3c17286c ref 0 frags 0 (processing_data():157)[0m
[07:42:07.489] [1;32muart:~$ [m^[[1[12D[J[00:02:53.360,000] [0m<dbg> net_pkt.net_pkt_frag_unref_debug: (rx_q[0]): RDATA (rx_bufs) [159] frag 0x3c17286c ref 0 (net_pkt_unref_debug():612)[0m
[07:42:07.506] [1;32muart:~$ [m^[[1[12D[J[00:02:53.360,000] [0m<dbg> net_pkt.net_pkt_print: (rx_q[0]): TX 16 RX 40 RDATA 160 TDATA 80[0m
[07:42:07.522] [1;32muart:~$ [m^[[1[12D[J[1;32muart:~$ [m^[[1[12D[J[1;32muart:~$ [m^[[1[12D[J[1;31m[1;31m--- 28 messages dropped ---
[07:42:08.141] [0m[m[00:02:55.092,000] [0m<dbg> net_pkt.net_pkt_ref_debug: (llss_thread): TX [14] pkt 0x3c172f28 ref 2 (tcp_send():424)[0m
[07:42:08.142] [1;32muart:~$ [m^[[1[12D[J[00:02:55.092,000] [0m<dbg> net_pkt.net_pkt_get_reserve_data_debug: (llss_thread): TDATA (tx_bufs) [76] frag 0x3c15d4f4 ref 1 (ethernet_fill_header():610)[0m
[07:42:08.164] [1;32muart:~$ [m^[[1[12D[J[1;31m[1;31m--- 51 messages dropped ---
[07:42:08.180] [0m[m[00:02:55.092,000] [0m<dbg> net_pkt.net_pkt_frag_insert_debug: (llss_thread): pkt 0x3c172f28 frag 0x3c15d4f4 (ethernet_fill_header:669)[0m
[07:42:08.181] [1;32muart:~$ [m^[[1[12D[J[1;31m[1;31m--- 15 messages dropped ---
[07:42:08.197] [0m[m[00:02:55.092,000] [0m<dbg> net_pkt.net_pkt_read: (llss_thread): pkt 0x3c172f28 data 0x3fcc36ae length 295[0m
[07:42:08.198] [1;32muart:~$ [m^[[1[12D[J[00:02:55.094,000] [0m<dbg> net_pkt.net_pkt_unref_debug: (llss_thread): TX [14] pkt 0x3c172f28 ref 1 frags 0x3c15d4f4 (ethernet_send():800)[0m
[07:42:08.215] [1;32muart:~$ [m^[[1[12D[J[00:02:55.094,000] [0m<dbg> net_pkt.net_pkt_unref_debug: (llss_thread): TX [14] pkt 0x3c172f28 ref 0 frags 0x3c15d4f4 (tcp_send():472)[0m
[07:42:08.232] [1;32muart:~$ [m^[[1[12D[J[00:02:55.094,000] [0m<dbg> net_pkt.net_pkt_unref_debug: (llss_thread): TDATA (tx_bufs) [76] frag 0x3c15d4f4 ref 0 frags 0x3c15d4d8 (tcp_send():472)[0m
[07:42:08.249] [1;32muart:~$ [m^[[1[12D[J[00:02:55.094,000] [0m<dbg> net_pkt.net_pkt_unref_debug: (llss_thread): TDATA (tx_bufs) [76] frag 0x3c15d4d8 ref 0 frags 0x3c15d4bc (tcp_send():472)[0m
[07:42:08.266] [1;32muart:~$ [m^[[1[12D[J[00:02:55.116,000] [0m<dbg> net_pkt.net_pkt_unref_debug: (rx_q[0]): TX [14] pkt 0x3c172f28 ref 0 frags 0x3c15d4f4 (tcp_send():472)[0m
[07:42:08.282] [1;32muart:~$ [m^[[1[12D[J[00:02:55.122,000] [0m<dbg> net_pkt.net_pkt_skip: (rx_q[0]): pkt 0x3c173cf0 skip 40[0m
[07:42:08.298] [1;32muart:~$ [m^[[1[12D[J[00:02:55.123,000] [0m<dbg> net_pkt.net_pkt_skip: (rx_q[0]): pkt 0x3c173cf0 skip 8[0m
[07:42:08.314] [1;32muart:~$ [m^[[1[12D[J[00:02:55.123,000] [0m<dbg> net_pkt.net_pkt_skip: (rx_q[0]): pkt 0x3c173cf0 skip 32[0m
[07:42:08.330] [1;32muart:~$ [m^[[1[12D[J[00:02:55.123,000] [0m<dbg> net_pkt.net_pkt_write: (rx_q[0]): pkt 0x3c173cf0 data 0x3c16a796 length 20[0m
[07:42:08.346] [1;32muart:~$ [m^[[1[12D[J[00:02:55.123,000] [0m<dbg> net_pkt.net_pkt_skip: (rx_q[0]): pkt 0x3c173cf0 skip 20[0m
[07:42:08.363] [1;32muart:~$ [m^[[1[12D[J[00:02:55.123,000] [0m<dbg> net_pkt.net_pkt_skip: (rx_q[0]): pkt 0x3c173cf0 skip 40[0m
[07:42:08.379] [1;32muart:~$ [m^[[1[12D[J[00:02:55.123,000] [0m<dbg> net_pkt.net_pkt_skip: (rx_q[0]): pkt 0x3c173cf0 skip 40[0m
[07:42:08.395] [1;32muart:~$ [m^[[1[12D[J[00:02:55.123,000] [0m<dbg> net_pkt.net_pkt_skip: (rx_q[0]): pkt 0x3c173cf0 skip 40[0m
[07:42:08.411] [1;32muart:~$ [m^[[1[12D[J[00:02:55.123,000] [0m<dbg> net_pkt.net_pkt_skip: (rx_q[0]): pkt 0x3c173cf0 skip 40[0m
[07:42:08.427] [1;32muart:~$ [m^[[1[12D[J[00:02:55.123,000] [0m<dbg> net_pkt.net_pkt_skip: (rx_q[0]): pkt 0x3c173cf0 skip 40[0m
[07:42:08.443] [1;32muart:~$ [m^[[1[12D[J[00:02:55.123,000] [0m<dbg> net_pkt.net_pkt_unref_debug: (rx_q[0]): RDATA (rx_bufs) [159] frag 0x3c17286c ref 0 frags 0 (tcp_in():3635)[0m
[07:42:08.460] [1;32muart:~$ [m^[[1[12D[J[00:02:55.123,000] [0m<dbg> net_pkt.net_pkt_frag_unref_debug: (rx_q[0]): RDATA (rx_bufs) [159] frag 0x3c17286c ref 0 (net_pkt_unref_debug():612)[0m
[07:42:08.477] [1;32muart:~$ [m^[[1[12D[J[00:02:55.123,000] [0m<dbg> net_pkt.net_pkt_print: (rx_q[0]): TX 16 RX 40 RDATA 160 TDATA 80[0m
[07:42:08.493] [1;32muart:~$ [m^[[1[12D[J[1;32muart:~$ [m^[[1[12D[J[1;32muart:~$ [m^[[1[12D[J[1;31m[1;31m--- 41 messages dropped ---
[07:42:09.901] [0m[m[00:02:56.851,000] [0m<dbg> net_pkt.net_pkt_unref_debug: (rx_q[0]): TX [15] pkt 0x3c172ee0 ref 1 frags 0x3c15d4bc (ethernet_send():800)[0m
[07:42:09.902] [1;32muart:~$ [m^[[1[12D[J[00:02:56.851,000] [0m<dbg> net_pkt.net_pkt_unref_debug: (rx_q[0]): TX [15] pkt 0x3c172ee0 ref 0 frags 0x3c15d4bc (tcp_send():472)[0m
[07:42:09.918] [1;32muart:~$ [m^[[1[12D[J[00:02:56.851,000] [0m<dbg> net_pkt.net_pkt_unref_debug: (rx_q[0]): TDATA (tx_bufs) [78] frag 0x3c15d4bc ref 0 frags 0x3c15d4a0 (tcp_send():472)[0m
[07:42:09.935] [1;32muart:~$ [m^[[1[12D[J[00:02:56.851,000] [0m<dbg> net_pkt.net_pkt_unref_debug: (rx_q[0]): TDATA (tx_bufs) [78] frag 0x3c15d4a0 ref 0 frags 0 (tcp_send():472)[0m
[07:42:09.952] [1;32muart:~$ [m^[[1[12D[J[00:02:56.851,000] [0m<dbg> net_pkt.net_pkt_frag_unref_debug: (rx_q[0]): TDATA (tx_bufs) [78] frag 0x3c15d4bc ref 0 (net_pkt_unref_debug():612)[0m
[07:42:09.969] [1;32muart:~$ [m^[[1[12D[J[00:02:56.851,000] [0m<dbg> net_pkt.net_pkt_frag_unref_debug: (rx_q[0]): TDATA (tx_bufs) [79] frag 0x3c15d4a0 ref 0 (net_pkt_unref_debug():612)[0m
[07:42:09.986] [1;32muart:~$ [m^[[1[12D[J[00:02:56.851,000] [0m<dbg> net_pkt.net_pkt_print: (rx_q[0]): TX 16 RX 39 RDATA 159 TDATA 80[0m
[07:42:10.002] [1;32muart:~$ [m^[[1[12D[J[00:02:56.852,000] [0m<dbg> net_pkt.net_pkt_read: (llss_thread): pkt 0x3c173cf0 data 0x3c246e00 length 5[0m
[07:42:10.019] [1;32muart:~$ [m^[[1[12D[J[00:02:56.853,000] [0m<dbg> net_pkt.net_pkt_read: (llss_thread): pkt 0x3c173cf0 data 0x3c246e05 length 233[0m
[07:42:10.035] [1;32muart:~$ [m^[[1[12D[J[00:02:56.853,000] [0m<dbg> net_pkt.net_pkt_unref_debug: (llss_thread): RX [39] pkt 0x3c173cf0 ref 0 frags 0x3c17286c (zsock_recv_stream_immediate():1423)[0m
[07:42:10.052] [1;32muart:~$ [m^[[1[12D[J[00:02:56.853,000] [0m<dbg> net_pkt.net_pkt_unref_debug: (llss_thread): RDATA (rx_bufs) [159] frag 0x3c17286c ref 0 frags 0 (zsock_recv_stream_immediate():1423)[0m
[07:42:10.069] [1;32muart:~$ [m^[[1[12D[J[00:02:56.853,000] [0m<dbg> net_pkt.net_pkt_frag_unref_debug: (llss_thread): RDATA (rx_bufs) [159] frag 0x3c17286c ref 0 (net_pkt_unref_debug():612)[0m
[07:42:10.087] [1;32muart:~$ [m^[[1[12D[J[1;32muart:~$ [m^[[1[12D[J[1;32muart:~$ [m^[[1[12D[J[00:02:57.250,000] [0m<dbg> net_pkt.pkt_alloc_with_buffer: (wifi): On iface 1 (0x3fc9ea10) size 60[0m
[07:42:11.297] [1;32muart:~$ [m^[[1[12D[J[00:02:57.250,000] [0m<dbg> net_pkt.net_pkt_alloc_buffer_with_reserve_debug: (wifi): Data allocation maximum size 60 (requested 60, reserve 0)[0m
[07:42:11.314] [1;32muart:~$ [m^[[1[12D[J[00:02:57.250,000] [0m<dbg> net_pkt.pkt_alloc_buffer: (wifi): RDATA (rx_bufs) [159] frag 0x3c17286c ref 1 (eth_esp32_rx():153)[0m
[07:42:11.330] [1;32muart:~$ [m^[[1[12D[J[00:02:57.250,000] [0m<dbg> net_pkt.net_pkt_write: (wifi): pkt 0x3c173cf0 data 0x3c26f2aa length 60[0m
[07:42:11.347] [1;32muart:~$ [m^[[1[12D[J[00:02:57.251,000] [0m<dbg> net_pkt.net_pkt_unref_debug: (rx_q[0]): RX [39] pkt 0x3c173cf0 ref 0 frags 0x3c17286c (processing_data():157)[0m
[07:42:11.363] [1;32muart:~$ [m^[[1[12D[J[00:02:57.251,000] [0m<dbg> net_pkt.net_pkt_unref_debug: (rx_q[0]): RDATA (rx_bufs) [159] frag 0x3c17286c ref 0 frags 0 (processing_data():157)[0m
[07:42:11.380] [1;32muart:~$ [m^[[1[12D[J[00:02:57.251,000] [0m<dbg> net_pkt.net_pkt_frag_unref_debug: (rx_q[0]): RDATA (rx_bufs) [159] frag 0x3c17286c ref 0 (net_pkt_unref_debug():612)[0m
[07:42:11.396] [1;32muart:~$ [m^[[1[12D[J[00:02:57.251,000] [0m<dbg> net_pkt.net_pkt_print: (rx_q[0]): TX 16 RX 40 RDATA 160 TDATA 80[0m
[07:42:11.412] [1;32muart:~$ [m^[[1[12D[J[1;32muart:~$ [m^[[1[12D[J[1;32muart:~$ [m^[[1[12D[J[00:02:58.274,000] [0m<dbg> net_pkt.pkt_alloc_with_buffer: (wifi): On iface 1 (0x3fc9ea10) size 60[0m
[07:42:12.321] [1;32muart:~$ [m^[[1[12D[J[00:02:58.275,000] [0m<dbg> net_pkt.net_pkt_alloc_buffer_with_reserve_debug: (wifi): Data allocation maximum size 60 (requested 60, reserve 0)[0m
[07:42:12.338] [1;32muart:~$ [m^[[1[12D[J[00:02:58.275,000] [0m<dbg> net_pkt.pkt_alloc_buffer: (wifi): RDATA (rx_bufs) [159] frag 0x3c17286c ref 1 (eth_esp32_rx():153)[0m
[07:42:12.354] [1;32muart:~$ [m^[[1[12D[J[00:02:58.275,000] [0m<dbg> net_pkt.net_pkt_write: (wifi): pkt 0x3c173cf0 data 0x3c26f2aa length 60[0m
[07:42:12.371] [1;32muart:~$ [m^[[1[12D[J[00:02:58.275,000] [0m<dbg> net_pkt.net_pkt_unref_debug: (rx_q[0]): RX [39] pkt 0x3c173cf0 ref 0 frags 0x3c17286c (processing_data():157)[0m
[07:42:12.388] [1;32muart:~$ [m^[[1[12D[J[00:02:58.275,000] [0m<dbg> net_pkt.net_pkt_unref_debug: (rx_q[0]): RDATA (rx_bufs) [159] frag 0x3c17286c ref 0 frags 0 (processing_data():157)[0m
[07:42:12.404] [1;32muart:~$ [m^[[1[12D[J[00:02:58.275,000] [0m<dbg> net_pkt.net_pkt_frag_unref_debug: (rx_q[0]): RDATA (rx_bufs) [159] frag 0x3c17286c ref 0 (net_pkt_unref_debug():612)[0m
[07:42:12.421] [1;32muart:~$ [m^[[1[12D[J[00:02:58.275,000] [0m<dbg> net_pkt.net_pkt_print: (rx_q[0]): TX 16 RX 40 RDATA 160 TDATA 80[0m
[07:42:12.437] [1;32muart:~$ [m^[[1[12D[J[1;32muart:~$ [m^[[1[12D[J[1;32muart:~$ [m^[[1[12D[J[1;31m[1;31m--- 3 messages dropped ---
[07:42:13.164] [0m[m[00:02:59.298,000] [0m<dbg> net_pkt.net_pkt_write: (wifi): pkt 0x3c173cf0 data 0x3c26f2aa length 60[0m
[07:42:13.165] [1;32muart:~$ [m^[[1[12D[J[00:02:59.299,000] [0m<dbg> net_pkt.net_pkt_unref_debug: (rx_q[0]): RX [39] pkt 0x3c173cf0 ref 0 frags 0x3c17286c (processing_data():157)[0m
[07:42:13.182] [1;32muart:~$ [m^[[1[12D[J[00:02:59.299,000] [0m<dbg> net_pkt.net_pkt_unref_debug: (rx_q[0]): RDATA (rx_bufs) [159] frag 0x3c17286c ref 0 frags 0 (processing_data():157)[0m
[07:42:13.198] [1;32muart:~$ [m^[[1[12D[J[00:02:59.299,000] [0m<dbg> net_pkt.net_pkt_frag_unref_debug: (rx_q[0]): RDATA (rx_bufs) [159] frag 0x3c17286c ref 0 (net_pkt_unref_debug():612)[0m
[07:42:13.215] [1;32muart:~$ [m^[[1[12D[J[00:02:59.299,000] [0m<dbg> net_pkt.net_pkt_print: (rx_q[0]): TX 16 RX 40 RDATA 160 TDATA 80[0m
[07:42:13.231] [1;32muart:~$ [m^[[1[12D[J[00:03:00.117,000] [0m<dbg> net_pkt.pkt_alloc_with_buffer: (wifi): On iface 1 (0x3fc9ea10) size 60[0m
[07:42:13.247] [1;32muart:~$ [m^[[1[12D[J[1;31m[1;31m--- 28 messages dropped ---
[07:42:13.264] [0m[m[00:03:00.117,000] [0m<dbg> net_pkt.net_pkt_alloc_buffer_with_reserve_debug: (wifi): Data allocation maximum size 60 (requested 60, reserve 0)[0m
[07:42:13.265] [1;32muart:~$ [m^[[1[12D[J[00:03:00.118,000] [0m<dbg> net_pkt.pkt_alloc_buffer: (wifi): RDATA (rx_bufs) [159] frag 0x3c17286c ref 1 (eth_esp32_rx():153)[0m
[07:42:13.281] [1;32muart:~$ [m^[[1[12D[J[00:03:00.118,000] [0m<dbg> net_pkt.net_pkt_write: (wifi): pkt 0x3c173cf0 data 0x3c26f2aa length 60[0m
[07:42:13.297] [1;32muart:~$ [m^[[1[12D[J[00:03:00.118,000] [0m<dbg> net_pkt.net_pkt_unref_debug: (rx_q[0]): RX [39] pkt 0x3c173cf0 ref 0 frags 0x3c17286c (processing_data():157)[0m
[07:42:13.314] [1;32muart:~$ [m^[[1[12D[J[00:03:00.118,000] [0m<dbg> net_pkt.net_pkt_unref_debug: (rx_q[0]): RDATA (rx_bufs) [159] frag 0x3c17286c ref 0 frags 0 (processing_data():157)[0m
[07:42:13.331] [1;32muart:~$ [m^[[1[12D[J[00:03:00.118,000] [0m<dbg> net_pkt.net_pkt_frag_unref_debug: (rx_q[0]): RDATA (rx_bufs) [159] frag 0x3c17286c ref 0 (net_pkt_unref_debug():612)[0m
[07:42:13.347] [1;32muart:~$ [m^[[1[12D[J                     : Total CPU cycles used: 229126
[07:42:13.364] [1;32muart:~$ [m^[[1[12D[J tcp_work            : STACK: unused 1728 usage 320 / 2048 (15 %); CPU: 0 %
[07:42:13.380] [1;32muart:~$ [m^[[1[12D[J                     : Total CPU cycles used: 2024
[07:42:13.396] [1;32muart:~$ [m^[[1[12D[J                     : Total CPU cycles used: 187413822
[07:42:13.412] [1;32muart:~$ [m^[[1[12D[J wifi                : STACK: unused 1264 usage 2320 / 3584 (64 %); CPU: 1 %
[07:42:13.428] [1;32muart:~$ [m^[[1[12D[J                     : Total CPU cycles used: 495860395
[07:42:13.444] [1;32muart:~$ [m^[[1[12D[J sysworkq            : STACK: unused 3056 usage 1040 / 4096 (25 %); CPU: 0 %
[07:42:13.460] [1;32muart:~$ [m^[[1[12D[J                     : Total CPU cycles used: 7649792
[07:42:13.476] [1;32muart:~$ [m^[[1[12D[J esp_timer           : STACK: unused 3568 usage 528 / 4096 (12 %); CPU: 0 %
[07:42:13.492] [1;32muart:~$ [m^[[1[12D[J                     : Total CPU cycles used: 17842598
[07:42:13.508] [1;32muart:~$ [m^[[1[12D[J logging             : STACK: unused 544 usage 480 / 1024 (46 %); CPU: 0 %
[07:42:13.524] [1;32muart:~$ [m^[[1[12D[J                     : Total CPU cycles used: 15675302
[07:42:13.540] [1;32muart:~$ [m^[[1[12D[J idle                : STACK: unused 816 usage 208 / 1024 (20 %); CPU: 96 %
[07:42:13.556] [1;32muart:~$ [m^[[1[12D[J                     : Total CPU cycles used: 41531019025
[07:42:13.572] [1;32muart:~$ [m^[[1[12D[J ISR0                : STACK: unused 1520 usage 528 / 2048 (25 %); CPU: 0 %
[07:42:13.588] [1;32muart:~$ [m^[[1[12D[J                     : Total CPU cycles used: 0
[07:42:13.604] [1;32muart:~$ [m^[[1[12D[J[1;32muart:~$ [m^[[1[12D[J[1;32muart:~$ [m^[[1[12D[J[1;31m[1;31m--- 28 messages dropped ---
[07:42:14.907] [0m[m[00:03:01.857,000] [0m<dbg> net_pkt.net_pkt_ref_debug: (llss_thread): TX [14] pkt 0x3c172f28 ref 2 (tcp_send():424)[0m
[07:42:14.908] [1;32muart:~$ [m^[[1[12D[J[00:03:01.857,000] [0m<dbg> net_pkt.net_pkt_get_reserve_data_debug: (llss_thread): TDATA (tx_bufs) [76] frag 0x3c15d4f4 ref 1 (ethernet_fill_header():610)[0m
[07:42:14.929] [1;32muart:~$ [m^[[1[12D[J[1;31m[1;31m--- 98 messages dropped ---
[07:42:14.945] [0m[m[00:03:01.857,000] [0m<dbg> net_pkt.net_pkt_frag_insert_debug: (llss_thread): pkt 0x3c172f28 frag 0x3c15d4f4 (ethernet_fill_header:669)[0m
[07:42:14.946] [1;32muart:~$ [m^[[1[12D[J[00:03:01.857,000] [0m<dbg> net_pkt.net_pkt_read: (llss_thread): pkt 0x3c172f28 data 0x3fcc36ae length 295[0m
[07:42:14.963] [1;32muart:~$ [m^[[1[12D[J[00:03:01.859,000] [0m<dbg> net_pkt.net_pkt_unref_debug: (llss_thread): TX [14] pkt 0x3c172f28 ref 1 frags 0x3c15d4f4 (ethernet_send():800)[0m
[07:42:14.980] [1;32muart:~$ [m^[[1[12D[J[00:03:01.859,000] [0m<dbg> net_pkt.net_pkt_unref_debug: (llss_thread): TX [14] pkt 0x3c172f28 ref 0 frags 0x3c15d4f4 (tcp_send():472)[0m
[07:42:14.997] [1;32muart:~$ [m^[[1[12D[J[00:03:01.859,000] [0m<dbg> net_pkt.net_pkt_unref_debug: (llss_thread): TDATA (tx_bufs) [76] frag 0x3c15d4f4 ref 0 frags 0x3c15d4d8 (tcp_send():472)[0m
[07:42:15.014] [1;32muart:~$ [m^[[1[12D[J[00:03:01.860,000] [0m<dbg> net_pkt.net_pkt_unref_debug: (llss_thread): TDATA (tx_bufs) [76] frag 0x3c15d4d8 ref 0 frags 0x3c15d4bc (tcp_send():472)[0m
[07:42:15.031] [1;32muart:~$ [m^[[1[12D[J[00:03:01.881,000] [0m<dbg> net_pkt.net_pkt_cursor_operate: (rx_q[0]): Still some length to go 2[0m
[07:42:15.047] [1;32muart:~$ [m^[[1[12D[J[00:03:01.881,000] [0m<dbg> net_pkt.net_pkt_unref_debug: (rx_q[0]): RX [39] pkt 0x3c173cf0 ref 0 frags 0x3c17286c (net_icmpv6_input():408)[0m
[07:42:15.064] [1;32muart:~$ [m^[[1[12D[J[00:03:01.881,000] [0m<dbg> net_pkt.net_pkt_unref_debug: (rx_q[0]): RDATA (rx_bufs) [159] frag 0x3c17286c ref 0 frags 0 (net_icmpv6_input():408)[0m
[07:42:15.080] [1;32muart:~$ [m^[[1[12D[J[00:03:01.881,000] [0m<dbg> net_pkt.net_pkt_frag_unref_debug: (rx_q[0]): RDATA (rx_bufs) [159] frag 0x3c17286c ref 0 (net_pkt_unref_debug():612)[0m
[07:42:15.097] [1;32muart:~$ [m^[[1[12D[J[00:03:01.881,000] [0m<dbg> net_pkt.net_pkt_print: (rx_q[0]): TX 16 RX 40 RDATA 160 TDATA 80[0m
[07:42:15.113] [1;32muart:~$ [m^[[1[12D[J[00:03:01.882,000] [0m<dbg> net_pkt.pkt_alloc_with_buffer: (wifi): On iface 1 (0x3fc9ea10) size 250[0m
[07:42:15.129] [1;32muart:~$ [m^[[1[12D[J[00:03:01.882,000] [0m<dbg> net_pkt.net_pkt_alloc_buffer_with_reserve_debug: (wifi): Data allocation maximum size 250 (requested 250, reserve 0)[0m
[07:42:15.146] [1;32muart:~$ [m^[[1[12D[J[00:03:01.882,000] [0m<dbg> net_pkt.pkt_alloc_buffer: (wifi): RDATA (rx_bufs) [159] frag 0x3c17286c ref 1 (eth_esp32_rx():153)[0m
[07:42:15.162] [1;32muart:~$ [m^[[1[12D[J[00:03:01.882,000] [0m<dbg> net_pkt.net_pkt_write: (wifi): pkt 0x3c173cf0 data 0x3c26f2aa length 250[0m
[07:42:15.179] [1;32muart:~$ [m^[[1[12D[J[00:03:01.882,000] [0m<dbg> net_pkt.net_pkt_unref_debug: (rx_q[0]): RX [39] pkt 0x3c173cf0 ref 0 frags 0x3c17286c (processing_data():157)[0m
[07:42:15.196] [1;32muart:~$ [m^[[1[12D[J[00:03:01.882,000] [0m<dbg> net_pkt.net_pkt_unref_debug: (rx_q[0]): RDATA (rx_bufs) [159] frag 0x3c17286c ref 0 frags 0 (processing_data():157)[0m
[07:42:15.213] [1;32muart:~$ [m^[[1[12D[J[00:03:01.882,000] [0m<dbg> net_pkt.net_pkt_frag_unref_debug: (rx_q[0]): RDATA (rx_bufs) [159] frag 0x3c17286c ref 0 (net_pkt_unref_debug():612)[0m
[07:42:15.230] [1;32muart:~$ [m^[[1[12D[J[00:03:01.883,000] [0m<dbg> net_pkt.net_pkt_print: (rx_q[0]): TX 16 RX 40 RDATA 160 TDATA 80[0m
[07:42:15.246] [1;32muart:~$ [m^[[1[12D[J[1;32muart:~$ [m^[[1[12D[J[1;32muart:~$ [m^[[1[12D[J[1;31m[1;31m--- 2 messages dropped ---
[07:42:15.827] [0m[m[00:03:02.166,000] [0m<dbg> net_pkt.pkt_alloc_buffer: (wifi): RDATA (rx_bufs) [159] frag 0x3c17286c ref 1 (eth_esp32_rx():153)[0m
[07:42:15.828] [1;32muart:~$ [m^[[1[12D[J[00:03:02.166,000] [0m<dbg> net_pkt.net_pkt_write: (wifi): pkt 0x3c173cf0 data 0x3c26f2aa length 60[0m
[07:42:15.844] [1;32muart:~$ [m^[[1[12D[J[00:03:02.166,000] [0m<dbg> net_pkt.net_pkt_unref_debug: (rx_q[0]): RX [39] pkt 0x3c173cf0 ref 0 frags 0x3c17286c (processing_data():157)[0m
[07:42:15.861] [1;32muart:~$ [m^[[1[12D[J[00:03:02.166,000] [0m<dbg> net_pkt.net_pkt_unref_debug: (rx_q[0]): RDATA (rx_bufs) [159] frag 0x3c17286c ref 0 frags 0 (processing_data():157)[0m
[07:42:15.878] [1;32muart:~$ [m^[[1[12D[J[00:03:02.166,000] [0m<dbg> net_pkt.net_pkt_frag_unref_debug: (rx_q[0]): RDATA (rx_bufs) [159] frag 0x3c17286c ref 0 (net_pkt_unref_debug():612)[0m
[07:42:15.894] [1;32muart:~$ [m^[[1[12D[J[00:03:02.166,000] [0m<dbg> net_pkt.net_pkt_print: (rx_q[0]): TX 16 RX 40 RDATA 160 TDATA 80[0m
[07:42:15.910] [1;32muart:~$ [m^[[1[12D[J[00:03:02.780,000] [0m<dbg> net_pkt.pkt_alloc_with_buffer: (wifi): On iface 1 (0x3fc9ea10) size 250[0m
[07:42:15.927] [1;32muart:~$ [m^[[1[12D[J[00:03:02.780,000] [0m<dbg> net_pkt.net_pkt_alloc_buffer_with_reserve_debug: (wifi): Data allocation maximum size 250 (requested 250, reserve 0)[0m
[07:42:15.944] [1;32muart:~$ [m^[[1[12D[J[00:03:02.780,000] [0m<dbg> net_pkt.pkt_alloc_buffer: (wifi): RDATA (rx_bufs) [159] frag 0x3c17286c ref 1 (eth_esp32_rx():153)[0m
[07:42:15.960] [1;32muart:~$ [m^[[1[12D[J[00:03:02.780,000] [0m<dbg> net_pkt.net_pkt_write: (wifi): pkt 0x3c173cf0 data 0x3c26f2aa length 250[0m
[07:42:15.976] [1;32muart:~$ [m^[[1[12D[J[00:03:02.780,000] [0m<dbg> net_pkt.net_pkt_unref_debug: (rx_q[0]): RX [39] pkt 0x3c173cf0 ref 0 frags 0x3c17286c (processing_data():157)[0m
[07:42:15.993] [1;32muart:~$ [m^[[1[12D[J[00:03:02.780,000] [0m<dbg> net_pkt.net_pkt_unref_debug: (rx_q[0]): RDATA (rx_bufs) [159] frag 0x3c17286c ref 0 frags 0 (processing_data():157)[0m
[07:42:16.010] [1;32muart:~$ [m^[[1[12D[J[00:03:02.780,000] [0m<dbg> net_pkt.net_pkt_frag_unref_debug: (rx_q[0]): RDATA (rx_bufs) [159] frag 0x3c17286c ref 0 (net_pkt_unref_debug():612)[0m
[07:42:16.027] [1;32muart:~$ [m^[[1[12D[J[00:03:02.781,000] [0m<dbg> net_pkt.net_pkt_print: (rx_q[0]): TX 16 RX 40 RDATA 160 TDATA 80[0m
[07:42:16.043] [1;32muart:~$ [m^[[1[12D[J[1;32muart:~$ [m^[[1[12D[J[1;32muart:~$ [m^[[1[12D[J[1;31m[1;31m--- 40 messages dropped ---
[07:42:16.652] [0m[m[00:03:03.602,000] [0m<dbg> net_pkt.net_pkt_read: (rx_q[0]): pkt 0x3c172ee0 data 0x3fcc36ae length 74[0m
[07:42:16.653] [1;32muart:~$ [m^[[1[12D[J[00:03:03.602,000] [0m<dbg> net_pkt.net_pkt_unref_debug: (rx_q[0]): TX [15] pkt 0x3c172ee0 ref 1 frags 0x3c15d4bc (ethernet_send():800)[0m
[07:42:16.670] [1;32muart:~$ [m^[[1[12D[J[00:03:03.602,000] [0m<dbg> net_pkt.net_pkt_unref_debug: (rx_q[0]): TX [15] pkt 0x3c172ee0 ref 0 frags 0x3c15d4bc (tcp_send():472)[0m
[07:42:16.686] [1;32muart:~$ [m^[[1[12D[J[00:03:03.602,000] [0m<dbg> net_pkt.net_pkt_unref_debug: (rx_q[0]): TDATA (tx_bufs) [78] frag 0x3c15d4bc ref 0 frags 0x3c15d4a0 (tcp_send():472)[0m
[07:42:16.703] [1;32muart:~$ [m^[[1[12D[J[00:03:03.602,000] [0m<dbg> net_pkt.net_pkt_unref_debug: (rx_q[0]): TDATA (tx_bufs) [78] frag 0x3c15d4a0 ref 0 frags 0 (tcp_send():472)[0m
[07:42:16.720] [1;32muart:~$ [m^[[1[12D[J[00:03:03.602,000] [0m<dbg> net_pkt.net_pkt_frag_unref_debug: (rx_q[0]): TDATA (tx_bufs) [78] frag 0x3c15d4bc ref 0 (net_pkt_unref_debug():612)[0m
[07:42:16.736] [1;32muart:~$ [m^[[1[12D[J[00:03:03.602,000] [0m<dbg> net_pkt.net_pkt_frag_unref_debug: (rx_q[0]): TDATA (tx_bufs) [79] frag 0x3c15d4a0 ref 0 (net_pkt_unref_debug():612)[0m
[07:42:16.753] [1;32muart:~$ [m^[[1[12D[J[00:03:03.602,000] [0m<dbg> net_pkt.net_pkt_print: (rx_q[0]): TX 16 RX 39 RDATA 159 TDATA 80[0m
[07:42:16.769] [1;32muart:~$ [m^[[1[12D[J[00:03:03.604,000] [0m<dbg> net_pkt.net_pkt_read: (llss_thread): pkt 0x3c173cf0 data 0x3c246e00 length 5[0m
[07:42:16.786] [1;32muart:~$ [m^[[1[12D[J[00:03:03.604,000] [0m<dbg> net_pkt.net_pkt_read: (llss_thread): pkt 0x3c173cf0 data 0x3c246e05 length 233[0m
[07:42:16.802] [1;32muart:~$ [m^[[1[12D[J[00:03:03.604,000] [0m<dbg> net_pkt.net_pkt_unref_debug: (llss_thread): RX [39] pkt 0x3c173cf0 ref 0 frags 0x3c17286c (zsock_recv_stream_immediate():1423)[0m
[07:42:16.819] [1;32muart:~$ [m^[[1[12D[J[00:03:03.604,000] [0m<dbg> net_pkt.net_pkt_unref_debug: (llss_thread): RDATA (rx_bufs) [159] frag 0x3c17286c ref 0 frags 0 (zsock_recv_stream_immediate():1423)[0m
[07:42:16.836] [1;32muart:~$ [m^[[1[12D[J[00:03:03.604,000] [0m<dbg> net_pkt.net_pkt_frag_unref_debug: (llss_thread): RDATA (rx_bufs) [159] frag 0x3c17286c ref 0 (net_pkt_unref_debug():612)[0m
[07:42:16.853] [1;32muart:~$ [m^[[1[12D[J[1;32muart:~$ [m^[[1[12D[J[1;32muart:~$ [m^[[1[12D[J[00:03:05.237,000] [0m<dbg> net_pkt.pkt_alloc_with_buffer: (wifi): On iface 1 (0x3fc9ea10) size 60[0m
[07:42:19.284] [1;32muart:~$ [m^[[1[12D[J[00:03:05.237,000] [0m<dbg> net_pkt.net_pkt_alloc_buffer_with_reserve_debug: (wifi): Data allocation maximum size 60 (requested 60, reserve 0)[0m
[07:42:19.301] [1;32muart:~$ [m^[[1[12D[J[00:03:05.238,000] [0m<dbg> net_pkt.pkt_alloc_buffer: (wifi): RDATA (rx_bufs) [159] frag 0x3c17286c ref 1 (eth_esp32_rx():153)[0m
[07:42:19.317] [1;32muart:~$ [m^[[1[12D[J[00:03:05.238,000] [0m<dbg> net_pkt.net_pkt_write: (wifi): pkt 0x3c173cf0 data 0x3c26f2aa length 60[0m
[07:42:19.334] [1;32muart:~$ [m^[[1[12D[J[00:03:05.238,000] [0m<dbg> net_pkt.net_pkt_unref_debug: (rx_q[0]): RX [39] pkt 0x3c173cf0 ref 0 frags 0x3c17286c (processing_data():157)[0m
[07:42:19.350] [1;32muart:~$ [m^[[1[12D[J[00:03:05.238,000] [0m<dbg> net_pkt.net_pkt_unref_debug: (rx_q[0]): RDATA (rx_bufs) [159] frag 0x3c17286c ref 0 frags 0 (processing_data():157)[0m
[07:42:19.367] [1;32muart:~$ [m^[[1[12D[J[00:03:05.238,000] [0m<dbg> net_pkt.net_pkt_frag_unref_debug: (rx_q[0]): RDATA (rx_bufs) [159] frag 0x3c17286c ref 0 (net_pkt_unref_debug():612)[0m
[07:42:19.383] [1;32muart:~$ [m^[[1[12D[J[00:03:05.238,000] [0m<dbg> net_pkt.net_pkt_print: (rx_q[0]): TX 16 RX 40 RDATA 160 TDATA 80[0m
[07:42:19.399] [1;32muart:~$ [m^[[1[12D[J[1;32muart:~$ [m^[[1[12D[J[1;32muart:~$ [m^[[1[12D[J[1;31m[1;31m--- 21 messages dropped ---
[07:42:19.906] [0m[m[00:03:06.858,000] [0m<dbg> net_pkt.net_pkt_write: (sysworkq): pkt 0x3c172ee0 data 0x3c1534a0 length 40[0m
[07:42:19.907] [1;32muart:~$ [m^[[1[12D[J[00:03:06.858,000] [0m<dbg> net_pkt.net_pkt_skip: (sysworkq): pkt 0x3c172ee0 skip 40[0m
[07:42:19.924] [1;32muart:~$ [m^[[1[12D[J[1;31m[1;31m--- 4 messages dropped ---
[07:42:19.939] [0m[m[00:03:06.858,000] [0m<dbg> net_pkt.net_pkt_skip: (sysworkq): pkt 0x3c172ee0 skip 8[0m
[07:42:19.940] [1;32muart:~$ [m^[[1[12D[J[00:03:06.858,000] [0m<dbg> net_pkt.net_pkt_skip: (sysworkq): pkt 0x3c172ee0 skip 32[0m
[07:42:19.956] [1;32muart:~$ [m^[[1[12D[J[00:03:06.858,000] [0m<dbg> net_pkt.net_pkt_write: (sysworkq): pkt 0x3c172ee0 data 0x3c1534c8 length 4[0m
[07:42:19.973] [1;32muart:~$ [m^[[1[12D[J[00:03:06.858,000] [0m<dbg> net_pkt.net_pkt_skip: (sysworkq): pkt 0x3c172ee0 skip 4[0m
[07:42:19.989] [1;32muart:~$ [m^[[1[12D[J[00:03:06.858,000] [0m<dbg> net_pkt.net_pkt_get_reserve_data_debug: (sysworkq): TDATA (tx_bufs) [78] frag 0x3c15d4bc ref 1 (ethernet_fill_header():610)[0m
[07:42:20.006] [1;32muart:~$ [m^[[1[12D[J[00:03:06.858,000] [0m<dbg> net_pkt.net_pkt_frag_insert_debug: (sysworkq): pkt 0x3c172ee0 frag 0x3c15d4bc (ethernet_fill_header:669)[0m
[07:42:20.022] [1;32muart:~$ [m^[[1[12D[J[00:03:06.858,000] [0m<dbg> net_pkt.net_pkt_read: (sysworkq): pkt 0x3c172ee0 data 0x3fcc36ae length 86[0m
[07:42:20.038] [1;32muart:~$ [m^[[1[12D[J[00:03:06.859,000] [0m<dbg> net_pkt.net_pkt_frag_unref_debug: (sysworkq): TDATA (tx_bufs) [79] frag 0x3c15d4a0 ref 0 (net_pkt_unref_debug():612)[0m
[07:42:20.055] [1;32muart:~$ [m^[[1[12D[J[00:03:06.864,000] [0m<dbg> net_pkt.pkt_alloc_with_buffer: (wifi): On iface 1 (0x3fc9ea10) size 78[0m
[07:42:20.071] [1;32muart:~$ [m^[[1[12D[J[00:03:06.864,000] [0m<dbg> net_pkt.net_pkt_alloc_buffer_with_reserve_debug: (wifi): Data allocation maximum size 78 (requested 78, reserve 0)[0m
[07:42:20.088] [1;32muart:~$ [m^[[1[12D[J[00:03:06.864,000] [0m<dbg> net_pkt.pkt_alloc_buffer: (wifi): RDATA (rx_bufs) [159] frag 0x3c17286c ref 1 (eth_esp32_rx():153)[0m
[07:42:20.105] [1;32muart:~$ [m^[[1[12D[J[00:03:06.864,000] [0m<dbg> net_pkt.net_pkt_write: (wifi): pkt 0x3c173cf0 data 0x3c26f2ac length 78[0m
[07:42:20.122] [1;32muart:~$ [m^[[1[12D[J[00:03:06.865,000] [0m<dbg> net_pkt.net_pkt_skip: (rx_q[0]): pkt 0x3c173cf0 skip 40[0m
[07:42:20.138] [1;32muart:~$ [m^[[1[12D[J[00:03:06.865,000] [0m<dbg> net_pkt.net_pkt_skip: (rx_q[0]): pkt 0x3c173cf0 skip 8[0m
[07:42:20.154] [1;32muart:~$ [m^[[1[12D[J[00:03:06.865,000] [0m<dbg> net_pkt.net_pkt_skip: (rx_q[0]): pkt 0x3c173cf0 skip 32[0m
[07:42:20.170] [1;32muart:~$ [m^[[1[12D[J[00:03:06.865,000] [0m<dbg> net_pkt.net_pkt_skip: (rx_q[0]): pkt 0x3c173cf0 skip 4[0m
[07:42:20.186] [1;32muart:~$ [m^[[1[12D[J[00:03:06.865,000] [0m<dbg> net_pkt.net_pkt_unref_debug: (rx_q[0]): RX [39] pkt 0x3c173cf0 ref 0 frags 0x3c17286c (processing_data():157)[0m
[07:42:20.202] [1;32muart:~$ [m^[[1[12D[J[00:03:06.865,000] [0m<dbg> net_pkt.net_pkt_unref_debug: (rx_q[0]): RDATA (rx_bufs) [159] frag 0x3c17286c ref 0 frags 0 (processing_data():157)[0m
[07:42:20.219] [1;32muart:~$ [m^[[1[12D[J[00:03:06.865,000] [0m<dbg> net_pkt.net_pkt_frag_unref_debug: (rx_q[0]): RDATA (rx_bufs) [159] frag 0x3c17286c ref 0 (net_pkt_unref_debug():612)[0m
[07:42:20.235] [1;32muart:~$ [m^[[1[12D[J[00:03:06.865,000] [0m<dbg> net_pkt.net_pkt_print: (rx_q[0]): TX 16 RX 40 RDATA 160 TDATA 80[0m
[07:42:20.252] [1;32muart:~$ [m^[[1[12D[J[1;32muart:~$ [m^[[1[12D[J[1;32muart:~$ [m^[[1[12D[J[1;31m[1;31m--- 22 messages dropped ---
[07:42:20.908] [0m[m[00:03:07.860,000] [0m<dbg> net_pkt.net_pkt_skip: (sysworkq): pkt 0x3c172ee0 skip 40[0m
[07:42:20.911] [1;32muart:~$ [m^[[1[12D[J[1;31m[1;31m--- 4 messages dropped ---
[07:42:20.927] [0m[m[00:03:07.860,000] [0m<dbg> net_pkt.net_pkt_skip: (sysworkq): pkt 0x3c172ee0 skip 8[0m
[07:42:20.928] [1;32muart:~$ [m^[[1[12D[J[00:03:07.860,000] [0m<dbg> net_pkt.net_pkt_skip: (sysworkq): pkt 0x3c172ee0 skip 32[0m
[07:42:20.944] [1;32muart:~$ [m^[[1[12D[J[00:03:07.860,000] [0m<dbg> net_pkt.net_pkt_write: (sysworkq): pkt 0x3c172ee0 data 0x3c1534c8 length 4[0m
[07:42:20.961] [1;32muart:~$ [m^[[1[12D[J[00:03:07.860,000] [0m<dbg> net_pkt.net_pkt_skip: (sysworkq): pkt 0x3c172ee0 skip 4[0m
[07:42:20.977] [1;32muart:~$ [m^[[1[12D[J[00:03:07.860,000] [0m<dbg> net_pkt.net_pkt_get_reserve_data_debug: (sysworkq): TDATA (tx_bufs) [78] frag 0x3c15d4bc ref 1 (ethernet_fill_header():610)[0m
[07:42:20.994] [1;32muart:~$ [m^[[1[12D[J[00:03:07.860,000] [0m<dbg> net_pkt.net_pkt_frag_insert_debug: (sysworkq): pkt 0x3c172ee0 frag 0x3c15d4bc (ethernet_fill_header:669)[0m
[07:42:21.010] [1;32muart:~$ [m^[[1[12D[J[00:03:07.860,000] [0m<dbg> net_pkt.net_pkt_read: (sysworkq): pkt 0x3c172ee0 data 0x3fcc36ae length 86[0m
[07:42:21.026] [1;32muart:~$ [m^[[1[12D[J[00:03:07.860,000] [0m<dbg> net_pkt.net_pkt_frag_unref_debug: (sysworkq): TDATA (tx_bufs) [79] frag 0x3c15d4a0 ref 0 (net_pkt_unref_debug():612)[0m
[07:42:21.043] [1;32muart:~$ [m^[[1[12D[J[00:03:07.864,000] [0m<dbg> net_pkt.pkt_alloc_with_buffer: (wifi): On iface 1 (0x3fc9ea10) size 78[0m
[07:42:21.059] [1;32muart:~$ [m^[[1[12D[J[00:03:07.864,000] [0m<dbg> net_pkt.net_pkt_alloc_buffer_with_reserve_debug: (wifi): Data allocation maximum size 78 (requested 78, reserve 0)[0m
[07:42:21.076] [1;32muart:~$ [m^[[1[12D[J[00:03:07.864,000] [0m<dbg> net_pkt.pkt_alloc_buffer: (wifi): RDATA (rx_bufs) [159] frag 0x3c17286c ref 1 (eth_esp32_rx():153)[0m
[07:42:21.093] [1;32muart:~$ [m^[[1[12D[J[00:03:07.864,000] [0m<dbg> net_pkt.net_pkt_write: (wifi): pkt 0x3c173cf0 data 0x3c26f2ac length 78[0m
[07:42:21.109] [1;32muart:~$ [m^[[1[12D[J[00:03:07.865,000] [0m<dbg> net_pkt.net_pkt_skip: (rx_q[0]): pkt 0x3c173cf0 skip 40[0m
[07:42:21.125] [1;32muart:~$ [m^[[1[12D[J[00:03:07.865,000] [0m<dbg> net_pkt.net_pkt_skip: (rx_q[0]): pkt 0x3c173cf0 skip 8[0m
[07:42:21.141] [1;32muart:~$ [m^[[1[12D[J[00:03:07.865,000] [0m<dbg> net_pkt.net_pkt_skip: (rx_q[0]): pkt 0x3c173cf0 skip 32[0m
[07:42:21.158] [1;32muart:~$ [m^[[1[12D[J[00:03:07.865,000] [0m<dbg> net_pkt.net_pkt_skip: (rx_q[0]): pkt 0x3c173cf0 skip 4[0m
[07:42:21.174] [1;32muart:~$ [m^[[1[12D[J[00:03:07.865,000] [0m<dbg> net_pkt.net_pkt_unref_debug: (rx_q[0]): RX [39] pkt 0x3c173cf0 ref 0 frags 0x3c17286c (processing_data():157)[0m
[07:42:21.190] [1;32muart:~$ [m^[[1[12D[J[00:03:07.865,000] [0m<dbg> net_pkt.net_pkt_unref_debug: (rx_q[0]): RDATA (rx_bufs) [159] frag 0x3c17286c ref 0 frags 0 (processing_data():157)[0m
[07:42:21.207] [1;32muart:~$ [m^[[1[12D[J[00:03:07.865,000] [0m<dbg> net_pkt.net_pkt_frag_unref_debug: (rx_q[0]): RDATA (rx_bufs) [159] frag 0x3c17286c ref 0 (net_pkt_unref_debug():612)[0m
[07:42:21.223] [1;32muart:~$ [m^[[1[12D[J[00:03:07.865,000] [0m<dbg> net_pkt.net_pkt_print: (rx_q[0]): TX 16 RX 40 RDATA 160 TDATA 80[0m
[07:42:21.239] [1;32muart:~$ [m^[[1[12D[J[1;32muart:~$ [m^[[1[12D[J[1;32muart:~$ [m^[[1[12D[J[1;31m[1;31m--- 95 messages dropped ---
[07:42:21.667] [0m[m[00:03:08.619,000] [0m<dbg> net_pkt.net_pkt_write: (wifi): pkt 0x3c173cf0 data 0x3c26f2ac length 74[0m
[07:42:21.667] [1;32muart:~$ [m^[[1[12D[J[00:03:08.619,000] [0m<dbg> net_pkt.net_pkt_skip: (rx_q[0]): pkt 0x3c173cf0 skip 40[0m
[07:42:21.684] [1;32muart:~$ [m^[[1[12D[J[00:03:08.619,000] [0m<dbg> net_pkt.net_pkt_skip: (rx_q[0]): pkt 0x3c173cf0 skip 8[0m
[07:42:21.700] [1;32muart:~$ [m^[[1[12D[J[00:03:08.619,000] [0m<dbg> net_pkt.net_pkt_skip: (rx_q[0]): pkt 0x3c173cf0 skip 32[0m
[07:42:21.717] [1;32muart:~$ [m^[[1[12D[J[00:03:08.619,000] [0m<dbg> net_pkt.net_pkt_write: (rx_q[0]): pkt 0x3c173cf0 data 0x3c16a796 length 20[0m
[07:42:21.733] [1;32muart:~$ [m^[[1[12D[J[00:03:08.619,000] [0m<dbg> net_pkt.net_pkt_skip: (rx_q[0]): pkt 0x3c173cf0 skip 20[0m
[07:42:21.749] [1;32muart:~$ [m^[[1[12D[J[00:03:08.620,000] [0m<dbg> net_pkt.net_pkt_skip: (rx_q[0]): pkt 0x3c173cf0 skip 40[0m
[07:42:21.766] [1;32muart:~$ [m^[[1[12D[J[00:03:08.620,000] [0m<dbg> net_pkt.net_pkt_skip: (rx_q[0]): pkt 0x3c173cf0 skip 40[0m
[07:42:21.782] [1;32muart:~$ [m^[[1[12D[J[00:03:08.620,000] [0m<dbg> net_pkt.net_pkt_skip: (rx_q[0]): pkt 0x3c173cf0 skip 40[0m
[07:42:21.798] [1;32muart:~$ [m^[[1[12D[J[00:03:08.620,000] [0m<dbg> net_pkt.net_pkt_skip: (rx_q[0]): pkt 0x3c173cf0 skip 40[0m
[07:42:21.814] [1;32muart:~$ [m^[[1[12D[J[00:03:08.620,000] [0m<dbg> net_pkt.net_pkt_skip: (rx_q[0]): pkt 0x3c173cf0 skip 40[0m
[07:42:21.830] [1;32muart:~$ [m^[[1[12D[J[00:03:08.620,000] [0m<dbg> net_pkt.net_pkt_unref_debug: (rx_q[0]): RX [39] pkt 0x3c173cf0 ref 0 frags 0x3c17286c (tcp_in():3635)[0m
[07:42:21.847] [1;32muart:~$ [m^[[1[12D[J[00:03:08.620,000] [0m<dbg> net_pkt.net_pkt_unref_debug: (rx_q[0]): RDATA (rx_bufs) [159] frag 0x3c17286c ref 0 frags 0 (tcp_in():3635)[0m
[07:42:21.863] [1;32muart:~$ [m^[[1[12D[J[00:03:08.620,000] [0m<dbg> net_pkt.net_pkt_frag_unref_debug: (rx_q[0]): RDATA (rx_bufs) [159] frag 0x3c17286c ref 0 (net_pkt_unref_debug():612)[0m
[07:42:21.880] [1;32muart:~$ [m^[[1[12D[J[00:03:08.620,000] [0m<dbg> net_pkt.net_pkt_print: (rx_q[0]): TX 16 RX 40 RDATA 160 TDATA 80[0m
[07:42:21.896] [1;32muart:~$ [m^[[1[12D[J[1;31m[1;31m--- 13 messages dropped ---
[07:42:21.916] [0m[m[00:03:08.861,000] [0m<dbg> net_pkt.net_pkt_write: (sysworkq): pkt 0x3c172ee0 data 0x3c1534a0 length 40[0m
[07:42:21.917] [1;32muart:~$ [m^[[1[12D[J[1;31m[1;31m--- 49 messages dropped ---
[07:42:21.933] [0m[m[00:03:08.861,000] [0m<dbg> net_pkt.net_pkt_skip: (sysworkq): pkt 0x3c172ee0 skip 40[0m
[07:42:21.933] [1;32muart:~$ [m^[[1[12D[J[00:03:08.861,000] [0m<dbg> net_pkt.net_pkt_skip: (sysworkq): pkt 0x3c172ee0 skip 8[0m
[07:42:21.949] [1;32muart:~$ [m^[[1[12D[J[00:03:08.861,000] [0m<dbg> net_pkt.net_pkt_skip: (sysworkq): pkt 0x3c172ee0 skip 32[0m
[07:42:21.966] [1;32muart:~$ [m^[[1[12D[J[00:03:08.861,000] [0m<dbg> net_pkt.net_pkt_write: (sysworkq): pkt 0x3c172ee0 data 0x3c1534c8 length 4[0m
[07:42:21.983] [1;32muart:~$ [m^[[1[12D[J[00:03:08.861,000] [0m<dbg> net_pkt.net_pkt_skip: (sysworkq): pkt 0x3c172ee0 skip 4[0m
[07:42:21.999] [1;32muart:~$ [m^[[1[12D[J[00:03:08.861,000] [0m<dbg> net_pkt.net_pkt_get_reserve_data_debug: (sysworkq): TDATA (tx_bufs) [78] frag 0x3c15d4bc ref 1 (ethernet_fill_header():610)[0m
[07:42:22.016] [1;32muart:~$ [m^[[1[12D[J[00:03:08.862,000] [0m<dbg> net_pkt.net_pkt_frag_insert_debug: (sysworkq): pkt 0x3c172ee0 frag 0x3c15d4bc (ethernet_fill_header:669)[0m
[07:42:22.032] [1;32muart:~$ [m^[[1[12D[J[00:03:08.867,000] [0m<dbg> net_pkt.net_pkt_frag_unref_debug: (rx_q[0]): RDATA (rx_bufs) [159] frag 0x3c17286c ref 0 (net_pkt_unref_debug():612)[0m
[07:42:22.049] [1;32muart:~$ [m^[[1[12D[J[00:03:08.868,000] [0m<dbg> net_pkt.net_pkt_print: (rx_q[0]): TX 16 RX 40 RDATA 160 TDATA 80[0m
[07:42:22.065] [1;32muart:~$ [m^[[1[12D[J[00:03:08.869,000] [0m<dbg> net_pkt.pkt_alloc_with_buffer: (wifi): On iface 1 (0x3fc9ea10) size 78[0m
[07:42:22.081] [1;32muart:~$ [m^[[1[12D[J[00:03:08.869,000] [0m<dbg> net_pkt.net_pkt_alloc_buffer_with_reserve_debug: (wifi): Data allocation maximum size 78 (requested 78, reserve 0)[0m
[07:42:22.097] [1;32muart:~$ [m^[[1[12D[J[00:03:08.869,000] [0m<dbg> net_pkt.pkt_alloc_buffer: (wifi): RDATA (rx_bufs) [159] frag 0x3c17286c ref 1 (eth_esp32_rx():153)[0m
[07:42:22.114] [1;32muart:~$ [m^[[1[12D[J[00:03:08.869,000] [0m<dbg> net_pkt.net_pkt_write: (wifi): pkt 0x3c173cf0 data 0x3c26f2ac length 78[0m
[07:42:22.130] [1;32muart:~$ [m^[[1[12D[J[00:03:08.869,000] [0m<dbg> net_pkt.net_pkt_skip: (rx_q[0]): pkt 0x3c173cf0 skip 40[0m
[07:42:22.146] [1;32muart:~$ [m^[[1[12D[J[00:03:08.869,000] [0m<dbg> net_pkt.net_pkt_skip: (rx_q[0]): pkt 0x3c173cf0 skip 8[0m
[07:42:22.162] [1;32muart:~$ [m^[[1[12D[J[00:03:08.869,000] [0m<dbg> net_pkt.net_pkt_skip: (rx_q[0]): pkt 0x3c173cf0 skip 4[0m
[07:42:22.179] [1;32muart:~$ [m^[[1[12D[J[00:03:08.869,000] [0m<dbg> net_pkt.net_pkt_unref_debug: (rx_q[0]): RX [39] pkt 0x3c173cf0 ref 0 frags 0x3c17286c (processing_data():157)[0m
[07:42:22.195] [1;32muart:~$ [m^[[1[12D[J[00:03:08.869,000] [0m<dbg> net_pkt.net_pkt_unref_debug: (rx_q[0]): RDATA (rx_bufs) [159] frag 0x3c17286c ref 0 frags 0 (processing_data():157)[0m
[07:42:22.212] [1;32muart:~$ [m^[[1[12D[J[00:03:08.869,000] [0m<dbg> net_pkt.net_pkt_frag_unref_debug: (rx_q[0]): RDATA (rx_bufs) [159] frag 0x3c17286c ref 0 (net_pkt_unref_debug():612)[0m
[07:42:22.228] [1;32muart:~$ [m^[[1[12D[J[00:03:08.869,000] [0m<dbg> net_pkt.net_pkt_print: (rx_q[0]): TX 16 RX 40 RDATA 160 TDATA 80[0m
[07:42:22.245] [1;32muart:~$ [m^[[1[12D[J[1;32muart:~$ [m^[[1[12D[J[1;32muart:~$ [m^[[1[12D[J[1;31m[1;31m--- 3 messages dropped ---
[07:42:23.199] [0m[m[00:03:09.334,000] [0m<dbg> net_pkt.net_pkt_write: (wifi): pkt 0x3c173cf0 data 0x3c26f2aa length 60[0m
[07:42:23.200] [1;32muart:~$ [m^[[1[12D[J[00:03:09.334,000] [0m<dbg> net_pkt.net_pkt_unref_debug: (rx_q[0]): RX [39] pkt 0x3c173cf0 ref 0 frags 0x3c17286c (processing_data():157)[0m
[07:42:23.217] [1;32muart:~$ [m^[[1[12D[J[00:03:09.334,000] [0m<dbg> net_pkt.net_pkt_unref_debug: (rx_q[0]): RDATA (rx_bufs) [159] frag 0x3c17286c ref 0 frags 0 (processing_data():157)[0m
[07:42:23.234] [1;32muart:~$ [m^[[1[12D[J[00:03:09.334,000] [0m<dbg> net_pkt.net_pkt_frag_unref_debug: (rx_q[0]): RDATA (rx_bufs) [159] frag 0x3c17286c ref 0 (net_pkt_unref_debug():612)[0m
[07:42:23.251] [1;32muart:~$ [m^[[1[12D[J[00:03:09.334,000] [0m<dbg> net_pkt.net_pkt_print: (rx_q[0]): TX 16 RX 40 RDATA 160 TDATA 80[0m
[07:42:23.267] [1;32muart:~$ [m^[[1[12D[J[00:03:10.153,000] [0m<dbg> net_pkt.pkt_alloc_with_buffer: (wifi): On iface 1 (0x3fc9ea10) size 60[0m
[07:42:23.283] [1;32muart:~$ [m^[[1[12D[J[00:03:10.153,000] [0m<dbg> net_pkt.net_pkt_alloc_buffer_with_reserve_debug: (wifi): Data allocation maximum size 60 (requested 60, reserve 0)[0m
[07:42:23.300] [1;32muart:~$ [m^[[1[12D[J[00:03:10.153,000] [0m<dbg> net_pkt.pkt_alloc_buffer: (wifi): RDATA (rx_bufs) [159] frag 0x3c17286c ref 1 (eth_esp32_rx():153)[0m
[07:42:23.317] [1;32muart:~$ [m^[[1[12D[J[00:03:10.153,000] [0m<dbg> net_pkt.net_pkt_write: (wifi): pkt 0x3c173cf0 data 0x3c26f2aa length 60[0m
[07:42:23.333] [1;32muart:~$ [m^[[1[12D[J[00:03:10.153,000] [0m<dbg> net_pkt.net_pkt_unref_debug: (rx_q[0]): RX [39] pkt 0x3c173cf0 ref 0 frags 0x3c17286c (processing_data():157)[0m
[07:42:23.350] [1;32muart:~$ [m^[[1[12D[J[00:03:10.153,000] [0m<dbg> net_pkt.net_pkt_unref_debug: (rx_q[0]): RDATA (rx_bufs) [159] frag 0x3c17286c ref 0 frags 0 (processing_data():157)[0m
[07:42:23.366] [1;32muart:~$ [m^[[1[12D[J[00:03:10.153,000] [0m<dbg> net_pkt.net_pkt_frag_unref_debug: (rx_q[0]): RDATA (rx_bufs) [159] frag 0x3c17286c ref 0 (net_pkt_unref_debug():612)[0m
[07:42:23.383] [1;32muart:~$ [m^[[1[12D[J[00:03:10.153,000] [0m<dbg> net_pkt.net_pkt_print: (rx_q[0]): TX 16 RX 40 RDATA 160 TDATA 80[0m
[07:42:23.399] [1;32muart:~$ [m^[[1[12D[J[1;31m[1;31m--- 77 messages dropped ---
[07:42:23.415] [0m[m[00:03:10.365,000] [0m<dbg> net_pkt.net_pkt_get_reserve_data_debug: (rx_q[0]): TDATA (tx_bufs) [78] frag 0x3c15d4bc ref 1 (ethernet_fill_header():610)[0m
[07:42:23.416] [1;32muart:~$ [m^[[1[12D[J[00:03:10.365,000] [0m<dbg> net_pkt.net_pkt_frag_insert_debug: (rx_q[0]): pkt 0x3c172ee0 frag 0x3c15d4bc (ethernet_fill_header:669)[0m
[07:42:23.433] [1;32muart:~$ [m^[[1[12D[J[00:03:10.366,000] [0m<dbg> net_pkt.net_pkt_read: (rx_q[0]): pkt 0x3c172ee0 data 0x3fcc36ae length 74[0m
[07:42:23.449] [1;32muart:~$ [m^[[1[12D[J[00:03:10.366,000] [0m<dbg> net_pkt.net_pkt_unref_debug: (rx_q[0]): TX [15] pkt 0x3c172ee0 ref 1 frags 0x3c15d4bc (ethernet_send():800)[0m
[07:42:23.466] [1;32muart:~$ [m^[[1[12D[J[00:03:10.366,000] [0m<dbg> net_pkt.net_pkt_unref_debug: (rx_q[0]): TX [15] pkt 0x3c172ee0 ref 0 frags 0x3c15d4bc (handle_na_neighbor():1896)[0m
[07:42:23.483] [1;32muart:~$ [m^[[1[12D[J[00:03:10.366,000] [0m<dbg> net_pkt.net_pkt_unref_debug: (rx_q[0]): TDATA (tx_bufs) [78] frag 0x3c15d4bc ref 0 frags 0x3c15d4a0 (handle_na_neighbor():1896)[0m
[07:42:23.500] [1;32muart:~$ [m^[[1[12D[J[00:03:10.366,000] [0m<dbg> net_pkt.net_pkt_unref_debug: (rx_q[0]): TDATA (tx_bufs) [78] frag 0x3c15d4a0 ref 0 frags 0 (handle_na_neighbor():1896)[0m
[07:42:23.517] [1;32muart:~$ [m^[[1[12D[J[00:03:10.366,000] [0m<dbg> net_pkt.net_pkt_frag_unref_debug: (rx_q[0]): TDATA (tx_bufs) [78] frag 0x3c15d4bc ref 0 (net_pkt_unref_debug():612)[0m
[07:42:23.534] [1;32muart:~$ [m^[[1[12D[J[00:03:10.366,000] [0m<dbg> net_pkt.net_pkt_frag_unref_debug: (rx_q[0]): TDATA (tx_bufs) [79] frag 0x3c15d4a0 ref 0 (net_pkt_unref_debug():612)[0m
[07:42:23.551] [1;32muart:~$ [m^[[1[12D[J[00:03:10.366,000] [0m<dbg> net_pkt.net_pkt_unref_debug: (rx_q[0]): RX [39] pkt 0x3c173cf0 ref 0 frags 0x3c17286c (net_icmpv6_input():408)[0m
[07:42:23.567] [1;32muart:~$ [m^[[1[12D[J[00:03:10.366,000] [0m<dbg> net_pkt.net_pkt_unref_debug: (rx_q[0]): RDATA (rx_bufs) [159] frag 0x3c17286c ref 0 frags 0 (net_icmpv6_input():408)[0m
[07:42:23.584] [1;32muart:~$ [m^[[1[12D[J[00:03:10.366,000] [0m<dbg> net_pkt.net_pkt_frag_unref_debug: (rx_q[0]): RDATA (rx_bufs) [159] frag 0x3c17286c ref 0 (net_pkt_unref_debug():612)[0m
[07:42:23.600] [1;32muart:~$ [m^[[1[12D[J[00:03:10.366,000] [0m<dbg> net_pkt.net_pkt_print: (rx_q[0]): TX 16 RX 40 RDATA 160 TDATA 80[0m
[07:42:23.617] [1;32muart:~$ [m^[[1[12D[J[1;32muart:~$ [m^[[1[12D[J[1;32muart:~$ [m^[[1[12D[J[1;31m[1;31m--- 39 messages dropped ---
[07:42:24.841] [0m[m[00:03:11.793,000] [0m<dbg> net_pkt.net_pkt_skip: (rx_q[0]): pkt 0x3c172ee0 skip 4[0m
[07:42:24.842] [1;32muart:~$ [m^[[1[12D[J[00:03:11.793,000] [0m<dbg> net_pkt.net_pkt_get_reserve_data_debug: (rx_q[0]): TDATA (tx_bufs) [78] frag 0x3c15d4bc ref 1 (ethernet_fill_header():610)[0m
[07:42:24.859] [1;32muart:~$ [m^[[1[12D[J[00:03:11.793,000] [0m<dbg> net_pkt.net_pkt_frag_insert_debug: (rx_q[0]): pkt 0x3c172ee0 frag 0x3c15d4bc (ethernet_fill_header:669)[0m
[07:42:24.876] [1;32muart:~$ [m^[[1[12D[J[00:03:11.794,000] [0m<dbg> net_pkt.net_pkt_read: (rx_q[0]): pkt 0x3c172ee0 data 0x3fcc36ae length 86[0m
[07:42:24.893] [1;32muart:~$ [m^[[1[12D[J[00:03:11.794,000] [0m<dbg> net_pkt.net_pkt_unref_debug: (rx_q[0]): TX [15] pkt 0x3c172ee0 ref 0 frags 0x3c15d4bc (ethernet_send():800)[0m
[07:42:24.910] [1;32muart:~$ [m^[[1[12D[J[00:03:11.794,000] [0m<dbg> net_pkt.net_pkt_unref_debug: (rx_q[0]): TDATA (tx_bufs) [78] frag 0x3c15d4bc ref 0 frags 0x3c15d4a0 (ethernet_send():800)[0m
[07:42:24.927] [1;32muart:~$ [m^[[1[12D[J[00:03:11.794,000] [0m<dbg> net_pkt.net_pkt_unref_debug: (rx_q[0]): TDATA (tx_bufs) [78] frag 0x3c15d4a0 ref 0 frags 0 (ethernet_send():800)[0m
[07:42:24.944] [1;32muart:~$ [m^[[1[12D[J[00:03:11.794,000] [0m<dbg> net_pkt.net_pkt_frag_unref_debug: (rx_q[0]): TDATA (tx_bufs) [78] frag 0x3c15d4bc ref 0 (net_pkt_unref_debug():612)[0m
[07:42:24.960] [1;32muart:~$ [m^[[1[12D[J[00:03:11.794,000] [0m<dbg> net_pkt.net_pkt_frag_unref_debug: (rx_q[0]): TDATA (tx_bufs) [79] frag 0x3c15d4a0 ref 0 (net_pkt_unref_debug():612)[0m
[07:42:24.977] [1;32muart:~$ [m^[[1[12D[J[00:03:11.794,000] [0m<dbg> net_pkt.net_pkt_unref_debug: (rx_q[0]): RX [39] pkt 0x3c173cf0 ref 0 frags 0x3c17286c (net_icmpv6_input():408)[0m
[07:42:24.993] [1;32muart:~$ [m^[[1[12D[J[00:03:11.794,000] [0m<dbg> net_pkt.net_pkt_unref_debug: (rx_q[0]): RDATA (rx_bufs) [159] frag 0x3c17286c ref 0 frags 0 (net_icmpv6_input():408)[0m
[07:42:25.010] [1;32muart:~$ [m^[[1[12D[J[00:03:11.794,000] [0m<dbg> net_pkt.net_pkt_frag_unref_debug: (rx_q[0]): RDATA (rx_bufs) [159] frag 0x3c17286c ref 0 (net_pkt_unref_debug():612)[0m
[07:42:25.027] [1;32muart:~$ [m^[[1[12D[J[00:03:11.794,000] [0m<dbg> net_pkt.net_pkt_print: (rx_q[0]): TX 16 RX 40 RDATA 160 TDATA 80[0m
[07:42:25.043] [1;32muart:~$ [m^[[1[12D[J[1;32muart:~$ [m^[[1[12D[J[1;32muart:~$ [m^[[1[12D[J[00:03:12.201,000] [0m<dbg> net_pkt.pkt_alloc_with_buffer: (wifi): On iface 1 (0x3fc9ea10) size 60[0m
[07:42:26.247] [1;32muart:~$ [m^[[1[12D[J[00:03:12.201,000] [0m<dbg> net_pkt.net_pkt_alloc_buffer_with_reserve_debug: (wifi): Data allocation maximum size 60 (requested 60, reserve 0)[0m
[07:42:26.264] [1;32muart:~$ [m^[[1[12D[J[00:03:12.201,000] [0m<dbg> net_pkt.pkt_alloc_buffer: (wifi): RDATA (rx_bufs) [159] frag 0x3c17286c ref 1 (eth_esp32_rx():153)[0m
[07:42:26.281] [1;32muart:~$ [m^[[1[12D[J[00:03:12.201,000] [0m<dbg> net_pkt.net_pkt_write: (wifi): pkt 0x3c173cf0 data 0x3c26f2aa length 60[0m
[07:42:26.297] [1;32muart:~$ [m^[[1[12D[J[00:03:12.201,000] [0m<dbg> net_pkt.net_pkt_unref_debug: (rx_q[0]): RX [39] pkt 0x3c173cf0 ref 0 frags 0x3c17286c (processing_data():157)[0m
[07:42:26.314] [1;32muart:~$ [m^[[1[12D[J[00:03:12.201,000] [0m<dbg> net_pkt.net_pkt_unref_debug: (rx_q[0]): RDATA (rx_bufs) [159] frag 0x3c17286c ref 0 frags 0 (processing_data():157)[0m
[07:42:26.330] [1;32muart:~$ [m^[[1[12D[J[00:03:12.201,000] [0m<dbg> net_pkt.net_pkt_frag_unref_debug: (rx_q[0]): RDATA (rx_bufs) [159] frag 0x3c17286c ref 0 (net_pkt_unref_debug():612)[0m
[07:42:26.347] [1;32muart:~$ [m^[[1[12D[J[00:03:12.201,000] [0m<dbg> net_pkt.net_pkt_print: (rx_q[0]): TX 16 RX 40 RDATA 160 TDATA 80[0m
[07:42:26.363] [1;32muart:~$ [m^[[1[12D[J[1;32muart:~$ [m^[[1[12D[J[1;32muart:~$ [m^[[1[12D[J[1;31m[1;31m--- 22 messages dropped ---
[07:42:26.918] [0m[m[00:03:13.868,000] [0m<dbg> net_pkt.net_pkt_skip: (sysworkq): pkt 0x3c172ee0 skip 40[0m
[07:42:26.919] [1;32muart:~$ [m^[[1[12D[J[1;31m[1;31m--- 4 messages dropped ---
[07:42:26.935] [0m[m[00:03:13.868,000] [0m<dbg> net_pkt.net_pkt_skip: (sysworkq): pkt 0x3c172ee0 skip 8[0m
[07:42:26.936] [1;32muart:~$ [m^[[1[12D[J[00:03:13.868,000] [0m<dbg> net_pkt.net_pkt_skip: (sysworkq): pkt 0x3c172ee0 skip 32[0m
[07:42:26.952] [1;32muart:~$ [m^[[1[12D[J[00:03:13.868,000] [0m<dbg> net_pkt.net_pkt_write: (sysworkq): pkt 0x3c172ee0 data 0x3c1534c8 length 4[0m
[07:42:26.969] [1;32muart:~$ [m^[[1[12D[J[00:03:13.868,000] [0m<dbg> net_pkt.net_pkt_skip: (sysworkq): pkt 0x3c172ee0 skip 4[0m
[07:42:26.986] [1;32muart:~$ [m^[[1[12D[J[00:03:13.868,000] [0m<dbg> net_pkt.net_pkt_get_reserve_data_debug: (sysworkq): TDATA (tx_bufs) [78] frag 0x3c15d4bc ref 1 (ethernet_fill_header():610)[0m
[07:42:27.003] [1;32muart:~$ [m^[[1[12D[J[00:03:13.868,000] [0m<dbg> net_pkt.net_pkt_frag_insert_debug: (sysworkq): pkt 0x3c172ee0 frag 0x3c15d4bc (ethernet_fill_header:669)[0m
[07:42:27.019] [1;32muart:~$ [m^[[1[12D[J[00:03:13.868,000] [0m<dbg> net_pkt.net_pkt_read: (sysworkq): pkt 0x3c172ee0 data 0x3fcc36ae length 86[0m
[07:42:27.035] [1;32muart:~$ [m^[[1[12D[J[00:03:13.869,000] [0m<dbg> net_pkt.net_pkt_frag_unref_debug: (sysworkq): TDATA (tx_bufs) [79] frag 0x3c15d4a0 ref 0 (net_pkt_unref_debug():612)[0m
[07:42:27.052] [1;32muart:~$ [m^[[1[12D[J[00:03:13.872,000] [0m<dbg> net_pkt.pkt_alloc_with_buffer: (wifi): On iface 1 (0x3fc9ea10) size 78[0m
[07:42:27.068] [1;32muart:~$ [m^[[1[12D[J[00:03:13.872,000] [0m<dbg> net_pkt.net_pkt_alloc_buffer_with_reserve_debug: (wifi): Data allocation maximum size 78 (requested 78, reserve 0)[0m
[07:42:27.086] [1;32muart:~$ [m^[[1[12D[J[00:03:13.872,000] [0m<dbg> net_pkt.pkt_alloc_buffer: (wifi): RDATA (rx_bufs) [159] frag 0x3c17286c ref 1 (eth_esp32_rx():153)[0m
[07:42:27.103] [1;32muart:~$ [m^[[1[12D[J[00:03:13.872,000] [0m<dbg> net_pkt.net_pkt_write: (wifi): pkt 0x3c173cf0 data 0x3c26f2ac length 78[0m
[07:42:27.119] [1;32muart:~$ [m^[[1[12D[J[00:03:13.872,000] [0m<dbg> net_pkt.net_pkt_skip: (rx_q[0]): pkt 0x3c173cf0 skip 40[0m
[07:42:27.136] [1;32muart:~$ [m^[[1[12D[J[00:03:13.872,000] [0m<dbg> net_pkt.net_pkt_skip: (rx_q[0]): pkt 0x3c173cf0 skip 8[0m
[07:42:27.152] [1;32muart:~$ [m^[[1[12D[J[00:03:13.872,000] [0m<dbg> net_pkt.net_pkt_skip: (rx_q[0]): pkt 0x3c173cf0 skip 32[0m
[07:42:27.168] [1;32muart:~$ [m^[[1[12D[J[00:03:13.872,000] [0m<dbg> net_pkt.net_pkt_skip: (rx_q[0]): pkt 0x3c173cf0 skip 4[0m
[07:42:27.184] [1;32muart:~$ [m^[[1[12D[J[00:03:13.872,000] [0m<dbg> net_pkt.net_pkt_unref_debug: (rx_q[0]): RX [39] pkt 0x3c173cf0 ref 0 frags 0x3c17286c (processing_data():157)[0m
[07:42:27.200] [1;32muart:~$ [m^[[1[12D[J[00:03:13.872,000] [0m<dbg> net_pkt.net_pkt_unref_debug: (rx_q[0]): RDATA (rx_bufs) [159] frag 0x3c17286c ref 0 frags 0 (processing_data():157)[0m
[07:42:27.217] [1;32muart:~$ [m^[[1[12D[J[00:03:13.873,000] [0m<dbg> net_pkt.net_pkt_frag_unref_debug: (rx_q[0]): RDATA (rx_bufs) [159] frag 0x3c17286c ref 0 (net_pkt_unref_debug():612)[0m
[07:42:27.233] [1;32muart:~$ [m^[[1[12D[J[00:03:13.873,000] [0m<dbg> net_pkt.net_pkt_print: (rx_q[0]): TX 16 RX 40 RDATA 160 TDATA 80[0m
[07:42:27.249] [1;32muart:~$ [m^[[1[12D[J[1;32muart:~$ [m^[[1[12D[J[1;32muart:~$ [m^[[1[12D[J[1;31m[1;31m--- 21 messages dropped ---
[07:42:27.920] [0m[m[00:03:14.870,000] [0m<dbg> net_pkt.net_pkt_write: (sysworkq): pkt 0x3c172ee0 data 0x3c1534a0 length 40[0m
[07:42:27.921] [1;32muart:~$ [m^[[1[12D[J[1;31m[1;31m--- 5 messages dropped ---
[07:42:27.937] [0m[m[00:03:14.870,000] [0m<dbg> net_pkt.net_pkt_skip: (sysworkq): pkt 0x3c172ee0 skip 40[0m
[07:42:27.937] [1;32muart:~$ [m^[[1[12D[J[00:03:14.870,000] [0m<dbg> net_pkt.net_pkt_skip: (sysworkq): pkt 0x3c172ee0 skip 8[0m
[07:42:27.954] [1;32muart:~$ [m^[[1[12D[J[00:03:14.870,000] [0m<dbg> net_pkt.net_pkt_skip: (sysworkq): pkt 0x3c172ee0 skip 32[0m
[07:42:27.970] [1;32muart:~$ [m^[[1[12D[J[00:03:14.870,000] [0m<dbg> net_pkt.net_pkt_write: (sysworkq): pkt 0x3c172ee0 data 0x3c1534c8 length 4[0m
[07:42:27.987] [1;32muart:~$ [m^[[1[12D[J[00:03:14.870,000] [0m<dbg> net_pkt.net_pkt_skip: (sysworkq): pkt 0x3c172ee0 skip 4[0m
[07:42:28.003] [1;32muart:~$ [m^[[1[12D[J[00:03:14.870,000] [0m<dbg> net_pkt.net_pkt_get_reserve_data_debug: (sysworkq): TDATA (tx_bufs) [78] frag 0x3c15d4bc ref 1 (ethernet_fill_header():610)[0m
[07:42:28.020] [1;32muart:~$ [m^[[1[12D[J[00:03:14.870,000] [0m<dbg> net_pkt.net_pkt_frag_insert_debug: (sysworkq): pkt 0x3c172ee0 frag 0x3c15d4bc (ethernet_fill_header:669)[0m
[07:42:28.036] [1;32muart:~$ [m^[[1[12D[J[00:03:14.870,000] [0m<dbg> net_pkt.net_pkt_frag_unref_debug: (sysworkq): TDATA (tx_bufs) [79] frag 0x3c15d4a0 ref 0 (net_pkt_unref_debug():612)[0m
[07:42:28.053] [1;32muart:~$ [m^[[1[12D[J[00:03:14.873,000] [0m<dbg> net_pkt.pkt_alloc_with_buffer: (wifi): On iface 1 (0x3fc9ea10) size 78[0m
[07:42:28.069] [1;32muart:~$ [m^[[1[12D[J[00:03:14.873,000] [0m<dbg> net_pkt.net_pkt_alloc_buffer_with_reserve_debug: (wifi): Data allocation maximum size 78 (requested 78, reserve 0)[0m
[07:42:28.085] [1;32muart:~$ [m^[[1[12D[J[00:03:14.873,000] [0m<dbg> net_pkt.pkt_alloc_buffer: (wifi): RDATA (rx_bufs) [159] frag 0x3c17286c ref 1 (eth_esp32_rx():153)[0m
[07:42:28.102] [1;32muart:~$ [m^[[1[12D[J[00:03:14.873,000] [0m<dbg> net_pkt.net_pkt_write: (wifi): pkt 0x3c173cf0 data 0x3c26f2ac length 78[0m
[07:42:28.118] [1;32muart:~$ [m^[[1[12D[J[00:03:14.874,000] [0m<dbg> net_pkt.net_pkt_skip: (rx_q[0]): pkt 0x3c173cf0 skip 40[0m
[07:42:28.134] [1;32muart:~$ [m^[[1[12D[J[00:03:14.874,000] [0m<dbg> net_pkt.net_pkt_skip: (rx_q[0]): pkt 0x3c173cf0 skip 8[0m
[07:42:28.150] [1;32muart:~$ [m^[[1[12D[J[00:03:14.874,000] [0m<dbg> net_pkt.net_pkt_skip: (rx_q[0]): pkt 0x3c173cf0 skip 32[0m
[07:42:28.166] [1;32muart:~$ [m^[[1[12D[J[00:03:14.874,000] [0m<dbg> net_pkt.net_pkt_skip: (rx_q[0]): pkt 0x3c173cf0 skip 4[0m
[07:42:28.182] [1;32muart:~$ [m^[[1[12D[J[00:03:14.874,000] [0m<dbg> net_pkt.net_pkt_unref_debug: (rx_q[0]): RX [39] pkt 0x3c173cf0 ref 0 frags 0x3c17286c (processing_data():157)[0m
[07:42:28.199] [1;32muart:~$ [m^[[1[12D[J[00:03:14.874,000] [0m<dbg> net_pkt.net_pkt_unref_debug: (rx_q[0]): RDATA (rx_bufs) [159] frag 0x3c17286c ref 0 frags 0 (processing_data():157)[0m
[07:42:28.215] [1;32muart:~$ [m^[[1[12D[J[00:03:14.874,000] [0m<dbg> net_pkt.net_pkt_frag_unref_debug: (rx_q[0]): RDATA (rx_bufs) [159] frag 0x3c17286c ref 0 (net_pkt_unref_debug():612)[0m
[07:42:28.232] [1;32muart:~$ [m^[[1[12D[J[00:03:14.874,000] [0m<dbg> net_pkt.net_pkt_print: (rx_q[0]): TX 16 RX 40 RDATA 160 TDATA 80[0m
[07:42:28.248] [1;32muart:~$ [m^[[1[12D[J[1;32muart:~$ [m^[[1[12D[J[1;32muart:~$ [m^[[1[12D[J[1;31m[1;31m--- 95 messages dropped ---
[07:42:28.429] [0m[m[00:03:15.382,000] [0m<dbg> net_pkt.net_pkt_write: (wifi): pkt 0x3c173cf0 data 0x3c26f2ac length 74[0m
[07:42:28.430] [1;32muart:~$ [m^[[1[12D[J[00:03:15.382,000] [0m<dbg> net_pkt.net_pkt_skip: (rx_q[0]): pkt 0x3c173cf0 skip 40[0m
[07:42:28.447] [1;32muart:~$ [m^[[1[12D[J[00:03:15.382,000] [0m<dbg> net_pkt.net_pkt_skip: (rx_q[0]): pkt 0x3c173cf0 skip 8[0m
[07:42:28.463] [1;32muart:~$ [m^[[1[12D[J[00:03:15.382,000] [0m<dbg> net_pkt.net_pkt_skip: (rx_q[0]): pkt 0x3c173cf0 skip 32[0m
[07:42:28.479] [1;32muart:~$ [m^[[1[12D[J[00:03:15.382,000] [0m<dbg> net_pkt.net_pkt_write: (rx_q[0]): pkt 0x3c173cf0 data 0x3c16a796 length 20[0m
[07:42:28.496] [1;32muart:~$ [m^[[1[12D[J[00:03:15.382,000] [0m<dbg> net_pkt.net_pkt_skip: (rx_q[0]): pkt 0x3c173cf0 skip 20[0m
[07:42:28.512] [1;32muart:~$ [m^[[1[12D[J[00:03:15.382,000] [0m<dbg> net_pkt.net_pkt_skip: (rx_q[0]): pkt 0x3c173cf0 skip 40[0m
[07:42:28.529] [1;32muart:~$ [m^[[1[12D[J[00:03:15.383,000] [0m<dbg> net_pkt.net_pkt_skip: (rx_q[0]): pkt 0x3c173cf0 skip 40[0m
[07:42:28.545] [1;32muart:~$ [m^[[1[12D[J[00:03:15.383,000] [0m<dbg> net_pkt.net_pkt_skip: (rx_q[0]): pkt 0x3c173cf0 skip 40[0m
[07:42:28.561] [1;32muart:~$ [m^[[1[12D[J[00:03:15.383,000] [0m<dbg> net_pkt.net_pkt_skip: (rx_q[0]): pkt 0x3c173cf0 skip 40[0m
[07:42:28.577] [1;32muart:~$ [m^[[1[12D[J[00:03:15.383,000] [0m<dbg> net_pkt.net_pkt_skip: (rx_q[0]): pkt 0x3c173cf0 skip 40[0m
[07:42:28.593] [1;32muart:~$ [m^[[1[12D[J[00:03:15.383,000] [0m<dbg> net_pkt.net_pkt_unref_debug: (rx_q[0]): RX [39] pkt 0x3c173cf0 ref 0 frags 0x3c17286c (tcp_in():3635)[0m
[07:42:28.610] [1;32muart:~$ [m^[[1[12D[J[00:03:15.383,000] [0m<dbg> net_pkt.net_pkt_unref_debug: (rx_q[0]): RDATA (rx_bufs) [159] frag 0x3c17286c ref 0 frags 0 (tcp_in():3635)[0m
[07:42:28.626] [1;32muart:~$ [m^[[1[12D[J[00:03:15.383,000] [0m<dbg> net_pkt.net_pkt_frag_unref_debug: (rx_q[0]): RDATA (rx_bufs) [159] frag 0x3c17286c ref 0 (net_pkt_unref_debug():612)[0m
[07:42:28.643] [1;32muart:~$ [m^[[1[12D[J[00:03:15.383,000] [0m<dbg> net_pkt.net_pkt_print: (rx_q[0]): TX 16 RX 40 RDATA 160 TDATA 80[0m
[07:42:28.659] [1;32muart:~$ [m^[[1[12D[J[1;32muart:~$ [m^[[1[12D[J[1;32muart:~$ [m^[[1[12D[J[1;31m[1;31m--- 13 messages dropped ---
[07:42:28.921] [0m[m[00:03:15.871,000] [0m<dbg> net_pkt.net_pkt_write: (sysworkq): pkt 0x3c172ee0 data 0x3c1534a0 length 40[0m
[07:42:28.923] [1;32muart:~$ [m^[[1[12D[J[1;31m[1;31m--- 5 messages dropped ---
[07:42:28.939] [0m[m[00:03:15.871,000] [0m<dbg> net_pkt.net_pkt_skip: (sysworkq): pkt 0x3c172ee0 skip 40[0m
[07:42:28.940] [1;32muart:~$ [m^[[1[12D[J[00:03:15.871,000] [0m<dbg> net_pkt.net_pkt_skip: (sysworkq): pkt 0x3c172ee0 skip 8[0m
[07:42:28.956] [1;32muart:~$ [m^[[1[12D[J[00:03:15.871,000] [0m<dbg> net_pkt.net_pkt_skip: (sysworkq): pkt 0x3c172ee0 skip 32[0m
[07:42:28.972] [1;32muart:~$ [m^[[1[12D[J[00:03:15.871,000] [0m<dbg> net_pkt.net_pkt_write: (sysworkq): pkt 0x3c172ee0 data 0x3c1534c8 length 4[0m
[07:42:28.989] [1;32muart:~$ [m^[[1[12D[J[00:03:15.871,000] [0m<dbg> net_pkt.net_pkt_skip: (sysworkq): pkt 0x3c172ee0 skip 4[0m
[07:42:29.005] [1;32muart:~$ [m^[[1[12D[J[00:03:15.871,000] [0m<dbg> net_pkt.net_pkt_get_reserve_data_debug: (sysworkq): TDATA (tx_bufs) [78] frag 0x3c15d4bc ref 1 (ethernet_fill_header():610)[0m
[07:42:29.022] [1;32muart:~$ [m^[[1[12D[J[00:03:15.872,000] [0m<dbg> net_pkt.net_pkt_frag_insert_debug: (sysworkq): pkt 0x3c172ee0 frag 0x3c15d4bc (ethernet_fill_header:669)[0m
[07:42:29.038] [1;32muart:~$ [m^[[1[12D[J[00:03:15.872,000] [0m<dbg> net_pkt.net_pkt_frag_unref_debug: (sysworkq): TDATA (tx_bufs) [79] frag 0x3c15d4a0 ref 0 (net_pkt_unref_debug():612)[0m
[07:42:29.055] [1;32muart:~$ [m^[[1[12D[J[00:03:15.875,000] [0m<dbg> net_pkt.pkt_alloc_with_buffer: (wifi): On iface 1 (0x3fc9ea10) size 78[0m
[07:42:29.071] [1;32muart:~$ [m^[[1[12D[J[00:03:15.875,000] [0m<dbg> net_pkt.net_pkt_alloc_buffer_with_reserve_debug: (wifi): Data allocation maximum size 78 (requested 78, reserve 0)[0m
[07:42:29.088] [1;32muart:~$ [m^[[1[12D[J[00:03:15.875,000] [0m<dbg> net_pkt.pkt_alloc_buffer: (wifi): RDATA (rx_bufs) [159] frag 0x3c17286c ref 1 (eth_esp32_rx():153)[0m
[07:42:29.104] [1;32muart:~$ [m^[[1[12D[J[00:03:15.875,000] [0m<dbg> net_pkt.net_pkt_write: (wifi): pkt 0x3c173cf0 data 0x3c26f2ac length 78[0m
[07:42:29.120] [1;32muart:~$ [m^[[1[12D[J[00:03:15.875,000] [0m<dbg> net_pkt.net_pkt_skip: (rx_q[0]): pkt 0x3c173cf0 skip 40[0m
[07:42:29.137] [1;32muart:~$ [m^[[1[12D[J[00:03:15.875,000] [0m<dbg> net_pkt.net_pkt_skip: (rx_q[0]): pkt 0x3c173cf0 skip 8[0m
[07:42:29.153] [1;32muart:~$ [m^[[1[12D[J[00:03:15.875,000] [0m<dbg> net_pkt.net_pkt_skip: (rx_q[0]): pkt 0x3c173cf0 skip 32[0m
[07:42:29.169] [1;32muart:~$ [m^[[1[12D[J[00:03:15.875,000] [0m<dbg> net_pkt.net_pkt_skip: (rx_q[0]): pkt 0x3c173cf0 skip 4[0m
[07:42:29.185] [1;32muart:~$ [m^[[1[12D[J[00:03:15.876,000] [0m<dbg> net_pkt.net_pkt_unref_debug: (rx_q[0]): RX [39] pkt 0x3c173cf0 ref 0 frags 0x3c17286c (processing_data():157)[0m
[07:42:29.201] [1;32muart:~$ [m^[[1[12D[J[00:03:15.876,000] [0m<dbg> net_pkt.net_pkt_unref_debug: (rx_q[0]): RDATA (rx_bufs) [159] frag 0x3c17286c ref 0 frags 0 (processing_data():157)[0m
[07:42:29.218] [1;32muart:~$ [m^[[1[12D[J[00:03:15.876,000] [0m<dbg> net_pkt.net_pkt_frag_unref_debug: (rx_q[0]): RDATA (rx_bufs) [159] frag 0x3c17286c ref 0 (net_pkt_unref_debug():612)[0m
[07:42:29.234] [1;32muart:~$ [m^[[1[12D[J[00:03:15.876,000] [0m<dbg> net_pkt.net_pkt_print: (rx_q[0]): TX 16 RX 40 RDATA 160 TDATA 80[0m
[07:42:29.250] [1;32muart:~$ [m^[[1[12D[J[1;32muart:~$ [m^[[1[12D[J[1;32muart:~$ [m^[[1[12D[J[1;31m[1;31m--- 40 messages dropped ---
[07:42:30.170] [0m[m[00:03:17.119,000] [0m<dbg> net_pkt.net_pkt_read: (rx_q[0]): pkt 0x3c172ee0 data 0x3fcc36ae length 74[0m
[07:42:30.171] [1;32muart:~$ [m^[[1[12D[J[00:03:17.119,000] [0m<dbg> net_pkt.net_pkt_unref_debug: (rx_q[0]): TX [15] pkt 0x3c172ee0 ref 1 frags 0x3c15d4bc (ethernet_send():800)[0m
[07:42:30.187] [1;32muart:~$ [m^[[1[12D[J[00:03:17.119,000] [0m<dbg> net_pkt.net_pkt_unref_debug: (rx_q[0]): TX [15] pkt 0x3c172ee0 ref 0 frags 0x3c15d4bc (tcp_send():472)[0m
[07:42:30.204] [1;32muart:~$ [m^[[1[12D[J[00:03:17.120,000] [0m<dbg> net_pkt.net_pkt_unref_debug: (rx_q[0]): TDATA (tx_bufs) [78] frag 0x3c15d4bc ref 0 frags 0x3c15d4a0 (tcp_send():472)[0m
[07:42:30.221] [1;32muart:~$ [m^[[1[12D[J[00:03:17.120,000] [0m<dbg> net_pkt.net_pkt_unref_debug: (rx_q[0]): TDATA (tx_bufs) [78] frag 0x3c15d4a0 ref 0 frags 0 (tcp_send():472)[0m
[07:42:30.237] [1;32muart:~$ [m^[[1[12D[J[00:03:17.120,000] [0m<dbg> net_pkt.net_pkt_frag_unref_debug: (rx_q[0]): TDATA (tx_bufs) [78] frag 0x3c15d4bc ref 0 (net_pkt_unref_debug():612)[0m
[07:42:30.254] [1;32muart:~$ [m^[[1[12D[J[00:03:17.120,000] [0m<dbg> net_pkt.net_pkt_frag_unref_debug: (rx_q[0]): TDATA (tx_bufs) [79] frag 0x3c15d4a0 ref 0 (net_pkt_unref_debug():612)[0m
[07:42:30.271] [1;32muart:~$ [m^[[1[12D[J[00:03:17.120,000] [0m<dbg> net_pkt.net_pkt_print: (rx_q[0]): TX 16 RX 39 RDATA 159 TDATA 80[0m
[07:42:30.287] [1;32muart:~$ [m^[[1[12D[J[00:03:17.121,000] [0m<dbg> net_pkt.net_pkt_read: (llss_thread): pkt 0x3c173cf0 data 0x3c246e00 length 5[0m
[07:42:30.304] [1;32muart:~$ [m^[[1[12D[J[00:03:17.122,000] [0m<dbg> net_pkt.net_pkt_read: (llss_thread): pkt 0x3c173cf0 data 0x3c246e05 length 233[0m
[07:42:30.320] [1;32muart:~$ [m^[[1[12D[J[00:03:17.122,000] [0m<dbg> net_pkt.net_pkt_unref_debug: (llss_thread): RX [39] pkt 0x3c173cf0 ref 0 frags 0x3c17286c (zsock_recv_stream_immediate():1423)[0m
[07:42:30.337] [1;32muart:~$ [m^[[1[12D[J[00:03:17.122,000] [0m<dbg> net_pkt.net_pkt_unref_debug: (llss_thread): RDATA (rx_bufs) [159] frag 0x3c17286c ref 0 frags 0 (zsock_recv_stream_immediate():1423)[0m
[07:42:30.354] [1;32muart:~$ [m^[[1[12D[J[00:03:17.122,000] [0m<dbg> net_pkt.net_pkt_frag_unref_debug: (llss_thread): RDATA (rx_bufs) [159] frag 0x3c17286c ref 0 (net_pkt_unref_debug():612)[0m
[07:42:30.371] [1;32muart:~$ [m^[[1[12D[J[00:03:17.161,000] [0m<dbg> net_pkt.pkt_alloc_with_buffer: (wifi): On iface 1 (0x3fc9ea10) size 60[0m
[07:42:30.387] [1;32muart:~$ [m^[[1[12D[J[00:03:17.161,000] [0m<dbg> net_pkt.net_pkt_alloc_buffer_with_reserve_debug: (wifi): Data allocation maximum size 60 (requested 60, reserve 0)[0m
[07:42:30.404] [1;32muart:~$ [m^[[1[12D[J[00:03:17.161,000] [0m<dbg> net_pkt.pkt_alloc_buffer: (wifi): RDATA (rx_bufs) [159] frag 0x3c17286c ref 1 (eth_esp32_rx():153)[0m
[07:42:30.420] [1;32muart:~$ [m^[[1[12D[J[00:03:17.161,000] [0m<dbg> net_pkt.net_pkt_write: (wifi): pkt 0x3c173cf0 data 0x3c26f2aa length 60[0m
[07:42:30.437] [1;32muart:~$ [m^[[1[12D[J[00:03:17.161,000] [0m<dbg> net_pkt.net_pkt_unref_debug: (rx_q[0]): RX [39] pkt 0x3c173cf0 ref 0 frags 0x3c17286c (processing_data():157)[0m
[07:42:30.453] [1;32muart:~$ [m^[[1[12D[J[00:03:17.161,000] [0m<dbg> net_pkt.net_pkt_unref_debug: (rx_q[0]): RDATA (rx_bufs) [159] frag 0x3c17286c ref 0 frags 0 (processing_data():157)[0m
[07:42:30.470] [1;32muart:~$ [m^[[1[12D[J[00:03:17.161,000] [0m<dbg> net_pkt.net_pkt_frag_unref_debug: (rx_q[0]): RDATA (rx_bufs) [159] frag 0x3c17286c ref 0 (net_pkt_unref_debug():612)[0m
[07:42:30.487] [1;32muart:~$ [m^[[1[12D[J[00:03:17.161,000] [0m<dbg> net_pkt.net_pkt_print: (rx_q[0]): TX 16 RX 40 RDATA 160 TDATA 80[0m
[07:42:30.503] [1;32muart:~$ [m^[[1[12D[J[1;32muart:~$ [m^[[1[12D[J[1;32muart:~$ [m^[[1[12D[J[00:03:18.345,000] [0m<dbg> net_pkt.pkt_alloc_with_buffer: (wifi): On iface 1 (0x3fc9ea10) size 60[0m
[07:42:32.391] [1;32muart:~$ [m^[[1[12D[J[00:03:18.345,000] [0m<dbg> net_pkt.net_pkt_alloc_buffer_with_reserve_debug: (wifi): Data allocation maximum size 60 (requested 60, reserve 0)[0m
[07:42:32.408] [1;32muart:~$ [m^[[1[12D[J[00:03:18.345,000] [0m<dbg> net_pkt.pkt_alloc_buffer: (wifi): RDATA (rx_bufs) [159] frag 0x3c17286c ref 1 (eth_esp32_rx():153)[0m
[07:42:32.425] [1;32muart:~$ [m^[[1[12D[J[00:03:18.345,000] [0m<dbg> net_pkt.net_pkt_write: (wifi): pkt 0x3c173cf0 data 0x3c26f2aa length 60[0m
[07:42:32.441] [1;32muart:~$ [m^[[1[12D[J[00:03:18.345,000] [0m<dbg> net_pkt.net_pkt_unref_debug: (rx_q[0]): RX [39] pkt 0x3c173cf0 ref 0 frags 0x3c17286c (processing_data():157)[0m
[07:42:32.458] [1;32muart:~$ [m^[[1[12D[J[00:03:18.345,000] [0m<dbg> net_pkt.net_pkt_unref_debug: (rx_q[0]): RDATA (rx_bufs) [159] frag 0x3c17286c ref 0 frags 0 (processing_data():157)[0m
[07:42:32.474] [1;32muart:~$ [m^[[1[12D[J[00:03:18.345,000] [0m<dbg> net_pkt.net_pkt_frag_unref_debug: (rx_q[0]): RDATA (rx_bufs) [159] frag 0x3c17286c ref 0 (net_pkt_unref_debug():612)[0m
[07:42:32.491] [1;32muart:~$ [m^[[1[12D[J[00:03:18.345,000] [0m<dbg> net_pkt.net_pkt_print: (rx_q[0]): TX 16 RX 40 RDATA 160 TDATA 80[0m
[07:42:32.507] [1;32muart:~$ [m^[[1[12D[J[1;32muart:~$ [m^[[1[12D[J[1;32muart:~$ [m^[[1[12D[J[1;31m[1;31m--- 2 messages dropped ---
[07:42:33.234] [0m[m[00:03:19.369,000] [0m<dbg> net_pkt.pkt_alloc_buffer: (wifi): RDATA (rx_bufs) [159] frag 0x3c17286c ref 1 (eth_esp32_rx():153)[0m
[07:42:33.236] [1;32muart:~$ [m^[[1[12D[J[00:03:19.369,000] [0m<dbg> net_pkt.net_pkt_write: (wifi): pkt 0x3c173cf0 data 0x3c26f2aa length 60[0m
[07:42:33.252] [1;32muart:~$ [m^[[1[12D[J[00:03:19.369,000] [0m<dbg> net_pkt.net_pkt_unref_debug: (rx_q[0]): RX [39] pkt 0x3c173cf0 ref 0 frags 0x3c17286c (processing_data():157)[0m
[07:42:33.269] [1;32muart:~$ [m^[[1[12D[J[00:03:19.369,000] [0m<dbg> net_pkt.net_pkt_unref_debug: (rx_q[0]): RDATA (rx_bufs) [159] frag 0x3c17286c ref 0 frags 0 (processing_data():157)[0m
[07:42:33.285] [1;32muart:~$ [m^[[1[12D[J[00:03:19.369,000] [0m<dbg> net_pkt.net_pkt_frag_unref_debug: (rx_q[0]): RDATA (rx_bufs) [159] frag 0x3c17286c ref 0 (net_pkt_unref_debug():612)[0m
[07:42:33.302] [1;32muart:~$ [m^[[1[12D[J[00:03:19.369,000] [0m<dbg> net_pkt.net_pkt_print: (rx_q[0]): TX 16 RX 40 RDATA 160 TDATA 80[0m
[07:42:33.318] [1;32muart:~$ [m^[[1[12D[J[00:03:20.188,000] [0m<dbg> net_pkt.pkt_alloc_with_buffer: (wifi): On iface 1 (0x3fc9ea10) size 60[0m
[07:42:33.335] [1;32muart:~$ [m^[[1[12D[J[00:03:20.188,000] [0m<dbg> net_pkt.net_pkt_alloc_buffer_with_reserve_debug: (wifi): Data allocation maximum size 60 (requested 60, reserve 0)[0m
[07:42:33.351] [1;32muart:~$ [m^[[1[12D[J[00:03:20.188,000] [0m<dbg> net_pkt.pkt_alloc_buffer: (wifi): RDATA (rx_bufs) [159] frag 0x3c17286c ref 1 (eth_esp32_rx():153)[0m
[07:42:33.368] [1;32muart:~$ [m^[[1[12D[J[00:03:20.188,000] [0m<dbg> net_pkt.net_pkt_write: (wifi): pkt 0x3c173cf0 data 0x3c26f2aa length 60[0m
[07:42:33.384] [1;32muart:~$ [m^[[1[12D[J[00:03:20.188,000] [0m<dbg> net_pkt.net_pkt_unref_debug: (rx_q[0]): RX [39] pkt 0x3c173cf0 ref 0 frags 0x3c17286c (processing_data():157)[0m
[07:42:33.401] [1;32muart:~$ [m^[[1[12D[J[00:03:20.188,000] [0m<dbg> net_pkt.net_pkt_unref_debug: (rx_q[0]): RDATA (rx_bufs) [159] frag 0x3c17286c ref 0 frags 0 (processing_data():157)[0m
[07:42:33.417] [1;32muart:~$ [m^[[1[12D[J[00:03:20.188,000] [0m<dbg> net_pkt.net_pkt_frag_unref_debug: (rx_q[0]): RDATA (rx_bufs) [159] frag 0x3c17286c ref 0 (net_pkt_unref_debug():612)[0m
[07:42:33.435] [1;32muart:~$ [m^[[1[12D[J[00:03:20.188,000] [0m<dbg> net_pkt.net_pkt_print: (rx_q[0]): TX 16 RX 40 RDATA 160 TDATA 80[0m
[07:42:33.451] [1;32muart:~$ [m^[[1[12D[J[1;32muart:~$ [m^[[1[12D[J[1;32muart:~$ [m^[[1[12D[J[00:03:21.007,000] [0m<dbg> net_pkt.pkt_alloc_with_buffer: (wifi): On iface 1 (0x3fc9ea10) size 60[0m
[07:42:35.054] [1;32muart:~$ [m^[[1[12D[J[00:03:21.007,000] [0m<dbg> net_pkt.net_pkt_alloc_buffer_with_reserve_debug: (wifi): Data allocation maximum size 60 (requested 60, reserve 0)[0m
[07:42:35.071] [1;32muart:~$ [m^[[1[12D[J[00:03:21.007,000] [0m<dbg> net_pkt.pkt_alloc_buffer: (wifi): RDATA (rx_bufs) [159] frag 0x3c17286c ref 1 (eth_esp32_rx():153)[0m
[07:42:35.087] [1;32muart:~$ [m^[[1[12D[J[00:03:21.007,000] [0m<dbg> net_pkt.net_pkt_write: (wifi): pkt 0x3c173cf0 data 0x3c26f2aa length 60[0m
[07:42:35.103] [1;32muart:~$ [m^[[1[12D[J[00:03:21.008,000] [0m<dbg> net_pkt.net_pkt_unref_debug: (rx_q[0]): RX [39] pkt 0x3c173cf0 ref 0 frags 0x3c17286c (processing_data():157)[0m
[07:42:35.120] [1;32muart:~$ [m^[[1[12D[J[00:03:21.008,000] [0m<dbg> net_pkt.net_pkt_unref_debug: (rx_q[0]): RDATA (rx_bufs) [159] frag 0x3c17286c ref 0 frags 0 (processing_data():157)[0m
[07:42:35.137] [1;32muart:~$ [m^[[1[12D[J[00:03:21.008,000] [0m<dbg> net_pkt.net_pkt_frag_unref_debug: (rx_q[0]): RDATA (rx_bufs) [159] frag 0x3c17286c ref 0 (net_pkt_unref_debug():612)[0m
[07:42:35.153] [1;32muart:~$ [m^[[1[12D[J[00:03:21.008,000] [0m<dbg> net_pkt.net_pkt_print: (rx_q[0]): TX 16 RX 40 RDATA 160 TDATA 80[0m
[07:42:35.177] [1;32muart:~$ [m^[[1[12D[J[1;31m[1;31m--- 21 messages dropped ---
[07:42:35.193] [0m[m[00:03:22.126,000] [0m<dbg> net_pkt.net_pkt_get_reserve_data_debug: (llss_thread): TDATA (tx_bufs) [76] frag 0x3c15d4f4 ref 1 (ethernet_fill_header():610)[0m
[07:42:35.194] [1;32muart:~$ [m^[[1[12D[J[1;31m[1;31m--- 59 messages dropped ---
[07:42:35.210] [0m[m[00:03:22.126,000] [0m<dbg> net_pkt.net_pkt_frag_insert_debug: (llss_thread): pkt 0x3c172f28 frag 0x3c15d4f4 (ethernet_fill_header:669)[0m
[07:42:35.211] [1;32muart:~$ [m^[[1[12D[J[1;31m[1;31m--- 8 messages dropped ---
[07:42:35.227] [0m[m[00:03:22.126,000] [0m<dbg> net_pkt.net_pkt_read: (llss_thread): pkt 0x3c172f28 data 0x3fcc36ae length 295[0m
[07:42:35.228] [1;32muart:~$ [m^[[1[12D[J[00:03:22.128,000] [0m<dbg> net_pkt.net_pkt_unref_debug: (llss_thread): TX [14] pkt 0x3c172f28 ref 1 frags 0x3c15d4f4 (ethernet_send():800)[0m
[07:42:35.245] [1;32muart:~$ [m^[[1[12D[J[00:03:22.128,000] [0m<dbg> net_pkt.net_pkt_unref_debug: (llss_thread): TX [14] pkt 0x3c172f28 ref 0 frags 0x3c15d4f4 (tcp_send():472)[0m
[07:42:35.262] [1;32muart:~$ [m^[[1[12D[J[00:03:22.128,000] [0m<dbg> net_pkt.net_pkt_unref_debug: (llss_thread): TDATA (tx_bufs) [76] frag 0x3c15d4f4 ref 0 frags 0x3c15d4d8 (tcp_send():472)[0m
[07:42:35.279] [1;32muart:~$ [m^[[1[12D[J[00:03:22.128,000] [0m<dbg> net_pkt.net_pkt_unref_debug: (llss_thread): TDATA (tx_bufs) [76] frag 0x3c15d4d8 ref 0 frags 0x3c15d4bc (tcp_send():472)[0m
[07:42:35.297] [1;32muart:~$ [m^[[1[12D[J[00:03:22.143,000] [0m<dbg> net_pkt.net_pkt_skip: (rx_q[0]): pkt 0x3c173cf0 skip 40[0m
[07:42:35.313] [1;32muart:~$ [m^[[1[12D[J[00:03:22.144,000] [0m<dbg> net_pkt.net_pkt_unref_debug: (rx_q[0]): RX [39] pkt 0x3c173cf0 ref 0 frags 0x3c17286c (tcp_in():3635)[0m
[07:42:35.329] [1;32muart:~$ [m^[[1[12D[J[00:03:22.144,000] [0m<dbg> net_pkt.net_pkt_unref_debug: (rx_q[0]): RDATA (rx_bufs) [159] frag 0x3c17286c ref 0 frags 0 (tcp_in():3635)[0m
[07:42:35.345] [1;32muart:~$ [m^[[1[12D[J[00:03:22.144,000] [0m<dbg> net_pkt.net_pkt_frag_unref_debug: (rx_q[0]): RDATA (rx_bufs) [159] frag 0x3c17286c ref 0 (net_pkt_unref_debug():612)[0m
[07:42:35.362] [1;32muart:~$ [m^[[1[12D[J[00:03:22.144,000] [0m<dbg> net_pkt.net_pkt_print: (rx_q[0]): TX 16 RX 40 RDATA 160 TDATA 80[0m
[07:42:35.378] [1;32muart:~$ [m^[[1[12D[J[00:03:22.152,000] [0m<dbg> net_pkt.pkt_alloc_with_buffer: (wifi): On iface 1 (0x3fc9ea10) size 60[0m
[07:42:35.395] [1;32muart:~$ [m^[[1[12D[J[00:03:22.153,000] [0m<dbg> net_pkt.net_pkt_alloc_buffer_with_reserve_debug: (wifi): Data allocation maximum size 60 (requested 60, reserve 0)[0m
[07:42:35.412] [1;32muart:~$ [m^[[1[12D[J[00:03:22.153,000] [0m<dbg> net_pkt.pkt_alloc_buffer: (wifi): RDATA (rx_bufs) [159] frag 0x3c17286c ref 1 (eth_esp32_rx():153)[0m
[07:42:35.428] [1;32muart:~$ [m^[[1[12D[J[00:03:22.153,000] [0m<dbg> net_pkt.net_pkt_write: (wifi): pkt 0x3c173cf0 data 0x3c26f2aa length 60[0m
[07:42:35.444] [1;32muart:~$ [m^[[1[12D[J[00:03:22.153,000] [0m<dbg> net_pkt.net_pkt_unref_debug: (rx_q[0]): RX [39] pkt 0x3c173cf0 ref 0 frags 0x3c17286c (processing_data():157)[0m
[07:42:35.461] [1;32muart:~$ [m^[[1[12D[J[00:03:22.153,000] [0m<dbg> net_pkt.net_pkt_unref_debug: (rx_q[0]): RDATA (rx_bufs) [159] frag 0x3c17286c ref 0 frags 0 (processing_data():157)[0m
[07:42:35.478] [1;32muart:~$ [m^[[1[12D[J[00:03:22.153,000] [0m<dbg> net_pkt.net_pkt_frag_unref_debug: (rx_q[0]): RDATA (rx_bufs) [159] frag 0x3c17286c ref 0 (net_pkt_unref_debug():612)[0m
[07:42:35.495] [1;32muart:~$ [m^[[1[12D[J[00:03:22.153,000] [0m<dbg> net_pkt.net_pkt_print: (rx_q[0]): TX 16 RX 40 RDATA 160 TDATA 80[0m
[07:42:35.511] [1;32muart:~$ [m^[[1[12D[J[1;32muart:~$ [m^[[1[12D[J[1;32muart:~$ [m^[[1[12D[J[1;31m[1;31m--- 41 messages dropped ---
[07:42:36.927] [0m[m[00:03:23.877,000] [0m<dbg> net_pkt.net_pkt_unref_debug: (rx_q[0]): TX [15] pkt 0x3c172ee0 ref 1 frags 0x3c15d4bc (ethernet_send():800)[0m
[07:42:36.929] [1;32muart:~$ [m^[[1[12D[J[00:03:23.877,000] [0m<dbg> net_pkt.net_pkt_unref_debug: (rx_q[0]): TX [15] pkt 0x3c172ee0 ref 0 frags 0x3c15d4bc (tcp_send():472)[0m
[07:42:36.945] [1;32muart:~$ [m^[[1[12D[J[00:03:23.877,000] [0m<dbg> net_pkt.net_pkt_unref_debug: (rx_q[0]): TDATA (tx_bufs) [78] frag 0x3c15d4bc ref 0 frags 0x3c15d4a0 (tcp_send():472)[0m
[07:42:36.962] [1;32muart:~$ [m^[[1[12D[J[00:03:23.877,000] [0m<dbg> net_pkt.net_pkt_unref_debug: (rx_q[0]): TDATA (tx_bufs) [78] frag 0x3c15d4a0 ref 0 frags 0 (tcp_send():472)[0m
[07:42:36.978] [1;32muart:~$ [m^[[1[12D[J[00:03:23.877,000] [0m<dbg> net_pkt.net_pkt_frag_unref_debug: (rx_q[0]): TDATA (tx_bufs) [78] frag 0x3c15d4bc ref 0 (net_pkt_unref_debug():612)[0m
[07:42:36.995] [1;32muart:~$ [m^[[1[12D[J[00:03:23.877,000] [0m<dbg> net_pkt.net_pkt_frag_unref_debug: (rx_q[0]): TDATA (tx_bufs) [79] frag 0x3c15d4a0 ref 0 (net_pkt_unref_debug():612)[0m
[07:42:37.012] [1;32muart:~$ [m^[[1[12D[J[00:03:23.878,000] [0m<dbg> net_pkt.net_pkt_print: (rx_q[0]): TX 16 RX 39 RDATA 159 TDATA 80[0m
[07:42:37.028] [1;32muart:~$ [m^[[1[12D[J[00:03:23.879,000] [0m<dbg> net_pkt.net_pkt_read: (llss_thread): pkt 0x3c173cf0 data 0x3c246e00 length 5[0m
[07:42:37.045] [1;32muart:~$ [m^[[1[12D[J[00:03:23.879,000] [0m<dbg> net_pkt.net_pkt_read: (llss_thread): pkt 0x3c173cf0 data 0x3c246e05 length 233[0m
[07:42:37.061] [1;32muart:~$ [m^[[1[12D[J[00:03:23.879,000] [0m<dbg> net_pkt.net_pkt_unref_debug: (llss_thread): RX [39] pkt 0x3c173cf0 ref 0 frags 0x3c17286c (zsock_recv_stream_immediate():1423)[0m
[07:42:37.078] [1;32muart:~$ [m^[[1[12D[J[00:03:23.879,000] [0m<dbg> net_pkt.net_pkt_unref_debug: (llss_thread): RDATA (rx_bufs) [159] frag 0x3c17286c ref 0 frags 0 (zsock_recv_stream_immediate():1423)[0m
[07:42:37.095] [1;32muart:~$ [m^[[1[12D[J[00:03:23.879,000] [0m<dbg> net_pkt.net_pkt_frag_unref_debug: (llss_thread): RDATA (rx_bufs) [159] frag 0x3c17286c ref 0 (net_pkt_unref_debug():612)[0m
[07:42:37.112] [1;32muart:~$ [m^[[1[12D[J[1;32muart:~$ [m^[[1[12D[J[1;32muart:~$ [m^[[1[12D[J[1;31m[1;31m--- 2 messages dropped ---
[07:42:38.150] [0m[m[00:03:24.284,000] [0m<dbg> net_pkt.pkt_alloc_buffer: (wifi): RDATA (rx_bufs) [159] frag 0x3c17286c ref 1 (eth_esp32_rx():153)[0m
[07:42:38.151] [1;32muart:~$ [m^[[1[12D[J[00:03:24.284,000] [0m<dbg> net_pkt.net_pkt_write: (wifi): pkt 0x3c173cf0 data 0x3c26f2aa length 60[0m
[07:42:38.167] [1;32muart:~$ [m^[[1[12D[J[00:03:24.284,000] [0m<dbg> net_pkt.net_pkt_unref_debug: (rx_q[0]): RX [39] pkt 0x3c173cf0 ref 0 frags 0x3c17286c (processing_data():157)[0m
[07:42:38.184] [1;32muart:~$ [m^[[1[12D[J[00:03:24.284,000] [0m<dbg> net_pkt.net_pkt_unref_debug: (rx_q[0]): RDATA (rx_bufs) [159] frag 0x3c17286c ref 0 frags 0 (processing_data():157)[0m
[07:42:38.200] [1;32muart:~$ [m^[[1[12D[J[00:03:24.284,000] [0m<dbg> net_pkt.net_pkt_frag_unref_debug: (rx_q[0]): RDATA (rx_bufs) [159] frag 0x3c17286c ref 0 (net_pkt_unref_debug():612)[0m
[07:42:38.217] [1;32muart:~$ [m^[[1[12D[J[00:03:24.284,000] [0m<dbg> net_pkt.net_pkt_print: (rx_q[0]): TX 16 RX 40 RDATA 160 TDATA 80[0m
[07:42:38.234] [1;32muart:~$ [m^[[1[12D[J[00:03:25.103,000] [0m<dbg> net_pkt.pkt_alloc_with_buffer: (wifi): On iface 1 (0x3fc9ea10) size 60[0m
[07:42:38.251] [1;32muart:~$ [m^[[1[12D[J[00:03:25.103,000] [0m<dbg> net_pkt.net_pkt_alloc_buffer_with_reserve_debug: (wifi): Data allocation maximum size 60 (requested 60, reserve 0)[0m
[07:42:38.267] [1;32muart:~$ [m^[[1[12D[J[00:03:25.103,000] [0m<dbg> net_pkt.pkt_alloc_buffer: (wifi): RDATA (rx_bufs) [159] frag 0x3c17286c ref 1 (eth_esp32_rx():153)[0m
[07:42:38.284] [1;32muart:~$ [m^[[1[12D[J[00:03:25.103,000] [0m<dbg> net_pkt.net_pkt_write: (wifi): pkt 0x3c173cf0 data 0x3c26f2aa length 60[0m
[07:42:38.301] [1;32muart:~$ [m^[[1[12D[J[00:03:25.103,000] [0m<dbg> net_pkt.net_pkt_unref_debug: (rx_q[0]): RX [39] pkt 0x3c173cf0 ref 0 frags 0x3c17286c (processing_data():157)[0m
[07:42:38.317] [1;32muart:~$ [m^[[1[12D[J[00:03:25.103,000] [0m<dbg> net_pkt.net_pkt_unref_debug: (rx_q[0]): RDATA (rx_bufs) [159] frag 0x3c17286c ref 0 frags 0 (processing_data():157)[0m
[07:42:38.334] [1;32muart:~$ [m^[[1[12D[J[00:03:25.104,000] [0m<dbg> net_pkt.net_pkt_frag_unref_debug: (rx_q[0]): RDATA (rx_bufs) [159] frag 0x3c17286c ref 0 (net_pkt_unref_debug():612)[0m
[07:42:38.351] [1;32muart:~$ [m^[[1[12D[J[00:03:25.104,000] [0m<dbg> net_pkt.net_pkt_print: (rx_q[0]): TX 16 RX 40 RDATA 160 TDATA 80[0m
[07:42:38.367] [1;32muart:~$ [m^[[1[12D[J[1;32muart:~$ [m^[[1[12D[J[1;32muart:~$ [m^[[1[12D[J[00:03:26.127,000] [0m<dbg> net_pkt.pkt_alloc_with_buffer: (wifi): On iface 1 (0x3fc9ea10) size 60[0m
[07:42:40.174] [1;32muart:~$ [m^[[1[12D[J[00:03:26.127,000] [0m<dbg> net_pkt.net_pkt_alloc_buffer_with_reserve_debug: (wifi): Data allocation maximum size 60 (requested 60, reserve 0)[0m
[07:42:40.191] [1;32muart:~$ [m^[[1[12D[J[00:03:26.127,000] [0m<dbg> net_pkt.pkt_alloc_buffer: (wifi): RDATA (rx_bufs) [159] frag 0x3c17286c ref 1 (eth_esp32_rx():153)[0m
[07:42:40.208] [1;32muart:~$ [m^[[1[12D[J[00:03:26.127,000] [0m<dbg> net_pkt.net_pkt_write: (wifi): pkt 0x3c173cf0 data 0x3c26f2aa length 60[0m
[07:42:40.224] [1;32muart:~$ [m^[[1[12D[J[00:03:26.127,000] [0m<dbg> net_pkt.net_pkt_unref_debug: (rx_q[0]): RX [39] pkt 0x3c173cf0 ref 0 frags 0x3c17286c (processing_data():157)[0m
[07:42:40.241] [1;32muart:~$ [m^[[1[12D[J[00:03:26.127,000] [0m<dbg> net_pkt.net_pkt_unref_debug: (rx_q[0]): RDATA (rx_bufs) [159] frag 0x3c17286c ref 0 frags 0 (processing_data():157)[0m
[07:42:40.257] [1;32muart:~$ [m^[[1[12D[J[00:03:26.127,000] [0m<dbg> net_pkt.net_pkt_frag_unref_debug: (rx_q[0]): RDATA (rx_bufs) [159] frag 0x3c17286c ref 0 (net_pkt_unref_debug():612)[0m
[07:42:40.274] [1;32muart:~$ [m^[[1[12D[J[00:03:26.128,000] [0m<dbg> net_pkt.net_pkt_print: (rx_q[0]): TX 16 RX 40 RDATA 160 TDATA 80[0m
[07:42:40.290] [1;32muart:~$ [m^[[1[12D[J[1;32muart:~$ [m^[[1[12D[J[1;32muart:~$ [m^[[1[12D[J[1;31m[1;31m--- 2 messages dropped ---
[07:42:41.222] [0m[m[00:03:27.356,000] [0m<dbg> net_pkt.pkt_alloc_buffer: (wifi): RDATA (rx_bufs) [159] frag 0x3c17286c ref 1 (eth_esp32_rx():153)[0m
[07:42:41.223] [1;32muart:~$ [m^[[1[12D[J[00:03:27.356,000] [0m<dbg> net_pkt.net_pkt_write: (wifi): pkt 0x3c173cf0 data 0x3c26f2aa length 60[0m
[07:42:41.240] [1;32muart:~$ [m^[[1[12D[J[00:03:27.356,000] [0m<dbg> net_pkt.net_pkt_unref_debug: (rx_q[0]): RX [39] pkt 0x3c173cf0 ref 0 frags 0x3c17286c (processing_data():157)[0m
[07:42:41.256] [1;32muart:~$ [m^[[1[12D[J[00:03:27.356,000] [0m<dbg> net_pkt.net_pkt_unref_debug: (rx_q[0]): RDATA (rx_bufs) [159] frag 0x3c17286c ref 0 frags 0 (processing_data():157)[0m
[07:42:41.273] [1;32muart:~$ [m^[[1[12D[J[00:03:27.356,000] [0m<dbg> net_pkt.net_pkt_frag_unref_debug: (rx_q[0]): RDATA (rx_bufs) [159] frag 0x3c17286c ref 0 (net_pkt_unref_debug():612)[0m
[07:42:41.289] [1;32muart:~$ [m^[[1[12D[J[00:03:27.356,000] [0m<dbg> net_pkt.net_pkt_print: (rx_q[0]): TX 16 RX 40 RDATA 160 TDATA 80[0m
[07:42:41.306] [1;32muart:~$ [m^[[1[12D[J[00:03:28.175,000] [0m<dbg> net_pkt.pkt_alloc_with_buffer: (wifi): On iface 1 (0x3fc9ea10) size 60[0m
[07:42:41.322] [1;32muart:~$ [m^[[1[12D[J[00:03:28.175,000] [0m<dbg> net_pkt.net_pkt_alloc_buffer_with_reserve_debug: (wifi): Data allocation maximum size 60 (requested 60, reserve 0)[0m
[07:42:41.339] [1;32muart:~$ [m^[[1[12D[J[00:03:28.175,000] [0m<dbg> net_pkt.pkt_alloc_buffer: (wifi): RDATA (rx_bufs) [159] frag 0x3c17286c ref 1 (eth_esp32_rx():153)[0m
[07:42:41.355] [1;32muart:~$ [m^[[1[12D[J[00:03:28.175,000] [0m<dbg> net_pkt.net_pkt_write: (wifi): pkt 0x3c173cf0 data 0x3c26f2aa length 60[0m
[07:42:41.372] [1;32muart:~$ [m^[[1[12D[J[00:03:28.175,000] [0m<dbg> net_pkt.net_pkt_unref_debug: (rx_q[0]): RX [39] pkt 0x3c173cf0 ref 0 frags 0x3c17286c (processing_data():157)[0m
[07:42:41.388] [1;32muart:~$ [m^[[1[12D[J[00:03:28.175,000] [0m<dbg> net_pkt.net_pkt_unref_debug: (rx_q[0]): RDATA (rx_bufs) [159] frag 0x3c17286c ref 0 frags 0 (processing_data():157)[0m
[07:42:41.405] [1;32muart:~$ [m^[[1[12D[J[00:03:28.175,000] [0m<dbg> net_pkt.net_pkt_frag_unref_debug: (rx_q[0]): RDATA (rx_bufs) [159] frag 0x3c17286c ref 0 (net_pkt_unref_debug():612)[0m
[07:42:41.422] [1;32muart:~$ [m^[[1[12D[J[00:03:28.176,000] [0m<dbg> net_pkt.net_pkt_print: (rx_q[0]): TX 16 RX 40 RDATA 160 TDATA 80[0m
[07:42:41.439] [1;32muart:~$ [m^[[1[12D[J[1;32muart:~$ [m^[[1[12D[J[1;32muart:~$ [m^[[1[12D[J[1;31m[1;31m--- 70 messages dropped ---
[07:42:41.940] [0m[m[00:03:28.892,000] [0m<dbg> net_pkt.net_pkt_unref_debug: (rx_q[0]): TX [14] pkt 0x3c172f28 ref 0 frags 0x3c15d4f4 (tcp_send():472)[0m
[07:42:41.941] [1;32muart:~$ [m^[[1[12D[J[00:03:28.892,000] [0m<dbg> net_pkt.net_pkt_unref_debug: (rx_q[0]): TDATA (tx_bufs) [76] frag 0x3c15d4f4 ref 0 frags 0x3c15d4d8 (tcp_send():472)[0m
[07:42:41.958] [1;32muart:~$ [m^[[1[12D[J[1;31m[1;31m--- 10 messages dropped ---
[07:42:41.974] [0m[m[00:03:28.892,000] [0m<dbg> net_pkt.net_pkt_unref_debug: (rx_q[0]): TDATA (tx_bufs) [76] frag 0x3c15d4d8 ref 0 frags 0x3c15d4bc (tcp_send():472)[0m
[07:42:41.975] [1;32muart:~$ [m^[[1[12D[J[00:03:28.892,000] [0m<dbg> net_pkt.net_pkt_unref_debug: (rx_q[0]): TDATA (tx_bufs) [76] frag 0x3c15d4bc ref 0 frags 0 (tcp_send():472)[0m
[07:42:41.992] [1;32muart:~$ [m^[[1[12D[J[00:03:28.892,000] [0m<dbg> net_pkt.net_pkt_frag_unref_debug: (rx_q[0]): TDATA (tx_bufs) [76] frag 0x3c15d4f4 ref 0 (net_pkt_unref_debug():612)[0m
[07:42:42.009] [1;32muart:~$ [m^[[1[12D[J[00:03:28.892,000] [0m<dbg> net_pkt.net_pkt_frag_unref_debug: (rx_q[0]): TDATA (tx_bufs) [77] frag 0x3c15d4d8 ref 0 (net_pkt_unref_debug():612)[0m
[07:42:42.026] [1;32muart:~$ [m^[[1[12D[J[00:03:28.892,000] [0m<dbg> net_pkt.net_pkt_frag_unref_debug: (rx_q[0]): TDATA (tx_bufs) [78] frag 0x3c15d4bc ref 0 (net_pkt_unref_debug():612)[0m
[07:42:42.043] [1;32muart:~$ [m^[[1[12D[J[00:03:28.892,000] [0m<dbg> net_pkt.net_pkt_unref_debug: (rx_q[0]): TX [15] pkt 0x3c172ee0 ref 0 frags 0 (tcp_send_data():1875)[0m
[07:42:42.059] [1;32muart:~$ [m^[[1[12D[J[00:03:28.899,000] [0m<dbg> net_pkt.net_pkt_skip: (rx_q[0]): pkt 0x3c173cf0 skip 32[0m
[07:42:42.075] [1;32muart:~$ [m^[[1[12D[J[00:03:28.899,000] [0m<dbg> net_pkt.net_pkt_write: (rx_q[0]): pkt 0x3c173cf0 data 0x3c16a796 length 20[0m
[07:42:42.092] [1;32muart:~$ [m^[[1[12D[J[00:03:28.899,000] [0m<dbg> net_pkt.net_pkt_skip: (rx_q[0]): pkt 0x3c173cf0 skip 20[0m
[07:42:42.108] [1;32muart:~$ [m^[[1[12D[J[00:03:28.899,000] [0m<dbg> net_pkt.net_pkt_skip: (rx_q[0]): pkt 0x3c173cf0 skip 40[0m
[07:42:42.124] [1;32muart:~$ [m^[[1[12D[J[00:03:28.899,000] [0m<dbg> net_pkt.net_pkt_skip: (rx_q[0]): pkt 0x3c173cf0 skip 40[0m
[07:42:42.140] [1;32muart:~$ [m^[[1[12D[J[00:03:28.899,000] [0m<dbg> net_pkt.net_pkt_skip: (rx_q[0]): pkt 0x3c173cf0 skip 40[0m
[07:42:42.156] [1;32muart:~$ [m^[[1[12D[J[00:03:28.899,000] [0m<dbg> net_pkt.net_pkt_skip: (rx_q[0]): pkt 0x3c173cf0 skip 40[0m
[07:42:42.172] [1;32muart:~$ [m^[[1[12D[J[00:03:28.899,000] [0m<dbg> net_pkt.net_pkt_skip: (rx_q[0]): pkt 0x3c173cf0 skip 40[0m
[07:42:42.188] [1;32muart:~$ [m^[[1[12D[J[00:03:28.900,000] [0m<dbg> net_pkt.net_pkt_unref_debug: (rx_q[0]): RX [39] pkt 0x3c173cf0 ref 0 frags 0x3c17286c (tcp_in():3635)[0m
[07:42:42.204] [1;32muart:~$ [m^[[1[12D[J[00:03:28.900,000] [0m<dbg> net_pkt.net_pkt_unref_debug: (rx_q[0]): RDATA (rx_bufs) [159] frag 0x3c17286c ref 0 frags 0 (tcp_in():3635)[0m
[07:42:42.220] [1;32muart:~$ [m^[[1[12D[J[00:03:28.900,000] [0m<dbg> net_pkt.net_pkt_frag_unref_debug: (rx_q[0]): RDATA (rx_bufs) [159] frag 0x3c17286c ref 0 (net_pkt_unref_debug():612)[0m
[07:42:42.237] [1;32muart:~$ [m^[[1[12D[J[00:03:28.900,000] [0m<dbg> net_pkt.net_pkt_print: (rx_q[0]): TX 16 RX 40 RDATA 160 TDATA 80[0m
[07:42:42.254] [1;32muart:~$ [m^[[1[12D[J[1;32muart:~$ [m^[[1[12D[J[1;32muart:~$ [m^[[1[12D[J[1;31m[1;31m--- 4 messages dropped ---
[07:42:43.270] [0m[m[00:03:29.404,000] [0m<dbg> net_pkt.net_pkt_unref_debug: (rx_q[0]): RX [39] pkt 0x3c173cf0 ref 0 frags 0x3c17286c (processing_data():157)[0m
[07:42:43.271] [1;32muart:~$ [m^[[1[12D[J[00:03:29.404,000] [0m<dbg> net_pkt.net_pkt_unref_debug: (rx_q[0]): RDATA (rx_bufs) [159] frag 0x3c17286c ref 0 frags 0 (processing_data():157)[0m
[07:42:43.288] [1;32muart:~$ [m^[[1[12D[J[00:03:29.404,000] [0m<dbg> net_pkt.net_pkt_frag_unref_debug: (rx_q[0]): RDATA (rx_bufs) [159] frag 0x3c17286c ref 0 (net_pkt_unref_debug():612)[0m
[07:42:43.304] [1;32muart:~$ [m^[[1[12D[J[00:03:29.405,000] [0m<dbg> net_pkt.net_pkt_print: (rx_q[0]): TX 16 RX 40 RDATA 160 TDATA 80[0m
[07:42:43.321] [1;32muart:~$ [m^[[1[12D[JNETMEM up=210s pktRX=40/40 pktTX=16/16 bufRX=160/160/m102 bufTX=80/80/m4 int_free=0 int_min=0 psram_free=0 psram_min=0
[07:42:43.337] [1;32muart:~$ [m^[[1[12D[J[00:03:30.223,000] [0m<dbg> net_pkt.pkt_alloc_with_buffer: (wifi): On iface 1 (0x3fc9ea10) size 60[0m
[07:42:43.354] [1;32muart:~$ [m^[[1[12D[J[00:03:30.223,000] [0m<dbg> net_pkt.net_pkt_alloc_buffer_with_reserve_debug: (wifi): Data allocation maximum size 60 (requested 60, reserve 0)[0m
[07:42:43.371] [1;32muart:~$ [m^[[1[12D[J[00:03:30.223,000] [0m<dbg> net_pkt.pkt_alloc_buffer: (wifi): RDATA (rx_bufs) [159] frag 0x3c17286c ref 1 (eth_esp32_rx():153)[0m
[07:42:43.387] [1;32muart:~$ [m^[[1[12D[J[00:03:30.223,000] [0m<dbg> net_pkt.net_pkt_write: (wifi): pkt 0x3c173cf0 data 0x3c26f2aa length 60[0m
[07:42:43.403] [1;32muart:~$ [m^[[1[12D[J[00:03:30.223,000] [0m<dbg> net_pkt.net_pkt_unref_debug: (rx_q[0]): RX [39] pkt 0x3c173cf0 ref 0 frags 0x3c17286c (processing_data():157)[0m
[07:42:43.420] [1;32muart:~$ [m^[[1[12D[J[00:03:30.223,000] [0m<dbg> net_pkt.net_pkt_unref_debug: (rx_q[0]): RDATA (rx_bufs) [159] frag 0x3c17286c ref 0 frags 0 (processing_data():157)[0m
[07:42:43.437] [1;32muart:~$ [m^[[1[12D[J[00:03:30.223,000] [0m<dbg> net_pkt.net_pkt_frag_unref_debug: (rx_q[0]): RDATA (rx_bufs) [159] frag 0x3c17286c ref 0 (net_pkt_unref_debug():612)[0m
[07:42:43.453] [1;32muart:~$ [m^[[1[12D[J[00:03:30.224,000] [0m<dbg> net_pkt.net_pkt_print: (rx_q[0]): TX 16 RX 40 RDATA 160 TDATA 80[0m
[07:42:43.470] [1;32muart:~$ [m^[[1[12D[J[1;32muart:~$ [m^[[1[12D[J[1;32muart:~$ [m^[[1[12D[J[1;31m[1;31m--- 32 messages dropped ---
[07:42:43.686] [0m[m[00:03:30.635,000] [0m<dbg> net_pkt.net_pkt_read: (rx_q[0]): pkt 0x3c172ee0 data 0x3fcc36ae length 74[0m
[07:42:43.687] [1;32muart:~$ [m^[[1[12D[J[00:03:30.636,000] [0m<dbg> net_pkt.net_pkt_unref_debug: (rx_q[0]): TX [15] pkt 0x3c172ee0 ref 1 frags 0x3c15d4bc (ethernet_send():800)[0m
[07:42:43.704] [1;32muart:~$ [m^[[1[12D[J[00:03:30.636,000] [0m<dbg> net_pkt.net_pkt_unref_debug: (rx_q[0]): TX [15] pkt 0x3c172ee0 ref 0 frags 0x3c15d4bc (tcp_send():472)[0m
[07:42:43.721] [1;32muart:~$ [m^[[1[12D[J[00:03:30.636,000] [0m<dbg> net_pkt.net_pkt_unref_debug: (rx_q[0]): TDATA (tx_bufs) [78] frag 0x3c15d4bc ref 0 frags 0x3c15d4a0 (tcp_send():472)[0m
[07:42:43.737] [1;32muart:~$ [m^[[1[12D[J[00:03:30.636,000] [0m<dbg> net_pkt.net_pkt_unref_debug: (rx_q[0]): TDATA (tx_bufs) [78] frag 0x3c15d4a0 ref 0 frags 0 (tcp_send():472)[0m
[07:42:43.754] [1;32muart:~$ [m^[[1[12D[J[00:03:30.636,000] [0m<dbg> net_pkt.net_pkt_frag_unref_debug: (rx_q[0]): TDATA (tx_bufs) [78] frag 0x3c15d4bc ref 0 (net_pkt_unref_debug():612)[0m
[07:42:43.771] [1;32muart:~$ [m^[[1[12D[J[00:03:30.636,000] [0m<dbg> net_pkt.net_pkt_frag_unref_debug: (rx_q[0]): TDATA (tx_bufs) [79] frag 0x3c15d4a0 ref 0 (net_pkt_unref_debug():612)[0m
[07:42:43.787] [1;32muart:~$ [m^[[1[12D[J[00:03:30.636,000] [0m<dbg> net_pkt.net_pkt_print: (rx_q[0]): TX 16 RX 39 RDATA 159 TDATA 80[0m
[07:42:43.803] [1;32muart:~$ [m^[[1[12D[J[00:03:30.637,000] [0m<dbg> net_pkt.net_pkt_read: (llss_thread): pkt 0x3c173cf0 data 0x3c246e00 length 5[0m
[07:42:43.820] [1;32muart:~$ [m^[[1[12D[J[00:03:30.637,000] [0m<dbg> net_pkt.net_pkt_read: (llss_thread): pkt 0x3c173cf0 data 0x3c246e05 length 233[0m
[07:42:43.836] [1;32muart:~$ [m^[[1[12D[J[00:03:30.637,000] [0m<dbg> net_pkt.net_pkt_unref_debug: (llss_thread): RX [39] pkt 0x3c173cf0 ref 0 frags 0x3c17286c (zsock_recv_stream_immediate():1423)[0m
[07:42:43.853] [1;32muart:~$ [m^[[1[12D[J[00:03:30.637,000] [0m<dbg> net_pkt.net_pkt_unref_debug: (llss_thread): RDATA (rx_bufs) [159] frag 0x3c17286c ref 0 frags 0 (zsock_recv_stream_immediate():1423)[0m
[07:42:43.869] [1;32muart:~$ [m^[[1[12D[J[00:03:30.637,000] [0m<dbg> net_pkt.net_pkt_frag_unref_debug: (llss_thread): RDATA (rx_bufs) [159] frag 0x3c17286c ref 0 (net_pkt_unref_debug():612)[0m
[07:42:43.886] [1;32muart:~$ [m^[[1[12D[J[1;32muart:~$ [m^[[1[12D[J[1;32muart:~$ [m^[[1[12D[J[00:03:31.247,000] [0m<dbg> net_pkt.pkt_alloc_with_buffer: (wifi): On iface 1 (0x3fc9ea10) size 60[0m
[07:42:45.294] [1;32muart:~$ [m^[[1[12D[J[00:03:31.247,000] [0m<dbg> net_pkt.net_pkt_alloc_buffer_with_reserve_debug: (wifi): Data allocation maximum size 60 (requested 60, reserve 0)[0m
[07:42:45.311] [1;32muart:~$ [m^[[1[12D[J[00:03:31.247,000] [0m<dbg> net_pkt.pkt_alloc_buffer: (wifi): RDATA (rx_bufs) [159] frag 0x3c17286c ref 1 (eth_esp32_rx():153)[0m
[07:42:45.328] [1;32muart:~$ [m^[[1[12D[J[00:03:31.247,000] [0m<dbg> net_pkt.net_pkt_write: (wifi): pkt 0x3c173cf0 data 0x3c26f2aa length 60[0m
[07:42:45.344] [1;32muart:~$ [m^[[1[12D[J[00:03:31.247,000] [0m<dbg> net_pkt.net_pkt_unref_debug: (rx_q[0]): RX [39] pkt 0x3c173cf0 ref 0 frags 0x3c17286c (processing_data():157)[0m
[07:42:45.361] [1;32muart:~$ [m^[[1[12D[J[00:03:31.247,000] [0m<dbg> net_pkt.net_pkt_unref_debug: (rx_q[0]): RDATA (rx_bufs) [159] frag 0x3c17286c ref 0 frags 0 (processing_data():157)[0m
[07:42:45.377] [1;32muart:~$ [m^[[1[12D[J[00:03:31.247,000] [0m<dbg> net_pkt.net_pkt_frag_unref_debug: (rx_q[0]): RDATA (rx_bufs) [159] frag 0x3c17286c ref 0 (net_pkt_unref_debug():612)[0m
[07:42:45.394] [1;32muart:~$ [m^[[1[12D[J[00:03:31.247,000] [0m<dbg> net_pkt.net_pkt_print: (rx_q[0]): TX 16 RX 40 RDATA 160 TDATA 80[0m
[07:42:45.410] [1;32muart:~$ [m^[[1[12D[J[1;32muart:~$ [m^[[1[12D[J[1;32muart:~$ [m^[[1[12D[J[00:03:32.271,000] [0m<dbg> net_pkt.pkt_alloc_with_buffer: (wifi): On iface 1 (0x3fc9ea10) size 60[0m
[07:42:46.318] [1;32muart:~$ [m^[[1[12D[J[00:03:32.271,000] [0m<dbg> net_pkt.net_pkt_alloc_buffer_with_reserve_debug: (wifi): Data allocation maximum size 60 (requested 60, reserve 0)[0m
[07:42:46.335] [1;32muart:~$ [m^[[1[12D[J[00:03:32.271,000] [0m<dbg> net_pkt.pkt_alloc_buffer: (wifi): RDATA (rx_bufs) [159] frag 0x3c17286c ref 1 (eth_esp32_rx():153)[0m
[07:42:46.351] [1;32muart:~$ [m^[[1[12D[J[00:03:32.271,000] [0m<dbg> net_pkt.net_pkt_write: (wifi): pkt 0x3c173cf0 data 0x3c26f2aa length 60[0m
[07:42:46.368] [1;32muart:~$ [m^[[1[12D[J[00:03:32.271,000] [0m<dbg> net_pkt.net_pkt_unref_debug: (rx_q[0]): RX [39] pkt 0x3c173cf0 ref 0 frags 0x3c17286c (processing_data():157)[0m
[07:42:46.384] [1;32muart:~$ [m^[[1[12D[J[00:03:32.271,000] [0m<dbg> net_pkt.net_pkt_unref_debug: (rx_q[0]): RDATA (rx_bufs) [159] frag 0x3c17286c ref 0 frags 0 (processing_data():157)[0m
[07:42:46.401] [1;32muart:~$ [m^[[1[12D[J[00:03:32.272,000] [0m<dbg> net_pkt.net_pkt_frag_unref_debug: (rx_q[0]): RDATA (rx_bufs) [159] frag 0x3c17286c ref 0 (net_pkt_unref_debug():612)[0m
[07:42:46.418] [1;32muart:~$ [m^[[1[12D[J[00:03:32.272,000] [0m<dbg> net_pkt.net_pkt_print: (rx_q[0]): TX 16 RX 40 RDATA 160 TDATA 80[0m
[07:42:46.434] [1;32muart:~$ [m^[[1[12D[J[1;32muart:~$ [m^[[1[12D[J[1;32muart:~$ [m^[[1[12D[J[00:03:33.295,000] [0m<dbg> net_pkt.pkt_alloc_with_buffer: (wifi): On iface 1 (0x3fc9ea10) size 60[0m
[07:42:47.342] [1;32muart:~$ [m^[[1[12D[J[00:03:33.295,000] [0m<dbg> net_pkt.net_pkt_alloc_buffer_with_reserve_debug: (wifi): Data allocation maximum size 60 (requested 60, reserve 0)[0m
[07:42:47.359] [1;32muart:~$ [m^[[1[12D[J[00:03:33.295,000] [0m<dbg> net_pkt.pkt_alloc_buffer: (wifi): RDATA (rx_bufs) [159] frag 0x3c17286c ref 1 (eth_esp32_rx():153)[0m
[07:42:47.376] [1;32muart:~$ [m^[[1[12D[J[00:03:33.295,000] [0m<dbg> net_pkt.net_pkt_write: (wifi): pkt 0x3c173cf0 data 0x3c26f2aa length 60[0m
[07:42:47.392] [1;32muart:~$ [m^[[1[12D[J[00:03:33.295,000] [0m<dbg> net_pkt.net_pkt_unref_debug: (rx_q[0]): RX [39] pkt 0x3c173cf0 ref 0 frags 0x3c17286c (processing_data():157)[0m
[07:42:47.409] [1;32muart:~$ [m^[[1[12D[J[00:03:33.295,000] [0m<dbg> net_pkt.net_pkt_unref_debug: (rx_q[0]): RDATA (rx_bufs) [159] frag 0x3c17286c ref 0 frags 0 (processing_data():157)[0m
[07:42:47.425] [1;32muart:~$ [m^[[1[12D[J[00:03:33.295,000] [0m<dbg> net_pkt.net_pkt_frag_unref_debug: (rx_q[0]): RDATA (rx_bufs) [159] frag 0x3c17286c ref 0 (net_pkt_unref_debug():612)[0m
[07:42:47.442] [1;32muart:~$ [m^[[1[12D[J[00:03:33.296,000] [0m<dbg> net_pkt.net_pkt_print: (rx_q[0]): TX 16 RX 40 RDATA 160 TDATA 80[0m
[07:42:47.458] [1;32muart:~$ [m^[[1[12D[J[1;32muart:~$ [m^[[1[12D[J[1;32muart:~$ [m^[[1[12D[J[1;31m[1;31m--- 3 messages dropped ---
[07:42:48.185] [0m[m[00:03:34.319,000] [0m<dbg> net_pkt.net_pkt_write: (wifi): pkt 0x3c173cf0 data 0x3c26f2aa length 60[0m
[07:42:48.186] [1;32muart:~$ [m^[[1[12D[J[00:03:34.319,000] [0m<dbg> net_pkt.net_pkt_unref_debug: (rx_q[0]): RX [39] pkt 0x3c173cf0 ref 0 frags 0x3c17286c (processing_data():157)[0m
[07:42:48.203] [1;32muart:~$ [m^[[1[12D[J[00:03:34.319,000] [0m<dbg> net_pkt.net_pkt_unref_debug: (rx_q[0]): RDATA (rx_bufs) [159] frag 0x3c17286c ref 0 frags 0 (processing_data():157)[0m
[07:42:48.219] [1;32muart:~$ [m^[[1[12D[J[00:03:34.319,000] [0m<dbg> net_pkt.net_pkt_frag_unref_debug: (rx_q[0]): RDATA (rx_bufs) [159] frag 0x3c17286c ref 0 (net_pkt_unref_debug():612)[0m
[07:42:48.236] [1;32muart:~$ [m^[[1[12D[J[00:03:34.320,000] [0m<dbg> net_pkt.net_pkt_print: (rx_q[0]): TX 16 RX 40 RDATA 160 TDATA 80[0m
[07:42:48.252] [1;32muart:~$ [m^[[1[12D[J[00:03:35.138,000] [0m<dbg> net_pkt.pkt_alloc_with_buffer: (wifi): On iface 1 (0x3fc9ea10) size 60[0m
[07:42:48.268] [1;32muart:~$ [m^[[1[12D[J[00:03:35.138,000] [0m<dbg> net_pkt.net_pkt_alloc_buffer_with_reserve_debug: (wifi): Data allocation maximum size 60 (requested 60, reserve 0)[0m
[07:42:48.285] [1;32muart:~$ [m^[[1[12D[J[00:03:35.138,000] [0m<dbg> net_pkt.pkt_alloc_buffer: (wifi): RDATA (rx_bufs) [159] frag 0x3c17286c ref 1 (eth_esp32_rx():153)[0m
[07:42:48.301] [1;32muart:~$ [m^[[1[12D[J[00:03:35.138,000] [0m<dbg> net_pkt.net_pkt_write: (wifi): pkt 0x3c173cf0 data 0x3c26f2aa length 60[0m
[07:42:48.317] [1;32muart:~$ [m^[[1[12D[J[00:03:35.139,000] [0m<dbg> net_pkt.net_pkt_unref_debug: (rx_q[0]): RX [39] pkt 0x3c173cf0 ref 0 frags 0x3c17286c (processing_data():157)[0m
[07:42:48.334] [1;32muart:~$ [m^[[1[12D[J[00:03:35.139,000] [0m<dbg> net_pkt.net_pkt_unref_debug: (rx_q[0]): RDATA (rx_bufs) [159] frag 0x3c17286c ref 0 frags 0 (processing_data():157)[0m
[07:42:48.351] [1;32muart:~$ [m^[[1[12D[J[00:03:35.139,000] [0m<dbg> net_pkt.net_pkt_frag_unref_debug: (rx_q[0]): RDATA (rx_bufs) [159] frag 0x3c17286c ref 0 (net_pkt_unref_debug():612)[0m
[07:42:48.367] [1;32muart:~$ [m^[[1[12D[J[00:03:35.139,000] [0m<dbg> net_pkt.net_pkt_print: (rx_q[0]): TX 16 RX 40 RDATA 160 TDATA 80[0m
[07:42:48.384] [1;32muart:~$ [m^[[1[12D[J[1;32muart:~$ [m^[[1[12D[J[1;32muart:~$ [m^[[1[12D[J[1;31m[1;31m--- 88 messages dropped ---
[07:42:48.700] [0m[m[00:03:35.650,000] [0m<dbg> net_pkt.net_pkt_get_reserve_data_debug: (llss_thread): TDATA (tx_bufs) [76] frag 0x3c15d4f4 ref 1 (ethernet_fill_header():610)[0m
[07:42:48.702] [1;32muart:~$ [m^[[1[12D[J[00:03:35.653,000] [0m<dbg> net_pkt.net_pkt_skip: (rx_q[0]): pkt 0x3c173cf0 skip 40[0m
[07:42:48.718] [1;32muart:~$ [m^[[1[12D[J[00:03:35.653,000] [0m<dbg> net_pkt.net_pkt_skip: (rx_q[0]): pkt 0x3c173cf0 skip 8[0m
[07:42:48.734] [1;32muart:~$ [m^[[1[12D[J[00:03:35.653,000] [0m<dbg> net_pkt.net_pkt_skip: (rx_q[0]): pkt 0x3c173cf0 skip 32[0m
[07:42:48.751] [1;32muart:~$ [m^[[1[12D[J[00:03:35.653,000] [0m<dbg> net_pkt.net_pkt_write: (rx_q[0]): pkt 0x3c173cf0 data 0x3c16a796 length 20[0m
[07:42:48.767] [1;32muart:~$ [m^[[1[12D[J[00:03:35.653,000] [0m<dbg> net_pkt.net_pkt_skip: (rx_q[0]): pkt 0x3c173cf0 skip 20[0m
[07:42:48.784] [1;32muart:~$ [m^[[1[12D[J[00:03:35.653,000] [0m<dbg> net_pkt.net_pkt_skip: (rx_q[0]): pkt 0x3c173cf0 skip 40[0m
[07:42:48.800] [1;32muart:~$ [m^[[1[12D[J[00:03:35.653,000] [0m<dbg> net_pkt.net_pkt_skip: (rx_q[0]): pkt 0x3c173cf0 skip 40[0m
[07:42:48.817] [1;32muart:~$ [m^[[1[12D[J[00:03:35.653,000] [0m<dbg> net_pkt.net_pkt_skip: (rx_q[0]): pkt 0x3c173cf0 skip 40[0m
[07:42:48.833] [1;32muart:~$ [m^[[1[12D[J[00:03:35.653,000] [0m<dbg> net_pkt.net_pkt_skip: (rx_q[0]): pkt 0x3c173cf0 skip 40[0m
[07:42:48.849] [1;32muart:~$ [m^[[1[12D[J[00:03:35.653,000] [0m<dbg> net_pkt.net_pkt_skip: (rx_q[0]): pkt 0x3c173cf0 skip 40[0m
[07:42:48.865] [1;32muart:~$ [m^[[1[12D[J[00:03:35.654,000] [0m<dbg> net_pkt.net_pkt_unref_debug: (rx_q[0]): RDATA (rx_bufs) [159] frag 0x3c17286c ref 0 frags 0 (tcp_in():3635)[0m
[07:42:48.881] [1;32muart:~$ [m^[[1[12D[J[00:03:35.654,000] [0m<dbg> net_pkt.net_pkt_frag_unref_debug: (rx_q[0]): RDATA (rx_bufs) [159] frag 0x3c17286c ref 0 (net_pkt_unref_debug():612)[0m
[07:42:48.898] [1;32muart:~$ [m^[[1[12D[J[00:03:35.654,000] [0m<dbg> net_pkt.net_pkt_print: (rx_q[0]): TX 16 RX 40 RDATA 160 TDATA 80[0m
[07:42:48.914] [1;32muart:~$ [m^[[1[12D[J[1;32muart:~$ [m^[[1[12D[J[1;32muart:~$ [m^[[1[12D[J[00:03:36.162,000] [0m<dbg> net_pkt.pkt_alloc_with_buffer: (wifi): On iface 1 (0x3fc9ea10) size 60[0m
[07:42:50.209] [1;32muart:~$ [m^[[1[12D[J[00:03:36.162,000] [0m<dbg> net_pkt.net_pkt_alloc_buffer_with_reserve_debug: (wifi): Data allocation maximum size 60 (requested 60, reserve 0)[0m
[07:42:50.226] [1;32muart:~$ [m^[[1[12D[J[00:03:36.162,000] [0m<dbg> net_pkt.pkt_alloc_buffer: (wifi): RDATA (rx_bufs) [159] frag 0x3c17286c ref 1 (eth_esp32_rx():153)[0m
[07:42:50.243] [1;32muart:~$ [m^[[1[12D[J[00:03:36.162,000] [0m<dbg> net_pkt.net_pkt_write: (wifi): pkt 0x3c173cf0 data 0x3c26f2aa length 60[0m
[07:42:50.259] [1;32muart:~$ [m^[[1[12D[J[00:03:36.163,000] [0m<dbg> net_pkt.net_pkt_unref_debug: (rx_q[0]): RX [39] pkt 0x3c173cf0 ref 0 frags 0x3c17286c (processing_data():157)[0m
[07:42:50.276] [1;32muart:~$ [m^[[1[12D[J[00:03:36.163,000] [0m<dbg> net_pkt.net_pkt_unref_debug: (rx_q[0]): RDATA (rx_bufs) [159] frag 0x3c17286c ref 0 frags 0 (processing_data():157)[0m
[07:42:50.292] [1;32muart:~$ [m^[[1[12D[J[00:03:36.163,000] [0m<dbg> net_pkt.net_pkt_frag_unref_debug: (rx_q[0]): RDATA (rx_bufs) [159] frag 0x3c17286c ref 0 (net_pkt_unref_debug():612)[0m
[07:42:50.309] [1;32muart:~$ [m^[[1[12D[J[00:03:36.163,000] [0m<dbg> net_pkt.net_pkt_print: (rx_q[0]): TX 16 RX 40 RDATA 160 TDATA 80[0m
[07:42:50.325] [1;32muart:~$ [m^[[1[12D[J[1;32muart:~$ [m^[[1[12D[J[1;32muart:~$ [m^[[1[12D[J[1;31m[1;31m--- 41 messages dropped ---
[07:42:50.445] [0m[m[00:03:37.394,000] [0m<dbg> net_pkt.net_pkt_unref_debug: (rx_q[0]): TX [15] pkt 0x3c172ee0 ref 1 frags 0x3c15d4bc (ethernet_send():800)[0m
[07:42:50.446] [1;32muart:~$ [m^[[1[12D[J[00:03:37.394,000] [0m<dbg> net_pkt.net_pkt_unref_debug: (rx_q[0]): TX [15] pkt 0x3c172ee0 ref 0 frags 0x3c15d4bc (tcp_send():472)[0m
[07:42:50.462] [1;32muart:~$ [m^[[1[12D[J[00:03:37.394,000] [0m<dbg> net_pkt.net_pkt_unref_debug: (rx_q[0]): TDATA (tx_bufs) [78] frag 0x3c15d4bc ref 0 frags 0x3c15d4a0 (tcp_send():472)[0m
[07:42:50.479] [1;32muart:~$ [m^[[1[12D[J[00:03:37.394,000] [0m<dbg> net_pkt.net_pkt_unref_debug: (rx_q[0]): TDATA (tx_bufs) [78] frag 0x3c15d4a0 ref 0 frags 0 (tcp_send():472)[0m
[07:42:50.496] [1;32muart:~$ [m^[[1[12D[J[00:03:37.394,000] [0m<dbg> net_pkt.net_pkt_frag_unref_debug: (rx_q[0]): TDATA (tx_bufs) [78] frag 0x3c15d4bc ref 0 (net_pkt_unref_debug():612)[0m
[07:42:50.513] [1;32muart:~$ [m^[[1[12D[J[00:03:37.394,000] [0m<dbg> net_pkt.net_pkt_frag_unref_debug: (rx_q[0]): TDATA (tx_bufs) [79] frag 0x3c15d4a0 ref 0 (net_pkt_unref_debug():612)[0m
[07:42:50.530] [1;32muart:~$ [m^[[1[12D[J[00:03:37.395,000] [0m<dbg> net_pkt.net_pkt_print: (rx_q[0]): TX 16 RX 39 RDATA 159 TDATA 80[0m
[07:42:50.547] [1;32muart:~$ [m^[[1[12D[J[00:03:37.396,000] [0m<dbg> net_pkt.net_pkt_read: (llss_thread): pkt 0x3c173cf0 data 0x3c246e00 length 5[0m
[07:42:50.563] [1;32muart:~$ [m^[[1[12D[J[00:03:37.396,000] [0m<dbg> net_pkt.net_pkt_read: (llss_thread): pkt 0x3c173cf0 data 0x3c246e05 length 233[0m
[07:42:50.579] [1;32muart:~$ [m^[[1[12D[J[00:03:37.396,000] [0m<dbg> net_pkt.net_pkt_unref_debug: (llss_thread): RX [39] pkt 0x3c173cf0 ref 0 frags 0x3c17286c (zsock_recv_stream_immediate():1423)[0m
[07:42:50.596] [1;32muart:~$ [m^[[1[12D[J[00:03:37.396,000] [0m<dbg> net_pkt.net_pkt_unref_debug: (llss_thread): RDATA (rx_bufs) [159] frag 0x3c17286c ref 0 frags 0 (zsock_recv_stream_immediate():1423)[0m
[07:42:50.613] [1;32muart:~$ [m^[[1[12D[J[00:03:37.396,000] [0m<dbg> net_pkt.net_pkt_frag_unref_debug: (llss_thread): RDATA (rx_bufs) [159] frag 0x3c17286c ref 0 (net_pkt_unref_debug():612)[0m
[07:42:50.630] [1;32muart:~$ [m^[[1[12D[J[1;32muart:~$ [m^[[1[12D[J[1;32muart:~$ [m^[[1[12D[J[00:03:38.210,000] [0m<dbg> net_pkt.pkt_alloc_with_buffer: (wifi): On iface 1 (0x3fc9ea10) size 60[0m
[07:42:52.257] [1;32muart:~$ [m^[[1[12D[J[00:03:38.210,000] [0m<dbg> net_pkt.net_pkt_alloc_buffer_with_reserve_debug: (wifi): Data allocation maximum size 60 (requested 60, reserve 0)[0m
[07:42:52.274] [1;32muart:~$ [m^[[1[12D[J[00:03:38.210,000] [0m<dbg> net_pkt.pkt_alloc_buffer: (wifi): RDATA (rx_bufs) [159] frag 0x3c17286c ref 1 (eth_esp32_rx():153)[0m
[07:42:52.291] [1;32muart:~$ [m^[[1[12D[J[00:03:38.210,000] [0m<dbg> net_pkt.net_pkt_write: (wifi): pkt 0x3c173cf0 data 0x3c26f2aa length 60[0m
[07:42:52.307] [1;32muart:~$ [m^[[1[12D[J[00:03:38.211,000] [0m<dbg> net_pkt.net_pkt_unref_debug: (rx_q[0]): RX [39] pkt 0x3c173cf0 ref 0 frags 0x3c17286c (processing_data():157)[0m
[07:42:52.324] [1;32muart:~$ [m^[[1[12D[J[00:03:38.211,000] [0m<dbg> net_pkt.net_pkt_unref_debug: (rx_q[0]): RDATA (rx_bufs) [159] frag 0x3c17286c ref 0 frags 0 (processing_data():157)[0m
[07:42:52.340] [1;32muart:~$ [m^[[1[12D[J[00:03:38.211,000] [0m<dbg> net_pkt.net_pkt_frag_unref_debug: (rx_q[0]): RDATA (rx_bufs) [159] frag 0x3c17286c ref 0 (net_pkt_unref_debug():612)[0m
[07:42:52.357] [1;32muart:~$ [m^[[1[12D[J[00:03:38.211,000] [0m<dbg> net_pkt.net_pkt_print: (rx_q[0]): TX 16 RX 40 RDATA 160 TDATA 80[0m
[07:42:52.374] [1;32muart:~$ [m^[[1[12D[J[1;32muart:~$ [m^[[1[12D[J[1;32muart:~$ [m^[[1[12D[J[00:03:39.234,000] [0m<dbg> net_pkt.pkt_alloc_with_buffer: (wifi): On iface 1 (0x3fc9ea10) size 60[0m
[07:42:53.281] [1;32muart:~$ [m^[[1[12D[J[00:03:39.234,000] [0m<dbg> net_pkt.net_pkt_alloc_buffer_with_reserve_debug: (wifi): Data allocation maximum size 60 (requested 60, reserve 0)[0m
[07:42:53.298] [1;32muart:~$ [m^[[1[12D[J[00:03:39.234,000] [0m<dbg> net_pkt.pkt_alloc_buffer: (wifi): RDATA (rx_bufs) [159] frag 0x3c17286c ref 1 (eth_esp32_rx():153)[0m
[07:42:53.314] [1;32muart:~$ [m^[[1[12D[J[00:03:39.234,000] [0m<dbg> net_pkt.net_pkt_write: (wifi): pkt 0x3c173cf0 data 0x3c26f2aa length 60[0m
[07:42:53.331] [1;32muart:~$ [m^[[1[12D[J[00:03:39.235,000] [0m<dbg> net_pkt.net_pkt_unref_debug: (rx_q[0]): RX [39] pkt 0x3c173cf0 ref 0 frags 0x3c17286c (processing_data():157)[0m
[07:42:53.348] [1;32muart:~$ [m^[[1[12D[J[00:03:39.235,000] [0m<dbg> net_pkt.net_pkt_unref_debug: (rx_q[0]): RDATA (rx_bufs) [159] frag 0x3c17286c ref 0 frags 0 (processing_data():157)[0m
[07:42:53.364] [1;32muart:~$ [m^[[1[12D[J[00:03:39.235,000] [0m<dbg> net_pkt.net_pkt_frag_unref_debug: (rx_q[0]): RDATA (rx_bufs) [159] frag 0x3c17286c ref 0 (net_pkt_unref_debug():612)[0m
[07:42:53.381] [1;32muart:~$ [m^[[1[12D[J[00:03:39.235,000] [0m<dbg> net_pkt.net_pkt_print: (rx_q[0]): TX 16 RX 40 RDATA 160 TDATA 80[0m
[07:42:53.397] [1;32muart:~$ [m^[[1[12D[J[1;32muart:~$ [m^[[1[12D[J[1;32muart:~$ [m^[[1[12D[J[1;31m[1;31m--- 21 messages dropped ---
[07:42:53.694] [0m[m[00:03:40.643,000] [0m<dbg> net_pkt.net_pkt_write: (sysworkq): pkt 0x3c172ee0 data 0x3c1534a0 length 40[0m
[07:42:53.695] [1;32muart:~$ [m^[[1[12D[J[1;31m[1;31m--- 5 messages dropped ---
[07:42:53.711] [0m[m[00:03:40.643,000] [0m<dbg> net_pkt.net_pkt_skip: (sysworkq): pkt 0x3c172ee0 skip 40[0m
[07:42:53.711] [1;32muart:~$ [m^[[1[12D[J[00:03:40.643,000] [0m<dbg> net_pkt.net_pkt_skip: (sysworkq): pkt 0x3c172ee0 skip 8[0m
[07:42:53.727] [1;32muart:~$ [m^[[1[12D[J[00:03:40.643,000] [0m<dbg> net_pkt.net_pkt_skip: (sysworkq): pkt 0x3c172ee0 skip 32[0m
[07:42:53.744] [1;32muart:~$ [m^[[1[12D[J[00:03:40.643,000] [0m<dbg> net_pkt.net_pkt_write: (sysworkq): pkt 0x3c172ee0 data 0x3c1534c8 length 4[0m
[07:42:53.761] [1;32muart:~$ [m^[[1[12D[J[00:03:40.643,000] [0m<dbg> net_pkt.net_pkt_skip: (sysworkq): pkt 0x3c172ee0 skip 4[0m
[07:42:53.777] [1;32muart:~$ [m^[[1[12D[J[00:03:40.644,000] [0m<dbg> net_pkt.net_pkt_get_reserve_data_debug: (sysworkq): TDATA (tx_bufs) [78] frag 0x3c15d4bc ref 1 (ethernet_fill_header():610)[0m
[07:42:53.794] [1;32muart:~$ [m^[[1[12D[J[00:03:40.644,000] [0m<dbg> net_pkt.net_pkt_frag_insert_debug: (sysworkq): pkt 0x3c172ee0 frag 0x3c15d4bc (ethernet_fill_header:669)[0m
[07:42:53.810] [1;32muart:~$ [m^[[1[12D[J[00:03:40.644,000] [0m<dbg> net_pkt.net_pkt_frag_unref_debug: (sysworkq): TDATA (tx_bufs) [79] frag 0x3c15d4a0 ref 0 (net_pkt_unref_debug():612)[0m
[07:42:53.827] [1;32muart:~$ [m^[[1[12D[J[00:03:40.646,000] [0m<dbg> net_pkt.pkt_alloc_with_buffer: (wifi): On iface 1 (0x3fc9ea10) size 78[0m
[07:42:53.843] [1;32muart:~$ [m^[[1[12D[J[00:03:40.646,000] [0m<dbg> net_pkt.net_pkt_alloc_buffer_with_reserve_debug: (wifi): Data allocation maximum size 78 (requested 78, reserve 0)[0m
[07:42:53.860] [1;32muart:~$ [m^[[1[12D[J[00:03:40.646,000] [0m<dbg> net_pkt.pkt_alloc_buffer: (wifi): RDATA (rx_bufs) [159] frag 0x3c17286c ref 1 (eth_esp32_rx():153)[0m
[07:42:53.876] [1;32muart:~$ [m^[[1[12D[J[00:03:40.647,000] [0m<dbg> net_pkt.net_pkt_write: (wifi): pkt 0x3c173cf0 data 0x3c26f2ac length 78[0m
[07:42:53.893] [1;32muart:~$ [m^[[1[12D[J[00:03:40.647,000] [0m<dbg> net_pkt.net_pkt_skip: (rx_q[0]): pkt 0x3c173cf0 skip 40[0m
[07:42:53.909] [1;32muart:~$ [m^[[1[12D[J[00:03:40.647,000] [0m<dbg> net_pkt.net_pkt_skip: (rx_q[0]): pkt 0x3c173cf0 skip 8[0m
[07:42:53.925] [1;32muart:~$ [m^[[1[12D[J[00:03:40.647,000] [0m<dbg> net_pkt.net_pkt_skip: (rx_q[0]): pkt 0x3c173cf0 skip 32[0m
[07:42:53.942] [1;32muart:~$ [m^[[1[12D[J[00:03:40.647,000] [0m<dbg> net_pkt.net_pkt_skip: (rx_q[0]): pkt 0x3c173cf0 skip 4[0m
[07:42:53.958] [1;32muart:~$ [m^[[1[12D[J[00:03:40.647,000] [0m<dbg> net_pkt.net_pkt_unref_debug: (rx_q[0]): RX [39] pkt 0x3c173cf0 ref 0 frags 0x3c17286c (processing_data():157)[0m
[07:42:53.974] [1;32muart:~$ [m^[[1[12D[J[00:03:40.647,000] [0m<dbg> net_pkt.net_pkt_unref_debug: (rx_q[0]): RDATA (rx_bufs) [159] frag 0x3c17286c ref 0 frags 0 (processing_data():157)[0m
[07:42:53.991] [1;32muart:~$ [m^[[1[12D[J[00:03:40.647,000] [0m<dbg> net_pkt.net_pkt_frag_unref_debug: (rx_q[0]): RDATA (rx_bufs) [159] frag 0x3c17286c ref 0 (net_pkt_unref_debug():612)[0m
[07:42:54.007] [1;32muart:~$ [m^[[1[12D[J[00:03:40.647,000] [0m<dbg> net_pkt.net_pkt_print: (rx_q[0]): TX 16 RX 40 RDATA 160 TDATA 80[0m
[07:42:54.024] [1;32muart:~$ [m^[[1[12D[J[1;32muart:~$ [m^[[1[12D[J[1;32muart:~$ [m^[[1[12D[J[1;31m[1;31m--- 22 messages dropped ---
[07:42:54.696] [0m[m[00:03:41.645,000] [0m<dbg> net_pkt.net_pkt_skip: (sysworkq): pkt 0x3c172ee0 skip 40[0m
[07:42:54.697] [1;32muart:~$ [m^[[1[12D[J[1;31m[1;31m--- 4 messages dropped ---
[07:42:54.713] [0m[m[00:03:41.645,000] [0m<dbg> net_pkt.net_pkt_skip: (sysworkq): pkt 0x3c172ee0 skip 8[0m
[07:42:54.714] [1;32muart:~$ [m^[[1[12D[J[00:03:41.645,000] [0m<dbg> net_pkt.net_pkt_skip: (sysworkq): pkt 0x3c172ee0 skip 32[0m
[07:42:54.730] [1;32muart:~$ [m^[[1[12D[J[00:03:41.645,000] [0m<dbg> net_pkt.net_pkt_write: (sysworkq): pkt 0x3c172ee0 data 0x3c1534c8 length 4[0m
[07:42:54.747] [1;32muart:~$ [m^[[1[12D[J[00:03:41.645,000] [0m<dbg> net_pkt.net_pkt_skip: (sysworkq): pkt 0x3c172ee0 skip 4[0m
[07:42:54.763] [1;32muart:~$ [m^[[1[12D[J[00:03:41.645,000] [0m<dbg> net_pkt.net_pkt_get_reserve_data_debug: (sysworkq): TDATA (tx_bufs) [78] frag 0x3c15d4bc ref 1 (ethernet_fill_header():610)[0m
[07:42:54.780] [1;32muart:~$ [m^[[1[12D[J[00:03:41.645,000] [0m<dbg> net_pkt.net_pkt_frag_insert_debug: (sysworkq): pkt 0x3c172ee0 frag 0x3c15d4bc (ethernet_fill_header:669)[0m
[07:42:54.797] [1;32muart:~$ [m^[[1[12D[J[00:03:41.645,000] [0m<dbg> net_pkt.net_pkt_read: (sysworkq): pkt 0x3c172ee0 data 0x3fcc36ae length 86[0m
[07:42:54.813] [1;32muart:~$ [m^[[1[12D[J[00:03:41.646,000] [0m<dbg> net_pkt.net_pkt_frag_unref_debug: (sysworkq): TDATA (tx_bufs) [79] frag 0x3c15d4a0 ref 0 (net_pkt_unref_debug():612)[0m
[07:42:54.830] [1;32muart:~$ [m^[[1[12D[J[00:03:41.648,000] [0m<dbg> net_pkt.pkt_alloc_with_buffer: (wifi): On iface 1 (0x3fc9ea10) size 78[0m
[07:42:54.846] [1;32muart:~$ [m^[[1[12D[J[00:03:41.648,000] [0m<dbg> net_pkt.net_pkt_alloc_buffer_with_reserve_debug: (wifi): Data allocation maximum size 78 (requested 78, reserve 0)[0m
[07:42:54.863] [1;32muart:~$ [m^[[1[12D[J[00:03:41.649,000] [0m<dbg> net_pkt.pkt_alloc_buffer: (wifi): RDATA (rx_bufs) [159] frag 0x3c17286c ref 1 (eth_esp32_rx():153)[0m
[07:42:54.879] [1;32muart:~$ [m^[[1[12D[J[00:03:41.649,000] [0m<dbg> net_pkt.net_pkt_write: (wifi): pkt 0x3c173cf0 data 0x3c26f2ac length 78[0m
[07:42:54.896] [1;32muart:~$ [m^[[1[12D[J[00:03:41.649,000] [0m<dbg> net_pkt.net_pkt_skip: (rx_q[0]): pkt 0x3c173cf0 skip 40[0m
[07:42:54.912] [1;32muart:~$ [m^[[1[12D[J[00:03:41.649,000] [0m<dbg> net_pkt.net_pkt_skip: (rx_q[0]): pkt 0x3c173cf0 skip 8[0m
[07:42:54.928] [1;32muart:~$ [m^[[1[12D[J[00:03:41.649,000] [0m<dbg> net_pkt.net_pkt_skip: (rx_q[0]): pkt 0x3c173cf0 skip 32[0m
[07:42:54.945] [1;32muart:~$ [m^[[1[12D[J[00:03:41.649,000] [0m<dbg> net_pkt.net_pkt_skip: (rx_q[0]): pkt 0x3c173cf0 skip 4[0m
[07:42:54.961] [1;32muart:~$ [m^[[1[12D[J[00:03:41.649,000] [0m<dbg> net_pkt.net_pkt_unref_debug: (rx_q[0]): RX [39] pkt 0x3c173cf0 ref 0 frags 0x3c17286c (processing_data():157)[0m
[07:42:54.978] [1;32muart:~$ [m^[[1[12D[J[00:03:41.649,000] [0m<dbg> net_pkt.net_pkt_unref_debug: (rx_q[0]): RDATA (rx_bufs) [159] frag 0x3c17286c ref 0 frags 0 (processing_data():157)[0m
[07:42:54.994] [1;32muart:~$ [m^[[1[12D[J[00:03:41.649,000] [0m<dbg> net_pkt.net_pkt_frag_unref_debug: (rx_q[0]): RDATA (rx_bufs) [159] frag 0x3c17286c ref 0 (net_pkt_unref_debug():612)[0m
[07:42:55.011] [1;32muart:~$ [m^[[1[12D[J[00:03:41.649,000] [0m<dbg> net_pkt.net_pkt_print: (rx_q[0]): TX 16 RX 40 RDATA 160 TDATA 80[0m
[07:42:55.027] [1;32muart:~$ [m^[[1[12D[J[1;32muart:~$ [m^[[1[12D[J[1;32muart:~$ [m^[[1[12D[J[1;31m[1;31m--- 106 messages dropped ---
[07:42:55.366] [0m[m[00:03:42.318,000] [0m<dbg> net_pkt.pkt_alloc_buffer: (wifi): RDATA (rx_bufs) [159] frag 0x3c17286c ref 1 (eth_esp32_rx():153)[0m
[07:42:55.367] [1;32muart:~$ [m^[[1[12D[J[00:03:42.318,000] [0m<dbg> net_pkt.net_pkt_write: (wifi): pkt 0x3c173cf0 data 0x3c26f2aa length 328[0m
[07:42:55.384] [1;32muart:~$ [m^[[1[12D[J[00:03:42.319,000] [0m<dbg> net_pkt.net_pkt_unref_debug: (rx_q[0]): RX [39] pkt 0x3c173cf0 ref 0 frags 0x3c17286c (processing_data():157)[0m
[07:42:55.401] [1;32muart:~$ [m^[[1[12D[J[00:03:42.319,000] [0m<dbg> net_pkt.net_pkt_unref_debug: (rx_q[0]): RDATA (rx_bufs) [159] frag 0x3c17286c ref 0 frags 0 (processing_data():157)[0m
[07:42:55.417] [1;32muart:~$ [m^[[1[12D[J[00:03:42.319,000] [0m<dbg> net_pkt.net_pkt_frag_unref_debug: (rx_q[0]): RDATA (rx_bufs) [159] frag 0x3c17286c ref 0 (net_pkt_unref_debug():612)[0m
[07:42:55.434] [1;32muart:~$ [m^[[1[12D[J[00:03:42.319,000] [0m<dbg> net_pkt.net_pkt_print: (rx_q[0]): TX 16 RX 40 RDATA 160 TDATA 80[0m
[07:42:55.458] [1;32muart:~$ [m^[[1[12D[J[1;31m[1;31m--- 74 messages dropped ---
[07:42:55.474] [0m[m[00:03:42.319,000] [0m<dbg> net_pkt.pkt_alloc_with_buffer: (wifi): On iface 1 (0x3fc9ea10) size 240[0m
[07:42:55.475] [1;32muart:~$ [m^[[1[12D[J[00:03:42.319,000] [0m<dbg> net_pkt.net_pkt_alloc_buffer_with_reserve_debug: (wifi): Data allocation maximum size 240 (requested 240, reserve 0)[0m
[07:42:55.492] [1;32muart:~$ [m^[[1[12D[J[1;31m[1;31m--- 14 messages dropped ---
[07:42:55.507] [0m[m[00:03:42.319,000] [0m<dbg> net_pkt.pkt_alloc_buffer: (wifi): RDATA (rx_bufs) [159] frag 0x3c17286c ref 1 (eth_esp32_rx():153)[0m
[07:42:55.508] [1;32muart:~$ [m^[[1[12D[J[00:03:42.319,000] [0m<dbg> net_pkt.net_pkt_write: (wifi): pkt 0x3c173cf0 data 0x3c26f95a length 240[0m
[07:42:55.525] [1;32muart:~$ [m^[[1[12D[J[00:03:42.320,000] [0m<dbg> net_pkt.net_pkt_unref_debug: (rx_q[0]): RX [39] pkt 0x3c173cf0 ref 0 frags 0x3c17286c (processing_data():157)[0m
[07:42:55.542] [1;32muart:~$ [m^[[1[12D[J[00:03:42.320,000] [0m<dbg> net_pkt.net_pkt_unref_debug: (rx_q[0]): RDATA (rx_bufs) [159] frag 0x3c17286c ref 0 frags 0 (processing_data():157)[0m
[07:42:55.559] [1;32muart:~$ [m^[[1[12D[J[00:03:42.320,000] [0m<dbg> net_pkt.net_pkt_frag_unref_debug: (rx_q[0]): RDATA (rx_bufs) [159] frag 0x3c17286c ref 0 (net_pkt_unref_debug():612)[0m
[07:42:55.576] [1;32muart:~$ [m^[[1[12D[J[00:03:42.408,000] [0m<dbg> net_pkt.net_pkt_get_reserve_data_debug: (llss_thread): TDATA (tx_bufs) [76] frag 0x3c15d4f4 ref 1 (ethernet_fill_header():610)[0m
[07:42:55.592] [1;32muart:~$ [m^[[1[12D[J[00:03:42.417,000] [0m<dbg> net_pkt.net_pkt_write: (wifi): pkt 0x3c173cf0 data 0x3c26f2ac length 74[0m
[07:42:55.608] [1;32muart:~$ [m^[[1[12D[J[00:03:42.417,000] [0m<dbg> net_pkt.net_pkt_skip: (rx_q[0]): pkt 0x3c173cf0 skip 40[0m
[07:42:55.625] [1;32muart:~$ [m^[[1[12D[J[00:03:42.417,000] [0m<dbg> net_pkt.net_pkt_skip: (rx_q[0]): pkt 0x3c173cf0 skip 8[0m
[07:42:55.641] [1;32muart:~$ [m^[[1[12D[J[00:03:42.417,000] [0m<dbg> net_pkt.net_pkt_skip: (rx_q[0]): pkt 0x3c173cf0 skip 32[0m
[07:42:55.657] [1;32muart:~$ [m^[[1[12D[J[00:03:42.418,000] [0m<dbg> net_pkt.net_pkt_write: (rx_q[0]): pkt 0x3c173cf0 data 0x3c16a796 length 20[0m
[07:42:55.673] [1;32muart:~$ [m^[[1[12D[J[00:03:42.418,000] [0m<dbg> net_pkt.net_pkt_skip: (rx_q[0]): pkt 0x3c173cf0 skip 20[0m
[07:42:55.689] [1;32muart:~$ [m^[[1[12D[J[00:03:42.418,000] [0m<dbg> net_pkt.net_pkt_skip: (rx_q[0]): pkt 0x3c173cf0 skip 40[0m
[07:42:55.706] [1;32muart:~$ [m^[[1[12D[J[1;31m[1;31m--- 27 messages dropped ---
[07:42:55.722] [0m[m[00:03:42.418,000] [0m<dbg> net_pkt.net_pkt_skip: (rx_q[0]): pkt 0x3c173cf0 skip 40[0m
[07:42:55.723] [1;32muart:~$ [m^[[1[12D[J[00:03:42.418,000] [0m<dbg> net_pkt.net_pkt_skip: (rx_q[0]): pkt 0x3c173cf0 skip 40[0m
[07:42:55.739] [1;32muart:~$ [m^[[1[12D[J[00:03:42.418,000] [0m<dbg> net_pkt.net_pkt_skip: (rx_q[0]): pkt 0x3c173cf0 skip 40[0m
[07:42:55.755] [1;32muart:~$ [m^[[1[12D[J[00:03:42.418,000] [0m<dbg> net_pkt.net_pkt_skip: (rx_q[0]): pkt 0x3c173cf0 skip 40[0m
[07:42:55.772] [1;32muart:~$ [m^[[1[12D[J[00:03:42.418,000] [0m<dbg> net_pkt.net_pkt_unref_debug: (rx_q[0]): RX [39] pkt 0x3c173cf0 ref 0 frags 0x3c17286c (tcp_in():3635)[0m
[07:42:55.789] [1;32muart:~$ [m^[[1[12D[J[00:03:42.418,000] [0m<dbg> net_pkt.net_pkt_frag_unref_debug: (rx_q[0]): RDATA (rx_bufs) [159] frag 0x3c17286c ref 0 (net_pkt_unref_debug():612)[0m
[07:42:55.805] [1;32muart:~$ [m^[[1[12D[J[00:03:42.418,000] [0m<dbg> net_pkt.net_pkt_print: (rx_q[0]): TX 16 RX 40 RDATA 160 TDATA 80[0m
[07:42:55.821] [1;32muart:~$ [m^[[1[12D[J[00:03:42.650,000] [0m<dbg> net_pkt.pkt_alloc_with_buffer: (wifi): On iface 1 (0x3fc9ea10) size 78[0m
[07:42:55.838] [1;32muart:~$ [m^[[1[12D[J[00:03:42.650,000] [0m<dbg> net_pkt.net_pkt_alloc_buffer_with_reserve_debug: (wifi): Data allocation maximum size 78 (requested 78, reserve 0)[0m
[07:42:55.855] [1;32muart:~$ [m^[[1[12D[J[00:03:42.650,000] [0m<dbg> net_pkt.pkt_alloc_buffer: (wifi): RDATA (rx_bufs) [159] frag 0x3c17286c ref 1 (eth_esp32_rx():153)[0m
[07:42:55.872] [1;32muart:~$ [m^[[1[12D[J[00:03:42.650,000] [0m<dbg> net_pkt.net_pkt_write: (wifi): pkt 0x3c173cf0 data 0x3c26f2ac length 78[0m
[07:42:55.888] [1;32muart:~$ [m^[[1[12D[J[00:03:42.650,000] [0m<dbg> net_pkt.net_pkt_skip: (rx_q[0]): pkt 0x3c173cf0 skip 40[0m
[07:42:55.904] [1;32muart:~$ [m^[[1[12D[J[00:03:42.650,000] [0m<dbg> net_pkt.net_pkt_skip: (rx_q[0]): pkt 0x3c173cf0 skip 8[0m
[07:42:55.920] [1;32muart:~$ [m^[[1[12D[J[00:03:42.650,000] [0m<dbg> net_pkt.net_pkt_skip: (rx_q[0]): pkt 0x3c173cf0 skip 32[0m
[07:42:55.936] [1;32muart:~$ [m^[[1[12D[J[00:03:42.650,000] [0m<dbg> net_pkt.net_pkt_skip: (rx_q[0]): pkt 0x3c173cf0 skip 4[0m
[07:42:55.952] [1;32muart:~$ [m^[[1[12D[J[00:03:42.650,000] [0m<dbg> net_pkt.net_pkt_unref_debug: (rx_q[0]): RX [39] pkt 0x3c173cf0 ref 0 frags 0x3c17286c (processing_data():157)[0m
[07:42:55.969] [1;32muart:~$ [m^[[1[12D[J[00:03:42.651,000] [0m<dbg> net_pkt.net_pkt_unref_debug: (rx_q[0]): RDATA (rx_bufs) [159] frag 0x3c17286c ref 0 frags 0 (processing_data():157)[0m
[07:42:55.986] [1;32muart:~$ [m^[[1[12D[J[00:03:42.651,000] [0m<dbg> net_pkt.net_pkt_frag_unref_debug: (rx_q[0]): RDATA (rx_bufs) [159] frag 0x3c17286c ref 0 (net_pkt_unref_debug():612)[0m
[07:42:56.003] [1;32muart:~$ [m^[[1[12D[J[00:03:42.651,000] [0m<dbg> net_pkt.net_pkt_print: (rx_q[0]): TX 16 RX 40 RDATA 160 TDATA 80[0m
[07:42:56.019] [1;32muart:~$ [m^[[1[12D[J[1;32muart:~$ [m^[[1[12D[J[1;32muart:~$ [m^[[1[12D[J[1;31m[1;31m--- 61 messages dropped ---
[07:42:57.204] [0m[m[00:03:44.153,000] [0m<dbg> net_pkt.net_pkt_unref_debug: (rx_q[0]): TX [14] pkt 0x3c172f28 ref 0 frags 0x3c15d4d8 (ethernet_send():800)[0m
[07:42:57.209] [1;32muart:~$ [m^[[1[12D[J[1;31m[1;31m--- 20 messages dropped ---
[07:42:57.225] [0m[m[00:03:44.154,000] [0m<dbg> net_pkt.net_pkt_unref_debug: (rx_q[0]): TDATA (tx_bufs) [77] frag 0x3c15d4d8 ref 0 frags 0x3c15d4bc (ethernet_send():800)[0m
[07:42:57.227] [1;32muart:~$ [m^[[1[12D[J[1;31m[1;31m--- 5 messages dropped ---
[07:42:57.243] [0m[m[00:03:44.154,000] [0m<dbg> net_pkt.net_pkt_unref_debug: (rx_q[0]): TDATA (tx_bufs) [77] frag 0x3c15d4bc ref 0 frags 0 (ethernet_send():800)[0m
[07:42:57.244] [1;32muart:~$ [m^[[1[12D[J[00:03:44.154,000] [0m<dbg> net_pkt.net_pkt_frag_unref_debug: (rx_q[0]): TDATA (tx_bufs) [77] frag 0x3c15d4d8 ref 0 (net_pkt_unref_debug():612)[0m
[07:42:57.260] [1;32muart:~$ [m^[[1[12D[J[00:03:44.154,000] [0m<dbg> net_pkt.net_pkt_frag_unref_debug: (rx_q[0]): TDATA (tx_bufs) [78] frag 0x3c15d4bc ref 0 (net_pkt_unref_debug():612)[0m
[07:42:57.277] [1;32muart:~$ [m^[[1[12D[J[00:03:44.154,000] [0m<dbg> net_pkt.net_pkt_unref_debug: (rx_q[0]): TX [15] pkt 0x3c172ee0 ref 2 frags 0x3c15d4a0 (tcp_send():472)[0m
[07:42:57.294] [1;32muart:~$ [m^[[1[12D[J[00:03:44.161,000] [0m<dbg> net_pkt.net_pkt_frag_insert_debug: (rx_q[0]): pkt 0x3c172ee0 frag 0x3c15d4bc (ethernet_fill_header:669)[0m
[07:42:57.310] [1;32muart:~$ [m^[[1[12D[J[00:03:44.161,000] [0m<dbg> net_pkt.net_pkt_read: (rx_q[0]): pkt 0x3c172ee0 data 0x3fcc36ae length 74[0m
[07:42:57.327] [1;32muart:~$ [m^[[1[12D[J[00:03:44.161,000] [0m<dbg> net_pkt.net_pkt_unref_debug: (rx_q[0]): RX [39] pkt 0x3c173cf0 ref 0 frags 0x3c17286c (net_icmpv6_input():408)[0m
[07:42:57.343] [1;32muart:~$ [m^[[1[12D[J[00:03:44.161,000] [0m<dbg> net_pkt.net_pkt_unref_debug: (rx_q[0]): RDATA (rx_bufs) [159] frag 0x3c17286c ref 0 frags 0 (net_icmpv6_input():408)[0m
[07:42:57.360] [1;32muart:~$ [m^[[1[12D[J[00:03:44.161,000] [0m<dbg> net_pkt.net_pkt_frag_unref_debug: (rx_q[0]): RDATA (rx_bufs) [159] frag 0x3c17286c ref 0 (net_pkt_unref_debug():612)[0m
[07:42:57.376] [1;32muart:~$ [m^[[1[12D[J[00:03:44.161,000] [0m<dbg> net_pkt.net_pkt_print: (rx_q[0]): TX 16 RX 40 RDATA 160 TDATA 80[0m
[07:42:57.392] [1;32muart:~$ [m^[[1[12D[J[00:03:44.169,000] [0m<dbg> net_pkt.pkt_alloc_with_buffer: (wifi): On iface 1 (0x3fc9ea10) size 60[0m
[07:42:57.409] [1;32muart:~$ [m^[[1[12D[J[00:03:44.170,000] [0m<dbg> net_pkt.net_pkt_alloc_buffer_with_reserve_debug: (wifi): Data allocation maximum size 60 (requested 60, reserve 0)[0m
[07:42:57.426] [1;32muart:~$ [m^[[1[12D[J[00:03:44.170,000] [0m<dbg> net_pkt.pkt_alloc_buffer: (wifi): RDATA (rx_bufs) [159] frag 0x3c17286c ref 1 (eth_esp32_rx():153)[0m
[07:42:57.442] [1;32muart:~$ [m^[[1[12D[J[00:03:44.170,000] [0m<dbg> net_pkt.net_pkt_write: (wifi): pkt 0x3c173cf0 data 0x3c26f2aa length 60[0m
[07:42:57.459] [1;32muart:~$ [m^[[1[12D[J[00:03:44.170,000] [0m<dbg> net_pkt.net_pkt_unref_debug: (rx_q[0]): RX [39] pkt 0x3c173cf0 ref 0 frags 0x3c17286c (processing_data():157)[0m
[07:42:57.475] [1;32muart:~$ [m^[[1[12D[J[00:03:44.170,000] [0m<dbg> net_pkt.net_pkt_unref_debug: (rx_q[0]): RDATA (rx_bufs) [159] frag 0x3c17286c ref 0 frags 0 (processing_data():157)[0m
[07:42:57.492] [1;32muart:~$ [m^[[1[12D[J[00:03:44.170,000] [0m<dbg> net_pkt.net_pkt_frag_unref_debug: (rx_q[0]): RDATA (rx_bufs) [159] frag 0x3c17286c ref 0 (net_pkt_unref_debug():612)[0m
[07:42:57.509] [1;32muart:~$ [m^[[1[12D[J[00:03:44.170,000] [0m<dbg> net_pkt.net_pkt_print: (rx_q[0]): TX 16 RX 40 RDATA 160 TDATA 80[0m
[07:42:57.526] [1;32muart:~$ [m^[[1[12D[J[1;32muart:~$ [m^[[1[12D[J[1;32muart:~$ [m^[[1[12D[J[00:03:45.173,000] [0m<dbg> net_pkt.pkt_alloc_with_buffer: (wifi): On iface 1 (0x3fc9ea10) size 60[0m
[07:42:59.220] [1;32muart:~$ [m^[[1[12D[J[00:03:45.173,000] [0m<dbg> net_pkt.net_pkt_alloc_buffer_with_reserve_debug: (wifi): Data allocation maximum size 60 (requested 60, reserve 0)[0m
[07:42:59.237] [1;32muart:~$ [m^[[1[12D[J[00:03:45.173,000] [0m<dbg> net_pkt.pkt_alloc_buffer: (wifi): RDATA (rx_bufs) [159] frag 0x3c17286c ref 1 (eth_esp32_rx():153)[0m
[07:42:59.254] [1;32muart:~$ [m^[[1[12D[J[00:03:45.173,000] [0m<dbg> net_pkt.net_pkt_write: (wifi): pkt 0x3c173cf0 data 0x3c26f2aa length 60[0m
[07:42:59.270] [1;32muart:~$ [m^[[1[12D[J[00:03:45.174,000] [0m<dbg> net_pkt.net_pkt_unref_debug: (rx_q[0]): RX [39] pkt 0x3c173cf0 ref 0 frags 0x3c17286c (processing_data():157)[0m
[07:42:59.287] [1;32muart:~$ [m^[[1[12D[J[00:03:45.174,000] [0m<dbg> net_pkt.net_pkt_unref_debug: (rx_q[0]): RDATA (rx_bufs) [159] frag 0x3c17286c ref 0 frags 0 (processing_data():157)[0m
[07:42:59.304] [1;32muart:~$ [m^[[1[12D[J[00:03:45.174,000] [0m<dbg> net_pkt.net_pkt_frag_unref_debug: (rx_q[0]): RDATA (rx_bufs) [159] frag 0x3c17286c ref 0 (net_pkt_unref_debug():612)[0m
[07:42:59.320] [1;32muart:~$ [m^[[1[12D[J[00:03:45.174,000] [0m<dbg> net_pkt.net_pkt_print: (rx_q[0]): TX 16 RX 40 RDATA 160 TDATA 80[0m
[07:42:59.337] [1;32muart:~$ [m^[[1[12D[J[1;32muart:~$ [m^[[1[12D[J[1;32muart:~$ [m^[[1[12D[J[00:03:46.197,000] [0m<dbg> net_pkt.pkt_alloc_with_buffer: (wifi): On iface 1 (0x3fc9ea10) size 60[0m
[07:43:00.244] [1;32muart:~$ [m^[[1[12D[J[00:03:46.197,000] [0m<dbg> net_pkt.net_pkt_alloc_buffer_with_reserve_debug: (wifi): Data allocation maximum size 60 (requested 60, reserve 0)[0m
[07:43:00.261] [1;32muart:~$ [m^[[1[12D[J[00:03:46.197,000] [0m<dbg> net_pkt.pkt_alloc_buffer: (wifi): RDATA (rx_bufs) [159] frag 0x3c17286c ref 1 (eth_esp32_rx():153)[0m
[07:43:00.278] [1;32muart:~$ [m^[[1[12D[J[00:03:46.198,000] [0m<dbg> net_pkt.net_pkt_write: (wifi): pkt 0x3c173cf0 data 0x3c26f2aa length 60[0m
[07:43:00.294] [1;32muart:~$ [m^[[1[12D[J[00:03:46.198,000] [0m<dbg> net_pkt.net_pkt_unref_debug: (rx_q[0]): RX [39] pkt 0x3c173cf0 ref 0 frags 0x3c17286c (processing_data():157)[0m
[07:43:00.311] [1;32muart:~$ [m^[[1[12D[J[00:03:46.198,000] [0m<dbg> net_pkt.net_pkt_unref_debug: (rx_q[0]): RDATA (rx_bufs) [159] frag 0x3c17286c ref 0 frags 0 (processing_data():157)[0m
[07:43:00.328] [1;32muart:~$ [m^[[1[12D[J[00:03:46.198,000] [0m<dbg> net_pkt.net_pkt_frag_unref_debug: (rx_q[0]): RDATA (rx_bufs) [159] frag 0x3c17286c ref 0 (net_pkt_unref_debug():612)[0m
[07:43:00.344] [1;32muart:~$ [m^[[1[12D[J[00:03:46.198,000] [0m<dbg> net_pkt.net_pkt_print: (rx_q[0]): TX 16 RX 40 RDATA 160 TDATA 80[0m
[07:43:00.361] [1;32muart:~$ [m^[[1[12D[J[1;32muart:~$ [m^[[1[12D[J[1;32muart:~$ [m^[[1[12D[J[00:03:47.221,000] [0m<dbg> net_pkt.pkt_alloc_with_buffer: (wifi): On iface 1 (0x3fc9ea10) size 60[0m
[07:43:01.268] [1;32muart:~$ [m^[[1[12D[J[00:03:47.221,000] [0m<dbg> net_pkt.net_pkt_alloc_buffer_with_reserve_debug: (wifi): Data allocation maximum size 60 (requested 60, reserve 0)[0m
[07:43:01.285] [1;32muart:~$ [m^[[1[12D[J[00:03:47.221,000] [0m<dbg> net_pkt.pkt_alloc_buffer: (wifi): RDATA (rx_bufs) [159] frag 0x3c17286c ref 1 (eth_esp32_rx():153)[0m
[07:43:01.302] [1;32muart:~$ [m^[[1[12D[J[00:03:47.222,000] [0m<dbg> net_pkt.net_pkt_write: (wifi): pkt 0x3c173cf0 data 0x3c26f2aa length 60[0m
[07:43:01.318] [1;32muart:~$ [m^[[1[12D[J[00:03:47.222,000] [0m<dbg> net_pkt.net_pkt_unref_debug: (rx_q[0]): RX [39] pkt 0x3c173cf0 ref 0 frags 0x3c17286c (processing_data():157)[0m
[07:43:01.335] [1;32muart:~$ [m^[[1[12D[J[00:03:47.222,000] [0m<dbg> net_pkt.net_pkt_unref_debug: (rx_q[0]): RDATA (rx_bufs) [159] frag 0x3c17286c ref 0 frags 0 (processing_data():157)[0m
[07:43:01.351] [1;32muart:~$ [m^[[1[12D[J[00:03:47.222,000] [0m<dbg> net_pkt.net_pkt_frag_unref_debug: (rx_q[0]): RDATA (rx_bufs) [159] frag 0x3c17286c ref 0 (net_pkt_unref_debug():612)[0m
[07:43:01.368] [1;32muart:~$ [m^[[1[12D[J[00:03:47.222,000] [0m<dbg> net_pkt.net_pkt_print: (rx_q[0]): TX 16 RX 40 RDATA 160 TDATA 80[0m
[07:43:01.384] [1;32muart:~$ [m^[[1[12D[J[1;32muart:~$ [m^[[1[12D[J[1;32muart:~$ [m^[[1[12D[J[1;31m[1;31m--- 29 messages dropped ---
[07:43:02.211] [0m[m[00:03:49.160,000] [0m<dbg> net_pkt.net_pkt_get_reserve_data_debug: (llss_thread): TDATA (tx_bufs) [76] frag 0x3c15d4f4 ref 1 (ethernet_fill_header():610)[0m
[07:43:02.218] [1;32muart:~$ [m^[[1[12D[J[1;31m[1;31m--- 43 messages dropped ---
[07:43:02.234] [0m[m[00:03:49.160,000] [0m<dbg> net_pkt.net_pkt_frag_insert_debug: (llss_thread): pkt 0x3c172f28 frag 0x3c15d4f4 (ethernet_fill_header:669)[0m
[07:43:02.235] [1;32muart:~$ [m^[[1[12D[J[00:03:49.160,000] [0m<dbg> net_pkt.net_pkt_read: (llss_thread): pkt 0x3c172f28 data 0x3fcc36ae length 295[0m
[07:43:02.251] [1;32muart:~$ [m^[[1[12D[J[1;31m[1;31m--- 15 messages dropped ---
[07:43:02.267] [0m[m[00:03:49.162,000] [0m<dbg> net_pkt.net_pkt_unref_debug: (llss_thread): TX [14] pkt 0x3c172f28 ref 1 frags 0x3c15d4f4 (ethernet_send():800)[0m
[07:43:02.268] [1;32muart:~$ [m^[[1[12D[J[00:03:49.162,000] [0m<dbg> net_pkt.net_pkt_unref_debug: (llss_thread): TX [14] pkt 0x3c172f28 ref 0 frags 0x3c15d4f4 (tcp_send():472)[0m
[07:43:02.285] [1;32muart:~$ [m^[[1[12D[J[1;31m[1;31m--- 7 messages dropped ---
[07:43:02.302] [0m[m[00:03:49.162,000] [0m<dbg> net_pkt.net_pkt_unref_debug: (llss_thread): TDATA (tx_bufs) [76] frag 0x3c15d4f4 ref 0 frags 0x3c15d4d8 (tcp_send():472)[0m
[07:43:02.303] [1;32muart:~$ [m^[[1[12D[J[00:03:49.162,000] [0m<dbg> net_pkt.net_pkt_unref_debug: (llss_thread): TDATA (tx_bufs) [76] frag 0x3c15d4d8 ref 0 frags 0x3c15d4bc (tcp_send():472)[0m
[07:43:02.320] [1;32muart:~$ [m^[[1[12D[J[00:03:49.170,000] [0m<dbg> net_pkt.net_pkt_unref_debug: (rx_q[0]): TX [14] pkt 0x3c172f28 ref 0 frags 0x3c15d4f4 (tcp_send():472)[0m
[07:43:02.336] [1;32muart:~$ [m^[[1[12D[J[00:03:49.179,000] [0m<dbg> net_pkt.net_pkt_skip: (rx_q[0]): pkt 0x3c173cf0 skip 40[0m
[07:43:02.353] [1;32muart:~$ [m^[[1[12D[J[00:03:49.179,000] [0m<dbg> net_pkt.net_pkt_skip: (rx_q[0]): pkt 0x3c173cf0 skip 8[0m
[07:43:02.369] [1;32muart:~$ [m^[[1[12D[J[00:03:49.179,000] [0m<dbg> net_pkt.net_pkt_skip: (rx_q[0]): pkt 0x3c173cf0 skip 32[0m
[07:43:02.384] [1;32muart:~$ [m^[[1[12D[J[00:03:49.180,000] [0m<dbg> net_pkt.net_pkt_unref_debug: (rx_q[0]): RDATA (rx_bufs) [159] frag 0x3c17286c ref 0 frags 0 (tcp_in():3635)[0m
[07:43:02.401] [1;32muart:~$ [m^[[1[12D[J[00:03:49.180,000] [0m<dbg> net_pkt.net_pkt_frag_unref_debug: (rx_q[0]): RDATA (rx_bufs) [159] frag 0x3c17286c ref 0 (net_pkt_unref_debug():612)[0m
[07:43:02.418] [1;32muart:~$ [m^[[1[12D[J[00:03:49.180,000] [0m<dbg> net_pkt.net_pkt_print: (rx_q[0]): TX 16 RX 40 RDATA 160 TDATA 80[0m
[07:43:02.434] [1;32muart:~$ [m^[[1[12D[J[00:03:49.227,000] [0m<dbg> net_pkt.pkt_alloc_with_buffer: (wifi): On iface 1 (0x3fc9ea10) size 60[0m
[07:43:02.450] [1;32muart:~$ [m^[[1[12D[J[00:03:49.227,000] [0m<dbg> net_pkt.net_pkt_alloc_buffer_with_reserve_debug: (wifi): Data allocation maximum size 60 (requested 60, reserve 0)[0m
[07:43:02.467] [1;32muart:~$ [m^[[1[12D[J[00:03:49.227,000] [0m<dbg> net_pkt.pkt_alloc_buffer: (wifi): RDATA (rx_bufs) [159] frag 0x3c17286c ref 1 (eth_esp32_rx():153)[0m
[07:43:02.483] [1;32muart:~$ [m^[[1[12D[J[00:03:49.227,000] [0m<dbg> net_pkt.net_pkt_write: (wifi): pkt 0x3c173cf0 data 0x3c26f2aa length 60[0m
[07:43:02.499] [1;32muart:~$ [m^[[1[12D[J[00:03:49.227,000] [0m<dbg> net_pkt.net_pkt_unref_debug: (rx_q[0]): RX [39] pkt 0x3c173cf0 ref 0 frags 0x3c17286c (processing_data():157)[0m
[07:43:02.516] [1;32muart:~$ [m^[[1[12D[J[00:03:49.227,000] [0m<dbg> net_pkt.net_pkt_unref_debug: (rx_q[0]): RDATA (rx_bufs) [159] frag 0x3c17286c ref 0 frags 0 (processing_data():157)[0m
[07:43:02.534] [1;32muart:~$ [m^[[1[12D[J[00:03:49.227,000] [0m<dbg> net_pkt.net_pkt_frag_unref_debug: (rx_q[0]): RDATA (rx_bufs) [159] frag 0x3c17286c ref 0 (net_pkt_unref_debug():612)[0m
[07:43:02.550] [1;32muart:~$ [m^[[1[12D[J[00:03:49.227,000] [0m<dbg> net_pkt.net_pkt_print: (rx_q[0]): TX 16 RX 40 RDATA 160 TDATA 80[0m
[07:43:02.566] [1;32muart:~$ [m^[[1[12D[J[1;32muart:~$ [m^[[1[12D[J[1;32muart:~$ [m^[[1[12D[J[1;31m[1;31m--- 41 messages dropped ---
[07:43:03.962] [0m[m[00:03:50.911,000] [0m<dbg> net_pkt.net_pkt_unref_debug: (rx_q[0]): TX [15] pkt 0x3c172ee0 ref 1 frags 0x3c15d4bc (ethernet_send():800)[0m
[07:43:03.963] [1;32muart:~$ [m^[[1[12D[J[00:03:50.911,000] [0m<dbg> net_pkt.net_pkt_unref_debug: (rx_q[0]): TX [15] pkt 0x3c172ee0 ref 0 frags 0x3c15d4bc (tcp_send():472)[0m
[07:43:03.980] [1;32muart:~$ [m^[[1[12D[J[00:03:50.911,000] [0m<dbg> net_pkt.net_pkt_unref_debug: (rx_q[0]): TDATA (tx_bufs) [78] frag 0x3c15d4bc ref 0 frags 0x3c15d4a0 (tcp_send():472)[0m
[07:43:03.996] [1;32muart:~$ [m^[[1[12D[J[00:03:50.911,000] [0m<dbg> net_pkt.net_pkt_unref_debug: (rx_q[0]): TDATA (tx_bufs) [78] frag 0x3c15d4a0 ref 0 frags 0 (tcp_send():472)[0m
[07:43:04.013] [1;32muart:~$ [m^[[1[12D[J[00:03:50.911,000] [0m<dbg> net_pkt.net_pkt_frag_unref_debug: (rx_q[0]): TDATA (tx_bufs) [78] frag 0x3c15d4bc ref 0 (net_pkt_unref_debug():612)[0m
[07:43:04.030] [1;32muart:~$ [m^[[1[12D[J[00:03:50.912,000] [0m<dbg> net_pkt.net_pkt_frag_unref_debug: (rx_q[0]): TDATA (tx_bufs) [79] frag 0x3c15d4a0 ref 0 (net_pkt_unref_debug():612)[0m
[07:43:04.047] [1;32muart:~$ [m^[[1[12D[J[00:03:50.912,000] [0m<dbg> net_pkt.net_pkt_print: (rx_q[0]): TX 16 RX 39 RDATA 159 TDATA 80[0m
[07:43:04.063] [1;32muart:~$ [m^[[1[12D[J[00:03:50.913,000] [0m<dbg> net_pkt.net_pkt_read: (llss_thread): pkt 0x3c173cf0 data 0x3c246e00 length 5[0m
[07:43:04.079] [1;32muart:~$ [m^[[1[12D[J[00:03:50.913,000] [0m<dbg> net_pkt.net_pkt_read: (llss_thread): pkt 0x3c173cf0 data 0x3c246e05 length 233[0m
[07:43:04.095] [1;32muart:~$ [m^[[1[12D[J[00:03:50.913,000] [0m<dbg> net_pkt.net_pkt_unref_debug: (llss_thread): RX [39] pkt 0x3c173cf0 ref 0 frags 0x3c17286c (zsock_recv_stream_immediate():1423)[0m
[07:43:04.112] [1;32muart:~$ [m^[[1[12D[J[00:03:50.913,000] [0m<dbg> net_pkt.net_pkt_unref_debug: (llss_thread): RDATA (rx_bufs) [159] frag 0x3c17286c ref 0 frags 0 (zsock_recv_stream_immediate():1423)[0m
[07:43:04.129] [1;32muart:~$ [m^[[1[12D[J[00:03:50.913,000] [0m<dbg> net_pkt.net_pkt_frag_unref_debug: (llss_thread): RDATA (rx_bufs) [159] frag 0x3c17286c ref 0 (net_pkt_unref_debug():612)[0m
[07:43:04.146] [1;32muart:~$ [m^[[1[12D[J[1;32muart:~$ [m^[[1[12D[J[1;32muart:~$ [m^[[1[12D[J[00:03:51.317,000] [0m<dbg> net_pkt.pkt_alloc_with_buffer: (wifi): On iface 1 (0x3fc9ea10) size 60[0m
[07:43:05.365] [1;32muart:~$ [m^[[1[12D[J[00:03:51.317,000] [0m<dbg> net_pkt.net_pkt_alloc_buffer_with_reserve_debug: (wifi): Data allocation maximum size 60 (requested 60, reserve 0)[0m
[07:43:05.381] [1;32muart:~$ [m^[[1[12D[J[00:03:51.318,000] [0m<dbg> net_pkt.pkt_alloc_buffer: (wifi): RDATA (rx_bufs) [159] frag 0x3c17286c ref 1 (eth_esp32_rx():153)[0m
[07:43:05.398] [1;32muart:~$ [m^[[1[12D[J[00:03:51.318,000] [0m<dbg> net_pkt.net_pkt_write: (wifi): pkt 0x3c173cf0 data 0x3c26f2aa length 60[0m
[07:43:05.415] [1;32muart:~$ [m^[[1[12D[J[00:03:51.318,000] [0m<dbg> net_pkt.net_pkt_unref_debug: (rx_q[0]): RX [39] pkt 0x3c173cf0 ref 0 frags 0x3c17286c (processing_data():157)[0m
[07:43:05.431] [1;32muart:~$ [m^[[1[12D[J[00:03:51.318,000] [0m<dbg> net_pkt.net_pkt_unref_debug: (rx_q[0]): RDATA (rx_bufs) [159] frag 0x3c17286c ref 0 frags 0 (processing_data():157)[0m
[07:43:05.448] [1;32muart:~$ [m^[[1[12D[J[00:03:51.318,000] [0m<dbg> net_pkt.net_pkt_frag_unref_debug: (rx_q[0]): RDATA (rx_bufs) [159] frag 0x3c17286c ref 0 (net_pkt_unref_debug():612)[0m
[07:43:05.465] [1;32muart:~$ [m^[[1[12D[J[00:03:51.318,000] [0m<dbg> net_pkt.net_pkt_print: (rx_q[0]): TX 16 RX 40 RDATA 160 TDATA 80[0m
[07:43:05.482] [1;32muart:~$ [m^[[1[12D[J[1;32muart:~$ [m^[[1[12D[J[1;32muart:~$ [m^[[1[12D[J[00:03:52.341,000] [0m<dbg> net_pkt.pkt_alloc_with_buffer: (wifi): On iface 1 (0x3fc9ea10) size 60[0m
[07:43:06.388] [1;32muart:~$ [m^[[1[12D[J[00:03:52.341,000] [0m<dbg> net_pkt.net_pkt_alloc_buffer_with_reserve_debug: (wifi): Data allocation maximum size 60 (requested 60, reserve 0)[0m
[07:43:06.405] [1;32muart:~$ [m^[[1[12D[J[00:03:52.341,000] [0m<dbg> net_pkt.pkt_alloc_buffer: (wifi): RDATA (rx_bufs) [159] frag 0x3c17286c ref 1 (eth_esp32_rx():153)[0m
[07:43:06.422] [1;32muart:~$ [m^[[1[12D[J[00:03:52.342,000] [0m<dbg> net_pkt.net_pkt_write: (wifi): pkt 0x3c173cf0 data 0x3c26f2aa length 60[0m
[07:43:06.438] [1;32muart:~$ [m^[[1[12D[J[00:03:52.342,000] [0m<dbg> net_pkt.net_pkt_unref_debug: (rx_q[0]): RX [39] pkt 0x3c173cf0 ref 0 frags 0x3c17286c (processing_data():157)[0m
[07:43:06.455] [1;32muart:~$ [m^[[1[12D[J[00:03:52.342,000] [0m<dbg> net_pkt.net_pkt_unref_debug: (rx_q[0]): RDATA (rx_bufs) [159] frag 0x3c17286c ref 0 frags 0 (processing_data():157)[0m
[07:43:06.472] [1;32muart:~$ [m^[[1[12D[J[00:03:52.342,000] [0m<dbg> net_pkt.net_pkt_frag_unref_debug: (rx_q[0]): RDATA (rx_bufs) [159] frag 0x3c17286c ref 0 (net_pkt_unref_debug():612)[0m
[07:43:06.488] [1;32muart:~$ [m^[[1[12D[J[00:03:52.342,000] [0m<dbg> net_pkt.net_pkt_print: (rx_q[0]): TX 16 RX 40 RDATA 160 TDATA 80[0m
[07:43:06.505] [1;32muart:~$ [m^[[1[12D[J[1;32muart:~$ [m^[[1[12D[J[1;32muart:~$ [m^[[1[12D[J[00:03:53.365,000] [0m<dbg> net_pkt.pkt_alloc_with_buffer: (wifi): On iface 1 (0x3fc9ea10) size 60[0m
[07:43:07.412] [1;32muart:~$ [m^[[1[12D[J[00:03:53.365,000] [0m<dbg> net_pkt.net_pkt_alloc_buffer_with_reserve_debug: (wifi): Data allocation maximum size 60 (requested 60, reserve 0)[0m
[07:43:07.429] [1;32muart:~$ [m^[[1[12D[J[00:03:53.365,000] [0m<dbg> net_pkt.pkt_alloc_buffer: (wifi): RDATA (rx_bufs) [159] frag 0x3c17286c ref 1 (eth_esp32_rx():153)[0m
[07:43:07.446] [1;32muart:~$ [m^[[1[12D[J[00:03:53.366,000] [0m<dbg> net_pkt.net_pkt_write: (wifi): pkt 0x3c173cf0 data 0x3c26f2aa length 60[0m
[07:43:07.462] [1;32muart:~$ [m^[[1[12D[J[00:03:53.366,000] [0m<dbg> net_pkt.net_pkt_unref_debug: (rx_q[0]): RX [39] pkt 0x3c173cf0 ref 0 frags 0x3c17286c (processing_data():157)[0m
[07:43:07.479] [1;32muart:~$ [m^[[1[12D[J[00:03:53.366,000] [0m<dbg> net_pkt.net_pkt_unref_debug: (rx_q[0]): RDATA (rx_bufs) [159] frag 0x3c17286c ref 0 frags 0 (processing_data():157)[0m
[07:43:07.496] [1;32muart:~$ [m^[[1[12D[J[00:03:53.366,000] [0m<dbg> net_pkt.net_pkt_frag_unref_debug: (rx_q[0]): RDATA (rx_bufs) [159] frag 0x3c17286c ref 0 (net_pkt_unref_debug():612)[0m
[07:43:07.512] [1;32muart:~$ [m^[[1[12D[J[00:03:53.366,000] [0m<dbg> net_pkt.net_pkt_print: (rx_q[0]): TX 16 RX 40 RDATA 160 TDATA 80[0m
[07:43:07.528] [1;32muart:~$ [m^[[1[12D[J[1;32muart:~$ [m^[[1[12D[J[1;32muart:~$ [m^[[1[12D[J[1;31m[1;31m--- 66 messages dropped ---
[07:43:08.056] [0m[m[00:03:55.008,000] [0m<dbg> net_pkt.net_pkt_skip: (rx_q[0]): pkt 0x3c172ee0 skip 4[0m
[07:43:08.057] [1;32muart:~$ [m^[[1[12D[J[00:03:55.008,000] [0m<dbg> net_pkt.net_pkt_get_reserve_data_debug: (rx_q[0]): TDATA (tx_bufs) [78] frag 0x3c15d4bc ref 1 (ethernet_fill_header():610)[0m
[07:43:08.074] [1;32muart:~$ [m^[[1[12D[J[1;31m[1;31m--- 8 messages dropped ---
[07:43:08.090] [0m[m[00:03:55.008,000] [0m<dbg> net_pkt.net_pkt_frag_insert_debug: (rx_q[0]): pkt 0x3c172ee0 frag 0x3c15d4bc (ethernet_fill_header:669)[0m
[07:43:08.091] [1;32muart:~$ [m^[[1[12D[J[00:03:55.008,000] [0m<dbg> net_pkt.net_pkt_read: (rx_q[0]): pkt 0x3c172ee0 data 0x3fcc36ae length 86[0m
[07:43:08.108] [1;32muart:~$ [m^[[1[12D[J[00:03:55.008,000] [0m<dbg> net_pkt.net_pkt_unref_debug: (rx_q[0]): TX [15] pkt 0x3c172ee0 ref 0 frags 0x3c15d4bc (ethernet_send():800)[0m
[07:43:08.125] [1;32muart:~$ [m^[[1[12D[J[00:03:55.008,000] [0m<dbg> net_pkt.net_pkt_unref_debug: (rx_q[0]): TDATA (tx_bufs) [78] frag 0x3c15d4bc ref 0 frags 0x3c15d4a0 (ethernet_send():800)[0m
[07:43:08.141] [1;32muart:~$ [m^[[1[12D[J[00:03:55.008,000] [0m<dbg> net_pkt.net_pkt_unref_debug: (rx_q[0]): TDATA (tx_bufs) [78] frag 0x3c15d4a0 ref 0 frags 0 (ethernet_send():800)[0m
[07:43:08.158] [1;32muart:~$ [m^[[1[12D[J[00:03:55.008,000] [0m<dbg> net_pkt.net_pkt_frag_unref_debug: (rx_q[0]): TDATA (tx_bufs) [78] frag 0x3c15d4bc ref 0 (net_pkt_unref_debug():612)[0m
[07:43:08.175] [1;32muart:~$ [m^[[1[12D[J[00:03:55.013,000] [0m<dbg> net_pkt.net_pkt_write: (wifi): pkt 0x3c173cf0 data 0x3c26f2ac length 86[0m
[07:43:08.191] [1;32muart:~$ [m^[[1[12D[J[00:03:55.014,000] [0m<dbg> net_pkt.net_pkt_skip: (rx_q[0]): pkt 0x3c173cf0 skip 40[0m
[07:43:08.207] [1;32muart:~$ [m^[[1[12D[J[00:03:55.014,000] [0m<dbg> net_pkt.net_pkt_skip: (rx_q[0]): pkt 0x3c173cf0 skip 8[0m
[07:43:08.224] [1;32muart:~$ [m^[[1[12D[J[00:03:55.014,000] [0m<dbg> net_pkt.net_pkt_skip: (rx_q[0]): pkt 0x3c173cf0 skip 32[0m
[07:43:08.240] [1;32muart:~$ [m^[[1[12D[J[00:03:55.014,000] [0m<dbg> net_pkt.net_pkt_skip: (rx_q[0]): pkt 0x3c173cf0 skip 4[0m
[07:43:08.257] [1;32muart:~$ [m^[[1[12D[J[00:03:55.014,000] [0m<dbg> net_pkt.net_pkt_skip: (rx_q[0]): pkt 0x3c173cf0 skip 20[0m
[07:43:08.273] [1;32muart:~$ [m^[[1[12D[J[00:03:55.014,000] [0m<dbg> net_pkt.net_pkt_skip: (rx_q[0]): pkt 0x3c173cf0 skip 2[0m
[07:43:08.290] [1;32muart:~$ [m^[[1[12D[J[00:03:55.014,000] [0m<dbg> net_pkt.net_pkt_skip: (rx_q[0]): pkt 0x3c173cf0 skip 66[0m
[07:43:08.306] [1;32muart:~$ [m^[[1[12D[J[00:03:55.014,000] [0m<dbg> net_pkt.net_pkt_read: (rx_q[0]): pkt 0x3c173cf0 data 0x3c15163a length 6[0m
[07:43:08.322] [1;32muart:~$ [m^[[1[12D[J[00:03:55.014,000] [0m<dbg> net_pkt.net_pkt_unref_debug: (rx_q[0]): RX [39] pkt 0x3c173cf0 ref 0 frags 0x3c17286c (net_icmpv6_input():408)[0m
[07:43:08.339] [1;32muart:~$ [m^[[1[12D[J[00:03:55.014,000] [0m<dbg> net_pkt.net_pkt_unref_debug: (rx_q[0]): RDATA (rx_bufs) [159] frag 0x3c17286c ref 0 frags 0 (net_icmpv6_input():408)[0m
[07:43:08.355] [1;32muart:~$ [m^[[1[12D[J[00:03:55.014,000] [0m<dbg> net_pkt.net_pkt_frag_unref_debug: (rx_q[0]): RDATA (rx_bufs) [159] frag 0x3c17286c ref 0 (net_pkt_unref_debug():612)[0m
[07:43:08.372] [1;32muart:~$ [m^[[1[12D[J[00:03:55.014,000] [0m<dbg> net_pkt.net_pkt_print: (rx_q[0]): TX 16 RX 40 RDATA 160 TDATA 80[0m
[07:43:08.388] [1;32muart:~$ [m^[[1[12D[J[00:03:55.208,000] [0m<dbg> net_pkt.pkt_alloc_with_buffer: (wifi): On iface 1 (0x3fc9ea10) size 60[0m
[07:43:08.404] [1;32muart:~$ [m^[[1[12D[J[00:03:55.209,000] [0m<dbg> net_pkt.net_pkt_alloc_buffer_with_reserve_debug: (wifi): Data allocation maximum size 60 (requested 60, reserve 0)[0m
[07:43:08.421] [1;32muart:~$ [m^[[1[12D[J[00:03:55.209,000] [0m<dbg> net_pkt.pkt_alloc_buffer: (wifi): RDATA (rx_bufs) [159] frag 0x3c17286c ref 1 (eth_esp32_rx():153)[0m
[07:43:08.437] [1;32muart:~$ [m^[[1[12D[J[00:03:55.209,000] [0m<dbg> net_pkt.net_pkt_write: (wifi): pkt 0x3c173cf0 data 0x3c26f2aa length 60[0m
[07:43:08.453] [1;32muart:~$ [m^[[1[12D[J[00:03:55.209,000] [0m<dbg> net_pkt.net_pkt_unref_debug: (rx_q[0]): RX [39] pkt 0x3c173cf0 ref 0 frags 0x3c17286c (processing_data():157)[0m
[07:43:08.470] [1;32muart:~$ [m^[[1[12D[J[00:03:55.209,000] [0m<dbg> net_pkt.net_pkt_unref_debug: (rx_q[0]): RDATA (rx_bufs) [159] frag 0x3c17286c ref 0 frags 0 (processing_data():157)[0m
[07:43:08.487] [1;32muart:~$ [m^[[1[12D[J[00:03:55.209,000] [0m<dbg> net_pkt.net_pkt_frag_unref_debug: (rx_q[0]): RDATA (rx_bufs) [159] frag 0x3c17286c ref 0 (net_pkt_unref_debug():612)[0m
[07:43:08.503] [1;32muart:~$ [m^[[1[12D[J[00:03:55.209,000] [0m<dbg> net_pkt.net_pkt_print: (rx_q[0]): TX 16 RX 40 RDATA 160 TDATA 80[0m
[07:43:08.519] [1;32muart:~$ [m^[[1[12D[J[1;32muart:~$ [m^[[1[12D[J[1;32muart:~$ [m^[[1[12D[J[1;31m[1;31m--- 71 messages dropped ---
[07:43:08.976] [0m[m[00:03:55.925,000] [0m<dbg> net_pkt.net_pkt_ref_debug: (llss_thread): TX [14] pkt 0x3c172f28 ref 2 (tcp_send():424)[0m
[07:43:08.977] [1;32muart:~$ [m^[[1[12D[J[1;31m[1;31m--- 10 messages dropped ---
[07:43:08.993] [0m[m[00:03:55.926,000] [0m<dbg> net_pkt.net_pkt_get_reserve_data_debug: (llss_thread): TDATA (tx_bufs) [76] frag 0x3c15d4f4 ref 1 (ethernet_fill_header():610)[0m
[07:43:08.995] [1;32muart:~$ [m^[[1[12D[J[00:03:55.926,000] [0m<dbg> net_pkt.net_pkt_frag_insert_debug: (llss_thread): pkt 0x3c172f28 frag 0x3c15d4f4 (ethernet_fill_header:669)[0m
[07:43:09.011] [1;32muart:~$ [m^[[1[12D[J[00:03:55.926,000] [0m<dbg> net_pkt.net_pkt_read: (llss_thread): pkt 0x3c172f28 data 0x3fcc36ae length 236[0m
[07:43:09.028] [1;32muart:~$ [m^[[1[12D[J[00:03:55.927,000] [0m<dbg> net_pkt.net_pkt_unref_debug: (llss_thread): TX [14] pkt 0x3c172f28 ref 1 frags 0x3c15d4f4 (ethernet_send():800)[0m
[07:43:09.045] [1;32muart:~$ [m^[[1[12D[J[00:03:55.927,000] [0m<dbg> net_pkt.net_pkt_unref_debug: (llss_thread): TX [14] pkt 0x3c172f28 ref 0 frags 0x3c15d4f4 (tcp_send():472)[0m
[07:43:09.062] [1;32muart:~$ [m^[[1[12D[J[00:03:55.927,000] [0m<dbg> net_pkt.net_pkt_unref_debug: (llss_thread): TDATA (tx_bufs) [76] frag 0x3c15d4f4 ref 0 frags 0x3c15d4d8 (tcp_send():472)[0m
[07:43:09.079] [1;32muart:~$ [m^[[1[12D[J[00:03:55.929,000] [0m<dbg> net_pkt.net_pkt_skip: (rx_q[0]): pkt 0x3c173cf0 skip 40[0m
[07:43:09.096] [1;32muart:~$ [m^[[1[12D[J[00:03:55.929,000] [0m<dbg> net_pkt.net_pkt_skip: (rx_q[0]): pkt 0x3c173cf0 skip 8[0m
[07:43:09.112] [1;32muart:~$ [m^[[1[12D[J[00:03:55.929,000] [0m<dbg> net_pkt.net_pkt_skip: (rx_q[0]): pkt 0x3c173cf0 skip 32[0m
[07:43:09.128] [1;32muart:~$ [m^[[1[12D[J[00:03:55.930,000] [0m<dbg> net_pkt.net_pkt_write: (rx_q[0]): pkt 0x3c173cf0 data 0x3c16a796 length 20[0m
[07:43:09.144] [1;32muart:~$ [m^[[1[12D[J[00:03:55.930,000] [0m<dbg> net_pkt.net_pkt_skip: (rx_q[0]): pkt 0x3c173cf0 skip 20[0m
[07:43:09.160] [1;32muart:~$ [m^[[1[12D[J[00:03:55.930,000] [0m<dbg> net_pkt.net_pkt_skip: (rx_q[0]): pkt 0x3c173cf0 skip 40[0m
[07:43:09.176] [1;32muart:~$ [m^[[1[12D[J[00:03:55.930,000] [0m<dbg> net_pkt.net_pkt_skip: (rx_q[0]): pkt 0x3c173cf0 skip 40[0m
[07:43:09.192] [1;32muart:~$ [m^[[1[12D[J[00:03:55.930,000] [0m<dbg> net_pkt.net_pkt_skip: (rx_q[0]): pkt 0x3c173cf0 skip 40[0m
[07:43:09.208] [1;32muart:~$ [m^[[1[12D[J[00:03:55.930,000] [0m<dbg> net_pkt.net_pkt_skip: (rx_q[0]): pkt 0x3c173cf0 skip 40[0m
[07:43:09.224] [1;32muart:~$ [m^[[1[12D[J[00:03:55.930,000] [0m<dbg> net_pkt.net_pkt_skip: (rx_q[0]): pkt 0x3c173cf0 skip 40[0m
[07:43:09.240] [1;32muart:~$ [m^[[1[12D[J[00:03:55.930,000] [0m<dbg> net_pkt.net_pkt_unref_debug: (rx_q[0]): RX [39] pkt 0x3c173cf0 ref 0 frags 0x3c17286c (tcp_in():3635)[0m
[07:43:09.257] [1;32muart:~$ [m^[[1[12D[J[00:03:55.930,000] [0m<dbg> net_pkt.net_pkt_unref_debug: (rx_q[0]): RDATA (rx_bufs) [159] frag 0x3c17286c ref 0 frags 0 (tcp_in():3635)[0m
[07:43:09.274] [1;32muart:~$ [m^[[1[12D[J[00:03:55.930,000] [0m<dbg> net_pkt.net_pkt_frag_unref_debug: (rx_q[0]): RDATA (rx_bufs) [159] frag 0x3c17286c ref 0 (net_pkt_unref_debug():612)[0m
[07:43:09.291] [1;32muart:~$ [m^[[1[12D[J[00:03:55.930,000] [0m<dbg> net_pkt.net_pkt_print: (rx_q[0]): TX 16 RX 40 RDATA 160 TDATA 80[0m
[07:43:09.307] [1;32muart:~$ [m^[[1[12D[J[1;32muart:~$ [m^[[1[12D[J[1;32muart:~$ [m^[[1[12D[J[1;31m[1;31m--- 2 messages dropped ---
[07:43:09.485] [0m[m[00:03:56.233,000] [0m<dbg> net_pkt.pkt_alloc_buffer: (wifi): RDATA (rx_bufs) [159] frag 0x3c17286c ref 1 (eth_esp32_rx():153)[0m
[07:43:09.486] [1;32muart:~$ [m^[[1[12D[J[00:03:56.233,000] [0m<dbg> net_pkt.net_pkt_write: (wifi): pkt 0x3c173cf0 data 0x3c26f2aa length 60[0m
[07:43:09.502] [1;32muart:~$ [m^[[1[12D[J[00:03:56.233,000] [0m<dbg> net_pkt.net_pkt_unref_debug: (rx_q[0]): RX [39] pkt 0x3c173cf0 ref 0 frags 0x3c17286c (processing_data():157)[0m
[07:43:09.519] [1;32muart:~$ [m^[[1[12D[J[00:03:56.233,000] [0m<dbg> net_pkt.net_pkt_unref_debug: (rx_q[0]): RDATA (rx_bufs) [159] frag 0x3c17286c ref 0 frags 0 (processing_data():157)[0m
[07:43:09.535] [1;32muart:~$ [m^[[1[12D[J[00:03:56.233,000] [0m<dbg> net_pkt.net_pkt_frag_unref_debug: (rx_q[0]): RDATA (rx_bufs) [159] frag 0x3c17286c ref 0 (net_pkt_unref_debug():612)[0m
[07:43:09.552] [1;32muart:~$ [m^[[1[12D[J[00:03:56.233,000] [0m<dbg> net_pkt.net_pkt_print: (rx_q[0]): TX 16 RX 40 RDATA 160 TDATA 80[0m
[07:43:09.568] [1;32muart:~$ [m^[[1[12D[J[00:03:56.437,000] [0m<dbg> net_pkt.pkt_alloc_with_buffer: (wifi): On iface 1 (0x3fc9ea10) size 505[0m
[07:43:09.584] [1;32muart:~$ [m^[[1[12D[J[00:03:56.437,000] [0m<dbg> net_pkt.net_pkt_alloc_buffer_with_reserve_debug: (wifi): Data allocation maximum size 505 (requested 505, reserve 0)[0m
[07:43:09.601] [1;32muart:~$ [m^[[1[12D[J[00:03:56.437,000] [0m<dbg> net_pkt.pkt_alloc_buffer: (wifi): RDATA (rx_bufs) [159] frag 0x3c17286c ref 1 (eth_esp32_rx():153)[0m
[07:43:09.617] [1;32muart:~$ [m^[[1[12D[J[00:03:56.437,000] [0m<dbg> net_pkt.net_pkt_write: (wifi): pkt 0x3c173cf0 data 0x3c26f2aa length 505[0m
[07:43:09.634] [1;32muart:~$ [m^[[1[12D[J[00:03:56.438,000] [0m<dbg> net_pkt.net_pkt_unref_debug: (rx_q[0]): RX [39] pkt 0x3c173cf0 ref 0 frags 0x3c17286c (processing_data():157)[0m
[07:43:09.650] [1;32muart:~$ [m^[[1[12D[J[00:03:56.438,000] [0m<dbg> net_pkt.net_pkt_unref_debug: (rx_q[0]): RDATA (rx_bufs) [159] frag 0x3c17286c ref 0 frags 0 (processing_data():157)[0m
[07:43:09.667] [1;32muart:~$ [m^[[1[12D[J[00:03:56.438,000] [0m<dbg> net_pkt.net_pkt_frag_unref_debug: (rx_q[0]): RDATA (rx_bufs) [159] frag 0x3c17286c ref 0 (net_pkt_unref_debug():612)[0m
[07:43:09.684] [1;32muart:~$ [m^[[1[12D[J[00:03:56.438,000] [0m<dbg> net_pkt.net_pkt_print: (rx_q[0]): TX 16 RX 40 RDATA 160 TDATA 80[0m
[07:43:09.701] [1;32muart:~$ [m^[[1[12D[J[00:03:56.642,000] [0m<dbg> net_pkt.pkt_alloc_with_buffer: (wifi): On iface 1 (0x3fc9ea10) size 525[0m
[07:43:09.717] [1;32muart:~$ [m^[[1[12D[J[00:03:56.642,000] [0m<dbg> net_pkt.net_pkt_alloc_buffer_with_reserve_debug: (wifi): Data allocation maximum size 525 (requested 525, reserve 0)[0m
[07:43:09.734] [1;32muart:~$ [m^[[1[12D[J[00:03:56.642,000] [0m<dbg> net_pkt.pkt_alloc_buffer: (wifi): RDATA (rx_bufs) [159] frag 0x3c17286c ref 1 (eth_esp32_rx():153)[0m
[07:43:09.750] [1;32muart:~$ [m^[[1[12D[J[00:03:56.642,000] [0m<dbg> net_pkt.pkt_alloc_buffer: (wifi): RDATA (rx_bufs) [158] frag 0x3c172850 ref 1 (eth_esp32_rx():153)[0m
[07:43:09.767] [1;32muart:~$ [m^[[1[12D[J[00:03:56.642,000] [0m<dbg> net_pkt.net_pkt_write: (wifi): pkt 0x3c173cf0 data 0x3c26f2aa length 525[0m
[07:43:09.783] [1;32muart:~$ [m^[[1[12D[J[00:03:56.643,000] [0m<dbg> net_pkt.net_pkt_unref_debug: (rx_q[0]): RX [39] pkt 0x3c173cf0 ref 0 frags 0x3c17286c (processing_data():157)[0m
[07:43:09.800] [1;32muart:~$ [m^[[1[12D[J[00:03:56.643,000] [0m<dbg> net_pkt.net_pkt_unref_debug: (rx_q[0]): RDATA (rx_bufs) [158] frag 0x3c17286c ref 0 frags 0x3c172850 (processing_data():157)[0m
[07:43:09.817] [1;32muart:~$ [m^[[1[12D[J[00:03:56.643,000] [0m<dbg> net_pkt.net_pkt_unref_debug: (rx_q[0]): RDATA (rx_bufs) [158] frag 0x3c172850 ref 0 frags 0 (processing_data():157)[0m
[07:43:09.833] [1;32muart:~$ [m^[[1[12D[J[00:03:56.643,000] [0m<dbg> net_pkt.net_pkt_frag_unref_debug: (rx_q[0]): RDATA (rx_bufs) [158] frag 0x3c17286c ref 0 (net_pkt_unref_debug():612)[0m
[07:43:09.850] [1;32muart:~$ [m^[[1[12D[J[00:03:56.643,000] [0m<dbg> net_pkt.net_pkt_frag_unref_debug: (rx_q[0]): RDATA (rx_bufs) [159] frag 0x3c172850 ref 0 (net_pkt_unref_debug():612)[0m
[07:43:09.867] [1;32muart:~$ [m^[[1[12D[J[00:03:56.643,000] [0m<dbg> net_pkt.net_pkt_print: (rx_q[0]): TX 16 RX 40 RDATA 160 TDATA 80[0m
[07:43:09.883] [1;32muart:~$ [m^[[1[12D[J[1;32muart:~$ [m^[[1[12D[J[1;32muart:~$ [m^[[1[12D[J[1;31m[1;31m--- 2 messages dropped ---
[07:43:10.099] [0m[m[00:03:56.847,000] [0m<dbg> net_pkt.pkt_alloc_buffer: (wifi): RDATA (rx_bufs) [159] frag 0x3c172850 ref 1 (eth_esp32_rx():153)[0m
[07:43:10.100] [1;32muart:~$ [m^[[1[12D[J[00:03:56.847,000] [0m<dbg> net_pkt.net_pkt_write: (wifi): pkt 0x3c173cf0 data 0x3c26f2aa length 54[0m
[07:43:10.117] [1;32muart:~$ [m^[[1[12D[J[00:03:56.848,000] [0m<dbg> net_pkt.net_pkt_unref_debug: (rx_q[0]): RX [39] pkt 0x3c173cf0 ref 0 frags 0x3c172850 (processing_data():157)[0m
[07:43:10.133] [1;32muart:~$ [m^[[1[12D[J[00:03:56.848,000] [0m<dbg> net_pkt.net_pkt_unref_debug: (rx_q[0]): RDATA (rx_bufs) [159] frag 0x3c172850 ref 0 frags 0 (processing_data():157)[0m
[07:43:10.150] [1;32muart:~$ [m^[[1[12D[J[00:03:56.848,000] [0m<dbg> net_pkt.net_pkt_frag_unref_debug: (rx_q[0]): RDATA (rx_bufs) [159] frag 0x3c172850 ref 0 (net_pkt_unref_debug():612)[0m
[07:43:10.167] [1;32muart:~$ [m^[[1[12D[J[00:03:56.848,000] [0m<dbg> net_pkt.net_pkt_print: (rx_q[0]): TX 16 RX 40 RDATA 160 TDATA 80[0m
[07:43:10.183] [1;32muart:~$ [m^[[1[12D[J[00:03:57.052,000] [0m<dbg> net_pkt.pkt_alloc_with_buffer: (wifi): On iface 1 (0x3fc9ea10) size 90[0m
[07:43:10.199] [1;32muart:~$ [m^[[1[12D[J[00:03:57.052,000] [0m<dbg> net_pkt.net_pkt_alloc_buffer_with_reserve_debug: (wifi): Data allocation maximum size 90 (requested 90, reserve 0)[0m
[07:43:10.216] [1;32muart:~$ [m^[[1[12D[J[00:03:57.052,000] [0m<dbg> net_pkt.pkt_alloc_buffer: (wifi): RDATA (rx_bufs) [159] frag 0x3c172850 ref 1 (eth_esp32_rx():153)[0m
[07:43:10.232] [1;32muart:~$ [m^[[1[12D[J[00:03:57.052,000] [0m<dbg> net_pkt.net_pkt_write: (wifi): pkt 0x3c173cf0 data 0x3c26f2aa length 90[0m
[07:43:10.249] [1;32muart:~$ [m^[[1[12D[J[00:03:57.052,000] [0m<dbg> net_pkt.net_pkt_unref_debug: (rx_q[0]): RX [39] pkt 0x3c173cf0 ref 0 frags 0x3c172850 (processing_data():157)[0m
[07:43:10.265] [1;32muart:~$ [m^[[1[12D[J[00:03:57.052,000] [0m<dbg> net_pkt.net_pkt_unref_debug: (rx_q[0]): RDATA (rx_bufs) [159] frag 0x3c172850 ref 0 frags 0 (processing_data():157)[0m
[07:43:10.282] [1;32muart:~$ [m^[[1[12D[J[00:03:57.052,000] [0m<dbg> net_pkt.net_pkt_frag_unref_debug: (rx_q[0]): RDATA (rx_bufs) [159] frag 0x3c172850 ref 0 (net_pkt_unref_debug():612)[0m
[07:43:10.300] [1;32muart:~$ [m^[[1[12D[J[1;31m[1;31m--- 10 messages dropped ---
[07:43:10.316] [0m[m[00:03:57.052,000] [0m<dbg> net_pkt.net_pkt_print: (rx_q[0]): TX 16 RX 40 RDATA 160 TDATA 80[0m
[07:43:10.317] [1;32muart:~$ [m^[[1[12D[J[00:03:57.258,000] [0m<dbg> net_pkt.pkt_alloc_buffer: (wifi): RDATA (rx_bufs) [159] frag 0x3c172850 ref 1 (eth_esp32_rx():153)[0m
[07:43:10.333] [1;32muart:~$ [m^[[1[12D[J[00:03:57.258,000] [0m<dbg> net_pkt.net_pkt_write: (wifi): pkt 0x3c173cf0 data 0x3c26f95a length 60[0m
[07:43:10.350] [1;32muart:~$ [m^[[1[12D[J[00:03:57.258,000] [0m<dbg> net_pkt.net_pkt_unref_debug: (rx_q[0]): RX [39] pkt 0x3c173cf0 ref 0 frags 0x3c172850 (processing_data():157)[0m
[07:43:10.366] [1;32muart:~$ [m^[[1[12D[J[00:03:57.258,000] [0m<dbg> net_pkt.net_pkt_unref_debug: (rx_q[0]): RDATA (rx_bufs) [159] frag 0x3c172850 ref 0 frags 0 (processing_data():157)[0m
[07:43:10.383] [1;32muart:~$ [m^[[1[12D[J[00:03:57.258,000] [0m<dbg> net_pkt.net_pkt_frag_unref_debug: (rx_q[0]): RDATA (rx_bufs) [159] frag 0x3c172850 ref 0 (net_pkt_unref_debug():612)[0m
[07:43:10.400] [1;32muart:~$ [m^[[1[12D[J[00:03:57.258,000] [0m<dbg> net_pkt.net_pkt_print: (rx_q[0]): TX 16 RX 40 RDATA 160 TDATA 80[0m
[07:43:10.416] [1;32muart:~$ [m^[[1[12D[J[00:03:57.258,000] [0m<dbg> net_pkt.pkt_alloc_with_buffer: (wifi): On iface 1 (0x3fc9ea10) size 191[0m
[07:43:10.432] [1;32muart:~$ [m^[[1[12D[J[00:03:57.258,000] [0m<dbg> net_pkt.net_pkt_alloc_buffer_with_reserve_debug: (wifi): Data allocation maximum size 191 (requested 191, reserve 0)[0m
[07:43:10.449] [1;32muart:~$ [m^[[1[12D[J[00:03:57.259,000] [0m<dbg> net_pkt.pkt_alloc_buffer: (wifi): RDATA (rx_bufs) [159] frag 0x3c172850 ref 1 (eth_esp32_rx():153)[0m
[07:43:10.465] [1;32muart:~$ [m^[[1[12D[J[00:03:57.259,000] [0m<dbg> net_pkt.net_pkt_write: (wifi): pkt 0x3c173cf0 data 0x3c27000a length 191[0m
[07:43:10.481] [1;32muart:~$ [m^[[1[12D[J[00:03:57.259,000] [0m<dbg> net_pkt.net_pkt_unref_debug: (rx_q[0]): RX [39] pkt 0x3c173cf0 ref 0 frags 0x3c172850 (processing_data():157)[0m
[07:43:10.498] [1;32muart:~$ [m^[[1[12D[J[00:03:57.259,000] [0m<dbg> net_pkt.net_pkt_unref_debug: (rx_q[0]): RDATA (rx_bufs) [159] frag 0x3c172850 ref 0 frags 0 (processing_data():157)[0m
[07:43:10.515] [1;32muart:~$ [m^[[1[12D[J[00:03:57.259,000] [0m<dbg> net_pkt.net_pkt_frag_unref_debug: (rx_q[0]): RDATA (rx_bufs) [159] frag 0x3c172850 ref 0 (net_pkt_unref_debug():612)[0m
[07:43:10.532] [1;32muart:~$ [m^[[1[12D[J[00:03:57.259,000] [0m<dbg> net_pkt.net_pkt_print: (rx_q[0]): TX 16 RX 40 RDATA 160 TDATA 80[0m
[07:43:10.548] [1;32muart:~$ [m^[[1[12D[J[1;32muart:~$ [m^[[1[12D[J[1;32muart:~$ [m^[[1[12D[J[1;31m[1;31m--- 64 messages dropped ---
[07:43:10.723] [0m[m[00:03:57.672,000] [0m<dbg> net_pkt.net_pkt_read: (rx_q[0]): pkt 0x3c172ee0 data 0x3fcc36ae length 74[0m
[07:43:10.724] [1;32muart:~$ [m^[[1[12D[J[00:03:57.672,000] [0m<dbg> net_pkt.net_pkt_unref_debug: (rx_q[0]): TX [15] pkt 0x3c172ee0 ref 1 frags 0x3c15d4bc (ethernet_send():800)[0m
[07:43:10.741] [1;32muart:~$ [m^[[1[12D[J[00:03:57.672,000] [0m<dbg> net_pkt.net_pkt_unref_debug: (rx_q[0]): TX [15] pkt 0x3c172ee0 ref 0 frags 0x3c15d4bc (tcp_send():472)[0m
[07:43:10.757] [1;32muart:~$ [m^[[1[12D[J[00:03:57.672,000] [0m<dbg> net_pkt.net_pkt_unref_debug: (rx_q[0]): TDATA (tx_bufs) [78] frag 0x3c15d4bc ref 0 frags 0x3c15d4a0 (tcp_send():472)[0m
[07:43:10.774] [1;32muart:~$ [m^[[1[12D[J[1;31m[1;31m--- 7 messages dropped ---
[07:43:10.790] [0m[m[00:03:57.672,000] [0m<dbg> net_pkt.net_pkt_unref_debug: (rx_q[0]): TDATA (tx_bufs) [78] frag 0x3c15d4a0 ref 0 frags 0 (tcp_send():472)[0m
[07:43:10.791] [1;32muart:~$ [m^[[1[12D[J[00:03:57.672,000] [0m<dbg> net_pkt.net_pkt_frag_unref_debug: (rx_q[0]): TDATA (tx_bufs) [78] frag 0x3c15d4bc ref 0 (net_pkt_unref_debug():612)[0m
[07:43:10.808] [1;32muart:~$ [m^[[1[12D[J[00:03:57.672,000] [0m<dbg> net_pkt.net_pkt_frag_unref_debug: (rx_q[0]): TDATA (tx_bufs) [79] frag 0x3c15d4a0 ref 0 (net_pkt_unref_debug():612)[0m
[07:43:10.825] [1;32muart:~$ [m^[[1[12D[J[00:03:57.673,000] [0m<dbg> net_pkt.net_pkt_print: (rx_q[0]): TX 16 RX 39 RDATA 159 TDATA 80[0m
[07:43:10.841] [1;32muart:~$ [m^[[1[12D[J[00:03:57.674,000] [0m<dbg> net_pkt.net_pkt_read: (llss_thread): pkt 0x3c173cf0 data 0x3c246e00 length 5[0m
[07:43:10.858] [1;32muart:~$ [m^[[1[12D[J[00:03:57.674,000] [0m<dbg> net_pkt.net_pkt_read: (llss_thread): pkt 0x3c173cf0 data 0x3c246e05 length 233[0m
[07:43:10.874] [1;32muart:~$ [m^[[1[12D[J[00:03:57.713,000] [0m<dbg> net_pkt.net_pkt_unref_debug: (rx_q[0]): RX [39] pkt 0x3c173cf0 ref 0 frags 0x3c172850 (processing_data():157)[0m
[07:43:10.891] [1;32muart:~$ [m^[[1[12D[J[00:03:57.713,000] [0m<dbg> net_pkt.net_pkt_unref_debug: (rx_q[0]): RDATA (rx_bufs) [159] frag 0x3c172850 ref 0 frags 0 (processing_data():157)[0m
[07:43:10.908] [1;32muart:~$ [m^[[1[12D[J[00:03:57.713,000] [0m<dbg> net_pkt.net_pkt_frag_unref_debug: (rx_q[0]): RDATA (rx_bufs) [159] frag 0x3c172850 ref 0 (net_pkt_unref_debug():612)[0m
[07:43:10.925] [1;32muart:~$ [m^[[1[12D[J[00:03:57.713,000] [0m<dbg> net_pkt.net_pkt_print: (rx_q[0]): TX 16 RX 40 RDATA 160 TDATA 80[0m
[07:43:10.941] [1;32muart:~$ [m^[[1[12D[J[00:03:57.714,000] [0m<dbg> net_pkt.pkt_alloc_with_buffer: (wifi): On iface 1 (0x3fc9ea10) size 211[0m
[07:43:10.958] [1;32muart:~$ [m^[[1[12D[J[00:03:57.714,000] [0m<dbg> net_pkt.net_pkt_alloc_buffer_with_reserve_debug: (wifi): Data allocation maximum size 211 (requested 211, reserve 0)[0m
[07:43:10.975] [1;32muart:~$ [m^[[1[12D[J[00:03:57.714,000] [0m<dbg> net_pkt.pkt_alloc_buffer: (wifi): RDATA (rx_bufs) [159] frag 0x3c172850 ref 1 (eth_esp32_rx():153)[0m
[07:43:10.991] [1;32muart:~$ [m^[[1[12D[J[00:03:57.714,000] [0m<dbg> net_pkt.net_pkt_write: (wifi): pkt 0x3c173cf0 data 0x3c26f2aa length 211[0m
[07:43:11.007] [1;32muart:~$ [m^[[1[12D[J[00:03:57.715,000] [0m<dbg> net_pkt.net_pkt_unref_debug: (rx_q[0]): RX [39] pkt 0x3c173cf0 ref 0 frags 0x3c172850 (processing_data():157)[0m
[07:43:11.024] [1;32muart:~$ [m^[[1[12D[J[00:03:57.715,000] [0m<dbg> net_pkt.net_pkt_unref_debug: (rx_q[0]): RDATA (rx_bufs) [159] frag 0x3c172850 ref 0 frags 0 (processing_data():157)[0m
[07:43:11.040] [1;32muart:~$ [m^[[1[12D[J[00:03:57.715,000] [0m<dbg> net_pkt.net_pkt_frag_unref_debug: (rx_q[0]): RDATA (rx_bufs) [159] frag 0x3c172850 ref 0 (net_pkt_unref_debug():612)[0m
[07:43:11.057] [1;32muart:~$ [m^[[1[12D[J[00:03:57.715,000] [0m<dbg> net_pkt.net_pkt_print: (rx_q[0]): TX 16 RX 40 RDATA 160 TDATA 80[0m
[07:43:11.073] [1;32muart:~$ [m^[[1[12D[J[1;32muart:~$ [m^[[1[12D[J[1;32muart:~$ [m^[[1[12D[J[1;31m[1;31m--- 6 messages dropped ---
[07:43:11.328] [0m[m[00:03:58.077,000] [0m<dbg> net_pkt.net_pkt_frag_unref_debug: (rx_q[0]): RDATA (rx_bufs) [159] frag 0x3c172850 ref 0 (net_pkt_unref_debug():612)[0m
[07:43:11.329] [1;32muart:~$ [m^[[1[12D[J[00:03:58.077,000] [0m<dbg> net_pkt.net_pkt_print: (rx_q[0]): TX 16 RX 40 RDATA 160 TDATA 80[0m
[07:43:11.345] [1;32muart:~$ [m^[[1[12D[J[00:03:58.280,000] [0m<dbg> net_pkt.pkt_alloc_with_buffer: (wifi): On iface 1 (0x3fc9ea10) size 525[0m
[07:43:11.362] [1;32muart:~$ [m^[[1[12D[J[00:03:58.281,000] [0m<dbg> net_pkt.net_pkt_alloc_buffer_with_reserve_debug: (wifi): Data allocation maximum size 525 (requested 525, reserve 0)[0m
[07:43:11.379] [1;32muart:~$ [m^[[1[12D[J[00:03:58.281,000] [0m<dbg> net_pkt.pkt_alloc_buffer: (wifi): RDATA (rx_bufs) [159] frag 0x3c172850 ref 1 (eth_esp32_rx():153)[0m
[07:43:11.395] [1;32muart:~$ [m^[[1[12D[J[00:03:58.281,000] [0m<dbg> net_pkt.pkt_alloc_buffer: (wifi): RDATA (rx_bufs) [158] frag 0x3c17286c ref 1 (eth_esp32_rx():153)[0m
[07:43:11.412] [1;32muart:~$ [m^[[1[12D[J[00:03:58.281,000] [0m<dbg> net_pkt.net_pkt_write: (wifi): pkt 0x3c173cf0 data 0x3c26f2aa length 525[0m
[07:43:11.428] [1;32muart:~$ [m^[[1[12D[J[00:03:58.281,000] [0m<dbg> net_pkt.net_pkt_unref_debug: (rx_q[0]): RX [39] pkt 0x3c173cf0 ref 0 frags 0x3c172850 (processing_data():157)[0m
[07:43:11.445] [1;32muart:~$ [m^[[1[12D[J[00:03:58.281,000] [0m<dbg> net_pkt.net_pkt_unref_debug: (rx_q[0]): RDATA (rx_bufs) [158] frag 0x3c172850 ref 0 frags 0x3c17286c (processing_data():157)[0m
[07:43:11.461] [1;32muart:~$ [m^[[1[12D[J[00:03:58.281,000] [0m<dbg> net_pkt.net_pkt_unref_debug: (rx_q[0]): RDATA (rx_bufs) [158] frag 0x3c17286c ref 0 frags 0 (processing_data():157)[0m
[07:43:11.478] [1;32muart:~$ [m^[[1[12D[J[00:03:58.281,000] [0m<dbg> net_pkt.net_pkt_frag_unref_debug: (rx_q[0]): RDATA (rx_bufs) [158] frag 0x3c172850 ref 0 (net_pkt_unref_debug():612)[0m
[07:43:11.495] [1;32muart:~$ [m^[[1[12D[J[00:03:58.281,000] [0m<dbg> net_pkt.net_pkt_frag_unref_debug: (rx_q[0]): RDATA (rx_bufs) [159] frag 0x3c17286c ref 0 (net_pkt_unref_debug():612)[0m
[07:43:11.512] [1;32muart:~$ [m^[[1[12D[J[00:03:58.281,000] [0m<dbg> net_pkt.net_pkt_print: (rx_q[0]): TX 16 RX 40 RDATA 160 TDATA 80[0m
[07:43:11.528] [1;32muart:~$ [m^[[1[12D[J[1;32muart:~$ [m^[[1[12D[J[1;32muart:~$ [m^[[1[12D[J[1;31m[1;31m--- 3 messages dropped ---
[07:43:12.147] [0m[m[00:03:58.486,000] [0m<dbg> net_pkt.net_pkt_write: (wifi): pkt 0x3c173cf0 data 0x3c26f2aa length 60[0m
[07:43:12.148] [1;32muart:~$ [m^[[1[12D[J[00:03:58.486,000] [0m<dbg> net_pkt.net_pkt_unref_debug: (rx_q[0]): RX [39] pkt 0x3c173cf0 ref 0 frags 0x3c17286c (processing_data():157)[0m
[07:43:12.165] [1;32muart:~$ [m^[[1[12D[J[00:03:58.486,000] [0m<dbg> net_pkt.net_pkt_unref_debug: (rx_q[0]): RDATA (rx_bufs) [159] frag 0x3c17286c ref 0 frags 0 (processing_data():157)[0m
[07:43:12.181] [1;32muart:~$ [m^[[1[12D[J[00:03:58.486,000] [0m<dbg> net_pkt.net_pkt_frag_unref_debug: (rx_q[0]): RDATA (rx_bufs) [159] frag 0x3c17286c ref 0 (net_pkt_unref_debug():612)[0m
[07:43:12.198] [1;32muart:~$ [m^[[1[12D[J[00:03:58.486,000] [0m<dbg> net_pkt.net_pkt_print: (rx_q[0]): TX 16 RX 40 RDATA 160 TDATA 80[0m
[07:43:12.214] [1;32muart:~$ [m^[[1[12D[J[00:03:59.100,000] [0m<dbg> net_pkt.pkt_alloc_with_buffer: (wifi): On iface 1 (0x3fc9ea10) size 505[0m
[07:43:12.230] [1;32muart:~$ [m^[[1[12D[J[00:03:59.100,000] [0m<dbg> net_pkt.net_pkt_alloc_buffer_with_reserve_debug: (wifi): Data allocation maximum size 505 (requested 505, reserve 0)[0m
[07:43:12.247] [1;32muart:~$ [m^[[1[12D[J[00:03:59.100,000] [0m<dbg> net_pkt.pkt_alloc_buffer: (wifi): RDATA (rx_bufs) [159] frag 0x3c17286c ref 1 (eth_esp32_rx():153)[0m
[07:43:12.264] [1;32muart:~$ [m^[[1[12D[J[00:03:59.100,000] [0m<dbg> net_pkt.net_pkt_write: (wifi): pkt 0x3c173cf0 data 0x3c26f2aa length 505[0m
[07:43:12.280] [1;32muart:~$ [m^[[1[12D[J[00:03:59.100,000] [0m<dbg> net_pkt.net_pkt_unref_debug: (rx_q[0]): RX [39] pkt 0x3c173cf0 ref 0 frags 0x3c17286c (processing_data():157)[0m
[07:43:12.297] [1;32muart:~$ [m^[[1[12D[J[00:03:59.100,000] [0m<dbg> net_pkt.net_pkt_unref_debug: (rx_q[0]): RDATA (rx_bufs) [159] frag 0x3c17286c ref 0 frags 0 (processing_data():157)[0m
[07:43:12.313] [1;32muart:~$ [m^[[1[12D[J[00:03:59.100,000] [0m<dbg> net_pkt.net_pkt_frag_unref_debug: (rx_q[0]): RDATA (rx_bufs) [159] frag 0x3c17286c ref 0 (net_pkt_unref_debug():612)[0m
[07:43:12.330] [1;32muart:~$ [m^[[1[12D[J[00:03:59.100,000] [0m<dbg> net_pkt.net_pkt_print: (rx_q[0]): TX 16 RX 40 RDATA 160 TDATA 80[0m
[07:43:12.347] [1;32muart:~$ [m^[[1[12D[J[00:03:59.305,000] [0m<dbg> net_pkt.pkt_alloc_with_buffer: (wifi): On iface 1 (0x3fc9ea10) size 525[0m
[07:43:12.363] [1;32muart:~$ [m^[[1[12D[J[00:03:59.305,000] [0m<dbg> net_pkt.net_pkt_alloc_buffer_with_reserve_debug: (wifi): Data allocation maximum size 525 (requested 525, reserve 0)[0m
[07:43:12.380] [1;32muart:~$ [m^[[1[12D[J[00:03:59.305,000] [0m<dbg> net_pkt.pkt_alloc_buffer: (wifi): RDATA (rx_bufs) [159] frag 0x3c17286c ref 1 (eth_esp32_rx():153)[0m
[07:43:12.397] [1;32muart:~$ [m^[[1[12D[J[00:03:59.305,000] [0m<dbg> net_pkt.pkt_alloc_buffer: (wifi): RDATA (rx_bufs) [158] frag 0x3c172850 ref 1 (eth_esp32_rx():153)[0m
[07:43:12.413] [1;32muart:~$ [m^[[1[12D[J[00:03:59.305,000] [0m<dbg> net_pkt.net_pkt_write: (wifi): pkt 0x3c173cf0 data 0x3c26f2aa length 525[0m
[07:43:12.429] [1;32muart:~$ [m^[[1[12D[J[00:03:59.305,000] [0m<dbg> net_pkt.net_pkt_unref_debug: (rx_q[0]): RX [39] pkt 0x3c173cf0 ref 0 frags 0x3c17286c (processing_data():157)[0m
[07:43:12.446] [1;32muart:~$ [m^[[1[12D[J[00:03:59.305,000] [0m<dbg> net_pkt.net_pkt_unref_debug: (rx_q[0]): RDATA (rx_bufs) [158] frag 0x3c17286c ref 0 frags 0x3c172850 (processing_data():157)[0m
[07:43:12.463] [1;32muart:~$ [m^[[1[12D[J[00:03:59.305,000] [0m<dbg> net_pkt.net_pkt_unref_debug: (rx_q[0]): RDATA (rx_bufs) [158] frag 0x3c172850 ref 0 frags 0 (processing_data():157)[0m
[07:43:12.480] [1;32muart:~$ [m^[[1[12D[J[00:03:59.305,000] [0m<dbg> net_pkt.net_pkt_frag_unref_debug: (rx_q[0]): RDATA (rx_bufs) [158] frag 0x3c17286c ref 0 (net_pkt_unref_debug():612)[0m
[07:43:12.497] [1;32muart:~$ [m^[[1[12D[J[00:03:59.305,000] [0m<dbg> net_pkt.net_pkt_frag_unref_debug: (rx_q[0]): RDATA (rx_bufs) [159] frag 0x3c172850 ref 0 (net_pkt_unref_debug():612)[0m
[07:43:12.514] [1;32muart:~$ [m^[[1[12D[J[00:03:59.305,000] [0m<dbg> net_pkt.net_pkt_print: (rx_q[0]): TX 16 RX 40 RDATA 160 TDATA 80[0m
[07:43:12.530] [1;32muart:~$ [m^[[1[12D[J[1;32muart:~$ [m^[[1[12D[J[1;32muart:~$ [m^[[1[12D[J[1;31m[1;31m--- 3 messages dropped ---
[07:43:13.171] [0m[m[00:03:59.510,000] [0m<dbg> net_pkt.net_pkt_write: (wifi): pkt 0x3c173cf0 data 0x3c26f2aa length 60[0m
[07:43:13.172] [1;32muart:~$ [m^[[1[12D[J[00:03:59.510,000] [0m<dbg> net_pkt.net_pkt_unref_debug: (rx_q[0]): RX [39] pkt 0x3c173cf0 ref 0 frags 0x3c172850 (processing_data():157)[0m
[07:43:13.189] [1;32muart:~$ [m^[[1[12D[J[00:03:59.510,000] [0m<dbg> net_pkt.net_pkt_unref_debug: (rx_q[0]): RDATA (rx_bufs) [159] frag 0x3c172850 ref 0 frags 0 (processing_data():157)[0m
[07:43:13.206] [1;32muart:~$ [m^[[1[12D[J[00:03:59.510,000] [0m<dbg> net_pkt.net_pkt_frag_unref_debug: (rx_q[0]): RDATA (rx_bufs) [159] frag 0x3c172850 ref 0 (net_pkt_unref_debug():612)[0m
[07:43:13.222] [1;32muart:~$ [m^[[1[12D[J[00:03:59.510,000] [0m<dbg> net_pkt.net_pkt_print: (rx_q[0]): TX 16 RX 40 RDATA 160 TDATA 80[0m
[07:43:13.239] [1;32muart:~$ [m^[[1[12D[J[00:04:00.124,000] [0m<dbg> net_pkt.pkt_alloc_with_buffer: (wifi): On iface 1 (0x3fc9ea10) size 60[0m
[07:43:13.256] [1;32muart:~$ [m^[[1[12D[J[1;31m[1;31m--- 28 messages dropped ---
[07:43:13.271] [0m[m[00:04:00.124,000] [0m<dbg> net_pkt.net_pkt_alloc_buffer_with_reserve_debug: (wifi): Data allocation maximum size 60 (requested 60, reserve 0)[0m
[07:43:13.273] [1;32muart:~$ [m^[[1[12D[J[00:04:00.124,000] [0m<dbg> net_pkt.pkt_alloc_buffer: (wifi): RDATA (rx_bufs) [159] frag 0x3c172850 ref 1 (eth_esp32_rx():153)[0m
[07:43:13.289] [1;32muart:~$ [m^[[1[12D[J[00:04:00.124,000] [0m<dbg> net_pkt.net_pkt_write: (wifi): pkt 0x3c173cf0 data 0x3c26f2aa length 60[0m
[07:43:13.306] [1;32muart:~$ [m^[[1[12D[J[00:04:00.124,000] [0m<dbg> net_pkt.net_pkt_unref_debug: (rx_q[0]): RX [39] pkt 0x3c173cf0 ref 0 frags 0x3c172850 (processing_data():157)[0m
[07:43:13.322] [1;32muart:~$ [m^[[1[12D[J[00:04:00.124,000] [0m<dbg> net_pkt.net_pkt_unref_debug: (rx_q[0]): RDATA (rx_bufs) [159] frag 0x3c172850 ref 0 frags 0 (processing_data():157)[0m
[07:43:13.339] [1;32muart:~$ [m^[[1[12D[J[00:04:00.124,000] [0m<dbg> net_pkt.net_pkt_frag_unref_debug: (rx_q[0]): RDATA (rx_bufs) [159] frag 0x3c172850 ref 0 (net_pkt_unref_debug():612)[0m
[07:43:13.355] [1;32muart:~$ [m^[[1[12D[J                     : Total CPU cycles used: 260020
[07:43:13.372] [1;32muart:~$ [m^[[1[12D[J tcp_work            : STACK: unused 1728 usage 320 / 2048 (15 %); CPU: 0 %
[07:43:13.388] [1;32muart:~$ [m^[[1[12D[J                     : Total CPU cycles used: 2024
[07:43:13.404] [1;32muart:~$ [m^[[1[12D[J shell_uart          : STACK: unused 2784 usage 1312 / 4096 (32 %); CPU: 0 %
[07:43:13.420] [1;32muart:~$ [m^[[1[12D[J wifi                : STACK: unused 1264 usage 2320 / 3584 (64 %); CPU: 1 %
[07:43:13.436] [1;32muart:~$ [m^[[1[12D[J                     : Total CPU cycles used: 617534369
[07:43:13.452] [1;32muart:~$ [m^[[1[12D[J sysworkq            : STACK: unused 3056 usage 1040 / 4096 (25 %); CPU: 0 %
[07:43:13.468] [1;32muart:~$ [m^[[1[12D[J                     : Total CPU cycles used: 11106933
[07:43:13.484] [1;32muart:~$ [m^[[1[12D[J esp_timer           : STACK: unused 3568 usage 528 / 4096 (12 %); CPU: 0 %
[07:43:13.500] [1;32muart:~$ [m^[[1[12D[J                     : Total CPU cycles used: 24334441
[07:43:13.516] [1;32muart:~$ [m^[[1[12D[J logging             : STACK: unused 544 usage 480 / 1024 (46 %); CPU: 0 %
[07:43:13.532] [1;32muart:~$ [m^[[1[12D[J                     : Total CPU cycles used: 21997286
[07:43:13.548] [1;32muart:~$ [m^[[1[12D[J idle                : STACK: unused 816 usage 208 / 1024 (20 %); CPU: 96 %
[07:43:13.564] [1;32muart:~$ [m^[[1[12D[J                     : Total CPU cycles used: 55626987467
[07:43:13.580] [1;32muart:~$ [m^[[1[12D[J ISR0                : STACK: unused 1520 usage 528 / 2048 (25 %); CPU: 0 %
[07:43:13.596] [1;32muart:~$ [m^[[1[12D[J                     : Total CPU cycles used: 0
[07:43:13.612] [1;32muart:~$ [m^[[1[12D[J[1;32muart:~$ [m^[[1[12D[J[1;32muart:~$ [m^[[1[12D[J[00:04:01.148,000] [0m<dbg> net_pkt.pkt_alloc_with_buffer: (wifi): On iface 1 (0x3fc9ea10) size 60[0m
[07:43:15.195] [1;32muart:~$ [m^[[1[12D[J[00:04:01.148,000] [0m<dbg> net_pkt.net_pkt_alloc_buffer_with_reserve_debug: (wifi): Data allocation maximum size 60 (requested 60, reserve 0)[0m
[07:43:15.212] [1;32muart:~$ [m^[[1[12D[J[00:04:01.148,000] [0m<dbg> net_pkt.pkt_alloc_buffer: (wifi): RDATA (rx_bufs) [159] frag 0x3c172850 ref 1 (eth_esp32_rx():153)[0m
[07:43:15.228] [1;32muart:~$ [m^[[1[12D[J[00:04:01.148,000] [0m<dbg> net_pkt.net_pkt_write: (wifi): pkt 0x3c173cf0 data 0x3c26f2aa length 60[0m
[07:43:15.245] [1;32muart:~$ [m^[[1[12D[J[00:04:01.148,000] [0m<dbg> net_pkt.net_pkt_unref_debug: (rx_q[0]): RX [39] pkt 0x3c173cf0 ref 0 frags 0x3c172850 (processing_data():157)[0m
[07:43:15.261] [1;32muart:~$ [m^[[1[12D[J[00:04:01.148,000] [0m<dbg> net_pkt.net_pkt_unref_debug: (rx_q[0]): RDATA (rx_bufs) [159] frag 0x3c172850 ref 0 frags 0 (processing_data():157)[0m
[07:43:15.278] [1;32muart:~$ [m^[[1[12D[J[00:04:01.148,000] [0m<dbg> net_pkt.net_pkt_frag_unref_debug: (rx_q[0]): RDATA (rx_bufs) [159] frag 0x3c172850 ref 0 (net_pkt_unref_debug():612)[0m
[07:43:15.295] [1;32muart:~$ [m^[[1[12D[J[00:04:01.148,000] [0m<dbg> net_pkt.net_pkt_print: (rx_q[0]): TX 16 RX 40 RDATA 160 TDATA 80[0m
[07:43:15.311] [1;32muart:~$ [m^[[1[12D[J[1;32muart:~$ [m^[[1[12D[J[1;32muart:~$ [m^[[1[12D[J[1;31m[1;31m--- 80 messages dropped ---
[07:43:15.735] [0m[m[00:04:02.686,000] [0m<dbg> net_pkt.net_pkt_get_reserve_data_debug: (llss_thread): TDATA (tx_bufs) [76] frag 0x3c15d4f4 ref 1 (ethernet_fill_header():610)[0m
[07:43:15.737] [1;32muart:~$ [m^[[1[12D[J[00:04:02.687,000] [0m<dbg> net_pkt.net_pkt_frag_insert_debug: (llss_thread): pkt 0x3c172f28 frag 0x3c15d4f4 (ethernet_fill_header:669)[0m
[07:43:15.754] [1;32muart:~$ [m^[[1[12D[J[1;31m[1;31m--- 9 messages dropped ---
[07:43:15.769] [0m[m[00:04:02.687,000] [0m<dbg> net_pkt.net_pkt_read: (llss_thread): pkt 0x3c172f28 data 0x3fcc36ae length 236[0m
[07:43:15.770] [1;32muart:~$ [m^[[1[12D[J[00:04:02.688,000] [0m<dbg> net_pkt.net_pkt_unref_debug: (llss_thread): TX [14] pkt 0x3c172f28 ref 1 frags 0x3c15d4f4 (ethernet_send():800)[0m
[07:43:15.787] [1;32muart:~$ [m^[[1[12D[J[00:04:02.688,000] [0m<dbg> net_pkt.net_pkt_unref_debug: (llss_thread): TX [14] pkt 0x3c172f28 ref 0 frags 0x3c15d4f4 (tcp_send():472)[0m
[07:43:15.804] [1;32muart:~$ [m^[[1[12D[J[00:04:02.688,000] [0m<dbg> net_pkt.net_pkt_unref_debug: (llss_thread): TDATA (tx_bufs) [76] frag 0x3c15d4f4 ref 0 frags 0x3c15d4d8 (tcp_send():472)[0m
[07:43:15.821] [1;32muart:~$ [m^[[1[12D[J[00:04:02.688,000] [0m<dbg> net_pkt.net_pkt_unref_debug: (llss_thread): TDATA (tx_bufs) [76] frag 0x3c15d4d8 ref 0 frags 0x3c15d4bc (tcp_send():472)[0m
[07:43:15.838] [1;32muart:~$ [m^[[1[12D[J[00:04:02.688,000] [0m<dbg> net_pkt.net_pkt_unref_debug: (llss_thread): TDATA (tx_bufs) [76] frag 0x3c15d4bc ref 0 frags 0 (tcp_send():472)[0m
[07:43:15.855] [1;32muart:~$ [m^[[1[12D[J[00:04:02.693,000] [0m<dbg> net_pkt.net_pkt_skip: (rx_q[0]): pkt 0x3c173cf0 skip 8[0m
[07:43:15.871] [1;32muart:~$ [m^[[1[12D[J[00:04:02.693,000] [0m<dbg> net_pkt.net_pkt_skip: (rx_q[0]): pkt 0x3c173cf0 skip 32[0m
[07:43:15.887] [1;32muart:~$ [m^[[1[12D[J[00:04:02.693,000] [0m<dbg> net_pkt.net_pkt_write: (rx_q[0]): pkt 0x3c173cf0 data 0x3c16a596 length 20[0m
[07:43:15.903] [1;32muart:~$ [m^[[1[12D[J[00:04:02.693,000] [0m<dbg> net_pkt.net_pkt_skip: (rx_q[0]): pkt 0x3c173cf0 skip 20[0m
[07:43:15.920] [1;32muart:~$ [m^[[1[12D[J[00:04:02.693,000] [0m<dbg> net_pkt.net_pkt_skip: (rx_q[0]): pkt 0x3c173cf0 skip 40[0m
[07:43:15.936] [1;32muart:~$ [m^[[1[12D[J[00:04:02.693,000] [0m<dbg> net_pkt.net_pkt_skip: (rx_q[0]): pkt 0x3c173cf0 skip 40[0m
[07:43:15.952] [1;32muart:~$ [m^[[1[12D[J[00:04:02.693,000] [0m<dbg> net_pkt.net_pkt_skip: (rx_q[0]): pkt 0x3c173cf0 skip 40[0m
[07:43:15.968] [1;32muart:~$ [m^[[1[12D[J[00:04:02.693,000] [0m<dbg> net_pkt.net_pkt_skip: (rx_q[0]): pkt 0x3c173cf0 skip 40[0m
[07:43:15.984] [1;32muart:~$ [m^[[1[12D[J[00:04:02.693,000] [0m<dbg> net_pkt.net_pkt_skip: (rx_q[0]): pkt 0x3c173cf0 skip 40[0m
[07:43:16.000] [1;32muart:~$ [m^[[1[12D[J[00:04:02.693,000] [0m<dbg> net_pkt.net_pkt_unref_debug: (rx_q[0]): RX [39] pkt 0x3c173cf0 ref 0 frags 0x3c172850 (tcp_in():3635)[0m
[07:43:16.016] [1;32muart:~$ [m^[[1[12D[J[00:04:02.694,000] [0m<dbg> net_pkt.net_pkt_unref_debug: (rx_q[0]): RDATA (rx_bufs) [159] frag 0x3c172850 ref 0 frags 0 (tcp_in():3635)[0m
[07:43:16.033] [1;32muart:~$ [m^[[1[12D[J[00:04:02.694,000] [0m<dbg> net_pkt.net_pkt_frag_unref_debug: (rx_q[0]): RDATA (rx_bufs) [159] frag 0x3c172850 ref 0 (net_pkt_unref_debug():612)[0m
[07:43:16.050] [1;32muart:~$ [m^[[1[12D[J[00:04:02.694,000] [0m<dbg> net_pkt.net_pkt_print: (rx_q[0]): TX 16 RX 40 RDATA 160 TDATA 80[0m
[07:43:16.066] [1;32muart:~$ [m^[[1[12D[J[1;32muart:~$ [m^[[1[12D[J[1;32muart:~$ [m^[[1[12D[J[00:04:03.196,000] [0m<dbg> net_pkt.pkt_alloc_with_buffer: (wifi): On iface 1 (0x3fc9ea10) size 60[0m
[07:43:17.243] [1;32muart:~$ [m^[[1[12D[J[00:04:03.196,000] [0m<dbg> net_pkt.net_pkt_alloc_buffer_with_reserve_debug: (wifi): Data allocation maximum size 60 (requested 60, reserve 0)[0m
[07:43:17.260] [1;32muart:~$ [m^[[1[12D[J[00:04:03.196,000] [0m<dbg> net_pkt.pkt_alloc_buffer: (wifi): RDATA (rx_bufs) [159] frag 0x3c172850 ref 1 (eth_esp32_rx():153)[0m
[07:43:17.277] [1;32muart:~$ [m^[[1[12D[J[00:04:03.196,000] [0m<dbg> net_pkt.net_pkt_write: (wifi): pkt 0x3c173cf0 data 0x3c26f2aa length 60[0m
[07:43:17.293] [1;32muart:~$ [m^[[1[12D[J[00:04:03.196,000] [0m<dbg> net_pkt.net_pkt_unref_debug: (rx_q[0]): RX [39] pkt 0x3c173cf0 ref 0 frags 0x3c172850 (processing_data():157)[0m
[07:43:17.310] [1;32muart:~$ [m^[[1[12D[J[00:04:03.196,000] [0m<dbg> net_pkt.net_pkt_unref_debug: (rx_q[0]): RDATA (rx_bufs) [159] frag 0x3c172850 ref 0 frags 0 (processing_data():157)[0m
[07:43:17.326] [1;32muart:~$ [m^[[1[12D[J[00:04:03.196,000] [0m<dbg> net_pkt.net_pkt_frag_unref_debug: (rx_q[0]): RDATA (rx_bufs) [159] frag 0x3c172850 ref 0 (net_pkt_unref_debug():612)[0m
[07:43:17.343] [1;32muart:~$ [m^[[1[12D[J[00:04:03.196,000] [0m<dbg> net_pkt.net_pkt_print: (rx_q[0]): TX 16 RX 40 RDATA 160 TDATA 80[0m
[07:43:17.359] [1;32muart:~$ [m^[[1[12D[J[1;32muart:~$ [m^[[1[12D[J[1;32muart:~$ [m^[[1[12D[J[1;31m[1;31m--- 40 messages dropped ---
[07:43:17.479] [0m[m[00:04:04.428,000] [0m<dbg> net_pkt.net_pkt_read: (rx_q[0]): pkt 0x3c172ee0 data 0x3fcc36ae length 74[0m
[07:43:17.480] [1;32muart:~$ [m^[[1[12D[J[00:04:04.428,000] [0m<dbg> net_pkt.net_pkt_unref_debug: (rx_q[0]): TX [15] pkt 0x3c172ee0 ref 1 frags 0x3c15d4bc (ethernet_send():800)[0m
[07:43:17.496] [1;32muart:~$ [m^[[1[12D[J[00:04:04.428,000] [0m<dbg> net_pkt.net_pkt_unref_debug: (rx_q[0]): TX [15] pkt 0x3c172ee0 ref 0 frags 0x3c15d4bc (tcp_send():472)[0m
[07:43:17.513] [1;32muart:~$ [m^[[1[12D[J[00:04:04.428,000] [0m<dbg> net_pkt.net_pkt_unref_debug: (rx_q[0]): TDATA (tx_bufs) [78] frag 0x3c15d4bc ref 0 frags 0x3c15d4a0 (tcp_send():472)[0m
[07:43:17.529] [1;32muart:~$ [m^[[1[12D[J[00:04:04.428,000] [0m<dbg> net_pkt.net_pkt_unref_debug: (rx_q[0]): TDATA (tx_bufs) [78] frag 0x3c15d4a0 ref 0 frags 0 (tcp_send():472)[0m
[07:43:17.546] [1;32muart:~$ [m^[[1[12D[J[00:04:04.428,000] [0m<dbg> net_pkt.net_pkt_frag_unref_debug: (rx_q[0]): TDATA (tx_bufs) [78] frag 0x3c15d4bc ref 0 (net_pkt_unref_debug():612)[0m
[07:43:17.563] [1;32muart:~$ [m^[[1[12D[J[00:04:04.428,000] [0m<dbg> net_pkt.net_pkt_frag_unref_debug: (rx_q[0]): TDATA (tx_bufs) [79] frag 0x3c15d4a0 ref 0 (net_pkt_unref_debug():612)[0m
[07:43:17.579] [1;32muart:~$ [m^[[1[12D[J[00:04:04.428,000] [0m<dbg> net_pkt.net_pkt_print: (rx_q[0]): TX 16 RX 39 RDATA 159 TDATA 80[0m
[07:43:17.595] [1;32muart:~$ [m^[[1[12D[J[00:04:04.429,000] [0m<dbg> net_pkt.net_pkt_read: (llss_thread): pkt 0x3c173cf0 data 0x3c246e00 length 5[0m
[07:43:17.612] [1;32muart:~$ [m^[[1[12D[J[00:04:04.430,000] [0m<dbg> net_pkt.net_pkt_read: (llss_thread): pkt 0x3c173cf0 data 0x3c246e05 length 233[0m
[07:43:17.628] [1;32muart:~$ [m^[[1[12D[J[00:04:04.430,000] [0m<dbg> net_pkt.net_pkt_unref_debug: (llss_thread): RX [39] pkt 0x3c173cf0 ref 0 frags 0x3c172850 (zsock_recv_stream_immediate():1423)[0m
[07:43:17.645] [1;32muart:~$ [m^[[1[12D[J[00:04:04.430,000] [0m<dbg> net_pkt.net_pkt_unref_debug: (llss_thread): RDATA (rx_bufs) [159] frag 0x3c172850 ref 0 frags 0 (zsock_recv_stream_immediate():1423)[0m
[07:43:17.662] [1;32muart:~$ [m^[[1[12D[J[00:04:04.430,000] [0m<dbg> net_pkt.net_pkt_frag_unref_debug: (llss_thread): RDATA (rx_bufs) [159] frag 0x3c172850 ref 0 (net_pkt_unref_debug():612)[0m
[07:43:17.678] [1;32muart:~$ [m^[[1[12D[J[1;32muart:~$ [m^[[1[12D[J[1;32muart:~$ [m^[[1[12D[J[1;31m[1;31m--- 2 messages dropped ---
[07:43:19.110] [0m[m[00:04:05.244,000] [0m<dbg> net_pkt.pkt_alloc_buffer: (wifi): RDATA (rx_bufs) [159] frag 0x3c172850 ref 1 (eth_esp32_rx():153)[0m
[07:43:19.111] [1;32muart:~$ [m^[[1[12D[J[00:04:05.244,000] [0m<dbg> net_pkt.net_pkt_write: (wifi): pkt 0x3c173cf0 data 0x3c26f2aa length 60[0m
[07:43:19.128] [1;32muart:~$ [m^[[1[12D[J[00:04:05.244,000] [0m<dbg> net_pkt.net_pkt_unref_debug: (rx_q[0]): RX [39] pkt 0x3c173cf0 ref 0 frags 0x3c172850 (processing_data():157)[0m
[07:43:19.145] [1;32muart:~$ [m^[[1[12D[J[00:04:05.244,000] [0m<dbg> net_pkt.net_pkt_unref_debug: (rx_q[0]): RDATA (rx_bufs) [159] frag 0x3c172850 ref 0 frags 0 (processing_data():157)[0m
[07:43:19.161] [1;32muart:~$ [m^[[1[12D[J[00:04:05.244,000] [0m<dbg> net_pkt.net_pkt_frag_unref_debug: (rx_q[0]): RDATA (rx_bufs) [159] frag 0x3c172850 ref 0 (net_pkt_unref_debug():612)[0m
[07:43:19.178] [1;32muart:~$ [m^[[1[12D[J[00:04:05.244,000] [0m<dbg> net_pkt.net_pkt_print: (rx_q[0]): TX 16 RX 40 RDATA 160 TDATA 80[0m
[07:43:19.194] [1;32muart:~$ [m^[[1[12D[J[00:04:06.063,000] [0m<dbg> net_pkt.pkt_alloc_with_buffer: (wifi): On iface 1 (0x3fc9ea10) size 60[0m
[07:43:19.210] [1;32muart:~$ [m^[[1[12D[J[00:04:06.063,000] [0m<dbg> net_pkt.net_pkt_alloc_buffer_with_reserve_debug: (wifi): Data allocation maximum size 60 (requested 60, reserve 0)[0m
[07:43:19.227] [1;32muart:~$ [m^[[1[12D[J[00:04:06.063,000] [0m<dbg> net_pkt.pkt_alloc_buffer: (wifi): RDATA (rx_bufs) [159] frag 0x3c172850 ref 1 (eth_esp32_rx():153)[0m
[07:43:19.243] [1;32muart:~$ [m^[[1[12D[J[00:04:06.063,000] [0m<dbg> net_pkt.net_pkt_write: (wifi): pkt 0x3c173cf0 data 0x3c26f2aa length 60[0m
[07:43:19.259] [1;32muart:~$ [m^[[1[12D[J[00:04:06.063,000] [0m<dbg> net_pkt.net_pkt_unref_debug: (rx_q[0]): RX [39] pkt 0x3c173cf0 ref 0 frags 0x3c172850 (processing_data():157)[0m
[07:43:19.276] [1;32muart:~$ [m^[[1[12D[J[00:04:06.063,000] [0m<dbg> net_pkt.net_pkt_unref_debug: (rx_q[0]): RDATA (rx_bufs) [159] frag 0x3c172850 ref 0 frags 0 (processing_data():157)[0m
[07:43:19.293] [1;32muart:~$ [m^[[1[12D[J[00:04:06.063,000] [0m<dbg> net_pkt.net_pkt_frag_unref_debug: (rx_q[0]): RDATA (rx_bufs) [159] frag 0x3c172850 ref 0 (net_pkt_unref_debug():612)[0m
[07:43:19.310] [1;32muart:~$ [m^[[1[12D[J[00:04:06.063,000] [0m<dbg> net_pkt.net_pkt_print: (rx_q[0]): TX 16 RX 40 RDATA 160 TDATA 80[0m
[07:43:19.327] [1;32muart:~$ [m^[[1[12D[J[1;32muart:~$ [m^[[1[12D[J[1;32muart:~$ [m^[[1[12D[J[1;31m[1;31m--- 3 messages dropped ---
[07:43:21.158] [0m[m[00:04:07.292,000] [0m<dbg> net_pkt.net_pkt_write: (wifi): pkt 0x3c173cf0 data 0x3c26f2aa length 60[0m
[07:43:21.159] [1;32muart:~$ [m^[[1[12D[J[00:04:07.292,000] [0m<dbg> net_pkt.net_pkt_unref_debug: (rx_q[0]): RX [39] pkt 0x3c173cf0 ref 0 frags 0x3c172850 (processing_data():157)[0m
[07:43:21.176] [1;32muart:~$ [m^[[1[12D[J[00:04:07.292,000] [0m<dbg> net_pkt.net_pkt_unref_debug: (rx_q[0]): RDATA (rx_bufs) [159] frag 0x3c172850 ref 0 frags 0 (processing_data():157)[0m
[07:43:21.193] [1;32muart:~$ [m^[[1[12D[J[00:04:07.292,000] [0m<dbg> net_pkt.net_pkt_frag_unref_debug: (rx_q[0]): RDATA (rx_bufs) [159] frag 0x3c172850 ref 0 (net_pkt_unref_debug():612)[0m
[07:43:21.210] [1;32muart:~$ [m^[[1[12D[J[00:04:07.292,000] [0m<dbg> net_pkt.net_pkt_print: (rx_q[0]): TX 16 RX 40 RDATA 160 TDATA 80[0m
[07:43:21.227] [1;32muart:~$ [m^[[1[12D[J[00:04:08.111,000] [0m<dbg> net_pkt.pkt_alloc_with_buffer: (wifi): On iface 1 (0x3fc9ea10) size 60[0m
[07:43:21.243] [1;32muart:~$ [m^[[1[12D[J[00:04:08.111,000] [0m<dbg> net_pkt.net_pkt_alloc_buffer_with_reserve_debug: (wifi): Data allocation maximum size 60 (requested 60, reserve 0)[0m
[07:43:21.259] [1;32muart:~$ [m^[[1[12D[J[00:04:08.111,000] [0m<dbg> net_pkt.pkt_alloc_buffer: (wifi): RDATA (rx_bufs) [159] frag 0x3c172850 ref 1 (eth_esp32_rx():153)[0m
[07:43:21.276] [1;32muart:~$ [m^[[1[12D[J[00:04:08.111,000] [0m<dbg> net_pkt.net_pkt_write: (wifi): pkt 0x3c173cf0 data 0x3c26f2aa length 60[0m
[07:43:21.292] [1;32muart:~$ [m^[[1[12D[J[00:04:08.112,000] [0m<dbg> net_pkt.net_pkt_unref_debug: (rx_q[0]): RX [39] pkt 0x3c173cf0 ref 0 frags 0x3c172850 (processing_data():157)[0m
[07:43:21.309] [1;32muart:~$ [m^[[1[12D[J[00:04:08.112,000] [0m<dbg> net_pkt.net_pkt_unref_debug: (rx_q[0]): RDATA (rx_bufs) [159] frag 0x3c172850 ref 0 frags 0 (processing_data():157)[0m
[07:43:21.325] [1;32muart:~$ [m^[[1[12D[J[00:04:08.112,000] [0m<dbg> net_pkt.net_pkt_frag_unref_debug: (rx_q[0]): RDATA (rx_bufs) [159] frag 0x3c172850 ref 0 (net_pkt_unref_debug():612)[0m
[07:43:21.342] [1;32muart:~$ [m^[[1[12D[J[00:04:08.112,000] [0m<dbg> net_pkt.net_pkt_print: (rx_q[0]): TX 16 RX 40 RDATA 160 TDATA 80[0m
[07:43:21.358] [1;32muart:~$ [m^[[1[12D[J[1;32muart:~$ [m^[[1[12D[J[1;32muart:~$ [m^[[1[12D[J[1;31m[1;31m--- 79 messages dropped ---
[07:43:22.493] [0m[m[00:04:09.442,000] [0m<dbg> net_pkt.net_pkt_ref_debug: (llss_thread): TX [14] pkt 0x3c172f28 ref 2 (tcp_send():424)[0m
[07:43:22.494] [1;32muart:~$ [m^[[1[12D[J[1;31m[1;31m--- 11 messages dropped ---
[07:43:22.510] [0m[m[00:04:09.442,000] [0m<dbg> net_pkt.net_pkt_get_reserve_data_debug: (llss_thread): TDATA (tx_bufs) [76] frag 0x3c15d4f4 ref 1 (ethernet_fill_header():610)[0m
[07:43:22.511] [1;32muart:~$ [m^[[1[12D[J[00:04:09.442,000] [0m<dbg> net_pkt.net_pkt_frag_insert_debug: (llss_thread): pkt 0x3c172f28 frag 0x3c15d4f4 (ethernet_fill_header:669)[0m
[07:43:22.528] [1;32muart:~$ [m^[[1[12D[J[00:04:09.442,000] [0m<dbg> net_pkt.net_pkt_read: (llss_thread): pkt 0x3c172f28 data 0x3fcc36ae length 236[0m
[07:43:22.545] [1;32muart:~$ [m^[[1[12D[J[00:04:09.443,000] [0m<dbg> net_pkt.net_pkt_unref_debug: (llss_thread): TX [14] pkt 0x3c172f28 ref 1 frags 0x3c15d4f4 (ethernet_send():800)[0m
[07:43:22.561] [1;32muart:~$ [m^[[1[12D[J[00:04:09.443,000] [0m<dbg> net_pkt.net_pkt_unref_debug: (llss_thread): TX [14] pkt 0x3c172f28 ref 0 frags 0x3c15d4f4 (tcp_send():472)[0m
[07:43:22.578] [1;32muart:~$ [m^[[1[12D[J[00:04:09.443,000] [0m<dbg> net_pkt.net_pkt_unref_debug: (llss_thread): TDATA (tx_bufs) [76] frag 0x3c15d4f4 ref 0 frags 0x3c15d4d8 (tcp_send():472)[0m
[07:43:22.595] [1;32muart:~$ [m^[[1[12D[J[00:04:09.446,000] [0m<dbg> net_pkt.net_pkt_skip: (rx_q[0]): pkt 0x3c173cf0 skip 8[0m
[07:43:22.612] [1;32muart:~$ [m^[[1[12D[J[00:04:09.446,000] [0m<dbg> net_pkt.net_pkt_skip: (rx_q[0]): pkt 0x3c173cf0 skip 32[0m
[07:43:22.628] [1;32muart:~$ [m^[[1[12D[J[00:04:09.446,000] [0m<dbg> net_pkt.net_pkt_write: (rx_q[0]): pkt 0x3c173cf0 data 0x3c16a596 length 20[0m
[07:43:22.644] [1;32muart:~$ [m^[[1[12D[J[00:04:09.446,000] [0m<dbg> net_pkt.net_pkt_skip: (rx_q[0]): pkt 0x3c173cf0 skip 20[0m
[07:43:22.660] [1;32muart:~$ [m^[[1[12D[J[00:04:09.446,000] [0m<dbg> net_pkt.net_pkt_skip: (rx_q[0]): pkt 0x3c173cf0 skip 40[0m
[07:43:22.676] [1;32muart:~$ [m^[[1[12D[J[00:04:09.446,000] [0m<dbg> net_pkt.net_pkt_skip: (rx_q[0]): pkt 0x3c173cf0 skip 40[0m
[07:43:22.692] [1;32muart:~$ [m^[[1[12D[J[00:04:09.446,000] [0m<dbg> net_pkt.net_pkt_skip: (rx_q[0]): pkt 0x3c173cf0 skip 40[0m
[07:43:22.708] [1;32muart:~$ [m^[[1[12D[J[00:04:09.446,000] [0m<dbg> net_pkt.net_pkt_skip: (rx_q[0]): pkt 0x3c173cf0 skip 40[0m
[07:43:22.724] [1;32muart:~$ [m^[[1[12D[J[00:04:09.446,000] [0m<dbg> net_pkt.net_pkt_skip: (rx_q[0]): pkt 0x3c173cf0 skip 40[0m
[07:43:22.740] [1;32muart:~$ [m^[[1[12D[J[00:04:09.447,000] [0m<dbg> net_pkt.net_pkt_unref_debug: (rx_q[0]): RX [39] pkt 0x3c173cf0 ref 0 frags 0x3c172850 (tcp_in():3635)[0m
[07:43:22.756] [1;32muart:~$ [m^[[1[12D[J[00:04:09.447,000] [0m<dbg> net_pkt.net_pkt_unref_debug: (rx_q[0]): RDATA (rx_bufs) [159] frag 0x3c172850 ref 0 frags 0 (tcp_in():3635)[0m
[07:43:22.773] [1;32muart:~$ [m^[[1[12D[J[00:04:09.447,000] [0m<dbg> net_pkt.net_pkt_frag_unref_debug: (rx_q[0]): RDATA (rx_bufs) [159] frag 0x3c172850 ref 0 (net_pkt_unref_debug():612)[0m
[07:43:22.789] [1;32muart:~$ [m^[[1[12D[J[00:04:09.447,000] [0m<dbg> net_pkt.net_pkt_print: (rx_q[0]): TX 16 RX 40 RDATA 160 TDATA 80[0m
[07:43:22.806] [1;32muart:~$ [m^[[1[12D[J[1;32muart:~$ [m^[[1[12D[J[1;32muart:~$ [m^[[1[12D[J[00:04:10.159,000] [0m<dbg> net_pkt.pkt_alloc_with_buffer: (wifi): On iface 1 (0x3fc9ea10) size 60[0m
[07:43:24.206] [1;32muart:~$ [m^[[1[12D[J[00:04:10.159,000] [0m<dbg> net_pkt.net_pkt_alloc_buffer_with_reserve_debug: (wifi): Data allocation maximum size 60 (requested 60, reserve 0)[0m
[07:43:24.223] [1;32muart:~$ [m^[[1[12D[J[1;31m[1;31m--- 40 messages dropped ---
[07:43:24.239] [0m[m[00:04:10.159,000] [0m<dbg> net_pkt.pkt_alloc_buffer: (wifi): RDATA (rx_bufs) [159] frag 0x3c172850 ref 1 (eth_esp32_rx():153)[0m
[07:43:24.240] [1;32muart:~$ [m^[[1[12D[J[00:04:10.159,000] [0m<dbg> net_pkt.net_pkt_write: (wifi): pkt 0x3c173cf0 data 0x3c26f2aa length 60[0m
[07:43:24.256] [1;32muart:~$ [m^[[1[12D[J[00:04:10.159,000] [0m<dbg> net_pkt.net_pkt_unref_debug: (rx_q[0]): RX [39] pkt 0x3c173cf0 ref 0 frags 0x3c172850 (processing_data():157)[0m
[07:43:24.273] [1;32muart:~$ [m^[[1[12D[J[00:04:10.159,000] [0m<dbg> net_pkt.net_pkt_unref_debug: (rx_q[0]): RDATA (rx_bufs) [159] frag 0x3c172850 ref 0 frags 0 (processing_data():157)[0m
[07:43:24.290] [1;32muart:~$ [m^[[1[12D[J[00:04:10.159,000] [0m<dbg> net_pkt.net_pkt_frag_unref_debug: (rx_q[0]): RDATA (rx_bufs) [159] frag 0x3c172850 ref 0 (net_pkt_unref_debug():612)[0m
[07:43:24.307] [1;32muart:~$ [m^[[1[12D[J[00:04:10.159,000] [0m<dbg> net_pkt.net_pkt_print: (rx_q[0]): TX 16 RX 40 RDATA 160 TDATA 80[0m
[07:43:24.324] [1;32muart:~$ [m^[[1[12D[J[00:04:11.187,000] [0m<dbg> net_pkt.net_pkt_read: (rx_q[0]): pkt 0x3c172ee0 data 0x3fcc36ae length 74[0m
[07:43:24.340] [1;32muart:~$ [m^[[1[12D[J[00:04:11.187,000] [0m<dbg> net_pkt.net_pkt_unref_debug: (rx_q[0]): TX [15] pkt 0x3c172ee0 ref 1 frags 0x3c15d4bc (ethernet_send():800)[0m
[07:43:24.357] [1;32muart:~$ [m^[[1[12D[J[00:04:11.187,000] [0m<dbg> net_pkt.net_pkt_unref_debug: (rx_q[0]): TX [15] pkt 0x3c172ee0 ref 0 frags 0x3c15d4bc (tcp_send():472)[0m
[07:43:24.373] [1;32muart:~$ [m^[[1[12D[J[00:04:11.187,000] [0m<dbg> net_pkt.net_pkt_unref_debug: (rx_q[0]): TDATA (tx_bufs) [78] frag 0x3c15d4bc ref 0 frags 0x3c15d4a0 (tcp_send():472)[0m
[07:43:24.390] [1;32muart:~$ [m^[[1[12D[J[00:04:11.187,000] [0m<dbg> net_pkt.net_pkt_unref_debug: (rx_q[0]): TDATA (tx_bufs) [78] frag 0x3c15d4a0 ref 0 frags 0 (tcp_send():472)[0m
[07:43:24.406] [1;32muart:~$ [m^[[1[12D[J[00:04:11.187,000] [0m<dbg> net_pkt.net_pkt_frag_unref_debug: (rx_q[0]): TDATA (tx_bufs) [78] frag 0x3c15d4bc ref 0 (net_pkt_unref_debug():612)[0m
[07:43:24.423] [1;32muart:~$ [m^[[1[12D[J[00:04:11.187,000] [0m<dbg> net_pkt.net_pkt_frag_unref_debug: (rx_q[0]): TDATA (tx_bufs) [79] frag 0x3c15d4a0 ref 0 (net_pkt_unref_debug():612)[0m
[07:43:24.439] [1;32muart:~$ [m^[[1[12D[J[00:04:11.187,000] [0m<dbg> net_pkt.net_pkt_print: (rx_q[0]): TX 16 RX 39 RDATA 159 TDATA 80[0m
[07:43:24.456] [1;32muart:~$ [m^[[1[12D[J[00:04:11.189,000] [0m<dbg> net_pkt.net_pkt_read: (llss_thread): pkt 0x3c173cf0 data 0x3c246e00 length 5[0m
[07:43:24.472] [1;32muart:~$ [m^[[1[12D[J[00:04:11.189,000] [0m<dbg> net_pkt.net_pkt_read: (llss_thread): pkt 0x3c173cf0 data 0x3c246e05 length 233[0m
[07:43:24.488] [1;32muart:~$ [m^[[1[12D[J[00:04:11.189,000] [0m<dbg> net_pkt.net_pkt_unref_debug: (llss_thread): RX [39] pkt 0x3c173cf0 ref 0 frags 0x3c172850 (zsock_recv_stream_immediate():1423)[0m
[07:43:24.505] [1;32muart:~$ [m^[[1[12D[J[00:04:11.189,000] [0m<dbg> net_pkt.net_pkt_unref_debug: (llss_thread): RDATA (rx_bufs) [159] frag 0x3c172850 ref 0 frags 0 (zsock_recv_stream_immediate():1423)[0m
[07:43:24.522] [1;32muart:~$ [m^[[1[12D[J[00:04:11.189,000] [0m<dbg> net_pkt.net_pkt_frag_unref_debug: (llss_thread): RDATA (rx_bufs) [159] frag 0x3c172850 ref 0 (net_pkt_unref_debug():612)[0m
[07:43:24.539] [1;32muart:~$ [m^[[1[12D[J[1;32muart:~$ [m^[[1[12D[J[1;32muart:~$ [m^[[1[12D[J[00:04:12.207,000] [0m<dbg> net_pkt.pkt_alloc_with_buffer: (wifi): On iface 1 (0x3fc9ea10) size 60[0m
[07:43:26.254] [1;32muart:~$ [m^[[1[12D[J[00:04:12.207,000] [0m<dbg> net_pkt.net_pkt_alloc_buffer_with_reserve_debug: (wifi): Data allocation maximum size 60 (requested 60, reserve 0)[0m
[07:43:26.271] [1;32muart:~$ [m^[[1[12D[J[00:04:12.207,000] [0m<dbg> net_pkt.pkt_alloc_buffer: (wifi): RDATA (rx_bufs) [159] frag 0x3c172850 ref 1 (eth_esp32_rx():153)[0m
[07:43:26.288] [1;32muart:~$ [m^[[1[12D[J[00:04:12.207,000] [0m<dbg> net_pkt.net_pkt_write: (wifi): pkt 0x3c173cf0 data 0x3c26f2aa length 60[0m
[07:43:26.304] [1;32muart:~$ [m^[[1[12D[J[00:04:12.207,000] [0m<dbg> net_pkt.net_pkt_unref_debug: (rx_q[0]): RX [39] pkt 0x3c173cf0 ref 0 frags 0x3c172850 (processing_data():157)[0m
[07:43:26.321] [1;32muart:~$ [m^[[1[12D[J[00:04:12.207,000] [0m<dbg> net_pkt.net_pkt_unref_debug: (rx_q[0]): RDATA (rx_bufs) [159] frag 0x3c172850 ref 0 frags 0 (processing_data():157)[0m
[07:43:26.338] [1;32muart:~$ [m^[[1[12D[J[00:04:12.207,000] [0m<dbg> net_pkt.net_pkt_frag_unref_debug: (rx_q[0]): RDATA (rx_bufs) [159] frag 0x3c172850 ref 0 (net_pkt_unref_debug():612)[0m
[07:43:26.354] [1;32muart:~$ [m^[[1[12D[J[00:04:12.207,000] [0m<dbg> net_pkt.net_pkt_print: (rx_q[0]): TX 16 RX 40 RDATA 160 TDATA 80[0m
[07:43:26.370] [1;32muart:~$ [m^[[1[12D[J[1;32muart:~$ [m^[[1[12D[J[1;32muart:~$ [m^[[1[12D[J[00:04:13.231,000] [0m<dbg> net_pkt.pkt_alloc_with_buffer: (wifi): On iface 1 (0x3fc9ea10) size 60[0m
[07:43:27.278] [1;32muart:~$ [m^[[1[12D[J[00:04:13.231,000] [0m<dbg> net_pkt.net_pkt_alloc_buffer_with_reserve_debug: (wifi): Data allocation maximum size 60 (requested 60, reserve 0)[0m
[07:43:27.295] [1;32muart:~$ [m^[[1[12D[J[00:04:13.231,000] [0m<dbg> net_pkt.pkt_alloc_buffer: (wifi): RDATA (rx_bufs) [159] frag 0x3c172850 ref 1 (eth_esp32_rx():153)[0m
[07:43:27.312] [1;32muart:~$ [m^[[1[12D[J[00:04:13.231,000] [0m<dbg> net_pkt.net_pkt_write: (wifi): pkt 0x3c173cf0 data 0x3c26f2aa length 60[0m
[07:43:27.328] [1;32muart:~$ [m^[[1[12D[J[00:04:13.231,000] [0m<dbg> net_pkt.net_pkt_unref_debug: (rx_q[0]): RX [39] pkt 0x3c173cf0 ref 0 frags 0x3c172850 (processing_data():157)[0m
[07:43:27.345] [1;32muart:~$ [m^[[1[12D[J[00:04:13.231,000] [0m<dbg> net_pkt.net_pkt_unref_debug: (rx_q[0]): RDATA (rx_bufs) [159] frag 0x3c172850 ref 0 frags 0 (processing_data():157)[0m
[07:43:27.362] [1;32muart:~$ [m^[[1[12D[J[00:04:13.231,000] [0m<dbg> net_pkt.net_pkt_frag_unref_debug: (rx_q[0]): RDATA (rx_bufs) [159] frag 0x3c172850 ref 0 (net_pkt_unref_debug():612)[0m
[07:43:27.379] [1;32muart:~$ [m^[[1[12D[J[00:04:13.231,000] [0m<dbg> net_pkt.net_pkt_print: (rx_q[0]): TX 16 RX 40 RDATA 160 TDATA 80[0m
[07:43:27.395] [1;32muart:~$ [m^[[1[12D[J[1;32muart:~$ [m^[[1[12D[J[1;32muart:~$ [m^[[1[12D[J[1;31m[1;31m--- 21 messages dropped ---
[07:43:27.487] [0m[m[00:04:14.435,000] [0m<dbg> net_pkt.net_pkt_write: (sysworkq): pkt 0x3c172ee0 data 0x3c1534a0 length 40[0m
[07:43:27.488] [1;32muart:~$ [m^[[1[12D[J[1;31m[1;31m--- 5 messages dropped ---
[07:43:27.504] [0m[m[00:04:14.435,000] [0m<dbg> net_pkt.net_pkt_skip: (sysworkq): pkt 0x3c172ee0 skip 40[0m
[07:43:27.505] [1;32muart:~$ [m^[[1[12D[J[00:04:14.435,000] [0m<dbg> net_pkt.net_pkt_skip: (sysworkq): pkt 0x3c172ee0 skip 8[0m
[07:43:27.521] [1;32muart:~$ [m^[[1[12D[J[00:04:14.436,000] [0m<dbg> net_pkt.net_pkt_skip: (sysworkq): pkt 0x3c172ee0 skip 32[0m
[07:43:27.538] [1;32muart:~$ [m^[[1[12D[J[00:04:14.436,000] [0m<dbg> net_pkt.net_pkt_write: (sysworkq): pkt 0x3c172ee0 data 0x3c1534c8 length 4[0m
[07:43:27.554] [1;32muart:~$ [m^[[1[12D[J[00:04:14.436,000] [0m<dbg> net_pkt.net_pkt_skip: (sysworkq): pkt 0x3c172ee0 skip 4[0m
[07:43:27.571] [1;32muart:~$ [m^[[1[12D[J[00:04:14.436,000] [0m<dbg> net_pkt.net_pkt_get_reserve_data_debug: (sysworkq): TDATA (tx_bufs) [78] frag 0x3c15d4bc ref 1 (ethernet_fill_header():610)[0m
[07:43:27.587] [1;32muart:~$ [m^[[1[12D[J[00:04:14.436,000] [0m<dbg> net_pkt.net_pkt_frag_insert_debug: (sysworkq): pkt 0x3c172ee0 frag 0x3c15d4bc (ethernet_fill_header:669)[0m
[07:43:27.604] [1;32muart:~$ [m^[[1[12D[J[00:04:14.436,000] [0m<dbg> net_pkt.net_pkt_frag_unref_debug: (sysworkq): TDATA (tx_bufs) [79] frag 0x3c15d4a0 ref 0 (net_pkt_unref_debug():612)[0m
[07:43:27.620] [1;32muart:~$ [m^[[1[12D[J[00:04:14.439,000] [0m<dbg> net_pkt.pkt_alloc_with_buffer: (wifi): On iface 1 (0x3fc9ea10) size 78[0m
[07:43:27.636] [1;32muart:~$ [m^[[1[12D[J[00:04:14.439,000] [0m<dbg> net_pkt.net_pkt_alloc_buffer_with_reserve_debug: (wifi): Data allocation maximum size 78 (requested 78, reserve 0)[0m
[07:43:27.653] [1;32muart:~$ [m^[[1[12D[J[00:04:14.439,000] [0m<dbg> net_pkt.pkt_alloc_buffer: (wifi): RDATA (rx_bufs) [159] frag 0x3c172850 ref 1 (eth_esp32_rx():153)[0m
[07:43:27.669] [1;32muart:~$ [m^[[1[12D[J[00:04:14.439,000] [0m<dbg> net_pkt.net_pkt_write: (wifi): pkt 0x3c173cf0 data 0x3c26f2ac length 78[0m
[07:43:27.685] [1;32muart:~$ [m^[[1[12D[J[00:04:14.440,000] [0m<dbg> net_pkt.net_pkt_skip: (rx_q[0]): pkt 0x3c173cf0 skip 40[0m
[07:43:27.701] [1;32muart:~$ [m^[[1[12D[J[00:04:14.440,000] [0m<dbg> net_pkt.net_pkt_skip: (rx_q[0]): pkt 0x3c173cf0 skip 8[0m
[07:43:27.718] [1;32muart:~$ [m^[[1[12D[J[00:04:14.440,000] [0m<dbg> net_pkt.net_pkt_skip: (rx_q[0]): pkt 0x3c173cf0 skip 32[0m
[07:43:27.734] [1;32muart:~$ [m^[[1[12D[J[00:04:14.440,000] [0m<dbg> net_pkt.net_pkt_skip: (rx_q[0]): pkt 0x3c173cf0 skip 4[0m
[07:43:27.750] [1;32muart:~$ [m^[[1[12D[J[00:04:14.440,000] [0m<dbg> net_pkt.net_pkt_unref_debug: (rx_q[0]): RX [39] pkt 0x3c173cf0 ref 0 frags 0x3c172850 (processing_data():157)[0m
[07:43:27.766] [1;32muart:~$ [m^[[1[12D[J[00:04:14.440,000] [0m<dbg> net_pkt.net_pkt_unref_debug: (rx_q[0]): RDATA (rx_bufs) [159] frag 0x3c172850 ref 0 frags 0 (processing_data():157)[0m
[07:43:27.783] [1;32muart:~$ [m^[[1[12D[J[00:04:14.440,000] [0m<dbg> net_pkt.net_pkt_frag_unref_debug: (rx_q[0]): RDATA (rx_bufs) [159] frag 0x3c172850 ref 0 (net_pkt_unref_debug():612)[0m
[07:43:27.799] [1;32muart:~$ [m^[[1[12D[J[00:04:14.440,000] [0m<dbg> net_pkt.net_pkt_print: (rx_q[0]): TX 16 RX 40 RDATA 160 TDATA 80[0m
[07:43:27.815] [1;32muart:~$ [m^[[1[12D[J[1;32muart:~$ [m^[[1[12D[J[1;32muart:~$ [m^[[1[12D[J[1;31m[1;31m--- 22 messages dropped ---
[07:43:28.488] [0m[m[00:04:15.437,000] [0m<dbg> net_pkt.net_pkt_skip: (sysworkq): pkt 0x3c172ee0 skip 40[0m
[07:43:28.489] [1;32muart:~$ [m^[[1[12D[J[1;31m[1;31m--- 4 messages dropped ---
[07:43:28.505] [0m[m[00:04:15.437,000] [0m<dbg> net_pkt.net_pkt_skip: (sysworkq): pkt 0x3c172ee0 skip 8[0m
[07:43:28.506] [1;32muart:~$ [m^[[1[12D[J[00:04:15.437,000] [0m<dbg> net_pkt.net_pkt_skip: (sysworkq): pkt 0x3c172ee0 skip 32[0m
[07:43:28.522] [1;32muart:~$ [m^[[1[12D[J[00:04:15.437,000] [0m<dbg> net_pkt.net_pkt_write: (sysworkq): pkt 0x3c172ee0 data 0x3c1534c8 length 4[0m
[07:43:28.539] [1;32muart:~$ [m^[[1[12D[J[00:04:15.437,000] [0m<dbg> net_pkt.net_pkt_skip: (sysworkq): pkt 0x3c172ee0 skip 4[0m
[07:43:28.555] [1;32muart:~$ [m^[[1[12D[J[00:04:15.437,000] [0m<dbg> net_pkt.net_pkt_get_reserve_data_debug: (sysworkq): TDATA (tx_bufs) [78] frag 0x3c15d4bc ref 1 (ethernet_fill_header():610)[0m
[07:43:28.572] [1;32muart:~$ [m^[[1[12D[J[00:04:15.437,000] [0m<dbg> net_pkt.net_pkt_frag_insert_debug: (sysworkq): pkt 0x3c172ee0 frag 0x3c15d4bc (ethernet_fill_header:669)[0m
[07:43:28.589] [1;32muart:~$ [m^[[1[12D[J[00:04:15.437,000] [0m<dbg> net_pkt.net_pkt_read: (sysworkq): pkt 0x3c172ee0 data 0x3fcc36ae length 86[0m
[07:43:28.605] [1;32muart:~$ [m^[[1[12D[J[00:04:15.438,000] [0m<dbg> net_pkt.net_pkt_frag_unref_debug: (sysworkq): TDATA (tx_bufs) [79] frag 0x3c15d4a0 ref 0 (net_pkt_unref_debug():612)[0m
[07:43:28.622] [1;32muart:~$ [m^[[1[12D[J[00:04:15.441,000] [0m<dbg> net_pkt.pkt_alloc_with_buffer: (wifi): On iface 1 (0x3fc9ea10) size 78[0m
[07:43:28.638] [1;32muart:~$ [m^[[1[12D[J[00:04:15.441,000] [0m<dbg> net_pkt.net_pkt_alloc_buffer_with_reserve_debug: (wifi): Data allocation maximum size 78 (requested 78, reserve 0)[0m
[07:43:28.655] [1;32muart:~$ [m^[[1[12D[J[00:04:15.441,000] [0m<dbg> net_pkt.pkt_alloc_buffer: (wifi): RDATA (rx_bufs) [159] frag 0x3c172850 ref 1 (eth_esp32_rx():153)[0m
[07:43:28.671] [1;32muart:~$ [m^[[1[12D[J[00:04:15.441,000] [0m<dbg> net_pkt.net_pkt_write: (wifi): pkt 0x3c173cf0 data 0x3c26f2ac length 78[0m
[07:43:28.687] [1;32muart:~$ [m^[[1[12D[J[00:04:15.441,000] [0m<dbg> net_pkt.net_pkt_skip: (rx_q[0]): pkt 0x3c173cf0 skip 40[0m
[07:43:28.704] [1;32muart:~$ [m^[[1[12D[J[00:04:15.441,000] [0m<dbg> net_pkt.net_pkt_skip: (rx_q[0]): pkt 0x3c173cf0 skip 8[0m
[07:43:28.720] [1;32muart:~$ [m^[[1[12D[J[00:04:15.441,000] [0m<dbg> net_pkt.net_pkt_skip: (rx_q[0]): pkt 0x3c173cf0 skip 32[0m
[07:43:28.736] [1;32muart:~$ [m^[[1[12D[J[00:04:15.441,000] [0m<dbg> net_pkt.net_pkt_skip: (rx_q[0]): pkt 0x3c173cf0 skip 4[0m
[07:43:28.752] [1;32muart:~$ [m^[[1[12D[J[00:04:15.442,000] [0m<dbg> net_pkt.net_pkt_unref_debug: (rx_q[0]): RX [39] pkt 0x3c173cf0 ref 0 frags 0x3c172850 (processing_data():157)[0m
[07:43:28.769] [1;32muart:~$ [m^[[1[12D[J[00:04:15.442,000] [0m<dbg> net_pkt.net_pkt_unref_debug: (rx_q[0]): RDATA (rx_bufs) [159] frag 0x3c172850 ref 0 frags 0 (processing_data():157)[0m
[07:43:28.785] [1;32muart:~$ [m^[[1[12D[J[00:04:15.442,000] [0m<dbg> net_pkt.net_pkt_frag_unref_debug: (rx_q[0]): RDATA (rx_bufs) [159] frag 0x3c172850 ref 0 (net_pkt_unref_debug():612)[0m
[07:43:28.802] [1;32muart:~$ [m^[[1[12D[J[00:04:15.442,000] [0m<dbg> net_pkt.net_pkt_print: (rx_q[0]): TX 16 RX 40 RDATA 160 TDATA 80[0m
[07:43:28.818] [1;32muart:~$ [m^[[1[12D[J[1;32muart:~$ [m^[[1[12D[J[1;32muart:~$ [m^[[1[12D[J[1;31m[1;31m--- 20 messages dropped ---
[07:43:29.245] [0m[m[00:04:16.194,000] [0m<dbg> net_pkt.net_pkt_ref_debug: (llss_thread): TX [14] pkt 0x3c172f28 ref 2 (tcp_send():424)[0m
[07:43:29.248] [1;32muart:~$ [m^[[1[12D[J[00:04:16.194,000] [0m<dbg> net_pkt.net_pkt_get_reserve_data_debug: (llss_thread): TDATA (tx_bufs) [76] frag 0x3c15d4f4 ref 1 (ethernet_fill_header():610)[0m
[07:43:29.265] [1;32muart:~$ [m^[[1[12D[J[1;31m[1;31m--- 68 messages dropped ---
[07:43:29.281] [0m[m[00:04:16.194,000] [0m<dbg> net_pkt.net_pkt_frag_insert_debug: (llss_thread): pkt 0x3c172f28 frag 0x3c15d4f4 (ethernet_fill_header:669)[0m
[07:43:29.282] [1;32muart:~$ [m^[[1[12D[J[00:04:16.194,000] [0m<dbg> net_pkt.net_pkt_read: (llss_thread): pkt 0x3c172f28 data 0x3fcc36ae length 295[0m
[07:43:29.299] [1;32muart:~$ [m^[[1[12D[J[00:04:16.195,000] [0m<dbg> net_pkt.net_pkt_unref_debug: (llss_thread): TX [14] pkt 0x3c172f28 ref 1 frags 0x3c15d4f4 (ethernet_send():800)[0m
[07:43:29.315] [1;32muart:~$ [m^[[1[12D[J[00:04:16.196,000] [0m<dbg> net_pkt.net_pkt_unref_debug: (llss_thread): TX [14] pkt 0x3c172f28 ref 0 frags 0x3c15d4f4 (tcp_send():472)[0m
[07:43:29.332] [1;32muart:~$ [m^[[1[12D[J[00:04:16.196,000] [0m<dbg> net_pkt.net_pkt_unref_debug: (llss_thread): TDATA (tx_bufs) [76] frag 0x3c15d4f4 ref 0 frags 0x3c15d4d8 (tcp_send():472)[0m
[07:43:29.349] [1;32muart:~$ [m^[[1[12D[J[00:04:16.196,000] [0m<dbg> net_pkt.net_pkt_unref_debug: (llss_thread): TDATA (tx_bufs) [76] frag 0x3c15d4d8 ref 0 frags 0x3c15d4bc (tcp_send():472)[0m
[07:43:29.366] [1;32muart:~$ [m^[[1[12D[J[00:04:16.217,000] [0m<dbg> net_pkt.net_pkt_skip: (rx_q[0]): pkt 0x3c173cf0 skip 32[0m
[07:43:29.382] [1;32muart:~$ [m^[[1[12D[J[00:04:16.217,000] [0m<dbg> net_pkt.net_pkt_write: (rx_q[0]): pkt 0x3c173cf0 data 0x3c16a596 length 20[0m
[07:43:29.399] [1;32muart:~$ [m^[[1[12D[J[00:04:16.217,000] [0m<dbg> net_pkt.net_pkt_skip: (rx_q[0]): pkt 0x3c173cf0 skip 20[0m
[07:43:29.415] [1;32muart:~$ [m^[[1[12D[J[00:04:16.217,000] [0m<dbg> net_pkt.net_pkt_skip: (rx_q[0]): pkt 0x3c173cf0 skip 40[0m
[07:43:29.431] [1;32muart:~$ [m^[[1[12D[J[00:04:16.217,000] [0m<dbg> net_pkt.net_pkt_skip: (rx_q[0]): pkt 0x3c173cf0 skip 40[0m
[07:43:29.447] [1;32muart:~$ [m^[[1[12D[J[00:04:16.217,000] [0m<dbg> net_pkt.net_pkt_skip: (rx_q[0]): pkt 0x3c173cf0 skip 40[0m
[07:43:29.463] [1;32muart:~$ [m^[[1[12D[J[00:04:16.217,000] [0m<dbg> net_pkt.net_pkt_skip: (rx_q[0]): pkt 0x3c173cf0 skip 40[0m
[07:43:29.479] [1;32muart:~$ [m^[[1[12D[J[1;31m[1;31m--- 14 messages dropped ---
[07:43:29.496] [0m[m[00:04:16.217,000] [0m<dbg> net_pkt.net_pkt_skip: (rx_q[0]): pkt 0x3c173cf0 skip 40[0m
[07:43:29.496] [1;32muart:~$ [m^[[1[12D[J[1;31m[1;31m--- 10 messages dropped ---
[07:43:29.512] [0m[m[00:04:16.217,000] [0m<dbg> net_pkt.net_pkt_unref_debug: (rx_q[0]): RX [39] pkt 0x3c173cf0 ref 0 frags 0x3c172850 (tcp_in():3635)[0m
[07:43:29.513] [1;32muart:~$ [m^[[1[12D[J[00:04:16.217,000] [0m<dbg> net_pkt.net_pkt_unref_debug: (rx_q[0]): RDATA (rx_bufs) [159] frag 0x3c172850 ref 0 frags 0 (tcp_in():3635)[0m
[07:43:29.530] [1;32muart:~$ [m^[[1[12D[J[00:04:16.217,000] [0m<dbg> net_pkt.net_pkt_frag_unref_debug: (rx_q[0]): RDATA (rx_bufs) [159] frag 0x3c172850 ref 0 (net_pkt_unref_debug():612)[0m
[07:43:29.547] [1;32muart:~$ [m^[[1[12D[J[00:04:16.218,000] [0m<dbg> net_pkt.net_pkt_print: (rx_q[0]): TX 16 RX 40 RDATA 160 TDATA 80[0m
[07:43:29.564] [1;32muart:~$ [m^[[1[12D[J[00:04:16.438,000] [0m<dbg> net_pkt.net_pkt_skip: (sysworkq): pkt 0x3c172ee0 skip 40[0m
[07:43:29.580] [1;32muart:~$ [m^[[1[12D[J[00:04:16.439,000] [0m<dbg> net_pkt.net_pkt_skip: (sysworkq): pkt 0x3c172ee0 skip 8[0m
[07:43:29.596] [1;32muart:~$ [m^[[1[12D[J[00:04:16.439,000] [0m<dbg> net_pkt.net_pkt_skip: (sysworkq): pkt 0x3c172ee0 skip 32[0m
[07:43:29.612] [1;32muart:~$ [m^[[1[12D[J[00:04:16.442,000] [0m<dbg> net_pkt.pkt_alloc_with_buffer: (wifi): On iface 1 (0x3fc9ea10) size 78[0m
[07:43:29.628] [1;32muart:~$ [m^[[1[12D[J[00:04:16.442,000] [0m<dbg> net_pkt.net_pkt_alloc_buffer_with_reserve_debug: (wifi): Data allocation maximum size 78 (requested 78, reserve 0)[0m
[07:43:29.645] [1;32muart:~$ [m^[[1[12D[J[00:04:16.442,000] [0m<dbg> net_pkt.pkt_alloc_buffer: (wifi): RDATA (rx_bufs) [159] frag 0x3c172850 ref 1 (eth_esp32_rx():153)[0m
[07:43:29.661] [1;32muart:~$ [m^[[1[12D[J[00:04:16.442,000] [0m<dbg> net_pkt.net_pkt_write: (wifi): pkt 0x3c173cf0 data 0x3c26f2ac length 78[0m
[07:43:29.678] [1;32muart:~$ [m^[[1[12D[J[00:04:16.443,000] [0m<dbg> net_pkt.net_pkt_skip: (rx_q[0]): pkt 0x3c173cf0 skip 40[0m
[07:43:29.694] [1;32muart:~$ [m^[[1[12D[J[00:04:16.443,000] [0m<dbg> net_pkt.net_pkt_skip: (rx_q[0]): pkt 0x3c173cf0 skip 8[0m
[07:43:29.710] [1;32muart:~$ [m^[[1[12D[J[00:04:16.443,000] [0m<dbg> net_pkt.net_pkt_skip: (rx_q[0]): pkt 0x3c173cf0 skip 32[0m
[07:43:29.726] [1;32muart:~$ [m^[[1[12D[J[00:04:16.443,000] [0m<dbg> net_pkt.net_pkt_skip: (rx_q[0]): pkt 0x3c173cf0 skip 4[0m
[07:43:29.742] [1;32muart:~$ [m^[[1[12D[J[00:04:16.443,000] [0m<dbg> net_pkt.net_pkt_unref_debug: (rx_q[0]): RX [39] pkt 0x3c173cf0 ref 0 frags 0x3c172850 (processing_data():157)[0m
[07:43:29.759] [1;32muart:~$ [m^[[1[12D[J[00:04:16.443,000] [0m<dbg> net_pkt.net_pkt_unref_debug: (rx_q[0]): RDATA (rx_bufs) [159] frag 0x3c172850 ref 0 frags 0 (processing_data():157)[0m
[07:43:29.775] [1;32muart:~$ [m^[[1[12D[J[00:04:16.443,000] [0m<dbg> net_pkt.net_pkt_frag_unref_debug: (rx_q[0]): RDATA (rx_bufs) [159] frag 0x3c172850 ref 0 (net_pkt_unref_debug():612)[0m
[07:43:29.792] [1;32muart:~$ [m^[[1[12D[J[00:04:16.443,000] [0m<dbg> net_pkt.net_pkt_print: (rx_q[0]): TX 16 RX 40 RDATA 160 TDATA 80[0m
[07:43:29.808] [1;32muart:~$ [m^[[1[12D[J[1;32muart:~$ [m^[[1[12D[J[1;32muart:~$ [m^[[1[12D[J[1;31m[1;31m--- 85 messages dropped ---
[07:43:30.999] [0m[m[00:04:17.945,000] [0m<dbg> net_pkt.net_pkt_read: (rx_q[0]): pkt 0x3c172f28 data 0x3fcc36ae length 86[0m
[07:43:31.000] [1;32muart:~$ [m^[[1[12D[J[00:04:17.951,000] [0m<dbg> net_pkt.net_pkt_get_reserve_data_debug: (rx_q[0]): TDATA (tx_bufs) [78] frag 0x3c15d4bc ref 1 (ethernet_fill_header():610)[0m
[07:43:31.017] [1;32muart:~$ [m^[[1[12D[J[00:04:17.951,000] [0m<dbg> net_pkt.net_pkt_frag_insert_debug: (rx_q[0]): pkt 0x3c172ee0 frag 0x3c15d4bc (ethernet_fill_header:669)[0m
[07:43:31.034] [1;32muart:~$ [m^[[1[12D[J[00:04:17.951,000] [0m<dbg> net_pkt.net_pkt_unref_debug: (rx_q[0]): TX [15] pkt 0x3c172ee0 ref 1 frags 0x3c15d4bc (ethernet_send():800)[0m
[07:43:31.051] [1;32muart:~$ [m^[[1[12D[J[00:04:17.951,000] [0m<dbg> net_pkt.net_pkt_unref_debug: (rx_q[0]): TX [15] pkt 0x3c172ee0 ref 0 frags 0x3c15d4bc (handle_na_neighbor():1896)[0m
[07:43:31.068] [1;32muart:~$ [m^[[1[12D[J[00:04:17.951,000] [0m<dbg> net_pkt.net_pkt_unref_debug: (rx_q[0]): TDATA (tx_bufs) [78] frag 0x3c15d4bc ref 0 frags 0x3c15d4a0 (handle_na_neighbor():1896)[0m
[07:43:31.085] [1;32muart:~$ [m^[[1[12D[J[00:04:17.951,000] [0m<dbg> net_pkt.net_pkt_unref_debug: (rx_q[0]): TDATA (tx_bufs) [78] frag 0x3c15d4a0 ref 0 frags 0 (handle_na_neighbor():1896)[0m
[07:43:31.102] [1;32muart:~$ [m^[[1[12D[J[00:04:17.951,000] [0m<dbg> net_pkt.net_pkt_frag_unref_debug: (rx_q[0]): TDATA (tx_bufs) [78] frag 0x3c15d4bc ref 0 (net_pkt_unref_debug():612)[0m
[07:43:31.118] [1;32muart:~$ [m^[[1[12D[J[00:04:17.951,000] [0m<dbg> net_pkt.net_pkt_frag_unref_debug: (rx_q[0]): TDATA (tx_bufs) [79] frag 0x3c15d4a0 ref 0 (net_pkt_unref_debug():612)[0m
[07:43:31.135] [1;32muart:~$ [m^[[1[12D[J[00:04:17.951,000] [0m<dbg> net_pkt.net_pkt_unref_debug: (rx_q[0]): RX [39] pkt 0x3c173cf0 ref 0 frags 0x3c172850 (net_icmpv6_input():408)[0m
[07:43:31.151] [1;32muart:~$ [m^[[1[12D[J[00:04:17.951,000] [0m<dbg> net_pkt.net_pkt_unref_debug: (rx_q[0]): RDATA (rx_bufs) [159] frag 0x3c172850 ref 0 frags 0 (net_icmpv6_input():408)[0m
[07:43:31.168] [1;32muart:~$ [m^[[1[12D[J[00:04:17.951,000] [0m<dbg> net_pkt.net_pkt_frag_unref_debug: (rx_q[0]): RDATA (rx_bufs) [159] frag 0x3c172850 ref 0 (net_pkt_unref_debug():612)[0m
[07:43:31.184] [1;32muart:~$ [m^[[1[12D[J[00:04:17.951,000] [0m<dbg> net_pkt.net_pkt_print: (rx_q[0]): TX 16 RX 40 RDATA 160 TDATA 80[0m
[07:43:31.201] [1;32muart:~$ [m^[[1[12D[J[1;32muart:~$ [m^[[1[12D[J[1;32muart:~$ [m^[[1[12D[J[00:04:18.351,000] [0m<dbg> net_pkt.pkt_alloc_with_buffer: (wifi): On iface 1 (0x3fc9ea10) size 60[0m
[07:43:32.398] [1;32muart:~$ [m^[[1[12D[J[00:04:18.351,000] [0m<dbg> net_pkt.net_pkt_alloc_buffer_with_reserve_debug: (wifi): Data allocation maximum size 60 (requested 60, reserve 0)[0m
[07:43:32.415] [1;32muart:~$ [m^[[1[12D[J[00:04:18.351,000] [0m<dbg> net_pkt.pkt_alloc_buffer: (wifi): RDATA (rx_bufs) [159] frag 0x3c172850 ref 1 (eth_esp32_rx():153)[0m
[07:43:32.432] [1;32muart:~$ [m^[[1[12D[J[00:04:18.351,000] [0m<dbg> net_pkt.net_pkt_write: (wifi): pkt 0x3c173cf0 data 0x3c26f2aa length 60[0m
[07:43:32.448] [1;32muart:~$ [m^[[1[12D[J[00:04:18.351,000] [0m<dbg> net_pkt.net_pkt_unref_debug: (rx_q[0]): RX [39] pkt 0x3c173cf0 ref 0 frags 0x3c172850 (processing_data():157)[0m
[07:43:32.465] [1;32muart:~$ [m^[[1[12D[J[00:04:18.351,000] [0m<dbg> net_pkt.net_pkt_unref_debug: (rx_q[0]): RDATA (rx_bufs) [159] frag 0x3c172850 ref 0 frags 0 (processing_data():157)[0m
[07:43:32.481] [1;32muart:~$ [m^[[1[12D[J[00:04:18.351,000] [0m<dbg> net_pkt.net_pkt_frag_unref_debug: (rx_q[0]): RDATA (rx_bufs) [159] frag 0x3c172850 ref 0 (net_pkt_unref_debug():612)[0m
[07:43:32.498] [1;32muart:~$ [m^[[1[12D[J[00:04:18.351,000] [0m<dbg> net_pkt.net_pkt_print: (rx_q[0]): TX 16 RX 40 RDATA 160 TDATA 80[0m
[07:43:32.514] [1;32muart:~$ [m^[[1[12D[J[1;32muart:~$ [m^[[1[12D[J[1;32muart:~$ [m^[[1[12D[J[1;31m[1;31m--- 39 messages dropped ---
[07:43:33.040] [0m[m[00:04:19.992,000] [0m<dbg> net_pkt.net_pkt_skip: (rx_q[0]): pkt 0x3c172ee0 skip 4[0m
[07:43:33.041] [1;32muart:~$ [m^[[1[12D[J[00:04:19.992,000] [0m<dbg> net_pkt.net_pkt_get_reserve_data_debug: (rx_q[0]): TDATA (tx_bufs) [78] frag 0x3c15d4bc ref 1 (ethernet_fill_header():610)[0m
[07:43:33.058] [1;32muart:~$ [m^[[1[12D[J[00:04:19.992,000] [0m<dbg> net_pkt.net_pkt_frag_insert_debug: (rx_q[0]): pkt 0x3c172ee0 frag 0x3c15d4bc (ethernet_fill_header:669)[0m
[07:43:33.074] [1;32muart:~$ [m^[[1[12D[J[00:04:19.992,000] [0m<dbg> net_pkt.net_pkt_read: (rx_q[0]): pkt 0x3c172ee0 data 0x3fcc36ae length 86[0m
[07:43:33.090] [1;32muart:~$ [m^[[1[12D[J[00:04:19.992,000] [0m<dbg> net_pkt.net_pkt_unref_debug: (rx_q[0]): TX [15] pkt 0x3c172ee0 ref 0 frags 0x3c15d4bc (ethernet_send():800)[0m
[07:43:33.107] [1;32muart:~$ [m^[[1[12D[J[00:04:19.992,000] [0m<dbg> net_pkt.net_pkt_unref_debug: (rx_q[0]): TDATA (tx_bufs) [78] frag 0x3c15d4bc ref 0 frags 0x3c15d4a0 (ethernet_send():800)[0m
[07:43:33.124] [1;32muart:~$ [m^[[1[12D[J[00:04:19.992,000] [0m<dbg> net_pkt.net_pkt_unref_debug: (rx_q[0]): TDATA (tx_bufs) [78] frag 0x3c15d4a0 ref 0 frags 0 (ethernet_send():800)[0m
[07:43:33.140] [1;32muart:~$ [m^[[1[12D[J[00:04:19.992,000] [0m<dbg> net_pkt.net_pkt_frag_unref_debug: (rx_q[0]): TDATA (tx_bufs) [78] frag 0x3c15d4bc ref 0 (net_pkt_unref_debug():612)[0m
[07:43:33.157] [1;32muart:~$ [m^[[1[12D[J[00:04:19.992,000] [0m<dbg> net_pkt.net_pkt_frag_unref_debug: (rx_q[0]): TDATA (tx_bufs) [79] frag 0x3c15d4a0 ref 0 (net_pkt_unref_debug():612)[0m
[07:43:33.173] [1;32muart:~$ [m^[[1[12D[J[00:04:19.992,000] [0m<dbg> net_pkt.net_pkt_unref_debug: (rx_q[0]): RX [39] pkt 0x3c173cf0 ref 0 frags 0x3c172850 (net_icmpv6_input():408)[0m
[07:43:33.190] [1;32muart:~$ [m^[[1[12D[J[00:04:19.992,000] [0m<dbg> net_pkt.net_pkt_unref_debug: (rx_q[0]): RDATA (rx_bufs) [159] frag 0x3c172850 ref 0 frags 0 (net_icmpv6_input():408)[0m
[07:43:33.206] [1;32muart:~$ [m^[[1[12D[J[00:04:19.992,000] [0m<dbg> net_pkt.net_pkt_frag_unref_debug: (rx_q[0]): RDATA (rx_bufs) [159] frag 0x3c172850 ref 0 (net_pkt_unref_debug():612)[0m
[07:43:33.223] [1;32muart:~$ [m^[[1[12D[J[00:04:19.992,000] [0m<dbg> net_pkt.net_pkt_print: (rx_q[0]): TX 16 RX 40 RDATA 160 TDATA 80[0m
[07:43:33.242] [1;32muart:~$ [m^[[1[12D[J[1;32muart:~$ [m^[[1[12D[J[1;32muart:~$ [m^[[1[12D[J[00:04:20.194,000] [0m<dbg> net_pkt.pkt_alloc_with_buffer: (wifi): On iface 1 (0x3fc9ea10) size 60[0m
[07:43:34.242] [1;32muart:~$ [m^[[1[12D[J[00:04:20.194,000] [0m<dbg> net_pkt.net_pkt_alloc_buffer_with_reserve_debug: (wifi): Data allocation maximum size 60 (requested 60, reserve 0)[0m
[07:43:34.259] [1;32muart:~$ [m^[[1[12D[J[00:04:20.194,000] [0m<dbg> net_pkt.pkt_alloc_buffer: (wifi): RDATA (rx_bufs) [159] frag 0x3c172850 ref 1 (eth_esp32_rx():153)[0m
[07:43:34.275] [1;32muart:~$ [m^[[1[12D[J[00:04:20.194,000] [0m<dbg> net_pkt.net_pkt_write: (wifi): pkt 0x3c173cf0 data 0x3c26f2aa length 60[0m
[07:43:34.292] [1;32muart:~$ [m^[[1[12D[J[00:04:20.195,000] [0m<dbg> net_pkt.net_pkt_unref_debug: (rx_q[0]): RX [39] pkt 0x3c173cf0 ref 0 frags 0x3c172850 (processing_data():157)[0m
[07:43:34.308] [1;32muart:~$ [m^[[1[12D[J[00:04:20.195,000] [0m<dbg> net_pkt.net_pkt_unref_debug: (rx_q[0]): RDATA (rx_bufs) [159] frag 0x3c172850 ref 0 frags 0 (processing_data():157)[0m
[07:43:34.325] [1;32muart:~$ [m^[[1[12D[J[00:04:20.195,000] [0m<dbg> net_pkt.net_pkt_frag_unref_debug: (rx_q[0]): RDATA (rx_bufs) [159] frag 0x3c172850 ref 0 (net_pkt_unref_debug():612)[0m
[07:43:34.342] [1;32muart:~$ [m^[[1[12D[J[00:04:20.195,000] [0m<dbg> net_pkt.net_pkt_print: (rx_q[0]): TX 16 RX 40 RDATA 160 TDATA 80[0m
[07:43:34.358] [1;32muart:~$ [m^[[1[12D[J[1;32muart:~$ [m^[[1[12D[J[1;32muart:~$ [m^[[1[12D[J[00:04:21.219,000] [0m<dbg> net_pkt.pkt_alloc_with_buffer: (wifi): On iface 1 (0x3fc9ea10) size 60[0m
[07:43:35.266] [1;32muart:~$ [m^[[1[12D[J[00:04:21.219,000] [0m<dbg> net_pkt.net_pkt_alloc_buffer_with_reserve_debug: (wifi): Data allocation maximum size 60 (requested 60, reserve 0)[0m
[07:43:35.283] [1;32muart:~$ [m^[[1[12D[J[00:04:21.219,000] [0m<dbg> net_pkt.pkt_alloc_buffer: (wifi): RDATA (rx_bufs) [159] frag 0x3c172850 ref 1 (eth_esp32_rx():153)[0m
[07:43:35.300] [1;32muart:~$ [m^[[1[12D[J[00:04:21.219,000] [0m<dbg> net_pkt.net_pkt_write: (wifi): pkt 0x3c173cf0 data 0x3c26f2aa length 60[0m
[07:43:35.316] [1;32muart:~$ [m^[[1[12D[J[00:04:21.219,000] [0m<dbg> net_pkt.net_pkt_unref_debug: (rx_q[0]): RX [39] pkt 0x3c173cf0 ref 0 frags 0x3c172850 (processing_data():157)[0m
[07:43:35.333] [1;32muart:~$ [m^[[1[12D[J[00:04:21.219,000] [0m<dbg> net_pkt.net_pkt_unref_debug: (rx_q[0]): RDATA (rx_bufs) [159] frag 0x3c172850 ref 0 frags 0 (processing_data():157)[0m
[07:43:35.350] [1;32muart:~$ [m^[[1[12D[J[00:04:21.219,000] [0m<dbg> net_pkt.net_pkt_frag_unref_debug: (rx_q[0]): RDATA (rx_bufs) [159] frag 0x3c172850 ref 0 (net_pkt_unref_debug():612)[0m
[07:43:35.366] [1;32muart:~$ [m^[[1[12D[J[00:04:21.219,000] [0m<dbg> net_pkt.net_pkt_print: (rx_q[0]): TX 16 RX 40 RDATA 160 TDATA 80[0m
[07:43:35.382] [1;32muart:~$ [m^[[1[12D[J[1;32muart:~$ [m^[[1[12D[J[1;32muart:~$ [m^[[1[12D[J[1;31m[1;31m--- 95 messages dropped ---
[07:43:36.010] [0m[m[00:04:22.961,000] [0m<dbg> net_pkt.net_pkt_write: (wifi): pkt 0x3c173cf0 data 0x3c26f2ac length 74[0m
[07:43:36.011] [1;32muart:~$ [m^[[1[12D[J[00:04:22.962,000] [0m<dbg> net_pkt.net_pkt_skip: (rx_q[0]): pkt 0x3c173cf0 skip 40[0m
[07:43:36.027] [1;32muart:~$ [m^[[1[12D[J[00:04:22.962,000] [0m<dbg> net_pkt.net_pkt_skip: (rx_q[0]): pkt 0x3c173cf0 skip 8[0m
[07:43:36.043] [1;32muart:~$ [m^[[1[12D[J[00:04:22.962,000] [0m<dbg> net_pkt.net_pkt_skip: (rx_q[0]): pkt 0x3c173cf0 skip 32[0m
[07:43:36.060] [1;32muart:~$ [m^[[1[12D[J[00:04:22.962,000] [0m<dbg> net_pkt.net_pkt_write: (rx_q[0]): pkt 0x3c173cf0 data 0x3c16a596 length 20[0m
[07:43:36.077] [1;32muart:~$ [m^[[1[12D[J[00:04:22.962,000] [0m<dbg> net_pkt.net_pkt_skip: (rx_q[0]): pkt 0x3c173cf0 skip 20[0m
[07:43:36.093] [1;32muart:~$ [m^[[1[12D[J[00:04:22.962,000] [0m<dbg> net_pkt.net_pkt_skip: (rx_q[0]): pkt 0x3c173cf0 skip 40[0m
[07:43:36.110] [1;32muart:~$ [m^[[1[12D[J[00:04:22.962,000] [0m<dbg> net_pkt.net_pkt_skip: (rx_q[0]): pkt 0x3c173cf0 skip 40[0m
[07:43:36.126] [1;32muart:~$ [m^[[1[12D[J[00:04:22.962,000] [0m<dbg> net_pkt.net_pkt_skip: (rx_q[0]): pkt 0x3c173cf0 skip 40[0m
[07:43:36.142] [1;32muart:~$ [m^[[1[12D[J[00:04:22.962,000] [0m<dbg> net_pkt.net_pkt_skip: (rx_q[0]): pkt 0x3c173cf0 skip 40[0m
[07:43:36.158] [1;32muart:~$ [m^[[1[12D[J[00:04:22.962,000] [0m<dbg> net_pkt.net_pkt_skip: (rx_q[0]): pkt 0x3c173cf0 skip 40[0m
[07:43:36.174] [1;32muart:~$ [m^[[1[12D[J[00:04:22.962,000] [0m<dbg> net_pkt.net_pkt_unref_debug: (rx_q[0]): RX [39] pkt 0x3c173cf0 ref 0 frags 0x3c172850 (tcp_in():3635)[0m
[07:43:36.191] [1;32muart:~$ [m^[[1[12D[J[00:04:22.962,000] [0m<dbg> net_pkt.net_pkt_unref_debug: (rx_q[0]): RDATA (rx_bufs) [159] frag 0x3c172850 ref 0 frags 0 (tcp_in():3635)[0m
[07:43:36.207] [1;32muart:~$ [m^[[1[12D[J[00:04:22.962,000] [0m<dbg> net_pkt.net_pkt_frag_unref_debug: (rx_q[0]): RDATA (rx_bufs) [159] frag 0x3c172850 ref 0 (net_pkt_unref_debug():612)[0m
[07:43:36.224] [1;32muart:~$ [m^[[1[12D[J[00:04:22.962,000] [0m<dbg> net_pkt.net_pkt_print: (rx_q[0]): TX 16 RX 40 RDATA 160 TDATA 80[0m
[07:43:36.240] [1;32muart:~$ [m^[[1[12D[J[1;32muart:~$ [m^[[1[12D[J[1;32muart:~$ [m^[[1[12D[J[00:04:23.266,000] [0m<dbg> net_pkt.pkt_alloc_with_buffer: (wifi): On iface 1 (0x3fc9ea10) size 60[0m
[07:43:37.314] [1;32muart:~$ [m^[[1[12D[J[00:04:23.266,000] [0m<dbg> net_pkt.net_pkt_alloc_buffer_with_reserve_debug: (wifi): Data allocation maximum size 60 (requested 60, reserve 0)[0m
[07:43:37.330] [1;32muart:~$ [m^[[1[12D[J[00:04:23.266,000] [0m<dbg> net_pkt.pkt_alloc_buffer: (wifi): RDATA (rx_bufs) [159] frag 0x3c172850 ref 1 (eth_esp32_rx():153)[0m
[07:43:37.347] [1;32muart:~$ [m^[[1[12D[J[00:04:23.266,000] [0m<dbg> net_pkt.net_pkt_write: (wifi): pkt 0x3c173cf0 data 0x3c26f2aa length 60[0m
[07:43:37.364] [1;32muart:~$ [m^[[1[12D[J[00:04:23.267,000] [0m<dbg> net_pkt.net_pkt_unref_debug: (rx_q[0]): RX [39] pkt 0x3c173cf0 ref 0 frags 0x3c172850 (processing_data():157)[0m
[07:43:37.380] [1;32muart:~$ [m^[[1[12D[J[00:04:23.267,000] [0m<dbg> net_pkt.net_pkt_unref_debug: (rx_q[0]): RDATA (rx_bufs) [159] frag 0x3c172850 ref 0 frags 0 (processing_data():157)[0m
[07:43:37.396] [1;32muart:~$ [m^[[1[12D[J[00:04:23.267,000] [0m<dbg> net_pkt.net_pkt_frag_unref_debug: (rx_q[0]): RDATA (rx_bufs) [159] frag 0x3c172850 ref 0 (net_pkt_unref_debug():612)[0m
[07:43:37.413] [1;32muart:~$ [m^[[1[12D[J[00:04:23.267,000] [0m<dbg> net_pkt.net_pkt_print: (rx_q[0]): TX 16 RX 40 RDATA 160 TDATA 80[0m
[07:43:37.429] [1;32muart:~$ [m^[[1[12D[J[1;32muart:~$ [m^[[1[12D[J[1;32muart:~$ [m^[[1[12D[J[1;31m[1;31m--- 40 messages dropped ---
[07:43:37.857] [0m[m[00:04:24.806,000] [0m<dbg> net_pkt.net_pkt_read: (rx_q[0]): pkt 0x3c172ee0 data 0x3fcc36ae length 74[0m
[07:43:37.858] [1;32muart:~$ [m^[[1[12D[J[00:04:24.806,000] [0m<dbg> net_pkt.net_pkt_unref_debug: (rx_q[0]): TX [15] pkt 0x3c172ee0 ref 1 frags 0x3c15d4bc (ethernet_send():800)[0m
[07:43:37.874] [1;32muart:~$ [m^[[1[12D[J[00:04:24.806,000] [0m<dbg> net_pkt.net_pkt_unref_debug: (rx_q[0]): TX [15] pkt 0x3c172ee0 ref 0 frags 0x3c15d4bc (tcp_send():472)[0m
[07:43:37.891] [1;32muart:~$ [m^[[1[12D[J[00:04:24.806,000] [0m<dbg> net_pkt.net_pkt_unref_debug: (rx_q[0]): TDATA (tx_bufs) [78] frag 0x3c15d4bc ref 0 frags 0x3c15d4a0 (tcp_send():472)[0m
[07:43:37.908] [1;32muart:~$ [m^[[1[12D[J[00:04:24.806,000] [0m<dbg> net_pkt.net_pkt_unref_debug: (rx_q[0]): TDATA (tx_bufs) [78] frag 0x3c15d4a0 ref 0 frags 0 (tcp_send():472)[0m
[07:43:37.925] [1;32muart:~$ [m^[[1[12D[J[00:04:24.806,000] [0m<dbg> net_pkt.net_pkt_frag_unref_debug: (rx_q[0]): TDATA (tx_bufs) [78] frag 0x3c15d4bc ref 0 (net_pkt_unref_debug():612)[0m
[07:43:37.941] [1;32muart:~$ [m^[[1[12D[J[00:04:24.806,000] [0m<dbg> net_pkt.net_pkt_frag_unref_debug: (rx_q[0]): TDATA (tx_bufs) [79] frag 0x3c15d4a0 ref 0 (net_pkt_unref_debug():612)[0m
[07:43:37.958] [1;32muart:~$ [m^[[1[12D[J[00:04:24.806,000] [0m<dbg> net_pkt.net_pkt_print: (rx_q[0]): TX 16 RX 39 RDATA 159 TDATA 80[0m
[07:43:37.975] [1;32muart:~$ [m^[[1[12D[J[00:04:24.807,000] [0m<dbg> net_pkt.net_pkt_read: (llss_thread): pkt 0x3c173cf0 data 0x3c246e00 length 5[0m
[07:43:37.991] [1;32muart:~$ [m^[[1[12D[J[00:04:24.807,000] [0m<dbg> net_pkt.net_pkt_read: (llss_thread): pkt 0x3c173cf0 data 0x3c246e05 length 233[0m
[07:43:38.008] [1;32muart:~$ [m^[[1[12D[J[00:04:24.807,000] [0m<dbg> net_pkt.net_pkt_unref_debug: (llss_thread): RX [39] pkt 0x3c173cf0 ref 0 frags 0x3c172850 (zsock_recv_stream_immediate():1423)[0m
[07:43:38.024] [1;32muart:~$ [m^[[1[12D[J[00:04:24.807,000] [0m<dbg> net_pkt.net_pkt_unref_debug: (llss_thread): RDATA (rx_bufs) [159] frag 0x3c172850 ref 0 frags 0 (zsock_recv_stream_immediate():1423)[0m
[07:43:38.041] [1;32muart:~$ [m^[[1[12D[J[00:04:24.808,000] [0m<dbg> net_pkt.net_pkt_frag_unref_debug: (llss_thread): RDATA (rx_bufs) [159] frag 0x3c172850 ref 0 (net_pkt_unref_debug():612)[0m
[07:43:38.058] [1;32muart:~$ [m^[[1[12D[J[1;32muart:~$ [m^[[1[12D[J[1;32muart:~$ [m^[[1[12D[J[1;31m[1;31m--- 2 messages dropped ---
[07:43:39.181] [0m[m[00:04:25.314,000] [0m<dbg> net_pkt.pkt_alloc_buffer: (wifi): RDATA (rx_bufs) [159] frag 0x3c172850 ref 1 (eth_esp32_rx():153)[0m
[07:43:39.182] [1;32muart:~$ [m^[[1[12D[J[00:04:25.314,000] [0m<dbg> net_pkt.net_pkt_write: (wifi): pkt 0x3c173cf0 data 0x3c26f2aa length 60[0m
[07:43:39.198] [1;32muart:~$ [m^[[1[12D[J[00:04:25.314,000] [0m<dbg> net_pkt.net_pkt_unref_debug: (rx_q[0]): RX [39] pkt 0x3c173cf0 ref 0 frags 0x3c172850 (processing_data():157)[0m
[07:43:39.215] [1;32muart:~$ [m^[[1[12D[J[00:04:25.314,000] [0m<dbg> net_pkt.net_pkt_unref_debug: (rx_q[0]): RDATA (rx_bufs) [159] frag 0x3c172850 ref 0 frags 0 (processing_data():157)[0m
[07:43:39.232] [1;32muart:~$ [m^[[1[12D[J[00:04:25.314,000] [0m<dbg> net_pkt.net_pkt_frag_unref_debug: (rx_q[0]): RDATA (rx_bufs) [159] frag 0x3c172850 ref 0 (net_pkt_unref_debug():612)[0m
[07:43:39.248] [1;32muart:~$ [m^[[1[12D[J[00:04:25.315,000] [0m<dbg> net_pkt.net_pkt_print: (rx_q[0]): TX 16 RX 40 RDATA 160 TDATA 80[0m
[07:43:39.264] [1;32muart:~$ [m^[[1[12D[J[00:04:26.133,000] [0m<dbg> net_pkt.pkt_alloc_with_buffer: (wifi): On iface 1 (0x3fc9ea10) size 60[0m
[07:43:39.280] [1;32muart:~$ [m^[[1[12D[J[00:04:26.133,000] [0m<dbg> net_pkt.net_pkt_alloc_buffer_with_reserve_debug: (wifi): Data allocation maximum size 60 (requested 60, reserve 0)[0m
[07:43:39.297] [1;32muart:~$ [m^[[1[12D[J[00:04:26.134,000] [0m<dbg> net_pkt.pkt_alloc_buffer: (wifi): RDATA (rx_bufs) [159] frag 0x3c172850 ref 1 (eth_esp32_rx():153)[0m
[07:43:39.313] [1;32muart:~$ [m^[[1[12D[J[00:04:26.134,000] [0m<dbg> net_pkt.net_pkt_write: (wifi): pkt 0x3c173cf0 data 0x3c26f2aa length 60[0m
[07:43:39.330] [1;32muart:~$ [m^[[1[12D[J[00:04:26.134,000] [0m<dbg> net_pkt.net_pkt_unref_debug: (rx_q[0]): RX [39] pkt 0x3c173cf0 ref 0 frags 0x3c172850 (processing_data():157)[0m
[07:43:39.347] [1;32muart:~$ [m^[[1[12D[J[00:04:26.134,000] [0m<dbg> net_pkt.net_pkt_unref_debug: (rx_q[0]): RDATA (rx_bufs) [159] frag 0x3c172850 ref 0 frags 0 (processing_data():157)[0m
[07:43:39.363] [1;32muart:~$ [m^[[1[12D[J[00:04:26.134,000] [0m<dbg> net_pkt.net_pkt_frag_unref_debug: (rx_q[0]): RDATA (rx_bufs) [159] frag 0x3c172850 ref 0 (net_pkt_unref_debug():612)[0m
[07:43:39.381] [1;32muart:~$ [m^[[1[12D[J[00:04:26.134,000] [0m<dbg> net_pkt.net_pkt_print: (rx_q[0]): TX 16 RX 40 RDATA 160 TDATA 80[0m
[07:43:39.397] [1;32muart:~$ [m^[[1[12D[J[1;32muart:~$ [m^[[1[12D[J[1;32muart:~$ [m^[[1[12D[J[1;31m[1;31m--- 3 messages dropped ---
[07:43:41.229] [0m[m[00:04:27.362,000] [0m<dbg> net_pkt.net_pkt_write: (wifi): pkt 0x3c173cf0 data 0x3c26f2aa length 60[0m
[07:43:41.229] [1;32muart:~$ [m^[[1[12D[J[00:04:27.362,000] [0m<dbg> net_pkt.net_pkt_unref_debug: (rx_q[0]): RX [39] pkt 0x3c173cf0 ref 0 frags 0x3c172850 (processing_data():157)[0m
[07:43:41.246] [1;32muart:~$ [m^[[1[12D[J[00:04:27.362,000] [0m<dbg> net_pkt.net_pkt_unref_debug: (rx_q[0]): RDATA (rx_bufs) [159] frag 0x3c172850 ref 0 frags 0 (processing_data():157)[0m
[07:43:41.263] [1;32muart:~$ [m^[[1[12D[J[00:04:27.362,000] [0m<dbg> net_pkt.net_pkt_frag_unref_debug: (rx_q[0]): RDATA (rx_bufs) [159] frag 0x3c172850 ref 0 (net_pkt_unref_debug():612)[0m
[07:43:41.280] [1;32muart:~$ [m^[[1[12D[J[00:04:27.362,000] [0m<dbg> net_pkt.net_pkt_print: (rx_q[0]): TX 16 RX 40 RDATA 160 TDATA 80[0m
[07:43:41.296] [1;32muart:~$ [m^[[1[12D[J[00:04:28.181,000] [0m<dbg> net_pkt.pkt_alloc_with_buffer: (wifi): On iface 1 (0x3fc9ea10) size 60[0m
[07:43:41.312] [1;32muart:~$ [m^[[1[12D[J[00:04:28.181,000] [0m<dbg> net_pkt.net_pkt_alloc_buffer_with_reserve_debug: (wifi): Data allocation maximum size 60 (requested 60, reserve 0)[0m
[07:43:41.329] [1;32muart:~$ [m^[[1[12D[J[00:04:28.181,000] [0m<dbg> net_pkt.pkt_alloc_buffer: (wifi): RDATA (rx_bufs) [159] frag 0x3c172850 ref 1 (eth_esp32_rx():153)[0m
[07:43:41.345] [1;32muart:~$ [m^[[1[12D[J[00:04:28.181,000] [0m<dbg> net_pkt.net_pkt_write: (wifi): pkt 0x3c173cf0 data 0x3c26f2aa length 60[0m
[07:43:41.361] [1;32muart:~$ [m^[[1[12D[J[00:04:28.182,000] [0m<dbg> net_pkt.net_pkt_unref_debug: (rx_q[0]): RX [39] pkt 0x3c173cf0 ref 0 frags 0x3c172850 (processing_data():157)[0m
[07:43:41.378] [1;32muart:~$ [m^[[1[12D[J[00:04:28.182,000] [0m<dbg> net_pkt.net_pkt_unref_debug: (rx_q[0]): RDATA (rx_bufs) [159] frag 0x3c172850 ref 0 frags 0 (processing_data():157)[0m
[07:43:41.395] [1;32muart:~$ [m^[[1[12D[J[00:04:28.182,000] [0m<dbg> net_pkt.net_pkt_frag_unref_debug: (rx_q[0]): RDATA (rx_bufs) [159] frag 0x3c172850 ref 0 (net_pkt_unref_debug():612)[0m
[07:43:41.411] [1;32muart:~$ [m^[[1[12D[J[00:04:28.182,000] [0m<dbg> net_pkt.net_pkt_print: (rx_q[0]): TX 16 RX 40 RDATA 160 TDATA 80[0m
[07:43:41.428] [1;32muart:~$ [m^[[1[12D[J[1;32muart:~$ [m^[[1[12D[J[1;32muart:~$ [m^[[1[12D[J[1;31m[1;31m--- 72 messages dropped ---
[07:43:42.871] [0m[m[00:04:29.812,000] [0m<dbg> net_pkt.net_pkt_ref_debug: (llss_thread): TX [14] pkt 0x3c172f28 ref 2 (tcp_send():424)[0m
[07:43:42.872] [1;32muart:~$ [m^[[1[12D[J[1;31m[1;31m--- 15 messages dropped ---
[07:43:42.888] [0m[m[00:04:29.813,000] [0m<dbg> net_pkt.net_pkt_get_reserve_data_debug: (llss_thread): TDATA (tx_bufs) [76] frag 0x3c15d4f4 ref 1 (ethernet_fill_header():610)[0m
[07:43:42.890] [1;32muart:~$ [m^[[1[12D[J[00:04:29.813,000] [0m<dbg> net_pkt.net_pkt_frag_insert_debug: (llss_thread): pkt 0x3c172f28 frag 0x3c15d4f4 (ethernet_fill_header:669)[0m
[07:43:42.906] [1;32muart:~$ [m^[[1[12D[J[00:04:29.813,000] [0m<dbg> net_pkt.net_pkt_read: (llss_thread): pkt 0x3c172f28 data 0x3fcc36ae length 295[0m
[07:43:42.922] [1;32muart:~$ [m^[[1[12D[J[00:04:29.814,000] [0m<dbg> net_pkt.net_pkt_unref_debug: (llss_thread): TX [14] pkt 0x3c172f28 ref 1 frags 0x3c15d4f4 (ethernet_send():800)[0m
[07:43:42.939] [1;32muart:~$ [m^[[1[12D[J[00:04:29.815,000] [0m<dbg> net_pkt.net_pkt_unref_debug: (llss_thread): TX [14] pkt 0x3c172f28 ref 0 frags 0x3c15d4f4 (tcp_send():472)[0m
[07:43:42.956] [1;32muart:~$ [m^[[1[12D[J[00:04:29.820,000] [0m<dbg> net_pkt.net_pkt_unref_debug: (rx_q[0]): TX [14] pkt 0x3c172f28 ref 0 frags 0x3c15d4f4 (tcp_send():472)[0m
[07:43:42.972] [1;32muart:~$ [m^[[1[12D[J[00:04:29.823,000] [0m<dbg> net_pkt.net_pkt_write: (wifi): pkt 0x3c173cf0 data 0x3c26f2ac length 74[0m
[07:43:42.988] [1;32muart:~$ [m^[[1[12D[J[00:04:29.823,000] [0m<dbg> net_pkt.net_pkt_skip: (rx_q[0]): pkt 0x3c173cf0 skip 40[0m
[07:43:43.005] [1;32muart:~$ [m^[[1[12D[J[00:04:29.823,000] [0m<dbg> net_pkt.net_pkt_skip: (rx_q[0]): pkt 0x3c173cf0 skip 8[0m
[07:43:43.021] [1;32muart:~$ [m^[[1[12D[J[00:04:29.824,000] [0m<dbg> net_pkt.net_pkt_skip: (rx_q[0]): pkt 0x3c173cf0 skip 32[0m
[07:43:43.037] [1;32muart:~$ [m^[[1[12D[J[00:04:29.824,000] [0m<dbg> net_pkt.net_pkt_write: (rx_q[0]): pkt 0x3c173cf0 data 0x3c16a596 length 20[0m
[07:43:43.053] [1;32muart:~$ [m^[[1[12D[J[00:04:29.824,000] [0m<dbg> net_pkt.net_pkt_skip: (rx_q[0]): pkt 0x3c173cf0 skip 20[0m
[07:43:43.070] [1;32muart:~$ [m^[[1[12D[J[00:04:29.824,000] [0m<dbg> net_pkt.net_pkt_skip: (rx_q[0]): pkt 0x3c173cf0 skip 40[0m
[07:43:43.086] [1;32muart:~$ [m^[[1[12D[J[00:04:29.824,000] [0m<dbg> net_pkt.net_pkt_skip: (rx_q[0]): pkt 0x3c173cf0 skip 40[0m
[07:43:43.102] [1;32muart:~$ [m^[[1[12D[J[00:04:29.824,000] [0m<dbg> net_pkt.net_pkt_skip: (rx_q[0]): pkt 0x3c173cf0 skip 40[0m
[07:43:43.118] [1;32muart:~$ [m^[[1[12D[J[00:04:29.824,000] [0m<dbg> net_pkt.net_pkt_skip: (rx_q[0]): pkt 0x3c173cf0 skip 40[0m
[07:43:43.134] [1;32muart:~$ [m^[[1[12D[J[00:04:29.824,000] [0m<dbg> net_pkt.net_pkt_skip: (rx_q[0]): pkt 0x3c173cf0 skip 40[0m
[07:43:43.150] [1;32muart:~$ [m^[[1[12D[J[00:04:29.824,000] [0m<dbg> net_pkt.net_pkt_unref_debug: (rx_q[0]): RX [39] pkt 0x3c173cf0 ref 0 frags 0x3c172850 (tcp_in():3635)[0m
[07:43:43.167] [1;32muart:~$ [m^[[1[12D[J[00:04:29.824,000] [0m<dbg> net_pkt.net_pkt_frag_unref_debug: (rx_q[0]): RDATA (rx_bufs) [159] frag 0x3c172850 ref 0 (net_pkt_unref_debug():612)[0m
[07:43:43.183] [1;32muart:~$ [m^[[1[12D[J[00:04:29.824,000] [0m<dbg> net_pkt.net_pkt_print: (rx_q[0]): TX 16 RX 40 RDATA 160 TDATA 80[0m
[07:43:43.199] [1;32muart:~$ [m^[[1[12D[J[1;32muart:~$ [m^[[1[12D[J[1;32muart:~$ [m^[[1[12D[JNETMEM up=270s pktRX=40/40 pktTX=16/16 bufRX=160/160/m102 bufTX=80/80/m4 int_free=0 int_min=0 psram_free=0 psram_min=0
[07:43:44.226] [1;32muart:~$ [m^[[1[12D[J[00:04:30.229,000] [0m<dbg> net_pkt.pkt_alloc_with_buffer: (wifi): On iface 1 (0x3fc9ea10) size 60[0m
[07:43:44.242] [1;32muart:~$ [m^[[1[12D[J[00:04:30.229,000] [0m<dbg> net_pkt.net_pkt_alloc_buffer_with_reserve_debug: (wifi): Data allocation maximum size 60 (requested 60, reserve 0)[0m
[07:43:44.259] [1;32muart:~$ [m^[[1[12D[J[00:04:30.229,000] [0m<dbg> net_pkt.pkt_alloc_buffer: (wifi): RDATA (rx_bufs) [159] frag 0x3c172850 ref 1 (eth_esp32_rx():153)[0m
[07:43:44.276] [1;32muart:~$ [m^[[1[12D[J[00:04:30.229,000] [0m<dbg> net_pkt.net_pkt_write: (wifi): pkt 0x3c173cf0 data 0x3c26f2aa length 60[0m
[07:43:44.292] [1;32muart:~$ [m^[[1[12D[J[00:04:30.230,000] [0m<dbg> net_pkt.net_pkt_unref_debug: (rx_q[0]): RX [39] pkt 0x3c173cf0 ref 0 frags 0x3c172850 (processing_data():157)[0m
[07:43:44.309] [1;32muart:~$ [m^[[1[12D[J[00:04:30.230,000] [0m<dbg> net_pkt.net_pkt_unref_debug: (rx_q[0]): RDATA (rx_bufs) [159] frag 0x3c172850 ref 0 frags 0 (processing_data():157)[0m
[07:43:44.325] [1;32muart:~$ [m^[[1[12D[J[00:04:30.230,000] [0m<dbg> net_pkt.net_pkt_frag_unref_debug: (rx_q[0]): RDATA (rx_bufs) [159] frag 0x3c172850 ref 0 (net_pkt_unref_debug():612)[0m
[07:43:44.342] [1;32muart:~$ [m^[[1[12D[J[00:04:30.230,000] [0m<dbg> net_pkt.net_pkt_print: (rx_q[0]): TX 16 RX 40 RDATA 160 TDATA 80[0m
[07:43:44.358] [1;32muart:~$ [m^[[1[12D[J[1;32muart:~$ [m^[[1[12D[J[1;32muart:~$ [m^[[1[12D[J[1;31m[1;31m--- 40 messages dropped ---
[07:43:44.717] [0m[m[00:04:31.666,000] [0m<dbg> net_pkt.net_pkt_read: (rx_q[0]): pkt 0x3c172ee0 data 0x3fcc36ae length 74[0m
[07:43:44.718] [1;32muart:~$ [m^[[1[12D[J[00:04:31.666,000] [0m<dbg> net_pkt.net_pkt_unref_debug: (rx_q[0]): TX [15] pkt 0x3c172ee0 ref 1 frags 0x3c15d4bc (ethernet_send():800)[0m
[07:43:44.735] [1;32muart:~$ [m^[[1[12D[J[00:04:31.666,000] [0m<dbg> net_pkt.net_pkt_unref_debug: (rx_q[0]): TX [15] pkt 0x3c172ee0 ref 0 frags 0x3c15d4bc (tcp_send():472)[0m
[07:43:44.751] [1;32muart:~$ [m^[[1[12D[J[00:04:31.666,000] [0m<dbg> net_pkt.net_pkt_unref_debug: (rx_q[0]): TDATA (tx_bufs) [78] frag 0x3c15d4bc ref 0 frags 0x3c15d4a0 (tcp_send():472)[0m
[07:43:44.768] [1;32muart:~$ [m^[[1[12D[J[00:04:31.666,000] [0m<dbg> net_pkt.net_pkt_unref_debug: (rx_q[0]): TDATA (tx_bufs) [78] frag 0x3c15d4a0 ref 0 frags 0 (tcp_send():472)[0m
[07:43:44.785] [1;32muart:~$ [m^[[1[12D[J[00:04:31.666,000] [0m<dbg> net_pkt.net_pkt_frag_unref_debug: (rx_q[0]): TDATA (tx_bufs) [78] frag 0x3c15d4bc ref 0 (net_pkt_unref_debug():612)[0m
[07:43:44.801] [1;32muart:~$ [m^[[1[12D[J[00:04:31.666,000] [0m<dbg> net_pkt.net_pkt_frag_unref_debug: (rx_q[0]): TDATA (tx_bufs) [79] frag 0x3c15d4a0 ref 0 (net_pkt_unref_debug():612)[0m
[07:43:44.818] [1;32muart:~$ [m^[[1[12D[J[00:04:31.666,000] [0m<dbg> net_pkt.net_pkt_print: (rx_q[0]): TX 16 RX 39 RDATA 159 TDATA 80[0m
[07:43:44.834] [1;32muart:~$ [m^[[1[12D[J[00:04:31.667,000] [0m<dbg> net_pkt.net_pkt_read: (llss_thread): pkt 0x3c173cf0 data 0x3c246e00 length 5[0m
[07:43:44.851] [1;32muart:~$ [m^[[1[12D[J[00:04:31.667,000] [0m<dbg> net_pkt.net_pkt_read: (llss_thread): pkt 0x3c173cf0 data 0x3c246e05 length 233[0m
[07:43:44.867] [1;32muart:~$ [m^[[1[12D[J[00:04:31.668,000] [0m<dbg> net_pkt.net_pkt_unref_debug: (llss_thread): RX [39] pkt 0x3c173cf0 ref 0 frags 0x3c172850 (zsock_recv_stream_immediate():1423)[0m
[07:43:44.884] [1;32muart:~$ [m^[[1[12D[J[00:04:31.668,000] [0m<dbg> net_pkt.net_pkt_unref_debug: (llss_thread): RDATA (rx_bufs) [159] frag 0x3c172850 ref 0 frags 0 (zsock_recv_stream_immediate():1423)[0m
[07:43:44.901] [1;32muart:~$ [m^[[1[12D[J[00:04:31.668,000] [0m<dbg> net_pkt.net_pkt_frag_unref_debug: (llss_thread): RDATA (rx_bufs) [159] frag 0x3c172850 ref 0 (net_pkt_unref_debug():612)[0m
[07:43:44.918] [1;32muart:~$ [m^[[1[12D[J[1;32muart:~$ [m^[[1[12D[J[1;32muart:~$ [m^[[1[12D[J[00:04:32.277,000] [0m<dbg> net_pkt.pkt_alloc_with_buffer: (wifi): On iface 1 (0x3fc9ea10) size 60[0m
[07:43:46.325] [1;32muart:~$ [m^[[1[12D[J[00:04:32.277,000] [0m<dbg> net_pkt.net_pkt_alloc_buffer_with_reserve_debug: (wifi): Data allocation maximum size 60 (requested 60, reserve 0)[0m
[07:43:46.341] [1;32muart:~$ [m^[[1[12D[J[00:04:32.277,000] [0m<dbg> net_pkt.pkt_alloc_buffer: (wifi): RDATA (rx_bufs) [159] frag 0x3c172850 ref 1 (eth_esp32_rx():153)[0m
[07:43:46.358] [1;32muart:~$ [m^[[1[12D[J[00:04:32.277,000] [0m<dbg> net_pkt.net_pkt_write: (wifi): pkt 0x3c173cf0 data 0x3c26f2aa length 60[0m
[07:43:46.375] [1;32muart:~$ [m^[[1[12D[J[00:04:32.278,000] [0m<dbg> net_pkt.net_pkt_unref_debug: (rx_q[0]): RX [39] pkt 0x3c173cf0 ref 0 frags 0x3c172850 (processing_data():157)[0m
[07:43:46.391] [1;32muart:~$ [m^[[1[12D[J[00:04:32.278,000] [0m<dbg> net_pkt.net_pkt_unref_debug: (rx_q[0]): RDATA (rx_bufs) [159] frag 0x3c172850 ref 0 frags 0 (processing_data():157)[0m
[07:43:46.408] [1;32muart:~$ [m^[[1[12D[J[00:04:32.278,000] [0m<dbg> net_pkt.net_pkt_frag_unref_debug: (rx_q[0]): RDATA (rx_bufs) [159] frag 0x3c172850 ref 0 (net_pkt_unref_debug():612)[0m
[07:43:46.424] [1;32muart:~$ [m^[[1[12D[J[00:04:32.278,000] [0m<dbg> net_pkt.net_pkt_print: (rx_q[0]): TX 16 RX 40 RDATA 160 TDATA 80[0m
[07:43:46.441] [1;32muart:~$ [m^[[1[12D[J[1;32muart:~$ [m^[[1[12D[J[1;32muart:~$ [m^[[1[12D[J[00:04:33.301,000] [0m<dbg> net_pkt.pkt_alloc_with_buffer: (wifi): On iface 1 (0x3fc9ea10) size 60[0m
[07:43:47.349] [1;32muart:~$ [m^[[1[12D[J[00:04:33.301,000] [0m<dbg> net_pkt.net_pkt_alloc_buffer_with_reserve_debug: (wifi): Data allocation maximum size 60 (requested 60, reserve 0)[0m
[07:43:47.366] [1;32muart:~$ [m^[[1[12D[J[00:04:33.301,000] [0m<dbg> net_pkt.pkt_alloc_buffer: (wifi): RDATA (rx_bufs) [159] frag 0x3c172850 ref 1 (eth_esp32_rx():153)[0m
[07:43:47.382] [1;32muart:~$ [m^[[1[12D[J[00:04:33.301,000] [0m<dbg> net_pkt.net_pkt_write: (wifi): pkt 0x3c173cf0 data 0x3c26f2aa length 60[0m
[07:43:47.399] [1;32muart:~$ [m^[[1[12D[J[00:04:33.302,000] [0m<dbg> net_pkt.net_pkt_unref_debug: (rx_q[0]): RX [39] pkt 0x3c173cf0 ref 0 frags 0x3c172850 (processing_data():157)[0m
[07:43:47.416] [1;32muart:~$ [m^[[1[12D[J[00:04:33.302,000] [0m<dbg> net_pkt.net_pkt_unref_debug: (rx_q[0]): RDATA (rx_bufs) [159] frag 0x3c172850 ref 0 frags 0 (processing_data():157)[0m
[07:43:47.432] [1;32muart:~$ [m^[[1[12D[J[00:04:33.302,000] [0m<dbg> net_pkt.net_pkt_frag_unref_debug: (rx_q[0]): RDATA (rx_bufs) [159] frag 0x3c172850 ref 0 (net_pkt_unref_debug():612)[0m
[07:43:47.449] [1;32muart:~$ [m^[[1[12D[J[00:04:33.302,000] [0m<dbg> net_pkt.net_pkt_print: (rx_q[0]): TX 16 RX 40 RDATA 160 TDATA 80[0m
[07:43:47.466] [1;32muart:~$ [m^[[1[12D[J[1;32muart:~$ [m^[[1[12D[J[1;32muart:~$ [m^[[1[12D[J[1;31m[1;31m--- 2 messages dropped ---
[07:43:48.192] [0m[m[00:04:34.325,000] [0m<dbg> net_pkt.pkt_alloc_buffer: (wifi): RDATA (rx_bufs) [159] frag 0x3c172850 ref 1 (eth_esp32_rx():153)[0m
[07:43:48.193] [1;32muart:~$ [m^[[1[12D[J[00:04:34.325,000] [0m<dbg> net_pkt.net_pkt_write: (wifi): pkt 0x3c173cf0 data 0x3c26f2aa length 60[0m
[07:43:48.209] [1;32muart:~$ [m^[[1[12D[J[00:04:34.326,000] [0m<dbg> net_pkt.net_pkt_unref_debug: (rx_q[0]): RX [39] pkt 0x3c173cf0 ref 0 frags 0x3c172850 (processing_data():157)[0m
[07:43:48.226] [1;32muart:~$ [m^[[1[12D[J[00:04:34.326,000] [0m<dbg> net_pkt.net_pkt_unref_debug: (rx_q[0]): RDATA (rx_bufs) [159] frag 0x3c172850 ref 0 frags 0 (processing_data():157)[0m
[07:43:48.243] [1;32muart:~$ [m^[[1[12D[J[00:04:34.326,000] [0m<dbg> net_pkt.net_pkt_frag_unref_debug: (rx_q[0]): RDATA (rx_bufs) [159] frag 0x3c172850 ref 0 (net_pkt_unref_debug():612)[0m
[07:43:48.259] [1;32muart:~$ [m^[[1[12D[J[00:04:34.326,000] [0m<dbg> net_pkt.net_pkt_print: (rx_q[0]): TX 16 RX 40 RDATA 160 TDATA 80[0m
[07:43:48.275] [1;32muart:~$ [m^[[1[12D[J[00:04:35.144,000] [0m<dbg> net_pkt.pkt_alloc_with_buffer: (wifi): On iface 1 (0x3fc9ea10) size 60[0m
[07:43:48.291] [1;32muart:~$ [m^[[1[12D[J[00:04:35.144,000] [0m<dbg> net_pkt.net_pkt_alloc_buffer_with_reserve_debug: (wifi): Data allocation maximum size 60 (requested 60, reserve 0)[0m
[07:43:48.308] [1;32muart:~$ [m^[[1[12D[J[00:04:35.144,000] [0m<dbg> net_pkt.pkt_alloc_buffer: (wifi): RDATA (rx_bufs) [159] frag 0x3c172850 ref 1 (eth_esp32_rx():153)[0m
[07:43:48.325] [1;32muart:~$ [m^[[1[12D[J[00:04:35.144,000] [0m<dbg> net_pkt.net_pkt_write: (wifi): pkt 0x3c173cf0 data 0x3c26f2aa length 60[0m
[07:43:48.341] [1;32muart:~$ [m^[[1[12D[J[00:04:35.145,000] [0m<dbg> net_pkt.net_pkt_unref_debug: (rx_q[0]): RX [39] pkt 0x3c173cf0 ref 0 frags 0x3c172850 (processing_data():157)[0m
[07:43:48.358] [1;32muart:~$ [m^[[1[12D[J[00:04:35.145,000] [0m<dbg> net_pkt.net_pkt_unref_debug: (rx_q[0]): RDATA (rx_bufs) [159] frag 0x3c172850 ref 0 frags 0 (processing_data():157)[0m
[07:43:48.374] [1;32muart:~$ [m^[[1[12D[J[00:04:35.145,000] [0m<dbg> net_pkt.net_pkt_frag_unref_debug: (rx_q[0]): RDATA (rx_bufs) [159] frag 0x3c172850 ref 0 (net_pkt_unref_debug():612)[0m
[07:43:48.392] [1;32muart:~$ [m^[[1[12D[J[00:04:35.145,000] [0m<dbg> net_pkt.net_pkt_print: (rx_q[0]): TX 16 RX 40 RDATA 160 TDATA 80[0m
[07:43:48.409] [1;32muart:~$ [m^[[1[12D[J[1;32muart:~$ [m^[[1[12D[J[1;32muart:~$ [m^[[1[12D[J[1;31m[1;31m--- 39 messages dropped ---
[07:43:49.221] [0m[m[00:04:36.172,000] [0m<dbg> net_pkt.net_pkt_skip: (rx_q[0]): pkt 0x3c172ee0 skip 4[0m
[07:43:49.222] [1;32muart:~$ [m^[[1[12D[J[00:04:36.172,000] [0m<dbg> net_pkt.net_pkt_get_reserve_data_debug: (rx_q[0]): TDATA (tx_bufs) [78] frag 0x3c15d4bc ref 1 (ethernet_fill_header():610)[0m
[07:43:49.238] [1;32muart:~$ [m^[[1[12D[J[00:04:36.172,000] [0m<dbg> net_pkt.net_pkt_frag_insert_debug: (rx_q[0]): pkt 0x3c172ee0 frag 0x3c15d4bc (ethernet_fill_header:669)[0m
[07:43:49.255] [1;32muart:~$ [m^[[1[12D[J[00:04:36.172,000] [0m<dbg> net_pkt.net_pkt_read: (rx_q[0]): pkt 0x3c172ee0 data 0x3fcc36ae length 86[0m
[07:43:49.273] [1;32muart:~$ [m^[[1[12D[J[00:04:36.172,000] [0m<dbg> net_pkt.net_pkt_unref_debug: (rx_q[0]): TX [15] pkt 0x3c172ee0 ref 0 frags 0x3c15d4bc (ethernet_send():800)[0m
[07:43:49.289] [1;32muart:~$ [m^[[1[12D[J[00:04:36.172,000] [0m<dbg> net_pkt.net_pkt_unref_debug: (rx_q[0]): TDATA (tx_bufs) [78] frag 0x3c15d4bc ref 0 frags 0x3c15d4a0 (ethernet_send():800)[0m
[07:43:49.306] [1;32muart:~$ [m^[[1[12D[J[00:04:36.172,000] [0m<dbg> net_pkt.net_pkt_unref_debug: (rx_q[0]): TDATA (tx_bufs) [78] frag 0x3c15d4a0 ref 0 frags 0 (ethernet_send():800)[0m
[07:43:49.322] [1;32muart:~$ [m^[[1[12D[J[00:04:36.172,000] [0m<dbg> net_pkt.net_pkt_frag_unref_debug: (rx_q[0]): TDATA (tx_bufs) [78] frag 0x3c15d4bc ref 0 (net_pkt_unref_debug():612)[0m
[07:43:49.339] [1;32muart:~$ [m^[[1[12D[J[00:04:36.172,000] [0m<dbg> net_pkt.net_pkt_frag_unref_debug: (rx_q[0]): TDATA (tx_bufs) [79] frag 0x3c15d4a0 ref 0 (net_pkt_unref_debug():612)[0m
[07:43:49.356] [1;32muart:~$ [m^[[1[12D[J[00:04:36.172,000] [0m<dbg> net_pkt.net_pkt_unref_debug: (rx_q[0]): RX [39] pkt 0x3c173cf0 ref 0 frags 0x3c172850 (net_icmpv6_input():408)[0m
[07:43:49.373] [1;32muart:~$ [m^[[1[12D[J[00:04:36.172,000] [0m<dbg> net_pkt.net_pkt_unref_debug: (rx_q[0]): RDATA (rx_bufs) [159] frag 0x3c172850 ref 0 frags 0 (net_icmpv6_input():408)[0m
[07:43:49.390] [1;32muart:~$ [m^[[1[12D[J[00:04:36.172,000] [0m<dbg> net_pkt.net_pkt_frag_unref_debug: (rx_q[0]): RDATA (rx_bufs) [159] frag 0x3c172850 ref 0 (net_pkt_unref_debug():612)[0m
[07:43:49.407] [1;32muart:~$ [m^[[1[12D[J[00:04:36.172,000] [0m<dbg> net_pkt.net_pkt_print: (rx_q[0]): TX 16 RX 40 RDATA 160 TDATA 80[0m
[07:43:49.424] [1;32muart:~$ [m^[[1[12D[J[1;32muart:~$ [m^[[1[12D[J[1;32muart:~$ [m^[[1[12D[J[1;31m[1;31m--- 72 messages dropped ---
[07:43:49.729] [0m[m[00:04:36.680,000] [0m<dbg> net_pkt.net_pkt_get_reserve_data_debug: (llss_thread): TDATA (tx_bufs) [76] frag 0x3c15d4f4 ref 1 (ethernet_fill_header():610)[0m
[07:43:49.731] [1;32muart:~$ [m^[[1[12D[J[00:04:36.680,000] [0m<dbg> net_pkt.net_pkt_frag_insert_debug: (llss_thread): pkt 0x3c172f28 frag 0x3c15d4f4 (ethernet_fill_header:669)[0m
[07:43:49.747] [1;32muart:~$ [m^[[1[12D[J[1;31m[1;31m--- 9 messages dropped ---
[07:43:49.764] [0m[m[00:04:36.680,000] [0m<dbg> net_pkt.net_pkt_read: (llss_thread): pkt 0x3c172f28 data 0x3fcc36ae length 236[0m
[07:43:49.764] [1;32muart:~$ [m^[[1[12D[J[00:04:36.681,000] [0m<dbg> net_pkt.net_pkt_unref_debug: (llss_thread): TX [14] pkt 0x3c172f28 ref 1 frags 0x3c15d4f4 (ethernet_send():800)[0m
[07:43:49.781] [1;32muart:~$ [m^[[1[12D[J[00:04:36.681,000] [0m<dbg> net_pkt.net_pkt_unref_debug: (llss_thread): TX [14] pkt 0x3c172f28 ref 0 frags 0x3c15d4f4 (tcp_send():472)[0m
[07:43:49.798] [1;32muart:~$ [m^[[1[12D[J[00:04:36.681,000] [0m<dbg> net_pkt.net_pkt_unref_debug: (llss_thread): TDATA (tx_bufs) [76] frag 0x3c15d4f4 ref 0 frags 0x3c15d4d8 (tcp_send():472)[0m
[07:43:49.815] [1;32muart:~$ [m^[[1[12D[J[00:04:36.682,000] [0m<dbg> net_pkt.net_pkt_unref_debug: (llss_thread): TDATA (tx_bufs) [76] frag 0x3c15d4d8 ref 0 frags 0x3c15d4bc (tcp_send():472)[0m
[07:43:49.832] [1;32muart:~$ [m^[[1[12D[J[00:04:36.682,000] [0m<dbg> net_pkt.net_pkt_unref_debug: (llss_thread): TDATA (tx_bufs) [76] frag 0x3c15d4bc ref 0 frags 0 (tcp_send():472)[0m
[07:43:49.848] [1;32muart:~$ [m^[[1[12D[J[00:04:36.690,000] [0m<dbg> net_pkt.net_pkt_skip: (rx_q[0]): pkt 0x3c173cf0 skip 8[0m
[07:43:49.864] [1;32muart:~$ [m^[[1[12D[J[00:04:36.690,000] [0m<dbg> net_pkt.net_pkt_skip: (rx_q[0]): pkt 0x3c173cf0 skip 32[0m
[07:43:49.880] [1;32muart:~$ [m^[[1[12D[J[00:04:36.690,000] [0m<dbg> net_pkt.net_pkt_write: (rx_q[0]): pkt 0x3c173cf0 data 0x3c16a596 length 20[0m
[07:43:49.897] [1;32muart:~$ [m^[[1[12D[J[00:04:36.690,000] [0m<dbg> net_pkt.net_pkt_skip: (rx_q[0]): pkt 0x3c173cf0 skip 20[0m
[07:43:49.913] [1;32muart:~$ [m^[[1[12D[J[00:04:36.691,000] [0m<dbg> net_pkt.net_pkt_skip: (rx_q[0]): pkt 0x3c173cf0 skip 40[0m
[07:43:49.929] [1;32muart:~$ [m^[[1[12D[J[00:04:36.691,000] [0m<dbg> net_pkt.net_pkt_skip: (rx_q[0]): pkt 0x3c173cf0 skip 40[0m
[07:43:49.945] [1;32muart:~$ [m^[[1[12D[J[00:04:36.691,000] [0m<dbg> net_pkt.net_pkt_skip: (rx_q[0]): pkt 0x3c173cf0 skip 40[0m
[07:43:49.961] [1;32muart:~$ [m^[[1[12D[J[00:04:36.691,000] [0m<dbg> net_pkt.net_pkt_skip: (rx_q[0]): pkt 0x3c173cf0 skip 40[0m
[07:43:49.977] [1;32muart:~$ [m^[[1[12D[J[00:04:36.691,000] [0m<dbg> net_pkt.net_pkt_skip: (rx_q[0]): pkt 0x3c173cf0 skip 40[0m
[07:43:49.993] [1;32muart:~$ [m^[[1[12D[J[00:04:36.691,000] [0m<dbg> net_pkt.net_pkt_unref_debug: (rx_q[0]): RX [39] pkt 0x3c173cf0 ref 0 frags 0x3c172850 (tcp_in():3635)[0m
[07:43:50.009] [1;32muart:~$ [m^[[1[12D[J[00:04:36.691,000] [0m<dbg> net_pkt.net_pkt_unref_debug: (rx_q[0]): RDATA (rx_bufs) [159] frag 0x3c172850 ref 0 frags 0 (tcp_in():3635)[0m
[07:43:50.026] [1;32muart:~$ [m^[[1[12D[J[00:04:36.691,000] [0m<dbg> net_pkt.net_pkt_frag_unref_debug: (rx_q[0]): RDATA (rx_bufs) [159] frag 0x3c172850 ref 0 (net_pkt_unref_debug():612)[0m
[07:43:50.043] [1;32muart:~$ [m^[[1[12D[J[00:04:36.691,000] [0m<dbg> net_pkt.net_pkt_print: (rx_q[0]): TX 16 RX 40 RDATA 160 TDATA 80[0m
[07:43:50.059] [1;32muart:~$ [m^[[1[12D[J[1;32muart:~$ [m^[[1[12D[J[1;32muart:~$ [m^[[1[12D[J[00:04:37.192,000] [0m<dbg> net_pkt.pkt_alloc_with_buffer: (wifi): On iface 1 (0x3fc9ea10) size 60[0m
[07:43:51.240] [1;32muart:~$ [m^[[1[12D[J[00:04:37.192,000] [0m<dbg> net_pkt.net_pkt_alloc_buffer_with_reserve_debug: (wifi): Data allocation maximum size 60 (requested 60, reserve 0)[0m
[07:43:51.257] [1;32muart:~$ [m^[[1[12D[J[00:04:37.193,000] [0m<dbg> net_pkt.pkt_alloc_buffer: (wifi): RDATA (rx_bufs) [159] frag 0x3c172850 ref 1 (eth_esp32_rx():153)[0m
[07:43:51.274] [1;32muart:~$ [m^[[1[12D[J[00:04:37.193,000] [0m<dbg> net_pkt.net_pkt_write: (wifi): pkt 0x3c173cf0 data 0x3c26f2aa length 60[0m
[07:43:51.290] [1;32muart:~$ [m^[[1[12D[J[00:04:37.193,000] [0m<dbg> net_pkt.net_pkt_unref_debug: (rx_q[0]): RX [39] pkt 0x3c173cf0 ref 0 frags 0x3c172850 (processing_data():157)[0m
[07:43:51.307] [1;32muart:~$ [m^[[1[12D[J[00:04:37.193,000] [0m<dbg> net_pkt.net_pkt_unref_debug: (rx_q[0]): RDATA (rx_bufs) [159] frag 0x3c172850 ref 0 frags 0 (processing_data():157)[0m
[07:43:51.323] [1;32muart:~$ [m^[[1[12D[J[00:04:37.193,000] [0m<dbg> net_pkt.net_pkt_frag_unref_debug: (rx_q[0]): RDATA (rx_bufs) [159] frag 0x3c172850 ref 0 (net_pkt_unref_debug():612)[0m
[07:43:51.340] [1;32muart:~$ [m^[[1[12D[J[00:04:37.193,000] [0m<dbg> net_pkt.net_pkt_print: (rx_q[0]): TX 16 RX 40 RDATA 160 TDATA 80[0m
[07:43:51.356] [1;32muart:~$ [m^[[1[12D[J[1;32muart:~$ [m^[[1[12D[J[1;32muart:~$ [m^[[1[12D[J[1;31m[1;31m--- 40 messages dropped ---
[07:43:51.476] [0m[m[00:04:38.424,000] [0m<dbg> net_pkt.net_pkt_read: (rx_q[0]): pkt 0x3c172ee0 data 0x3fcc36ae length 74[0m
[07:43:51.477] [1;32muart:~$ [m^[[1[12D[J[00:04:38.424,000] [0m<dbg> net_pkt.net_pkt_unref_debug: (rx_q[0]): TX [15] pkt 0x3c172ee0 ref 1 frags 0x3c15d4bc (ethernet_send():800)[0m
[07:43:51.494] [1;32muart:~$ [m^[[1[12D[J[00:04:38.425,000] [0m<dbg> net_pkt.net_pkt_unref_debug: (rx_q[0]): TX [15] pkt 0x3c172ee0 ref 0 frags 0x3c15d4bc (tcp_send():472)[0m
[07:43:51.510] [1;32muart:~$ [m^[[1[12D[J[00:04:38.425,000] [0m<dbg> net_pkt.net_pkt_unref_debug: (rx_q[0]): TDATA (tx_bufs) [78] frag 0x3c15d4bc ref 0 frags 0x3c15d4a0 (tcp_send():472)[0m
[07:43:51.527] [1;32muart:~$ [m^[[1[12D[J[00:04:38.425,000] [0m<dbg> net_pkt.net_pkt_unref_debug: (rx_q[0]): TDATA (tx_bufs) [78] frag 0x3c15d4a0 ref 0 frags 0 (tcp_send():472)[0m
[07:43:51.544] [1;32muart:~$ [m^[[1[12D[J[00:04:38.425,000] [0m<dbg> net_pkt.net_pkt_frag_unref_debug: (rx_q[0]): TDATA (tx_bufs) [78] frag 0x3c15d4bc ref 0 (net_pkt_unref_debug():612)[0m
[07:43:51.560] [1;32muart:~$ [m^[[1[12D[J[00:04:38.425,000] [0m<dbg> net_pkt.net_pkt_frag_unref_debug: (rx_q[0]): TDATA (tx_bufs) [79] frag 0x3c15d4a0 ref 0 (net_pkt_unref_debug():612)[0m
[07:43:51.577] [1;32muart:~$ [m^[[1[12D[J[00:04:38.425,000] [0m<dbg> net_pkt.net_pkt_print: (rx_q[0]): TX 16 RX 39 RDATA 159 TDATA 80[0m
[07:43:51.593] [1;32muart:~$ [m^[[1[12D[J[00:04:38.426,000] [0m<dbg> net_pkt.net_pkt_read: (llss_thread): pkt 0x3c173cf0 data 0x3c246e00 length 5[0m
[07:43:51.609] [1;32muart:~$ [m^[[1[12D[J[00:04:38.426,000] [0m<dbg> net_pkt.net_pkt_read: (llss_thread): pkt 0x3c173cf0 data 0x3c246e05 length 233[0m
[07:43:51.626] [1;32muart:~$ [m^[[1[12D[J[00:04:38.426,000] [0m<dbg> net_pkt.net_pkt_unref_debug: (llss_thread): RX [39] pkt 0x3c173cf0 ref 0 frags 0x3c172850 (zsock_recv_stream_immediate():1423)[0m
[07:43:51.643] [1;32muart:~$ [m^[[1[12D[J[00:04:38.426,000] [0m<dbg> net_pkt.net_pkt_unref_debug: (llss_thread): RDATA (rx_bufs) [159] frag 0x3c172850 ref 0 frags 0 (zsock_recv_stream_immediate():1423)[0m
[07:43:51.660] [1;32muart:~$ [m^[[1[12D[J[00:04:38.426,000] [0m<dbg> net_pkt.net_pkt_frag_unref_debug: (llss_thread): RDATA (rx_bufs) [159] frag 0x3c172850 ref 0 (net_pkt_unref_debug():612)[0m
[07:43:51.677] [1;32muart:~$ [m^[[1[12D[J[1;32muart:~$ [m^[[1[12D[J[1;32muart:~$ [m^[[1[12D[J[1;31m[1;31m--- 19 messages dropped ---
[07:43:53.110] [0m[m[00:04:40.061,000] [0m<dbg> net_pkt.net_pkt_write: (wifi): pkt 0x3c173cf0 data 0x3c26f2aa length 399[0m
[07:43:53.111] [1;32muart:~$ [m^[[1[12D[J[00:04:40.062,000] [0m<dbg> net_pkt.net_pkt_unref_debug: (rx_q[0]): RX [39] pkt 0x3c173cf0 ref 0 frags 0x3c172850 (processing_data():157)[0m
[07:43:53.128] [1;32muart:~$ [m^[[1[12D[J[00:04:40.062,000] [0m<dbg> net_pkt.net_pkt_unref_debug: (rx_q[0]): RDATA (rx_bufs) [159] frag 0x3c172850 ref 0 frags 0 (processing_data():157)[0m
[07:43:53.144] [1;32muart:~$ [m^[[1[12D[J[00:04:40.062,000] [0m<dbg> net_pkt.net_pkt_frag_unref_debug: (rx_q[0]): RDATA (rx_bufs) [159] frag 0x3c172850 ref 0 (net_pkt_unref_debug():612)[0m
[07:43:53.161] [1;32muart:~$ [m^[[1[12D[J[00:04:40.062,000] [0m<dbg> net_pkt.net_pkt_print: (rx_q[0]): TX 16 RX 40 RDATA 160 TDATA 80[0m
[07:43:53.177] [1;32muart:~$ [m^[[1[12D[J[00:04:40.062,000] [0m<dbg> net_pkt.pkt_alloc_with_buffer: (wifi): On iface 1 (0x3fc9ea10) size 401[0m
[07:43:53.194] [1;32muart:~$ [m^[[1[12D[J[00:04:40.062,000] [0m<dbg> net_pkt.net_pkt_alloc_buffer_with_reserve_debug: (wifi): Data allocation maximum size 401 (requested 401, reserve 0)[0m
[07:43:53.210] [1;32muart:~$ [m^[[1[12D[J[00:04:40.062,000] [0m<dbg> net_pkt.pkt_alloc_buffer: (wifi): RDATA (rx_bufs) [159] frag 0x3c172850 ref 1 (eth_esp32_rx():153)[0m
[07:43:53.227] [1;32muart:~$ [m^[[1[12D[J[00:04:40.062,000] [0m<dbg> net_pkt.net_pkt_write: (wifi): pkt 0x3c173cf0 data 0x3c26f95a length 401[0m
[07:43:53.243] [1;32muart:~$ [m^[[1[12D[J[00:04:40.063,000] [0m<dbg> net_pkt.net_pkt_unref_debug: (rx_q[0]): RX [39] pkt 0x3c173cf0 ref 0 frags 0x3c172850 (processing_data():157)[0m
[07:43:53.260] [1;32muart:~$ [m^[[1[12D[J[00:04:40.063,000] [0m<dbg> net_pkt.net_pkt_unref_debug: (rx_q[0]): RDATA (rx_bufs) [159] frag 0x3c172850 ref 0 frags 0 (processing_data():157)[0m
[07:43:53.276] [1;32muart:~$ [m^[[1[12D[J[00:04:40.063,000] [0m<dbg> net_pkt.net_pkt_frag_unref_debug: (rx_q[0]): RDATA (rx_bufs) [159] frag 0x3c172850 ref 0 (net_pkt_unref_debug():612)[0m
[07:43:53.293] [1;32muart:~$ [m^[[1[12D[J[00:04:40.063,000] [0m<dbg> net_pkt.net_pkt_print: (rx_q[0]): TX 16 RX 40 RDATA 160 TDATA 80[0m
[07:43:53.312] [1;32muart:~$ [m^[[1[12D[J[1;32muart:~$ [m^[[1[12D[J[1;32muart:~$ [m^[[1[12D[J[1;31m[1;31m--- 22 messages dropped ---
[07:43:54.222] [0m[m[00:04:41.172,000] [0m<dbg> net_pkt.net_pkt_skip: (sysworkq): pkt 0x3c172ee0 skip 40[0m
[07:43:54.226] [1;32muart:~$ [m^[[1[12D[J[1;31m[1;31m--- 12 messages dropped ---
[07:43:54.242] [0m[m[00:04:41.172,000] [0m<dbg> net_pkt.net_pkt_skip: (sysworkq): pkt 0x3c172ee0 skip 8[0m
[07:43:54.243] [1;32muart:~$ [m^[[1[12D[J[00:04:41.173,000] [0m<dbg> net_pkt.net_pkt_skip: (sysworkq): pkt 0x3c172ee0 skip 32[0m
[07:43:54.259] [1;32muart:~$ [m^[[1[12D[J[00:04:41.173,000] [0m<dbg> net_pkt.net_pkt_write: (sysworkq): pkt 0x3c172ee0 data 0x3c1534c8 length 4[0m
[07:43:54.276] [1;32muart:~$ [m^[[1[12D[J[00:04:41.173,000] [0m<dbg> net_pkt.net_pkt_skip: (sysworkq): pkt 0x3c172ee0 skip 4[0m
[07:43:54.293] [1;32muart:~$ [m^[[1[12D[J[00:04:41.173,000] [0m<dbg> net_pkt.net_pkt_get_reserve_data_debug: (sysworkq): TDATA (tx_bufs) [78] frag 0x3c15d4bc ref 1 (ethernet_fill_header():610)[0m
[07:43:54.309] [1;32muart:~$ [m^[[1[12D[J[00:04:41.173,000] [0m<dbg> net_pkt.net_pkt_frag_insert_debug: (sysworkq): pkt 0x3c172ee0 frag 0x3c15d4bc (ethernet_fill_header:669)[0m
[07:43:54.326] [1;32muart:~$ [m^[[1[12D[J[00:04:41.173,000] [0m<dbg> net_pkt.net_pkt_read: (sysworkq): pkt 0x3c172ee0 data 0x3fcc36ae length 86[0m
[07:43:54.343] [1;32muart:~$ [m^[[1[12D[J[00:04:41.177,000] [0m<dbg> net_pkt.net_pkt_print: (rx_q[0]): TX 16 RX 40 RDATA 160 TDATA 80[0m
[07:43:54.359] [1;32muart:~$ [m^[[1[12D[J[00:04:41.178,000] [0m<dbg> net_pkt.pkt_alloc_with_buffer: (wifi): On iface 1 (0x3fc9ea10) size 78[0m
[07:43:54.376] [1;32muart:~$ [m^[[1[12D[J[00:04:41.178,000] [0m<dbg> net_pkt.net_pkt_alloc_buffer_with_reserve_debug: (wifi): Data allocation maximum size 78 (requested 78, reserve 0)[0m
[07:43:54.392] [1;32muart:~$ [m^[[1[12D[J[00:04:41.178,000] [0m<dbg> net_pkt.pkt_alloc_buffer: (wifi): RDATA (rx_bufs) [159] frag 0x3c172850 ref 1 (eth_esp32_rx():153)[0m
[07:43:54.409] [1;32muart:~$ [m^[[1[12D[J[00:04:41.178,000] [0m<dbg> net_pkt.net_pkt_write: (wifi): pkt 0x3c173cf0 data 0x3c26f2ac length 78[0m
[07:43:54.425] [1;32muart:~$ [m^[[1[12D[J[00:04:41.178,000] [0m<dbg> net_pkt.net_pkt_skip: (rx_q[0]): pkt 0x3c173cf0 skip 40[0m
[07:43:54.442] [1;32muart:~$ [m^[[1[12D[J[00:04:41.178,000] [0m<dbg> net_pkt.net_pkt_skip: (rx_q[0]): pkt 0x3c173cf0 skip 8[0m
[07:43:54.457] [1;32muart:~$ [m^[[1[12D[J[00:04:41.178,000] [0m<dbg> net_pkt.net_pkt_skip: (rx_q[0]): pkt 0x3c173cf0 skip 32[0m
[07:43:54.474] [1;32muart:~$ [m^[[1[12D[J[00:04:41.178,000] [0m<dbg> net_pkt.net_pkt_skip: (rx_q[0]): pkt 0x3c173cf0 skip 4[0m
[07:43:54.490] [1;32muart:~$ [m^[[1[12D[J[00:04:41.179,000] [0m<dbg> net_pkt.net_pkt_unref_debug: (rx_q[0]): RX [39] pkt 0x3c173cf0 ref 0 frags 0x3c172850 (processing_data():157)[0m
[07:43:54.506] [1;32muart:~$ [m^[[1[12D[J[00:04:41.179,000] [0m<dbg> net_pkt.net_pkt_unref_debug: (rx_q[0]): RDATA (rx_bufs) [159] frag 0x3c172850 ref 0 frags 0 (processing_data():157)[0m
[07:43:54.523] [1;32muart:~$ [m^[[1[12D[J[00:04:41.179,000] [0m<dbg> net_pkt.net_pkt_frag_unref_debug: (rx_q[0]): RDATA (rx_bufs) [159] frag 0x3c172850 ref 0 (net_pkt_unref_debug():612)[0m
[07:43:54.541] [1;32muart:~$ [m^[[1[12D[J[00:04:41.179,000] [0m<dbg> net_pkt.net_pkt_print: (rx_q[0]): TX 16 RX 40 RDATA 160 TDATA 80[0m
[07:43:54.557] [1;32muart:~$ [m^[[1[12D[J[1;32muart:~$ [m^[[1[12D[J[1;32muart:~$ [m^[[1[12D[J[1;31m[1;31m--- 13 messages dropped ---
[07:43:55.226] [0m[m[00:04:42.174,000] [0m<dbg> net_pkt.net_pkt_write: (sysworkq): pkt 0x3c172ee0 data 0x3c1534a0 length 40[0m
[07:43:55.227] [1;32muart:~$ [m^[[1[12D[J[1;31m[1;31m--- 13 messages dropped ---
[07:43:55.243] [0m[m[00:04:42.174,000] [0m<dbg> net_pkt.net_pkt_skip: (sysworkq): pkt 0x3c172ee0 skip 40[0m
[07:43:55.244] [1;32muart:~$ [m^[[1[12D[J[00:04:42.174,000] [0m<dbg> net_pkt.net_pkt_skip: (sysworkq): pkt 0x3c172ee0 skip 8[0m
[07:43:55.261] [1;32muart:~$ [m^[[1[12D[J[00:04:42.174,000] [0m<dbg> net_pkt.net_pkt_skip: (sysworkq): pkt 0x3c172ee0 skip 32[0m
[07:43:55.278] [1;32muart:~$ [m^[[1[12D[J[00:04:42.174,000] [0m<dbg> net_pkt.net_pkt_write: (sysworkq): pkt 0x3c172ee0 data 0x3c1534c8 length 4[0m
[07:43:55.294] [1;32muart:~$ [m^[[1[12D[J[00:04:42.174,000] [0m<dbg> net_pkt.net_pkt_skip: (sysworkq): pkt 0x3c172ee0 skip 4[0m
[07:43:55.311] [1;32muart:~$ [m^[[1[12D[J[00:04:42.174,000] [0m<dbg> net_pkt.net_pkt_get_reserve_data_debug: (sysworkq): TDATA (tx_bufs) [78] frag 0x3c15d4bc ref 1 (ethernet_fill_header():610)[0m
[07:43:55.327] [1;32muart:~$ [m^[[1[12D[J[00:04:42.174,000] [0m<dbg> net_pkt.net_pkt_frag_insert_debug: (sysworkq): pkt 0x3c172ee0 frag 0x3c15d4bc (ethernet_fill_header:669)[0m
[07:43:55.344] [1;32muart:~$ [m^[[1[12D[J[00:04:42.178,000] [0m<dbg> net_pkt.net_pkt_frag_unref_debug: (rx_q[0]): RDATA (rx_bufs) [159] frag 0x3c172850 ref 0 (net_pkt_unref_debug():612)[0m
[07:43:55.361] [1;32muart:~$ [m^[[1[12D[J[00:04:42.178,000] [0m<dbg> net_pkt.net_pkt_print: (rx_q[0]): TX 16 RX 40 RDATA 160 TDATA 80[0m
[07:43:55.378] [1;32muart:~$ [m^[[1[12D[J[00:04:42.178,000] [0m<dbg> net_pkt.pkt_alloc_with_buffer: (wifi): On iface 1 (0x3fc9ea10) size 78[0m
[07:43:55.394] [1;32muart:~$ [m^[[1[12D[J[00:04:42.178,000] [0m<dbg> net_pkt.net_pkt_alloc_buffer_with_reserve_debug: (wifi): Data allocation maximum size 78 (requested 78, reserve 0)[0m
[07:43:55.411] [1;32muart:~$ [m^[[1[12D[J[00:04:42.178,000] [0m<dbg> net_pkt.pkt_alloc_buffer: (wifi): RDATA (rx_bufs) [159] frag 0x3c172850 ref 1 (eth_esp32_rx():153)[0m
[07:43:55.427] [1;32muart:~$ [m^[[1[12D[J[00:04:42.178,000] [0m<dbg> net_pkt.net_pkt_write: (wifi): pkt 0x3c173cf0 data 0x3c26f2ac length 78[0m
[07:43:55.443] [1;32muart:~$ [m^[[1[12D[J[00:04:42.179,000] [0m<dbg> net_pkt.net_pkt_skip: (rx_q[0]): pkt 0x3c173cf0 skip 40[0m
[07:43:55.460] [1;32muart:~$ [m^[[1[12D[J[00:04:42.179,000] [0m<dbg> net_pkt.net_pkt_skip: (rx_q[0]): pkt 0x3c173cf0 skip 8[0m
[07:43:55.476] [1;32muart:~$ [m^[[1[12D[J[00:04:42.179,000] [0m<dbg> net_pkt.net_pkt_skip: (rx_q[0]): pkt 0x3c173cf0 skip 32[0m
[07:43:55.492] [1;32muart:~$ [m^[[1[12D[J[00:04:42.179,000] [0m<dbg> net_pkt.net_pkt_skip: (rx_q[0]): pkt 0x3c173cf0 skip 4[0m
[07:43:55.508] [1;32muart:~$ [m^[[1[12D[J[00:04:42.179,000] [0m<dbg> net_pkt.net_pkt_unref_debug: (rx_q[0]): RX [39] pkt 0x3c173cf0 ref 0 frags 0x3c172850 (processing_data():157)[0m
[07:43:55.524] [1;32muart:~$ [m^[[1[12D[J[00:04:42.179,000] [0m<dbg> net_pkt.net_pkt_unref_debug: (rx_q[0]): RDATA (rx_bufs) [159] frag 0x3c172850 ref 0 frags 0 (processing_data():157)[0m
[07:43:55.541] [1;32muart:~$ [m^[[1[12D[J[00:04:42.179,000] [0m<dbg> net_pkt.net_pkt_frag_unref_debug: (rx_q[0]): RDATA (rx_bufs) [159] frag 0x3c172850 ref 0 (net_pkt_unref_debug():612)[0m
[07:43:55.557] [1;32muart:~$ [m^[[1[12D[J[1;32muart:~$ [m^[[1[12D[J[1;32muart:~$ [m^[[1[12D[J[1;31m[1;31m--- 14 messages dropped ---
[07:43:56.228] [0m[m[00:04:43.176,000] [0m<dbg> net_pkt.net_pkt_skip: (sysworkq): pkt 0x3c172ee0 skip 40[0m
[07:43:56.229] [1;32muart:~$ [m^[[1[12D[J[1;31m[1;31m--- 13 messages dropped ---
[07:43:56.245] [0m[m[00:04:43.176,000] [0m<dbg> net_pkt.net_pkt_skip: (sysworkq): pkt 0x3c172ee0 skip 8[0m
[07:43:56.246] [1;32muart:~$ [m^[[1[12D[J[00:04:43.176,000] [0m<dbg> net_pkt.net_pkt_skip: (sysworkq): pkt 0x3c172ee0 skip 32[0m
[07:43:56.262] [1;32muart:~$ [m^[[1[12D[J[00:04:43.176,000] [0m<dbg> net_pkt.net_pkt_write: (sysworkq): pkt 0x3c172ee0 data 0x3c1534c8 length 4[0m
[07:43:56.280] [1;32muart:~$ [m^[[1[12D[J[00:04:43.176,000] [0m<dbg> net_pkt.net_pkt_skip: (sysworkq): pkt 0x3c172ee0 skip 4[0m
[07:43:56.296] [1;32muart:~$ [m^[[1[12D[J[00:04:43.177,000] [0m<dbg> net_pkt.net_pkt_get_reserve_data_debug: (sysworkq): TDATA (tx_bufs) [78] frag 0x3c15d4bc ref 1 (ethernet_fill_header():610)[0m
[07:43:56.312] [1;32muart:~$ [m^[[1[12D[J[00:04:43.177,000] [0m<dbg> net_pkt.net_pkt_frag_insert_debug: (sysworkq): pkt 0x3c172ee0 frag 0x3c15d4bc (ethernet_fill_header:669)[0m
[07:43:56.329] [1;32muart:~$ [m^[[1[12D[J[00:04:43.177,000] [0m<dbg> net_pkt.net_pkt_read: (sysworkq): pkt 0x3c172ee0 data 0x3fcc36ae length 86[0m
[07:43:56.345] [1;32muart:~$ [m^[[1[12D[J[00:04:43.180,000] [0m<dbg> net_pkt.net_pkt_skip: (rx_q[0]): pkt 0x3c173cf0 skip 4[0m
[07:43:56.362] [1;32muart:~$ [m^[[1[12D[J[00:04:43.180,000] [0m<dbg> net_pkt.net_pkt_unref_debug: (rx_q[0]): RX [39] pkt 0x3c173cf0 ref 0 frags 0x3c172850 (processing_data():157)[0m
[07:43:56.379] [1;32muart:~$ [m^[[1[12D[J[00:04:43.180,000] [0m<dbg> net_pkt.net_pkt_unref_debug: (rx_q[0]): RDATA (rx_bufs) [159] frag 0x3c172850 ref 0 frags 0 (processing_data():157)[0m
[07:43:56.396] [1;32muart:~$ [m^[[1[12D[J[00:04:43.180,000] [0m<dbg> net_pkt.net_pkt_frag_unref_debug: (rx_q[0]): RDATA (rx_bufs) [159] frag 0x3c172850 ref 0 (net_pkt_unref_debug():612)[0m
[07:43:56.412] [1;32muart:~$ [m^[[1[12D[J[00:04:43.180,000] [0m<dbg> net_pkt.net_pkt_print: (rx_q[0]): TX 16 RX 40 RDATA 160 TDATA 80[0m
[07:43:56.429] [1;32muart:~$ [m^[[1[12D[J[00:04:43.181,000] [0m<dbg> net_pkt.pkt_alloc_with_buffer: (wifi): On iface 1 (0x3fc9ea10) size 60[0m
[07:43:56.445] [1;32muart:~$ [m^[[1[12D[J[00:04:43.181,000] [0m<dbg> net_pkt.net_pkt_alloc_buffer_with_reserve_debug: (wifi): Data allocation maximum size 60 (requested 60, reserve 0)[0m
[07:43:56.462] [1;32muart:~$ [m^[[1[12D[J[1;31m[1;31m--- 87 messages dropped ---
[07:43:56.490] [0m[m[00:04:43.181,000] [0m<dbg> net_pkt.pkt_alloc_buffer: (wifi): RDATA (rx_bufs) [159] frag 0x3c172850 ref 1 (eth_esp32_rx():153)[0m
[07:43:56.491] [1;32muart:~$ [m^[[1[12D[J[00:04:43.181,000] [0m<dbg> net_pkt.net_pkt_write: (wifi): pkt 0x3c173cf0 data 0x3c26f2aa length 60[0m
[07:43:56.507] [1;32muart:~$ [m^[[1[12D[J[00:04:43.181,000] [0m<dbg> net_pkt.net_pkt_unref_debug: (rx_q[0]): RX [39] pkt 0x3c173cf0 ref 0 frags 0x3c172850 (processing_data():157)[0m
[07:43:56.524] [1;32muart:~$ [m^[[1[12D[J[00:04:43.181,000] [0m<dbg> net_pkt.net_pkt_unref_debug: (rx_q[0]): RDATA (rx_bufs) [159] frag 0x3c172850 ref 0 frags 0 (processing_data():157)[0m
[07:43:56.541] [1;32muart:~$ [m^[[1[12D[J[00:04:43.182,000] [0m<dbg> net_pkt.net_pkt_frag_unref_debug: (rx_q[0]): RDATA (rx_bufs) [159] frag 0x3c172850 ref 0 (net_pkt_unref_debug():612)[0m
[07:43:56.558] [1;32muart:~$ [m^[[1[12D[J[00:04:43.441,000] [0m<dbg> net_pkt.net_pkt_write: (wifi): pkt 0x3c173cf0 data 0x3c26f2ac length 74[0m
[07:43:56.574] [1;32muart:~$ [m^[[1[12D[J[00:04:43.442,000] [0m<dbg> net_pkt.net_pkt_skip: (rx_q[0]): pkt 0x3c173cf0 skip 40[0m
[07:43:56.591] [1;32muart:~$ [m^[[1[12D[J[00:04:43.442,000] [0m<dbg> net_pkt.net_pkt_skip: (rx_q[0]): pkt 0x3c173cf0 skip 8[0m
[07:43:56.607] [1;32muart:~$ [m^[[1[12D[J[00:04:43.442,000] [0m<dbg> net_pkt.net_pkt_skip: (rx_q[0]): pkt 0x3c173cf0 skip 32[0m
[07:43:56.623] [1;32muart:~$ [m^[[1[12D[J[00:04:43.442,000] [0m<dbg> net_pkt.net_pkt_write: (rx_q[0]): pkt 0x3c173cf0 data 0x3c16a596 length 20[0m
[07:43:56.639] [1;32muart:~$ [m^[[1[12D[J[00:04:43.442,000] [0m<dbg> net_pkt.net_pkt_skip: (rx_q[0]): pkt 0x3c173cf0 skip 20[0m
[07:43:56.655] [1;32muart:~$ [m^[[1[12D[J[00:04:43.442,000] [0m<dbg> net_pkt.net_pkt_skip: (rx_q[0]): pkt 0x3c173cf0 skip 40[0m
[07:43:56.671] [1;32muart:~$ [m^[[1[12D[J[00:04:43.442,000] [0m<dbg> net_pkt.net_pkt_skip: (rx_q[0]): pkt 0x3c173cf0 skip 40[0m
[07:43:56.687] [1;32muart:~$ [m^[[1[12D[J[00:04:43.442,000] [0m<dbg> net_pkt.net_pkt_skip: (rx_q[0]): pkt 0x3c173cf0 skip 40[0m
[07:43:56.703] [1;32muart:~$ [m^[[1[12D[J[00:04:43.442,000] [0m<dbg> net_pkt.net_pkt_skip: (rx_q[0]): pkt 0x3c173cf0 skip 40[0m
[07:43:56.719] [1;32muart:~$ [m^[[1[12D[J[00:04:43.442,000] [0m<dbg> net_pkt.net_pkt_skip: (rx_q[0]): pkt 0x3c173cf0 skip 40[0m
[07:43:56.735] [1;32muart:~$ [m^[[1[12D[J[00:04:43.442,000] [0m<dbg> net_pkt.net_pkt_unref_debug: (rx_q[0]): RX [39] pkt 0x3c173cf0 ref 0 frags 0x3c172850 (tcp_in():3635)[0m
[07:43:56.752] [1;32muart:~$ [m^[[1[12D[J[00:04:43.442,000] [0m<dbg> net_pkt.net_pkt_unref_debug: (rx_q[0]): RDATA (rx_bufs) [159] frag 0x3c172850 ref 0 frags 0 (tcp_in():3635)[0m
[07:43:56.768] [1;32muart:~$ [m^[[1[12D[J[00:04:43.442,000] [0m<dbg> net_pkt.net_pkt_frag_unref_debug: (rx_q[0]): RDATA (rx_bufs) [159] frag 0x3c172850 ref 0 (net_pkt_unref_debug():612)[0m
[07:43:56.785] [1;32muart:~$ [m^[[1[12D[J[00:04:43.442,000] [0m<dbg> net_pkt.net_pkt_print: (rx_q[0]): TX 16 RX 40 RDATA 160 TDATA 80[0m
[07:43:56.801] [1;32muart:~$ [m^[[1[12D[J[1;32muart:~$ [m^[[1[12D[J[1;32muart:~$ [m^[[1[12D[J[1;31m[1;31m--- 3 messages dropped ---
[07:43:58.233] [0m[m[00:04:44.360,000] [0m<dbg> net_pkt.net_pkt_write: (wifi): pkt 0x3c173cf0 data 0x3c26f2aa length 60[0m
[07:43:58.241] [1;32muart:~$ [m^[[1[12D[J[1;31m[1;31m--- 38 messages dropped ---
[07:43:58.257] [0m[m[00:04:44.361,000] [0m<dbg> net_pkt.net_pkt_unref_debug: (rx_q[0]): RX [39] pkt 0x3c173cf0 ref 0 frags 0x3c172850 (processing_data():157)[0m
[07:43:58.258] [1;32muart:~$ [m^[[1[12D[J[00:04:44.361,000] [0m<dbg> net_pkt.net_pkt_unref_debug: (rx_q[0]): RDATA (rx_bufs) [159] frag 0x3c172850 ref 0 frags 0 (processing_data():157)[0m
[07:43:58.275] [1;32muart:~$ [m^[[1[12D[J[00:04:44.361,000] [0m<dbg> net_pkt.net_pkt_frag_unref_debug: (rx_q[0]): RDATA (rx_bufs) [159] frag 0x3c172850 ref 0 (net_pkt_unref_debug():612)[0m
[07:43:58.292] [1;32muart:~$ [m^[[1[12D[J[00:04:44.361,000] [0m<dbg> net_pkt.net_pkt_print: (rx_q[0]): TX 16 RX 40 RDATA 160 TDATA 80[0m
[07:43:58.308] [1;32muart:~$ [m^[[1[12D[J[00:04:45.184,000] [0m<dbg> net_pkt.pkt_alloc_with_buffer: (wifi): On iface 1 (0x3fc9ea10) size 60[0m
[07:43:58.325] [1;32muart:~$ [m^[[1[12D[J[00:04:45.184,000] [0m<dbg> net_pkt.net_pkt_alloc_buffer_with_reserve_debug: (wifi): Data allocation maximum size 60 (requested 60, reserve 0)[0m
[07:43:58.342] [1;32muart:~$ [m^[[1[12D[J[00:04:45.184,000] [0m<dbg> net_pkt.pkt_alloc_buffer: (wifi): RDATA (rx_bufs) [159] frag 0x3c172850 ref 1 (eth_esp32_rx():153)[0m
[07:43:58.358] [1;32muart:~$ [m^[[1[12D[J[00:04:45.190,000] [0m<dbg> net_pkt.net_pkt_read: (rx_q[0]): pkt 0x3c172ee0 data 0x3fcc36ae length 74[0m
[07:43:58.374] [1;32muart:~$ [m^[[1[12D[J[00:04:45.190,000] [0m<dbg> net_pkt.net_pkt_unref_debug: (rx_q[0]): TX [15] pkt 0x3c172ee0 ref 1 frags 0x3c15d4bc (ethernet_send():800)[0m
[07:43:58.391] [1;32muart:~$ [m^[[1[12D[J[00:04:45.190,000] [0m<dbg> net_pkt.net_pkt_unref_debug: (rx_q[0]): TX [15] pkt 0x3c172ee0 ref 0 frags 0x3c15d4bc (tcp_send():472)[0m
[07:43:58.407] [1;32muart:~$ [m^[[1[12D[J[00:04:45.190,000] [0m<dbg> net_pkt.net_pkt_unref_debug: (rx_q[0]): TDATA (tx_bufs) [78] frag 0x3c15d4bc ref 0 frags 0x3c15d4a0 (tcp_send():472)[0m
[07:43:58.424] [1;32muart:~$ [m^[[1[12D[J[00:04:45.190,000] [0m<dbg> net_pkt.net_pkt_frag_unref_debug: (rx_q[0]): TDATA (tx_bufs) [78] frag 0x3c15d4bc ref 0 (net_pkt_unref_debug():612)[0m
[07:43:58.441] [1;32muart:~$ [m^[[1[12D[J[00:04:45.190,000] [0m<dbg> net_pkt.net_pkt_frag_unref_debug: (rx_q[0]): TDATA (tx_bufs) [79] frag 0x3c15d4a0 ref 0 (net_pkt_unref_debug():612)[0m
[07:43:58.458] [1;32muart:~$ [m^[[1[12D[J[00:04:45.190,000] [0m<dbg> net_pkt.net_pkt_print: (rx_q[0]): TX 16 RX 39 RDATA 159 TDATA 80[0m
[07:43:58.474] [1;32muart:~$ [m^[[1[12D[J[00:04:45.192,000] [0m<dbg> net_pkt.net_pkt_read: (llss_thread): pkt 0x3c173cf0 data 0x3c246e00 length 5[0m
[07:43:58.490] [1;32muart:~$ [m^[[1[12D[J[00:04:45.192,000] [0m<dbg> net_pkt.net_pkt_read: (llss_thread): pkt 0x3c173cf0 data 0x3c246e05 length 233[0m
[07:43:58.507] [1;32muart:~$ [m^[[1[12D[J[00:04:45.192,000] [0m<dbg> net_pkt.net_pkt_unref_debug: (llss_thread): RX [39] pkt 0x3c173cf0 ref 0 frags 0x3c172850 (zsock_recv_stream_immediate():1423)[0m
[07:43:58.524] [1;32muart:~$ [m^[[1[12D[J[00:04:45.192,000] [0m<dbg> net_pkt.net_pkt_unref_debug: (llss_thread): RDATA (rx_bufs) [159] frag 0x3c172850 ref 0 frags 0 (zsock_recv_stream_immediate():1423)[0m
[07:43:58.541] [1;32muart:~$ [m^[[1[12D[J[00:04:45.192,000] [0m<dbg> net_pkt.net_pkt_frag_unref_debug: (llss_thread): RDATA (rx_bufs) [159] frag 0x3c172850 ref 0 (net_pkt_unref_debug():612)[0m
[07:43:58.558] [1;32muart:~$ [m^[[1[12D[J[1;32muart:~$ [m^[[1[12D[J[1;32muart:~$ [m^[[1[12D[J[00:04:45.999,000] [0m<dbg> net_pkt.pkt_alloc_with_buffer: (wifi): On iface 1 (0x3fc9ea10) size 60[0m
[07:44:00.046] [1;32muart:~$ [m^[[1[12D[J[00:04:45.999,000] [0m<dbg> net_pkt.net_pkt_alloc_buffer_with_reserve_debug: (wifi): Data allocation maximum size 60 (requested 60, reserve 0)[0m
[07:44:00.063] [1;32muart:~$ [m^[[1[12D[J[00:04:45.999,000] [0m<dbg> net_pkt.pkt_alloc_buffer: (wifi): RDATA (rx_bufs) [159] frag 0x3c172850 ref 1 (eth_esp32_rx():153)[0m
[07:44:00.080] [1;32muart:~$ [m^[[1[12D[J[00:04:45.999,000] [0m<dbg> net_pkt.net_pkt_write: (wifi): pkt 0x3c173cf0 data 0x3c26f2aa length 60[0m
[07:44:00.096] [1;32muart:~$ [m^[[1[12D[J[00:04:45.999,000] [0m<dbg> net_pkt.net_pkt_unref_debug: (rx_q[0]): RX [39] pkt 0x3c173cf0 ref 0 frags 0x3c172850 (processing_data():157)[0m
[07:44:00.113] [1;32muart:~$ [m^[[1[12D[J[00:04:45.999,000] [0m<dbg> net_pkt.net_pkt_unref_debug: (rx_q[0]): RDATA (rx_bufs) [159] frag 0x3c172850 ref 0 frags 0 (processing_data():157)[0m
[07:44:00.129] [1;32muart:~$ [m^[[1[12D[J[00:04:45.999,000] [0m<dbg> net_pkt.net_pkt_frag_unref_debug: (rx_q[0]): RDATA (rx_bufs) [159] frag 0x3c172850 ref 0 (net_pkt_unref_debug():612)[0m
[07:44:00.146] [1;32muart:~$ [m^[[1[12D[J[00:04:45.999,000] [0m<dbg> net_pkt.net_pkt_print: (rx_q[0]): TX 16 RX 40 RDATA 160 TDATA 80[0m
[07:44:00.162] [1;32muart:~$ [m^[[1[12D[J[1;32muart:~$ [m^[[1[12D[J[1;32muart:~$ [m^[[1[12D[J[1;31m[1;31m--- 3 messages dropped ---
[07:44:01.094] [0m[m[00:04:47.228,000] [0m<dbg> net_pkt.net_pkt_write: (wifi): pkt 0x3c173cf0 data 0x3c26f2aa length 60[0m
[07:44:01.095] [1;32muart:~$ [m^[[1[12D[J[00:04:47.228,000] [0m<dbg> net_pkt.net_pkt_unref_debug: (rx_q[0]): RX [39] pkt 0x3c173cf0 ref 0 frags 0x3c172850 (processing_data():157)[0m
[07:44:01.112] [1;32muart:~$ [m^[[1[12D[J[00:04:47.228,000] [0m<dbg> net_pkt.net_pkt_unref_debug: (rx_q[0]): RDATA (rx_bufs) [159] frag 0x3c172850 ref 0 frags 0 (processing_data():157)[0m
[07:44:01.128] [1;32muart:~$ [m^[[1[12D[J[00:04:47.228,000] [0m<dbg> net_pkt.net_pkt_frag_unref_debug: (rx_q[0]): RDATA (rx_bufs) [159] frag 0x3c172850 ref 0 (net_pkt_unref_debug():612)[0m
[07:44:01.145] [1;32muart:~$ [m^[[1[12D[J[00:04:47.228,000] [0m<dbg> net_pkt.net_pkt_print: (rx_q[0]): TX 16 RX 40 RDATA 160 TDATA 80[0m
[07:44:01.161] [1;32muart:~$ [m^[[1[12D[J[00:04:48.047,000] [0m<dbg> net_pkt.pkt_alloc_with_buffer: (wifi): On iface 1 (0x3fc9ea10) size 60[0m
[07:44:01.177] [1;32muart:~$ [m^[[1[12D[J[00:04:48.047,000] [0m<dbg> net_pkt.net_pkt_alloc_buffer_with_reserve_debug: (wifi): Data allocation maximum size 60 (requested 60, reserve 0)[0m
[07:44:01.194] [1;32muart:~$ [m^[[1[12D[J[00:04:48.047,000] [0m<dbg> net_pkt.pkt_alloc_buffer: (wifi): RDATA (rx_bufs) [159] frag 0x3c172850 ref 1 (eth_esp32_rx():153)[0m
[07:44:01.210] [1;32muart:~$ [m^[[1[12D[J[00:04:48.047,000] [0m<dbg> net_pkt.net_pkt_write: (wifi): pkt 0x3c173cf0 data 0x3c26f2aa length 60[0m
[07:44:01.227] [1;32muart:~$ [m^[[1[12D[J[00:04:48.047,000] [0m<dbg> net_pkt.net_pkt_unref_debug: (rx_q[0]): RX [39] pkt 0x3c173cf0 ref 0 frags 0x3c172850 (processing_data():157)[0m
[07:44:01.243] [1;32muart:~$ [m^[[1[12D[J[00:04:48.047,000] [0m<dbg> net_pkt.net_pkt_unref_debug: (rx_q[0]): RDATA (rx_bufs) [159] frag 0x3c172850 ref 0 frags 0 (processing_data():157)[0m
[07:44:01.260] [1;32muart:~$ [m^[[1[12D[J[00:04:48.047,000] [0m<dbg> net_pkt.net_pkt_frag_unref_debug: (rx_q[0]): RDATA (rx_bufs) [159] frag 0x3c172850 ref 0 (net_pkt_unref_debug():612)[0m
[07:44:01.276] [1;32muart:~$ [m^[[1[12D[J[00:04:48.047,000] [0m<dbg> net_pkt.net_pkt_print: (rx_q[0]): TX 16 RX 40 RDATA 160 TDATA 80[0m
[07:44:01.293] [1;32muart:~$ [m^[[1[12D[J[1;32muart:~$ [m^[[1[12D[J[1;32muart:~$ [m^[[1[12D[J[1;31m[1;31m--- 14 messages dropped ---
[07:44:01.483] [0m[m[00:04:48.432,000] [0m<dbg> net_pkt.net_pkt_skip: (sysworkq): pkt 0x3c172ee0 skip 40[0m
[07:44:01.484] [1;32muart:~$ [m^[[1[12D[J[1;31m[1;31m--- 4 messages dropped ---
[07:44:01.500] [0m[m[00:04:48.432,000] [0m<dbg> net_pkt.net_pkt_skip: (sysworkq): pkt 0x3c172ee0 skip 8[0m
[07:44:01.501] [1;32muart:~$ [m^[[1[12D[J[00:04:48.432,000] [0m<dbg> net_pkt.net_pkt_skip: (sysworkq): pkt 0x3c172ee0 skip 32[0m
[07:44:01.517] [1;32muart:~$ [m^[[1[12D[J[00:04:48.432,000] [0m<dbg> net_pkt.net_pkt_write: (sysworkq): pkt 0x3c172ee0 data 0x3c1534c8 length 4[0m
[07:44:01.534] [1;32muart:~$ [m^[[1[12D[J[00:04:48.432,000] [0m<dbg> net_pkt.net_pkt_skip: (sysworkq): pkt 0x3c172ee0 skip 4[0m
[07:44:01.550] [1;32muart:~$ [m^[[1[12D[J[00:04:48.432,000] [0m<dbg> net_pkt.net_pkt_get_reserve_data_debug: (sysworkq): TDATA (tx_bufs) [78] frag 0x3c15d4bc ref 1 (ethernet_fill_header():610)[0m
[07:44:01.567] [1;32muart:~$ [m^[[1[12D[J[00:04:48.432,000] [0m<dbg> net_pkt.net_pkt_frag_insert_debug: (sysworkq): pkt 0x3c172ee0 frag 0x3c15d4bc (ethernet_fill_header:669)[0m
[07:44:01.584] [1;32muart:~$ [m^[[1[12D[J[00:04:48.432,000] [0m<dbg> net_pkt.net_pkt_read: (sysworkq): pkt 0x3c172ee0 data 0x3fcc36ae length 86[0m
[07:44:01.600] [1;32muart:~$ [m^[[1[12D[J[00:04:48.433,000] [0m<dbg> net_pkt.net_pkt_frag_unref_debug: (sysworkq): TDATA (tx_bufs) [79] frag 0x3c15d4a0 ref 0 (net_pkt_unref_debug():612)[0m
[07:44:01.617] [1;32muart:~$ [m^[[1[12D[J[00:04:48.435,000] [0m<dbg> net_pkt.pkt_alloc_with_buffer: (wifi): On iface 1 (0x3fc9ea10) size 78[0m
[07:44:01.634] [1;32muart:~$ [m^[[1[12D[J[00:04:48.435,000] [0m<dbg> net_pkt.net_pkt_alloc_buffer_with_reserve_debug: (wifi): Data allocation maximum size 78 (requested 78, reserve 0)[0m
[07:44:01.650] [1;32muart:~$ [m^[[1[12D[J[00:04:48.435,000] [0m<dbg> net_pkt.pkt_alloc_buffer: (wifi): RDATA (rx_bufs) [159] frag 0x3c172850 ref 1 (eth_esp32_rx():153)[0m
[07:44:01.667] [1;32muart:~$ [m^[[1[12D[J[00:04:48.435,000] [0m<dbg> net_pkt.net_pkt_write: (wifi): pkt 0x3c173cf0 data 0x3c26f2ac length 78[0m
[07:44:01.683] [1;32muart:~$ [m^[[1[12D[J[00:04:48.436,000] [0m<dbg> net_pkt.net_pkt_skip: (rx_q[0]): pkt 0x3c173cf0 skip 40[0m
[07:44:01.700] [1;32muart:~$ [m^[[1[12D[J[00:04:48.436,000] [0m<dbg> net_pkt.net_pkt_skip: (rx_q[0]): pkt 0x3c173cf0 skip 8[0m
[07:44:01.716] [1;32muart:~$ [m^[[1[12D[J[00:04:48.436,000] [0m<dbg> net_pkt.net_pkt_skip: (rx_q[0]): pkt 0x3c173cf0 skip 32[0m
[07:44:01.732] [1;32muart:~$ [m^[[1[12D[J[00:04:48.436,000] [0m<dbg> net_pkt.net_pkt_skip: (rx_q[0]): pkt 0x3c173cf0 skip 4[0m
[07:44:01.748] [1;32muart:~$ [m^[[1[12D[J[00:04:48.436,000] [0m<dbg> net_pkt.net_pkt_unref_debug: (rx_q[0]): RX [39] pkt 0x3c173cf0 ref 0 frags 0x3c172850 (processing_data():157)[0m
[07:44:01.764] [1;32muart:~$ [m^[[1[12D[J[00:04:48.436,000] [0m<dbg> net_pkt.net_pkt_unref_debug: (rx_q[0]): RDATA (rx_bufs) [159] frag 0x3c172850 ref 0 frags 0 (processing_data():157)[0m
[07:44:01.781] [1;32muart:~$ [m^[[1[12D[J[00:04:48.436,000] [0m<dbg> net_pkt.net_pkt_frag_unref_debug: (rx_q[0]): RDATA (rx_bufs) [159] frag 0x3c172850 ref 0 (net_pkt_unref_debug():612)[0m
[07:44:01.797] [1;32muart:~$ [m^[[1[12D[J[00:04:48.436,000] [0m<dbg> net_pkt.net_pkt_print: (rx_q[0]): TX 16 RX 40 RDATA 160 TDATA 80[0m
[07:44:01.814] [1;32muart:~$ [m^[[1[12D[J[1;32muart:~$ [m^[[1[12D[J[1;32muart:~$ [m^[[1[12D[J[1;31m[1;31m--- 22 messages dropped ---
[07:44:02.485] [0m[m[00:04:49.433,000] [0m<dbg> net_pkt.net_pkt_skip: (sysworkq): pkt 0x3c172ee0 skip 40[0m
[07:44:02.485] [1;32muart:~$ [m^[[1[12D[J[1;31m[1;31m--- 5 messages dropped ---
[07:44:02.502] [0m[m[00:04:49.433,000] [0m<dbg> net_pkt.net_pkt_skip: (sysworkq): pkt 0x3c172ee0 skip 8[0m
[07:44:02.502] [1;32muart:~$ [m^[[1[12D[J[00:04:49.433,000] [0m<dbg> net_pkt.net_pkt_skip: (sysworkq): pkt 0x3c172ee0 skip 32[0m
[07:44:02.519] [1;32muart:~$ [m^[[1[12D[J[00:04:49.433,000] [0m<dbg> net_pkt.net_pkt_write: (sysworkq): pkt 0x3c172ee0 data 0x3c1534c8 length 4[0m
[07:44:02.535] [1;32muart:~$ [m^[[1[12D[J[00:04:49.433,000] [0m<dbg> net_pkt.net_pkt_skip: (sysworkq): pkt 0x3c172ee0 skip 4[0m
[07:44:02.552] [1;32muart:~$ [m^[[1[12D[J[00:04:49.434,000] [0m<dbg> net_pkt.net_pkt_get_reserve_data_debug: (sysworkq): TDATA (tx_bufs) [78] frag 0x3c15d4bc ref 1 (ethernet_fill_header():610)[0m
[07:44:02.569] [1;32muart:~$ [m^[[1[12D[J[00:04:49.434,000] [0m<dbg> net_pkt.net_pkt_frag_insert_debug: (sysworkq): pkt 0x3c172ee0 frag 0x3c15d4bc (ethernet_fill_header:669)[0m
[07:44:02.585] [1;32muart:~$ [m^[[1[12D[J[00:04:49.434,000] [0m<dbg> net_pkt.net_pkt_read: (sysworkq): pkt 0x3c172ee0 data 0x3fcc36ae length 86[0m
[07:44:02.601] [1;32muart:~$ [m^[[1[12D[J[00:04:49.437,000] [0m<dbg> net_pkt.pkt_alloc_with_buffer: (wifi): On iface 1 (0x3fc9ea10) size 78[0m
[07:44:02.618] [1;32muart:~$ [m^[[1[12D[J[00:04:49.437,000] [0m<dbg> net_pkt.net_pkt_alloc_buffer_with_reserve_debug: (wifi): Data allocation maximum size 78 (requested 78, reserve 0)[0m
[07:44:02.634] [1;32muart:~$ [m^[[1[12D[J[00:04:49.437,000] [0m<dbg> net_pkt.pkt_alloc_buffer: (wifi): RDATA (rx_bufs) [159] frag 0x3c172850 ref 1 (eth_esp32_rx():153)[0m
[07:44:02.651] [1;32muart:~$ [m^[[1[12D[J[00:04:49.437,000] [0m<dbg> net_pkt.net_pkt_write: (wifi): pkt 0x3c173cf0 data 0x3c26f2ac length 78[0m
[07:44:02.667] [1;32muart:~$ [m^[[1[12D[J[00:04:49.437,000] [0m<dbg> net_pkt.net_pkt_skip: (rx_q[0]): pkt 0x3c173cf0 skip 40[0m
[07:44:02.684] [1;32muart:~$ [m^[[1[12D[J[00:04:49.437,000] [0m<dbg> net_pkt.net_pkt_skip: (rx_q[0]): pkt 0x3c173cf0 skip 8[0m
[07:44:02.700] [1;32muart:~$ [m^[[1[12D[J[00:04:49.437,000] [0m<dbg> net_pkt.net_pkt_skip: (rx_q[0]): pkt 0x3c173cf0 skip 32[0m
[07:44:02.716] [1;32muart:~$ [m^[[1[12D[J[00:04:49.437,000] [0m<dbg> net_pkt.net_pkt_skip: (rx_q[0]): pkt 0x3c173cf0 skip 4[0m
[07:44:02.732] [1;32muart:~$ [m^[[1[12D[J[00:04:49.438,000] [0m<dbg> net_pkt.net_pkt_unref_debug: (rx_q[0]): RX [39] pkt 0x3c173cf0 ref 0 frags 0x3c172850 (processing_data():157)[0m
[07:44:02.748] [1;32muart:~$ [m^[[1[12D[J[00:04:49.438,000] [0m<dbg> net_pkt.net_pkt_unref_debug: (rx_q[0]): RDATA (rx_bufs) [159] frag 0x3c172850 ref 0 frags 0 (processing_data():157)[0m
[07:44:02.765] [1;32muart:~$ [m^[[1[12D[J[00:04:49.438,000] [0m<dbg> net_pkt.net_pkt_frag_unref_debug: (rx_q[0]): RDATA (rx_bufs) [159] frag 0x3c172850 ref 0 (net_pkt_unref_debug():612)[0m
[07:44:02.782] [1;32muart:~$ [m^[[1[12D[J[00:04:49.438,000] [0m<dbg> net_pkt.net_pkt_print: (rx_q[0]): TX 16 RX 40 RDATA 160 TDATA 80[0m
[07:44:02.798] [1;32muart:~$ [m^[[1[12D[J[1;32muart:~$ [m^[[1[12D[J[1;32muart:~$ [m^[[1[12D[J[1;31m[1;31m--- 20 messages dropped ---
[07:44:03.254] [0m[m[00:04:50.197,000] [0m<dbg> net_pkt.net_pkt_ref_debug: (llss_thread): TX [14] pkt 0x3c172f28 ref 2 (tcp_send():424)[0m
[07:44:03.255] [1;32muart:~$ [m^[[1[12D[J[1;31m[1;31m--- 52 messages dropped ---
[07:44:03.271] [0m[m[00:04:50.197,000] [0m<dbg> net_pkt.net_pkt_get_reserve_data_debug: (llss_thread): TDATA (tx_bufs) [76] frag 0x3c15d4f4 ref 1 (ethernet_fill_header():610)[0m
[07:44:03.272] [1;32muart:~$ [m^[[1[12D[J[1;31m[1;31m--- 14 messages dropped ---
[07:44:03.288] [0m[m[00:04:50.197,000] [0m<dbg> net_pkt.net_pkt_frag_insert_debug: (llss_thread): pkt 0x3c172f28 frag 0x3c15d4f4 (ethernet_fill_header:669)[0m
[07:44:03.289] [1;32muart:~$ [m^[[1[12D[J[00:04:50.197,000] [0m<dbg> net_pkt.net_pkt_read: (llss_thread): pkt 0x3c172f28 data 0x3fcc36ae length 295[0m
[07:44:03.306] [1;32muart:~$ [m^[[1[12D[J[00:04:50.198,000] [0m<dbg> net_pkt.net_pkt_unref_debug: (llss_thread): TX [14] pkt 0x3c172f28 ref 1 frags 0x3c15d4f4 (ethernet_send():800)[0m
[07:44:03.324] [1;32muart:~$ [m^[[1[12D[J[00:04:50.199,000] [0m<dbg> net_pkt.net_pkt_unref_debug: (llss_thread): TX [14] pkt 0x3c172f28 ref 0 frags 0x3c15d4f4 (tcp_send():472)[0m
[07:44:03.342] [1;32muart:~$ [m^[[1[12D[J[00:04:50.199,000] [0m<dbg> net_pkt.net_pkt_unref_debug: (llss_thread): TDATA (tx_bufs) [76] frag 0x3c15d4f4 ref 0 frags 0x3c15d4d8 (tcp_send():472)[0m
[07:44:03.359] [1;32muart:~$ [m^[[1[12D[J[00:04:50.205,000] [0m<dbg> net_pkt.net_pkt_unref_debug: (rx_q[0]): TX [14] pkt 0x3c172f28 ref 0 frags 0x3c15d4f4 (tcp_send():472)[0m
[07:44:03.375] [1;32muart:~$ [m^[[1[12D[J[00:04:50.210,000] [0m<dbg> net_pkt.net_pkt_write: (wifi): pkt 0x3c173cf0 data 0x3c26f2ac length 74[0m
[07:44:03.391] [1;32muart:~$ [m^[[1[12D[J[00:04:50.211,000] [0m<dbg> net_pkt.net_pkt_skip: (rx_q[0]): pkt 0x3c173cf0 skip 40[0m
[07:44:03.408] [1;32muart:~$ [m^[[1[12D[J[00:04:50.211,000] [0m<dbg> net_pkt.net_pkt_skip: (rx_q[0]): pkt 0x3c173cf0 skip 8[0m
[07:44:03.424] [1;32muart:~$ [m^[[1[12D[J[00:04:50.211,000] [0m<dbg> net_pkt.net_pkt_skip: (rx_q[0]): pkt 0x3c173cf0 skip 32[0m
[07:44:03.440] [1;32muart:~$ [m^[[1[12D[J[00:04:50.211,000] [0m<dbg> net_pkt.net_pkt_write: (rx_q[0]): pkt 0x3c173cf0 data 0x3c16a596 length 20[0m
[07:44:03.456] [1;32muart:~$ [m^[[1[12D[J[00:04:50.211,000] [0m<dbg> net_pkt.net_pkt_skip: (rx_q[0]): pkt 0x3c173cf0 skip 20[0m
[07:44:03.473] [1;32muart:~$ [m^[[1[12D[J[00:04:50.211,000] [0m<dbg> net_pkt.net_pkt_skip: (rx_q[0]): pkt 0x3c173cf0 skip 40[0m
[07:44:03.489] [1;32muart:~$ [m^[[1[12D[J[1;31m[1;31m--- 27 messages dropped ---
[07:44:03.505] [0m[m[00:04:50.211,000] [0m<dbg> net_pkt.net_pkt_skip: (rx_q[0]): pkt 0x3c173cf0 skip 40[0m
[07:44:03.506] [1;32muart:~$ [m^[[1[12D[J[00:04:50.211,000] [0m<dbg> net_pkt.net_pkt_skip: (rx_q[0]): pkt 0x3c173cf0 skip 40[0m
[07:44:03.522] [1;32muart:~$ [m^[[1[12D[J[00:04:50.211,000] [0m<dbg> net_pkt.net_pkt_skip: (rx_q[0]): pkt 0x3c173cf0 skip 40[0m
[07:44:03.539] [1;32muart:~$ [m^[[1[12D[J[00:04:50.211,000] [0m<dbg> net_pkt.net_pkt_skip: (rx_q[0]): pkt 0x3c173cf0 skip 40[0m
[07:44:03.555] [1;32muart:~$ [m^[[1[12D[J[00:04:50.211,000] [0m<dbg> net_pkt.net_pkt_unref_debug: (rx_q[0]): RX [39] pkt 0x3c173cf0 ref 0 frags 0x3c172850 (tcp_in():3635)[0m
[07:44:03.572] [1;32muart:~$ [m^[[1[12D[J[00:04:50.211,000] [0m<dbg> net_pkt.net_pkt_frag_unref_debug: (rx_q[0]): RDATA (rx_bufs) [159] frag 0x3c172850 ref 0 (net_pkt_unref_debug():612)[0m
[07:44:03.589] [1;32muart:~$ [m^[[1[12D[J[00:04:50.436,000] [0m<dbg> net_pkt.net_pkt_frag_unref_debug: (sysworkq): TDATA (tx_bufs) [78] frag 0x3c15d4bc ref 0 (net_pkt_unref_debug():612)[0m
[07:44:03.605] [1;32muart:~$ [m^[[1[12D[J[00:04:50.438,000] [0m<dbg> net_pkt.pkt_alloc_with_buffer: (wifi): On iface 1 (0x3fc9ea10) size 78[0m
[07:44:03.621] [1;32muart:~$ [m^[[1[12D[J[00:04:50.438,000] [0m<dbg> net_pkt.net_pkt_alloc_buffer_with_reserve_debug: (wifi): Data allocation maximum size 78 (requested 78, reserve 0)[0m
[07:44:03.638] [1;32muart:~$ [m^[[1[12D[J[00:04:50.438,000] [0m<dbg> net_pkt.pkt_alloc_buffer: (wifi): RDATA (rx_bufs) [159] frag 0x3c172850 ref 1 (eth_esp32_rx():153)[0m
[07:44:03.654] [1;32muart:~$ [m^[[1[12D[J[00:04:50.438,000] [0m<dbg> net_pkt.net_pkt_write: (wifi): pkt 0x3c173cf0 data 0x3c26f2ac length 78[0m
[07:44:03.671] [1;32muart:~$ [m^[[1[12D[J[00:04:50.439,000] [0m<dbg> net_pkt.net_pkt_skip: (rx_q[0]): pkt 0x3c173cf0 skip 40[0m
[07:44:03.687] [1;32muart:~$ [m^[[1[12D[J[00:04:50.439,000] [0m<dbg> net_pkt.net_pkt_skip: (rx_q[0]): pkt 0x3c173cf0 skip 8[0m
[07:44:03.703] [1;32muart:~$ [m^[[1[12D[J[00:04:50.439,000] [0m<dbg> net_pkt.net_pkt_skip: (rx_q[0]): pkt 0x3c173cf0 skip 32[0m
[07:44:03.719] [1;32muart:~$ [m^[[1[12D[J[00:04:50.439,000] [0m<dbg> net_pkt.net_pkt_skip: (rx_q[0]): pkt 0x3c173cf0 skip 4[0m
[07:44:03.735] [1;32muart:~$ [m^[[1[12D[J[00:04:50.439,000] [0m<dbg> net_pkt.net_pkt_unref_debug: (rx_q[0]): RX [39] pkt 0x3c173cf0 ref 0 frags 0x3c172850 (processing_data():157)[0m
[07:44:03.752] [1;32muart:~$ [m^[[1[12D[J[00:04:50.439,000] [0m<dbg> net_pkt.net_pkt_unref_debug: (rx_q[0]): RDATA (rx_bufs) [159] frag 0x3c172850 ref 0 frags 0 (processing_data():157)[0m
[07:44:03.769] [1;32muart:~$ [m^[[1[12D[J[00:04:50.439,000] [0m<dbg> net_pkt.net_pkt_frag_unref_debug: (rx_q[0]): RDATA (rx_bufs) [159] frag 0x3c172850 ref 0 (net_pkt_unref_debug():612)[0m
[07:44:03.785] [1;32muart:~$ [m^[[1[12D[J[00:04:50.439,000] [0m<dbg> net_pkt.net_pkt_print: (rx_q[0]): TX 16 RX 40 RDATA 160 TDATA 80[0m
[07:44:03.801] [1;32muart:~$ [m^[[1[12D[J[1;32muart:~$ [m^[[1[12D[J[1;32muart:~$ [m^[[1[12D[J[1;31m[1;31m--- 85 messages dropped ---
[07:44:04.997] [0m[m[00:04:51.947,000] [0m<dbg> net_pkt.net_pkt_get_reserve_data_debug: (rx_q[0]): TDATA (tx_bufs) [78] frag 0x3c15d4bc ref 1 (ethernet_fill_header():610)[0m
[07:44:04.998] [1;32muart:~$ [m^[[1[12D[J[00:04:51.947,000] [0m<dbg> net_pkt.net_pkt_frag_insert_debug: (rx_q[0]): pkt 0x3c172ee0 frag 0x3c15d4bc (ethernet_fill_header:669)[0m
[07:44:05.014] [1;32muart:~$ [m^[[1[12D[J[00:04:51.947,000] [0m<dbg> net_pkt.net_pkt_read: (rx_q[0]): pkt 0x3c172ee0 data 0x3fcc36ae length 74[0m
[07:44:05.030] [1;32muart:~$ [m^[[1[12D[J[00:04:51.947,000] [0m<dbg> net_pkt.net_pkt_unref_debug: (rx_q[0]): TX [15] pkt 0x3c172ee0 ref 1 frags 0x3c15d4bc (ethernet_send():800)[0m
[07:44:05.048] [1;32muart:~$ [m^[[1[12D[J[00:04:51.947,000] [0m<dbg> net_pkt.net_pkt_unref_debug: (rx_q[0]): TX [15] pkt 0x3c172ee0 ref 0 frags 0x3c15d4bc (handle_na_neighbor():1896)[0m
[07:44:05.065] [1;32muart:~$ [m^[[1[12D[J[00:04:51.947,000] [0m<dbg> net_pkt.net_pkt_unref_debug: (rx_q[0]): TDATA (tx_bufs) [78] frag 0x3c15d4bc ref 0 frags 0x3c15d4a0 (handle_na_neighbor():1896)[0m
[07:44:05.081] [1;32muart:~$ [m^[[1[12D[J[00:04:51.947,000] [0m<dbg> net_pkt.net_pkt_unref_debug: (rx_q[0]): TDATA (tx_bufs) [78] frag 0x3c15d4a0 ref 0 frags 0 (handle_na_neighbor():1896)[0m
[07:44:05.098] [1;32muart:~$ [m^[[1[12D[J[00:04:51.947,000] [0m<dbg> net_pkt.net_pkt_frag_unref_debug: (rx_q[0]): TDATA (tx_bufs) [78] frag 0x3c15d4bc ref 0 (net_pkt_unref_debug():612)[0m
[07:44:05.115] [1;32muart:~$ [m^[[1[12D[J[00:04:51.947,000] [0m<dbg> net_pkt.net_pkt_frag_unref_debug: (rx_q[0]): TDATA (tx_bufs) [79] frag 0x3c15d4a0 ref 0 (net_pkt_unref_debug():612)[0m
[07:44:05.132] [1;32muart:~$ [m^[[1[12D[J[00:04:51.947,000] [0m<dbg> net_pkt.net_pkt_unref_debug: (rx_q[0]): RX [39] pkt 0x3c173cf0 ref 0 frags 0x3c172850 (net_icmpv6_input():408)[0m
[07:44:05.149] [1;32muart:~$ [m^[[1[12D[J[00:04:51.947,000] [0m<dbg> net_pkt.net_pkt_unref_debug: (rx_q[0]): RDATA (rx_bufs) [159] frag 0x3c172850 ref 0 frags 0 (net_icmpv6_input():408)[0m
[07:44:05.166] [1;32muart:~$ [m^[[1[12D[J[00:04:51.947,000] [0m<dbg> net_pkt.net_pkt_frag_unref_debug: (rx_q[0]): RDATA (rx_bufs) [159] frag 0x3c172850 ref 0 (net_pkt_unref_debug():612)[0m
[07:44:05.183] [1;32muart:~$ [m^[[1[12D[J[00:04:51.947,000] [0m<dbg> net_pkt.net_pkt_print: (rx_q[0]): TX 16 RX 40 RDATA 160 TDATA 80[0m
[07:44:05.200] [1;32muart:~$ [m^[[1[12D[J[1;32muart:~$ [m^[[1[12D[J[1;32muart:~$ [m^[[1[12D[J[1;31m[1;31m--- 3 messages dropped ---
[07:44:06.215] [0m[m[00:04:52.351,000] [0m<dbg> net_pkt.net_pkt_write: (wifi): pkt 0x3c173cf0 data 0x3c26f2aa length 60[0m
[07:44:06.216] [1;32muart:~$ [m^[[1[12D[J[00:04:52.352,000] [0m<dbg> net_pkt.net_pkt_unref_debug: (rx_q[0]): RX [39] pkt 0x3c173cf0 ref 0 frags 0x3c172850 (processing_data():157)[0m
[07:44:06.233] [1;32muart:~$ [m^[[1[12D[J[00:04:52.352,000] [0m<dbg> net_pkt.net_pkt_unref_debug: (rx_q[0]): RDATA (rx_bufs) [159] frag 0x3c172850 ref 0 frags 0 (processing_data():157)[0m
[07:44:06.249] [1;32muart:~$ [m^[[1[12D[J[00:04:52.352,000] [0m<dbg> net_pkt.net_pkt_frag_unref_debug: (rx_q[0]): RDATA (rx_bufs) [159] frag 0x3c172850 ref 0 (net_pkt_unref_debug():612)[0m
[07:44:06.265] [1;32muart:~$ [m^[[1[12D[J[00:04:52.352,000] [0m<dbg> net_pkt.net_pkt_print: (rx_q[0]): TX 16 RX 40 RDATA 160 TDATA 80[0m
[07:44:06.282] [1;32muart:~$ [m^[[1[12D[J[00:04:53.167,000] [0m<dbg> net_pkt.pkt_alloc_with_buffer: (wifi): On iface 1 (0x3fc9ea10) size 60[0m
[07:44:06.298] [1;32muart:~$ [m^[[1[12D[J[00:04:53.167,000] [0m<dbg> net_pkt.net_pkt_alloc_buffer_with_reserve_debug: (wifi): Data allocation maximum size 60 (requested 60, reserve 0)[0m
[07:44:06.315] [1;32muart:~$ [m^[[1[12D[J[00:04:53.167,000] [0m<dbg> net_pkt.pkt_alloc_buffer: (wifi): RDATA (rx_bufs) [159] frag 0x3c172850 ref 1 (eth_esp32_rx():153)[0m
[07:44:06.331] [1;32muart:~$ [m^[[1[12D[J[00:04:53.167,000] [0m<dbg> net_pkt.net_pkt_write: (wifi): pkt 0x3c173cf0 data 0x3c26f2aa length 60[0m
[07:44:06.347] [1;32muart:~$ [m^[[1[12D[J[00:04:53.167,000] [0m<dbg> net_pkt.net_pkt_unref_debug: (rx_q[0]): RX [39] pkt 0x3c173cf0 ref 0 frags 0x3c172850 (processing_data():157)[0m
[07:44:06.364] [1;32muart:~$ [m^[[1[12D[J[00:04:53.167,000] [0m<dbg> net_pkt.net_pkt_unref_debug: (rx_q[0]): RDATA (rx_bufs) [159] frag 0x3c172850 ref 0 frags 0 (processing_data():157)[0m
[07:44:06.381] [1;32muart:~$ [m^[[1[12D[J[00:04:53.167,000] [0m<dbg> net_pkt.net_pkt_frag_unref_debug: (rx_q[0]): RDATA (rx_bufs) [159] frag 0x3c172850 ref 0 (net_pkt_unref_debug():612)[0m
[07:44:06.397] [1;32muart:~$ [m^[[1[12D[J[00:04:53.167,000] [0m<dbg> net_pkt.net_pkt_print: (rx_q[0]): TX 16 RX 40 RDATA 160 TDATA 80[0m
[07:44:06.414] [1;32muart:~$ [m^[[1[12D[J[1;32muart:~$ [m^[[1[12D[J[1;32muart:~$ [m^[[1[12D[J[1;31m[1;31m--- 2 messages dropped ---
[07:44:08.262] [0m[m[00:04:54.396,000] [0m<dbg> net_pkt.pkt_alloc_buffer: (wifi): RDATA (rx_bufs) [159] frag 0x3c172850 ref 1 (eth_esp32_rx():153)[0m
[07:44:08.263] [1;32muart:~$ [m^[[1[12D[J[00:04:54.396,000] [0m<dbg> net_pkt.net_pkt_write: (wifi): pkt 0x3c173cf0 data 0x3c26f2aa length 60[0m
[07:44:08.280] [1;32muart:~$ [m^[[1[12D[J[00:04:54.396,000] [0m<dbg> net_pkt.net_pkt_unref_debug: (rx_q[0]): RX [39] pkt 0x3c173cf0 ref 0 frags 0x3c172850 (processing_data():157)[0m
[07:44:08.297] [1;32muart:~$ [m^[[1[12D[J[00:04:54.396,000] [0m<dbg> net_pkt.net_pkt_unref_debug: (rx_q[0]): RDATA (rx_bufs) [159] frag 0x3c172850 ref 0 frags 0 (processing_data():157)[0m
[07:44:08.313] [1;32muart:~$ [m^[[1[12D[J[00:04:54.396,000] [0m<dbg> net_pkt.net_pkt_frag_unref_debug: (rx_q[0]): RDATA (rx_bufs) [159] frag 0x3c172850 ref 0 (net_pkt_unref_debug():612)[0m
[07:44:08.330] [1;32muart:~$ [m^[[1[12D[J[00:04:54.396,000] [0m<dbg> net_pkt.net_pkt_print: (rx_q[0]): TX 16 RX 40 RDATA 160 TDATA 80[0m
[07:44:08.346] [1;32muart:~$ [m^[[1[12D[J[00:04:55.215,000] [0m<dbg> net_pkt.pkt_alloc_with_buffer: (wifi): On iface 1 (0x3fc9ea10) size 60[0m
[07:44:08.362] [1;32muart:~$ [m^[[1[12D[J[00:04:55.215,000] [0m<dbg> net_pkt.net_pkt_alloc_buffer_with_reserve_debug: (wifi): Data allocation maximum size 60 (requested 60, reserve 0)[0m
[07:44:08.379] [1;32muart:~$ [m^[[1[12D[J[00:04:55.215,000] [0m<dbg> net_pkt.pkt_alloc_buffer: (wifi): RDATA (rx_bufs) [159] frag 0x3c172850 ref 1 (eth_esp32_rx():153)[0m
[07:44:08.395] [1;32muart:~$ [m^[[1[12D[J[00:04:55.215,000] [0m<dbg> net_pkt.net_pkt_write: (wifi): pkt 0x3c173cf0 data 0x3c26f2aa length 60[0m
[07:44:08.411] [1;32muart:~$ [m^[[1[12D[J[00:04:55.215,000] [0m<dbg> net_pkt.net_pkt_unref_debug: (rx_q[0]): RX [39] pkt 0x3c173cf0 ref 0 frags 0x3c172850 (processing_data():157)[0m
[07:44:08.428] [1;32muart:~$ [m^[[1[12D[J[00:04:55.215,000] [0m<dbg> net_pkt.net_pkt_unref_debug: (rx_q[0]): RDATA (rx_bufs) [159] frag 0x3c172850 ref 0 frags 0 (processing_data():157)[0m
[07:44:08.445] [1;32muart:~$ [m^[[1[12D[J[00:04:55.215,000] [0m<dbg> net_pkt.net_pkt_frag_unref_debug: (rx_q[0]): RDATA (rx_bufs) [159] frag 0x3c172850 ref 0 (net_pkt_unref_debug():612)[0m
[07:44:08.463] [1;32muart:~$ [m^[[1[12D[J[00:04:55.215,000] [0m<dbg> net_pkt.net_pkt_print: (rx_q[0]): TX 16 RX 40 RDATA 160 TDATA 80[0m
[07:44:08.479] [1;32muart:~$ [m^[[1[12D[J[1;32muart:~$ [m^[[1[12D[J[1;32muart:~$ [m^[[1[12D[J[1;31m[1;31m--- 80 messages dropped ---
[07:44:10.009] [0m[m[00:04:56.960,000] [0m<dbg> net_pkt.net_pkt_get_reserve_data_debug: (llss_thread): TDATA (tx_bufs) [76] frag 0x3c15d4f4 ref 1 (ethernet_fill_header():610)[0m
[07:44:10.013] [1;32muart:~$ [m^[[1[12D[J[1;31m[1;31m--- 10 messages dropped ---
[07:44:10.029] [0m[m[00:04:56.960,000] [0m<dbg> net_pkt.net_pkt_frag_insert_debug: (llss_thread): pkt 0x3c172f28 frag 0x3c15d4f4 (ethernet_fill_header:669)[0m
[07:44:10.030] [1;32muart:~$ [m^[[1[12D[J[00:04:56.960,000] [0m<dbg> net_pkt.net_pkt_read: (llss_thread): pkt 0x3c172f28 data 0x3fcc36ae length 236[0m
[07:44:10.047] [1;32muart:~$ [m^[[1[12D[J[00:04:56.961,000] [0m<dbg> net_pkt.net_pkt_unref_debug: (llss_thread): TX [14] pkt 0x3c172f28 ref 1 frags 0x3c15d4f4 (ethernet_send():800)[0m
[07:44:10.063] [1;32muart:~$ [m^[[1[12D[J[00:04:56.961,000] [0m<dbg> net_pkt.net_pkt_unref_debug: (llss_thread): TX [14] pkt 0x3c172f28 ref 0 frags 0x3c15d4f4 (tcp_send():472)[0m
[07:44:10.080] [1;32muart:~$ [m^[[1[12D[J[00:04:56.961,000] [0m<dbg> net_pkt.net_pkt_unref_debug: (llss_thread): TDATA (tx_bufs) [76] frag 0x3c15d4f4 ref 0 frags 0x3c15d4d8 (tcp_send():472)[0m
[07:44:10.096] [1;32muart:~$ [m^[[1[12D[J[00:04:56.961,000] [0m<dbg> net_pkt.net_pkt_unref_debug: (llss_thread): TDATA (tx_bufs) [76] frag 0x3c15d4d8 ref 0 frags 0x3c15d4bc (tcp_send():472)[0m
[07:44:10.113] [1;32muart:~$ [m^[[1[12D[J[00:04:56.965,000] [0m<dbg> net_pkt.net_pkt_skip: (rx_q[0]): pkt 0x3c173cf0 skip 8[0m
[07:44:10.130] [1;32muart:~$ [m^[[1[12D[J[00:04:56.965,000] [0m<dbg> net_pkt.net_pkt_skip: (rx_q[0]): pkt 0x3c173cf0 skip 32[0m
[07:44:10.146] [1;32muart:~$ [m^[[1[12D[J[00:04:56.965,000] [0m<dbg> net_pkt.net_pkt_write: (rx_q[0]): pkt 0x3c173cf0 data 0x3c16a596 length 20[0m
[07:44:10.162] [1;32muart:~$ [m^[[1[12D[J[00:04:56.965,000] [0m<dbg> net_pkt.net_pkt_skip: (rx_q[0]): pkt 0x3c173cf0 skip 20[0m
[07:44:10.178] [1;32muart:~$ [m^[[1[12D[J[00:04:56.965,000] [0m<dbg> net_pkt.net_pkt_skip: (rx_q[0]): pkt 0x3c173cf0 skip 40[0m
[07:44:10.194] [1;32muart:~$ [m^[[1[12D[J[00:04:56.965,000] [0m<dbg> net_pkt.net_pkt_skip: (rx_q[0]): pkt 0x3c173cf0 skip 40[0m
[07:44:10.210] [1;32muart:~$ [m^[[1[12D[J[00:04:56.965,000] [0m<dbg> net_pkt.net_pkt_skip: (rx_q[0]): pkt 0x3c173cf0 skip 40[0m
[07:44:10.226] [1;32muart:~$ [m^[[1[12D[J[00:04:56.965,000] [0m<dbg> net_pkt.net_pkt_skip: (rx_q[0]): pkt 0x3c173cf0 skip 40[0m
[07:44:10.242] [1;32muart:~$ [m^[[1[12D[J[00:04:56.965,000] [0m<dbg> net_pkt.net_pkt_skip: (rx_q[0]): pkt 0x3c173cf0 skip 40[0m
[07:44:10.258] [1;32muart:~$ [m^[[1[12D[J[00:04:56.965,000] [0m<dbg> net_pkt.net_pkt_unref_debug: (rx_q[0]): RX [39] pkt 0x3c173cf0 ref 0 frags 0x3c172850 (tcp_in():3635)[0m
[07:44:10.274] [1;32muart:~$ [m^[[1[12D[J[00:04:56.965,000] [0m<dbg> net_pkt.net_pkt_unref_debug: (rx_q[0]): RDATA (rx_bufs) [159] frag 0x3c172850 ref 0 frags 0 (tcp_in():3635)[0m
[07:44:10.291] [1;32muart:~$ [m^[[1[12D[J[00:04:56.965,000] [0m<dbg> net_pkt.net_pkt_frag_unref_debug: (rx_q[0]): RDATA (rx_bufs) [159] frag 0x3c172850 ref 0 (net_pkt_unref_debug():612)[0m
[07:44:10.311] [1;32muart:~$ [m^[[1[12D[J[00:04:56.965,000] [0m<dbg> net_pkt.net_pkt_print: (rx_q[0]): TX 16 RX 40 RDATA 160 TDATA 80[0m
[07:44:10.327] [1;32muart:~$ [m^[[1[12D[J[1;32muart:~$ [m^[[1[12D[J[1;32muart:~$ [m^[[1[12D[J[00:04:57.263,000] [0m<dbg> net_pkt.pkt_alloc_with_buffer: (wifi): On iface 1 (0x3fc9ea10) size 60[0m
[07:44:11.311] [1;32muart:~$ [m^[[1[12D[J[00:04:57.263,000] [0m<dbg> net_pkt.net_pkt_alloc_buffer_with_reserve_debug: (wifi): Data allocation maximum size 60 (requested 60, reserve 0)[0m
[07:44:11.328] [1;32muart:~$ [m^[[1[12D[J[00:04:57.263,000] [0m<dbg> net_pkt.pkt_alloc_buffer: (wifi): RDATA (rx_bufs) [159] frag 0x3c172850 ref 1 (eth_esp32_rx():153)[0m
[07:44:11.344] [1;32muart:~$ [m^[[1[12D[J[00:04:57.263,000] [0m<dbg> net_pkt.net_pkt_write: (wifi): pkt 0x3c173cf0 data 0x3c26f2aa length 60[0m
[07:44:11.361] [1;32muart:~$ [m^[[1[12D[J[00:04:57.263,000] [0m<dbg> net_pkt.net_pkt_unref_debug: (rx_q[0]): RX [39] pkt 0x3c173cf0 ref 0 frags 0x3c172850 (processing_data():157)[0m
[07:44:11.377] [1;32muart:~$ [m^[[1[12D[J[00:04:57.263,000] [0m<dbg> net_pkt.net_pkt_unref_debug: (rx_q[0]): RDATA (rx_bufs) [159] frag 0x3c172850 ref 0 frags 0 (processing_data():157)[0m
[07:44:11.394] [1;32muart:~$ [m^[[1[12D[J[00:04:57.264,000] [0m<dbg> net_pkt.net_pkt_frag_unref_debug: (rx_q[0]): RDATA (rx_bufs) [159] frag 0x3c172850 ref 0 (net_pkt_unref_debug():612)[0m
[07:44:11.411] [1;32muart:~$ [m^[[1[12D[J[00:04:57.264,000] [0m<dbg> net_pkt.net_pkt_print: (rx_q[0]): TX 16 RX 40 RDATA 160 TDATA 80[0m
[07:44:11.427] [1;32muart:~$ [m^[[1[12D[J[1;32muart:~$ [m^[[1[12D[J[1;32muart:~$ [m^[[1[12D[J[1;31m[1;31m--- 40 messages dropped ---
[07:44:11.751] [0m[m[00:04:58.699,000] [0m<dbg> net_pkt.net_pkt_read: (rx_q[0]): pkt 0x3c172ee0 data 0x3fcc36ae length 74[0m
[07:44:11.752] [1;32muart:~$ [m^[[1[12D[J[00:04:58.699,000] [0m<dbg> net_pkt.net_pkt_unref_debug: (rx_q[0]): TX [15] pkt 0x3c172ee0 ref 1 frags 0x3c15d4bc (ethernet_send():800)[0m
[07:44:11.768] [1;32muart:~$ [m^[[1[12D[J[00:04:58.699,000] [0m<dbg> net_pkt.net_pkt_unref_debug: (rx_q[0]): TX [15] pkt 0x3c172ee0 ref 0 frags 0x3c15d4bc (tcp_send():472)[0m
[07:44:11.785] [1;32muart:~$ [m^[[1[12D[J[00:04:58.699,000] [0m<dbg> net_pkt.net_pkt_unref_debug: (rx_q[0]): TDATA (tx_bufs) [78] frag 0x3c15d4bc ref 0 frags 0x3c15d4a0 (tcp_send():472)[0m
[07:44:11.802] [1;32muart:~$ [m^[[1[12D[J[00:04:58.700,000] [0m<dbg> net_pkt.net_pkt_unref_debug: (rx_q[0]): TDATA (tx_bufs) [78] frag 0x3c15d4a0 ref 0 frags 0 (tcp_send():472)[0m
[07:44:11.819] [1;32muart:~$ [m^[[1[12D[J[00:04:58.700,000] [0m<dbg> net_pkt.net_pkt_frag_unref_debug: (rx_q[0]): TDATA (tx_bufs) [78] frag 0x3c15d4bc ref 0 (net_pkt_unref_debug():612)[0m
[07:44:11.835] [1;32muart:~$ [m^[[1[12D[J[00:04:58.700,000] [0m<dbg> net_pkt.net_pkt_frag_unref_debug: (rx_q[0]): TDATA (tx_bufs) [79] frag 0x3c15d4a0 ref 0 (net_pkt_unref_debug():612)[0m
[07:44:11.852] [1;32muart:~$ [m^[[1[12D[J[00:04:58.700,000] [0m<dbg> net_pkt.net_pkt_print: (rx_q[0]): TX 16 RX 39 RDATA 159 TDATA 80[0m
[07:44:11.868] [1;32muart:~$ [m^[[1[12D[J[00:04:58.701,000] [0m<dbg> net_pkt.net_pkt_read: (llss_thread): pkt 0x3c173cf0 data 0x3c246e00 length 5[0m
[07:44:11.884] [1;32muart:~$ [m^[[1[12D[J[00:04:58.701,000] [0m<dbg> net_pkt.net_pkt_read: (llss_thread): pkt 0x3c173cf0 data 0x3c246e05 length 233[0m
[07:44:11.901] [1;32muart:~$ [m^[[1[12D[J[00:04:58.701,000] [0m<dbg> net_pkt.net_pkt_unref_debug: (llss_thread): RX [39] pkt 0x3c173cf0 ref 0 frags 0x3c172850 (zsock_recv_stream_immediate():1423)[0m
[07:44:11.918] [1;32muart:~$ [m^[[1[12D[J[00:04:58.701,000] [0m<dbg> net_pkt.net_pkt_unref_debug: (llss_thread): RDATA (rx_bufs) [159] frag 0x3c172850 ref 0 frags 0 (zsock_recv_stream_immediate():1423)[0m
[07:44:11.934] [1;32muart:~$ [m^[[1[12D[J[00:04:58.701,000] [0m<dbg> net_pkt.net_pkt_frag_unref_debug: (llss_thread): RDATA (rx_bufs) [159] frag 0x3c172850 ref 0 (net_pkt_unref_debug():612)[0m
[07:44:11.951] [1;32muart:~$ [m^[[1[12D[J[1;32muart:~$ [m^[[1[12D[J[1;32muart:~$ [m^[[1[12D[J[1;31m[1;31m--- 3 messages dropped ---
[07:44:13.178] [0m[m[00:04:59.311,000] [0m<dbg> net_pkt.net_pkt_write: (wifi): pkt 0x3c173cf0 data 0x3c26f2aa length 60[0m
[07:44:13.178] [1;32muart:~$ [m^[[1[12D[J[00:04:59.311,000] [0m<dbg> net_pkt.net_pkt_unref_debug: (rx_q[0]): RX [39] pkt 0x3c173cf0 ref 0 frags 0x3c172850 (processing_data():157)[0m
[07:44:13.195] [1;32muart:~$ [m^[[1[12D[J[00:04:59.311,000] [0m<dbg> net_pkt.net_pkt_unref_debug: (rx_q[0]): RDATA (rx_bufs) [159] frag 0x3c172850 ref 0 frags 0 (processing_data():157)[0m
[07:44:13.212] [1;32muart:~$ [m^[[1[12D[J[00:04:59.311,000] [0m<dbg> net_pkt.net_pkt_frag_unref_debug: (rx_q[0]): RDATA (rx_bufs) [159] frag 0x3c172850 ref 0 (net_pkt_unref_debug():612)[0m
[07:44:13.229] [1;32muart:~$ [m^[[1[12D[J[00:04:59.311,000] [0m<dbg> net_pkt.net_pkt_print: (rx_q[0]): TX 16 RX 40 RDATA 160 TDATA 80[0m
[07:44:13.246] [1;32muart:~$ [m^[[1[12D[J[1;31m[1;31m--- 28 messages dropped ---
[07:44:13.262] [0m[m[00:05:00.130,000] [0m<dbg> net_pkt.pkt_alloc_with_buffer: (wifi): On iface 1 (0x3fc9ea10) size 60[0m
[07:44:13.262] [1;32muart:~$ [m^[[1[12D[J[00:05:00.130,000] [0m<dbg> net_pkt.net_pkt_alloc_buffer_with_reserve_debug: (wifi): Data allocation maximum size 60 (requested 60, reserve 0)[0m
[07:44:13.279] [1;32muart:~$ [m^[[1[12D[J[00:05:00.130,000] [0m<dbg> net_pkt.pkt_alloc_buffer: (wifi): RDATA (rx_bufs) [159] frag 0x3c172850 ref 1 (eth_esp32_rx():153)[0m
[07:44:13.296] [1;32muart:~$ [m^[[1[12D[J[00:05:00.130,000] [0m<dbg> net_pkt.net_pkt_write: (wifi): pkt 0x3c173cf0 data 0x3c26f2aa length 60[0m
[07:44:13.312] [1;32muart:~$ [m^[[1[12D[J[00:05:00.130,000] [0m<dbg> net_pkt.net_pkt_unref_debug: (rx_q[0]): RX [39] pkt 0x3c173cf0 ref 0 frags 0x3c172850 (processing_data():157)[0m
[07:44:13.328] [1;32muart:~$ [m^[[1[12D[J[00:05:00.130,000] [0m<dbg> net_pkt.net_pkt_unref_debug: (rx_q[0]): RDATA (rx_bufs) [159] frag 0x3c172850 ref 0 frags 0 (processing_data():157)[0m
[07:44:13.345] [1;32muart:~$ [m^[[1[12D[J[00:05:00.130,000] [0m<dbg> net_pkt.net_pkt_frag_unref_debug: (rx_q[0]): RDATA (rx_bufs) [159] frag 0x3c172850 ref 0 (net_pkt_unref_debug():612)[0m
[07:44:13.361] [1;32muart:~$ [m^[[1[12D[J                     : Total CPU cycles used: 276169
[07:44:13.378] [1;32muart:~$ [m^[[1[12D[J tcp_work            : STACK: unused 1728 usage 320 / 2048 (15 %); CPU: 0 %
[07:44:13.394] [1;32muart:~$ [m^[[1[12D[J                     : Total CPU cycles used: 2024
[07:44:13.410] [1;32muart:~$ [m^[[1[12D[J shell_uart          : STACK: unused 2784 usage 1312 / 4096 (32 %); CPU: 0 %
[07:44:13.426] [1;32muart:~$ [m^[[1[12D[J                     : Total CPU cycles used: 333904252
[07:44:13.442] [1;32muart:~$ [m^[[1[12D[J                     : Total CPU cycles used: 730519481
[07:44:13.458] [1;32muart:~$ [m^[[1[12D[J sysworkq            : STACK: unused 3056 usage 1040 / 4096 (25 %); CPU: 0 %
[07:44:13.474] [1;32muart:~$ [m^[[1[12D[J                     : Total CPU cycles used: 14522180
[07:44:13.490] [1;32muart:~$ [m^[[1[12D[J esp_timer           : STACK: unused 3568 usage 528 / 4096 (12 %); CPU: 0 %
[07:44:13.506] [1;32muart:~$ [m^[[1[12D[J                     : Total CPU cycles used: 30690100
[07:44:13.522] [1;32muart:~$ [m^[[1[12D[J logging             : STACK: unused 544 usage 480 / 1024 (46 %); CPU: 0 %
[07:44:13.538] [1;32muart:~$ [m^[[1[12D[J                     : Total CPU cycles used: 27653058
[07:44:13.554] [1;32muart:~$ [m^[[1[12D[J idle                : STACK: unused 816 usage 208 / 1024 (20 %); CPU: 97 %
[07:44:13.570] [1;32muart:~$ [m^[[1[12D[J                     : Total CPU cycles used: 69752152052
[07:44:13.586] [1;32muart:~$ [m^[[1[12D[J ISR0                : STACK: unused 1520 usage 528 / 2048 (25 %); CPU: 0 %
[07:44:13.602] [1;32muart:~$ [m^[[1[12D[J                     : Total CPU cycles used: 0
[07:44:13.618] [1;32muart:~$ [m^[[1[12D[J[1;32muart:~$ [m^[[1[12D[J[1;32muart:~$ [m^[[1[12D[J[00:05:01.359,000] [0m<dbg> net_pkt.pkt_alloc_with_buffer: (wifi): On iface 1 (0x3fc9ea10) size 60[0m
[07:44:15.406] [1;32muart:~$ [m^[[1[12D[J[00:05:01.359,000] [0m<dbg> net_pkt.net_pkt_alloc_buffer_with_reserve_debug: (wifi): Data allocation maximum size 60 (requested 60, reserve 0)[0m
[07:44:15.423] [1;32muart:~$ [m^[[1[12D[J[00:05:01.359,000] [0m<dbg> net_pkt.pkt_alloc_buffer: (wifi): RDATA (rx_bufs) [159] frag 0x3c172850 ref 1 (eth_esp32_rx():153)[0m
[07:44:15.440] [1;32muart:~$ [m^[[1[12D[J[00:05:01.359,000] [0m<dbg> net_pkt.net_pkt_write: (wifi): pkt 0x3c173cf0 data 0x3c26f2aa length 60[0m
[07:44:15.456] [1;32muart:~$ [m^[[1[12D[J[00:05:01.359,000] [0m<dbg> net_pkt.net_pkt_unref_debug: (rx_q[0]): RX [39] pkt 0x3c173cf0 ref 0 frags 0x3c172850 (processing_data():157)[0m
[07:44:15.473] [1;32muart:~$ [m^[[1[12D[J[00:05:01.359,000] [0m<dbg> net_pkt.net_pkt_unref_debug: (rx_q[0]): RDATA (rx_bufs) [159] frag 0x3c172850 ref 0 frags 0 (processing_data():157)[0m
[07:44:15.490] [1;32muart:~$ [m^[[1[12D[J[00:05:01.359,000] [0m<dbg> net_pkt.net_pkt_frag_unref_debug: (rx_q[0]): RDATA (rx_bufs) [159] frag 0x3c172850 ref 0 (net_pkt_unref_debug():612)[0m
[07:44:15.507] [1;32muart:~$ [m^[[1[12D[J[00:05:01.359,000] [0m<dbg> net_pkt.net_pkt_print: (rx_q[0]): TX 16 RX 40 RDATA 160 TDATA 80[0m
[07:44:15.523] [1;32muart:~$ [m^[[1[12D[J[1;32muart:~$ [m^[[1[12D[J[1;32muart:~$ [m^[[1[12D[J[00:05:02.383,000] [0m<dbg> net_pkt.pkt_alloc_with_buffer: (wifi): On iface 1 (0x3fc9ea10) size 60[0m
[07:44:16.430] [1;32muart:~$ [m^[[1[12D[J[00:05:02.383,000] [0m<dbg> net_pkt.net_pkt_alloc_buffer_with_reserve_debug: (wifi): Data allocation maximum size 60 (requested 60, reserve 0)[0m
[07:44:16.447] [1;32muart:~$ [m^[[1[12D[J[00:05:02.383,000] [0m<dbg> net_pkt.pkt_alloc_buffer: (wifi): RDATA (rx_bufs) [159] frag 0x3c172850 ref 1 (eth_esp32_rx():153)[0m
[07:44:16.464] [1;32muart:~$ [m^[[1[12D[J[00:05:02.383,000] [0m<dbg> net_pkt.net_pkt_write: (wifi): pkt 0x3c173cf0 data 0x3c26f2aa length 60[0m
[07:44:16.480] [1;32muart:~$ [m^[[1[12D[J[00:05:02.383,000] [0m<dbg> net_pkt.net_pkt_unref_debug: (rx_q[0]): RX [39] pkt 0x3c173cf0 ref 0 frags 0x3c172850 (processing_data():157)[0m
[07:44:16.497] [1;32muart:~$ [m^[[1[12D[J[00:05:02.383,000] [0m<dbg> net_pkt.net_pkt_unref_debug: (rx_q[0]): RDATA (rx_bufs) [159] frag 0x3c172850 ref 0 frags 0 (processing_data():157)[0m
[07:44:16.514] [1;32muart:~$ [m^[[1[12D[J[00:05:02.383,000] [0m<dbg> net_pkt.net_pkt_frag_unref_debug: (rx_q[0]): RDATA (rx_bufs) [159] frag 0x3c172850 ref 0 (net_pkt_unref_debug():612)[0m
[07:44:16.531] [1;32muart:~$ [m^[[1[12D[J[00:05:02.383,000] [0m<dbg> net_pkt.net_pkt_print: (rx_q[0]): TX 16 RX 40 RDATA 160 TDATA 80[0m
[07:44:16.547] [1;32muart:~$ [m^[[1[12D[J[1;32muart:~$ [m^[[1[12D[J[1;32muart:~$ [m^[[1[12D[J[1;31m[1;31m--- 79 messages dropped ---
[07:44:16.763] [0m[m[00:05:03.713,000] [0m<dbg> net_pkt.net_pkt_ref_debug: (llss_thread): TX [14] pkt 0x3c172f28 ref 2 (tcp_send():424)[0m
[07:44:16.767] [1;32muart:~$ [m^[[1[12D[J[1;31m[1;31m--- 12 messages dropped ---
[07:44:16.782] [0m[m[00:05:03.714,000] [0m<dbg> net_pkt.net_pkt_get_reserve_data_debug: (llss_thread): TDATA (tx_bufs) [76] frag 0x3c15d4f4 ref 1 (ethernet_fill_header():610)[0m
[07:44:16.784] [1;32muart:~$ [m^[[1[12D[J[00:05:03.714,000] [0m<dbg> net_pkt.net_pkt_frag_insert_debug: (llss_thread): pkt 0x3c172f28 frag 0x3c15d4f4 (ethernet_fill_header:669)[0m
[07:44:16.800] [1;32muart:~$ [m^[[1[12D[J[00:05:03.714,000] [0m<dbg> net_pkt.net_pkt_read: (llss_thread): pkt 0x3c172f28 data 0x3fcc36ae length 236[0m
[07:44:16.817] [1;32muart:~$ [m^[[1[12D[J[00:05:03.715,000] [0m<dbg> net_pkt.net_pkt_unref_debug: (llss_thread): TX [14] pkt 0x3c172f28 ref 1 frags 0x3c15d4f4 (ethernet_send():800)[0m
[07:44:16.834] [1;32muart:~$ [m^[[1[12D[J[00:05:03.715,000] [0m<dbg> net_pkt.net_pkt_unref_debug: (llss_thread): TX [14] pkt 0x3c172f28 ref 0 frags 0x3c15d4f4 (tcp_send():472)[0m
[07:44:16.850] [1;32muart:~$ [m^[[1[12D[J[00:05:03.715,000] [0m<dbg> net_pkt.net_pkt_unref_debug: (llss_thread): TDATA (tx_bufs) [76] frag 0x3c15d4f4 ref 0 frags 0x3c15d4d8 (tcp_send():472)[0m
[07:44:16.867] [1;32muart:~$ [m^[[1[12D[J[00:05:03.718,000] [0m<dbg> net_pkt.net_pkt_skip: (rx_q[0]): pkt 0x3c173cf0 skip 32[0m
[07:44:16.883] [1;32muart:~$ [m^[[1[12D[J[00:05:03.718,000] [0m<dbg> net_pkt.net_pkt_write: (rx_q[0]): pkt 0x3c173cf0 data 0x3c16a596 length 20[0m
[07:44:16.900] [1;32muart:~$ [m^[[1[12D[J[00:05:03.718,000] [0m<dbg> net_pkt.net_pkt_skip: (rx_q[0]): pkt 0x3c173cf0 skip 20[0m
[07:44:16.916] [1;32muart:~$ [m^[[1[12D[J[00:05:03.718,000] [0m<dbg> net_pkt.net_pkt_skip: (rx_q[0]): pkt 0x3c173cf0 skip 40[0m
[07:44:16.932] [1;32muart:~$ [m^[[1[12D[J[00:05:03.718,000] [0m<dbg> net_pkt.net_pkt_skip: (rx_q[0]): pkt 0x3c173cf0 skip 40[0m
[07:44:16.948] [1;32muart:~$ [m^[[1[12D[J[00:05:03.718,000] [0m<dbg> net_pkt.net_pkt_skip: (rx_q[0]): pkt 0x3c173cf0 skip 40[0m
[07:44:16.964] [1;32muart:~$ [m^[[1[12D[J[00:05:03.718,000] [0m<dbg> net_pkt.net_pkt_skip: (rx_q[0]): pkt 0x3c173cf0 skip 40[0m
[07:44:16.980] [1;32muart:~$ [m^[[1[12D[J[00:05:03.718,000] [0m<dbg> net_pkt.net_pkt_skip: (rx_q[0]): pkt 0x3c173cf0 skip 40[0m
[07:44:16.996] [1;32muart:~$ [m^[[1[12D[J[00:05:03.719,000] [0m<dbg> net_pkt.net_pkt_unref_debug: (rx_q[0]): RX [39] pkt 0x3c173cf0 ref 0 frags 0x3c172850 (tcp_in():3635)[0m
[07:44:17.012] [1;32muart:~$ [m^[[1[12D[J[00:05:03.719,000] [0m<dbg> net_pkt.net_pkt_unref_debug: (rx_q[0]): RDATA (rx_bufs) [159] frag 0x3c172850 ref 0 frags 0 (tcp_in():3635)[0m
[07:44:17.029] [1;32muart:~$ [m^[[1[12D[J[00:05:03.719,000] [0m<dbg> net_pkt.net_pkt_frag_unref_debug: (rx_q[0]): RDATA (rx_bufs) [159] frag 0x3c172850 ref 0 (net_pkt_unref_debug():612)[0m
[07:44:17.045] [1;32muart:~$ [m^[[1[12D[J[00:05:03.719,000] [0m<dbg> net_pkt.net_pkt_print: (rx_q[0]): TX 16 RX 40 RDATA 160 TDATA 80[0m
[07:44:17.061] [1;32muart:~$ [m^[[1[12D[J[1;32muart:~$ [m^[[1[12D[J[1;32muart:~$ [m^[[1[12D[J[1;31m[1;31m--- 3 messages dropped ---
[07:44:18.298] [0m[m[00:05:04.431,000] [0m<dbg> net_pkt.net_pkt_write: (wifi): pkt 0x3c173cf0 data 0x3c26f2aa length 60[0m
[07:44:18.299] [1;32muart:~$ [m^[[1[12D[J[00:05:04.431,000] [0m<dbg> net_pkt.net_pkt_unref_debug: (rx_q[0]): RX [39] pkt 0x3c173cf0 ref 0 frags 0x3c172850 (processing_data():157)[0m
[07:44:18.315] [1;32muart:~$ [m^[[1[12D[J[00:05:04.431,000] [0m<dbg> net_pkt.net_pkt_unref_debug: (rx_q[0]): RDATA (rx_bufs) [159] frag 0x3c172850 ref 0 frags 0 (processing_data():157)[0m
[07:44:18.332] [1;32muart:~$ [m^[[1[12D[J[00:05:04.431,000] [0m<dbg> net_pkt.net_pkt_frag_unref_debug: (rx_q[0]): RDATA (rx_bufs) [159] frag 0x3c172850 ref 0 (net_pkt_unref_debug():612)[0m
[07:44:18.349] [1;32muart:~$ [m^[[1[12D[J[00:05:04.431,000] [0m<dbg> net_pkt.net_pkt_print: (rx_q[0]): TX 16 RX 40 RDATA 160 TDATA 80[0m
[07:44:18.366] [1;32muart:~$ [m^[[1[12D[J[00:05:05.250,000] [0m<dbg> net_pkt.pkt_alloc_with_buffer: (wifi): On iface 1 (0x3fc9ea10) size 60[0m
[07:44:18.382] [1;32muart:~$ [m^[[1[12D[J[00:05:05.250,000] [0m<dbg> net_pkt.net_pkt_alloc_buffer_with_reserve_debug: (wifi): Data allocation maximum size 60 (requested 60, reserve 0)[0m
[07:44:18.399] [1;32muart:~$ [m^[[1[12D[J[00:05:05.250,000] [0m<dbg> net_pkt.pkt_alloc_buffer: (wifi): RDATA (rx_bufs) [159] frag 0x3c172850 ref 1 (eth_esp32_rx():153)[0m
[07:44:18.416] [1;32muart:~$ [m^[[1[12D[J[00:05:05.250,000] [0m<dbg> net_pkt.net_pkt_write: (wifi): pkt 0x3c173cf0 data 0x3c26f2aa length 60[0m
[07:44:18.432] [1;32muart:~$ [m^[[1[12D[J[00:05:05.250,000] [0m<dbg> net_pkt.net_pkt_unref_debug: (rx_q[0]): RX [39] pkt 0x3c173cf0 ref 0 frags 0x3c172850 (processing_data():157)[0m
[07:44:18.448] [1;32muart:~$ [m^[[1[12D[J[00:05:05.250,000] [0m<dbg> net_pkt.net_pkt_unref_debug: (rx_q[0]): RDATA (rx_bufs) [159] frag 0x3c172850 ref 0 frags 0 (processing_data():157)[0m
[07:44:18.465] [1;32muart:~$ [m^[[1[12D[J[00:05:05.250,000] [0m<dbg> net_pkt.net_pkt_frag_unref_debug: (rx_q[0]): RDATA (rx_bufs) [159] frag 0x3c172850 ref 0 (net_pkt_unref_debug():612)[0m
[07:44:18.481] [1;32muart:~$ [m^[[1[12D[J[00:05:05.250,000] [0m<dbg> net_pkt.net_pkt_print: (rx_q[0]): TX 16 RX 40 RDATA 160 TDATA 80[0m
[07:44:18.498] [1;32muart:~$ [m^[[1[12D[J[1;31m[1;31m--- 32 messages dropped ---
[07:44:18.514] [0m[m[00:05:05.458,000] [0m<dbg> net_pkt.net_pkt_read: (rx_q[0]): pkt 0x3c172ee0 data 0x3fcc36ae length 74[0m
[07:44:18.515] [1;32muart:~$ [m^[[1[12D[J[00:05:05.458,000] [0m<dbg> net_pkt.net_pkt_unref_debug: (rx_q[0]): TX [15] pkt 0x3c172ee0 ref 1 frags 0x3c15d4bc (ethernet_send():800)[0m
[07:44:18.531] [1;32muart:~$ [m^[[1[12D[J[00:05:05.458,000] [0m<dbg> net_pkt.net_pkt_unref_debug: (rx_q[0]): TX [15] pkt 0x3c172ee0 ref 0 frags 0x3c15d4bc (tcp_send():472)[0m
[07:44:18.547] [1;32muart:~$ [m^[[1[12D[J[00:05:05.458,000] [0m<dbg> net_pkt.net_pkt_unref_debug: (rx_q[0]): TDATA (tx_bufs) [78] frag 0x3c15d4bc ref 0 frags 0x3c15d4a0 (tcp_send():472)[0m
[07:44:18.565] [1;32muart:~$ [m^[[1[12D[J[00:05:05.458,000] [0m<dbg> net_pkt.net_pkt_unref_debug: (rx_q[0]): TDATA (tx_bufs) [78] frag 0x3c15d4a0 ref 0 frags 0 (tcp_send():472)[0m
[07:44:18.581] [1;32muart:~$ [m^[[1[12D[J[00:05:05.458,000] [0m<dbg> net_pkt.net_pkt_frag_unref_debug: (rx_q[0]): TDATA (tx_bufs) [78] frag 0x3c15d4bc ref 0 (net_pkt_unref_debug():612)[0m
[07:44:18.598] [1;32muart:~$ [m^[[1[12D[J[00:05:05.458,000] [0m<dbg> net_pkt.net_pkt_frag_unref_debug: (rx_q[0]): TDATA (tx_bufs) [79] frag 0x3c15d4a0 ref 0 (net_pkt_unref_debug():612)[0m
[07:44:18.615] [1;32muart:~$ [m^[[1[12D[J[00:05:05.459,000] [0m<dbg> net_pkt.net_pkt_print: (rx_q[0]): TX 16 RX 39 RDATA 159 TDATA 80[0m
[07:44:18.631] [1;32muart:~$ [m^[[1[12D[J[00:05:05.460,000] [0m<dbg> net_pkt.net_pkt_read: (llss_thread): pkt 0x3c173cf0 data 0x3c246e00 length 5[0m
[07:44:18.647] [1;32muart:~$ [m^[[1[12D[J[00:05:05.460,000] [0m<dbg> net_pkt.net_pkt_read: (llss_thread): pkt 0x3c173cf0 data 0x3c246e05 length 233[0m
[07:44:18.663] [1;32muart:~$ [m^[[1[12D[J[00:05:05.460,000] [0m<dbg> net_pkt.net_pkt_unref_debug: (llss_thread): RX [39] pkt 0x3c173cf0 ref 0 frags 0x3c172850 (zsock_recv_stream_immediate():1423)[0m
[07:44:18.680] [1;32muart:~$ [m^[[1[12D[J[00:05:05.460,000] [0m<dbg> net_pkt.net_pkt_unref_debug: (llss_thread): RDATA (rx_bufs) [159] frag 0x3c172850 ref 0 frags 0 (zsock_recv_stream_immediate():1423)[0m
[07:44:18.697] [1;32muart:~$ [m^[[1[12D[J[00:05:05.460,000] [0m<dbg> net_pkt.net_pkt_frag_unref_debug: (llss_thread): RDATA (rx_bufs) [159] frag 0x3c172850 ref 0 (net_pkt_unref_debug():612)[0m
[07:44:18.714] [1;32muart:~$ [m^[[1[12D[J[1;32muart:~$ [m^[[1[12D[J[1;32muart:~$ [m^[[1[12D[J[00:05:06.274,000] [0m<dbg> net_pkt.pkt_alloc_with_buffer: (wifi): On iface 1 (0x3fc9ea10) size 60[0m
[07:44:20.322] [1;32muart:~$ [m^[[1[12D[J[00:05:06.274,000] [0m<dbg> net_pkt.net_pkt_alloc_buffer_with_reserve_debug: (wifi): Data allocation maximum size 60 (requested 60, reserve 0)[0m
[07:44:20.339] [1;32muart:~$ [m^[[1[12D[J[00:05:06.274,000] [0m<dbg> net_pkt.pkt_alloc_buffer: (wifi): RDATA (rx_bufs) [159] frag 0x3c172850 ref 1 (eth_esp32_rx():153)[0m
[07:44:20.356] [1;32muart:~$ [m^[[1[12D[J[00:05:06.274,000] [0m<dbg> net_pkt.net_pkt_write: (wifi): pkt 0x3c173cf0 data 0x3c26f2aa length 60[0m
[07:44:20.372] [1;32muart:~$ [m^[[1[12D[J[00:05:06.274,000] [0m<dbg> net_pkt.net_pkt_unref_debug: (rx_q[0]): RX [39] pkt 0x3c173cf0 ref 0 frags 0x3c172850 (processing_data():157)[0m
[07:44:20.389] [1;32muart:~$ [m^[[1[12D[J[00:05:06.275,000] [0m<dbg> net_pkt.net_pkt_unref_debug: (rx_q[0]): RDATA (rx_bufs) [159] frag 0x3c172850 ref 0 frags 0 (processing_data():157)[0m
[07:44:20.405] [1;32muart:~$ [m^[[1[12D[J[00:05:06.275,000] [0m<dbg> net_pkt.net_pkt_frag_unref_debug: (rx_q[0]): RDATA (rx_bufs) [159] frag 0x3c172850 ref 0 (net_pkt_unref_debug():612)[0m
[07:44:20.422] [1;32muart:~$ [m^[[1[12D[J[00:05:06.275,000] [0m<dbg> net_pkt.net_pkt_print: (rx_q[0]): TX 16 RX 40 RDATA 160 TDATA 80[0m
[07:44:20.438] [1;32muart:~$ [m^[[1[12D[J[1;32muart:~$ [m^[[1[12D[J[1;32muart:~$ [m^[[1[12D[J[00:05:07.298,000] [0m<dbg> net_pkt.pkt_alloc_with_buffer: (wifi): On iface 1 (0x3fc9ea10) size 60[0m
[07:44:21.346] [1;32muart:~$ [m^[[1[12D[J[00:05:07.298,000] [0m<dbg> net_pkt.net_pkt_alloc_buffer_with_reserve_debug: (wifi): Data allocation maximum size 60 (requested 60, reserve 0)[0m
[07:44:21.362] [1;32muart:~$ [m^[[1[12D[J[00:05:07.298,000] [0m<dbg> net_pkt.pkt_alloc_buffer: (wifi): RDATA (rx_bufs) [159] frag 0x3c172850 ref 1 (eth_esp32_rx():153)[0m
[07:44:21.379] [1;32muart:~$ [m^[[1[12D[J[00:05:07.298,000] [0m<dbg> net_pkt.net_pkt_write: (wifi): pkt 0x3c173cf0 data 0x3c26f2aa length 60[0m
[07:44:21.395] [1;32muart:~$ [m^[[1[12D[J[00:05:07.298,000] [0m<dbg> net_pkt.net_pkt_unref_debug: (rx_q[0]): RX [39] pkt 0x3c173cf0 ref 0 frags 0x3c172850 (processing_data():157)[0m
[07:44:21.412] [1;32muart:~$ [m^[[1[12D[J[00:05:07.298,000] [0m<dbg> net_pkt.net_pkt_unref_debug: (rx_q[0]): RDATA (rx_bufs) [159] frag 0x3c172850 ref 0 frags 0 (processing_data():157)[0m
[07:44:21.429] [1;32muart:~$ [m^[[1[12D[J[00:05:07.298,000] [0m<dbg> net_pkt.net_pkt_frag_unref_debug: (rx_q[0]): RDATA (rx_bufs) [159] frag 0x3c172850 ref 0 (net_pkt_unref_debug():612)[0m
[07:44:21.445] [1;32muart:~$ [m^[[1[12D[J[00:05:07.298,000] [0m<dbg> net_pkt.net_pkt_print: (rx_q[0]): TX 16 RX 40 RDATA 160 TDATA 80[0m
[07:44:21.461] [1;32muart:~$ [m^[[1[12D[J[1;32muart:~$ [m^[[1[12D[J[1;32muart:~$ [m^[[1[12D[J[00:05:08.322,000] [0m<dbg> net_pkt.pkt_alloc_with_buffer: (wifi): On iface 1 (0x3fc9ea10) size 60[0m
[07:44:22.370] [1;32muart:~$ [m^[[1[12D[J[00:05:08.322,000] [0m<dbg> net_pkt.net_pkt_alloc_buffer_with_reserve_debug: (wifi): Data allocation maximum size 60 (requested 60, reserve 0)[0m
[07:44:22.387] [1;32muart:~$ [m^[[1[12D[J[00:05:08.322,000] [0m<dbg> net_pkt.pkt_alloc_buffer: (wifi): RDATA (rx_bufs) [159] frag 0x3c172850 ref 1 (eth_esp32_rx():153)[0m
[07:44:22.403] [1;32muart:~$ [m^[[1[12D[J[00:05:08.322,000] [0m<dbg> net_pkt.net_pkt_write: (wifi): pkt 0x3c173cf0 data 0x3c26f2aa length 60[0m
[07:44:22.420] [1;32muart:~$ [m^[[1[12D[J[00:05:08.322,000] [0m<dbg> net_pkt.net_pkt_unref_debug: (rx_q[0]): RX [39] pkt 0x3c173cf0 ref 0 frags 0x3c172850 (processing_data():157)[0m
[07:44:22.436] [1;32muart:~$ [m^[[1[12D[J[00:05:08.322,000] [0m<dbg> net_pkt.net_pkt_unref_debug: (rx_q[0]): RDATA (rx_bufs) [159] frag 0x3c172850 ref 0 frags 0 (processing_data():157)[0m
[07:44:22.453] [1;32muart:~$ [m^[[1[12D[J[00:05:08.322,000] [0m<dbg> net_pkt.net_pkt_frag_unref_debug: (rx_q[0]): RDATA (rx_bufs) [159] frag 0x3c172850 ref 0 (net_pkt_unref_debug():612)[0m
[07:44:22.470] [1;32muart:~$ [m^[[1[12D[J[00:05:08.322,000] [0m<dbg> net_pkt.net_pkt_print: (rx_q[0]): TX 16 RX 40 RDATA 160 TDATA 80[0m
[07:44:22.486] [1;32muart:~$ [m^[[1[12D[J[1;32muart:~$ [m^[[1[12D[J[1;32muart:~$ [m^[[1[12D[J[1;31m[1;31m--- 3 messages dropped ---
[07:44:23.213] [0m[m[00:05:09.346,000] [0m<dbg> net_pkt.net_pkt_write: (wifi): pkt 0x3c173cf0 data 0x3c26f2aa length 60[0m
[07:44:23.214] [1;32muart:~$ [m^[[1[12D[J[00:05:09.346,000] [0m<dbg> net_pkt.net_pkt_unref_debug: (rx_q[0]): RX [39] pkt 0x3c173cf0 ref 0 frags 0x3c172850 (processing_data():157)[0m
[07:44:23.231] [1;32muart:~$ [m^[[1[12D[J[00:05:09.346,000] [0m<dbg> net_pkt.net_pkt_unref_debug: (rx_q[0]): RDATA (rx_bufs) [159] frag 0x3c172850 ref 0 frags 0 (processing_data():157)[0m
[07:44:23.248] [1;32muart:~$ [m^[[1[12D[J[00:05:09.346,000] [0m<dbg> net_pkt.net_pkt_frag_unref_debug: (rx_q[0]): RDATA (rx_bufs) [159] frag 0x3c172850 ref 0 (net_pkt_unref_debug():612)[0m
[07:44:23.264] [1;32muart:~$ [m^[[1[12D[J[00:05:09.346,000] [0m<dbg> net_pkt.net_pkt_print: (rx_q[0]): TX 16 RX 40 RDATA 160 TDATA 80[0m
[07:44:23.280] [1;32muart:~$ [m^[[1[12D[J[00:05:10.165,000] [0m<dbg> net_pkt.pkt_alloc_with_buffer: (wifi): On iface 1 (0x3fc9ea10) size 60[0m
[07:44:23.297] [1;32muart:~$ [m^[[1[12D[J[00:05:10.165,000] [0m<dbg> net_pkt.net_pkt_alloc_buffer_with_reserve_debug: (wifi): Data allocation maximum size 60 (requested 60, reserve 0)[0m
[07:44:23.314] [1;32muart:~$ [m^[[1[12D[J[00:05:10.165,000] [0m<dbg> net_pkt.pkt_alloc_buffer: (wifi): RDATA (rx_bufs) [159] frag 0x3c172850 ref 1 (eth_esp32_rx():153)[0m
[07:44:23.330] [1;32muart:~$ [m^[[1[12D[J[00:05:10.165,000] [0m<dbg> net_pkt.net_pkt_write: (wifi): pkt 0x3c173cf0 data 0x3c26f2aa length 60[0m
[07:44:23.346] [1;32muart:~$ [m^[[1[12D[J[00:05:10.165,000] [0m<dbg> net_pkt.net_pkt_unref_debug: (rx_q[0]): RX [39] pkt 0x3c173cf0 ref 0 frags 0x3c172850 (processing_data():157)[0m
[07:44:23.363] [1;32muart:~$ [m^[[1[12D[J[00:05:10.166,000] [0m<dbg> net_pkt.net_pkt_unref_debug: (rx_q[0]): RDATA (rx_bufs) [159] frag 0x3c172850 ref 0 frags 0 (processing_data():157)[0m
[07:44:23.380] [1;32muart:~$ [m^[[1[12D[J[00:05:10.166,000] [0m<dbg> net_pkt.net_pkt_frag_unref_debug: (rx_q[0]): RDATA (rx_bufs) [159] frag 0x3c172850 ref 0 (net_pkt_unref_debug():612)[0m
[07:44:23.396] [1;32muart:~$ [m^[[1[12D[J[00:05:10.166,000] [0m<dbg> net_pkt.net_pkt_print: (rx_q[0]): TX 16 RX 40 RDATA 160 TDATA 80[0m
[07:44:23.413] [1;32muart:~$ [m^[[1[12D[J[1;32muart:~$ [m^[[1[12D[J[1;32muart:~$ [m^[[1[12D[J[1;31m[1;31m--- 21 messages dropped ---
[07:44:23.517] [0m[m[00:05:10.465,000] [0m<dbg> net_pkt.net_pkt_get_reserve_data_debug: (llss_thread): TDATA (tx_bufs) [76] frag 0x3c15d4f4 ref 1 (ethernet_fill_header():610)[0m
[07:44:23.524] [1;32muart:~$ [m^[[1[12D[J[1;31m[1;31m--- 43 messages dropped ---
[07:44:23.540] [0m[m[00:05:10.465,000] [0m<dbg> net_pkt.net_pkt_frag_insert_debug: (llss_thread): pkt 0x3c172f28 frag 0x3c15d4f4 (ethernet_fill_header:669)[0m
[07:44:23.541] [1;32muart:~$ [m^[[1[12D[J[00:05:10.465,000] [0m<dbg> net_pkt.net_pkt_read: (llss_thread): pkt 0x3c172f28 data 0x3fcc36ae length 295[0m
[07:44:23.557] [1;32muart:~$ [m^[[1[12D[J[1;31m[1;31m--- 15 messages dropped ---
[07:44:23.573] [0m[m[00:05:10.467,000] [0m<dbg> net_pkt.net_pkt_unref_debug: (llss_thread): TX [14] pkt 0x3c172f28 ref 1 frags 0x3c15d4f4 (ethernet_send():800)[0m
[07:44:23.574] [1;32muart:~$ [m^[[1[12D[J[00:05:10.467,000] [0m<dbg> net_pkt.net_pkt_unref_debug: (llss_thread): TX [14] pkt 0x3c172f28 ref 0 frags 0x3c15d4f4 (tcp_send():472)[0m
[07:44:23.592] [1;32muart:~$ [m^[[1[12D[J[00:05:10.467,000] [0m<dbg> net_pkt.net_pkt_unref_debug: (llss_thread): TDATA (tx_bufs) [76] frag 0x3c15d4f4 ref 0 frags 0x3c15d4d8 (tcp_send():472)[0m
[07:44:23.609] [1;32muart:~$ [m^[[1[12D[J[00:05:10.467,000] [0m<dbg> net_pkt.net_pkt_unref_debug: (llss_thread): TDATA (tx_bufs) [76] frag 0x3c15d4d8 ref 0 frags 0x3c15d4bc (tcp_send():472)[0m
[07:44:23.626] [1;32muart:~$ [m^[[1[12D[J[00:05:10.474,000] [0m<dbg> net_pkt.net_pkt_unref_debug: (rx_q[0]): TX [14] pkt 0x3c172f28 ref 0 frags 0x3c15d4f4 (tcp_send():472)[0m
[07:44:23.643] [1;32muart:~$ [m^[[1[12D[J[00:05:10.481,000] [0m<dbg> net_pkt.net_pkt_skip: (rx_q[0]): pkt 0x3c173cf0 skip 40[0m
[07:44:23.659] [1;32muart:~$ [m^[[1[12D[J[00:05:10.481,000] [0m<dbg> net_pkt.net_pkt_skip: (rx_q[0]): pkt 0x3c173cf0 skip 8[0m
[07:44:23.675] [1;32muart:~$ [m^[[1[12D[J[00:05:10.481,000] [0m<dbg> net_pkt.net_pkt_skip: (rx_q[0]): pkt 0x3c173cf0 skip 32[0m
[07:44:23.691] [1;32muart:~$ [m^[[1[12D[J[00:05:10.481,000] [0m<dbg> net_pkt.net_pkt_write: (rx_q[0]): pkt 0x3c173cf0 data 0x3c16a596 length 20[0m
[07:44:23.707] [1;32muart:~$ [m^[[1[12D[J[00:05:10.482,000] [0m<dbg> net_pkt.net_pkt_skip: (rx_q[0]): pkt 0x3c173cf0 skip 20[0m
[07:44:23.723] [1;32muart:~$ [m^[[1[12D[J[00:05:10.482,000] [0m<dbg> net_pkt.net_pkt_skip: (rx_q[0]): pkt 0x3c173cf0 skip 40[0m
[07:44:23.739] [1;32muart:~$ [m^[[1[12D[J[00:05:10.482,000] [0m<dbg> net_pkt.net_pkt_skip: (rx_q[0]): pkt 0x3c173cf0 skip 40[0m
[07:44:23.755] [1;32muart:~$ [m^[[1[12D[J[00:05:10.482,000] [0m<dbg> net_pkt.net_pkt_skip: (rx_q[0]): pkt 0x3c173cf0 skip 40[0m
[07:44:23.771] [1;32muart:~$ [m^[[1[12D[J[00:05:10.482,000] [0m<dbg> net_pkt.net_pkt_skip: (rx_q[0]): pkt 0x3c173cf0 skip 40[0m
[07:44:23.787] [1;32muart:~$ [m^[[1[12D[J[00:05:10.482,000] [0m<dbg> net_pkt.net_pkt_skip: (rx_q[0]): pkt 0x3c173cf0 skip 40[0m
[07:44:23.803] [1;32muart:~$ [m^[[1[12D[J[00:05:10.482,000] [0m<dbg> net_pkt.net_pkt_unref_debug: (rx_q[0]): RDATA (rx_bufs) [159] frag 0x3c172850 ref 0 frags 0 (tcp_in():3635)[0m
[07:44:23.820] [1;32muart:~$ [m^[[1[12D[J[00:05:10.482,000] [0m<dbg> net_pkt.net_pkt_frag_unref_debug: (rx_q[0]): RDATA (rx_bufs) [159] frag 0x3c172850 ref 0 (net_pkt_unref_debug():612)[0m
[07:44:23.837] [1;32muart:~$ [m^[[1[12D[J[00:05:10.482,000] [0m<dbg> net_pkt.net_pkt_print: (rx_q[0]): TX 16 RX 40 RDATA 160 TDATA 80[0m
[07:44:23.853] [1;32muart:~$ [m^[[1[12D[J[1;32muart:~$ [m^[[1[12D[J[1;32muart:~$ [m^[[1[12D[J[00:05:11.189,000] [0m<dbg> net_pkt.pkt_alloc_with_buffer: (wifi): On iface 1 (0x3fc9ea10) size 60[0m
[07:44:25.237] [1;32muart:~$ [m^[[1[12D[J[00:05:11.189,000] [0m<dbg> net_pkt.net_pkt_alloc_buffer_with_reserve_debug: (wifi): Data allocation maximum size 60 (requested 60, reserve 0)[0m
[07:44:25.254] [1;32muart:~$ [m^[[1[12D[J[00:05:11.189,000] [0m<dbg> net_pkt.pkt_alloc_buffer: (wifi): RDATA (rx_bufs) [159] frag 0x3c172850 ref 1 (eth_esp32_rx():153)[0m
[07:44:25.271] [1;32muart:~$ [m^[[1[12D[J[1;31m[1;31m--- 40 messages dropped ---
[07:44:25.286] [0m[m[00:05:11.189,000] [0m<dbg> net_pkt.net_pkt_write: (wifi): pkt 0x3c173cf0 data 0x3c26f2aa length 60[0m
[07:44:25.287] [1;32muart:~$ [m^[[1[12D[J[00:05:11.189,000] [0m<dbg> net_pkt.net_pkt_unref_debug: (rx_q[0]): RX [39] pkt 0x3c173cf0 ref 0 frags 0x3c172850 (processing_data():157)[0m
[07:44:25.304] [1;32muart:~$ [m^[[1[12D[J[00:05:11.189,000] [0m<dbg> net_pkt.net_pkt_unref_debug: (rx_q[0]): RDATA (rx_bufs) [159] frag 0x3c172850 ref 0 frags 0 (processing_data():157)[0m
[07:44:25.321] [1;32muart:~$ [m^[[1[12D[J[00:05:11.190,000] [0m<dbg> net_pkt.net_pkt_frag_unref_debug: (rx_q[0]): RDATA (rx_bufs) [159] frag 0x3c172850 ref 0 (net_pkt_unref_debug():612)[0m
[07:44:25.338] [1;32muart:~$ [m^[[1[12D[J[00:05:11.190,000] [0m<dbg> net_pkt.net_pkt_print: (rx_q[0]): TX 16 RX 40 RDATA 160 TDATA 80[0m
[07:44:25.354] [1;32muart:~$ [m^[[1[12D[J[00:05:12.217,000] [0m<dbg> net_pkt.net_pkt_read: (rx_q[0]): pkt 0x3c172ee0 data 0x3fcc36ae length 74[0m
[07:44:25.371] [1;32muart:~$ [m^[[1[12D[J[00:05:12.217,000] [0m<dbg> net_pkt.net_pkt_unref_debug: (rx_q[0]): TX [15] pkt 0x3c172ee0 ref 1 frags 0x3c15d4bc (ethernet_send():800)[0m
[07:44:25.388] [1;32muart:~$ [m^[[1[12D[J[00:05:12.217,000] [0m<dbg> net_pkt.net_pkt_unref_debug: (rx_q[0]): TX [15] pkt 0x3c172ee0 ref 0 frags 0x3c15d4bc (tcp_send():472)[0m
[07:44:25.404] [1;32muart:~$ [m^[[1[12D[J[00:05:12.217,000] [0m<dbg> net_pkt.net_pkt_unref_debug: (rx_q[0]): TDATA (tx_bufs) [78] frag 0x3c15d4bc ref 0 frags 0x3c15d4a0 (tcp_send():472)[0m
[07:44:25.421] [1;32muart:~$ [m^[[1[12D[J[00:05:12.217,000] [0m<dbg> net_pkt.net_pkt_unref_debug: (rx_q[0]): TDATA (tx_bufs) [78] frag 0x3c15d4a0 ref 0 frags 0 (tcp_send():472)[0m
[07:44:25.438] [1;32muart:~$ [m^[[1[12D[J[00:05:12.217,000] [0m<dbg> net_pkt.net_pkt_frag_unref_debug: (rx_q[0]): TDATA (tx_bufs) [78] frag 0x3c15d4bc ref 0 (net_pkt_unref_debug():612)[0m
[07:44:25.454] [1;32muart:~$ [m^[[1[12D[J[00:05:12.217,000] [0m<dbg> net_pkt.net_pkt_frag_unref_debug: (rx_q[0]): TDATA (tx_bufs) [79] frag 0x3c15d4a0 ref 0 (net_pkt_unref_debug():612)[0m
[07:44:25.471] [1;32muart:~$ [m^[[1[12D[J[00:05:12.218,000] [0m<dbg> net_pkt.net_pkt_print: (rx_q[0]): TX 16 RX 39 RDATA 159 TDATA 80[0m
[07:44:25.487] [1;32muart:~$ [m^[[1[12D[J[00:05:12.219,000] [0m<dbg> net_pkt.net_pkt_read: (llss_thread): pkt 0x3c173cf0 data 0x3c246e00 length 5[0m
[07:44:25.504] [1;32muart:~$ [m^[[1[12D[J[00:05:12.219,000] [0m<dbg> net_pkt.net_pkt_read: (llss_thread): pkt 0x3c173cf0 data 0x3c246e05 length 233[0m
[07:44:25.521] [1;32muart:~$ [m^[[1[12D[J[00:05:12.219,000] [0m<dbg> net_pkt.net_pkt_unref_debug: (llss_thread): RX [39] pkt 0x3c173cf0 ref 0 frags 0x3c172850 (zsock_recv_stream_immediate():1423)[0m
[07:44:25.537] [1;32muart:~$ [m^[[1[12D[J[00:05:12.219,000] [0m<dbg> net_pkt.net_pkt_unref_debug: (llss_thread): RDATA (rx_bufs) [159] frag 0x3c172850 ref 0 frags 0 (zsock_recv_stream_immediate():1423)[0m
[07:44:25.554] [1;32muart:~$ [m^[[1[12D[J[00:05:12.220,000] [0m<dbg> net_pkt.net_pkt_frag_unref_debug: (llss_thread): RDATA (rx_bufs) [159] frag 0x3c172850 ref 0 (net_pkt_unref_debug():612)[0m
[07:44:25.571] [1;32muart:~$ [m^[[1[12D[J[1;32muart:~$ [m^[[1[12D[J[1;32muart:~$ [m^[[1[12D[J[00:05:13.237,000] [0m<dbg> net_pkt.pkt_alloc_with_buffer: (wifi): On iface 1 (0x3fc9ea10) size 60[0m
[07:44:27.285] [1;32muart:~$ [m^[[1[12D[J[00:05:13.237,000] [0m<dbg> net_pkt.net_pkt_alloc_buffer_with_reserve_debug: (wifi): Data allocation maximum size 60 (requested 60, reserve 0)[0m
[07:44:27.302] [1;32muart:~$ [m^[[1[12D[J[00:05:13.237,000] [0m<dbg> net_pkt.pkt_alloc_buffer: (wifi): RDATA (rx_bufs) [159] frag 0x3c172850 ref 1 (eth_esp32_rx():153)[0m
[07:44:27.318] [1;32muart:~$ [m^[[1[12D[J[00:05:13.237,000] [0m<dbg> net_pkt.net_pkt_write: (wifi): pkt 0x3c173cf0 data 0x3c26f2aa length 60[0m
[07:44:27.335] [1;32muart:~$ [m^[[1[12D[J[00:05:13.237,000] [0m<dbg> net_pkt.net_pkt_unref_debug: (rx_q[0]): RX [39] pkt 0x3c173cf0 ref 0 frags 0x3c172850 (processing_data():157)[0m
[07:44:27.351] [1;32muart:~$ [m^[[1[12D[J[00:05:13.237,000] [0m<dbg> net_pkt.net_pkt_unref_debug: (rx_q[0]): RDATA (rx_bufs) [159] frag 0x3c172850 ref 0 frags 0 (processing_data():157)[0m
[07:44:27.368] [1;32muart:~$ [m^[[1[12D[J[00:05:13.237,000] [0m<dbg> net_pkt.net_pkt_frag_unref_debug: (rx_q[0]): RDATA (rx_bufs) [159] frag 0x3c172850 ref 0 (net_pkt_unref_debug():612)[0m
[07:44:27.384] [1;32muart:~$ [m^[[1[12D[J[00:05:13.238,000] [0m<dbg> net_pkt.net_pkt_print: (rx_q[0]): TX 16 RX 40 RDATA 160 TDATA 80[0m
[07:44:27.400] [1;32muart:~$ [m^[[1[12D[J[1;32muart:~$ [m^[[1[12D[J[1;32muart:~$ [m^[[1[12D[J[00:05:14.261,000] [0m<dbg> net_pkt.pkt_alloc_with_buffer: (wifi): On iface 1 (0x3fc9ea10) size 60[0m
[07:44:28.309] [1;32muart:~$ [m^[[1[12D[J[00:05:14.261,000] [0m<dbg> net_pkt.net_pkt_alloc_buffer_with_reserve_debug: (wifi): Data allocation maximum size 60 (requested 60, reserve 0)[0m
[07:44:28.326] [1;32muart:~$ [m^[[1[12D[J[00:05:14.261,000] [0m<dbg> net_pkt.pkt_alloc_buffer: (wifi): RDATA (rx_bufs) [159] frag 0x3c172850 ref 1 (eth_esp32_rx():153)[0m
[07:44:28.343] [1;32muart:~$ [m^[[1[12D[J[00:05:14.261,000] [0m<dbg> net_pkt.net_pkt_write: (wifi): pkt 0x3c173cf0 data 0x3c26f2aa length 60[0m
[07:44:28.359] [1;32muart:~$ [m^[[1[12D[J[00:05:14.262,000] [0m<dbg> net_pkt.net_pkt_unref_debug: (rx_q[0]): RX [39] pkt 0x3c173cf0 ref 0 frags 0x3c172850 (processing_data():157)[0m
[07:44:28.376] [1;32muart:~$ [m^[[1[12D[J[00:05:14.262,000] [0m<dbg> net_pkt.net_pkt_unref_debug: (rx_q[0]): RDATA (rx_bufs) [159] frag 0x3c172850 ref 0 frags 0 (processing_data():157)[0m
[07:44:28.392] [1;32muart:~$ [m^[[1[12D[J[00:05:14.262,000] [0m<dbg> net_pkt.net_pkt_frag_unref_debug: (rx_q[0]): RDATA (rx_bufs) [159] frag 0x3c172850 ref 0 (net_pkt_unref_debug():612)[0m
[07:44:28.409] [1;32muart:~$ [m^[[1[12D[J[00:05:14.262,000] [0m<dbg> net_pkt.net_pkt_print: (rx_q[0]): TX 16 RX 40 RDATA 160 TDATA 80[0m
[07:44:28.425] [1;32muart:~$ [m^[[1[12D[J[1;32muart:~$ [m^[[1[12D[J[1;32muart:~$ [m^[[1[12D[J[00:05:15.285,000] [0m<dbg> net_pkt.pkt_alloc_with_buffer: (wifi): On iface 1 (0x3fc9ea10) size 60[0m
[07:44:29.333] [1;32muart:~$ [m^[[1[12D[J[00:05:15.285,000] [0m<dbg> net_pkt.net_pkt_alloc_buffer_with_reserve_debug: (wifi): Data allocation maximum size 60 (requested 60, reserve 0)[0m
[07:44:29.350] [1;32muart:~$ [m^[[1[12D[J[00:05:15.285,000] [0m<dbg> net_pkt.pkt_alloc_buffer: (wifi): RDATA (rx_bufs) [159] frag 0x3c172850 ref 1 (eth_esp32_rx():153)[0m
[07:44:29.367] [1;32muart:~$ [m^[[1[12D[J[00:05:15.285,000] [0m<dbg> net_pkt.net_pkt_write: (wifi): pkt 0x3c173cf0 data 0x3c26f2aa length 60[0m
[07:44:29.383] [1;32muart:~$ [m^[[1[12D[J[00:05:15.286,000] [0m<dbg> net_pkt.net_pkt_unref_debug: (rx_q[0]): RX [39] pkt 0x3c173cf0 ref 0 frags 0x3c172850 (processing_data():157)[0m
[07:44:29.400] [1;32muart:~$ [m^[[1[12D[J[00:05:15.286,000] [0m<dbg> net_pkt.net_pkt_unref_debug: (rx_q[0]): RDATA (rx_bufs) [159] frag 0x3c172850 ref 0 frags 0 (processing_data():157)[0m
[07:44:29.416] [1;32muart:~$ [m^[[1[12D[J[00:05:15.286,000] [0m<dbg> net_pkt.net_pkt_frag_unref_debug: (rx_q[0]): RDATA (rx_bufs) [159] frag 0x3c172850 ref 0 (net_pkt_unref_debug():612)[0m
[07:44:29.433] [1;32muart:~$ [m^[[1[12D[J[00:05:15.286,000] [0m<dbg> net_pkt.net_pkt_print: (rx_q[0]): TX 16 RX 40 RDATA 160 TDATA 80[0m
[07:44:29.449] [1;32muart:~$ [m^[[1[12D[J[1;32muart:~$ [m^[[1[12D[J[1;32muart:~$ [m^[[1[12D[J[1;31m[1;31m--- 29 messages dropped ---
[07:44:30.278] [0m[m[00:05:17.225,000] [0m<dbg> net_pkt.net_pkt_get_reserve_data_debug: (llss_thread): TDATA (tx_bufs) [76] frag 0x3c15d4f4 ref 1 (ethernet_fill_header():610)[0m
[07:44:30.280] [1;32muart:~$ [m^[[1[12D[J[1;31m[1;31m--- 1 messages dropped ---
[07:44:30.296] [0m[m[00:05:17.225,000] [0m<dbg> net_pkt.net_pkt_frag_insert_debug: (llss_thread): pkt 0x3c172f28 frag 0x3c15d4f4 (ethernet_fill_header:669)[0m
[07:44:30.297] [1;32muart:~$ [m^[[1[12D[J[1;31m[1;31m--- 65 messages dropped ---
[07:44:30.313] [0m[m[00:05:17.225,000] [0m<dbg> net_pkt.net_pkt_read: (llss_thread): pkt 0x3c172f28 data 0x3fcc36ae length 295[0m
[07:44:30.314] [1;32muart:~$ [m^[[1[12D[J[00:05:17.226,000] [0m<dbg> net_pkt.net_pkt_unref_debug: (llss_thread): TX [14] pkt 0x3c172f28 ref 1 frags 0x3c15d4f4 (ethernet_send():800)[0m
[07:44:30.330] [1;32muart:~$ [m^[[1[12D[J[00:05:17.227,000] [0m<dbg> net_pkt.net_pkt_unref_debug: (llss_thread): TX [14] pkt 0x3c172f28 ref 0 frags 0x3c15d4f4 (tcp_send():472)[0m
[07:44:30.347] [1;32muart:~$ [m^[[1[12D[J[00:05:17.227,000] [0m<dbg> net_pkt.net_pkt_unref_debug: (llss_thread): TDATA (tx_bufs) [76] frag 0x3c15d4f4 ref 0 frags 0x3c15d4d8 (tcp_send():472)[0m
[07:44:30.364] [1;32muart:~$ [m^[[1[12D[J[00:05:17.227,000] [0m<dbg> net_pkt.net_pkt_unref_debug: (llss_thread): TDATA (tx_bufs) [76] frag 0x3c15d4d8 ref 0 frags 0x3c15d4bc (tcp_send():472)[0m
[07:44:30.381] [1;32muart:~$ [m^[[1[12D[J[00:05:17.227,000] [0m<dbg> net_pkt.net_pkt_frag_unref_debug: (llss_thread): TDATA (tx_bufs) [76] frag 0x3c15d4f4 ref 0 (net_pkt_unref_debug():612)[0m
[07:44:30.398] [1;32muart:~$ [m^[[1[12D[J[00:05:17.243,000] [0m<dbg> net_pkt.net_pkt_skip: (rx_q[0]): pkt 0x3c173cf0 skip 40[0m
[07:44:30.414] [1;32muart:~$ [m^[[1[12D[J[00:05:17.243,000] [0m<dbg> net_pkt.net_pkt_skip: (rx_q[0]): pkt 0x3c173cf0 skip 8[0m
[07:44:30.430] [1;32muart:~$ [m^[[1[12D[J[00:05:17.243,000] [0m<dbg> net_pkt.net_pkt_skip: (rx_q[0]): pkt 0x3c173cf0 skip 32[0m
[07:44:30.446] [1;32muart:~$ [m^[[1[12D[J[00:05:17.243,000] [0m<dbg> net_pkt.net_pkt_skip: (rx_q[0]): pkt 0x3c173cf0 skip 20[0m
[07:44:30.462] [1;32muart:~$ [m^[[1[12D[J[00:05:17.243,000] [0m<dbg> net_pkt.net_pkt_skip: (rx_q[0]): pkt 0x3c173cf0 skip 40[0m
[07:44:30.478] [1;32muart:~$ [m^[[1[12D[J[00:05:17.243,000] [0m<dbg> net_pkt.net_pkt_skip: (rx_q[0]): pkt 0x3c173cf0 skip 40[0m
[07:44:30.494] [1;32muart:~$ [m^[[1[12D[J[00:05:17.243,000] [0m<dbg> net_pkt.net_pkt_skip: (rx_q[0]): pkt 0x3c173cf0 skip 40[0m
[07:44:30.510] [1;32muart:~$ [m^[[1[12D[J[00:05:17.243,000] [0m<dbg> net_pkt.net_pkt_skip: (rx_q[0]): pkt 0x3c173cf0 skip 40[0m
[07:44:30.526] [1;32muart:~$ [m^[[1[12D[J[00:05:17.243,000] [0m<dbg> net_pkt.net_pkt_skip: (rx_q[0]): pkt 0x3c173cf0 skip 40[0m
[07:44:30.542] [1;32muart:~$ [m^[[1[12D[J[00:05:17.244,000] [0m<dbg> net_pkt.net_pkt_unref_debug: (rx_q[0]): RX [39] pkt 0x3c173cf0 ref 0 frags 0x3c172850 (tcp_in():3635)[0m
[07:44:30.558] [1;32muart:~$ [m^[[1[12D[J[00:05:17.244,000] [0m<dbg> net_pkt.net_pkt_unref_debug: (rx_q[0]): RDATA (rx_bufs) [159] frag 0x3c172850 ref 0 frags 0 (tcp_in():3635)[0m
[07:44:30.575] [1;32muart:~$ [m^[[1[12D[J[00:05:17.244,000] [0m<dbg> net_pkt.net_pkt_frag_unref_debug: (rx_q[0]): RDATA (rx_bufs) [159] frag 0x3c172850 ref 0 (net_pkt_unref_debug():612)[0m
[07:44:30.592] [1;32muart:~$ [m^[[1[12D[J[00:05:17.244,000] [0m<dbg> net_pkt.net_pkt_print: (rx_q[0]): TX 16 RX 40 RDATA 160 TDATA 80[0m
[07:44:30.608] [1;32muart:~$ [m^[[1[12D[J[1;32muart:~$ [m^[[1[12D[J[1;32muart:~$ [m^[[1[12D[J[1;31m[1;31m--- 40 messages dropped ---
[07:44:32.026] [0m[m[00:05:18.974,000] [0m<dbg> net_pkt.net_pkt_read: (rx_q[0]): pkt 0x3c172ee0 data 0x3fcc36ae length 74[0m
[07:44:32.027] [1;32muart:~$ [m^[[1[12D[J[00:05:18.975,000] [0m<dbg> net_pkt.net_pkt_unref_debug: (rx_q[0]): TX [15] pkt 0x3c172ee0 ref 1 frags 0x3c15d4bc (ethernet_send():800)[0m
[07:44:32.044] [1;32muart:~$ [m^[[1[12D[J[00:05:18.975,000] [0m<dbg> net_pkt.net_pkt_unref_debug: (rx_q[0]): TX [15] pkt 0x3c172ee0 ref 0 frags 0x3c15d4bc (tcp_send():472)[0m
[07:44:32.060] [1;32muart:~$ [m^[[1[12D[J[00:05:18.975,000] [0m<dbg> net_pkt.net_pkt_unref_debug: (rx_q[0]): TDATA (tx_bufs) [78] frag 0x3c15d4bc ref 0 frags 0x3c15d4a0 (tcp_send():472)[0m
[07:44:32.077] [1;32muart:~$ [m^[[1[12D[J[00:05:18.975,000] [0m<dbg> net_pkt.net_pkt_unref_debug: (rx_q[0]): TDATA (tx_bufs) [78] frag 0x3c15d4a0 ref 0 frags 0 (tcp_send():472)[0m
[07:44:32.094] [1;32muart:~$ [m^[[1[12D[J[00:05:18.975,000] [0m<dbg> net_pkt.net_pkt_frag_unref_debug: (rx_q[0]): TDATA (tx_bufs) [78] frag 0x3c15d4bc ref 0 (net_pkt_unref_debug():612)[0m
[07:44:32.111] [1;32muart:~$ [m^[[1[12D[J[00:05:18.975,000] [0m<dbg> net_pkt.net_pkt_frag_unref_debug: (rx_q[0]): TDATA (tx_bufs) [79] frag 0x3c15d4a0 ref 0 (net_pkt_unref_debug():612)[0m
[07:44:32.127] [1;32muart:~$ [m^[[1[12D[J[00:05:18.975,000] [0m<dbg> net_pkt.net_pkt_print: (rx_q[0]): TX 16 RX 39 RDATA 159 TDATA 80[0m
[07:44:32.143] [1;32muart:~$ [m^[[1[12D[J[00:05:18.976,000] [0m<dbg> net_pkt.net_pkt_read: (llss_thread): pkt 0x3c173cf0 data 0x3c246e00 length 5[0m
[07:44:32.159] [1;32muart:~$ [m^[[1[12D[J[00:05:18.976,000] [0m<dbg> net_pkt.net_pkt_read: (llss_thread): pkt 0x3c173cf0 data 0x3c246e05 length 233[0m
[07:44:32.176] [1;32muart:~$ [m^[[1[12D[J[00:05:18.976,000] [0m<dbg> net_pkt.net_pkt_unref_debug: (llss_thread): RX [39] pkt 0x3c173cf0 ref 0 frags 0x3c172850 (zsock_recv_stream_immediate():1423)[0m
[07:44:32.193] [1;32muart:~$ [m^[[1[12D[J[00:05:18.976,000] [0m<dbg> net_pkt.net_pkt_unref_debug: (llss_thread): RDATA (rx_bufs) [159] frag 0x3c172850 ref 0 frags 0 (zsock_recv_stream_immediate():1423)[0m
[07:44:32.210] [1;32muart:~$ [m^[[1[12D[J[00:05:18.976,000] [0m<dbg> net_pkt.net_pkt_frag_unref_debug: (llss_thread): RDATA (rx_bufs) [159] frag 0x3c172850 ref 0 (net_pkt_unref_debug():612)[0m
[07:44:32.227] [1;32muart:~$ [m^[[1[12D[J[1;32muart:~$ [m^[[1[12D[J[1;32muart:~$ [m^[[1[12D[J[1;31m[1;31m--- 3 messages dropped ---
[07:44:33.249] [0m[m[00:05:19.381,000] [0m<dbg> net_pkt.net_pkt_write: (wifi): pkt 0x3c173cf0 data 0x3c26f2aa length 60[0m
[07:44:33.249] [1;32muart:~$ [m^[[1[12D[J[00:05:19.382,000] [0m<dbg> net_pkt.net_pkt_unref_debug: (rx_q[0]): RX [39] pkt 0x3c173cf0 ref 0 frags 0x3c172850 (processing_data():157)[0m
[07:44:33.266] [1;32muart:~$ [m^[[1[12D[J[00:05:19.382,000] [0m<dbg> net_pkt.net_pkt_unref_debug: (rx_q[0]): RDATA (rx_bufs) [159] frag 0x3c172850 ref 0 frags 0 (processing_data():157)[0m
[07:44:33.283] [1;32muart:~$ [m^[[1[12D[J[00:05:19.382,000] [0m<dbg> net_pkt.net_pkt_frag_unref_debug: (rx_q[0]): RDATA (rx_bufs) [159] frag 0x3c172850 ref 0 (net_pkt_unref_debug():612)[0m
[07:44:33.300] [1;32muart:~$ [m^[[1[12D[J[00:05:19.382,000] [0m<dbg> net_pkt.net_pkt_print: (rx_q[0]): TX 16 RX 40 RDATA 160 TDATA 80[0m
[07:44:33.316] [1;32muart:~$ [m^[[1[12D[J[00:05:20.201,000] [0m<dbg> net_pkt.pkt_alloc_with_buffer: (wifi): On iface 1 (0x3fc9ea10) size 60[0m
[07:44:33.333] [1;32muart:~$ [m^[[1[12D[J[00:05:20.201,000] [0m<dbg> net_pkt.net_pkt_alloc_buffer_with_reserve_debug: (wifi): Data allocation maximum size 60 (requested 60, reserve 0)[0m
[07:44:33.350] [1;32muart:~$ [m^[[1[12D[J[00:05:20.201,000] [0m<dbg> net_pkt.pkt_alloc_buffer: (wifi): RDATA (rx_bufs) [159] frag 0x3c172850 ref 1 (eth_esp32_rx():153)[0m
[07:44:33.366] [1;32muart:~$ [m^[[1[12D[J[00:05:20.201,000] [0m<dbg> net_pkt.net_pkt_write: (wifi): pkt 0x3c173cf0 data 0x3c26f2aa length 60[0m
[07:44:33.383] [1;32muart:~$ [m^[[1[12D[J[00:05:20.201,000] [0m<dbg> net_pkt.net_pkt_unref_debug: (rx_q[0]): RX [39] pkt 0x3c173cf0 ref 0 frags 0x3c172850 (processing_data():157)[0m
[07:44:33.399] [1;32muart:~$ [m^[[1[12D[J[00:05:20.201,000] [0m<dbg> net_pkt.net_pkt_unref_debug: (rx_q[0]): RDATA (rx_bufs) [159] frag 0x3c172850 ref 0 frags 0 (processing_data():157)[0m
[07:44:33.416] [1;32muart:~$ [m^[[1[12D[J[00:05:20.201,000] [0m<dbg> net_pkt.net_pkt_frag_unref_debug: (rx_q[0]): RDATA (rx_bufs) [159] frag 0x3c172850 ref 0 (net_pkt_unref_debug():612)[0m
[07:44:33.432] [1;32muart:~$ [m^[[1[12D[J[00:05:20.201,000] [0m<dbg> net_pkt.net_pkt_print: (rx_q[0]): TX 16 RX 40 RDATA 160 TDATA 80[0m
[07:44:33.449] [1;32muart:~$ [m^[[1[12D[J[1;32muart:~$ [m^[[1[12D[J[1;32muart:~$ [m^[[1[12D[J[00:05:21.224,000] [0m<dbg> net_pkt.pkt_alloc_with_buffer: (wifi): On iface 1 (0x3fc9ea10) size 60[0m
[07:44:35.283] [1;32muart:~$ [m^[[1[12D[J[1;31m[1;31m--- 105 messages dropped ---
[07:44:35.300] [0m[m[00:05:21.224,000] [0m<dbg> net_pkt.net_pkt_alloc_buffer_with_reserve_debug: (wifi): Data allocation maximum size 60 (requested 60, reserve 0)[0m
[07:44:35.301] [1;32muart:~$ [m^[[1[12D[J[00:05:21.224,000] [0m<dbg> net_pkt.pkt_alloc_buffer: (wifi): RDATA (rx_bufs) [159] frag 0x3c172850 ref 1 (eth_esp32_rx():153)[0m
[07:44:35.317] [1;32muart:~$ [m^[[1[12D[J[1;31m[1;31m--- 14 messages dropped ---
[07:44:35.333] [0m[m[00:05:21.224,000] [0m<dbg> net_pkt.net_pkt_write: (wifi): pkt 0x3c173cf0 data 0x3c26f2aa length 60[0m
[07:44:35.334] [1;32muart:~$ [m^[[1[12D[J[00:05:21.225,000] [0m<dbg> net_pkt.net_pkt_unref_debug: (rx_q[0]): RX [39] pkt 0x3c173cf0 ref 0 frags 0x3c172850 (processing_data():157)[0m
[07:44:35.351] [1;32muart:~$ [m^[[1[12D[J[00:05:21.225,000] [0m<dbg> net_pkt.net_pkt_unref_debug: (rx_q[0]): RDATA (rx_bufs) [159] frag 0x3c172850 ref 0 frags 0 (processing_data():157)[0m
[07:44:35.368] [1;32muart:~$ [m^[[1[12D[J[00:05:21.225,000] [0m<dbg> net_pkt.net_pkt_frag_unref_debug: (rx_q[0]): RDATA (rx_bufs) [159] frag 0x3c172850 ref 0 (net_pkt_unref_debug():612)[0m
[07:44:35.385] [1;32muart:~$ [m^[[1[12D[J[00:05:21.225,000] [0m<dbg> net_pkt.net_pkt_print: (rx_q[0]): TX 16 RX 40 RDATA 160 TDATA 80[0m
[07:44:35.401] [1;32muart:~$ [m^[[1[12D[J[00:05:22.233,000] [0m<dbg> net_pkt.net_pkt_frag_unref_debug: (rx_q[0]): RDATA (rx_bufs) [159] frag 0x3c172850 ref 0 (net_pkt_unref_debug():612)[0m
[07:44:35.417] [1;32muart:~$ [m^[[1[12D[J[00:05:22.239,000] [0m<dbg> net_pkt.net_pkt_alloc_buffer_with_reserve_debug: (wifi): Data allocation maximum size 86 (requested 86, reserve 0)[0m
[07:44:35.434] [1;32muart:~$ [m^[[1[12D[J[00:05:22.239,000] [0m<dbg> net_pkt.pkt_alloc_buffer: (wifi): RDATA (rx_bufs) [159] frag 0x3c172850 ref 1 (eth_esp32_rx():153)[0m
[07:44:35.450] [1;32muart:~$ [m^[[1[12D[J[00:05:22.239,000] [0m<dbg> net_pkt.net_pkt_write: (wifi): pkt 0x3c173cf0 data 0x3c26f2ac length 86[0m
[07:44:35.467] [1;32muart:~$ [m^[[1[12D[J[00:05:22.239,000] [0m<dbg> net_pkt.net_pkt_skip: (rx_q[0]): pkt 0x3c173cf0 skip 40[0m
[07:44:35.483] [1;32muart:~$ [m^[[1[12D[J[00:05:22.239,000] [0m<dbg> net_pkt.net_pkt_skip: (rx_q[0]): pkt 0x3c173cf0 skip 8[0m
[07:44:35.501] [1;32muart:~$ [m^[[1[12D[J[00:05:22.239,000] [0m<dbg> net_pkt.net_pkt_skip: (rx_q[0]): pkt 0x3c173cf0 skip 32[0m
[07:44:35.517] [1;32muart:~$ [m^[[1[12D[J[00:05:22.239,000] [0m<dbg> net_pkt.net_pkt_skip: (rx_q[0]): pkt 0x3c173cf0 skip 4[0m
[07:44:35.533] [1;32muart:~$ [m^[[1[12D[J[00:05:22.239,000] [0m<dbg> net_pkt.net_pkt_skip: (rx_q[0]): pkt 0x3c173cf0 skip 20[0m
[07:44:35.549] [1;32muart:~$ [m^[[1[12D[J[00:05:22.239,000] [0m<dbg> net_pkt.net_pkt_skip: (rx_q[0]): pkt 0x3c173cf0 skip 2[0m
[07:44:35.565] [1;32muart:~$ [m^[[1[12D[J[00:05:22.239,000] [0m<dbg> net_pkt.net_pkt_skip: (rx_q[0]): pkt 0x3c173cf0 skip 66[0m
[07:44:35.581] [1;32muart:~$ [m^[[1[12D[J[00:05:22.239,000] [0m<dbg> net_pkt.net_pkt_read: (rx_q[0]): pkt 0x3c173cf0 data 0x3c15163a length 6[0m
[07:44:35.597] [1;32muart:~$ [m^[[1[12D[J[00:05:22.240,000] [0m<dbg> net_pkt.net_pkt_unref_debug: (rx_q[0]): RX [39] pkt 0x3c173cf0 ref 0 frags 0x3c172850 (net_icmpv6_input():408)[0m
[07:44:35.614] [1;32muart:~$ [m^[[1[12D[J[00:05:22.240,000] [0m<dbg> net_pkt.net_pkt_unref_debug: (rx_q[0]): RDATA (rx_bufs) [159] frag 0x3c172850 ref 0 frags 0 (net_icmpv6_input():408)[0m
[07:44:35.630] [1;32muart:~$ [m^[[1[12D[J[00:05:22.240,000] [0m<dbg> net_pkt.net_pkt_print: (rx_q[0]): TX 16 RX 40 RDATA 160 TDATA 80[0m
[07:44:35.646] [1;32muart:~$ [m^[[1[12D[J[1;32muart:~$ [m^[[1[12D[J[1;32muart:~$ [m^[[1[12D[J[1;31m[1;31m--- 14 messages dropped ---
[07:44:36.279] [0m[m[00:05:23.227,000] [0m<dbg> net_pkt.net_pkt_skip: (sysworkq): pkt 0x3c172ee0 skip 40[0m
[07:44:36.280] [1;32muart:~$ [m^[[1[12D[J[1;31m[1;31m--- 12 messages dropped ---
[07:44:36.296] [0m[m[00:05:23.227,000] [0m<dbg> net_pkt.net_pkt_skip: (sysworkq): pkt 0x3c172ee0 skip 8[0m
[07:44:36.297] [1;32muart:~$ [m^[[1[12D[J[00:05:23.227,000] [0m<dbg> net_pkt.net_pkt_skip: (sysworkq): pkt 0x3c172ee0 skip 32[0m
[07:44:36.313] [1;32muart:~$ [m^[[1[12D[J[00:05:23.227,000] [0m<dbg> net_pkt.net_pkt_write: (sysworkq): pkt 0x3c172ee0 data 0x3c1534c8 length 4[0m
[07:44:36.330] [1;32muart:~$ [m^[[1[12D[J[00:05:23.227,000] [0m<dbg> net_pkt.net_pkt_skip: (sysworkq): pkt 0x3c172ee0 skip 4[0m
[07:44:36.347] [1;32muart:~$ [m^[[1[12D[J[00:05:23.227,000] [0m<dbg> net_pkt.net_pkt_get_reserve_data_debug: (sysworkq): TDATA (tx_bufs) [78] frag 0x3c15d4bc ref 1 (ethernet_fill_header():610)[0m
[07:44:36.363] [1;32muart:~$ [m^[[1[12D[J[00:05:23.227,000] [0m<dbg> net_pkt.net_pkt_frag_insert_debug: (sysworkq): pkt 0x3c172ee0 frag 0x3c15d4bc (ethernet_fill_header:669)[0m
[07:44:36.380] [1;32muart:~$ [m^[[1[12D[J[00:05:23.228,000] [0m<dbg> net_pkt.net_pkt_read: (sysworkq): pkt 0x3c172ee0 data 0x3fcc36ae length 86[0m
[07:44:36.396] [1;32muart:~$ [m^[[1[12D[J[00:05:23.231,000] [0m<dbg> net_pkt.net_pkt_frag_unref_debug: (rx_q[0]): RDATA (rx_bufs) [159] frag 0x3c172850 ref 0 (net_pkt_unref_debug():612)[0m
[07:44:36.413] [1;32muart:~$ [m^[[1[12D[J[00:05:23.231,000] [0m<dbg> net_pkt.net_pkt_print: (rx_q[0]): TX 16 RX 40 RDATA 160 TDATA 80[0m
[07:44:36.429] [1;32muart:~$ [m^[[1[12D[J[00:05:23.231,000] [0m<dbg> net_pkt.pkt_alloc_with_buffer: (wifi): On iface 1 (0x3fc9ea10) size 78[0m
[07:44:36.445] [1;32muart:~$ [m^[[1[12D[J[00:05:23.232,000] [0m<dbg> net_pkt.net_pkt_alloc_buffer_with_reserve_debug: (wifi): Data allocation maximum size 78 (requested 78, reserve 0)[0m
[07:44:36.462] [1;32muart:~$ [m^[[1[12D[J[00:05:23.232,000] [0m<dbg> net_pkt.pkt_alloc_buffer: (wifi): RDATA (rx_bufs) [159] frag 0x3c172850 ref 1 (eth_esp32_rx():153)[0m
[07:44:36.479] [1;32muart:~$ [m^[[1[12D[J[00:05:23.232,000] [0m<dbg> net_pkt.net_pkt_write: (wifi): pkt 0x3c173cf0 data 0x3c26f2ac length 78[0m
[07:44:36.495] [1;32muart:~$ [m^[[1[12D[J[00:05:23.232,000] [0m<dbg> net_pkt.net_pkt_skip: (rx_q[0]): pkt 0x3c173cf0 skip 40[0m
[07:44:36.511] [1;32muart:~$ [m^[[1[12D[J[00:05:23.232,000] [0m<dbg> net_pkt.net_pkt_skip: (rx_q[0]): pkt 0x3c173cf0 skip 8[0m
[07:44:36.528] [1;32muart:~$ [m^[[1[12D[J[00:05:23.232,000] [0m<dbg> net_pkt.net_pkt_skip: (rx_q[0]): pkt 0x3c173cf0 skip 32[0m
[07:44:36.544] [1;32muart:~$ [m^[[1[12D[J[00:05:23.232,000] [0m<dbg> net_pkt.net_pkt_skip: (rx_q[0]): pkt 0x3c173cf0 skip 4[0m
[07:44:36.560] [1;32muart:~$ [m^[[1[12D[J[00:05:23.232,000] [0m<dbg> net_pkt.net_pkt_unref_debug: (rx_q[0]): RX [39] pkt 0x3c173cf0 ref 0 frags 0x3c172850 (processing_data():157)[0m
[07:44:36.576] [1;32muart:~$ [m^[[1[12D[J[00:05:23.232,000] [0m<dbg> net_pkt.net_pkt_unref_debug: (rx_q[0]): RDATA (rx_bufs) [159] frag 0x3c172850 ref 0 frags 0 (processing_data():157)[0m
[07:44:36.593] [1;32muart:~$ [m^[[1[12D[J[00:05:23.232,000] [0m<dbg> net_pkt.net_pkt_frag_unref_debug: (rx_q[0]): RDATA (rx_bufs) [159] frag 0x3c172850 ref 0 (net_pkt_unref_debug():612)[0m
[07:44:36.609] [1;32muart:~$ [m^[[1[12D[J[1;32muart:~$ [m^[[1[12D[J[1;32muart:~$ [m^[[1[12D[J[1;31m[1;31m--- 21 messages dropped ---
[07:44:37.033] [0m[m[00:05:23.982,000] [0m<dbg> net_pkt.net_pkt_get_reserve_data_debug: (llss_thread): TDATA (tx_bufs) [76] frag 0x3c15d4f4 ref 1 (ethernet_fill_header():610)[0m
[07:44:37.034] [1;32muart:~$ [m^[[1[12D[J[00:05:23.982,000] [0m<dbg> net_pkt.net_pkt_frag_insert_debug: (llss_thread): pkt 0x3c172f28 frag 0x3c15d4f4 (ethernet_fill_header:669)[0m
[07:44:37.051] [1;32muart:~$ [m^[[1[12D[J[00:05:23.982,000] [0m<dbg> net_pkt.net_pkt_read: (llss_thread): pkt 0x3c172f28 data 0x3fcc36ae length 295[0m
[07:44:37.068] [1;32muart:~$ [m^[[1[12D[J[1;31m[1;31m--- 57 messages dropped ---
[07:44:37.084] [0m[m[00:05:23.983,000] [0m<dbg> net_pkt.net_pkt_unref_debug: (llss_thread): TX [14] pkt 0x3c172f28 ref 1 frags 0x3c15d4f4 (ethernet_send():800)[0m
[07:44:37.085] [1;32muart:~$ [m^[[1[12D[J[00:05:23.983,000] [0m<dbg> net_pkt.net_pkt_unref_debug: (llss_thread): TX [14] pkt 0x3c172f28 ref 0 frags 0x3c15d4f4 (tcp_send():472)[0m
[07:44:37.102] [1;32muart:~$ [m^[[1[12D[J[00:05:23.983,000] [0m<dbg> net_pkt.net_pkt_unref_debug: (llss_thread): TDATA (tx_bufs) [76] frag 0x3c15d4f4 ref 0 frags 0x3c15d4d8 (tcp_send():472)[0m
[07:44:37.118] [1;32muart:~$ [m^[[1[12D[J[00:05:23.984,000] [0m<dbg> net_pkt.net_pkt_unref_debug: (llss_thread): TDATA (tx_bufs) [76] frag 0x3c15d4d8 ref 0 frags 0x3c15d4bc (tcp_send():472)[0m
[07:44:37.135] [1;32muart:~$ [m^[[1[12D[J[00:05:23.984,000] [0m<dbg> net_pkt.net_pkt_unref_debug: (llss_thread): TDATA (tx_bufs) [76] frag 0x3c15d4bc ref 0 frags 0 (tcp_send():472)[0m
[07:44:37.152] [1;32muart:~$ [m^[[1[12D[J[00:05:23.997,000] [0m<dbg> net_pkt.net_pkt_write: (wifi): pkt 0x3c173cf0 data 0x3c26f2ac length 74[0m
[07:44:37.169] [1;32muart:~$ [m^[[1[12D[J[00:05:23.997,000] [0m<dbg> net_pkt.net_pkt_skip: (rx_q[0]): pkt 0x3c173cf0 skip 40[0m
[07:44:37.185] [1;32muart:~$ [m^[[1[12D[J[00:05:23.997,000] [0m<dbg> net_pkt.net_pkt_skip: (rx_q[0]): pkt 0x3c173cf0 skip 8[0m
[07:44:37.201] [1;32muart:~$ [m^[[1[12D[J[00:05:23.997,000] [0m<dbg> net_pkt.net_pkt_skip: (rx_q[0]): pkt 0x3c173cf0 skip 32[0m
[07:44:37.217] [1;32muart:~$ [m^[[1[12D[J[00:05:23.997,000] [0m<dbg> net_pkt.net_pkt_write: (rx_q[0]): pkt 0x3c173cf0 data 0x3c16a596 length 20[0m
[07:44:37.233] [1;32muart:~$ [m^[[1[12D[J[00:05:23.997,000] [0m<dbg> net_pkt.net_pkt_skip: (rx_q[0]): pkt 0x3c173cf0 skip 20[0m
[07:44:37.249] [1;32muart:~$ [m^[[1[12D[J[00:05:23.998,000] [0m<dbg> net_pkt.net_pkt_skip: (rx_q[0]): pkt 0x3c173cf0 skip 40[0m
[07:44:37.265] [1;32muart:~$ [m^[[1[12D[J[00:05:23.998,000] [0m<dbg> net_pkt.net_pkt_skip: (rx_q[0]): pkt 0x3c173cf0 skip 40[0m
[07:44:37.288] [1;32muart:~$ [m^[[1[12D[J[1;31m[1;31m--- 65 messages dropped ---
[07:44:37.304] [0m[m[00:05:23.998,000] [0m<dbg> net_pkt.net_pkt_skip: (rx_q[0]): pkt 0x3c173cf0 skip 40[0m
[07:44:37.305] [1;32muart:~$ [m^[[1[12D[J[00:05:23.998,000] [0m<dbg> net_pkt.net_pkt_skip: (rx_q[0]): pkt 0x3c173cf0 skip 40[0m
[07:44:37.321] [1;32muart:~$ [m^[[1[12D[J[00:05:23.998,000] [0m<dbg> net_pkt.net_pkt_skip: (rx_q[0]): pkt 0x3c173cf0 skip 40[0m
[07:44:37.338] [1;32muart:~$ [m^[[1[12D[J[00:05:23.998,000] [0m<dbg> net_pkt.net_pkt_unref_debug: (rx_q[0]): RX [39] pkt 0x3c173cf0 ref 0 frags 0x3c172850 (tcp_in():3635)[0m
[07:44:37.355] [1;32muart:~$ [m^[[1[12D[J[00:05:23.998,000] [0m<dbg> net_pkt.net_pkt_frag_unref_debug: (rx_q[0]): RDATA (rx_bufs) [159] frag 0x3c172850 ref 0 (net_pkt_unref_debug():612)[0m
[07:44:37.372] [1;32muart:~$ [m^[[1[12D[J[00:05:23.998,000] [0m<dbg> net_pkt.net_pkt_print: (rx_q[0]): TX 16 RX 40 RDATA 160 TDATA 80[0m
[07:44:37.388] [1;32muart:~$ [m^[[1[12D[J[00:05:24.229,000] [0m<dbg> net_pkt.net_pkt_skip: (sysworkq): pkt 0x3c172ee0 skip 40[0m
[07:44:37.404] [1;32muart:~$ [m^[[1[12D[J[00:05:24.239,000] [0m<dbg> net_pkt.pkt_alloc_buffer: (wifi): RDATA (rx_bufs) [159] frag 0x3c172850 ref 1 (eth_esp32_rx():153)[0m
[07:44:37.420] [1;32muart:~$ [m^[[1[12D[J[00:05:24.239,000] [0m<dbg> net_pkt.net_pkt_write: (wifi): pkt 0x3c173cf0 data 0x3c26f2aa length 256[0m
[07:44:37.436] [1;32muart:~$ [m^[[1[12D[J[00:05:24.240,000] [0m<dbg> net_pkt.net_pkt_unref_debug: (rx_q[0]): RDATA (rx_bufs) [159] frag 0x3c172850 ref 0 frags 0 (processing_data():157)[0m
[07:44:37.453] [1;32muart:~$ [m^[[1[12D[J[00:05:24.240,000] [0m<dbg> net_pkt.net_pkt_frag_unref_debug: (rx_q[0]): RDATA (rx_bufs) [159] frag 0x3c172850 ref 0 (net_pkt_unref_debug():612)[0m
[07:44:37.470] [1;32muart:~$ [m^[[1[12D[J[00:05:24.240,000] [0m<dbg> net_pkt.net_pkt_print: (rx_q[0]): TX 16 RX 40 RDATA 160 TDATA 80[0m
[07:44:37.486] [1;32muart:~$ [m^[[1[12D[J[00:05:24.240,000] [0m<dbg> net_pkt.pkt_alloc_with_buffer: (wifi): On iface 1 (0x3fc9ea10) size 60[0m
[07:44:37.502] [1;32muart:~$ [m^[[1[12D[J[00:05:24.240,000] [0m<dbg> net_pkt.net_pkt_alloc_buffer_with_reserve_debug: (wifi): Data allocation maximum size 60 (requested 60, reserve 0)[0m
[07:44:37.519] [1;32muart:~$ [m^[[1[12D[J[00:05:24.240,000] [0m<dbg> net_pkt.pkt_alloc_buffer: (wifi): RDATA (rx_bufs) [159] frag 0x3c172850 ref 1 (eth_esp32_rx():153)[0m
[07:44:37.535] [1;32muart:~$ [m^[[1[12D[J[00:05:24.240,000] [0m<dbg> net_pkt.net_pkt_write: (wifi): pkt 0x3c173cf0 data 0x3c26f95a length 60[0m
[07:44:37.552] [1;32muart:~$ [m^[[1[12D[J[00:05:24.241,000] [0m<dbg> net_pkt.net_pkt_unref_debug: (rx_q[0]): RX [39] pkt 0x3c173cf0 ref 0 frags 0x3c172850 (processing_data():157)[0m
[07:44:37.568] [1;32muart:~$ [m^[[1[12D[J[00:05:24.241,000] [0m<dbg> net_pkt.net_pkt_unref_debug: (rx_q[0]): RDATA (rx_bufs) [159] frag 0x3c172850 ref 0 frags 0 (processing_data():157)[0m
[07:44:37.585] [1;32muart:~$ [m^[[1[12D[J[00:05:24.241,000] [0m<dbg> net_pkt.net_pkt_frag_unref_debug: (rx_q[0]): RDATA (rx_bufs) [159] frag 0x3c172850 ref 0 (net_pkt_unref_debug():612)[0m
[07:44:37.601] [1;32muart:~$ [m^[[1[12D[J[00:05:24.241,000] [0m<dbg> net_pkt.net_pkt_print: (rx_q[0]): TX 16 RX 40 RDATA 160 TDATA 80[0m
[07:44:37.618] [1;32muart:~$ [m^[[1[12D[J[1;32muart:~$ [m^[[1[12D[J[1;32muart:~$ [m^[[1[12D[J[1;31m[1;31m--- 60 messages dropped ---
[07:44:38.789] [0m[m[00:05:25.734,000] [0m<dbg> net_pkt.net_pkt_read: (rx_q[0]): pkt 0x3c172f28 data 0x3fcc36ae length 86[0m
[07:44:38.791] [1;32muart:~$ [m^[[1[12D[J[1;31m[1;31m--- 20 messages dropped ---
[07:44:38.807] [0m[m[00:05:25.734,000] [0m<dbg> net_pkt.net_pkt_unref_debug: (rx_q[0]): TX [14] pkt 0x3c172f28 ref 0 frags 0x3c15d4d8 (ethernet_send():800)[0m
[07:44:38.808] [1;32muart:~$ [m^[[1[12D[J[00:05:25.734,000] [0m<dbg> net_pkt.net_pkt_unref_debug: (rx_q[0]): TDATA (tx_bufs) [77] frag 0x3c15d4d8 ref 0 frags 0x3c15d4bc (ethernet_send():800)[0m
[07:44:38.825] [1;32muart:~$ [m^[[1[12D[J[00:05:25.734,000] [0m<dbg> net_pkt.net_pkt_unref_debug: (rx_q[0]): TDATA (tx_bufs) [77] frag 0x3c15d4bc ref 0 frags 0 (ethernet_send():800)[0m
[07:44:38.842] [1;32muart:~$ [m^[[1[12D[J[00:05:25.734,000] [0m<dbg> net_pkt.net_pkt_frag_unref_debug: (rx_q[0]): TDATA (tx_bufs) [77] frag 0x3c15d4d8 ref 0 (net_pkt_unref_debug():612)[0m
[07:44:38.859] [1;32muart:~$ [m^[[1[12D[J[00:05:25.734,000] [0m<dbg> net_pkt.net_pkt_frag_unref_debug: (rx_q[0]): TDATA (tx_bufs) [78] frag 0x3c15d4bc ref 0 (net_pkt_unref_debug():612)[0m
[07:44:38.876] [1;32muart:~$ [m^[[1[12D[J[00:05:25.741,000] [0m<dbg> net_pkt.net_pkt_get_reserve_data_debug: (rx_q[0]): TDATA (tx_bufs) [78] frag 0x3c15d4bc ref 1 (ethernet_fill_header():610)[0m
[07:44:38.892] [1;32muart:~$ [m^[[1[12D[J[00:05:25.741,000] [0m<dbg> net_pkt.net_pkt_frag_insert_debug: (rx_q[0]): pkt 0x3c172ee0 frag 0x3c15d4bc (ethernet_fill_header:669)[0m
[07:44:38.909] [1;32muart:~$ [m^[[1[12D[J[00:05:25.741,000] [0m<dbg> net_pkt.net_pkt_read: (rx_q[0]): pkt 0x3c172ee0 data 0x3fcc36ae length 74[0m
[07:44:38.925] [1;32muart:~$ [m^[[1[12D[J[00:05:25.741,000] [0m<dbg> net_pkt.net_pkt_unref_debug: (rx_q[0]): TX [15] pkt 0x3c172ee0 ref 1 frags 0x3c15d4bc (ethernet_send():800)[0m
[07:44:38.942] [1;32muart:~$ [m^[[1[12D[J[00:05:25.741,000] [0m<dbg> net_pkt.net_pkt_unref_debug: (rx_q[0]): TX [15] pkt 0x3c172ee0 ref 0 frags 0x3c15d4bc (handle_na_neighbor():1896)[0m
[07:44:38.958] [1;32muart:~$ [m^[[1[12D[J[00:05:25.741,000] [0m<dbg> net_pkt.net_pkt_unref_debug: (rx_q[0]): TDATA (tx_bufs) [78] frag 0x3c15d4bc ref 0 frags 0x3c15d4a0 (handle_na_neighbor():1896)[0m
[07:44:38.975] [1;32muart:~$ [m^[[1[12D[J[00:05:25.741,000] [0m<dbg> net_pkt.net_pkt_unref_debug: (rx_q[0]): TDATA (tx_bufs) [78] frag 0x3c15d4a0 ref 0 frags 0 (handle_na_neighbor():1896)[0m
[07:44:38.992] [1;32muart:~$ [m^[[1[12D[J[00:05:25.741,000] [0m<dbg> net_pkt.net_pkt_frag_unref_debug: (rx_q[0]): TDATA (tx_bufs) [79] frag 0x3c15d4a0 ref 0 (net_pkt_unref_debug():612)[0m
[07:44:39.009] [1;32muart:~$ [m^[[1[12D[J[00:05:25.741,000] [0m<dbg> net_pkt.net_pkt_unref_debug: (rx_q[0]): RX [39] pkt 0x3c173cf0 ref 0 frags 0x3c172850 (net_icmpv6_input():408)[0m
[07:44:39.025] [1;32muart:~$ [m^[[1[12D[J[00:05:25.741,000] [0m<dbg> net_pkt.net_pkt_unref_debug: (rx_q[0]): RDATA (rx_bufs) [159] frag 0x3c172850 ref 0 frags 0 (net_icmpv6_input():408)[0m
[07:44:39.042] [1;32muart:~$ [m^[[1[12D[J[00:05:25.741,000] [0m<dbg> net_pkt.net_pkt_frag_unref_debug: (rx_q[0]): RDATA (rx_bufs) [159] frag 0x3c172850 ref 0 (net_pkt_unref_debug():612)[0m
[07:44:39.058] [1;32muart:~$ [m^[[1[12D[J[00:05:25.741,000] [0m<dbg> net_pkt.net_pkt_print: (rx_q[0]): TX 16 RX 40 RDATA 160 TDATA 80[0m
[07:44:39.074] [1;32muart:~$ [m^[[1[12D[J[1;32muart:~$ [m^[[1[12D[J[1;32muart:~$ [m^[[1[12D[J[1;31m[1;31m--- 39 messages dropped ---
[07:44:40.215] [0m[m[00:05:27.166,000] [0m<dbg> net_pkt.net_pkt_skip: (rx_q[0]): pkt 0x3c172ee0 skip 4[0m
[07:44:40.216] [1;32muart:~$ [m^[[1[12D[J[00:05:27.166,000] [0m<dbg> net_pkt.net_pkt_get_reserve_data_debug: (rx_q[0]): TDATA (tx_bufs) [78] frag 0x3c15d4bc ref 1 (ethernet_fill_header():610)[0m
[07:44:40.233] [1;32muart:~$ [m^[[1[12D[J[00:05:27.166,000] [0m<dbg> net_pkt.net_pkt_frag_insert_debug: (rx_q[0]): pkt 0x3c172ee0 frag 0x3c15d4bc (ethernet_fill_header:669)[0m
[07:44:40.250] [1;32muart:~$ [m^[[1[12D[J[00:05:27.166,000] [0m<dbg> net_pkt.net_pkt_read: (rx_q[0]): pkt 0x3c172ee0 data 0x3fcc36ae length 86[0m
[07:44:40.266] [1;32muart:~$ [m^[[1[12D[J[00:05:27.166,000] [0m<dbg> net_pkt.net_pkt_unref_debug: (rx_q[0]): TX [15] pkt 0x3c172ee0 ref 0 frags 0x3c15d4bc (ethernet_send():800)[0m
[07:44:40.283] [1;32muart:~$ [m^[[1[12D[J[00:05:27.166,000] [0m<dbg> net_pkt.net_pkt_unref_debug: (rx_q[0]): TDATA (tx_bufs) [78] frag 0x3c15d4bc ref 0 frags 0x3c15d4a0 (ethernet_send():800)[0m
[07:44:40.300] [1;32muart:~$ [m^[[1[12D[J[00:05:27.166,000] [0m<dbg> net_pkt.net_pkt_unref_debug: (rx_q[0]): TDATA (tx_bufs) [78] frag 0x3c15d4a0 ref 0 frags 0 (ethernet_send():800)[0m
[07:44:40.317] [1;32muart:~$ [m^[[1[12D[J[00:05:27.166,000] [0m<dbg> net_pkt.net_pkt_frag_unref_debug: (rx_q[0]): TDATA (tx_bufs) [78] frag 0x3c15d4bc ref 0 (net_pkt_unref_debug():612)[0m
[07:44:40.334] [1;32muart:~$ [m^[[1[12D[J[00:05:27.166,000] [0m<dbg> net_pkt.net_pkt_frag_unref_debug: (rx_q[0]): TDATA (tx_bufs) [79] frag 0x3c15d4a0 ref 0 (net_pkt_unref_debug():612)[0m
[07:44:40.351] [1;32muart:~$ [m^[[1[12D[J[00:05:27.166,000] [0m<dbg> net_pkt.net_pkt_unref_debug: (rx_q[0]): RX [39] pkt 0x3c173cf0 ref 0 frags 0x3c172850 (net_icmpv6_input():408)[0m
[07:44:40.368] [1;32muart:~$ [m^[[1[12D[J[00:05:27.166,000] [0m<dbg> net_pkt.net_pkt_unref_debug: (rx_q[0]): RDATA (rx_bufs) [159] frag 0x3c172850 ref 0 frags 0 (net_icmpv6_input():408)[0m
[07:44:40.384] [1;32muart:~$ [m^[[1[12D[J[00:05:27.166,000] [0m<dbg> net_pkt.net_pkt_frag_unref_debug: (rx_q[0]): RDATA (rx_bufs) [159] frag 0x3c172850 ref 0 (net_pkt_unref_debug():612)[0m
[07:44:40.401] [1;32muart:~$ [m^[[1[12D[J[00:05:27.166,000] [0m<dbg> net_pkt.net_pkt_print: (rx_q[0]): TX 16 RX 40 RDATA 160 TDATA 80[0m
[07:44:40.417] [1;32muart:~$ [m^[[1[12D[J[00:05:27.216,000] [0m<dbg> net_pkt.pkt_alloc_with_buffer: (wifi): On iface 1 (0x3fc9ea10) size 60[0m
[07:44:40.434] [1;32muart:~$ [m^[[1[12D[J[00:05:27.216,000] [0m<dbg> net_pkt.net_pkt_alloc_buffer_with_reserve_debug: (wifi): Data allocation maximum size 60 (requested 60, reserve 0)[0m
[07:44:40.451] [1;32muart:~$ [m^[[1[12D[J[00:05:27.216,000] [0m<dbg> net_pkt.pkt_alloc_buffer: (wifi): RDATA (rx_bufs) [159] frag 0x3c172850 ref 1 (eth_esp32_rx():153)[0m
[07:44:40.467] [1;32muart:~$ [m^[[1[12D[J[00:05:27.216,000] [0m<dbg> net_pkt.net_pkt_write: (wifi): pkt 0x3c173cf0 data 0x3c26f2aa length 60[0m
[07:44:40.483] [1;32muart:~$ [m^[[1[12D[J[00:05:27.217,000] [0m<dbg> net_pkt.net_pkt_unref_debug: (rx_q[0]): RX [39] pkt 0x3c173cf0 ref 0 frags 0x3c172850 (processing_data():157)[0m
[07:44:40.500] [1;32muart:~$ [m^[[1[12D[J[00:05:27.217,000] [0m<dbg> net_pkt.net_pkt_unref_debug: (rx_q[0]): RDATA (rx_bufs) [159] frag 0x3c172850 ref 0 frags 0 (processing_data():157)[0m
[07:44:40.516] [1;32muart:~$ [m^[[1[12D[J[00:05:27.217,000] [0m<dbg> net_pkt.net_pkt_frag_unref_debug: (rx_q[0]): RDATA (rx_bufs) [159] frag 0x3c172850 ref 0 (net_pkt_unref_debug():612)[0m
[07:44:40.533] [1;32muart:~$ [m^[[1[12D[J[00:05:27.217,000] [0m<dbg> net_pkt.net_pkt_print: (rx_q[0]): TX 16 RX 40 RDATA 160 TDATA 80[0m
[07:44:40.549] [1;32muart:~$ [m^[[1[12D[J[1;32muart:~$ [m^[[1[12D[J[1;32muart:~$ [m^[[1[12D[J[00:05:28.392,000] [0m<dbg> net_pkt.pkt_alloc_with_buffer: (wifi): On iface 1 (0x3fc9ea10) size 60[0m
[07:44:42.440] [1;32muart:~$ [m^[[1[12D[J[00:05:28.392,000] [0m<dbg> net_pkt.net_pkt_alloc_buffer_with_reserve_debug: (wifi): Data allocation maximum size 60 (requested 60, reserve 0)[0m
[07:44:42.457] [1;32muart:~$ [m^[[1[12D[J[00:05:28.392,000] [0m<dbg> net_pkt.pkt_alloc_buffer: (wifi): RDATA (rx_bufs) [159] frag 0x3c172850 ref 1 (eth_esp32_rx():153)[0m
[07:44:42.474] [1;32muart:~$ [m^[[1[12D[J[00:05:28.392,000] [0m<dbg> net_pkt.net_pkt_write: (wifi): pkt 0x3c173cf0 data 0x3c26f2aa length 60[0m
[07:44:42.490] [1;32muart:~$ [m^[[1[12D[J[00:05:28.393,000] [0m<dbg> net_pkt.net_pkt_unref_debug: (rx_q[0]): RX [39] pkt 0x3c173cf0 ref 0 frags 0x3c172850 (processing_data():157)[0m
[07:44:42.507] [1;32muart:~$ [m^[[1[12D[J[00:05:28.393,000] [0m<dbg> net_pkt.net_pkt_unref_debug: (rx_q[0]): RDATA (rx_bufs) [159] frag 0x3c172850 ref 0 frags 0 (processing_data():157)[0m
[07:44:42.523] [1;32muart:~$ [m^[[1[12D[J[00:05:28.393,000] [0m<dbg> net_pkt.net_pkt_frag_unref_debug: (rx_q[0]): RDATA (rx_bufs) [159] frag 0x3c172850 ref 0 (net_pkt_unref_debug():612)[0m
[07:44:42.540] [1;32muart:~$ [m^[[1[12D[J[00:05:28.393,000] [0m<dbg> net_pkt.net_pkt_print: (rx_q[0]): TX 16 RX 40 RDATA 160 TDATA 80[0m
[07:44:42.556] [1;32muart:~$ [m^[[1[12D[J[1;32muart:~$ [m^[[1[12D[J[1;32muart:~$ [m^[[1[12D[J[1;31m[1;31m--- 4 messages dropped ---
[07:44:43.284] [0m[m[00:05:29.417,000] [0m<dbg> net_pkt.net_pkt_unref_debug: (rx_q[0]): RX [39] pkt 0x3c173cf0 ref 0 frags 0x3c172850 (processing_data():157)[0m
[07:44:43.285] [1;32muart:~$ [m^[[1[12D[J[00:05:29.417,000] [0m<dbg> net_pkt.net_pkt_unref_debug: (rx_q[0]): RDATA (rx_bufs) [159] frag 0x3c172850 ref 0 frags 0 (processing_data():157)[0m
[07:44:43.302] [1;32muart:~$ [m^[[1[12D[J[00:05:29.417,000] [0m<dbg> net_pkt.net_pkt_frag_unref_debug: (rx_q[0]): RDATA (rx_bufs) [159] frag 0x3c172850 ref 0 (net_pkt_unref_debug():612)[0m
[07:44:43.318] [1;32muart:~$ [m^[[1[12D[J[00:05:29.417,000] [0m<dbg> net_pkt.net_pkt_print: (rx_q[0]): TX 16 RX 40 RDATA 160 TDATA 80[0m
[07:44:43.335] [1;32muart:~$ [m^[[1[12D[JNETMEM up=330s pktRX=40/40 pktTX=16/16 bufRX=160/160/m102 bufTX=80/80/m4 int_free=0 int_min=0 psram_free=0 psram_min=0
[07:44:43.351] [1;32muart:~$ [m^[[1[12D[J[00:05:30.235,000] [0m<dbg> net_pkt.pkt_alloc_with_buffer: (wifi): On iface 1 (0x3fc9ea10) size 60[0m
[07:44:43.368] [1;32muart:~$ [m^[[1[12D[J[00:05:30.235,000] [0m<dbg> net_pkt.net_pkt_alloc_buffer_with_reserve_debug: (wifi): Data allocation maximum size 60 (requested 60, reserve 0)[0m
[07:44:43.385] [1;32muart:~$ [m^[[1[12D[J[00:05:30.236,000] [0m<dbg> net_pkt.pkt_alloc_buffer: (wifi): RDATA (rx_bufs) [159] frag 0x3c172850 ref 1 (eth_esp32_rx():153)[0m
[07:44:43.401] [1;32muart:~$ [m^[[1[12D[J[00:05:30.236,000] [0m<dbg> net_pkt.net_pkt_write: (wifi): pkt 0x3c173cf0 data 0x3c26f2aa length 60[0m
[07:44:43.417] [1;32muart:~$ [m^[[1[12D[J[00:05:30.236,000] [0m<dbg> net_pkt.net_pkt_unref_debug: (rx_q[0]): RX [39] pkt 0x3c173cf0 ref 0 frags 0x3c172850 (processing_data():157)[0m
[07:44:43.434] [1;32muart:~$ [m^[[1[12D[J[00:05:30.236,000] [0m<dbg> net_pkt.net_pkt_unref_debug: (rx_q[0]): RDATA (rx_bufs) [159] frag 0x3c172850 ref 0 frags 0 (processing_data():157)[0m
[07:44:43.451] [1;32muart:~$ [m^[[1[12D[J[00:05:30.236,000] [0m<dbg> net_pkt.net_pkt_frag_unref_debug: (rx_q[0]): RDATA (rx_bufs) [159] frag 0x3c172850 ref 0 (net_pkt_unref_debug():612)[0m
[07:44:43.467] [1;32muart:~$ [m^[[1[12D[J[00:05:30.236,000] [0m<dbg> net_pkt.net_pkt_print: (rx_q[0]): TX 16 RX 40 RDATA 160 TDATA 80[0m
[07:44:43.484] [1;32muart:~$ [m^[[1[12D[J[1;32muart:~$ [m^[[1[12D[J[1;32muart:~$ [m^[[1[12D[J[1;31m[1;31m--- 71 messages dropped ---
[07:44:43.799] [0m[m[00:05:30.749,000] [0m<dbg> net_pkt.net_pkt_ref_debug: (llss_thread): TX [14] pkt 0x3c172f28 ref 2 (tcp_send():424)[0m
[07:44:43.800] [1;32muart:~$ [m^[[1[12D[J[00:05:30.749,000] [0m<dbg> net_pkt.net_pkt_get_reserve_data_debug: (llss_thread): TDATA (tx_bufs) [76] frag 0x3c15d4f4 ref 1 (ethernet_fill_header():610)[0m
[07:44:43.817] [1;32muart:~$ [m^[[1[12D[J[1;31m[1;31m--- 10 messages dropped ---
[07:44:43.833] [0m[m[00:05:30.749,000] [0m<dbg> net_pkt.net_pkt_frag_insert_debug: (llss_thread): pkt 0x3c172f28 frag 0x3c15d4f4 (ethernet_fill_header:669)[0m
[07:44:43.834] [1;32muart:~$ [m^[[1[12D[J[00:05:30.749,000] [0m<dbg> net_pkt.net_pkt_read: (llss_thread): pkt 0x3c172f28 data 0x3fcc36ae length 236[0m
[07:44:43.850] [1;32muart:~$ [m^[[1[12D[J[00:05:30.750,000] [0m<dbg> net_pkt.net_pkt_unref_debug: (llss_thread): TX [14] pkt 0x3c172f28 ref 1 frags 0x3c15d4f4 (ethernet_send():800)[0m
[07:44:43.867] [1;32muart:~$ [m^[[1[12D[J[00:05:30.750,000] [0m<dbg> net_pkt.net_pkt_unref_debug: (llss_thread): TX [14] pkt 0x3c172f28 ref 0 frags 0x3c15d4f4 (tcp_send():472)[0m
[07:44:43.884] [1;32muart:~$ [m^[[1[12D[J[00:05:30.751,000] [0m<dbg> net_pkt.net_pkt_unref_debug: (llss_thread): TDATA (tx_bufs) [76] frag 0x3c15d4f4 ref 0 frags 0x3c15d4d8 (tcp_send():472)[0m
[07:44:43.901] [1;32muart:~$ [m^[[1[12D[J[00:05:30.751,000] [0m<dbg> net_pkt.net_pkt_unref_debug: (llss_thread): TDATA (tx_bufs) [76] frag 0x3c15d4d8 ref 0 frags 0x3c15d4bc (tcp_send():472)[0m
[07:44:43.918] [1;32muart:~$ [m^[[1[12D[J[00:05:30.757,000] [0m<dbg> net_pkt.net_pkt_skip: (rx_q[0]): pkt 0x3c173cf0 skip 8[0m
[07:44:43.934] [1;32muart:~$ [m^[[1[12D[J[00:05:30.757,000] [0m<dbg> net_pkt.net_pkt_skip: (rx_q[0]): pkt 0x3c173cf0 skip 32[0m
[07:44:43.950] [1;32muart:~$ [m^[[1[12D[J[00:05:30.757,000] [0m<dbg> net_pkt.net_pkt_write: (rx_q[0]): pkt 0x3c173cf0 data 0x3c16a596 length 20[0m
[07:44:43.966] [1;32muart:~$ [m^[[1[12D[J[00:05:30.757,000] [0m<dbg> net_pkt.net_pkt_skip: (rx_q[0]): pkt 0x3c173cf0 skip 20[0m
[07:44:43.983] [1;32muart:~$ [m^[[1[12D[J[00:05:30.757,000] [0m<dbg> net_pkt.net_pkt_skip: (rx_q[0]): pkt 0x3c173cf0 skip 40[0m
[07:44:43.999] [1;32muart:~$ [m^[[1[12D[J[00:05:30.757,000] [0m<dbg> net_pkt.net_pkt_skip: (rx_q[0]): pkt 0x3c173cf0 skip 40[0m
[07:44:44.015] [1;32muart:~$ [m^[[1[12D[J[00:05:30.757,000] [0m<dbg> net_pkt.net_pkt_skip: (rx_q[0]): pkt 0x3c173cf0 skip 40[0m
[07:44:44.031] [1;32muart:~$ [m^[[1[12D[J[00:05:30.757,000] [0m<dbg> net_pkt.net_pkt_skip: (rx_q[0]): pkt 0x3c173cf0 skip 40[0m
[07:44:44.047] [1;32muart:~$ [m^[[1[12D[J[00:05:30.757,000] [0m<dbg> net_pkt.net_pkt_skip: (rx_q[0]): pkt 0x3c173cf0 skip 40[0m
[07:44:44.063] [1;32muart:~$ [m^[[1[12D[J[00:05:30.757,000] [0m<dbg> net_pkt.net_pkt_unref_debug: (rx_q[0]): RX [39] pkt 0x3c173cf0 ref 0 frags 0x3c172850 (tcp_in():3635)[0m
[07:44:44.079] [1;32muart:~$ [m^[[1[12D[J[00:05:30.757,000] [0m<dbg> net_pkt.net_pkt_unref_debug: (rx_q[0]): RDATA (rx_bufs) [159] frag 0x3c172850 ref 0 frags 0 (tcp_in():3635)[0m
[07:44:44.096] [1;32muart:~$ [m^[[1[12D[J[00:05:30.757,000] [0m<dbg> net_pkt.net_pkt_frag_unref_debug: (rx_q[0]): RDATA (rx_bufs) [159] frag 0x3c172850 ref 0 (net_pkt_unref_debug():612)[0m
[07:44:44.112] [1;32muart:~$ [m^[[1[12D[J[00:05:30.757,000] [0m<dbg> net_pkt.net_pkt_print: (rx_q[0]): TX 16 RX 40 RDATA 160 TDATA 80[0m
[07:44:44.129] [1;32muart:~$ [m^[[1[12D[J[1;32muart:~$ [m^[[1[12D[J[1;32muart:~$ [m^[[1[12D[J[00:05:31.055,000] [0m<dbg> net_pkt.pkt_alloc_with_buffer: (wifi): On iface 1 (0x3fc9ea10) size 60[0m
[07:44:45.102] [1;32muart:~$ [m^[[1[12D[J[00:05:31.055,000] [0m<dbg> net_pkt.net_pkt_alloc_buffer_with_reserve_debug: (wifi): Data allocation maximum size 60 (requested 60, reserve 0)[0m
[07:44:45.119] [1;32muart:~$ [m^[[1[12D[J[00:05:31.055,000] [0m<dbg> net_pkt.pkt_alloc_buffer: (wifi): RDATA (rx_bufs) [159] frag 0x3c172850 ref 1 (eth_esp32_rx():153)[0m
[07:44:45.136] [1;32muart:~$ [m^[[1[12D[J[00:05:31.055,000] [0m<dbg> net_pkt.net_pkt_write: (wifi): pkt 0x3c173cf0 data 0x3c26f2aa length 60[0m
[07:44:45.152] [1;32muart:~$ [m^[[1[12D[J[00:05:31.055,000] [0m<dbg> net_pkt.net_pkt_unref_debug: (rx_q[0]): RX [39] pkt 0x3c173cf0 ref 0 frags 0x3c172850 (processing_data():157)[0m
[07:44:45.169] [1;32muart:~$ [m^[[1[12D[J[00:05:31.055,000] [0m<dbg> net_pkt.net_pkt_unref_debug: (rx_q[0]): RDATA (rx_bufs) [159] frag 0x3c172850 ref 0 frags 0 (processing_data():157)[0m
[07:44:45.186] [1;32muart:~$ [m^[[1[12D[J[00:05:31.055,000] [0m<dbg> net_pkt.net_pkt_frag_unref_debug: (rx_q[0]): RDATA (rx_bufs) [159] frag 0x3c172850 ref 0 (net_pkt_unref_debug():612)[0m
[07:44:45.202] [1;32muart:~$ [m^[[1[12D[J[00:05:31.055,000] [0m<dbg> net_pkt.net_pkt_print: (rx_q[0]): TX 16 RX 40 RDATA 160 TDATA 80[0m
[07:44:45.218] [1;32muart:~$ [m^[[1[12D[J[1;32muart:~$ [m^[[1[12D[J[1;32muart:~$ [m^[[1[12D[J[1;31m[1;31m--- 40 messages dropped ---
[07:44:45.544] [0m[m[00:05:32.491,000] [0m<dbg> net_pkt.net_pkt_read: (rx_q[0]): pkt 0x3c172ee0 data 0x3fcc36ae length 74[0m
[07:44:45.545] [1;32muart:~$ [m^[[1[12D[J[00:05:32.491,000] [0m<dbg> net_pkt.net_pkt_unref_debug: (rx_q[0]): TX [15] pkt 0x3c172ee0 ref 1 frags 0x3c15d4bc (ethernet_send():800)[0m
[07:44:45.562] [1;32muart:~$ [m^[[1[12D[J[00:05:32.491,000] [0m<dbg> net_pkt.net_pkt_unref_debug: (rx_q[0]): TX [15] pkt 0x3c172ee0 ref 0 frags 0x3c15d4bc (tcp_send():472)[0m
[07:44:45.578] [1;32muart:~$ [m^[[1[12D[J[00:05:32.492,000] [0m<dbg> net_pkt.net_pkt_unref_debug: (rx_q[0]): TDATA (tx_bufs) [78] frag 0x3c15d4bc ref 0 frags 0x3c15d4a0 (tcp_send():472)[0m
[07:44:45.596] [1;32muart:~$ [m^[[1[12D[J[00:05:32.492,000] [0m<dbg> net_pkt.net_pkt_unref_debug: (rx_q[0]): TDATA (tx_bufs) [78] frag 0x3c15d4a0 ref 0 frags 0 (tcp_send():472)[0m
[07:44:45.612] [1;32muart:~$ [m^[[1[12D[J[00:05:32.492,000] [0m<dbg> net_pkt.net_pkt_frag_unref_debug: (rx_q[0]): TDATA (tx_bufs) [78] frag 0x3c15d4bc ref 0 (net_pkt_unref_debug():612)[0m
[07:44:45.629] [1;32muart:~$ [m^[[1[12D[J[00:05:32.492,000] [0m<dbg> net_pkt.net_pkt_frag_unref_debug: (rx_q[0]): TDATA (tx_bufs) [79] frag 0x3c15d4a0 ref 0 (net_pkt_unref_debug():612)[0m
[07:44:45.646] [1;32muart:~$ [m^[[1[12D[J[00:05:32.492,000] [0m<dbg> net_pkt.net_pkt_print: (rx_q[0]): TX 16 RX 39 RDATA 159 TDATA 80[0m
[07:44:45.662] [1;32muart:~$ [m^[[1[12D[J[00:05:32.493,000] [0m<dbg> net_pkt.net_pkt_read: (llss_thread): pkt 0x3c173cf0 data 0x3c246e00 length 5[0m
[07:44:45.679] [1;32muart:~$ [m^[[1[12D[J[00:05:32.493,000] [0m<dbg> net_pkt.net_pkt_read: (llss_thread): pkt 0x3c173cf0 data 0x3c246e05 length 233[0m
[07:44:45.695] [1;32muart:~$ [m^[[1[12D[J[00:05:32.493,000] [0m<dbg> net_pkt.net_pkt_unref_debug: (llss_thread): RX [39] pkt 0x3c173cf0 ref 0 frags 0x3c172850 (zsock_recv_stream_immediate():1423)[0m
[07:44:45.712] [1;32muart:~$ [m^[[1[12D[J[00:05:32.493,000] [0m<dbg> net_pkt.net_pkt_unref_debug: (llss_thread): RDATA (rx_bufs) [159] frag 0x3c172850 ref 0 frags 0 (zsock_recv_stream_immediate():1423)[0m
[07:44:45.731] [1;32muart:~$ [m^[[1[12D[J[00:05:32.493,000] [0m<dbg> net_pkt.net_pkt_frag_unref_debug: (llss_thread): RDATA (rx_bufs) [159] frag 0x3c172850 ref 0 (net_pkt_unref_debug():612)[0m
[07:44:45.745] [1;32muart:~$ [m^[[1[12D[J[1;32muart:~$ [m^[[1[12D[J[1;32muart:~$ [m^[[1[12D[J[00:05:33.103,000] [0m<dbg> net_pkt.pkt_alloc_with_buffer: (wifi): On iface 1 (0x3fc9ea10) size 60[0m
[07:44:47.151] [1;32muart:~$ [m^[[1[12D[J[00:05:33.103,000] [0m<dbg> net_pkt.net_pkt_alloc_buffer_with_reserve_debug: (wifi): Data allocation maximum size 60 (requested 60, reserve 0)[0m
[07:44:47.168] [1;32muart:~$ [m^[[1[12D[J[00:05:33.103,000] [0m<dbg> net_pkt.pkt_alloc_buffer: (wifi): RDATA (rx_bufs) [159] frag 0x3c172850 ref 1 (eth_esp32_rx():153)[0m
[07:44:47.184] [1;32muart:~$ [m^[[1[12D[J[00:05:33.103,000] [0m<dbg> net_pkt.net_pkt_write: (wifi): pkt 0x3c173cf0 data 0x3c26f2aa length 60[0m
[07:44:47.201] [1;32muart:~$ [m^[[1[12D[J[00:05:33.103,000] [0m<dbg> net_pkt.net_pkt_unref_debug: (rx_q[0]): RX [39] pkt 0x3c173cf0 ref 0 frags 0x3c172850 (processing_data():157)[0m
[07:44:47.218] [1;32muart:~$ [m^[[1[12D[J[00:05:33.103,000] [0m<dbg> net_pkt.net_pkt_unref_debug: (rx_q[0]): RDATA (rx_bufs) [159] frag 0x3c172850 ref 0 frags 0 (processing_data():157)[0m
[07:44:47.234] [1;32muart:~$ [m^[[1[12D[J[00:05:33.103,000] [0m<dbg> net_pkt.net_pkt_frag_unref_debug: (rx_q[0]): RDATA (rx_bufs) [159] frag 0x3c172850 ref 0 (net_pkt_unref_debug():612)[0m
[07:44:47.251] [1;32muart:~$ [m^[[1[12D[J[00:05:33.103,000] [0m<dbg> net_pkt.net_pkt_print: (rx_q[0]): TX 16 RX 40 RDATA 160 TDATA 80[0m
[07:44:47.267] [1;32muart:~$ [m^[[1[12D[J[1;32muart:~$ [m^[[1[12D[J[1;32muart:~$ [m^[[1[12D[J[1;31m[1;31m--- 2 messages dropped ---
[07:44:48.199] [0m[m[00:05:34.332,000] [0m<dbg> net_pkt.pkt_alloc_buffer: (wifi): RDATA (rx_bufs) [159] frag 0x3c172850 ref 1 (eth_esp32_rx():153)[0m
[07:44:48.200] [1;32muart:~$ [m^[[1[12D[J[00:05:34.332,000] [0m<dbg> net_pkt.net_pkt_write: (wifi): pkt 0x3c173cf0 data 0x3c26f2aa length 60[0m
[07:44:48.216] [1;32muart:~$ [m^[[1[12D[J[00:05:34.332,000] [0m<dbg> net_pkt.net_pkt_unref_debug: (rx_q[0]): RX [39] pkt 0x3c173cf0 ref 0 frags 0x3c172850 (processing_data():157)[0m
[07:44:48.233] [1;32muart:~$ [m^[[1[12D[J[00:05:34.332,000] [0m<dbg> net_pkt.net_pkt_unref_debug: (rx_q[0]): RDATA (rx_bufs) [159] frag 0x3c172850 ref 0 frags 0 (processing_data():157)[0m
[07:44:48.250] [1;32muart:~$ [m^[[1[12D[J[00:05:34.332,000] [0m<dbg> net_pkt.net_pkt_frag_unref_debug: (rx_q[0]): RDATA (rx_bufs) [159] frag 0x3c172850 ref 0 (net_pkt_unref_debug():612)[0m
[07:44:48.266] [1;32muart:~$ [m^[[1[12D[J[00:05:34.332,000] [0m<dbg> net_pkt.net_pkt_print: (rx_q[0]): TX 16 RX 40 RDATA 160 TDATA 80[0m
[07:44:48.282] [1;32muart:~$ [m^[[1[12D[J[00:05:35.151,000] [0m<dbg> net_pkt.pkt_alloc_with_buffer: (wifi): On iface 1 (0x3fc9ea10) size 60[0m
[07:44:48.299] [1;32muart:~$ [m^[[1[12D[J[00:05:35.151,000] [0m<dbg> net_pkt.net_pkt_alloc_buffer_with_reserve_debug: (wifi): Data allocation maximum size 60 (requested 60, reserve 0)[0m
[07:44:48.316] [1;32muart:~$ [m^[[1[12D[J[00:05:35.151,000] [0m<dbg> net_pkt.pkt_alloc_buffer: (wifi): RDATA (rx_bufs) [159] frag 0x3c172850 ref 1 (eth_esp32_rx():153)[0m
[07:44:48.332] [1;32muart:~$ [m^[[1[12D[J[00:05:35.151,000] [0m<dbg> net_pkt.net_pkt_write: (wifi): pkt 0x3c173cf0 data 0x3c26f2aa length 60[0m
[07:44:48.348] [1;32muart:~$ [m^[[1[12D[J[00:05:35.151,000] [0m<dbg> net_pkt.net_pkt_unref_debug: (rx_q[0]): RX [39] pkt 0x3c173cf0 ref 0 frags 0x3c172850 (processing_data():157)[0m
[07:44:48.365] [1;32muart:~$ [m^[[1[12D[J[00:05:35.151,000] [0m<dbg> net_pkt.net_pkt_unref_debug: (rx_q[0]): RDATA (rx_bufs) [159] frag 0x3c172850 ref 0 frags 0 (processing_data():157)[0m
[07:44:48.381] [1;32muart:~$ [m^[[1[12D[J[00:05:35.151,000] [0m<dbg> net_pkt.net_pkt_frag_unref_debug: (rx_q[0]): RDATA (rx_bufs) [159] frag 0x3c172850 ref 0 (net_pkt_unref_debug():612)[0m
[07:44:48.399] [1;32muart:~$ [m^[[1[12D[J[00:05:35.151,000] [0m<dbg> net_pkt.net_pkt_print: (rx_q[0]): TX 16 RX 40 RDATA 160 TDATA 80[0m
[07:44:48.415] [1;32muart:~$ [m^[[1[12D[J[1;32muart:~$ [m^[[1[12D[J[1;32muart:~$ [m^[[1[12D[J[00:05:36.174,000] [0m<dbg> net_pkt.pkt_alloc_with_buffer: (wifi): On iface 1 (0x3fc9ea10) size 60[0m
[07:44:50.223] [1;32muart:~$ [m^[[1[12D[J[00:05:36.175,000] [0m<dbg> net_pkt.net_pkt_alloc_buffer_with_reserve_debug: (wifi): Data allocation maximum size 60 (requested 60, reserve 0)[0m
[07:44:50.239] [1;32muart:~$ [m^[[1[12D[J[00:05:36.175,000] [0m<dbg> net_pkt.pkt_alloc_buffer: (wifi): RDATA (rx_bufs) [159] frag 0x3c172850 ref 1 (eth_esp32_rx():153)[0m
[07:44:50.256] [1;32muart:~$ [m^[[1[12D[J[00:05:36.175,000] [0m<dbg> net_pkt.net_pkt_write: (wifi): pkt 0x3c173cf0 data 0x3c26f2aa length 60[0m
[07:44:50.272] [1;32muart:~$ [m^[[1[12D[J[00:05:36.175,000] [0m<dbg> net_pkt.net_pkt_unref_debug: (rx_q[0]): RX [39] pkt 0x3c173cf0 ref 0 frags 0x3c172850 (processing_data():157)[0m
[07:44:50.289] [1;32muart:~$ [m^[[1[12D[J[00:05:36.175,000] [0m<dbg> net_pkt.net_pkt_unref_debug: (rx_q[0]): RDATA (rx_bufs) [159] frag 0x3c172850 ref 0 frags 0 (processing_data():157)[0m
[07:44:50.306] [1;32muart:~$ [m^[[1[12D[J[00:05:36.175,000] [0m<dbg> net_pkt.net_pkt_frag_unref_debug: (rx_q[0]): RDATA (rx_bufs) [159] frag 0x3c172850 ref 0 (net_pkt_unref_debug():612)[0m
[07:44:50.322] [1;32muart:~$ [m^[[1[12D[J[00:05:36.175,000] [0m<dbg> net_pkt.net_pkt_print: (rx_q[0]): TX 16 RX 40 RDATA 160 TDATA 80[0m
[07:44:50.338] [1;32muart:~$ [m^[[1[12D[J[1;32muart:~$ [m^[[1[12D[J[1;32muart:~$ [m^[[1[12D[J[1;31m[1;31m--- 79 messages dropped ---
[07:44:50.555] [0m[m[00:05:37.505,000] [0m<dbg> net_pkt.net_pkt_ref_debug: (llss_thread): TX [14] pkt 0x3c172f28 ref 2 (tcp_send():424)[0m
[07:44:50.559] [1;32muart:~$ [m^[[1[12D[J[1;31m[1;31m--- 11 messages dropped ---
[07:44:50.575] [0m[m[00:05:37.506,000] [0m<dbg> net_pkt.net_pkt_get_reserve_data_debug: (llss_thread): TDATA (tx_bufs) [76] frag 0x3c15d4f4 ref 1 (ethernet_fill_header():610)[0m
[07:44:50.576] [1;32muart:~$ [m^[[1[12D[J[00:05:37.506,000] [0m<dbg> net_pkt.net_pkt_frag_insert_debug: (llss_thread): pkt 0x3c172f28 frag 0x3c15d4f4 (ethernet_fill_header:669)[0m
[07:44:50.592] [1;32muart:~$ [m^[[1[12D[J[00:05:37.506,000] [0m<dbg> net_pkt.net_pkt_read: (llss_thread): pkt 0x3c172f28 data 0x3fcc36ae length 236[0m
[07:44:50.609] [1;32muart:~$ [m^[[1[12D[J[00:05:37.507,000] [0m<dbg> net_pkt.net_pkt_unref_debug: (llss_thread): TX [14] pkt 0x3c172f28 ref 1 frags 0x3c15d4f4 (ethernet_send():800)[0m
[07:44:50.626] [1;32muart:~$ [m^[[1[12D[J[00:05:37.507,000] [0m<dbg> net_pkt.net_pkt_unref_debug: (llss_thread): TX [14] pkt 0x3c172f28 ref 0 frags 0x3c15d4f4 (tcp_send():472)[0m
[07:44:50.642] [1;32muart:~$ [m^[[1[12D[J[00:05:37.507,000] [0m<dbg> net_pkt.net_pkt_unref_debug: (llss_thread): TDATA (tx_bufs) [76] frag 0x3c15d4f4 ref 0 frags 0x3c15d4d8 (tcp_send():472)[0m
[07:44:50.659] [1;32muart:~$ [m^[[1[12D[J[00:05:37.510,000] [0m<dbg> net_pkt.net_pkt_skip: (rx_q[0]): pkt 0x3c173cf0 skip 8[0m
[07:44:50.676] [1;32muart:~$ [m^[[1[12D[J[00:05:37.510,000] [0m<dbg> net_pkt.net_pkt_skip: (rx_q[0]): pkt 0x3c173cf0 skip 32[0m
[07:44:50.692] [1;32muart:~$ [m^[[1[12D[J[00:05:37.510,000] [0m<dbg> net_pkt.net_pkt_write: (rx_q[0]): pkt 0x3c173cf0 data 0x3c16a596 length 20[0m
[07:44:50.708] [1;32muart:~$ [m^[[1[12D[J[00:05:37.510,000] [0m<dbg> net_pkt.net_pkt_skip: (rx_q[0]): pkt 0x3c173cf0 skip 20[0m
[07:44:50.724] [1;32muart:~$ [m^[[1[12D[J[00:05:37.510,000] [0m<dbg> net_pkt.net_pkt_skip: (rx_q[0]): pkt 0x3c173cf0 skip 40[0m
[07:44:50.740] [1;32muart:~$ [m^[[1[12D[J[00:05:37.511,000] [0m<dbg> net_pkt.net_pkt_skip: (rx_q[0]): pkt 0x3c173cf0 skip 40[0m
[07:44:50.756] [1;32muart:~$ [m^[[1[12D[J[00:05:37.511,000] [0m<dbg> net_pkt.net_pkt_skip: (rx_q[0]): pkt 0x3c173cf0 skip 40[0m
[07:44:50.772] [1;32muart:~$ [m^[[1[12D[J[00:05:37.511,000] [0m<dbg> net_pkt.net_pkt_skip: (rx_q[0]): pkt 0x3c173cf0 skip 40[0m
[07:44:50.788] [1;32muart:~$ [m^[[1[12D[J[00:05:37.511,000] [0m<dbg> net_pkt.net_pkt_skip: (rx_q[0]): pkt 0x3c173cf0 skip 40[0m
[07:44:50.804] [1;32muart:~$ [m^[[1[12D[J[00:05:37.511,000] [0m<dbg> net_pkt.net_pkt_unref_debug: (rx_q[0]): RX [39] pkt 0x3c173cf0 ref 0 frags 0x3c172850 (tcp_in():3635)[0m
[07:44:50.820] [1;32muart:~$ [m^[[1[12D[J[00:05:37.511,000] [0m<dbg> net_pkt.net_pkt_unref_debug: (rx_q[0]): RDATA (rx_bufs) [159] frag 0x3c172850 ref 0 frags 0 (tcp_in():3635)[0m
[07:44:50.837] [1;32muart:~$ [m^[[1[12D[J[00:05:37.511,000] [0m<dbg> net_pkt.net_pkt_frag_unref_debug: (rx_q[0]): RDATA (rx_bufs) [159] frag 0x3c172850 ref 0 (net_pkt_unref_debug():612)[0m
[07:44:50.854] [1;32muart:~$ [m^[[1[12D[J[00:05:37.511,000] [0m<dbg> net_pkt.net_pkt_print: (rx_q[0]): TX 16 RX 40 RDATA 160 TDATA 80[0m
[07:44:50.870] [1;32muart:~$ [m^[[1[12D[J[1;32muart:~$ [m^[[1[12D[J[1;32muart:~$ [m^[[1[12D[J[00:05:38.223,000] [0m<dbg> net_pkt.pkt_alloc_with_buffer: (wifi): On iface 1 (0x3fc9ea10) size 60[0m
[07:44:52.271] [1;32muart:~$ [m^[[1[12D[J[00:05:38.223,000] [0m<dbg> net_pkt.net_pkt_alloc_buffer_with_reserve_debug: (wifi): Data allocation maximum size 60 (requested 60, reserve 0)[0m
[07:44:52.288] [1;32muart:~$ [m^[[1[12D[J[1;31m[1;31m--- 39 messages dropped ---
[07:44:52.304] [0m[m[00:05:38.223,000] [0m<dbg> net_pkt.pkt_alloc_buffer: (wifi): RDATA (rx_bufs) [159] frag 0x3c172850 ref 1 (eth_esp32_rx():153)[0m
[07:44:52.305] [1;32muart:~$ [m^[[1[12D[J[00:05:38.223,000] [0m<dbg> net_pkt.net_pkt_write: (wifi): pkt 0x3c173cf0 data 0x3c26f2aa length 60[0m
[07:44:52.321] [1;32muart:~$ [m^[[1[12D[J[00:05:38.223,000] [0m<dbg> net_pkt.net_pkt_unref_debug: (rx_q[0]): RX [39] pkt 0x3c173cf0 ref 0 frags 0x3c172850 (processing_data():157)[0m
[07:44:52.338] [1;32muart:~$ [m^[[1[12D[J[00:05:38.223,000] [0m<dbg> net_pkt.net_pkt_unref_debug: (rx_q[0]): RDATA (rx_bufs) [159] frag 0x3c172850 ref 0 frags 0 (processing_data():157)[0m
[07:44:52.355] [1;32muart:~$ [m^[[1[12D[J[00:05:38.223,000] [0m<dbg> net_pkt.net_pkt_frag_unref_debug: (rx_q[0]): RDATA (rx_bufs) [159] frag 0x3c172850 ref 0 (net_pkt_unref_debug():612)[0m
[07:44:52.372] [1;32muart:~$ [m^[[1[12D[J[00:05:38.223,000] [0m<dbg> net_pkt.net_pkt_print: (rx_q[0]): TX 16 RX 40 RDATA 160 TDATA 80[0m
[07:44:52.389] [1;32muart:~$ [m^[[1[12D[J[00:05:39.250,000] [0m<dbg> net_pkt.net_pkt_print: (rx_q[0]): TX 16 RX 39 RDATA 159 TDATA 80[0m
[07:44:52.405] [1;32muart:~$ [m^[[1[12D[J[00:05:39.251,000] [0m<dbg> net_pkt.pkt_alloc_with_buffer: (wifi): On iface 1 (0x3fc9ea10) size 60[0m
[07:44:52.421] [1;32muart:~$ [m^[[1[12D[J[00:05:39.251,000] [0m<dbg> net_pkt.net_pkt_alloc_buffer_with_reserve_debug: (wifi): Data allocation maximum size 60 (requested 60, reserve 0)[0m
[07:44:52.438] [1;32muart:~$ [m^[[1[12D[J[00:05:39.252,000] [0m<dbg> net_pkt.pkt_alloc_buffer: (wifi): RDATA (rx_bufs) [158] frag 0x3c17286c ref 1 (eth_esp32_rx():153)[0m
[07:44:52.454] [1;32muart:~$ [m^[[1[12D[J[00:05:39.252,000] [0m<dbg> net_pkt.net_pkt_write: (wifi): pkt 0x3c173ca8 data 0x3c26f2aa length 60[0m
[07:44:52.470] [1;32muart:~$ [m^[[1[12D[J[00:05:39.252,000] [0m<dbg> net_pkt.net_pkt_unref_debug: (rx_q[0]): RX [38] pkt 0x3c173ca8 ref 0 frags 0x3c17286c (processing_data():157)[0m
[07:44:52.487] [1;32muart:~$ [m^[[1[12D[J[00:05:39.252,000] [0m<dbg> net_pkt.net_pkt_unref_debug: (rx_q[0]): RDATA (rx_bufs) [158] frag 0x3c17286c ref 0 frags 0 (processing_data():157)[0m
[07:44:52.504] [1;32muart:~$ [m^[[1[12D[J[00:05:39.252,000] [0m<dbg> net_pkt.net_pkt_frag_unref_debug: (rx_q[0]): RDATA (rx_bufs) [158] frag 0x3c17286c ref 0 (net_pkt_unref_debug():612)[0m
[07:44:52.521] [1;32muart:~$ [m^[[1[12D[J[00:05:39.252,000] [0m<dbg> net_pkt.net_pkt_print: (rx_q[0]): TX 16 RX 39 RDATA 159 TDATA 80[0m
[07:44:52.538] [1;32muart:~$ [m^[[1[12D[J[00:05:39.253,000] [0m<dbg> net_pkt.net_pkt_read: (llss_thread): pkt 0x3c173cf0 data 0x3c246e00 length 5[0m
[07:44:52.554] [1;32muart:~$ [m^[[1[12D[J[00:05:39.253,000] [0m<dbg> net_pkt.net_pkt_read: (llss_thread): pkt 0x3c173cf0 data 0x3c246e05 length 233[0m
[07:44:52.571] [1;32muart:~$ [m^[[1[12D[J[00:05:39.253,000] [0m<dbg> net_pkt.net_pkt_unref_debug: (llss_thread): RX [39] pkt 0x3c173cf0 ref 0 frags 0x3c172850 (zsock_recv_stream_immediate():1423)[0m
[07:44:52.588] [1;32muart:~$ [m^[[1[12D[J[00:05:39.253,000] [0m<dbg> net_pkt.net_pkt_unref_debug: (llss_thread): RDATA (rx_bufs) [159] frag 0x3c172850 ref 0 frags 0 (zsock_recv_stream_immediate():1423)[0m
[07:44:52.604] [1;32muart:~$ [m^[[1[12D[J[00:05:39.253,000] [0m<dbg> net_pkt.net_pkt_frag_unref_debug: (llss_thread): RDATA (rx_bufs) [159] frag 0x3c172850 ref 0 (net_pkt_unref_debug():612)[0m
[07:44:52.621] [1;32muart:~$ [m^[[1[12D[J[1;32muart:~$ [m^[[1[12D[J[1;32muart:~$ [m^[[1[12D[J[00:05:40.270,000] [0m<dbg> net_pkt.pkt_alloc_with_buffer: (wifi): On iface 1 (0x3fc9ea10) size 60[0m
[07:44:54.319] [1;32muart:~$ [m^[[1[12D[J[00:05:40.271,000] [0m<dbg> net_pkt.net_pkt_alloc_buffer_with_reserve_debug: (wifi): Data allocation maximum size 60 (requested 60, reserve 0)[0m
[07:44:54.335] [1;32muart:~$ [m^[[1[12D[J[00:05:40.271,000] [0m<dbg> net_pkt.pkt_alloc_buffer: (wifi): RDATA (rx_bufs) [159] frag 0x3c172850 ref 1 (eth_esp32_rx():153)[0m
[07:44:54.352] [1;32muart:~$ [m^[[1[12D[J[00:05:40.271,000] [0m<dbg> net_pkt.net_pkt_write: (wifi): pkt 0x3c173cf0 data 0x3c26f2aa length 60[0m
[07:44:54.369] [1;32muart:~$ [m^[[1[12D[J[00:05:40.271,000] [0m<dbg> net_pkt.net_pkt_unref_debug: (rx_q[0]): RX [39] pkt 0x3c173cf0 ref 0 frags 0x3c172850 (processing_data():157)[0m
[07:44:54.385] [1;32muart:~$ [m^[[1[12D[J[00:05:40.271,000] [0m<dbg> net_pkt.net_pkt_unref_debug: (rx_q[0]): RDATA (rx_bufs) [159] frag 0x3c172850 ref 0 frags 0 (processing_data():157)[0m
[07:44:54.402] [1;32muart:~$ [m^[[1[12D[J[00:05:40.271,000] [0m<dbg> net_pkt.net_pkt_frag_unref_debug: (rx_q[0]): RDATA (rx_bufs) [159] frag 0x3c172850 ref 0 (net_pkt_unref_debug():612)[0m
[07:44:54.419] [1;32muart:~$ [m^[[1[12D[J[00:05:40.271,000] [0m<dbg> net_pkt.net_pkt_print: (rx_q[0]): TX 16 RX 40 RDATA 160 TDATA 80[0m
[07:44:54.435] [1;32muart:~$ [m^[[1[12D[J[1;32muart:~$ [m^[[1[12D[J[1;32muart:~$ [m^[[1[12D[J[00:05:41.295,000] [0m<dbg> net_pkt.pkt_alloc_with_buffer: (wifi): On iface 1 (0x3fc9ea10) size 60[0m
[07:44:55.343] [1;32muart:~$ [m^[[1[12D[J[00:05:41.295,000] [0m<dbg> net_pkt.net_pkt_alloc_buffer_with_reserve_debug: (wifi): Data allocation maximum size 60 (requested 60, reserve 0)[0m
[07:44:55.360] [1;32muart:~$ [m^[[1[12D[J[00:05:41.295,000] [0m<dbg> net_pkt.pkt_alloc_buffer: (wifi): RDATA (rx_bufs) [159] frag 0x3c172850 ref 1 (eth_esp32_rx():153)[0m
[07:44:55.377] [1;32muart:~$ [m^[[1[12D[J[00:05:41.295,000] [0m<dbg> net_pkt.net_pkt_write: (wifi): pkt 0x3c173cf0 data 0x3c26f2aa length 60[0m
[07:44:55.393] [1;32muart:~$ [m^[[1[12D[J[00:05:41.295,000] [0m<dbg> net_pkt.net_pkt_unref_debug: (rx_q[0]): RX [39] pkt 0x3c173cf0 ref 0 frags 0x3c172850 (processing_data():157)[0m
[07:44:55.410] [1;32muart:~$ [m^[[1[12D[J[00:05:41.295,000] [0m<dbg> net_pkt.net_pkt_unref_debug: (rx_q[0]): RDATA (rx_bufs) [159] frag 0x3c172850 ref 0 frags 0 (processing_data():157)[0m
[07:44:55.426] [1;32muart:~$ [m^[[1[12D[J[00:05:41.295,000] [0m<dbg> net_pkt.net_pkt_frag_unref_debug: (rx_q[0]): RDATA (rx_bufs) [159] frag 0x3c172850 ref 0 (net_pkt_unref_debug():612)[0m
[07:44:55.443] [1;32muart:~$ [m^[[1[12D[J[00:05:41.295,000] [0m<dbg> net_pkt.net_pkt_print: (rx_q[0]): TX 16 RX 40 RDATA 160 TDATA 80[0m
[07:44:55.459] [1;32muart:~$ [m^[[1[12D[J[1;32muart:~$ [m^[[1[12D[J[1;32muart:~$ [m^[[1[12D[J[00:05:42.319,000] [0m<dbg> net_pkt.pkt_alloc_with_buffer: (wifi): On iface 1 (0x3fc9ea10) size 60[0m
[07:44:56.367] [1;32muart:~$ [m^[[1[12D[J[00:05:42.319,000] [0m<dbg> net_pkt.net_pkt_alloc_buffer_with_reserve_debug: (wifi): Data allocation maximum size 60 (requested 60, reserve 0)[0m
[07:44:56.384] [1;32muart:~$ [m^[[1[12D[J[00:05:42.319,000] [0m<dbg> net_pkt.pkt_alloc_buffer: (wifi): RDATA (rx_bufs) [159] frag 0x3c172850 ref 1 (eth_esp32_rx():153)[0m
[07:44:56.401] [1;32muart:~$ [m^[[1[12D[J[00:05:42.319,000] [0m<dbg> net_pkt.net_pkt_write: (wifi): pkt 0x3c173cf0 data 0x3c26f2aa length 60[0m
[07:44:56.417] [1;32muart:~$ [m^[[1[12D[J[00:05:42.319,000] [0m<dbg> net_pkt.net_pkt_unref_debug: (rx_q[0]): RX [39] pkt 0x3c173cf0 ref 0 frags 0x3c172850 (processing_data():157)[0m
[07:44:56.434] [1;32muart:~$ [m^[[1[12D[J[00:05:42.319,000] [0m<dbg> net_pkt.net_pkt_unref_debug: (rx_q[0]): RDATA (rx_bufs) [159] frag 0x3c172850 ref 0 frags 0 (processing_data():157)[0m
[07:44:56.450] [1;32muart:~$ [m^[[1[12D[J[00:05:42.319,000] [0m<dbg> net_pkt.net_pkt_frag_unref_debug: (rx_q[0]): RDATA (rx_bufs) [159] frag 0x3c172850 ref 0 (net_pkt_unref_debug():612)[0m
[07:44:56.467] [1;32muart:~$ [m^[[1[12D[J[00:05:42.319,000] [0m<dbg> net_pkt.net_pkt_print: (rx_q[0]): TX 16 RX 40 RDATA 160 TDATA 80[0m
[07:44:56.483] [1;32muart:~$ [m^[[1[12D[J[1;32muart:~$ [m^[[1[12D[J[1;32muart:~$ [m^[[1[12D[J[1;31m[1;31m--- 104 messages dropped ---
[07:44:57.318] [0m[m[00:05:44.269,000] [0m<dbg> net_pkt.net_pkt_write: (rx_q[0]): pkt 0x3c173cf0 data 0x3c16a596 length 20[0m
[07:44:57.320] [1;32muart:~$ [m^[[1[12D[J[00:05:44.269,000] [0m<dbg> net_pkt.net_pkt_skip: (rx_q[0]): pkt 0x3c173cf0 skip 20[0m
[07:44:57.336] [1;32muart:~$ [m^[[1[12D[J[00:05:44.269,000] [0m<dbg> net_pkt.net_pkt_skip: (rx_q[0]): pkt 0x3c173cf0 skip 40[0m
[07:44:57.351] [1;32muart:~$ [m^[[1[12D[J[00:05:44.269,000] [0m<dbg> net_pkt.net_pkt_skip: (rx_q[0]): pkt 0x3c173cf0 skip 40[0m
[07:44:57.368] [1;32muart:~$ [m^[[1[12D[J[00:05:44.269,000] [0m<dbg> net_pkt.net_pkt_skip: (rx_q[0]): pkt 0x3c173cf0 skip 40[0m
[07:44:57.384] [1;32muart:~$ [m^[[1[12D[J[00:05:44.269,000] [0m<dbg> net_pkt.net_pkt_skip: (rx_q[0]): pkt 0x3c173cf0 skip 40[0m
[07:44:57.400] [1;32muart:~$ [m^[[1[12D[J[00:05:44.269,000] [0m<dbg> net_pkt.net_pkt_frag_unref_debug: (llss_thread): TDATA (tx_bufs) [77] frag 0x3c15d4d8 ref 0 (net_pkt_unref_debug():612)[0m
[07:44:57.417] [1;32muart:~$ [m^[[1[12D[J[00:05:44.269,000] [0m<dbg> net_pkt.net_pkt_frag_unref_debug: (llss_thread): TDATA (tx_bufs) [78] frag 0x3c15d4bc ref 0 (net_pkt_unref_debug():612)[0m
[07:44:57.434] [1;32muart:~$ [m^[[1[12D[J[00:05:44.269,000] [0m<dbg> net_pkt.net_pkt_unref_debug: (llss_thread): TX [15] pkt 0x3c172ee0 ref 0 frags 0 (tcp_send_data():1875)[0m
[07:44:57.451] [1;32muart:~$ [m^[[1[12D[J[00:05:44.269,000] [0m<dbg> net_pkt.net_pkt_skip: (rx_q[0]): pkt 0x3c173cf0 skip 40[0m
[07:44:57.467] [1;32muart:~$ [m^[[1[12D[J[00:05:44.270,000] [0m<dbg> net_pkt.net_pkt_unref_debug: (rx_q[0]): RX [39] pkt 0x3c173cf0 ref 0 frags 0x3c172850 (tcp_in():3635)[0m
[07:44:57.484] [1;32muart:~$ [m^[[1[12D[J[00:05:44.270,000] [0m<dbg> net_pkt.net_pkt_unref_debug: (rx_q[0]): RDATA (rx_bufs) [159] frag 0x3c172850 ref 0 frags 0 (tcp_in():3635)[0m
[07:44:57.500] [1;32muart:~$ [m^[[1[12D[J[00:05:44.270,000] [0m<dbg> net_pkt.net_pkt_frag_unref_debug: (rx_q[0]): RDATA (rx_bufs) [159] frag 0x3c172850 ref 0 (net_pkt_unref_debug():612)[0m
[07:44:57.516] [1;32muart:~$ [m^[[1[12D[J[00:05:44.270,000] [0m<dbg> net_pkt.net_pkt_print: (rx_q[0]): TX 16 RX 40 RDATA 160 TDATA 80[0m
[07:44:57.533] [1;32muart:~$ [m^[[1[12D[J[1;32muart:~$ [m^[[1[12D[J[1;32muart:~$ [m^[[1[12D[J[00:05:45.186,000] [0m<dbg> net_pkt.pkt_alloc_with_buffer: (wifi): On iface 1 (0x3fc9ea10) size 60[0m
[07:44:59.234] [1;32muart:~$ [m^[[1[12D[J[00:05:45.186,000] [0m<dbg> net_pkt.net_pkt_alloc_buffer_with_reserve_debug: (wifi): Data allocation maximum size 60 (requested 60, reserve 0)[0m
[07:44:59.251] [1;32muart:~$ [m^[[1[12D[J[1;31m[1;31m--- 40 messages dropped ---
[07:44:59.267] [0m[m[00:05:45.186,000] [0m<dbg> net_pkt.pkt_alloc_buffer: (wifi): RDATA (rx_bufs) [159] frag 0x3c172850 ref 1 (eth_esp32_rx():153)[0m
[07:44:59.268] [1;32muart:~$ [m^[[1[12D[J[00:05:45.186,000] [0m<dbg> net_pkt.net_pkt_write: (wifi): pkt 0x3c173cf0 data 0x3c26f2aa length 60[0m
[07:44:59.285] [1;32muart:~$ [m^[[1[12D[J[00:05:45.186,000] [0m<dbg> net_pkt.net_pkt_unref_debug: (rx_q[0]): RX [39] pkt 0x3c173cf0 ref 0 frags 0x3c172850 (processing_data():157)[0m
[07:44:59.301] [1;32muart:~$ [m^[[1[12D[J[00:05:45.186,000] [0m<dbg> net_pkt.net_pkt_unref_debug: (rx_q[0]): RDATA (rx_bufs) [159] frag 0x3c172850 ref 0 frags 0 (processing_data():157)[0m
[07:44:59.318] [1;32muart:~$ [m^[[1[12D[J[00:05:45.186,000] [0m<dbg> net_pkt.net_pkt_frag_unref_debug: (rx_q[0]): RDATA (rx_bufs) [159] frag 0x3c172850 ref 0 (net_pkt_unref_debug():612)[0m
[07:44:59.335] [1;32muart:~$ [m^[[1[12D[J[00:05:45.186,000] [0m<dbg> net_pkt.net_pkt_print: (rx_q[0]): TX 16 RX 40 RDATA 160 TDATA 80[0m
[07:44:59.352] [1;32muart:~$ [m^[[1[12D[J[00:05:46.214,000] [0m<dbg> net_pkt.net_pkt_read: (rx_q[0]): pkt 0x3c172ee0 data 0x3fcc36ae length 74[0m
[07:44:59.369] [1;32muart:~$ [m^[[1[12D[J[00:05:46.214,000] [0m<dbg> net_pkt.net_pkt_unref_debug: (rx_q[0]): TX [15] pkt 0x3c172ee0 ref 1 frags 0x3c15d4bc (ethernet_send():800)[0m
[07:44:59.385] [1;32muart:~$ [m^[[1[12D[J[00:05:46.214,000] [0m<dbg> net_pkt.net_pkt_unref_debug: (rx_q[0]): TX [15] pkt 0x3c172ee0 ref 0 frags 0x3c15d4bc (tcp_send():472)[0m
[07:44:59.401] [1;32muart:~$ [m^[[1[12D[J[00:05:46.214,000] [0m<dbg> net_pkt.net_pkt_unref_debug: (rx_q[0]): TDATA (tx_bufs) [78] frag 0x3c15d4bc ref 0 frags 0x3c15d4a0 (tcp_send():472)[0m
[07:44:59.418] [1;32muart:~$ [m^[[1[12D[J[00:05:46.214,000] [0m<dbg> net_pkt.net_pkt_unref_debug: (rx_q[0]): TDATA (tx_bufs) [78] frag 0x3c15d4a0 ref 0 frags 0 (tcp_send():472)[0m
[07:44:59.434] [1;32muart:~$ [m^[[1[12D[J[00:05:46.214,000] [0m<dbg> net_pkt.net_pkt_frag_unref_debug: (rx_q[0]): TDATA (tx_bufs) [78] frag 0x3c15d4bc ref 0 (net_pkt_unref_debug():612)[0m
[07:44:59.451] [1;32muart:~$ [m^[[1[12D[J[00:05:46.214,000] [0m<dbg> net_pkt.net_pkt_frag_unref_debug: (rx_q[0]): TDATA (tx_bufs) [79] frag 0x3c15d4a0 ref 0 (net_pkt_unref_debug():612)[0m
[07:44:59.467] [1;32muart:~$ [m^[[1[12D[J[00:05:46.214,000] [0m<dbg> net_pkt.net_pkt_print: (rx_q[0]): TX 16 RX 39 RDATA 159 TDATA 80[0m
[07:44:59.484] [1;32muart:~$ [m^[[1[12D[J[00:05:46.216,000] [0m<dbg> net_pkt.net_pkt_read: (llss_thread): pkt 0x3c173cf0 data 0x3c246e00 length 5[0m
[07:44:59.500] [1;32muart:~$ [m^[[1[12D[J[00:05:46.216,000] [0m<dbg> net_pkt.net_pkt_read: (llss_thread): pkt 0x3c173cf0 data 0x3c246e05 length 233[0m
[07:44:59.517] [1;32muart:~$ [m^[[1[12D[J[00:05:46.216,000] [0m<dbg> net_pkt.net_pkt_unref_debug: (llss_thread): RX [39] pkt 0x3c173cf0 ref 0 frags 0x3c172850 (zsock_recv_stream_immediate():1423)[0m
[07:44:59.534] [1;32muart:~$ [m^[[1[12D[J[00:05:46.216,000] [0m<dbg> net_pkt.net_pkt_unref_debug: (llss_thread): RDATA (rx_bufs) [159] frag 0x3c172850 ref 0 frags 0 (zsock_recv_stream_immediate():1423)[0m
[07:44:59.551] [1;32muart:~$ [m^[[1[12D[J[00:05:46.216,000] [0m<dbg> net_pkt.net_pkt_frag_unref_debug: (llss_thread): RDATA (rx_bufs) [159] frag 0x3c172850 ref 0 (net_pkt_unref_debug():612)[0m
[07:44:59.568] [1;32muart:~$ [m^[[1[12D[J[1;32muart:~$ [m^[[1[12D[J[1;32muart:~$ [m^[[1[12D[J[00:05:47.234,000] [0m<dbg> net_pkt.pkt_alloc_with_buffer: (wifi): On iface 1 (0x3fc9ea10) size 60[0m
[07:45:01.283] [1;32muart:~$ [m^[[1[12D[J[00:05:47.234,000] [0m<dbg> net_pkt.net_pkt_alloc_buffer_with_reserve_debug: (wifi): Data allocation maximum size 60 (requested 60, reserve 0)[0m
[07:45:01.299] [1;32muart:~$ [m^[[1[12D[J[00:05:47.234,000] [0m<dbg> net_pkt.pkt_alloc_buffer: (wifi): RDATA (rx_bufs) [159] frag 0x3c172850 ref 1 (eth_esp32_rx():153)[0m
[07:45:01.316] [1;32muart:~$ [m^[[1[12D[J[00:05:47.234,000] [0m<dbg> net_pkt.net_pkt_write: (wifi): pkt 0x3c173cf0 data 0x3c26f2aa length 60[0m
[07:45:01.332] [1;32muart:~$ [m^[[1[12D[J[00:05:47.234,000] [0m<dbg> net_pkt.net_pkt_unref_debug: (rx_q[0]): RX [39] pkt 0x3c173cf0 ref 0 frags 0x3c172850 (processing_data():157)[0m
[07:45:01.349] [1;32muart:~$ [m^[[1[12D[J[00:05:47.234,000] [0m<dbg> net_pkt.net_pkt_unref_debug: (rx_q[0]): RDATA (rx_bufs) [159] frag 0x3c172850 ref 0 frags 0 (processing_data():157)[0m
[07:45:01.366] [1;32muart:~$ [m^[[1[12D[J[00:05:47.234,000] [0m<dbg> net_pkt.net_pkt_frag_unref_debug: (rx_q[0]): RDATA (rx_bufs) [159] frag 0x3c172850 ref 0 (net_pkt_unref_debug():612)[0m
[07:45:01.383] [1;32muart:~$ [m^[[1[12D[J[00:05:47.234,000] [0m<dbg> net_pkt.net_pkt_print: (rx_q[0]): TX 16 RX 40 RDATA 160 TDATA 80[0m
[07:45:01.399] [1;32muart:~$ [m^[[1[12D[J[1;32muart:~$ [m^[[1[12D[J[1;32muart:~$ [m^[[1[12D[J[00:05:48.258,000] [0m<dbg> net_pkt.pkt_alloc_with_buffer: (wifi): On iface 1 (0x3fc9ea10) size 60[0m
[07:45:02.307] [1;32muart:~$ [m^[[1[12D[J[00:05:48.258,000] [0m<dbg> net_pkt.net_pkt_alloc_buffer_with_reserve_debug: (wifi): Data allocation maximum size 60 (requested 60, reserve 0)[0m
[07:45:02.324] [1;32muart:~$ [m^[[1[12D[J[00:05:48.259,000] [0m<dbg> net_pkt.pkt_alloc_buffer: (wifi): RDATA (rx_bufs) [159] frag 0x3c172850 ref 1 (eth_esp32_rx():153)[0m
[07:45:02.342] [1;32muart:~$ [m^[[1[12D[J[00:05:48.259,000] [0m<dbg> net_pkt.net_pkt_write: (wifi): pkt 0x3c173cf0 data 0x3c26f2aa length 60[0m
[07:45:02.358] [1;32muart:~$ [m^[[1[12D[J[00:05:48.259,000] [0m<dbg> net_pkt.net_pkt_unref_debug: (rx_q[0]): RX [39] pkt 0x3c173cf0 ref 0 frags 0x3c172850 (processing_data():157)[0m
[07:45:02.374] [1;32muart:~$ [m^[[1[12D[J[00:05:48.259,000] [0m<dbg> net_pkt.net_pkt_unref_debug: (rx_q[0]): RDATA (rx_bufs) [159] frag 0x3c172850 ref 0 frags 0 (processing_data():157)[0m
[07:45:02.391] [1;32muart:~$ [m^[[1[12D[J[00:05:48.259,000] [0m<dbg> net_pkt.net_pkt_frag_unref_debug: (rx_q[0]): RDATA (rx_bufs) [159] frag 0x3c172850 ref 0 (net_pkt_unref_debug():612)[0m
[07:45:02.408] [1;32muart:~$ [m^[[1[12D[J[00:05:48.259,000] [0m<dbg> net_pkt.net_pkt_print: (rx_q[0]): TX 16 RX 40 RDATA 160 TDATA 80[0m
[07:45:02.424] [1;32muart:~$ [m^[[1[12D[J[1;32muart:~$ [m^[[1[12D[J[1;32muart:~$ [m^[[1[12D[J[00:05:49.282,000] [0m<dbg> net_pkt.pkt_alloc_with_buffer: (wifi): On iface 1 (0x3fc9ea10) size 60[0m
[07:45:03.330] [1;32muart:~$ [m^[[1[12D[J[00:05:49.282,000] [0m<dbg> net_pkt.net_pkt_alloc_buffer_with_reserve_debug: (wifi): Data allocation maximum size 60 (requested 60, reserve 0)[0m
[07:45:03.347] [1;32muart:~$ [m^[[1[12D[J[00:05:49.282,000] [0m<dbg> net_pkt.pkt_alloc_buffer: (wifi): RDATA (rx_bufs) [159] frag 0x3c172850 ref 1 (eth_esp32_rx():153)[0m
[07:45:03.364] [1;32muart:~$ [m^[[1[12D[J[00:05:49.282,000] [0m<dbg> net_pkt.net_pkt_write: (wifi): pkt 0x3c173cf0 data 0x3c26f2aa length 60[0m
[07:45:03.380] [1;32muart:~$ [m^[[1[12D[J[00:05:49.282,000] [0m<dbg> net_pkt.net_pkt_unref_debug: (rx_q[0]): RX [39] pkt 0x3c173cf0 ref 0 frags 0x3c172850 (processing_data():157)[0m
[07:45:03.398] [1;32muart:~$ [m^[[1[12D[J[00:05:49.282,000] [0m<dbg> net_pkt.net_pkt_unref_debug: (rx_q[0]): RDATA (rx_bufs) [159] frag 0x3c172850 ref 0 frags 0 (processing_data():157)[0m
[07:45:03.414] [1;32muart:~$ [m^[[1[12D[J[00:05:49.282,000] [0m<dbg> net_pkt.net_pkt_frag_unref_debug: (rx_q[0]): RDATA (rx_bufs) [159] frag 0x3c172850 ref 0 (net_pkt_unref_debug():612)[0m
[07:45:03.430] [1;32muart:~$ [m^[[1[12D[J[00:05:49.282,000] [0m<dbg> net_pkt.net_pkt_print: (rx_q[0]): TX 16 RX 40 RDATA 160 TDATA 80[0m
[07:45:03.446] [1;32muart:~$ [m^[[1[12D[J[1;32muart:~$ [m^[[1[12D[J[1;32muart:~$ [m^[[1[12D[J[1;31m[1;31m--- 3 messages dropped ---
[07:45:04.173] [0m[m[00:05:50.306,000] [0m<dbg> net_pkt.net_pkt_write: (wifi): pkt 0x3c173cf0 data 0x3c26f2aa length 60[0m
[07:45:04.174] [1;32muart:~$ [m^[[1[12D[J[00:05:50.306,000] [0m<dbg> net_pkt.net_pkt_unref_debug: (rx_q[0]): RX [39] pkt 0x3c173cf0 ref 0 frags 0x3c172850 (processing_data():157)[0m
[07:45:04.191] [1;32muart:~$ [m^[[1[12D[J[00:05:50.306,000] [0m<dbg> net_pkt.net_pkt_unref_debug: (rx_q[0]): RDATA (rx_bufs) [159] frag 0x3c172850 ref 0 frags 0 (processing_data():157)[0m
[07:45:04.207] [1;32muart:~$ [m^[[1[12D[J[00:05:50.306,000] [0m<dbg> net_pkt.net_pkt_frag_unref_debug: (rx_q[0]): RDATA (rx_bufs) [159] frag 0x3c172850 ref 0 (net_pkt_unref_debug():612)[0m
[07:45:04.224] [1;32muart:~$ [m^[[1[12D[J[00:05:50.306,000] [0m<dbg> net_pkt.net_pkt_print: (rx_q[0]): TX 16 RX 40 RDATA 160 TDATA 80[0m
[07:45:04.240] [1;32muart:~$ [m^[[1[12D[J[00:05:51.125,000] [0m<dbg> net_pkt.pkt_alloc_with_buffer: (wifi): On iface 1 (0x3fc9ea10) size 60[0m
[07:45:04.256] [1;32muart:~$ [m^[[1[12D[J[00:05:51.125,000] [0m<dbg> net_pkt.net_pkt_alloc_buffer_with_reserve_debug: (wifi): Data allocation maximum size 60 (requested 60, reserve 0)[0m
[07:45:04.279] [1;32muart:~$ [m^[[1[12D[J[1;31m[1;31m--- 73 messages dropped ---
[07:45:04.295] [0m[m[00:05:51.125,000] [0m<dbg> net_pkt.pkt_alloc_buffer: (wifi): RDATA (rx_bufs) [159] frag 0x3c172850 ref 1 (eth_esp32_rx():153)[0m
[07:45:04.297] [1;32muart:~$ [m^[[1[12D[J[1;31m[1;31m--- 16 messages dropped ---
[07:45:04.312] [0m[m[00:05:51.125,000] [0m<dbg> net_pkt.net_pkt_write: (wifi): pkt 0x3c173cf0 data 0x3c26f2aa length 60[0m
[07:45:04.315] [1;32muart:~$ [m^[[1[12D[J[00:05:51.125,000] [0m<dbg> net_pkt.net_pkt_unref_debug: (rx_q[0]): RX [39] pkt 0x3c173cf0 ref 0 frags 0x3c172850 (processing_data():157)[0m
[07:45:04.330] [1;32muart:~$ [m^[[1[12D[J[00:05:51.125,000] [0m<dbg> net_pkt.net_pkt_unref_debug: (rx_q[0]): RDATA (rx_bufs) [159] frag 0x3c172850 ref 0 frags 0 (processing_data():157)[0m
[07:45:04.347] [1;32muart:~$ [m^[[1[12D[J[00:05:51.125,000] [0m<dbg> net_pkt.net_pkt_frag_unref_debug: (rx_q[0]): RDATA (rx_bufs) [159] frag 0x3c172850 ref 0 (net_pkt_unref_debug():612)[0m
[07:45:04.364] [1;32muart:~$ [m^[[1[12D[J[00:05:51.125,000] [0m<dbg> net_pkt.net_pkt_print: (rx_q[0]): TX 16 RX 40 RDATA 160 TDATA 80[0m
[07:45:04.380] [1;32muart:~$ [m^[[1[12D[J[00:05:51.228,000] [0m<dbg> net_pkt.net_pkt_get_reserve_data_debug: (llss_thread): TDATA (tx_bufs) [76] frag 0x3c15d4f4 ref 1 (ethernet_fill_header():610)[0m
[07:45:04.397] [1;32muart:~$ [m^[[1[12D[J[00:05:51.237,000] [0m<dbg> net_pkt.net_pkt_skip: (rx_q[0]): pkt 0x3c173cf0 skip 8[0m
[07:45:04.413] [1;32muart:~$ [m^[[1[12D[J[00:05:51.237,000] [0m<dbg> net_pkt.net_pkt_skip: (rx_q[0]): pkt 0x3c173cf0 skip 32[0m
[07:45:04.429] [1;32muart:~$ [m^[[1[12D[J[00:05:51.237,000] [0m<dbg> net_pkt.net_pkt_write: (rx_q[0]): pkt 0x3c173cf0 data 0x3c16a596 length 20[0m
[07:45:04.446] [1;32muart:~$ [m^[[1[12D[J[00:05:51.237,000] [0m<dbg> net_pkt.net_pkt_skip: (rx_q[0]): pkt 0x3c173cf0 skip 20[0m
[07:45:04.462] [1;32muart:~$ [m^[[1[12D[J[00:05:51.237,000] [0m<dbg> net_pkt.net_pkt_skip: (rx_q[0]): pkt 0x3c173cf0 skip 40[0m
[07:45:04.478] [1;32muart:~$ [m^[[1[12D[J[00:05:51.237,000] [0m<dbg> net_pkt.net_pkt_skip: (rx_q[0]): pkt 0x3c173cf0 skip 40[0m
[07:45:04.494] [1;32muart:~$ [m^[[1[12D[J[00:05:51.237,000] [0m<dbg> net_pkt.net_pkt_skip: (rx_q[0]): pkt 0x3c173cf0 skip 40[0m
[07:45:04.510] [1;32muart:~$ [m^[[1[12D[J[00:05:51.237,000] [0m<dbg> net_pkt.net_pkt_skip: (rx_q[0]): pkt 0x3c173cf0 skip 40[0m
[07:45:04.526] [1;32muart:~$ [m^[[1[12D[J[00:05:51.238,000] [0m<dbg> net_pkt.net_pkt_unref_debug: (rx_q[0]): RX [39] pkt 0x3c173cf0 ref 0 frags 0x3c172850 (tcp_in():3635)[0m
[07:45:04.542] [1;32muart:~$ [m^[[1[12D[J[00:05:51.238,000] [0m<dbg> net_pkt.net_pkt_unref_debug: (rx_q[0]): RDATA (rx_bufs) [159] frag 0x3c172850 ref 0 frags 0 (tcp_in():3635)[0m
[07:45:04.559] [1;32muart:~$ [m^[[1[12D[J[00:05:51.238,000] [0m<dbg> net_pkt.net_pkt_frag_unref_debug: (rx_q[0]): RDATA (rx_bufs) [159] frag 0x3c172850 ref 0 (net_pkt_unref_debug():612)[0m
[07:45:04.575] [1;32muart:~$ [m^[[1[12D[J[00:05:51.238,000] [0m<dbg> net_pkt.net_pkt_print: (rx_q[0]): TX 16 RX 40 RDATA 160 TDATA 80[0m
[07:45:04.592] [1;32muart:~$ [m^[[1[12D[J[1;32muart:~$ [m^[[1[12D[J[1;32muart:~$ [m^[[1[12D[J[1;31m[1;31m--- 40 messages dropped ---
[07:45:06.023] [0m[m[00:05:52.971,000] [0m<dbg> net_pkt.net_pkt_read: (rx_q[0]): pkt 0x3c172ee0 data 0x3fcc36ae length 74[0m
[07:45:06.024] [1;32muart:~$ [m^[[1[12D[J[00:05:52.971,000] [0m<dbg> net_pkt.net_pkt_unref_debug: (rx_q[0]): TX [15] pkt 0x3c172ee0 ref 1 frags 0x3c15d4bc (ethernet_send():800)[0m
[07:45:06.041] [1;32muart:~$ [m^[[1[12D[J[00:05:52.971,000] [0m<dbg> net_pkt.net_pkt_unref_debug: (rx_q[0]): TX [15] pkt 0x3c172ee0 ref 0 frags 0x3c15d4bc (tcp_send():472)[0m
[07:45:06.058] [1;32muart:~$ [m^[[1[12D[J[00:05:52.971,000] [0m<dbg> net_pkt.net_pkt_unref_debug: (rx_q[0]): TDATA (tx_bufs) [78] frag 0x3c15d4bc ref 0 frags 0x3c15d4a0 (tcp_send():472)[0m
[07:45:06.074] [1;32muart:~$ [m^[[1[12D[J[00:05:52.971,000] [0m<dbg> net_pkt.net_pkt_unref_debug: (rx_q[0]): TDATA (tx_bufs) [78] frag 0x3c15d4a0 ref 0 frags 0 (tcp_send():472)[0m
[07:45:06.091] [1;32muart:~$ [m^[[1[12D[J[00:05:52.971,000] [0m<dbg> net_pkt.net_pkt_frag_unref_debug: (rx_q[0]): TDATA (tx_bufs) [78] frag 0x3c15d4bc ref 0 (net_pkt_unref_debug():612)[0m
[07:45:06.108] [1;32muart:~$ [m^[[1[12D[J[00:05:52.971,000] [0m<dbg> net_pkt.net_pkt_frag_unref_debug: (rx_q[0]): TDATA (tx_bufs) [79] frag 0x3c15d4a0 ref 0 (net_pkt_unref_debug():612)[0m
[07:45:06.125] [1;32muart:~$ [m^[[1[12D[J[00:05:52.972,000] [0m<dbg> net_pkt.net_pkt_print: (rx_q[0]): TX 16 RX 39 RDATA 159 TDATA 80[0m
[07:45:06.141] [1;32muart:~$ [m^[[1[12D[J[00:05:52.973,000] [0m<dbg> net_pkt.net_pkt_read: (llss_thread): pkt 0x3c173cf0 data 0x3c246e00 length 5[0m
[07:45:06.157] [1;32muart:~$ [m^[[1[12D[J[00:05:52.973,000] [0m<dbg> net_pkt.net_pkt_read: (llss_thread): pkt 0x3c173cf0 data 0x3c246e05 length 233[0m
[07:45:06.174] [1;32muart:~$ [m^[[1[12D[J[00:05:52.973,000] [0m<dbg> net_pkt.net_pkt_unref_debug: (llss_thread): RX [39] pkt 0x3c173cf0 ref 0 frags 0x3c172850 (zsock_recv_stream_immediate():1423)[0m
[07:45:06.191] [1;32muart:~$ [m^[[1[12D[J[00:05:52.973,000] [0m<dbg> net_pkt.net_pkt_unref_debug: (llss_thread): RDATA (rx_bufs) [159] frag 0x3c172850 ref 0 frags 0 (zsock_recv_stream_immediate():1423)[0m
[07:45:06.207] [1;32muart:~$ [m^[[1[12D[J[00:05:52.973,000] [0m<dbg> net_pkt.net_pkt_frag_unref_debug: (llss_thread): RDATA (rx_bufs) [159] frag 0x3c172850 ref 0 (net_pkt_unref_debug():612)[0m
[07:45:06.224] [1;32muart:~$ [m^[[1[12D[J[00:05:53.008,000] [0m<dbg> net_pkt.pkt_alloc_with_buffer: (wifi): On iface 1 (0x3fc9ea10) size 60[0m
[07:45:06.241] [1;32muart:~$ [m^[[1[12D[J[00:05:53.008,000] [0m<dbg> net_pkt.net_pkt_alloc_buffer_with_reserve_debug: (wifi): Data allocation maximum size 60 (requested 60, reserve 0)[0m
[07:45:06.257] [1;32muart:~$ [m^[[1[12D[J[00:05:53.008,000] [0m<dbg> net_pkt.pkt_alloc_buffer: (wifi): RDATA (rx_bufs) [159] frag 0x3c172850 ref 1 (eth_esp32_rx():153)[0m
[07:45:06.276] [1;32muart:~$ [m^[[1[12D[J[00:05:53.008,000] [0m<dbg> net_pkt.net_pkt_write: (wifi): pkt 0x3c173cf0 data 0x3c26f2aa length 60[0m
[07:45:06.290] [1;32muart:~$ [m^[[1[12D[J[00:05:53.009,000] [0m<dbg> net_pkt.net_pkt_unref_debug: (rx_q[0]): RX [39] pkt 0x3c173cf0 ref 0 frags 0x3c172850 (processing_data():157)[0m
[07:45:06.307] [1;32muart:~$ [m^[[1[12D[J[00:05:53.009,000] [0m<dbg> net_pkt.net_pkt_unref_debug: (rx_q[0]): RDATA (rx_bufs) [159] frag 0x3c172850 ref 0 frags 0 (processing_data():157)[0m
[07:45:06.323] [1;32muart:~$ [m^[[1[12D[J[00:05:53.009,000] [0m<dbg> net_pkt.net_pkt_frag_unref_debug: (rx_q[0]): RDATA (rx_bufs) [159] frag 0x3c172850 ref 0 (net_pkt_unref_debug():612)[0m
[07:45:06.340] [1;32muart:~$ [m^[[1[12D[J[00:05:53.009,000] [0m<dbg> net_pkt.net_pkt_print: (rx_q[0]): TX 16 RX 40 RDATA 160 TDATA 80[0m
[07:45:06.356] [1;32muart:~$ [m^[[1[12D[J[1;32muart:~$ [m^[[1[12D[J[1;32muart:~$ [m^[[1[12D[J[1;31m[1;31m--- 2 messages dropped ---
[07:45:08.269] [0m[m[00:05:54.402,000] [0m<dbg> net_pkt.pkt_alloc_buffer: (wifi): RDATA (rx_bufs) [159] frag 0x3c172850 ref 1 (eth_esp32_rx():153)[0m
[07:45:08.271] [1;32muart:~$ [m^[[1[12D[J[00:05:54.402,000] [0m<dbg> net_pkt.net_pkt_write: (wifi): pkt 0x3c173cf0 data 0x3c26f2aa length 60[0m
[07:45:08.289] [1;32muart:~$ [m^[[1[12D[J[00:05:54.402,000] [0m<dbg> net_pkt.net_pkt_unref_debug: (rx_q[0]): RX [39] pkt 0x3c173cf0 ref 0 frags 0x3c172850 (processing_data():157)[0m
[07:45:08.304] [1;32muart:~$ [m^[[1[12D[J[00:05:54.402,000] [0m<dbg> net_pkt.net_pkt_unref_debug: (rx_q[0]): RDATA (rx_bufs) [159] frag 0x3c172850 ref 0 frags 0 (processing_data():157)[0m
[07:45:08.320] [1;32muart:~$ [m^[[1[12D[J[00:05:54.402,000] [0m<dbg> net_pkt.net_pkt_frag_unref_debug: (rx_q[0]): RDATA (rx_bufs) [159] frag 0x3c172850 ref 0 (net_pkt_unref_debug():612)[0m
[07:45:08.337] [1;32muart:~$ [m^[[1[12D[J[00:05:54.402,000] [0m<dbg> net_pkt.net_pkt_print: (rx_q[0]): TX 16 RX 40 RDATA 160 TDATA 80[0m
[07:45:08.354] [1;32muart:~$ [m^[[1[12D[J[00:05:55.221,000] [0m<dbg> net_pkt.pkt_alloc_with_buffer: (wifi): On iface 1 (0x3fc9ea10) size 60[0m
[07:45:08.370] [1;32muart:~$ [m^[[1[12D[J[00:05:55.221,000] [0m<dbg> net_pkt.net_pkt_alloc_buffer_with_reserve_debug: (wifi): Data allocation maximum size 60 (requested 60, reserve 0)[0m
[07:45:08.387] [1;32muart:~$ [m^[[1[12D[J[00:05:55.221,000] [0m<dbg> net_pkt.pkt_alloc_buffer: (wifi): RDATA (rx_bufs) [159] frag 0x3c172850 ref 1 (eth_esp32_rx():153)[0m
[07:45:08.404] [1;32muart:~$ [m^[[1[12D[J[00:05:55.221,000] [0m<dbg> net_pkt.net_pkt_write: (wifi): pkt 0x3c173cf0 data 0x3c26f2aa length 60[0m
[07:45:08.420] [1;32muart:~$ [m^[[1[12D[J[00:05:55.221,000] [0m<dbg> net_pkt.net_pkt_unref_debug: (rx_q[0]): RX [39] pkt 0x3c173cf0 ref 0 frags 0x3c172850 (processing_data():157)[0m
[07:45:08.437] [1;32muart:~$ [m^[[1[12D[J[00:05:55.221,000] [0m<dbg> net_pkt.net_pkt_unref_debug: (rx_q[0]): RDATA (rx_bufs) [159] frag 0x3c172850 ref 0 frags 0 (processing_data():157)[0m
[07:45:08.454] [1;32muart:~$ [m^[[1[12D[J[00:05:55.221,000] [0m<dbg> net_pkt.net_pkt_frag_unref_debug: (rx_q[0]): RDATA (rx_bufs) [159] frag 0x3c172850 ref 0 (net_pkt_unref_debug():612)[0m
[07:45:08.470] [1;32muart:~$ [m^[[1[12D[J[00:05:55.221,000] [0m<dbg> net_pkt.net_pkt_print: (rx_q[0]): TX 16 RX 40 RDATA 160 TDATA 80[0m
[07:45:08.487] [1;32muart:~$ [m^[[1[12D[J[1;32muart:~$ [m^[[1[12D[J[1;32muart:~$ [m^[[1[12D[J[1;31m[1;31m--- 27 messages dropped ---
[07:45:09.275] [0m[m[00:05:56.221,000] [0m<dbg> net_pkt.net_pkt_write: (sysworkq): pkt 0x3c172ee0 data 0x3c1534a0 length 40[0m
[07:45:09.275] [1;32muart:~$ [m^[[1[12D[J[00:05:56.221,000] [0m<dbg> net_pkt.net_pkt_skip: (sysworkq): pkt 0x3c172ee0 skip 40[0m
[07:45:09.292] [1;32muart:~$ [m^[[1[12D[J[00:05:56.221,000] [0m<dbg> net_pkt.net_pkt_skip: (sysworkq): pkt 0x3c172ee0 skip 8[0m
[07:45:09.308] [1;32muart:~$ [m^[[1[12D[J[00:05:56.222,000] [0m<dbg> net_pkt.net_pkt_skip: (sysworkq): pkt 0x3c172ee0 skip 32[0m
[07:45:09.325] [1;32muart:~$ [m^[[1[12D[J[00:05:56.222,000] [0m<dbg> net_pkt.net_pkt_write: (sysworkq): pkt 0x3c172ee0 data 0x3c1534c8 length 4[0m
[07:45:09.341] [1;32muart:~$ [m^[[1[12D[J[00:05:56.222,000] [0m<dbg> net_pkt.net_pkt_skip: (sysworkq): pkt 0x3c172ee0 skip 4[0m
[07:45:09.358] [1;32muart:~$ [m^[[1[12D[J[00:05:56.225,000] [0m<dbg> net_pkt.net_pkt_frag_unref_debug: (rx_q[0]): RDATA (rx_bufs) [159] frag 0x3c172850 ref 0 (net_pkt_unref_debug():612)[0m
[07:45:09.375] [1;32muart:~$ [m^[[1[12D[J[00:05:56.225,000] [0m<dbg> net_pkt.net_pkt_print: (rx_q[0]): TX 16 RX 40 RDATA 160 TDATA 80[0m
[07:45:09.391] [1;32muart:~$ [m^[[1[12D[J[00:05:56.226,000] [0m<dbg> net_pkt.pkt_alloc_with_buffer: (wifi): On iface 1 (0x3fc9ea10) size 78[0m
[07:45:09.409] [1;32muart:~$ [m^[[1[12D[J[00:05:56.226,000] [0m<dbg> net_pkt.net_pkt_alloc_buffer_with_reserve_debug: (wifi): Data allocation maximum size 78 (requested 78, reserve 0)[0m
[07:45:09.424] [1;32muart:~$ [m^[[1[12D[J[00:05:56.226,000] [0m<dbg> net_pkt.pkt_alloc_buffer: (wifi): RDATA (rx_bufs) [159] frag 0x3c172850 ref 1 (eth_esp32_rx():153)[0m
[07:45:09.440] [1;32muart:~$ [m^[[1[12D[J[00:05:56.226,000] [0m<dbg> net_pkt.net_pkt_write: (wifi): pkt 0x3c173cf0 data 0x3c26f2ac length 78[0m
[07:45:09.456] [1;32muart:~$ [m^[[1[12D[J[00:05:56.226,000] [0m<dbg> net_pkt.net_pkt_skip: (rx_q[0]): pkt 0x3c173cf0 skip 40[0m
[07:45:09.472] [1;32muart:~$ [m^[[1[12D[J[00:05:56.226,000] [0m<dbg> net_pkt.net_pkt_skip: (rx_q[0]): pkt 0x3c173cf0 skip 8[0m
[07:45:09.488] [1;32muart:~$ [m^[[1[12D[J[00:05:56.226,000] [0m<dbg> net_pkt.net_pkt_skip: (rx_q[0]): pkt 0x3c173cf0 skip 32[0m
[07:45:09.505] [1;32muart:~$ [m^[[1[12D[J[00:05:56.226,000] [0m<dbg> net_pkt.net_pkt_skip: (rx_q[0]): pkt 0x3c173cf0 skip 4[0m
[07:45:09.522] [1;32muart:~$ [m^[[1[12D[J[00:05:56.226,000] [0m<dbg> net_pkt.net_pkt_unref_debug: (rx_q[0]): RX [39] pkt 0x3c173cf0 ref 0 frags 0x3c172850 (processing_data():157)[0m
[07:45:09.538] [1;32muart:~$ [m^[[1[12D[J[00:05:56.226,000] [0m<dbg> net_pkt.net_pkt_unref_debug: (rx_q[0]): RDATA (rx_bufs) [159] frag 0x3c172850 ref 0 frags 0 (processing_data():157)[0m
[07:45:09.554] [1;32muart:~$ [m^[[1[12D[J[00:05:56.226,000] [0m<dbg> net_pkt.net_pkt_frag_unref_debug: (rx_q[0]): RDATA (rx_bufs) [159] frag 0x3c172850 ref 0 (net_pkt_unref_debug():612)[0m
[07:45:09.571] [1;32muart:~$ [m^[[1[12D[J[00:05:56.226,000] [0m<dbg> net_pkt.net_pkt_print: (rx_q[0]): TX 16 RX 40 RDATA 160 TDATA 80[0m
[07:45:09.587] [1;32muart:~$ [m^[[1[12D[J[1;32muart:~$ [m^[[1[12D[J[1;32muart:~$ [m^[[1[12D[J[1;31m[1;31m--- 6 messages dropped ---
[07:45:09.704] [0m[m[00:05:56.450,000] [0m<dbg> net_pkt.net_pkt_frag_unref_debug: (rx_q[0]): RDATA (rx_bufs) [159] frag 0x3c172850 ref 0 (net_pkt_unref_debug():612)[0m
[07:45:09.705] [1;32muart:~$ [m^[[1[12D[J[00:05:56.450,000] [0m<dbg> net_pkt.net_pkt_print: (rx_q[0]): TX 16 RX 40 RDATA 160 TDATA 80[0m
[07:45:09.721] [1;32muart:~$ [m^[[1[12D[J[00:05:56.655,000] [0m<dbg> net_pkt.pkt_alloc_with_buffer: (wifi): On iface 1 (0x3fc9ea10) size 525[0m
[07:45:09.737] [1;32muart:~$ [m^[[1[12D[J[00:05:56.655,000] [0m<dbg> net_pkt.net_pkt_alloc_buffer_with_reserve_debug: (wifi): Data allocation maximum size 525 (requested 525, reserve 0)[0m
[07:45:09.755] [1;32muart:~$ [m^[[1[12D[J[00:05:56.655,000] [0m<dbg> net_pkt.pkt_alloc_buffer: (wifi): RDATA (rx_bufs) [159] frag 0x3c172850 ref 1 (eth_esp32_rx():153)[0m
[07:45:09.771] [1;32muart:~$ [m^[[1[12D[J[00:05:56.655,000] [0m<dbg> net_pkt.pkt_alloc_buffer: (wifi): RDATA (rx_bufs) [158] frag 0x3c17286c ref 1 (eth_esp32_rx():153)[0m
[07:45:09.787] [1;32muart:~$ [m^[[1[12D[J[00:05:56.655,000] [0m<dbg> net_pkt.net_pkt_write: (wifi): pkt 0x3c173cf0 data 0x3c26f2aa length 525[0m
[07:45:09.804] [1;32muart:~$ [m^[[1[12D[J[00:05:56.655,000] [0m<dbg> net_pkt.net_pkt_unref_debug: (rx_q[0]): RX [39] pkt 0x3c173cf0 ref 0 frags 0x3c172850 (processing_data():157)[0m
[07:45:09.820] [1;32muart:~$ [m^[[1[12D[J[00:05:56.655,000] [0m<dbg> net_pkt.net_pkt_unref_debug: (rx_q[0]): RDATA (rx_bufs) [158] frag 0x3c172850 ref 0 frags 0x3c17286c (processing_data():157)[0m
[07:45:09.837] [1;32muart:~$ [m^[[1[12D[J[00:05:56.655,000] [0m<dbg> net_pkt.net_pkt_unref_debug: (rx_q[0]): RDATA (rx_bufs) [158] frag 0x3c17286c ref 0 frags 0 (processing_data():157)[0m
[07:45:09.854] [1;32muart:~$ [m^[[1[12D[J[00:05:56.655,000] [0m<dbg> net_pkt.net_pkt_frag_unref_debug: (rx_q[0]): RDATA (rx_bufs) [158] frag 0x3c172850 ref 0 (net_pkt_unref_debug():612)[0m
[07:45:09.870] [1;32muart:~$ [m^[[1[12D[J[00:05:56.655,000] [0m<dbg> net_pkt.net_pkt_frag_unref_debug: (rx_q[0]): RDATA (rx_bufs) [159] frag 0x3c17286c ref 0 (net_pkt_unref_debug():612)[0m
[07:45:09.887] [1;32muart:~$ [m^[[1[12D[J[00:05:56.655,000] [0m<dbg> net_pkt.net_pkt_print: (rx_q[0]): TX 16 RX 40 RDATA 160 TDATA 80[0m
[07:45:09.903] [1;32muart:~$ [m^[[1[12D[J[1;32muart:~$ [m^[[1[12D[J[1;32muart:~$ [m^[[1[12D[J[1;31m[1;31m--- 14 messages dropped ---
[07:45:10.277] [0m[m[00:05:57.223,000] [0m<dbg> net_pkt.net_pkt_skip: (sysworkq): pkt 0x3c172ee0 skip 40[0m
[07:45:10.278] [1;32muart:~$ [m^[[1[12D[J[1;31m[1;31m--- 13 messages dropped ---
[07:45:10.292] [0m[m[00:05:57.223,000] [0m<dbg> net_pkt.net_pkt_skip: (sysworkq): pkt 0x3c172ee0 skip 8[0m
[07:45:10.293] [1;32muart:~$ [m^[[1[12D[J[00:05:57.223,000] [0m<dbg> net_pkt.net_pkt_skip: (sysworkq): pkt 0x3c172ee0 skip 32[0m
[07:45:10.309] [1;32muart:~$ [m^[[1[12D[J[00:05:57.223,000] [0m<dbg> net_pkt.net_pkt_write: (sysworkq): pkt 0x3c172ee0 data 0x3c1534c8 length 4[0m
[07:45:10.326] [1;32muart:~$ [m^[[1[12D[J[00:05:57.223,000] [0m<dbg> net_pkt.net_pkt_skip: (sysworkq): pkt 0x3c172ee0 skip 4[0m
[07:45:10.342] [1;32muart:~$ [m^[[1[12D[J[00:05:57.223,000] [0m<dbg> net_pkt.net_pkt_get_reserve_data_debug: (sysworkq): TDATA (tx_bufs) [78] frag 0x3c15d4bc ref 1 (ethernet_fill_header():610)[0m
[07:45:10.359] [1;32muart:~$ [m^[[1[12D[J[00:05:57.223,000] [0m<dbg> net_pkt.net_pkt_frag_insert_debug: (sysworkq): pkt 0x3c172ee0 frag 0x3c15d4bc (ethernet_fill_header:669)[0m
[07:45:10.375] [1;32muart:~$ [m^[[1[12D[J[00:05:57.224,000] [0m<dbg> net_pkt.net_pkt_read: (sysworkq): pkt 0x3c172ee0 data 0x3fcc36ae length 86[0m
[07:45:10.392] [1;32muart:~$ [m^[[1[12D[J[00:05:57.227,000] [0m<dbg> net_pkt.net_pkt_print: (rx_q[0]): TX 16 RX 40 RDATA 160 TDATA 80[0m
[07:45:10.408] [1;32muart:~$ [m^[[1[12D[J[00:05:57.227,000] [0m<dbg> net_pkt.pkt_alloc_with_buffer: (wifi): On iface 1 (0x3fc9ea10) size 78[0m
[07:45:10.424] [1;32muart:~$ [m^[[1[12D[J[00:05:57.227,000] [0m<dbg> net_pkt.net_pkt_alloc_buffer_with_reserve_debug: (wifi): Data allocation maximum size 78 (requested 78, reserve 0)[0m
[07:45:10.441] [1;32muart:~$ [m^[[1[12D[J[00:05:57.227,000] [0m<dbg> net_pkt.pkt_alloc_buffer: (wifi): RDATA (rx_bufs) [159] frag 0x3c17286c ref 1 (eth_esp32_rx():153)[0m
[07:45:10.457] [1;32muart:~$ [m^[[1[12D[J[00:05:57.228,000] [0m<dbg> net_pkt.net_pkt_write: (wifi): pkt 0x3c173cf0 data 0x3c26f2ac length 78[0m
[07:45:10.474] [1;32muart:~$ [m^[[1[12D[J[00:05:57.228,000] [0m<dbg> net_pkt.net_pkt_skip: (rx_q[0]): pkt 0x3c173cf0 skip 40[0m
[07:45:10.490] [1;32muart:~$ [m^[[1[12D[J[00:05:57.228,000] [0m<dbg> net_pkt.net_pkt_skip: (rx_q[0]): pkt 0x3c173cf0 skip 8[0m
[07:45:10.506] [1;32muart:~$ [m^[[1[12D[J[00:05:57.228,000] [0m<dbg> net_pkt.net_pkt_skip: (rx_q[0]): pkt 0x3c173cf0 skip 32[0m
[07:45:10.523] [1;32muart:~$ [m^[[1[12D[J[00:05:57.228,000] [0m<dbg> net_pkt.net_pkt_skip: (rx_q[0]): pkt 0x3c173cf0 skip 4[0m
[07:45:10.539] [1;32muart:~$ [m^[[1[12D[J[00:05:57.228,000] [0m<dbg> net_pkt.net_pkt_unref_debug: (rx_q[0]): RX [39] pkt 0x3c173cf0 ref 0 frags 0x3c17286c (processing_data():157)[0m
[07:45:10.555] [1;32muart:~$ [m^[[1[12D[J[00:05:57.228,000] [0m<dbg> net_pkt.net_pkt_unref_debug: (rx_q[0]): RDATA (rx_bufs) [159] frag 0x3c17286c ref 0 frags 0 (processing_data():157)[0m
[07:45:10.572] [1;32muart:~$ [m^[[1[12D[J[00:05:57.228,000] [0m<dbg> net_pkt.net_pkt_print: (rx_q[0]): TX 16 RX 40 RDATA 160 TDATA 80[0m
[07:45:10.588] [1;32muart:~$ [m^[[1[12D[J[1;32muart:~$ [m^[[1[12D[J[1;32muart:~$ [m^[[1[12D[J[1;31m[1;31m--- 88 messages dropped ---
[07:45:11.037] [0m[m[00:05:57.988,000] [0m<dbg> net_pkt.net_pkt_skip: (rx_q[0]): pkt 0x3c173cf0 skip 8[0m
[07:45:11.038] [1;32muart:~$ [m^[[1[12D[J[00:05:57.988,000] [0m<dbg> net_pkt.net_pkt_skip: (rx_q[0]): pkt 0x3c173cf0 skip 32[0m
[07:45:11.054] [1;32muart:~$ [m^[[1[12D[J[00:05:57.988,000] [0m<dbg> net_pkt.net_pkt_write: (rx_q[0]): pkt 0x3c173cf0 data 0x3c16a796 length 20[0m
[07:45:11.071] [1;32muart:~$ [m^[[1[12D[J[00:05:57.988,000] [0m<dbg> net_pkt.net_pkt_skip: (rx_q[0]): pkt 0x3c173cf0 skip 20[0m
[07:45:11.087] [1;32muart:~$ [m^[[1[12D[J[00:05:57.988,000] [0m<dbg> net_pkt.net_pkt_skip: (rx_q[0]): pkt 0x3c173cf0 skip 40[0m
[07:45:11.104] [1;32muart:~$ [m^[[1[12D[J[00:05:57.988,000] [0m<dbg> net_pkt.net_pkt_skip: (rx_q[0]): pkt 0x3c173cf0 skip 40[0m
[07:45:11.121] [1;32muart:~$ [m^[[1[12D[J[00:05:57.988,000] [0m<dbg> net_pkt.net_pkt_skip: (rx_q[0]): pkt 0x3c173cf0 skip 40[0m
[07:45:11.137] [1;32muart:~$ [m^[[1[12D[J[00:05:57.988,000] [0m<dbg> net_pkt.net_pkt_skip: (rx_q[0]): pkt 0x3c173cf0 skip 40[0m
[07:45:11.153] [1;32muart:~$ [m^[[1[12D[J[00:05:57.989,000] [0m<dbg> net_pkt.net_pkt_unref_debug: (llss_thread): TX [15] pkt 0x3c172ee0 ref 0 frags 0 (tcp_send_data():1875)[0m
[07:45:11.169] [1;32muart:~$ [m^[[1[12D[J[00:05:57.989,000] [0m<dbg> net_pkt.net_pkt_skip: (rx_q[0]): pkt 0x3c173cf0 skip 40[0m
[07:45:11.185] [1;32muart:~$ [m^[[1[12D[J[00:05:57.989,000] [0m<dbg> net_pkt.net_pkt_unref_debug: (rx_q[0]): RX [39] pkt 0x3c173cf0 ref 0 frags 0x3c17286c (tcp_in():3635)[0m
[07:45:11.202] [1;32muart:~$ [m^[[1[12D[J[00:05:57.989,000] [0m<dbg> net_pkt.net_pkt_unref_debug: (rx_q[0]): RDATA (rx_bufs) [159] frag 0x3c17286c ref 0 frags 0 (tcp_in():3635)[0m
[07:45:11.219] [1;32muart:~$ [m^[[1[12D[J[00:05:57.989,000] [0m<dbg> net_pkt.net_pkt_frag_unref_debug: (rx_q[0]): RDATA (rx_bufs) [159] frag 0x3c17286c ref 0 (net_pkt_unref_debug():612)[0m
[07:45:11.236] [1;32muart:~$ [m^[[1[12D[J[00:05:57.989,000] [0m<dbg> net_pkt.net_pkt_print: (rx_q[0]): TX 16 RX 40 RDATA 160 TDATA 80[0m
[07:45:11.251] [1;32muart:~$ [m^[[1[12D[J[1;32muart:~$ [m^[[1[12D[J[1;31m[1;31m--- 14 messages dropped ---
[07:45:11.283] [0m[m[00:05:58.225,000] [0m<dbg> net_pkt.net_pkt_skip: (sysworkq): pkt 0x3c172ee0 skip 40[0m
[07:45:11.284] [1;32muart:~$ [m^[[1[12D[J[1;31m[1;31m--- 12 messages dropped ---
[07:45:11.299] [0m[m[00:05:58.225,000] [0m<dbg> net_pkt.net_pkt_skip: (sysworkq): pkt 0x3c172ee0 skip 8[0m
[07:45:11.300] [1;32muart:~$ [m^[[1[12D[J[00:05:58.225,000] [0m<dbg> net_pkt.net_pkt_skip: (sysworkq): pkt 0x3c172ee0 skip 32[0m
[07:45:11.317] [1;32muart:~$ [m^[[1[12D[J[00:05:58.225,000] [0m<dbg> net_pkt.net_pkt_write: (sysworkq): pkt 0x3c172ee0 data 0x3c1534c8 length 4[0m
[07:45:11.333] [1;32muart:~$ [m^[[1[12D[J[00:05:58.225,000] [0m<dbg> net_pkt.net_pkt_skip: (sysworkq): pkt 0x3c172ee0 skip 4[0m
[07:45:11.350] [1;32muart:~$ [m^[[1[12D[J[00:05:58.225,000] [0m<dbg> net_pkt.net_pkt_get_reserve_data_debug: (sysworkq): TDATA (tx_bufs) [78] frag 0x3c15d4bc ref 1 (ethernet_fill_header():610)[0m
[07:45:11.366] [1;32muart:~$ [m^[[1[12D[J[00:05:58.225,000] [0m<dbg> net_pkt.net_pkt_frag_insert_debug: (sysworkq): pkt 0x3c172ee0 frag 0x3c15d4bc (ethernet_fill_header:669)[0m
[07:45:11.383] [1;32muart:~$ [m^[[1[12D[J[00:05:58.225,000] [0m<dbg> net_pkt.net_pkt_read: (sysworkq): pkt 0x3c172ee0 data 0x3fcc36ae length 86[0m
[07:45:11.399] [1;32muart:~$ [m^[[1[12D[J[00:05:58.228,000] [0m<dbg> net_pkt.net_pkt_frag_unref_debug: (rx_q[0]): RDATA (rx_bufs) [159] frag 0x3c17286c ref 0 (net_pkt_unref_debug():612)[0m
[07:45:11.416] [1;32muart:~$ [m^[[1[12D[J[00:05:58.228,000] [0m<dbg> net_pkt.net_pkt_print: (rx_q[0]): TX 16 RX 40 RDATA 160 TDATA 80[0m
[07:45:11.432] [1;32muart:~$ [m^[[1[12D[J[00:05:58.229,000] [0m<dbg> net_pkt.pkt_alloc_with_buffer: (wifi): On iface 1 (0x3fc9ea10) size 78[0m
[07:45:11.448] [1;32muart:~$ [m^[[1[12D[J[00:05:58.229,000] [0m<dbg> net_pkt.net_pkt_alloc_buffer_with_reserve_debug: (wifi): Data allocation maximum size 78 (requested 78, reserve 0)[0m
[07:45:11.465] [1;32muart:~$ [m^[[1[12D[J[00:05:58.229,000] [0m<dbg> net_pkt.pkt_alloc_buffer: (wifi): RDATA (rx_bufs) [159] frag 0x3c17286c ref 1 (eth_esp32_rx():153)[0m
[07:45:11.482] [1;32muart:~$ [m^[[1[12D[J[00:05:58.229,000] [0m<dbg> net_pkt.net_pkt_write: (wifi): pkt 0x3c173cf0 data 0x3c26f2ac length 78[0m
[07:45:11.498] [1;32muart:~$ [m^[[1[12D[J[00:05:58.229,000] [0m<dbg> net_pkt.net_pkt_skip: (rx_q[0]): pkt 0x3c173cf0 skip 40[0m
[07:45:11.514] [1;32muart:~$ [m^[[1[12D[J[00:05:58.229,000] [0m<dbg> net_pkt.net_pkt_skip: (rx_q[0]): pkt 0x3c173cf0 skip 8[0m
[07:45:11.530] [1;32muart:~$ [m^[[1[12D[J[00:05:58.229,000] [0m<dbg> net_pkt.net_pkt_skip: (rx_q[0]): pkt 0x3c173cf0 skip 32[0m
[07:45:11.548] [1;32muart:~$ [m^[[1[12D[J[00:05:58.229,000] [0m<dbg> net_pkt.net_pkt_skip: (rx_q[0]): pkt 0x3c173cf0 skip 4[0m
[07:45:11.563] [1;32muart:~$ [m^[[1[12D[J[00:05:58.230,000] [0m<dbg> net_pkt.net_pkt_unref_debug: (rx_q[0]): RX [39] pkt 0x3c173cf0 ref 0 frags 0x3c17286c (processing_data():157)[0m
[07:45:11.582] [1;32muart:~$ [m^[[1[12D[J[00:05:58.230,000] [0m<dbg> net_pkt.net_pkt_unref_debug: (rx_q[0]): RDATA (rx_bufs) [159] frag 0x3c17286c ref 0 frags 0 (processing_data():157)[0m
[07:45:11.596] [1;32muart:~$ [m^[[1[12D[J[00:05:58.230,000] [0m<dbg> net_pkt.net_pkt_frag_unref_debug: (rx_q[0]): RDATA (rx_bufs) [159] frag 0x3c17286c ref 0 (net_pkt_unref_debug():612)[0m
[07:45:11.612] [1;32muart:~$ [m^[[1[12D[J[1;32muart:~$ [m^[[1[12D[J[1;32muart:~$ [m^[[1[12D[J[1;31m[1;31m--- 60 messages dropped ---
[07:45:12.786] [0m[m[00:05:59.730,000] [0m<dbg> net_pkt.net_pkt_read: (rx_q[0]): pkt 0x3c172f28 data 0x3fcc36ae length 86[0m
[07:45:12.786] [1;32muart:~$ [m^[[1[12D[J[1;31m[1;31m--- 20 messages dropped ---
[07:45:12.802] [0m[m[00:05:59.730,000] [0m<dbg> net_pkt.net_pkt_unref_debug: (rx_q[0]): TX [14] pkt 0x3c172f28 ref 0 frags 0x3c15d4d8 (ethernet_send():800)[0m
[07:45:12.804] [1;32muart:~$ [m^[[1[12D[J[00:05:59.730,000] [0m<dbg> net_pkt.net_pkt_unref_debug: (rx_q[0]): TDATA (tx_bufs) [77] frag 0x3c15d4d8 ref 0 frags 0x3c15d4bc (ethernet_send():800)[0m
[07:45:12.820] [1;32muart:~$ [m^[[1[12D[J[00:05:59.730,000] [0m<dbg> net_pkt.net_pkt_unref_debug: (rx_q[0]): TDATA (tx_bufs) [77] frag 0x3c15d4bc ref 0 frags 0 (ethernet_send():800)[0m
[07:45:12.838] [1;32muart:~$ [m^[[1[12D[J[00:05:59.730,000] [0m<dbg> net_pkt.net_pkt_frag_unref_debug: (rx_q[0]): TDATA (tx_bufs) [77] frag 0x3c15d4d8 ref 0 (net_pkt_unref_debug():612)[0m
[07:45:12.855] [1;32muart:~$ [m^[[1[12D[J[00:05:59.730,000] [0m<dbg> net_pkt.net_pkt_frag_unref_debug: (rx_q[0]): TDATA (tx_bufs) [78] frag 0x3c15d4bc ref 0 (net_pkt_unref_debug():612)[0m
[07:45:12.872] [1;32muart:~$ [m^[[1[12D[J[00:05:59.736,000] [0m<dbg> net_pkt.net_pkt_get_reserve_data_debug: (rx_q[0]): TDATA (tx_bufs) [78] frag 0x3c15d4bc ref 1 (ethernet_fill_header():610)[0m
[07:45:12.889] [1;32muart:~$ [m^[[1[12D[J[00:05:59.736,000] [0m<dbg> net_pkt.net_pkt_frag_insert_debug: (rx_q[0]): pkt 0x3c172ee0 frag 0x3c15d4bc (ethernet_fill_header:669)[0m
[07:45:12.905] [1;32muart:~$ [m^[[1[12D[J[00:05:59.736,000] [0m<dbg> net_pkt.net_pkt_read: (rx_q[0]): pkt 0x3c172ee0 data 0x3fcc36ae length 74[0m
[07:45:12.921] [1;32muart:~$ [m^[[1[12D[J[00:05:59.737,000] [0m<dbg> net_pkt.net_pkt_unref_debug: (rx_q[0]): TX [15] pkt 0x3c172ee0 ref 1 frags 0x3c15d4bc (ethernet_send():800)[0m
[07:45:12.938] [1;32muart:~$ [m^[[1[12D[J[00:05:59.737,000] [0m<dbg> net_pkt.net_pkt_unref_debug: (rx_q[0]): TX [15] pkt 0x3c172ee0 ref 0 frags 0x3c15d4bc (handle_na_neighbor():1896)[0m
[07:45:12.954] [1;32muart:~$ [m^[[1[12D[J[00:05:59.737,000] [0m<dbg> net_pkt.net_pkt_unref_debug: (rx_q[0]): TDATA (tx_bufs) [78] frag 0x3c15d4bc ref 0 frags 0x3c15d4a0 (handle_na_neighbor():1896)[0m
[07:45:12.971] [1;32muart:~$ [m^[[1[12D[J[00:05:59.737,000] [0m<dbg> net_pkt.net_pkt_unref_debug: (rx_q[0]): TDATA (tx_bufs) [78] frag 0x3c15d4a0 ref 0 frags 0 (handle_na_neighbor():1896)[0m
[07:45:12.988] [1;32muart:~$ [m^[[1[12D[J[00:05:59.737,000] [0m<dbg> net_pkt.net_pkt_frag_unref_debug: (rx_q[0]): TDATA (tx_bufs) [79] frag 0x3c15d4a0 ref 0 (net_pkt_unref_debug():612)[0m
[07:45:13.005] [1;32muart:~$ [m^[[1[12D[J[00:05:59.737,000] [0m<dbg> net_pkt.net_pkt_unref_debug: (rx_q[0]): RX [39] pkt 0x3c173cf0 ref 0 frags 0x3c17286c (net_icmpv6_input():408)[0m
[07:45:13.021] [1;32muart:~$ [m^[[1[12D[J[00:05:59.737,000] [0m<dbg> net_pkt.net_pkt_unref_debug: (rx_q[0]): RDATA (rx_bufs) [159] frag 0x3c17286c ref 0 frags 0 (net_icmpv6_input():408)[0m
[07:45:13.038] [1;32muart:~$ [m^[[1[12D[J[00:05:59.737,000] [0m<dbg> net_pkt.net_pkt_frag_unref_debug: (rx_q[0]): RDATA (rx_bufs) [159] frag 0x3c17286c ref 0 (net_pkt_unref_debug():612)[0m
[07:45:13.054] [1;32muart:~$ [m^[[1[12D[J[00:05:59.737,000] [0m<dbg> net_pkt.net_pkt_print: (rx_q[0]): TX 16 RX 40 RDATA 160 TDATA 80[0m
[07:45:13.070] [1;32muart:~$ [m^[[1[12D[J[1;32muart:~$ [m^[[1[12D[J[1;32muart:~$ [m^[[1[12D[J[1;31m[1;31m--- 25 messages dropped ---
[07:45:13.246] [0m[m net_mgmt            : STACK: unused 3392 usage 704 / 4096 (17 %); CPU: 0 %
[07:45:13.248] [1;32muart:~$ [m^[[1[12D[J                     : Total CPU cycles used: 291424
[07:45:13.263] [1;32muart:~$ [m^[[1[12D[J tcp_work            : STACK: unused 1728 usage 320 / 2048 (15 %); CPU: 0 %
[07:45:13.279] [1;32muart:~$ [m^[[1[12D[J                     : Total CPU cycles used: 2024
[07:45:13.295] [1;32muart:~$ [m^[[1[12D[J shell_uart          : STACK: unused 2784 usage 1312 / 4096 (32 %); CPU: 0 %
[07:45:13.311] [1;32muart:~$ [m^[[1[12D[J                     : Total CPU cycles used: 399221804
[07:45:13.327] [1;32muart:~$ [m^[[1[12D[J wifi                : STACK: unused 1264 usage 2320 / 3584 (64 %); CPU: 0 %
[07:45:13.343] [1;32muart:~$ [m^[[1[12D[J                     : Total CPU cycles used: 838825366
[07:45:13.362] [1;32muart:~$ [m^[[1[12D[J sysworkq            : STACK: unused 3056 usage 1040 / 4096 (25 %); CPU: 0 %
[07:45:13.377] [1;32muart:~$ [m^[[1[12D[J                     : Total CPU cycles used: 16780677
[07:45:13.395] [1;32muart:~$ [m^[[1[12D[J esp_timer           : STACK: unused 3536 usage 560 / 4096 (13 %); CPU: 0 %
[07:45:13.411] [1;32muart:~$ [m^[[1[12D[J                     : Total CPU cycles used: 36252545
[07:45:13.427] [1;32muart:~$ [m^[[1[12D[J logging             : STACK: unused 544 usage 480 / 1024 (46 %); CPU: 0 %
[07:45:13.443] [1;32muart:~$ [m^[[1[12D[J                     : Total CPU cycles used: 32903182
[07:45:13.459] [1;32muart:~$ [m^[[1[12D[J idle                : STACK: unused 816 usage 208 / 1024 (20 %); CPU: 97 %
[07:45:13.475] [1;32muart:~$ [m^[[1[12D[J                     : Total CPU cycles used: 83888786233
[07:45:13.491] [1;32muart:~$ [m^[[1[12D[J ISR0                : STACK: unused 1520 usage 528 / 2048 (25 %); CPU: 0 %
[07:45:13.507] [1;32muart:~$ [m^[[1[12D[J                     : Total CPU cycles used: 0
[07:45:13.524] [1;32muart:~$ [m^[[1[12D[J[1;32muart:~$ [m^[[1[12D[J[1;32muart:~$ [m^[[1[12D[J[00:06:00.341,000] [0m<dbg> net_pkt.pkt_alloc_with_buffer: (wifi): On iface 1 (0x3fc9ea10) size 60[0m
[07:45:14.389] [1;32muart:~$ [m^[[1[12D[J[00:06:00.341,000] [0m<dbg> net_pkt.net_pkt_alloc_buffer_with_reserve_debug: (wifi): Data allocation maximum size 60 (requested 60, reserve 0)[0m
[07:45:14.406] [1;32muart:~$ [m^[[1[12D[J[00:06:00.341,000] [0m<dbg> net_pkt.pkt_alloc_buffer: (wifi): RDATA (rx_bufs) [159] frag 0x3c17286c ref 1 (eth_esp32_rx():153)[0m
[07:45:14.423] [1;32muart:~$ [m^[[1[12D[J[00:06:00.341,000] [0m<dbg> net_pkt.net_pkt_write: (wifi): pkt 0x3c173cf0 data 0x3c26f2aa length 60[0m
[07:45:14.439] [1;32muart:~$ [m^[[1[12D[J[00:06:00.341,000] [0m<dbg> net_pkt.net_pkt_unref_debug: (rx_q[0]): RX [39] pkt 0x3c173cf0 ref 0 frags 0x3c17286c (processing_data():157)[0m
[07:45:14.456] [1;32muart:~$ [m^[[1[12D[J[00:06:00.341,000] [0m<dbg> net_pkt.net_pkt_unref_debug: (rx_q[0]): RDATA (rx_bufs) [159] frag 0x3c17286c ref 0 frags 0 (processing_data():157)[0m
[07:45:14.472] [1;32muart:~$ [m^[[1[12D[J[00:06:00.341,000] [0m<dbg> net_pkt.net_pkt_frag_unref_debug: (rx_q[0]): RDATA (rx_bufs) [159] frag 0x3c17286c ref 0 (net_pkt_unref_debug():612)[0m
[07:45:14.489] [1;32muart:~$ [m^[[1[12D[J[00:06:00.341,000] [0m<dbg> net_pkt.net_pkt_print: (rx_q[0]): TX 16 RX 40 RDATA 160 TDATA 80[0m
[07:45:14.506] [1;32muart:~$ [m^[[1[12D[J[1;32muart:~$ [m^[[1[12D[J[1;32muart:~$ [m^[[1[12D[J[00:06:01.365,000] [0m<dbg> net_pkt.pkt_alloc_with_buffer: (wifi): On iface 1 (0x3fc9ea10) size 60[0m
[07:45:15.413] [1;32muart:~$ [m^[[1[12D[J[00:06:01.365,000] [0m<dbg> net_pkt.net_pkt_alloc_buffer_with_reserve_debug: (wifi): Data allocation maximum size 60 (requested 60, reserve 0)[0m
[07:45:15.430] [1;32muart:~$ [m^[[1[12D[J[00:06:01.365,000] [0m<dbg> net_pkt.pkt_alloc_buffer: (wifi): RDATA (rx_bufs) [159] frag 0x3c17286c ref 1 (eth_esp32_rx():153)[0m
[07:45:15.447] [1;32muart:~$ [m^[[1[12D[J[00:06:01.365,000] [0m<dbg> net_pkt.net_pkt_write: (wifi): pkt 0x3c173cf0 data 0x3c26f2aa length 60[0m
[07:45:15.464] [1;32muart:~$ [m^[[1[12D[J[00:06:01.365,000] [0m<dbg> net_pkt.net_pkt_unref_debug: (rx_q[0]): RX [39] pkt 0x3c173cf0 ref 0 frags 0x3c17286c (processing_data():157)[0m
[07:45:15.481] [1;32muart:~$ [m^[[1[12D[J[00:06:01.365,000] [0m<dbg> net_pkt.net_pkt_unref_debug: (rx_q[0]): RDATA (rx_bufs) [159] frag 0x3c17286c ref 0 frags 0 (processing_data():157)[0m
[07:45:15.497] [1;32muart:~$ [m^[[1[12D[J[00:06:01.365,000] [0m<dbg> net_pkt.net_pkt_frag_unref_debug: (rx_q[0]): RDATA (rx_bufs) [159] frag 0x3c17286c ref 0 (net_pkt_unref_debug():612)[0m
[07:45:15.513] [1;32muart:~$ [m^[[1[12D[J[00:06:01.365,000] [0m<dbg> net_pkt.net_pkt_print: (rx_q[0]): TX 16 RX 40 RDATA 160 TDATA 80[0m
[07:45:15.529] [1;32muart:~$ [m^[[1[12D[J[1;32muart:~$ [m^[[1[12D[J[1;32muart:~$ [m^[[1[12D[J[00:06:02.392,000] [0m<dbg> net_pkt.pkt_alloc_with_buffer: (wifi): On iface 1 (0x3fc9ea10) size 60[0m
[07:45:16.442] [1;32muart:~$ [m^[[1[12D[J[00:06:02.392,000] [0m<dbg> net_pkt.net_pkt_alloc_buffer_with_reserve_debug: (wifi): Data allocation maximum size 60 (requested 60, reserve 0)[0m
[07:45:16.457] [1;32muart:~$ [m^[[1[12D[J[00:06:02.392,000] [0m<dbg> net_pkt.pkt_alloc_buffer: (wifi): RDATA (rx_bufs) [159] frag 0x3c17286c ref 1 (eth_esp32_rx():153)[0m
[07:45:16.474] [1;32muart:~$ [m^[[1[12D[J[00:06:02.392,000] [0m<dbg> net_pkt.net_pkt_write: (wifi): pkt 0x3c173cf0 data 0x3c26f2aa length 60[0m
[07:45:16.490] [1;32muart:~$ [m^[[1[12D[J[00:06:02.392,000] [0m<dbg> net_pkt.net_pkt_unref_debug: (rx_q[0]): RX [39] pkt 0x3c173cf0 ref 0 frags 0x3c17286c (processing_data():157)[0m
[07:45:16.507] [1;32muart:~$ [m^[[1[12D[J[00:06:02.392,000] [0m<dbg> net_pkt.net_pkt_unref_debug: (rx_q[0]): RDATA (rx_bufs) [159] frag 0x3c17286c ref 0 frags 0 (processing_data():157)[0m
[07:45:16.525] [1;32muart:~$ [m^[[1[12D[J[00:06:02.392,000] [0m<dbg> net_pkt.net_pkt_frag_unref_debug: (rx_q[0]): RDATA (rx_bufs) [159] frag 0x3c17286c ref 0 (net_pkt_unref_debug():612)[0m
[07:45:16.540] [1;32muart:~$ [m^[[1[12D[J[00:06:02.392,000] [0m<dbg> net_pkt.net_pkt_print: (rx_q[0]): TX 16 RX 40 RDATA 160 TDATA 80[0m
[07:45:16.556] [1;32muart:~$ [m^[[1[12D[J[1;32muart:~$ [m^[[1[12D[J[1;32muart:~$ [m^[[1[12D[J[00:06:03.413,000] [0m<dbg> net_pkt.pkt_alloc_with_buffer: (wifi): On iface 1 (0x3fc9ea10) size 60[0m
[07:45:17.461] [1;32muart:~$ [m^[[1[12D[J[00:06:03.413,000] [0m<dbg> net_pkt.net_pkt_alloc_buffer_with_reserve_debug: (wifi): Data allocation maximum size 60 (requested 60, reserve 0)[0m
[07:45:17.478] [1;32muart:~$ [m^[[1[12D[J[00:06:03.413,000] [0m<dbg> net_pkt.pkt_alloc_buffer: (wifi): RDATA (rx_bufs) [159] frag 0x3c17286c ref 1 (eth_esp32_rx():153)[0m
[07:45:17.495] [1;32muart:~$ [m^[[1[12D[J[1;31m[1;31m--- 39 messages dropped ---
[07:45:17.511] [0m[m[00:06:03.413,000] [0m<dbg> net_pkt.net_pkt_write: (wifi): pkt 0x3c173cf0 data 0x3c26f2aa length 60[0m
[07:45:17.513] [1;32muart:~$ [m^[[1[12D[J[00:06:03.413,000] [0m<dbg> net_pkt.net_pkt_unref_debug: (rx_q[0]): RX [39] pkt 0x3c173cf0 ref 0 frags 0x3c17286c (processing_data():157)[0m
[07:45:17.528] [1;32muart:~$ [m^[[1[12D[J[00:06:03.413,000] [0m<dbg> net_pkt.net_pkt_unref_debug: (rx_q[0]): RDATA (rx_bufs) [159] frag 0x3c17286c ref 0 frags 0 (processing_data():157)[0m
[07:45:17.545] [1;32muart:~$ [m^[[1[12D[J[00:06:03.413,000] [0m<dbg> net_pkt.net_pkt_frag_unref_debug: (rx_q[0]): RDATA (rx_bufs) [159] frag 0x3c17286c ref 0 (net_pkt_unref_debug():612)[0m
[07:45:17.563] [1;32muart:~$ [m^[[1[12D[J[00:06:03.413,000] [0m<dbg> net_pkt.net_pkt_print: (rx_q[0]): TX 16 RX 40 RDATA 160 TDATA 80[0m
[07:45:17.580] [1;32muart:~$ [m^[[1[12D[J[00:06:04.440,000] [0m<dbg> net_pkt.net_pkt_skip: (rx_q[0]): pkt 0x3c172ee0 skip 4[0m
[07:45:17.595] [1;32muart:~$ [m^[[1[12D[J[00:06:04.440,000] [0m<dbg> net_pkt.net_pkt_get_reserve_data_debug: (rx_q[0]): TDATA (tx_bufs) [78] frag 0x3c15d4bc ref 1 (ethernet_fill_header():610)[0m
[07:45:17.611] [1;32muart:~$ [m^[[1[12D[J[00:06:04.440,000] [0m<dbg> net_pkt.net_pkt_frag_insert_debug: (rx_q[0]): pkt 0x3c172ee0 frag 0x3c15d4bc (ethernet_fill_header:669)[0m
[07:45:17.628] [1;32muart:~$ [m^[[1[12D[J[00:06:04.440,000] [0m<dbg> net_pkt.net_pkt_read: (rx_q[0]): pkt 0x3c172ee0 data 0x3fcc36ae length 86[0m
[07:45:17.644] [1;32muart:~$ [m^[[1[12D[J[00:06:04.441,000] [0m<dbg> net_pkt.net_pkt_unref_debug: (rx_q[0]): TX [15] pkt 0x3c172ee0 ref 0 frags 0x3c15d4bc (ethernet_send():800)[0m
[07:45:17.661] [1;32muart:~$ [m^[[1[12D[J[00:06:04.441,000] [0m<dbg> net_pkt.net_pkt_unref_debug: (rx_q[0]): TDATA (tx_bufs) [78] frag 0x3c15d4bc ref 0 frags 0x3c15d4a0 (ethernet_send():800)[0m
[07:45:17.678] [1;32muart:~$ [m^[[1[12D[J[00:06:04.441,000] [0m<dbg> net_pkt.net_pkt_unref_debug: (rx_q[0]): TDATA (tx_bufs) [78] frag 0x3c15d4a0 ref 0 frags 0 (ethernet_send():800)[0m
[07:45:17.694] [1;32muart:~$ [m^[[1[12D[J[00:06:04.441,000] [0m<dbg> net_pkt.net_pkt_frag_unref_debug: (rx_q[0]): TDATA (tx_bufs) [78] frag 0x3c15d4bc ref 0 (net_pkt_unref_debug():612)[0m
[07:45:17.711] [1;32muart:~$ [m^[[1[12D[J[00:06:04.441,000] [0m<dbg> net_pkt.net_pkt_frag_unref_debug: (rx_q[0]): TDATA (tx_bufs) [79] frag 0x3c15d4a0 ref 0 (net_pkt_unref_debug():612)[0m
[07:45:17.728] [1;32muart:~$ [m^[[1[12D[J[00:06:04.441,000] [0m<dbg> net_pkt.net_pkt_unref_debug: (rx_q[0]): RX [39] pkt 0x3c173cf0 ref 0 frags 0x3c17286c (net_icmpv6_input():408)[0m
[07:45:17.745] [1;32muart:~$ [m^[[1[12D[J[00:06:04.441,000] [0m<dbg> net_pkt.net_pkt_unref_debug: (rx_q[0]): RDATA (rx_bufs) [159] frag 0x3c17286c ref 0 frags 0 (net_icmpv6_input():408)[0m
[07:45:17.762] [1;32muart:~$ [m^[[1[12D[J[00:06:04.441,000] [0m<dbg> net_pkt.net_pkt_frag_unref_debug: (rx_q[0]): RDATA (rx_bufs) [159] frag 0x3c17286c ref 0 (net_pkt_unref_debug():612)[0m
[07:45:17.777] [1;32muart:~$ [m^[[1[12D[J[1;31m[1;31m--- 71 messages dropped ---
[07:45:17.797] [0m[m[00:06:04.441,000] [0m<dbg> net_pkt.net_pkt_print: (rx_q[0]): TX 16 RX 40 RDATA 160 TDATA 80[0m
[07:45:17.798] [1;32muart:~$ [m^[[1[12D[J[00:06:04.744,000] [0m<dbg> net_pkt.net_pkt_ref_debug: (llss_thread): TX [14] pkt 0x3c172f28 ref 2 (tcp_send():424)[0m
[07:45:17.815] [1;32muart:~$ [m^[[1[12D[J[1;31m[1;31m--- 12 messages dropped ---
[07:45:17.831] [0m[m[00:06:04.744,000] [0m<dbg> net_pkt.net_pkt_get_reserve_data_debug: (llss_thread): TDATA (tx_bufs) [76] frag 0x3c15d4f4 ref 1 (ethernet_fill_header():610)[0m
[07:45:17.832] [1;32muart:~$ [m^[[1[12D[J[00:06:04.744,000] [0m<dbg> net_pkt.net_pkt_frag_insert_debug: (llss_thread): pkt 0x3c172f28 frag 0x3c15d4f4 (ethernet_fill_header:669)[0m
[07:45:17.850] [1;32muart:~$ [m^[[1[12D[J[00:06:04.744,000] [0m<dbg> net_pkt.net_pkt_read: (llss_thread): pkt 0x3c172f28 data 0x3fcc36ae length 236[0m
[07:45:17.865] [1;32muart:~$ [m^[[1[12D[J[00:06:04.745,000] [0m<dbg> net_pkt.net_pkt_unref_debug: (llss_thread): TX [14] pkt 0x3c172f28 ref 1 frags 0x3c15d4f4 (ethernet_send():800)[0m
[07:45:17.882] [1;32muart:~$ [m^[[1[12D[J[00:06:04.746,000] [0m<dbg> net_pkt.net_pkt_unref_debug: (llss_thread): TX [14] pkt 0x3c172f28 ref 0 frags 0x3c15d4f4 (tcp_send():472)[0m
[07:45:17.898] [1;32muart:~$ [m^[[1[12D[J[00:06:04.746,000] [0m<dbg> net_pkt.net_pkt_unref_debug: (llss_thread): TDATA (tx_bufs) [76] frag 0x3c15d4f4 ref 0 frags 0x3c15d4d8 (tcp_send():472)[0m
[07:45:17.916] [1;32muart:~$ [m^[[1[12D[J[00:06:04.749,000] [0m<dbg> net_pkt.net_pkt_skip: (rx_q[0]): pkt 0x3c173cf0 skip 32[0m
[07:45:17.932] [1;32muart:~$ [m^[[1[12D[J[00:06:04.749,000] [0m<dbg> net_pkt.net_pkt_write: (rx_q[0]): pkt 0x3c173cf0 data 0x3c16a796 length 20[0m
[07:45:17.948] [1;32muart:~$ [m^[[1[12D[J[00:06:04.749,000] [0m<dbg> net_pkt.net_pkt_skip: (rx_q[0]): pkt 0x3c173cf0 skip 20[0m
[07:45:17.964] [1;32muart:~$ [m^[[1[12D[J[00:06:04.749,000] [0m<dbg> net_pkt.net_pkt_skip: (rx_q[0]): pkt 0x3c173cf0 skip 40[0m
[07:45:17.980] [1;32muart:~$ [m^[[1[12D[J[00:06:04.749,000] [0m<dbg> net_pkt.net_pkt_skip: (rx_q[0]): pkt 0x3c173cf0 skip 40[0m
[07:45:17.996] [1;32muart:~$ [m^[[1[12D[J[00:06:04.749,000] [0m<dbg> net_pkt.net_pkt_skip: (rx_q[0]): pkt 0x3c173cf0 skip 40[0m
[07:45:18.013] [1;32muart:~$ [m^[[1[12D[J[00:06:04.749,000] [0m<dbg> net_pkt.net_pkt_skip: (rx_q[0]): pkt 0x3c173cf0 skip 40[0m
[07:45:18.029] [1;32muart:~$ [m^[[1[12D[J[00:06:04.749,000] [0m<dbg> net_pkt.net_pkt_skip: (rx_q[0]): pkt 0x3c173cf0 skip 40[0m
[07:45:18.045] [1;32muart:~$ [m^[[1[12D[J[00:06:04.749,000] [0m<dbg> net_pkt.net_pkt_unref_debug: (rx_q[0]): RX [39] pkt 0x3c173cf0 ref 0 frags 0x3c17286c (tcp_in():3635)[0m
[07:45:18.062] [1;32muart:~$ [m^[[1[12D[J[00:06:04.749,000] [0m<dbg> net_pkt.net_pkt_unref_debug: (rx_q[0]): RDATA (rx_bufs) [159] frag 0x3c17286c ref 0 frags 0 (tcp_in():3635)[0m
[07:45:18.077] [1;32muart:~$ [m^[[1[12D[J[00:06:04.750,000] [0m<dbg> net_pkt.net_pkt_frag_unref_debug: (rx_q[0]): RDATA (rx_bufs) [159] frag 0x3c17286c ref 0 (net_pkt_unref_debug():612)[0m
[07:45:18.095] [1;32muart:~$ [m^[[1[12D[J[00:06:04.750,000] [0m<dbg> net_pkt.net_pkt_print: (rx_q[0]): TX 16 RX 40 RDATA 160 TDATA 80[0m
[07:45:18.112] [1;32muart:~$ [m^[[1[12D[J[1;32muart:~$ [m^[[1[12D[J[1;32muart:~$ [m^[[1[12D[J[00:06:05.256,000] [0m<dbg> net_pkt.pkt_alloc_with_buffer: (wifi): On iface 1 (0x3fc9ea10) size 60[0m
[07:45:19.305] [1;32muart:~$ [m^[[1[12D[J[00:06:05.256,000] [0m<dbg> net_pkt.net_pkt_alloc_buffer_with_reserve_debug: (wifi): Data allocation maximum size 60 (requested 60, reserve 0)[0m
[07:45:19.325] [1;32muart:~$ [m^[[1[12D[J[00:06:05.256,000] [0m<dbg> net_pkt.pkt_alloc_buffer: (wifi): RDATA (rx_bufs) [159] frag 0x3c17286c ref 1 (eth_esp32_rx():153)[0m
[07:45:19.340] [1;32muart:~$ [m^[[1[12D[J[00:06:05.256,000] [0m<dbg> net_pkt.net_pkt_write: (wifi): pkt 0x3c173cf0 data 0x3c26f2aa length 60[0m
[07:45:19.355] [1;32muart:~$ [m^[[1[12D[J[00:06:05.257,000] [0m<dbg> net_pkt.net_pkt_unref_debug: (rx_q[0]): RX [39] pkt 0x3c173cf0 ref 0 frags 0x3c17286c (processing_data():157)[0m
[07:45:19.372] [1;32muart:~$ [m^[[1[12D[J[00:06:05.257,000] [0m<dbg> net_pkt.net_pkt_unref_debug: (rx_q[0]): RDATA (rx_bufs) [159] frag 0x3c17286c ref 0 frags 0 (processing_data():157)[0m
[07:45:19.390] [1;32muart:~$ [m^[[1[12D[J[00:06:05.257,000] [0m<dbg> net_pkt.net_pkt_frag_unref_debug: (rx_q[0]): RDATA (rx_bufs) [159] frag 0x3c17286c ref 0 (net_pkt_unref_debug():612)[0m
[07:45:19.405] [1;32muart:~$ [m^[[1[12D[J[00:06:05.257,000] [0m<dbg> net_pkt.net_pkt_print: (rx_q[0]): TX 16 RX 40 RDATA 160 TDATA 80[0m
[07:45:19.421] [1;32muart:~$ [m^[[1[12D[J[1;32muart:~$ [m^[[1[12D[J[1;32muart:~$ [m^[[1[12D[J[1;31m[1;31m--- 40 messages dropped ---
[07:45:19.745] [0m[m[00:06:06.693,000] [0m<dbg> net_pkt.net_pkt_read: (rx_q[0]): pkt 0x3c172ee0 data 0x3fcc36ae length 74[0m
[07:45:19.746] [1;32muart:~$ [m^[[1[12D[J[00:06:06.693,000] [0m<dbg> net_pkt.net_pkt_unref_debug: (rx_q[0]): TX [15] pkt 0x3c172ee0 ref 1 frags 0x3c15d4bc (ethernet_send():800)[0m
[07:45:19.763] [1;32muart:~$ [m^[[1[12D[J[00:06:06.693,000] [0m<dbg> net_pkt.net_pkt_unref_debug: (rx_q[0]): TX [15] pkt 0x3c172ee0 ref 0 frags 0x3c15d4bc (tcp_send():472)[0m
[07:45:19.779] [1;32muart:~$ [m^[[1[12D[J[00:06:06.693,000] [0m<dbg> net_pkt.net_pkt_unref_debug: (rx_q[0]): TDATA (tx_bufs) [78] frag 0x3c15d4bc ref 0 frags 0x3c15d4a0 (tcp_send():472)[0m
[07:45:19.800] [1;32muart:~$ [m^[[1[12D[J[00:06:06.693,000] [0m<dbg> net_pkt.net_pkt_unref_debug: (rx_q[0]): TDATA (tx_bufs) [78] frag 0x3c15d4a0 ref 0 frags 0 (tcp_send():472)[0m
[07:45:19.814] [1;32muart:~$ [m^[[1[12D[J[00:06:06.693,000] [0m<dbg> net_pkt.net_pkt_frag_unref_debug: (rx_q[0]): TDATA (tx_bufs) [78] frag 0x3c15d4bc ref 0 (net_pkt_unref_debug():612)[0m
[07:45:19.831] [1;32muart:~$ [m^[[1[12D[J[00:06:06.693,000] [0m<dbg> net_pkt.net_pkt_frag_unref_debug: (rx_q[0]): TDATA (tx_bufs) [79] frag 0x3c15d4a0 ref 0 (net_pkt_unref_debug():612)[0m
[07:45:19.848] [1;32muart:~$ [m^[[1[12D[J[00:06:06.693,000] [0m<dbg> net_pkt.net_pkt_print: (rx_q[0]): TX 16 RX 39 RDATA 159 TDATA 80[0m
[07:45:19.863] [1;32muart:~$ [m^[[1[12D[J[00:06:06.694,000] [0m<dbg> net_pkt.net_pkt_read: (llss_thread): pkt 0x3c173cf0 data 0x3c246e00 length 5[0m
[07:45:19.880] [1;32muart:~$ [m^[[1[12D[J[00:06:06.695,000] [0m<dbg> net_pkt.net_pkt_read: (llss_thread): pkt 0x3c173cf0 data 0x3c246e05 length 233[0m
[07:45:19.896] [1;32muart:~$ [m^[[1[12D[J[00:06:06.695,000] [0m<dbg> net_pkt.net_pkt_unref_debug: (llss_thread): RX [39] pkt 0x3c173cf0 ref 0 frags 0x3c17286c (zsock_recv_stream_immediate():1423)[0m
[07:45:19.914] [1;32muart:~$ [m^[[1[12D[J[00:06:06.695,000] [0m<dbg> net_pkt.net_pkt_unref_debug: (llss_thread): RDATA (rx_bufs) [159] frag 0x3c17286c ref 0 frags 0 (zsock_recv_stream_immediate():1423)[0m
[07:45:19.931] [1;32muart:~$ [m^[[1[12D[J[00:06:06.695,000] [0m<dbg> net_pkt.net_pkt_frag_unref_debug: (llss_thread): RDATA (rx_bufs) [159] frag 0x3c17286c ref 0 (net_pkt_unref_debug():612)[0m
[07:45:19.947] [1;32muart:~$ [m^[[1[12D[J[1;32muart:~$ [m^[[1[12D[J[1;32muart:~$ [m^[[1[12D[J[00:06:07.304,000] [0m<dbg> net_pkt.pkt_alloc_with_buffer: (wifi): On iface 1 (0x3fc9ea10) size 60[0m
[07:45:21.353] [1;32muart:~$ [m^[[1[12D[J[00:06:07.304,000] [0m<dbg> net_pkt.net_pkt_alloc_buffer_with_reserve_debug: (wifi): Data allocation maximum size 60 (requested 60, reserve 0)[0m
[07:45:21.369] [1;32muart:~$ [m^[[1[12D[J[00:06:07.304,000] [0m<dbg> net_pkt.pkt_alloc_buffer: (wifi): RDATA (rx_bufs) [159] frag 0x3c17286c ref 1 (eth_esp32_rx():153)[0m
[07:45:21.387] [1;32muart:~$ [m^[[1[12D[J[00:06:07.304,000] [0m<dbg> net_pkt.net_pkt_write: (wifi): pkt 0x3c173cf0 data 0x3c26f2aa length 60[0m
[07:45:21.403] [1;32muart:~$ [m^[[1[12D[J[00:06:07.305,000] [0m<dbg> net_pkt.net_pkt_unref_debug: (rx_q[0]): RX [39] pkt 0x3c173cf0 ref 0 frags 0x3c17286c (processing_data():157)[0m
[07:45:21.419] [1;32muart:~$ [m^[[1[12D[J[00:06:07.305,000] [0m<dbg> net_pkt.net_pkt_unref_debug: (rx_q[0]): RDATA (rx_bufs) [159] frag 0x3c17286c ref 0 frags 0 (processing_data():157)[0m
[07:45:21.436] [1;32muart:~$ [m^[[1[12D[J[00:06:07.305,000] [0m<dbg> net_pkt.net_pkt_frag_unref_debug: (rx_q[0]): RDATA (rx_bufs) [159] frag 0x3c17286c ref 0 (net_pkt_unref_debug():612)[0m
[07:45:21.452] [1;32muart:~$ [m^[[1[12D[J[00:06:07.305,000] [0m<dbg> net_pkt.net_pkt_print: (rx_q[0]): TX 16 RX 40 RDATA 160 TDATA 80[0m
[07:45:21.469] [1;32muart:~$ [m^[[1[12D[J[1;32muart:~$ [m^[[1[12D[J[1;32muart:~$ [m^[[1[12D[J[00:06:08.328,000] [0m<dbg> net_pkt.pkt_alloc_with_buffer: (wifi): On iface 1 (0x3fc9ea10) size 60[0m
[07:45:22.377] [1;32muart:~$ [m^[[1[12D[J[00:06:08.328,000] [0m<dbg> net_pkt.net_pkt_alloc_buffer_with_reserve_debug: (wifi): Data allocation maximum size 60 (requested 60, reserve 0)[0m
[07:45:22.394] [1;32muart:~$ [m^[[1[12D[J[00:06:08.328,000] [0m<dbg> net_pkt.pkt_alloc_buffer: (wifi): RDATA (rx_bufs) [159] frag 0x3c17286c ref 1 (eth_esp32_rx():153)[0m
[07:45:22.411] [1;32muart:~$ [m^[[1[12D[J[00:06:08.328,000] [0m<dbg> net_pkt.net_pkt_write: (wifi): pkt 0x3c173cf0 data 0x3c26f2aa length 60[0m
[07:45:22.427] [1;32muart:~$ [m^[[1[12D[J[00:06:08.329,000] [0m<dbg> net_pkt.net_pkt_unref_debug: (rx_q[0]): RX [39] pkt 0x3c173cf0 ref 0 frags 0x3c17286c (processing_data():157)[0m
[07:45:22.444] [1;32muart:~$ [m^[[1[12D[J[00:06:08.329,000] [0m<dbg> net_pkt.net_pkt_unref_debug: (rx_q[0]): RDATA (rx_bufs) [159] frag 0x3c17286c ref 0 frags 0 (processing_data():157)[0m
[07:45:22.460] [1;32muart:~$ [m^[[1[12D[J[00:06:08.329,000] [0m<dbg> net_pkt.net_pkt_frag_unref_debug: (rx_q[0]): RDATA (rx_bufs) [159] frag 0x3c17286c ref 0 (net_pkt_unref_debug():612)[0m
[07:45:22.477] [1;32muart:~$ [m^[[1[12D[J[1;31m[1;31m--- 21 messages dropped ---
[07:45:22.494] [0m[m[00:06:08.329,000] [0m<dbg> net_pkt.net_pkt_print: (rx_q[0]): TX 16 RX 40 RDATA 160 TDATA 80[0m
[07:45:22.496] [1;32muart:~$ [m^[[1[12D[J[1;31m[1;31m--- 6 messages dropped ---
[07:45:22.510] [0m[m[00:06:09.441,000] [0m<dbg> net_pkt.net_pkt_write: (sysworkq): pkt 0x3c172ee0 data 0x3c1534a0 length 40[0m
[07:45:22.512] [1;32muart:~$ [m^[[1[12D[J[00:06:09.441,000] [0m<dbg> net_pkt.net_pkt_skip: (sysworkq): pkt 0x3c172ee0 skip 40[0m
[07:45:22.530] [1;32muart:~$ [m^[[1[12D[J[00:06:09.441,000] [0m<dbg> net_pkt.net_pkt_skip: (sysworkq): pkt 0x3c172ee0 skip 8[0m
[07:45:22.544] [1;32muart:~$ [m^[[1[12D[J[00:06:09.441,000] [0m<dbg> net_pkt.net_pkt_skip: (sysworkq): pkt 0x3c172ee0 skip 32[0m
[07:45:22.561] [1;32muart:~$ [m^[[1[12D[J[00:06:09.441,000] [0m<dbg> net_pkt.net_pkt_write: (sysworkq): pkt 0x3c172ee0 data 0x3c1534c8 length 4[0m
[07:45:22.577] [1;32muart:~$ [m^[[1[12D[J[00:06:09.441,000] [0m<dbg> net_pkt.net_pkt_skip: (sysworkq): pkt 0x3c172ee0 skip 4[0m
[07:45:22.593] [1;32muart:~$ [m^[[1[12D[J[00:06:09.441,000] [0m<dbg> net_pkt.net_pkt_get_reserve_data_debug: (sysworkq): TDATA (tx_bufs) [78] frag 0x3c15d4bc ref 1 (ethernet_fill_header():610)[0m
[07:45:22.611] [1;32muart:~$ [m^[[1[12D[J[00:06:09.442,000] [0m<dbg> net_pkt.net_pkt_frag_unref_debug: (sysworkq): TDATA (tx_bufs) [79] frag 0x3c15d4a0 ref 0 (net_pkt_unref_debug():612)[0m
[07:45:22.627] [1;32muart:~$ [m^[[1[12D[J[00:06:09.445,000] [0m<dbg> net_pkt.pkt_alloc_with_buffer: (wifi): On iface 1 (0x3fc9ea10) size 78[0m
[07:45:22.644] [1;32muart:~$ [m^[[1[12D[J[00:06:09.445,000] [0m<dbg> net_pkt.net_pkt_alloc_buffer_with_reserve_debug: (wifi): Data allocation maximum size 78 (requested 78, reserve 0)[0m
[07:45:22.661] [1;32muart:~$ [m^[[1[12D[J[00:06:09.445,000] [0m<dbg> net_pkt.pkt_alloc_buffer: (wifi): RDATA (rx_bufs) [159] frag 0x3c17286c ref 1 (eth_esp32_rx():153)[0m
[07:45:22.677] [1;32muart:~$ [m^[[1[12D[J[00:06:09.445,000] [0m<dbg> net_pkt.net_pkt_write: (wifi): pkt 0x3c173cf0 data 0x3c26f2ac length 78[0m
[07:45:22.693] [1;32muart:~$ [m^[[1[12D[J[00:06:09.445,000] [0m<dbg> net_pkt.net_pkt_skip: (rx_q[0]): pkt 0x3c173cf0 skip 40[0m
[07:45:22.711] [1;32muart:~$ [m^[[1[12D[J[00:06:09.445,000] [0m<dbg> net_pkt.net_pkt_skip: (rx_q[0]): pkt 0x3c173cf0 skip 8[0m
[07:45:22.726] [1;32muart:~$ [m^[[1[12D[J[00:06:09.445,000] [0m<dbg> net_pkt.net_pkt_skip: (rx_q[0]): pkt 0x3c173cf0 skip 32[0m
[07:45:22.741] [1;32muart:~$ [m^[[1[12D[J[00:06:09.445,000] [0m<dbg> net_pkt.net_pkt_skip: (rx_q[0]): pkt 0x3c173cf0 skip 4[0m
[07:45:22.757] [1;32muart:~$ [m^[[1[12D[J[00:06:09.446,000] [0m<dbg> net_pkt.net_pkt_unref_debug: (rx_q[0]): RX [39] pkt 0x3c173cf0 ref 0 frags 0x3c17286c (processing_data():157)[0m
[07:45:22.773] [1;32muart:~$ [m^[[1[12D[J[00:06:09.446,000] [0m<dbg> net_pkt.net_pkt_unref_debug: (rx_q[0]): RDATA (rx_bufs) [159] frag 0x3c17286c ref 0 frags 0 (processing_data():157)[0m
[07:45:22.790] [1;32muart:~$ [m^[[1[12D[J[00:06:09.446,000] [0m<dbg> net_pkt.net_pkt_frag_unref_debug: (rx_q[0]): RDATA (rx_bufs) [159] frag 0x3c17286c ref 0 (net_pkt_unref_debug():612)[0m
[07:45:22.808] [1;32muart:~$ [m^[[1[12D[J[00:06:09.446,000] [0m<dbg> net_pkt.net_pkt_print: (rx_q[0]): TX 16 RX 40 RDATA 160 TDATA 80[0m
[07:45:22.824] [1;32muart:~$ [m^[[1[12D[J[1;32muart:~$ [m^[[1[12D[J[1;32muart:~$ [m^[[1[12D[J[1;31m[1;31m--- 22 messages dropped ---
[07:45:23.495] [0m[m[00:06:10.443,000] [0m<dbg> net_pkt.net_pkt_skip: (sysworkq): pkt 0x3c172ee0 skip 40[0m
[07:45:23.496] [1;32muart:~$ [m^[[1[12D[J[1;31m[1;31m--- 4 messages dropped ---
[07:45:23.513] [0m[m[00:06:10.443,000] [0m<dbg> net_pkt.net_pkt_skip: (sysworkq): pkt 0x3c172ee0 skip 8[0m
[07:45:23.513] [1;32muart:~$ [m^[[1[12D[J[00:06:10.443,000] [0m<dbg> net_pkt.net_pkt_skip: (sysworkq): pkt 0x3c172ee0 skip 32[0m
[07:45:23.528] [1;32muart:~$ [m^[[1[12D[J[00:06:10.443,000] [0m<dbg> net_pkt.net_pkt_write: (sysworkq): pkt 0x3c172ee0 data 0x3c1534c8 length 4[0m
[07:45:23.545] [1;32muart:~$ [m^[[1[12D[J[00:06:10.443,000] [0m<dbg> net_pkt.net_pkt_skip: (sysworkq): pkt 0x3c172ee0 skip 4[0m
[07:45:23.561] [1;32muart:~$ [m^[[1[12D[J[00:06:10.443,000] [0m<dbg> net_pkt.net_pkt_get_reserve_data_debug: (sysworkq): TDATA (tx_bufs) [78] frag 0x3c15d4bc ref 1 (ethernet_fill_header():610)[0m
[07:45:23.578] [1;32muart:~$ [m^[[1[12D[J[00:06:10.443,000] [0m<dbg> net_pkt.net_pkt_frag_insert_debug: (sysworkq): pkt 0x3c172ee0 frag 0x3c15d4bc (ethernet_fill_header:669)[0m
[07:45:23.594] [1;32muart:~$ [m^[[1[12D[J[00:06:10.443,000] [0m<dbg> net_pkt.net_pkt_read: (sysworkq): pkt 0x3c172ee0 data 0x3fcc36ae length 86[0m
[07:45:23.610] [1;32muart:~$ [m^[[1[12D[J[00:06:10.443,000] [0m<dbg> net_pkt.net_pkt_frag_unref_debug: (sysworkq): TDATA (tx_bufs) [79] frag 0x3c15d4a0 ref 0 (net_pkt_unref_debug():612)[0m
[07:45:23.628] [1;32muart:~$ [m^[[1[12D[J[00:06:10.446,000] [0m<dbg> net_pkt.pkt_alloc_with_buffer: (wifi): On iface 1 (0x3fc9ea10) size 78[0m
[07:45:23.644] [1;32muart:~$ [m^[[1[12D[J[00:06:10.446,000] [0m<dbg> net_pkt.net_pkt_alloc_buffer_with_reserve_debug: (wifi): Data allocation maximum size 78 (requested 78, reserve 0)[0m
[07:45:23.661] [1;32muart:~$ [m^[[1[12D[J[00:06:10.446,000] [0m<dbg> net_pkt.pkt_alloc_buffer: (wifi): RDATA (rx_bufs) [159] frag 0x3c17286c ref 1 (eth_esp32_rx():153)[0m
[07:45:23.677] [1;32muart:~$ [m^[[1[12D[J[00:06:10.446,000] [0m<dbg> net_pkt.net_pkt_write: (wifi): pkt 0x3c173cf0 data 0x3c26f2ac length 78[0m
[07:45:23.693] [1;32muart:~$ [m^[[1[12D[J[00:06:10.446,000] [0m<dbg> net_pkt.net_pkt_skip: (rx_q[0]): pkt 0x3c173cf0 skip 40[0m
[07:45:23.710] [1;32muart:~$ [m^[[1[12D[J[00:06:10.446,000] [0m<dbg> net_pkt.net_pkt_skip: (rx_q[0]): pkt 0x3c173cf0 skip 8[0m
[07:45:23.726] [1;32muart:~$ [m^[[1[12D[J[00:06:10.446,000] [0m<dbg> net_pkt.net_pkt_skip: (rx_q[0]): pkt 0x3c173cf0 skip 32[0m
[07:45:23.742] [1;32muart:~$ [m^[[1[12D[J[00:06:10.447,000] [0m<dbg> net_pkt.net_pkt_skip: (rx_q[0]): pkt 0x3c173cf0 skip 4[0m
[07:45:23.758] [1;32muart:~$ [m^[[1[12D[J[00:06:10.447,000] [0m<dbg> net_pkt.net_pkt_unref_debug: (rx_q[0]): RX [39] pkt 0x3c173cf0 ref 0 frags 0x3c17286c (processing_data():157)[0m
[07:45:23.774] [1;32muart:~$ [m^[[1[12D[J[00:06:10.447,000] [0m<dbg> net_pkt.net_pkt_unref_debug: (rx_q[0]): RDATA (rx_bufs) [159] frag 0x3c17286c ref 0 frags 0 (processing_data():157)[0m
[07:45:23.791] [1;32muart:~$ [m^[[1[12D[J[00:06:10.447,000] [0m<dbg> net_pkt.net_pkt_frag_unref_debug: (rx_q[0]): RDATA (rx_bufs) [159] frag 0x3c17286c ref 0 (net_pkt_unref_debug():612)[0m
[07:45:23.807] [1;32muart:~$ [m^[[1[12D[J[00:06:10.447,000] [0m<dbg> net_pkt.net_pkt_print: (rx_q[0]): TX 16 RX 40 RDATA 160 TDATA 80[0m
[07:45:23.823] [1;32muart:~$ [m^[[1[12D[J[1;32muart:~$ [m^[[1[12D[J[1;32muart:~$ [m^[[1[12D[J[1;31m[1;31m--- 22 messages dropped ---
[07:45:24.497] [0m[m[00:06:11.444,000] [0m<dbg> net_pkt.net_pkt_skip: (sysworkq): pkt 0x3c172ee0 skip 40[0m
[07:45:24.497] [1;32muart:~$ [m^[[1[12D[J[1;31m[1;31m--- 4 messages dropped ---
[07:45:24.518] [0m[m[00:06:11.444,000] [0m<dbg> net_pkt.net_pkt_skip: (sysworkq): pkt 0x3c172ee0 skip 8[0m
[07:45:24.518] [1;32muart:~$ [m^[[1[12D[J[00:06:11.444,000] [0m<dbg> net_pkt.net_pkt_skip: (sysworkq): pkt 0x3c172ee0 skip 32[0m
[07:45:24.530] [1;32muart:~$ [m^[[1[12D[J[00:06:11.444,000] [0m<dbg> net_pkt.net_pkt_write: (sysworkq): pkt 0x3c172ee0 data 0x3c1534c8 length 4[0m
[07:45:24.547] [1;32muart:~$ [m^[[1[12D[J[00:06:11.444,000] [0m<dbg> net_pkt.net_pkt_skip: (sysworkq): pkt 0x3c172ee0 skip 4[0m
[07:45:24.563] [1;32muart:~$ [m^[[1[12D[J[00:06:11.445,000] [0m<dbg> net_pkt.net_pkt_get_reserve_data_debug: (sysworkq): TDATA (tx_bufs) [78] frag 0x3c15d4bc ref 1 (ethernet_fill_header():610)[0m
[07:45:24.580] [1;32muart:~$ [m^[[1[12D[J[00:06:11.445,000] [0m<dbg> net_pkt.net_pkt_frag_insert_debug: (sysworkq): pkt 0x3c172ee0 frag 0x3c15d4bc (ethernet_fill_header:669)[0m
[07:45:24.597] [1;32muart:~$ [m^[[1[12D[J[00:06:11.445,000] [0m<dbg> net_pkt.net_pkt_read: (sysworkq): pkt 0x3c172ee0 data 0x3fcc36ae length 86[0m
[07:45:24.613] [1;32muart:~$ [m^[[1[12D[J[00:06:11.445,000] [0m<dbg> net_pkt.net_pkt_frag_unref_debug: (sysworkq): TDATA (tx_bufs) [79] frag 0x3c15d4a0 ref 0 (net_pkt_unref_debug():612)[0m
[07:45:24.629] [1;32muart:~$ [m^[[1[12D[J[00:06:11.448,000] [0m<dbg> net_pkt.pkt_alloc_with_buffer: (wifi): On iface 1 (0x3fc9ea10) size 78[0m
[07:45:24.645] [1;32muart:~$ [m^[[1[12D[J[00:06:11.448,000] [0m<dbg> net_pkt.net_pkt_alloc_buffer_with_reserve_debug: (wifi): Data allocation maximum size 78 (requested 78, reserve 0)[0m
[07:45:24.662] [1;32muart:~$ [m^[[1[12D[J[00:06:11.448,000] [0m<dbg> net_pkt.pkt_alloc_buffer: (wifi): RDATA (rx_bufs) [159] frag 0x3c17286c ref 1 (eth_esp32_rx():153)[0m
[07:45:24.679] [1;32muart:~$ [m^[[1[12D[J[00:06:11.448,000] [0m<dbg> net_pkt.net_pkt_write: (wifi): pkt 0x3c173cf0 data 0x3c26f2ac length 78[0m
[07:45:24.695] [1;32muart:~$ [m^[[1[12D[J[00:06:11.448,000] [0m<dbg> net_pkt.net_pkt_skip: (rx_q[0]): pkt 0x3c173cf0 skip 40[0m
[07:45:24.711] [1;32muart:~$ [m^[[1[12D[J[00:06:11.448,000] [0m<dbg> net_pkt.net_pkt_skip: (rx_q[0]): pkt 0x3c173cf0 skip 8[0m
[07:45:24.728] [1;32muart:~$ [m^[[1[12D[J[00:06:11.448,000] [0m<dbg> net_pkt.net_pkt_skip: (rx_q[0]): pkt 0x3c173cf0 skip 32[0m
[07:45:24.743] [1;32muart:~$ [m^[[1[12D[J[1;31m[1;31m--- 69 messages dropped ---
[07:45:24.760] [0m[m[00:06:11.448,000] [0m<dbg> net_pkt.net_pkt_skip: (rx_q[0]): pkt 0x3c173cf0 skip 4[0m
[07:45:24.760] [1;32muart:~$ [m^[[1[12D[J[1;31m[1;31m--- 15 messages dropped ---
[07:45:24.777] [0m[m[00:06:11.448,000] [0m<dbg> net_pkt.net_pkt_unref_debug: (rx_q[0]): RX [39] pkt 0x3c173cf0 ref 0 frags 0x3c17286c (processing_data():157)[0m
[07:45:24.778] [1;32muart:~$ [m^[[1[12D[J[00:06:11.448,000] [0m<dbg> net_pkt.net_pkt_unref_debug: (rx_q[0]): RDATA (rx_bufs) [159] frag 0x3c17286c ref 0 frags 0 (processing_data():157)[0m
[07:45:24.794] [1;32muart:~$ [m^[[1[12D[J[00:06:11.448,000] [0m<dbg> net_pkt.net_pkt_frag_unref_debug: (rx_q[0]): RDATA (rx_bufs) [159] frag 0x3c17286c ref 0 (net_pkt_unref_debug():612)[0m
[07:45:24.813] [1;32muart:~$ [m^[[1[12D[J[00:06:11.448,000] [0m<dbg> net_pkt.net_pkt_print: (rx_q[0]): TX 16 RX 40 RDATA 160 TDATA 80[0m
[07:45:24.828] [1;32muart:~$ [m^[[1[12D[J[00:06:11.706,000] [0m<dbg> net_pkt.net_pkt_unref_debug: (rx_q[0]): TX [14] pkt 0x3c172f28 ref 1 frags 0x3c15d4f4 (ethernet_send():800)[0m
[07:45:24.845] [1;32muart:~$ [m^[[1[12D[J[00:06:11.706,000] [0m<dbg> net_pkt.net_pkt_unref_debug: (rx_q[0]): TX [14] pkt 0x3c172f28 ref 0 frags 0x3c15d4f4 (tcp_send():472)[0m
[07:45:24.861] [1;32muart:~$ [m^[[1[12D[J[00:06:11.710,000] [0m<dbg> net_pkt.net_pkt_write: (wifi): pkt 0x3c173cf0 data 0x3c26f2ac length 74[0m
[07:45:24.877] [1;32muart:~$ [m^[[1[12D[J[00:06:11.710,000] [0m<dbg> net_pkt.net_pkt_skip: (rx_q[0]): pkt 0x3c173cf0 skip 40[0m
[07:45:24.894] [1;32muart:~$ [m^[[1[12D[J[00:06:11.710,000] [0m<dbg> net_pkt.net_pkt_skip: (rx_q[0]): pkt 0x3c173cf0 skip 8[0m
[07:45:24.910] [1;32muart:~$ [m^[[1[12D[J[00:06:11.710,000] [0m<dbg> net_pkt.net_pkt_skip: (rx_q[0]): pkt 0x3c173cf0 skip 32[0m
[07:45:24.926] [1;32muart:~$ [m^[[1[12D[J[00:06:11.710,000] [0m<dbg> net_pkt.net_pkt_write: (rx_q[0]): pkt 0x3c173cf0 data 0x3c16a796 length 20[0m
[07:45:24.942] [1;32muart:~$ [m^[[1[12D[J[00:06:11.710,000] [0m<dbg> net_pkt.net_pkt_skip: (rx_q[0]): pkt 0x3c173cf0 skip 20[0m
[07:45:24.958] [1;32muart:~$ [m^[[1[12D[J[00:06:11.710,000] [0m<dbg> net_pkt.net_pkt_skip: (rx_q[0]): pkt 0x3c173cf0 skip 40[0m
[07:45:24.974] [1;32muart:~$ [m^[[1[12D[J[00:06:11.711,000] [0m<dbg> net_pkt.net_pkt_skip: (rx_q[0]): pkt 0x3c173cf0 skip 40[0m
[07:45:24.990] [1;32muart:~$ [m^[[1[12D[J[00:06:11.711,000] [0m<dbg> net_pkt.net_pkt_skip: (rx_q[0]): pkt 0x3c173cf0 skip 40[0m
[07:45:25.006] [1;32muart:~$ [m^[[1[12D[J[00:06:11.711,000] [0m<dbg> net_pkt.net_pkt_skip: (rx_q[0]): pkt 0x3c173cf0 skip 40[0m
[07:45:25.022] [1;32muart:~$ [m^[[1[12D[J[00:06:11.711,000] [0m<dbg> net_pkt.net_pkt_skip: (rx_q[0]): pkt 0x3c173cf0 skip 40[0m
[07:45:25.038] [1;32muart:~$ [m^[[1[12D[J[00:06:11.711,000] [0m<dbg> net_pkt.net_pkt_unref_debug: (rx_q[0]): RX [39] pkt 0x3c173cf0 ref 0 frags 0x3c17286c (tcp_in():3635)[0m
[07:45:25.055] [1;32muart:~$ [m^[[1[12D[J[00:06:11.711,000] [0m<dbg> net_pkt.net_pkt_frag_unref_debug: (rx_q[0]): RDATA (rx_bufs) [159] frag 0x3c17286c ref 0 (net_pkt_unref_debug():612)[0m
[07:45:25.072] [1;32muart:~$ [m^[[1[12D[J[00:06:11.711,000] [0m<dbg> net_pkt.net_pkt_print: (rx_q[0]): TX 16 RX 40 RDATA 160 TDATA 80[0m
[07:45:25.088] [1;32muart:~$ [m^[[1[12D[J[1;32muart:~$ [m^[[1[12D[J[1;32muart:~$ [m^[[1[12D[J[00:06:12.219,000] [0m<dbg> net_pkt.pkt_alloc_with_buffer: (wifi): On iface 1 (0x3fc9ea10) size 60[0m
[07:45:26.268] [1;32muart:~$ [m^[[1[12D[J[00:06:12.219,000] [0m<dbg> net_pkt.net_pkt_alloc_buffer_with_reserve_debug: (wifi): Data allocation maximum size 60 (requested 60, reserve 0)[0m
[07:45:26.285] [1;32muart:~$ [m^[[1[12D[J[00:06:12.219,000] [0m<dbg> net_pkt.pkt_alloc_buffer: (wifi): RDATA (rx_bufs) [159] frag 0x3c17286c ref 1 (eth_esp32_rx():153)[0m
[07:45:26.302] [1;32muart:~$ [m^[[1[12D[J[00:06:12.219,000] [0m<dbg> net_pkt.net_pkt_write: (wifi): pkt 0x3c173cf0 data 0x3c26f2aa length 60[0m
[07:45:26.318] [1;32muart:~$ [m^[[1[12D[J[00:06:12.220,000] [0m<dbg> net_pkt.net_pkt_unref_debug: (rx_q[0]): RX [39] pkt 0x3c173cf0 ref 0 frags 0x3c17286c (processing_data():157)[0m
[07:45:26.334] [1;32muart:~$ [m^[[1[12D[J[00:06:12.220,000] [0m<dbg> net_pkt.net_pkt_unref_debug: (rx_q[0]): RDATA (rx_bufs) [159] frag 0x3c17286c ref 0 frags 0 (processing_data():157)[0m
[07:45:26.351] [1;32muart:~$ [m^[[1[12D[J[00:06:12.220,000] [0m<dbg> net_pkt.net_pkt_frag_unref_debug: (rx_q[0]): RDATA (rx_bufs) [159] frag 0x3c17286c ref 0 (net_pkt_unref_debug():612)[0m
[07:45:26.368] [1;32muart:~$ [m^[[1[12D[J[00:06:12.220,000] [0m<dbg> net_pkt.net_pkt_print: (rx_q[0]): TX 16 RX 40 RDATA 160 TDATA 80[0m
[07:45:26.384] [1;32muart:~$ [m^[[1[12D[J[1;32muart:~$ [m^[[1[12D[J[1;32muart:~$ [m^[[1[12D[J[1;31m[1;31m--- 40 messages dropped ---
[07:45:26.709] [0m[m[00:06:13.656,000] [0m<dbg> net_pkt.net_pkt_read: (rx_q[0]): pkt 0x3c172ee0 data 0x3fcc36ae length 74[0m
[07:45:26.710] [1;32muart:~$ [m^[[1[12D[J[00:06:13.656,000] [0m<dbg> net_pkt.net_pkt_unref_debug: (rx_q[0]): TX [15] pkt 0x3c172ee0 ref 1 frags 0x3c15d4bc (ethernet_send():800)[0m
[07:45:26.727] [1;32muart:~$ [m^[[1[12D[J[00:06:13.656,000] [0m<dbg> net_pkt.net_pkt_unref_debug: (rx_q[0]): TX [15] pkt 0x3c172ee0 ref 0 frags 0x3c15d4bc (tcp_send():472)[0m
[07:45:26.743] [1;32muart:~$ [m^[[1[12D[J[00:06:13.656,000] [0m<dbg> net_pkt.net_pkt_unref_debug: (rx_q[0]): TDATA (tx_bufs) [78] frag 0x3c15d4bc ref 0 frags 0x3c15d4a0 (tcp_send():472)[0m
[07:45:26.760] [1;32muart:~$ [m^[[1[12D[J[00:06:13.656,000] [0m<dbg> net_pkt.net_pkt_unref_debug: (rx_q[0]): TDATA (tx_bufs) [78] frag 0x3c15d4a0 ref 0 frags 0 (tcp_send():472)[0m
[07:45:26.777] [1;32muart:~$ [m^[[1[12D[J[00:06:13.656,000] [0m<dbg> net_pkt.net_pkt_frag_unref_debug: (rx_q[0]): TDATA (tx_bufs) [78] frag 0x3c15d4bc ref 0 (net_pkt_unref_debug():612)[0m
[07:45:26.794] [1;32muart:~$ [m^[[1[12D[J[00:06:13.656,000] [0m<dbg> net_pkt.net_pkt_frag_unref_debug: (rx_q[0]): TDATA (tx_bufs) [79] frag 0x3c15d4a0 ref 0 (net_pkt_unref_debug():612)[0m
[07:45:26.811] [1;32muart:~$ [m^[[1[12D[J[00:06:13.657,000] [0m<dbg> net_pkt.net_pkt_print: (rx_q[0]): TX 16 RX 39 RDATA 159 TDATA 80[0m
[07:45:26.827] [1;32muart:~$ [m^[[1[12D[J[00:06:13.658,000] [0m<dbg> net_pkt.net_pkt_read: (llss_thread): pkt 0x3c173cf0 data 0x3c246e00 length 5[0m
[07:45:26.844] [1;32muart:~$ [m^[[1[12D[J[00:06:13.658,000] [0m<dbg> net_pkt.net_pkt_read: (llss_thread): pkt 0x3c173cf0 data 0x3c246e05 length 233[0m
[07:45:26.860] [1;32muart:~$ [m^[[1[12D[J[00:06:13.658,000] [0m<dbg> net_pkt.net_pkt_unref_debug: (llss_thread): RX [39] pkt 0x3c173cf0 ref 0 frags 0x3c17286c (zsock_recv_stream_immediate():1423)[0m
[07:45:26.877] [1;32muart:~$ [m^[[1[12D[J[00:06:13.658,000] [0m<dbg> net_pkt.net_pkt_unref_debug: (llss_thread): RDATA (rx_bufs) [159] frag 0x3c17286c ref 0 frags 0 (zsock_recv_stream_immediate():1423)[0m
[07:45:26.894] [1;32muart:~$ [m^[[1[12D[J[00:06:13.658,000] [0m<dbg> net_pkt.net_pkt_frag_unref_debug: (llss_thread): RDATA (rx_bufs) [159] frag 0x3c17286c ref 0 (net_pkt_unref_debug():612)[0m
[07:45:26.911] [1;32muart:~$ [m^[[1[12D[J[1;32muart:~$ [m^[[1[12D[J[1;32muart:~$ [m^[[1[12D[J[00:06:14.268,000] [0m<dbg> net_pkt.pkt_alloc_with_buffer: (wifi): On iface 1 (0x3fc9ea10) size 60[0m
[07:45:28.317] [1;32muart:~$ [m^[[1[12D[J[00:06:14.268,000] [0m<dbg> net_pkt.net_pkt_alloc_buffer_with_reserve_debug: (wifi): Data allocation maximum size 60 (requested 60, reserve 0)[0m
[07:45:28.335] [1;32muart:~$ [m^[[1[12D[J[00:06:14.268,000] [0m<dbg> net_pkt.pkt_alloc_buffer: (wifi): RDATA (rx_bufs) [159] frag 0x3c17286c ref 1 (eth_esp32_rx():153)[0m
[07:45:28.351] [1;32muart:~$ [m^[[1[12D[J[00:06:14.268,000] [0m<dbg> net_pkt.net_pkt_write: (wifi): pkt 0x3c173cf0 data 0x3c26f2aa length 60[0m
[07:45:28.368] [1;32muart:~$ [m^[[1[12D[J[00:06:14.269,000] [0m<dbg> net_pkt.net_pkt_unref_debug: (rx_q[0]): RX [39] pkt 0x3c173cf0 ref 0 frags 0x3c17286c (processing_data():157)[0m
[07:45:28.385] [1;32muart:~$ [m^[[1[12D[J[00:06:14.269,000] [0m<dbg> net_pkt.net_pkt_unref_debug: (rx_q[0]): RDATA (rx_bufs) [159] frag 0x3c17286c ref 0 frags 0 (processing_data():157)[0m
[07:45:28.402] [1;32muart:~$ [m^[[1[12D[J[00:06:14.269,000] [0m<dbg> net_pkt.net_pkt_frag_unref_debug: (rx_q[0]): RDATA (rx_bufs) [159] frag 0x3c17286c ref 0 (net_pkt_unref_debug():612)[0m
[07:45:28.418] [1;32muart:~$ [m^[[1[12D[J[00:06:14.269,000] [0m<dbg> net_pkt.net_pkt_print: (rx_q[0]): TX 16 RX 40 RDATA 160 TDATA 80[0m
[07:45:28.437] [1;32muart:~$ [m^[[1[12D[J[1;32muart:~$ [m^[[1[12D[J[1;32muart:~$ [m^[[1[12D[J[1;31m[1;31m--- 3 messages dropped ---
[07:45:29.159] [0m[m[00:06:15.291,000] [0m<dbg> net_pkt.net_pkt_write: (wifi): pkt 0x3c173cf0 data 0x3c26f2aa length 60[0m
[07:45:29.160] [1;32muart:~$ [m^[[1[12D[J[00:06:15.292,000] [0m<dbg> net_pkt.net_pkt_unref_debug: (rx_q[0]): RX [39] pkt 0x3c173cf0 ref 0 frags 0x3c17286c (processing_data():157)[0m
[07:45:29.178] [1;32muart:~$ [m^[[1[12D[J[00:06:15.292,000] [0m<dbg> net_pkt.net_pkt_unref_debug: (rx_q[0]): RDATA (rx_bufs) [159] frag 0x3c17286c ref 0 frags 0 (processing_data():157)[0m
[07:45:29.193] [1;32muart:~$ [m^[[1[12D[J[00:06:15.292,000] [0m<dbg> net_pkt.net_pkt_frag_unref_debug: (rx_q[0]): RDATA (rx_bufs) [159] frag 0x3c17286c ref 0 (net_pkt_unref_debug():612)[0m
[07:45:29.210] [1;32muart:~$ [m^[[1[12D[J[00:06:15.292,000] [0m<dbg> net_pkt.net_pkt_print: (rx_q[0]): TX 16 RX 40 RDATA 160 TDATA 80[0m
[07:45:29.226] [1;32muart:~$ [m^[[1[12D[J[00:06:16.110,000] [0m<dbg> net_pkt.pkt_alloc_with_buffer: (wifi): On iface 1 (0x3fc9ea10) size 60[0m
[07:45:29.243] [1;32muart:~$ [m^[[1[12D[J[00:06:16.110,000] [0m<dbg> net_pkt.net_pkt_alloc_buffer_with_reserve_debug: (wifi): Data allocation maximum size 60 (requested 60, reserve 0)[0m
[07:45:29.259] [1;32muart:~$ [m^[[1[12D[J[00:06:16.111,000] [0m<dbg> net_pkt.pkt_alloc_buffer: (wifi): RDATA (rx_bufs) [159] frag 0x3c17286c ref 1 (eth_esp32_rx():153)[0m
[07:45:29.276] [1;32muart:~$ [m^[[1[12D[J[00:06:16.111,000] [0m<dbg> net_pkt.net_pkt_write: (wifi): pkt 0x3c173cf0 data 0x3c26f2aa length 60[0m
[07:45:29.292] [1;32muart:~$ [m^[[1[12D[J[00:06:16.111,000] [0m<dbg> net_pkt.net_pkt_unref_debug: (rx_q[0]): RX [39] pkt 0x3c173cf0 ref 0 frags 0x3c17286c (processing_data():157)[0m
[07:45:29.309] [1;32muart:~$ [m^[[1[12D[J[00:06:16.111,000] [0m<dbg> net_pkt.net_pkt_unref_debug: (rx_q[0]): RDATA (rx_bufs) [159] frag 0x3c17286c ref 0 frags 0 (processing_data():157)[0m
[07:45:29.325] [1;32muart:~$ [m^[[1[12D[J[00:06:16.111,000] [0m<dbg> net_pkt.net_pkt_frag_unref_debug: (rx_q[0]): RDATA (rx_bufs) [159] frag 0x3c17286c ref 0 (net_pkt_unref_debug():612)[0m
[07:45:29.342] [1;32muart:~$ [m^[[1[12D[J[00:06:16.111,000] [0m<dbg> net_pkt.net_pkt_print: (rx_q[0]): TX 16 RX 40 RDATA 160 TDATA 80[0m
[07:45:29.359] [1;32muart:~$ [m^[[1[12D[J[1;32muart:~$ [m^[[1[12D[J[1;32muart:~$ [m^[[1[12D[J[1;31m[1;31m--- 3 messages dropped ---
[07:45:31.208] [0m[m[00:06:17.339,000] [0m<dbg> net_pkt.net_pkt_write: (wifi): pkt 0x3c173cf0 data 0x3c26f2aa length 60[0m
[07:45:31.211] [1;32muart:~$ [m^[[1[12D[J[00:06:17.340,000] [0m<dbg> net_pkt.net_pkt_unref_debug: (rx_q[0]): RX [39] pkt 0x3c173cf0 ref 0 frags 0x3c17286c (processing_data():157)[0m
[07:45:31.228] [1;32muart:~$ [m^[[1[12D[J[00:06:17.340,000] [0m<dbg> net_pkt.net_pkt_unref_debug: (rx_q[0]): RDATA (rx_bufs) [159] frag 0x3c17286c ref 0 frags 0 (processing_data():157)[0m
[07:45:31.242] [1;32muart:~$ [m^[[1[12D[J[00:06:17.340,000] [0m<dbg> net_pkt.net_pkt_frag_unref_debug: (rx_q[0]): RDATA (rx_bufs) [159] frag 0x3c17286c ref 0 (net_pkt_unref_debug():612)[0m
[07:45:31.259] [1;32muart:~$ [m^[[1[12D[J[00:06:17.340,000] [0m<dbg> net_pkt.net_pkt_print: (rx_q[0]): TX 16 RX 40 RDATA 160 TDATA 80[0m
[07:45:31.275] [1;32muart:~$ [m^[[1[12D[J[00:06:18.158,000] [0m<dbg> net_pkt.pkt_alloc_with_buffer: (wifi): On iface 1 (0x3fc9ea10) size 60[0m
[07:45:31.291] [1;32muart:~$ [m^[[1[12D[J[00:06:18.158,000] [0m<dbg> net_pkt.net_pkt_alloc_buffer_with_reserve_debug: (wifi): Data allocation maximum size 60 (requested 60, reserve 0)[0m
[07:45:31.308] [1;32muart:~$ [m^[[1[12D[J[00:06:18.159,000] [0m<dbg> net_pkt.pkt_alloc_buffer: (wifi): RDATA (rx_bufs) [159] frag 0x3c17286c ref 1 (eth_esp32_rx():153)[0m
[07:45:31.325] [1;32muart:~$ [m^[[1[12D[J[00:06:18.159,000] [0m<dbg> net_pkt.net_pkt_write: (wifi): pkt 0x3c173cf0 data 0x3c26f2aa length 60[0m
[07:45:31.341] [1;32muart:~$ [m^[[1[12D[J[00:06:18.159,000] [0m<dbg> net_pkt.net_pkt_unref_debug: (rx_q[0]): RX [39] pkt 0x3c173cf0 ref 0 frags 0x3c17286c (processing_data():157)[0m
[07:45:31.357] [1;32muart:~$ [m^[[1[12D[J[00:06:18.159,000] [0m<dbg> net_pkt.net_pkt_unref_debug: (rx_q[0]): RDATA (rx_bufs) [159] frag 0x3c17286c ref 0 frags 0 (processing_data():157)[0m
[07:45:31.374] [1;32muart:~$ [m^[[1[12D[J[00:06:18.159,000] [0m<dbg> net_pkt.net_pkt_frag_unref_debug: (rx_q[0]): RDATA (rx_bufs) [159] frag 0x3c17286c ref 0 (net_pkt_unref_debug():612)[0m
[07:45:31.390] [1;32muart:~$ [m^[[1[12D[J[00:06:18.159,000] [0m<dbg> net_pkt.net_pkt_print: (rx_q[0]): TX 16 RX 40 RDATA 160 TDATA 80[0m
[07:45:31.407] [1;32muart:~$ [m^[[1[12D[J[1;32muart:~$ [m^[[1[12D[J[1;32muart:~$ [m^[[1[12D[J[1;31m[1;31m--- 70 messages dropped ---
[07:45:31.720] [0m[m[00:06:18.663,000] [0m<dbg> net_pkt.net_pkt_ref_debug: (llss_thread): TX [14] pkt 0x3c172f28 ref 2 (tcp_send():424)[0m
[07:45:31.724] [1;32muart:~$ [m^[[1[12D[J[1;31m[1;31m--- 11 messages dropped ---
[07:45:31.742] [0m[m[00:06:18.671,000] [0m<dbg> net_pkt.net_pkt_unref_debug: (rx_q[0]): TX [14] pkt 0x3c172f28 ref 0 frags 0x3c15d4f4 (tcp_send():472)[0m
[07:45:31.744] [1;32muart:~$ [m^[[1[12D[J[00:06:18.671,000] [0m<dbg> net_pkt.net_pkt_unref_debug: (rx_q[0]): TDATA (tx_bufs) [76] frag 0x3c15d4f4 ref 0 frags 0x3c15d4d8 (tcp_send():472)[0m
[07:45:31.758] [1;32muart:~$ [m^[[1[12D[J[00:06:18.671,000] [0m<dbg> net_pkt.net_pkt_unref_debug: (rx_q[0]): TDATA (tx_bufs) [76] frag 0x3c15d4d8 ref 0 frags 0x3c15d4bc (tcp_send():472)[0m
[07:45:31.778] [1;32muart:~$ [m^[[1[12D[J[00:06:18.671,000] [0m<dbg> net_pkt.net_pkt_unref_debug: (rx_q[0]): TDATA (tx_bufs) [76] frag 0x3c15d4bc ref 0 frags 0 (tcp_send():472)[0m
[07:45:31.792] [1;32muart:~$ [m^[[1[12D[J[00:06:18.671,000] [0m<dbg> net_pkt.net_pkt_frag_unref_debug: (rx_q[0]): TDATA (tx_bufs) [76] frag 0x3c15d4f4 ref 0 (net_pkt_unref_debug():612)[0m
[07:45:31.809] [1;32muart:~$ [m^[[1[12D[J[00:06:18.675,000] [0m<dbg> net_pkt.net_pkt_skip: (rx_q[0]): pkt 0x3c173cf0 skip 8[0m
[07:45:31.825] [1;32muart:~$ [m^[[1[12D[J[00:06:18.675,000] [0m<dbg> net_pkt.net_pkt_skip: (rx_q[0]): pkt 0x3c173cf0 skip 32[0m
[07:45:31.844] [1;32muart:~$ [m^[[1[12D[J[00:06:18.675,000] [0m<dbg> net_pkt.net_pkt_write: (rx_q[0]): pkt 0x3c173cf0 data 0x3c16a796 length 20[0m
[07:45:31.858] [1;32muart:~$ [m^[[1[12D[J[00:06:18.675,000] [0m<dbg> net_pkt.net_pkt_skip: (rx_q[0]): pkt 0x3c173cf0 skip 20[0m
[07:45:31.874] [1;32muart:~$ [m^[[1[12D[J[00:06:18.675,000] [0m<dbg> net_pkt.net_pkt_skip: (rx_q[0]): pkt 0x3c173cf0 skip 40[0m
[07:45:31.890] [1;32muart:~$ [m^[[1[12D[J[00:06:18.676,000] [0m<dbg> net_pkt.net_pkt_skip: (rx_q[0]): pkt 0x3c173cf0 skip 40[0m
[07:45:31.906] [1;32muart:~$ [m^[[1[12D[J[00:06:18.676,000] [0m<dbg> net_pkt.net_pkt_skip: (rx_q[0]): pkt 0x3c173cf0 skip 40[0m
[07:45:31.922] [1;32muart:~$ [m^[[1[12D[J[00:06:18.676,000] [0m<dbg> net_pkt.net_pkt_skip: (rx_q[0]): pkt 0x3c173cf0 skip 40[0m
[07:45:31.938] [1;32muart:~$ [m^[[1[12D[J[00:06:18.676,000] [0m<dbg> net_pkt.net_pkt_skip: (rx_q[0]): pkt 0x3c173cf0 skip 40[0m
[07:45:31.954] [1;32muart:~$ [m^[[1[12D[J[00:06:18.676,000] [0m<dbg> net_pkt.net_pkt_unref_debug: (rx_q[0]): RX [39] pkt 0x3c173cf0 ref 0 frags 0x3c17286c (tcp_in():3635)[0m
[07:45:31.970] [1;32muart:~$ [m^[[1[12D[J[00:06:18.676,000] [0m<dbg> net_pkt.net_pkt_unref_debug: (rx_q[0]): RDATA (rx_bufs) [159] frag 0x3c17286c ref 0 frags 0 (tcp_in():3635)[0m
[07:45:31.987] [1;32muart:~$ [m^[[1[12D[J[00:06:18.676,000] [0m<dbg> net_pkt.net_pkt_frag_unref_debug: (rx_q[0]): RDATA (rx_bufs) [159] frag 0x3c17286c ref 0 (net_pkt_unref_debug():612)[0m
[07:45:32.008] [1;32muart:~$ [m^[[1[12D[J[00:06:18.676,000] [0m<dbg> net_pkt.net_pkt_print: (rx_q[0]): TX 16 RX 40 RDATA 160 TDATA 80[0m
[07:45:32.025] [1;32muart:~$ [m^[[1[12D[J[1;32muart:~$ [m^[[1[12D[J[1;32muart:~$ [m^[[1[12D[J[1;31m[1;31m--- 3 messages dropped ---
[07:45:33.256] [0m[m[00:06:19.387,000] [0m<dbg> net_pkt.net_pkt_write: (wifi): pkt 0x3c173cf0 data 0x3c26f2aa length 60[0m
[07:45:33.264] [1;32muart:~$ [m^[[1[12D[J[00:06:19.388,000] [0m<dbg> net_pkt.net_pkt_unref_debug: (rx_q[0]): RX [39] pkt 0x3c173cf0 ref 0 frags 0x3c17286c (processing_data():157)[0m
[07:45:33.273] [1;32muart:~$ [m^[[1[12D[J[00:06:19.388,000] [0m<dbg> net_pkt.net_pkt_unref_debug: (rx_q[0]): RDATA (rx_bufs) [159] frag 0x3c17286c ref 0 frags 0 (processing_data():157)[0m
[07:45:33.290] [1;32muart:~$ [m^[[1[12D[J[00:06:19.388,000] [0m<dbg> net_pkt.net_pkt_frag_unref_debug: (rx_q[0]): RDATA (rx_bufs) [159] frag 0x3c17286c ref 0 (net_pkt_unref_debug():612)[0m
[07:45:33.307] [1;32muart:~$ [m^[[1[12D[J[00:06:19.388,000] [0m<dbg> net_pkt.net_pkt_print: (rx_q[0]): TX 16 RX 40 RDATA 160 TDATA 80[0m
[07:45:33.326] [1;32muart:~$ [m^[[1[12D[J[00:06:20.206,000] [0m<dbg> net_pkt.pkt_alloc_with_buffer: (wifi): On iface 1 (0x3fc9ea10) size 60[0m
[07:45:33.339] [1;32muart:~$ [m^[[1[12D[J[00:06:20.206,000] [0m<dbg> net_pkt.net_pkt_alloc_buffer_with_reserve_debug: (wifi): Data allocation maximum size 60 (requested 60, reserve 0)[0m
[07:45:33.355] [1;32muart:~$ [m^[[1[12D[J[00:06:20.207,000] [0m<dbg> net_pkt.pkt_alloc_buffer: (wifi): RDATA (rx_bufs) [159] frag 0x3c17286c ref 1 (eth_esp32_rx():153)[0m
[07:45:33.374] [1;32muart:~$ [m^[[1[12D[J[00:06:20.207,000] [0m<dbg> net_pkt.net_pkt_write: (wifi): pkt 0x3c173cf0 data 0x3c26f2aa length 60[0m
[07:45:33.388] [1;32muart:~$ [m^[[1[12D[J[00:06:20.207,000] [0m<dbg> net_pkt.net_pkt_unref_debug: (rx_q[0]): RX [39] pkt 0x3c173cf0 ref 0 frags 0x3c17286c (processing_data():157)[0m
[07:45:33.405] [1;32muart:~$ [m^[[1[12D[J[00:06:20.207,000] [0m<dbg> net_pkt.net_pkt_unref_debug: (rx_q[0]): RDATA (rx_bufs) [159] frag 0x3c17286c ref 0 frags 0 (processing_data():157)[0m
[07:45:33.422] [1;32muart:~$ [m^[[1[12D[J[00:06:20.207,000] [0m<dbg> net_pkt.net_pkt_frag_unref_debug: (rx_q[0]): RDATA (rx_bufs) [159] frag 0x3c17286c ref 0 (net_pkt_unref_debug():612)[0m
[07:45:33.438] [1;32muart:~$ [m^[[1[12D[J[00:06:20.207,000] [0m<dbg> net_pkt.net_pkt_print: (rx_q[0]): TX 16 RX 40 RDATA 160 TDATA 80[0m
[07:45:33.455] [1;32muart:~$ [m^[[1[12D[J[1;31m[1;31m--- 32 messages dropped ---
[07:45:33.471] [0m[m[00:06:20.414,000] [0m<dbg> net_pkt.net_pkt_read: (rx_q[0]): pkt 0x3c172ee0 data 0x3fcc36ae length 74[0m
[07:45:33.472] [1;32muart:~$ [m^[[1[12D[J[00:06:20.415,000] [0m<dbg> net_pkt.net_pkt_unref_debug: (rx_q[0]): TX [15] pkt 0x3c172ee0 ref 1 frags 0x3c15d4bc (ethernet_send():800)[0m
[07:45:33.491] [1;32muart:~$ [m^[[1[12D[J[00:06:20.415,000] [0m<dbg> net_pkt.net_pkt_unref_debug: (rx_q[0]): TX [15] pkt 0x3c172ee0 ref 0 frags 0x3c15d4bc (tcp_send():472)[0m
[07:45:33.505] [1;32muart:~$ [m^[[1[12D[J[00:06:20.415,000] [0m<dbg> net_pkt.net_pkt_unref_debug: (rx_q[0]): TDATA (tx_bufs) [78] frag 0x3c15d4bc ref 0 frags 0x3c15d4a0 (tcp_send():472)[0m
[07:45:33.524] [1;32muart:~$ [m^[[1[12D[J[00:06:20.415,000] [0m<dbg> net_pkt.net_pkt_unref_debug: (rx_q[0]): TDATA (tx_bufs) [78] frag 0x3c15d4a0 ref 0 frags 0 (tcp_send():472)[0m
[07:45:33.557] [1;32muart:~$ [m^[[1[12D[J[00:06:20.415,000] [0m<dbg> net_pkt.net_pkt_frag_unref_debug: (rx_q[0]): TDATA (tx_bufs) [78] frag 0x3c15d4bc ref 0 (net_pkt_unref_debug():612)[0m
[07:45:33.558] [1;32muart:~$ [m^[[1[12D[J[00:06:20.415,000] [0m<dbg> net_pkt.net_pkt_frag_unref_debug: (rx_q[0]): TDATA (tx_bufs) [79] frag 0x3c15d4a0 ref 0 (net_pkt_unref_debug():612)[0m
[07:45:33.574] [1;32muart:~$ [m^[[1[12D[J[00:06:20.415,000] [0m<dbg> net_pkt.net_pkt_print: (rx_q[0]): TX 16 RX 39 RDATA 159 TDATA 80[0m
[07:45:33.588] [1;32muart:~$ [m^[[1[12D[J[00:06:20.416,000] [0m<dbg> net_pkt.net_pkt_read: (llss_thread): pkt 0x3c173cf0 data 0x3c246e00 length 5[0m
[07:45:33.604] [1;32muart:~$ [m^[[1[12D[J[00:06:20.417,000] [0m<dbg> net_pkt.net_pkt_read: (llss_thread): pkt 0x3c173cf0 data 0x3c246e05 length 233[0m
[07:45:33.621] [1;32muart:~$ [m^[[1[12D[J[00:06:20.417,000] [0m<dbg> net_pkt.net_pkt_unref_debug: (llss_thread): RX [39] pkt 0x3c173cf0 ref 0 frags 0x3c17286c (zsock_recv_stream_immediate():1423)[0m
[07:45:33.638] [1;32muart:~$ [m^[[1[12D[J[00:06:20.417,000] [0m<dbg> net_pkt.net_pkt_unref_debug: (llss_thread): RDATA (rx_bufs) [159] frag 0x3c17286c ref 0 frags 0 (zsock_recv_stream_immediate():1423)[0m
[07:45:33.656] [1;32muart:~$ [m^[[1[12D[J[00:06:20.417,000] [0m<dbg> net_pkt.net_pkt_frag_unref_debug: (llss_thread): RDATA (rx_bufs) [159] frag 0x3c17286c ref 0 (net_pkt_unref_debug():612)[0m
[07:45:33.672] [1;32muart:~$ [m^[[1[12D[J[1;32muart:~$ [m^[[1[12D[J[1;32muart:~$ [m^[[1[12D[J[00:06:21.230,000] [0m<dbg> net_pkt.pkt_alloc_with_buffer: (wifi): On iface 1 (0x3fc9ea10) size 60[0m
[07:45:35.279] [1;32muart:~$ [m^[[1[12D[J[00:06:21.230,000] [0m<dbg> net_pkt.net_pkt_alloc_buffer_with_reserve_debug: (wifi): Data allocation maximum size 60 (requested 60, reserve 0)[0m
[07:45:35.296] [1;32muart:~$ [m^[[1[12D[J[1;31m[1;31m--- 27 messages dropped ---
[07:45:35.312] [0m[m[00:06:21.231,000] [0m<dbg> net_pkt.pkt_alloc_buffer: (wifi): RDATA (rx_bufs) [159] frag 0x3c17286c ref 1 (eth_esp32_rx():153)[0m
[07:45:35.313] [1;32muart:~$ [m^[[1[12D[J[00:06:21.231,000] [0m<dbg> net_pkt.net_pkt_write: (wifi): pkt 0x3c173cf0 data 0x3c26f2aa length 60[0m
[07:45:35.330] [1;32muart:~$ [m^[[1[12D[J[00:06:21.231,000] [0m<dbg> net_pkt.net_pkt_unref_debug: (rx_q[0]): RX [39] pkt 0x3c173cf0 ref 0 frags 0x3c17286c (processing_data():157)[0m
[07:45:35.347] [1;32muart:~$ [m^[[1[12D[J[00:06:21.231,000] [0m<dbg> net_pkt.net_pkt_unref_debug: (rx_q[0]): RDATA (rx_bufs) [159] frag 0x3c17286c ref 0 frags 0 (processing_data():157)[0m
[07:45:35.363] [1;32muart:~$ [m^[[1[12D[J[00:06:21.231,000] [0m<dbg> net_pkt.net_pkt_frag_unref_debug: (rx_q[0]): RDATA (rx_bufs) [159] frag 0x3c17286c ref 0 (net_pkt_unref_debug():612)[0m
[07:45:35.380] [1;32muart:~$ [m^[[1[12D[J[00:06:21.231,000] [0m<dbg> net_pkt.net_pkt_print: (rx_q[0]): TX 16 RX 40 RDATA 160 TDATA 80[0m
[07:45:35.396] [1;32muart:~$ [m^[[1[12D[J[00:06:22.258,000] [0m<dbg> net_pkt.net_pkt_write: (wifi): pkt 0x3c173cf0 data 0x3c26f2aa length 399[0m
[07:45:35.413] [1;32muart:~$ [m^[[1[12D[J[00:06:22.258,000] [0m<dbg> net_pkt.net_pkt_unref_debug: (rx_q[0]): RX [39] pkt 0x3c173cf0 ref 0 frags 0x3c17286c (processing_data():157)[0m
[07:45:35.430] [1;32muart:~$ [m^[[1[12D[J[00:06:22.258,000] [0m<dbg> net_pkt.net_pkt_unref_debug: (rx_q[0]): RDATA (rx_bufs) [159] frag 0x3c17286c ref 0 frags 0 (processing_data():157)[0m
[07:45:35.446] [1;32muart:~$ [m^[[1[12D[J[00:06:22.258,000] [0m<dbg> net_pkt.net_pkt_frag_unref_debug: (rx_q[0]): RDATA (rx_bufs) [159] frag 0x3c17286c ref 0 (net_pkt_unref_debug():612)[0m
[07:45:35.463] [1;32muart:~$ [m^[[1[12D[J[00:06:22.258,000] [0m<dbg> net_pkt.net_pkt_print: (rx_q[0]): TX 16 RX 40 RDATA 160 TDATA 80[0m
[07:45:35.479] [1;32muart:~$ [m^[[1[12D[J[00:06:22.259,000] [0m<dbg> net_pkt.pkt_alloc_with_buffer: (wifi): On iface 1 (0x3fc9ea10) size 60[0m
[07:45:35.496] [1;32muart:~$ [m^[[1[12D[J[00:06:22.259,000] [0m<dbg> net_pkt.net_pkt_alloc_buffer_with_reserve_debug: (wifi): Data allocation maximum size 60 (requested 60, reserve 0)[0m
[07:45:35.513] [1;32muart:~$ [m^[[1[12D[J[00:06:22.259,000] [0m<dbg> net_pkt.pkt_alloc_buffer: (wifi): RDATA (rx_bufs) [159] frag 0x3c17286c ref 1 (eth_esp32_rx():153)[0m
[07:45:35.530] [1;32muart:~$ [m^[[1[12D[J[00:06:22.259,000] [0m<dbg> net_pkt.net_pkt_write: (wifi): pkt 0x3c173cf0 data 0x3c26f95a length 60[0m
[07:45:35.546] [1;32muart:~$ [m^[[1[12D[J[00:06:22.259,000] [0m<dbg> net_pkt.net_pkt_unref_debug: (rx_q[0]): RX [39] pkt 0x3c173cf0 ref 0 frags 0x3c17286c (processing_data():157)[0m
[07:45:35.563] [1;32muart:~$ [m^[[1[12D[J[00:06:22.259,000] [0m<dbg> net_pkt.net_pkt_unref_debug: (rx_q[0]): RDATA (rx_bufs) [159] frag 0x3c17286c ref 0 frags 0 (processing_data():157)[0m
[07:45:35.580] [1;32muart:~$ [m^[[1[12D[J[00:06:22.259,000] [0m<dbg> net_pkt.net_pkt_frag_unref_debug: (rx_q[0]): RDATA (rx_bufs) [159] frag 0x3c17286c ref 0 (net_pkt_unref_debug():612)[0m
[07:45:35.596] [1;32muart:~$ [m^[[1[12D[J[00:06:22.259,000] [0m<dbg> net_pkt.net_pkt_print: (rx_q[0]): TX 16 RX 40 RDATA 160 TDATA 80[0m
[07:45:35.612] [1;32muart:~$ [m^[[1[12D[J[1;32muart:~$ [m^[[1[12D[J[1;32muart:~$ [m^[[1[12D[J[00:06:23.278,000] [0m<dbg> net_pkt.pkt_alloc_with_buffer: (wifi): On iface 1 (0x3fc9ea10) size 60[0m
[07:45:37.327] [1;32muart:~$ [m^[[1[12D[J[00:06:23.278,000] [0m<dbg> net_pkt.net_pkt_alloc_buffer_with_reserve_debug: (wifi): Data allocation maximum size 60 (requested 60, reserve 0)[0m
[07:45:37.344] [1;32muart:~$ [m^[[1[12D[J[00:06:23.279,000] [0m<dbg> net_pkt.pkt_alloc_buffer: (wifi): RDATA (rx_bufs) [159] frag 0x3c17286c ref 1 (eth_esp32_rx():153)[0m
[07:45:37.363] [1;32muart:~$ [m^[[1[12D[J[00:06:23.279,000] [0m<dbg> net_pkt.net_pkt_write: (wifi): pkt 0x3c173cf0 data 0x3c26f2aa length 60[0m
[07:45:37.377] [1;32muart:~$ [m^[[1[12D[J[00:06:23.279,000] [0m<dbg> net_pkt.net_pkt_unref_debug: (rx_q[0]): RX [39] pkt 0x3c173cf0 ref 0 frags 0x3c17286c (processing_data():157)[0m
[07:45:37.394] [1;32muart:~$ [m^[[1[12D[J[00:06:23.279,000] [0m<dbg> net_pkt.net_pkt_unref_debug: (rx_q[0]): RDATA (rx_bufs) [159] frag 0x3c17286c ref 0 frags 0 (processing_data():157)[0m
[07:45:37.410] [1;32muart:~$ [m^[[1[12D[J[00:06:23.279,000] [0m<dbg> net_pkt.net_pkt_frag_unref_debug: (rx_q[0]): RDATA (rx_bufs) [159] frag 0x3c17286c ref 0 (net_pkt_unref_debug():612)[0m
[07:45:37.427] [1;32muart:~$ [m^[[1[12D[J[00:06:23.279,000] [0m<dbg> net_pkt.net_pkt_print: (rx_q[0]): TX 16 RX 40 RDATA 160 TDATA 80[0m
[07:45:37.443] [1;32muart:~$ [m^[[1[12D[J[1;32muart:~$ [m^[[1[12D[J[1;32muart:~$ [m^[[1[12D[J[00:06:24.302,000] [0m<dbg> net_pkt.pkt_alloc_with_buffer: (wifi): On iface 1 (0x3fc9ea10) size 60[0m
[07:45:38.351] [1;32muart:~$ [m^[[1[12D[J[00:06:24.303,000] [0m<dbg> net_pkt.net_pkt_alloc_buffer_with_reserve_debug: (wifi): Data allocation maximum size 60 (requested 60, reserve 0)[0m
[07:45:38.368] [1;32muart:~$ [m^[[1[12D[J[00:06:24.303,000] [0m<dbg> net_pkt.pkt_alloc_buffer: (wifi): RDATA (rx_bufs) [159] frag 0x3c17286c ref 1 (eth_esp32_rx():153)[0m
[07:45:38.385] [1;32muart:~$ [m^[[1[12D[J[00:06:24.303,000] [0m<dbg> net_pkt.net_pkt_write: (wifi): pkt 0x3c173cf0 data 0x3c26f2aa length 60[0m
[07:45:38.401] [1;32muart:~$ [m^[[1[12D[J[00:06:24.303,000] [0m<dbg> net_pkt.net_pkt_unref_debug: (rx_q[0]): RX [39] pkt 0x3c173cf0 ref 0 frags 0x3c17286c (processing_data():157)[0m
[07:45:38.418] [1;32muart:~$ [m^[[1[12D[J[00:06:24.303,000] [0m<dbg> net_pkt.net_pkt_unref_debug: (rx_q[0]): RDATA (rx_bufs) [159] frag 0x3c17286c ref 0 frags 0 (processing_data():157)[0m
[07:45:38.435] [1;32muart:~$ [m^[[1[12D[J[00:06:24.303,000] [0m<dbg> net_pkt.net_pkt_frag_unref_debug: (rx_q[0]): RDATA (rx_bufs) [159] frag 0x3c17286c ref 0 (net_pkt_unref_debug():612)[0m
[07:45:38.451] [1;32muart:~$ [m^[[1[12D[J[00:06:24.303,000] [0m<dbg> net_pkt.net_pkt_print: (rx_q[0]): TX 16 RX 40 RDATA 160 TDATA 80[0m
[07:45:38.481] [1;32muart:~$ [m^[[1[12D[J[1;31m[1;31m--- 90 messages dropped ---
[07:45:38.497] [0m[m[00:06:25.428,000] [0m<dbg> net_pkt.net_pkt_unref_debug: (rx_q[0]): TX [14] pkt 0x3c172f28 ref 0 frags 0x3c15d4f4 (tcp_send():472)[0m
[07:45:38.498] [1;32muart:~$ [m^[[1[12D[J[00:06:25.428,000] [0m<dbg> net_pkt.net_pkt_unref_debug: (rx_q[0]): TDATA (tx_bufs) [76] frag 0x3c15d4f4 ref 0 frags 0x3c15d4d8 (tcp_send():472)[0m
[07:45:38.515] [1;32muart:~$ [m^[[1[12D[J[00:06:25.428,000] [0m<dbg> net_pkt.net_pkt_unref_debug: (rx_q[0]): TDATA (tx_bufs) [76] frag 0x3c15d4d8 ref 0 frags 0x3c15d4bc (tcp_send():472)[0m
[07:45:38.531] [1;32muart:~$ [m^[[1[12D[J[00:06:25.428,000] [0m<dbg> net_pkt.net_pkt_unref_debug: (rx_q[0]): TDATA (tx_bufs) [76] frag 0x3c15d4bc ref 0 frags 0 (tcp_send():472)[0m
[07:45:38.548] [1;32muart:~$ [m^[[1[12D[J[00:06:25.428,000] [0m<dbg> net_pkt.net_pkt_frag_unref_debug: (rx_q[0]): TDATA (tx_bufs) [76] frag 0x3c15d4f4 ref 0 (net_pkt_unref_debug():612)[0m
[07:45:38.565] [1;32muart:~$ [m^[[1[12D[J[00:06:25.432,000] [0m<dbg> net_pkt.net_pkt_skip: (rx_q[0]): pkt 0x3c173cf0 skip 8[0m
[07:45:38.581] [1;32muart:~$ [m^[[1[12D[J[00:06:25.432,000] [0m<dbg> net_pkt.net_pkt_skip: (rx_q[0]): pkt 0x3c173cf0 skip 32[0m
[07:45:38.597] [1;32muart:~$ [m^[[1[12D[J[00:06:25.432,000] [0m<dbg> net_pkt.net_pkt_write: (rx_q[0]): pkt 0x3c173cf0 data 0x3c16a796 length 20[0m
[07:45:38.613] [1;32muart:~$ [m^[[1[12D[J[00:06:25.432,000] [0m<dbg> net_pkt.net_pkt_skip: (rx_q[0]): pkt 0x3c173cf0 skip 20[0m
[07:45:38.629] [1;32muart:~$ [m^[[1[12D[J[00:06:25.432,000] [0m<dbg> net_pkt.net_pkt_skip: (rx_q[0]): pkt 0x3c173cf0 skip 40[0m
[07:45:38.645] [1;32muart:~$ [m^[[1[12D[J[00:06:25.432,000] [0m<dbg> net_pkt.net_pkt_skip: (rx_q[0]): pkt 0x3c173cf0 skip 40[0m
[07:45:38.661] [1;32muart:~$ [m^[[1[12D[J[00:06:25.432,000] [0m<dbg> net_pkt.net_pkt_skip: (rx_q[0]): pkt 0x3c173cf0 skip 40[0m
[07:45:38.677] [1;32muart:~$ [m^[[1[12D[J[00:06:25.432,000] [0m<dbg> net_pkt.net_pkt_skip: (rx_q[0]): pkt 0x3c173cf0 skip 40[0m
[07:45:38.693] [1;32muart:~$ [m^[[1[12D[J[00:06:25.432,000] [0m<dbg> net_pkt.net_pkt_skip: (rx_q[0]): pkt 0x3c173cf0 skip 40[0m
[07:45:38.710] [1;32muart:~$ [m^[[1[12D[J[00:06:25.432,000] [0m<dbg> net_pkt.net_pkt_unref_debug: (rx_q[0]): RX [39] pkt 0x3c173cf0 ref 0 frags 0x3c17286c (tcp_in():3635)[0m
[07:45:38.730] [1;32muart:~$ [m^[[1[12D[J[00:06:25.432,000] [0m<dbg> net_pkt.net_pkt_unref_debug: (rx_q[0]): RDATA (rx_bufs) [159] frag 0x3c17286c ref 0 frags 0 (tcp_in():3635)[0m
[07:45:38.742] [1;32muart:~$ [m^[[1[12D[J[00:06:25.432,000] [0m<dbg> net_pkt.net_pkt_frag_unref_debug: (rx_q[0]): RDATA (rx_bufs) [159] frag 0x3c17286c ref 0 (net_pkt_unref_debug():612)[0m
[07:45:38.759] [1;32muart:~$ [m^[[1[12D[J[00:06:25.433,000] [0m<dbg> net_pkt.net_pkt_print: (rx_q[0]): TX 16 RX 40 RDATA 160 TDATA 80[0m
[07:45:38.775] [1;32muart:~$ [m^[[1[12D[J[1;32muart:~$ [m^[[1[12D[J[1;32muart:~$ [m^[[1[12D[J[1;31m[1;31m--- 41 messages dropped ---
[07:45:40.225] [0m[m[00:06:27.173,000] [0m<dbg> net_pkt.net_pkt_unref_debug: (rx_q[0]): TX [15] pkt 0x3c172ee0 ref 1 frags 0x3c15d4bc (ethernet_send():800)[0m
[07:45:40.226] [1;32muart:~$ [m^[[1[12D[J[00:06:27.173,000] [0m<dbg> net_pkt.net_pkt_unref_debug: (rx_q[0]): TX [15] pkt 0x3c172ee0 ref 0 frags 0x3c15d4bc (tcp_send():472)[0m
[07:45:40.243] [1;32muart:~$ [m^[[1[12D[J[00:06:27.173,000] [0m<dbg> net_pkt.net_pkt_unref_debug: (rx_q[0]): TDATA (tx_bufs) [78] frag 0x3c15d4bc ref 0 frags 0x3c15d4a0 (tcp_send():472)[0m
[07:45:40.259] [1;32muart:~$ [m^[[1[12D[J[00:06:27.173,000] [0m<dbg> net_pkt.net_pkt_unref_debug: (rx_q[0]): TDATA (tx_bufs) [78] frag 0x3c15d4a0 ref 0 frags 0 (tcp_send():472)[0m
[07:45:40.276] [1;32muart:~$ [m^[[1[12D[J[00:06:27.173,000] [0m<dbg> net_pkt.net_pkt_frag_unref_debug: (rx_q[0]): TDATA (tx_bufs) [78] frag 0x3c15d4bc ref 0 (net_pkt_unref_debug():612)[0m
[07:45:40.292] [1;32muart:~$ [m^[[1[12D[J[00:06:27.173,000] [0m<dbg> net_pkt.net_pkt_frag_unref_debug: (rx_q[0]): TDATA (tx_bufs) [79] frag 0x3c15d4a0 ref 0 (net_pkt_unref_debug():612)[0m
[07:45:40.309] [1;32muart:~$ [m^[[1[12D[J[00:06:27.173,000] [0m<dbg> net_pkt.net_pkt_print: (rx_q[0]): TX 16 RX 39 RDATA 159 TDATA 80[0m
[07:45:40.325] [1;32muart:~$ [m^[[1[12D[J[00:06:27.175,000] [0m<dbg> net_pkt.net_pkt_read: (llss_thread): pkt 0x3c173cf0 data 0x3c246e00 length 5[0m
[07:45:40.342] [1;32muart:~$ [m^[[1[12D[J[00:06:27.175,000] [0m<dbg> net_pkt.net_pkt_read: (llss_thread): pkt 0x3c173cf0 data 0x3c246e05 length 233[0m
[07:45:40.358] [1;32muart:~$ [m^[[1[12D[J[00:06:27.175,000] [0m<dbg> net_pkt.net_pkt_unref_debug: (llss_thread): RX [39] pkt 0x3c173cf0 ref 0 frags 0x3c17286c (zsock_recv_stream_immediate():1423)[0m
[07:45:40.375] [1;32muart:~$ [m^[[1[12D[J[00:06:27.175,000] [0m<dbg> net_pkt.net_pkt_unref_debug: (llss_thread): RDATA (rx_bufs) [159] frag 0x3c17286c ref 0 frags 0 (zsock_recv_stream_immediate():1423)[0m
[07:45:40.392] [1;32muart:~$ [m^[[1[12D[J[00:06:27.175,000] [0m<dbg> net_pkt.net_pkt_frag_unref_debug: (llss_thread): RDATA (rx_bufs) [159] frag 0x3c17286c ref 0 (net_pkt_unref_debug():612)[0m
[07:45:40.409] [1;32muart:~$ [m^[[1[12D[J[00:06:27.185,000] [0m<dbg> net_pkt.pkt_alloc_with_buffer: (wifi): On iface 1 (0x3fc9ea10) size 60[0m
[07:45:40.426] [1;32muart:~$ [m^[[1[12D[J[00:06:27.185,000] [0m<dbg> net_pkt.net_pkt_alloc_buffer_with_reserve_debug: (wifi): Data allocation maximum size 60 (requested 60, reserve 0)[0m
[07:45:40.443] [1;32muart:~$ [m^[[1[12D[J[00:06:27.185,000] [0m<dbg> net_pkt.pkt_alloc_buffer: (wifi): RDATA (rx_bufs) [159] frag 0x3c17286c ref 1 (eth_esp32_rx():153)[0m
[07:45:40.459] [1;32muart:~$ [m^[[1[12D[J[00:06:27.185,000] [0m<dbg> net_pkt.net_pkt_write: (wifi): pkt 0x3c173cf0 data 0x3c26f2aa length 60[0m
[07:45:40.475] [1;32muart:~$ [m^[[1[12D[J[00:06:27.185,000] [0m<dbg> net_pkt.net_pkt_unref_debug: (rx_q[0]): RX [39] pkt 0x3c173cf0 ref 0 frags 0x3c17286c (processing_data():157)[0m
[07:45:40.492] [1;32muart:~$ [m^[[1[12D[J[00:06:27.185,000] [0m<dbg> net_pkt.net_pkt_unref_debug: (rx_q[0]): RDATA (rx_bufs) [159] frag 0x3c17286c ref 0 frags 0 (processing_data():157)[0m
[07:45:40.509] [1;32muart:~$ [m^[[1[12D[J[00:06:27.185,000] [0m<dbg> net_pkt.net_pkt_frag_unref_debug: (rx_q[0]): RDATA (rx_bufs) [159] frag 0x3c17286c ref 0 (net_pkt_unref_debug():612)[0m
[07:45:40.525] [1;32muart:~$ [m^[[1[12D[J[00:06:27.185,000] [0m<dbg> net_pkt.net_pkt_print: (rx_q[0]): TX 16 RX 40 RDATA 160 TDATA 80[0m
[07:45:40.542] [1;32muart:~$ [m^[[1[12D[J[1;32muart:~$ [m^[[1[12D[J[1;32muart:~$ [m^[[1[12D[J[00:06:28.398,000] [0m<dbg> net_pkt.pkt_alloc_with_buffer: (wifi): On iface 1 (0x3fc9ea10) size 60[0m
[07:45:42.447] [1;32muart:~$ [m^[[1[12D[J[00:06:28.398,000] [0m<dbg> net_pkt.net_pkt_alloc_buffer_with_reserve_debug: (wifi): Data allocation maximum size 60 (requested 60, reserve 0)[0m
[07:45:42.464] [1;32muart:~$ [m^[[1[12D[J[00:06:28.399,000] [0m<dbg> net_pkt.pkt_alloc_buffer: (wifi): RDATA (rx_bufs) [159] frag 0x3c17286c ref 1 (eth_esp32_rx():153)[0m
[07:45:42.480] [1;32muart:~$ [m^[[1[12D[J[00:06:28.399,000] [0m<dbg> net_pkt.net_pkt_write: (wifi): pkt 0x3c173cf0 data 0x3c26f2aa length 60[0m
[07:45:42.497] [1;32muart:~$ [m^[[1[12D[J[00:06:28.399,000] [0m<dbg> net_pkt.net_pkt_unref_debug: (rx_q[0]): RX [39] pkt 0x3c173cf0 ref 0 frags 0x3c17286c (processing_data():157)[0m
[07:45:42.514] [1;32muart:~$ [m^[[1[12D[J[00:06:28.399,000] [0m<dbg> net_pkt.net_pkt_unref_debug: (rx_q[0]): RDATA (rx_bufs) [159] frag 0x3c17286c ref 0 frags 0 (processing_data():157)[0m
[07:45:42.531] [1;32muart:~$ [m^[[1[12D[J[00:06:28.399,000] [0m<dbg> net_pkt.net_pkt_frag_unref_debug: (rx_q[0]): RDATA (rx_bufs) [159] frag 0x3c17286c ref 0 (net_pkt_unref_debug():612)[0m
[07:45:42.548] [1;32muart:~$ [m^[[1[12D[J[00:06:28.399,000] [0m<dbg> net_pkt.net_pkt_print: (rx_q[0]): TX 16 RX 40 RDATA 160 TDATA 80[0m
[07:45:42.564] [1;32muart:~$ [m^[[1[12D[J[1;32muart:~$ [m^[[1[12D[J[1;32muart:~$ [m^[[1[12D[J[1;31m[1;31m--- 4 messages dropped ---
[07:45:43.291] [0m[m[00:06:29.423,000] [0m<dbg> net_pkt.net_pkt_unref_debug: (rx_q[0]): RX [39] pkt 0x3c173cf0 ref 0 frags 0x3c17286c (processing_data():157)[0m
[07:45:43.292] [1;32muart:~$ [m^[[1[12D[J[00:06:29.423,000] [0m<dbg> net_pkt.net_pkt_unref_debug: (rx_q[0]): RDATA (rx_bufs) [159] frag 0x3c17286c ref 0 frags 0 (processing_data():157)[0m
[07:45:43.309] [1;32muart:~$ [m^[[1[12D[J[00:06:29.423,000] [0m<dbg> net_pkt.net_pkt_frag_unref_debug: (rx_q[0]): RDATA (rx_bufs) [159] frag 0x3c17286c ref 0 (net_pkt_unref_debug():612)[0m
[07:45:43.326] [1;32muart:~$ [m^[[1[12D[J[00:06:29.423,000] [0m<dbg> net_pkt.net_pkt_print: (rx_q[0]): TX 16 RX 40 RDATA 160 TDATA 80[0m
[07:45:43.342] [1;32muart:~$ [m^[[1[12D[JNETMEM up=390s pktRX=40/40 pktTX=16/16 bufRX=160/160/m102 bufTX=80/80/m4 int_free=0 int_min=0 psram_free=0 psram_min=0
[07:45:43.359] [1;32muart:~$ [m^[[1[12D[J[00:06:30.242,000] [0m<dbg> net_pkt.pkt_alloc_with_buffer: (wifi): On iface 1 (0x3fc9ea10) size 60[0m
[07:45:43.375] [1;32muart:~$ [m^[[1[12D[J[00:06:30.242,000] [0m<dbg> net_pkt.net_pkt_alloc_buffer_with_reserve_debug: (wifi): Data allocation maximum size 60 (requested 60, reserve 0)[0m
[07:45:43.392] [1;32muart:~$ [m^[[1[12D[J[00:06:30.242,000] [0m<dbg> net_pkt.pkt_alloc_buffer: (wifi): RDATA (rx_bufs) [159] frag 0x3c17286c ref 1 (eth_esp32_rx():153)[0m
[07:45:43.409] [1;32muart:~$ [m^[[1[12D[J[00:06:30.242,000] [0m<dbg> net_pkt.net_pkt_write: (wifi): pkt 0x3c173cf0 data 0x3c26f2aa length 60[0m
[07:45:43.425] [1;32muart:~$ [m^[[1[12D[J[00:06:30.242,000] [0m<dbg> net_pkt.net_pkt_unref_debug: (rx_q[0]): RX [39] pkt 0x3c173cf0 ref 0 frags 0x3c17286c (processing_data():157)[0m
[07:45:43.442] [1;32muart:~$ [m^[[1[12D[J[00:06:30.242,000] [0m<dbg> net_pkt.net_pkt_unref_debug: (rx_q[0]): RDATA (rx_bufs) [159] frag 0x3c17286c ref 0 frags 0 (processing_data():157)[0m
[07:45:43.458] [1;32muart:~$ [m^[[1[12D[J[1;31m[1;31m--- 13 messages dropped ---
[07:45:43.474] [0m[m[00:06:30.243,000] [0m<dbg> net_pkt.net_pkt_frag_unref_debug: (rx_q[0]): RDATA (rx_bufs) [159] frag 0x3c17286c ref 0 (net_pkt_unref_debug():612)[0m
[07:45:43.476] [1;32muart:~$ [m^[[1[12D[J[1;31m[1;31m--- 8 messages dropped ---
[07:45:43.492] [0m[m[00:06:30.243,000] [0m<dbg> net_pkt.net_pkt_print: (rx_q[0]): TX 16 RX 40 RDATA 160 TDATA 80[0m
[07:45:43.493] [1;32muart:~$ [m^[[1[12D[J[00:06:30.422,000] [0m<dbg> net_pkt.net_pkt_write: (sysworkq): pkt 0x3c172ee0 data 0x3c1534a0 length 40[0m
[07:45:43.509] [1;32muart:~$ [m^[[1[12D[J[00:06:30.422,000] [0m<dbg> net_pkt.net_pkt_skip: (sysworkq): pkt 0x3c172ee0 skip 40[0m
[07:45:43.526] [1;32muart:~$ [m^[[1[12D[J[00:06:30.422,000] [0m<dbg> net_pkt.net_pkt_skip: (sysworkq): pkt 0x3c172ee0 skip 8[0m
[07:45:43.542] [1;32muart:~$ [m^[[1[12D[J[00:06:30.422,000] [0m<dbg> net_pkt.net_pkt_skip: (sysworkq): pkt 0x3c172ee0 skip 32[0m
[07:45:43.559] [1;32muart:~$ [m^[[1[12D[J[00:06:30.422,000] [0m<dbg> net_pkt.net_pkt_write: (sysworkq): pkt 0x3c172ee0 data 0x3c1534c8 length 4[0m
[07:45:43.575] [1;32muart:~$ [m^[[1[12D[J[00:06:30.422,000] [0m<dbg> net_pkt.net_pkt_skip: (sysworkq): pkt 0x3c172ee0 skip 4[0m
[07:45:43.591] [1;32muart:~$ [m^[[1[12D[J[00:06:30.425,000] [0m<dbg> net_pkt.pkt_alloc_with_buffer: (wifi): On iface 1 (0x3fc9ea10) size 78[0m
[07:45:43.607] [1;32muart:~$ [m^[[1[12D[J[00:06:30.425,000] [0m<dbg> net_pkt.net_pkt_alloc_buffer_with_reserve_debug: (wifi): Data allocation maximum size 78 (requested 78, reserve 0)[0m
[07:45:43.624] [1;32muart:~$ [m^[[1[12D[J[00:06:30.425,000] [0m<dbg> net_pkt.pkt_alloc_buffer: (wifi): RDATA (rx_bufs) [159] frag 0x3c17286c ref 1 (eth_esp32_rx():153)[0m
[07:45:43.640] [1;32muart:~$ [m^[[1[12D[J[00:06:30.425,000] [0m<dbg> net_pkt.net_pkt_write: (wifi): pkt 0x3c173cf0 data 0x3c26f2ac length 78[0m
[07:45:43.656] [1;32muart:~$ [m^[[1[12D[J[00:06:30.426,000] [0m<dbg> net_pkt.net_pkt_skip: (rx_q[0]): pkt 0x3c173cf0 skip 40[0m
[07:45:43.673] [1;32muart:~$ [m^[[1[12D[J[00:06:30.426,000] [0m<dbg> net_pkt.net_pkt_skip: (rx_q[0]): pkt 0x3c173cf0 skip 8[0m
[07:45:43.689] [1;32muart:~$ [m^[[1[12D[J[00:06:30.426,000] [0m<dbg> net_pkt.net_pkt_skip: (rx_q[0]): pkt 0x3c173cf0 skip 32[0m
[07:45:43.705] [1;32muart:~$ [m^[[1[12D[J[00:06:30.426,000] [0m<dbg> net_pkt.net_pkt_skip: (rx_q[0]): pkt 0x3c173cf0 skip 4[0m
[07:45:43.722] [1;32muart:~$ [m^[[1[12D[J[00:06:30.426,000] [0m<dbg> net_pkt.net_pkt_unref_debug: (rx_q[0]): RX [39] pkt 0x3c173cf0 ref 0 frags 0x3c17286c (processing_data():157)[0m
[07:45:43.738] [1;32muart:~$ [m^[[1[12D[J[00:06:30.426,000] [0m<dbg> net_pkt.net_pkt_unref_debug: (rx_q[0]): RDATA (rx_bufs) [159] frag 0x3c17286c ref 0 frags 0 (processing_data():157)[0m
[07:45:43.755] [1;32muart:~$ [m^[[1[12D[J[00:06:30.426,000] [0m<dbg> net_pkt.net_pkt_frag_unref_debug: (rx_q[0]): RDATA (rx_bufs) [159] frag 0x3c17286c ref 0 (net_pkt_unref_debug():612)[0m
[07:45:43.771] [1;32muart:~$ [m^[[1[12D[J[00:06:30.426,000] [0m<dbg> net_pkt.net_pkt_print: (rx_q[0]): TX 16 RX 40 RDATA 160 TDATA 80[0m
[07:45:43.787] [1;32muart:~$ [m^[[1[12D[J[1;32muart:~$ [m^[[1[12D[J[1;32muart:~$ [m^[[1[12D[J[1;31m[1;31m--- 21 messages dropped ---
[07:45:44.473] [0m[m[00:06:31.423,000] [0m<dbg> net_pkt.net_pkt_write: (sysworkq): pkt 0x3c172ee0 data 0x3c1534a0 length 40[0m
[07:45:44.477] [1;32muart:~$ [m^[[1[12D[J[1;31m[1;31m--- 5 messages dropped ---
[07:45:44.493] [0m[m[00:06:31.423,000] [0m<dbg> net_pkt.net_pkt_skip: (sysworkq): pkt 0x3c172ee0 skip 40[0m
[07:45:44.494] [1;32muart:~$ [m^[[1[12D[J[00:06:31.423,000] [0m<dbg> net_pkt.net_pkt_skip: (sysworkq): pkt 0x3c172ee0 skip 8[0m
[07:45:44.510] [1;32muart:~$ [m^[[1[12D[J[00:06:31.423,000] [0m<dbg> net_pkt.net_pkt_skip: (sysworkq): pkt 0x3c172ee0 skip 32[0m
[07:45:44.527] [1;32muart:~$ [m^[[1[12D[J[00:06:31.423,000] [0m<dbg> net_pkt.net_pkt_write: (sysworkq): pkt 0x3c172ee0 data 0x3c1534c8 length 4[0m
[07:45:44.544] [1;32muart:~$ [m^[[1[12D[J[00:06:31.423,000] [0m<dbg> net_pkt.net_pkt_skip: (sysworkq): pkt 0x3c172ee0 skip 4[0m
[07:45:44.560] [1;32muart:~$ [m^[[1[12D[J[00:06:31.424,000] [0m<dbg> net_pkt.net_pkt_get_reserve_data_debug: (sysworkq): TDATA (tx_bufs) [78] frag 0x3c15d4bc ref 1 (ethernet_fill_header():610)[0m
[07:45:44.577] [1;32muart:~$ [m^[[1[12D[J[00:06:31.424,000] [0m<dbg> net_pkt.net_pkt_frag_insert_debug: (sysworkq): pkt 0x3c172ee0 frag 0x3c15d4bc (ethernet_fill_header:669)[0m
[07:45:44.594] [1;32muart:~$ [m^[[1[12D[J[00:06:31.424,000] [0m<dbg> net_pkt.net_pkt_frag_unref_debug: (sysworkq): TDATA (tx_bufs) [79] frag 0x3c15d4a0 ref 0 (net_pkt_unref_debug():612)[0m
[07:45:44.610] [1;32muart:~$ [m^[[1[12D[J[00:06:31.428,000] [0m<dbg> net_pkt.pkt_alloc_with_buffer: (wifi): On iface 1 (0x3fc9ea10) size 78[0m
[07:45:44.626] [1;32muart:~$ [m^[[1[12D[J[00:06:31.428,000] [0m<dbg> net_pkt.net_pkt_alloc_buffer_with_reserve_debug: (wifi): Data allocation maximum size 78 (requested 78, reserve 0)[0m
[07:45:44.643] [1;32muart:~$ [m^[[1[12D[J[00:06:31.428,000] [0m<dbg> net_pkt.pkt_alloc_buffer: (wifi): RDATA (rx_bufs) [159] frag 0x3c17286c ref 1 (eth_esp32_rx():153)[0m
[07:45:44.660] [1;32muart:~$ [m^[[1[12D[J[00:06:31.428,000] [0m<dbg> net_pkt.net_pkt_write: (wifi): pkt 0x3c173cf0 data 0x3c26f2ac length 78[0m
[07:45:44.676] [1;32muart:~$ [m^[[1[12D[J[00:06:31.429,000] [0m<dbg> net_pkt.net_pkt_skip: (rx_q[0]): pkt 0x3c173cf0 skip 40[0m
[07:45:44.692] [1;32muart:~$ [m^[[1[12D[J[00:06:31.429,000] [0m<dbg> net_pkt.net_pkt_skip: (rx_q[0]): pkt 0x3c173cf0 skip 8[0m
[07:45:44.708] [1;32muart:~$ [m^[[1[12D[J[00:06:31.429,000] [0m<dbg> net_pkt.net_pkt_skip: (rx_q[0]): pkt 0x3c173cf0 skip 32[0m
[07:45:44.725] [1;32muart:~$ [m^[[1[12D[J[00:06:31.429,000] [0m<dbg> net_pkt.net_pkt_skip: (rx_q[0]): pkt 0x3c173cf0 skip 4[0m
[07:45:44.741] [1;32muart:~$ [m^[[1[12D[J[00:06:31.429,000] [0m<dbg> net_pkt.net_pkt_unref_debug: (rx_q[0]): RX [39] pkt 0x3c173cf0 ref 0 frags 0x3c17286c (processing_data():157)[0m
[07:45:44.757] [1;32muart:~$ [m^[[1[12D[J[00:06:31.429,000] [0m<dbg> net_pkt.net_pkt_unref_debug: (rx_q[0]): RDATA (rx_bufs) [159] frag 0x3c17286c ref 0 frags 0 (processing_data():157)[0m
[07:45:44.774] [1;32muart:~$ [m^[[1[12D[J[00:06:31.429,000] [0m<dbg> net_pkt.net_pkt_frag_unref_debug: (rx_q[0]): RDATA (rx_bufs) [159] frag 0x3c17286c ref 0 (net_pkt_unref_debug():612)[0m
[07:45:44.790] [1;32muart:~$ [m^[[1[12D[J[00:06:31.429,000] [0m<dbg> net_pkt.net_pkt_print: (rx_q[0]): TX 16 RX 40 RDATA 160 TDATA 80[0m
[07:45:44.806] [1;32muart:~$ [m^[[1[12D[J[1;32muart:~$ [m^[[1[12D[J[1;32muart:~$ [m^[[1[12D[J[1;31m[1;31m--- 79 messages dropped ---
[07:45:45.241] [0m[m[00:06:32.188,000] [0m<dbg> net_pkt.net_pkt_ref_debug: (llss_thread): TX [14] pkt 0x3c172f28 ref 2 (tcp_send():424)[0m
[07:45:45.242] [1;32muart:~$ [m^[[1[12D[J[1;31m[1;31m--- 11 messages dropped ---
[07:45:45.258] [0m[m[00:06:32.188,000] [0m<dbg> net_pkt.net_pkt_get_reserve_data_debug: (llss_thread): TDATA (tx_bufs) [76] frag 0x3c15d4f4 ref 1 (ethernet_fill_header():610)[0m
[07:45:45.259] [1;32muart:~$ [m^[[1[12D[J[00:06:32.188,000] [0m<dbg> net_pkt.net_pkt_frag_insert_debug: (llss_thread): pkt 0x3c172f28 frag 0x3c15d4f4 (ethernet_fill_header:669)[0m
[07:45:45.276] [1;32muart:~$ [m^[[1[12D[J[00:06:32.188,000] [0m<dbg> net_pkt.net_pkt_read: (llss_thread): pkt 0x3c172f28 data 0x3fcc36ae length 236[0m
[07:45:45.293] [1;32muart:~$ [m^[[1[12D[J[00:06:32.189,000] [0m<dbg> net_pkt.net_pkt_unref_debug: (llss_thread): TX [14] pkt 0x3c172f28 ref 1 frags 0x3c15d4f4 (ethernet_send():800)[0m
[07:45:45.309] [1;32muart:~$ [m^[[1[12D[J[00:06:32.190,000] [0m<dbg> net_pkt.net_pkt_unref_debug: (llss_thread): TX [14] pkt 0x3c172f28 ref 0 frags 0x3c15d4f4 (tcp_send():472)[0m
[07:45:45.326] [1;32muart:~$ [m^[[1[12D[J[00:06:32.190,000] [0m<dbg> net_pkt.net_pkt_unref_debug: (llss_thread): TDATA (tx_bufs) [76] frag 0x3c15d4f4 ref 0 frags 0x3c15d4d8 (tcp_send():472)[0m
[07:45:45.343] [1;32muart:~$ [m^[[1[12D[J[00:06:32.192,000] [0m<dbg> net_pkt.net_pkt_skip: (rx_q[0]): pkt 0x3c173cf0 skip 8[0m
[07:45:45.359] [1;32muart:~$ [m^[[1[12D[J[00:06:32.192,000] [0m<dbg> net_pkt.net_pkt_skip: (rx_q[0]): pkt 0x3c173cf0 skip 32[0m
[07:45:45.375] [1;32muart:~$ [m^[[1[12D[J[00:06:32.192,000] [0m<dbg> net_pkt.net_pkt_write: (rx_q[0]): pkt 0x3c173cf0 data 0x3c16a796 length 20[0m
[07:45:45.392] [1;32muart:~$ [m^[[1[12D[J[00:06:32.192,000] [0m<dbg> net_pkt.net_pkt_skip: (rx_q[0]): pkt 0x3c173cf0 skip 20[0m
[07:45:45.408] [1;32muart:~$ [m^[[1[12D[J[00:06:32.193,000] [0m<dbg> net_pkt.net_pkt_skip: (rx_q[0]): pkt 0x3c173cf0 skip 40[0m
[07:45:45.424] [1;32muart:~$ [m^[[1[12D[J[00:06:32.193,000] [0m<dbg> net_pkt.net_pkt_skip: (rx_q[0]): pkt 0x3c173cf0 skip 40[0m
[07:45:45.440] [1;32muart:~$ [m^[[1[12D[J[00:06:32.193,000] [0m<dbg> net_pkt.net_pkt_skip: (rx_q[0]): pkt 0x3c173cf0 skip 40[0m
[07:45:45.456] [1;32muart:~$ [m^[[1[12D[J[00:06:32.193,000] [0m<dbg> net_pkt.net_pkt_skip: (rx_q[0]): pkt 0x3c173cf0 skip 40[0m
[07:45:45.475] [1;32muart:~$ [m^[[1[12D[J[1;31m[1;31m--- 13 messages dropped ---
[07:45:45.491] [0m[m[00:06:32.193,000] [0m<dbg> net_pkt.net_pkt_skip: (rx_q[0]): pkt 0x3c173cf0 skip 40[0m
[07:45:45.492] [1;32muart:~$ [m^[[1[12D[J[1;31m[1;31m--- 11 messages dropped ---
[07:45:45.508] [0m[m[00:06:32.193,000] [0m<dbg> net_pkt.net_pkt_unref_debug: (rx_q[0]): RX [39] pkt 0x3c173cf0 ref 0 frags 0x3c17286c (tcp_in():3635)[0m
[07:45:45.509] [1;32muart:~$ [m^[[1[12D[J[00:06:32.193,000] [0m<dbg> net_pkt.net_pkt_unref_debug: (rx_q[0]): RDATA (rx_bufs) [159] frag 0x3c17286c ref 0 frags 0 (tcp_in():3635)[0m
[07:45:45.525] [1;32muart:~$ [m^[[1[12D[J[00:06:32.193,000] [0m<dbg> net_pkt.net_pkt_frag_unref_debug: (rx_q[0]): RDATA (rx_bufs) [159] frag 0x3c17286c ref 0 (net_pkt_unref_debug():612)[0m
[07:45:45.543] [1;32muart:~$ [m^[[1[12D[J[00:06:32.193,000] [0m<dbg> net_pkt.net_pkt_print: (rx_q[0]): TX 16 RX 40 RDATA 160 TDATA 80[0m
[07:45:45.560] [1;32muart:~$ [m^[[1[12D[J[00:06:32.425,000] [0m<dbg> net_pkt.net_pkt_write: (sysworkq): pkt 0x3c172ee0 data 0x3c1534a0 length 40[0m
[07:45:45.576] [1;32muart:~$ [m^[[1[12D[J[00:06:32.425,000] [0m<dbg> net_pkt.net_pkt_skip: (sysworkq): pkt 0x3c172ee0 skip 40[0m
[07:45:45.592] [1;32muart:~$ [m^[[1[12D[J[00:06:32.426,000] [0m<dbg> net_pkt.net_pkt_frag_unref_debug: (sysworkq): TDATA (tx_bufs) [79] frag 0x3c15d4a0 ref 0 (net_pkt_unref_debug():612)[0m
[07:45:45.609] [1;32muart:~$ [m^[[1[12D[J[00:06:32.429,000] [0m<dbg> net_pkt.pkt_alloc_with_buffer: (wifi): On iface 1 (0x3fc9ea10) size 78[0m
[07:45:45.626] [1;32muart:~$ [m^[[1[12D[J[00:06:32.429,000] [0m<dbg> net_pkt.net_pkt_alloc_buffer_with_reserve_debug: (wifi): Data allocation maximum size 78 (requested 78, reserve 0)[0m
[07:45:45.642] [1;32muart:~$ [m^[[1[12D[J[00:06:32.429,000] [0m<dbg> net_pkt.pkt_alloc_buffer: (wifi): RDATA (rx_bufs) [159] frag 0x3c17286c ref 1 (eth_esp32_rx():153)[0m
[07:45:45.659] [1;32muart:~$ [m^[[1[12D[J[00:06:32.429,000] [0m<dbg> net_pkt.net_pkt_write: (wifi): pkt 0x3c173cf0 data 0x3c26f2ac length 78[0m
[07:45:45.675] [1;32muart:~$ [m^[[1[12D[J[00:06:32.429,000] [0m<dbg> net_pkt.net_pkt_skip: (rx_q[0]): pkt 0x3c173cf0 skip 40[0m
[07:45:45.692] [1;32muart:~$ [m^[[1[12D[J[00:06:32.429,000] [0m<dbg> net_pkt.net_pkt_skip: (rx_q[0]): pkt 0x3c173cf0 skip 8[0m
[07:45:45.708] [1;32muart:~$ [m^[[1[12D[J[00:06:32.429,000] [0m<dbg> net_pkt.net_pkt_skip: (rx_q[0]): pkt 0x3c173cf0 skip 32[0m
[07:45:45.724] [1;32muart:~$ [m^[[1[12D[J[00:06:32.429,000] [0m<dbg> net_pkt.net_pkt_skip: (rx_q[0]): pkt 0x3c173cf0 skip 4[0m
[07:45:45.739] [1;32muart:~$ [m^[[1[12D[J[00:06:32.429,000] [0m<dbg> net_pkt.net_pkt_unref_debug: (rx_q[0]): RX [39] pkt 0x3c173cf0 ref 0 frags 0x3c17286c (processing_data():157)[0m
[07:45:45.756] [1;32muart:~$ [m^[[1[12D[J[00:06:32.429,000] [0m<dbg> net_pkt.net_pkt_unref_debug: (rx_q[0]): RDATA (rx_bufs) [159] frag 0x3c17286c ref 0 frags 0 (processing_data():157)[0m
[07:45:45.773] [1;32muart:~$ [m^[[1[12D[J[00:06:32.430,000] [0m<dbg> net_pkt.net_pkt_frag_unref_debug: (rx_q[0]): RDATA (rx_bufs) [159] frag 0x3c17286c ref 0 (net_pkt_unref_debug():612)[0m
[07:45:45.789] [1;32muart:~$ [m^[[1[12D[J[00:06:32.430,000] [0m<dbg> net_pkt.net_pkt_print: (rx_q[0]): TX 16 RX 40 RDATA 160 TDATA 80[0m
[07:45:45.806] [1;32muart:~$ [m^[[1[12D[J[1;32muart:~$ [m^[[1[12D[J[1;32muart:~$ [m^[[1[12D[J[1;31m[1;31m--- 61 messages dropped ---
[07:45:46.988] [0m[m[00:06:33.932,000] [0m<dbg> net_pkt.net_pkt_unref_debug: (rx_q[0]): TX [14] pkt 0x3c172f28 ref 0 frags 0x3c15d4d8 (ethernet_send():800)[0m
[07:45:46.989] [1;32muart:~$ [m^[[1[12D[J[1;31m[1;31m--- 19 messages dropped ---
[07:45:47.005] [0m[m[00:06:33.932,000] [0m<dbg> net_pkt.net_pkt_unref_debug: (rx_q[0]): TDATA (tx_bufs) [77] frag 0x3c15d4d8 ref 0 frags 0x3c15d4bc (ethernet_send():800)[0m
[07:45:47.006] [1;32muart:~$ [m^[[1[12D[J[00:06:33.932,000] [0m<dbg> net_pkt.net_pkt_unref_debug: (rx_q[0]): TDATA (tx_bufs) [77] frag 0x3c15d4bc ref 0 frags 0 (ethernet_send():800)[0m
[07:45:47.023] [1;32muart:~$ [m^[[1[12D[J[00:06:33.932,000] [0m<dbg> net_pkt.net_pkt_frag_unref_debug: (rx_q[0]): TDATA (tx_bufs) [77] frag 0x3c15d4d8 ref 0 (net_pkt_unref_debug():612)[0m
[07:45:47.040] [1;32muart:~$ [m^[[1[12D[J[00:06:33.932,000] [0m<dbg> net_pkt.net_pkt_frag_unref_debug: (rx_q[0]): TDATA (tx_bufs) [78] frag 0x3c15d4bc ref 0 (net_pkt_unref_debug():612)[0m
[07:45:47.057] [1;32muart:~$ [m^[[1[12D[J[00:06:33.932,000] [0m<dbg> net_pkt.net_pkt_unref_debug: (rx_q[0]): TX [15] pkt 0x3c172ee0 ref 2 frags 0x3c15d4a0 (tcp_send():472)[0m
[07:45:47.074] [1;32muart:~$ [m^[[1[12D[J[00:06:33.938,000] [0m<dbg> net_pkt.net_pkt_get_reserve_data_debug: (rx_q[0]): TDATA (tx_bufs) [78] frag 0x3c15d4bc ref 1 (ethernet_fill_header():610)[0m
[07:45:47.091] [1;32muart:~$ [m^[[1[12D[J[00:06:33.938,000] [0m<dbg> net_pkt.net_pkt_frag_insert_debug: (rx_q[0]): pkt 0x3c172ee0 frag 0x3c15d4bc (ethernet_fill_header:669)[0m
[07:45:47.107] [1;32muart:~$ [m^[[1[12D[J[00:06:33.938,000] [0m<dbg> net_pkt.net_pkt_read: (rx_q[0]): pkt 0x3c172ee0 data 0x3fcc36ae length 74[0m
[07:45:47.123] [1;32muart:~$ [m^[[1[12D[J[00:06:33.939,000] [0m<dbg> net_pkt.net_pkt_unref_debug: (rx_q[0]): TX [15] pkt 0x3c172ee0 ref 1 frags 0x3c15d4bc (ethernet_send():800)[0m
[07:45:47.140] [1;32muart:~$ [m^[[1[12D[J[00:06:33.939,000] [0m<dbg> net_pkt.net_pkt_unref_debug: (rx_q[0]): TX [15] pkt 0x3c172ee0 ref 0 frags 0x3c15d4bc (handle_na_neighbor():1896)[0m
[07:45:47.157] [1;32muart:~$ [m^[[1[12D[J[00:06:33.939,000] [0m<dbg> net_pkt.net_pkt_unref_debug: (rx_q[0]): TDATA (tx_bufs) [78] frag 0x3c15d4bc ref 0 frags 0x3c15d4a0 (handle_na_neighbor():1896)[0m
[07:45:47.173] [1;32muart:~$ [m^[[1[12D[J[00:06:33.939,000] [0m<dbg> net_pkt.net_pkt_unref_debug: (rx_q[0]): TDATA (tx_bufs) [78] frag 0x3c15d4a0 ref 0 frags 0 (handle_na_neighbor():1896)[0m
[07:45:47.190] [1;32muart:~$ [m^[[1[12D[J[00:06:33.939,000] [0m<dbg> net_pkt.net_pkt_frag_unref_debug: (rx_q[0]): TDATA (tx_bufs) [78] frag 0x3c15d4bc ref 0 (net_pkt_unref_debug():612)[0m
[07:45:47.207] [1;32muart:~$ [m^[[1[12D[J[00:06:33.939,000] [0m<dbg> net_pkt.net_pkt_unref_debug: (rx_q[0]): RX [39] pkt 0x3c173cf0 ref 0 frags 0x3c17286c (net_icmpv6_input():408)[0m
[07:45:47.223] [1;32muart:~$ [m^[[1[12D[J[00:06:33.939,000] [0m<dbg> net_pkt.net_pkt_unref_debug: (rx_q[0]): RDATA (rx_bufs) [159] frag 0x3c17286c ref 0 frags 0 (net_icmpv6_input():408)[0m
[07:45:47.240] [1;32muart:~$ [m^[[1[12D[J[00:06:33.939,000] [0m<dbg> net_pkt.net_pkt_frag_unref_debug: (rx_q[0]): RDATA (rx_bufs) [159] frag 0x3c17286c ref 0 (net_pkt_unref_debug():612)[0m
[07:45:47.256] [1;32muart:~$ [m^[[1[12D[J[00:06:33.939,000] [0m<dbg> net_pkt.net_pkt_print: (rx_q[0]): TX 16 RX 40 RDATA 160 TDATA 80[0m
[07:45:47.272] [1;32muart:~$ [m^[[1[12D[J[1;32muart:~$ [m^[[1[12D[J[1;32muart:~$ [m^[[1[12D[J[1;31m[1;31m--- 3 messages dropped ---
[07:45:48.206] [0m[m[00:06:34.338,000] [0m<dbg> net_pkt.net_pkt_write: (wifi): pkt 0x3c173cf0 data 0x3c26f2aa length 60[0m
[07:45:48.207] [1;32muart:~$ [m^[[1[12D[J[00:06:34.338,000] [0m<dbg> net_pkt.net_pkt_unref_debug: (rx_q[0]): RX [39] pkt 0x3c173cf0 ref 0 frags 0x3c17286c (processing_data():157)[0m
[07:45:48.224] [1;32muart:~$ [m^[[1[12D[J[00:06:34.338,000] [0m<dbg> net_pkt.net_pkt_unref_debug: (rx_q[0]): RDATA (rx_bufs) [159] frag 0x3c17286c ref 0 frags 0 (processing_data():157)[0m
[07:45:48.240] [1;32muart:~$ [m^[[1[12D[J[00:06:34.338,000] [0m<dbg> net_pkt.net_pkt_frag_unref_debug: (rx_q[0]): RDATA (rx_bufs) [159] frag 0x3c17286c ref 0 (net_pkt_unref_debug():612)[0m
[07:45:48.257] [1;32muart:~$ [m^[[1[12D[J[00:06:34.338,000] [0m<dbg> net_pkt.net_pkt_print: (rx_q[0]): TX 16 RX 40 RDATA 160 TDATA 80[0m
[07:45:48.273] [1;32muart:~$ [m^[[1[12D[J[00:06:35.157,000] [0m<dbg> net_pkt.pkt_alloc_with_buffer: (wifi): On iface 1 (0x3fc9ea10) size 60[0m
[07:45:48.289] [1;32muart:~$ [m^[[1[12D[J[00:06:35.157,000] [0m<dbg> net_pkt.net_pkt_alloc_buffer_with_reserve_debug: (wifi): Data allocation maximum size 60 (requested 60, reserve 0)[0m
[07:45:48.306] [1;32muart:~$ [m^[[1[12D[J[00:06:35.157,000] [0m<dbg> net_pkt.pkt_alloc_buffer: (wifi): RDATA (rx_bufs) [159] frag 0x3c17286c ref 1 (eth_esp32_rx():153)[0m
[07:45:48.323] [1;32muart:~$ [m^[[1[12D[J[00:06:35.157,000] [0m<dbg> net_pkt.net_pkt_write: (wifi): pkt 0x3c173cf0 data 0x3c26f2aa length 60[0m
[07:45:48.339] [1;32muart:~$ [m^[[1[12D[J[00:06:35.157,000] [0m<dbg> net_pkt.net_pkt_unref_debug: (rx_q[0]): RX [39] pkt 0x3c173cf0 ref 0 frags 0x3c17286c (processing_data():157)[0m
[07:45:48.356] [1;32muart:~$ [m^[[1[12D[J[00:06:35.157,000] [0m<dbg> net_pkt.net_pkt_unref_debug: (rx_q[0]): RDATA (rx_bufs) [159] frag 0x3c17286c ref 0 frags 0 (processing_data():157)[0m
[07:45:48.372] [1;32muart:~$ [m^[[1[12D[J[00:06:35.157,000] [0m<dbg> net_pkt.net_pkt_frag_unref_debug: (rx_q[0]): RDATA (rx_bufs) [159] frag 0x3c17286c ref 0 (net_pkt_unref_debug():612)[0m
[07:45:48.389] [1;32muart:~$ [m^[[1[12D[J[00:06:35.157,000] [0m<dbg> net_pkt.net_pkt_print: (rx_q[0]): TX 16 RX 40 RDATA 160 TDATA 80[0m
[07:45:48.406] [1;32muart:~$ [m^[[1[12D[J[1;31m[1;31m--- 31 messages dropped ---
[07:45:48.422] [0m[m[00:06:35.364,000] [0m<dbg> net_pkt.net_pkt_skip: (rx_q[0]): pkt 0x3c172ee0 skip 4[0m
[07:45:48.423] [1;32muart:~$ [m^[[1[12D[J[00:06:35.364,000] [0m<dbg> net_pkt.net_pkt_get_reserve_data_debug: (rx_q[0]): TDATA (tx_bufs) [78] frag 0x3c15d4bc ref 1 (ethernet_fill_header():610)[0m
[07:45:48.439] [1;32muart:~$ [m^[[1[12D[J[00:06:35.364,000] [0m<dbg> net_pkt.net_pkt_frag_insert_debug: (rx_q[0]): pkt 0x3c172ee0 frag 0x3c15d4bc (ethernet_fill_header:669)[0m
[07:45:48.456] [1;32muart:~$ [m^[[1[12D[J[00:06:35.364,000] [0m<dbg> net_pkt.net_pkt_read: (rx_q[0]): pkt 0x3c172ee0 data 0x3fcc36ae length 86[0m
[07:45:48.473] [1;32muart:~$ [m^[[1[12D[J[00:06:35.364,000] [0m<dbg> net_pkt.net_pkt_unref_debug: (rx_q[0]): TX [15] pkt 0x3c172ee0 ref 0 frags 0x3c15d4bc (ethernet_send():800)[0m
[07:45:48.490] [1;32muart:~$ [m^[[1[12D[J[00:06:35.364,000] [0m<dbg> net_pkt.net_pkt_unref_debug: (rx_q[0]): TDATA (tx_bufs) [78] frag 0x3c15d4bc ref 0 frags 0x3c15d4a0 (ethernet_send():800)[0m
[07:45:48.506] [1;32muart:~$ [m^[[1[12D[J[00:06:35.364,000] [0m<dbg> net_pkt.net_pkt_unref_debug: (rx_q[0]): TDATA (tx_bufs) [78] frag 0x3c15d4a0 ref 0 frags 0 (ethernet_send():800)[0m
[07:45:48.523] [1;32muart:~$ [m^[[1[12D[J[00:06:35.364,000] [0m<dbg> net_pkt.net_pkt_frag_unref_debug: (rx_q[0]): TDATA (tx_bufs) [78] frag 0x3c15d4bc ref 0 (net_pkt_unref_debug():612)[0m
[07:45:48.540] [1;32muart:~$ [m^[[1[12D[J[00:06:35.365,000] [0m<dbg> net_pkt.net_pkt_frag_unref_debug: (rx_q[0]): TDATA (tx_bufs) [79] frag 0x3c15d4a0 ref 0 (net_pkt_unref_debug():612)[0m
[07:45:48.558] [1;32muart:~$ [m^[[1[12D[J[00:06:35.365,000] [0m<dbg> net_pkt.net_pkt_unref_debug: (rx_q[0]): RX [39] pkt 0x3c173cf0 ref 0 frags 0x3c17286c (net_icmpv6_input():408)[0m
[07:45:48.573] [1;32muart:~$ [m^[[1[12D[J[00:06:35.365,000] [0m<dbg> net_pkt.net_pkt_unref_debug: (rx_q[0]): RDATA (rx_bufs) [159] frag 0x3c17286c ref 0 frags 0 (net_icmpv6_input():408)[0m
[07:45:48.590] [1;32muart:~$ [m^[[1[12D[J[00:06:35.365,000] [0m<dbg> net_pkt.net_pkt_frag_unref_debug: (rx_q[0]): RDATA (rx_bufs) [159] frag 0x3c17286c ref 0 (net_pkt_unref_debug():612)[0m
[07:45:48.606] [1;32muart:~$ [m^[[1[12D[J[00:06:35.365,000] [0m<dbg> net_pkt.net_pkt_print: (rx_q[0]): TX 16 RX 40 RDATA 160 TDATA 80[0m
[07:45:48.623] [1;32muart:~$ [m^[[1[12D[J[1;32muart:~$ [m^[[1[12D[J[1;32muart:~$ [m^[[1[12D[J[00:06:36.181,000] [0m<dbg> net_pkt.pkt_alloc_with_buffer: (wifi): On iface 1 (0x3fc9ea10) size 60[0m
[07:45:50.230] [1;32muart:~$ [m^[[1[12D[J[00:06:36.181,000] [0m<dbg> net_pkt.net_pkt_alloc_buffer_with_reserve_debug: (wifi): Data allocation maximum size 60 (requested 60, reserve 0)[0m
[07:45:50.247] [1;32muart:~$ [m^[[1[12D[J[00:06:36.181,000] [0m<dbg> net_pkt.pkt_alloc_buffer: (wifi): RDATA (rx_bufs) [159] frag 0x3c17286c ref 1 (eth_esp32_rx():153)[0m
[07:45:50.263] [1;32muart:~$ [m^[[1[12D[J[00:06:36.181,000] [0m<dbg> net_pkt.net_pkt_write: (wifi): pkt 0x3c173cf0 data 0x3c26f2aa length 60[0m
[07:45:50.280] [1;32muart:~$ [m^[[1[12D[J[00:06:36.181,000] [0m<dbg> net_pkt.net_pkt_unref_debug: (rx_q[0]): RX [39] pkt 0x3c173cf0 ref 0 frags 0x3c17286c (processing_data():157)[0m
[07:45:50.296] [1;32muart:~$ [m^[[1[12D[J[00:06:36.181,000] [0m<dbg> net_pkt.net_pkt_unref_debug: (rx_q[0]): RDATA (rx_bufs) [159] frag 0x3c17286c ref 0 frags 0 (processing_data():157)[0m
[07:45:50.313] [1;32muart:~$ [m^[[1[12D[J[00:06:36.181,000] [0m<dbg> net_pkt.net_pkt_frag_unref_debug: (rx_q[0]): RDATA (rx_bufs) [159] frag 0x3c17286c ref 0 (net_pkt_unref_debug():612)[0m
[07:45:50.330] [1;32muart:~$ [m^[[1[12D[J[00:06:36.181,000] [0m<dbg> net_pkt.net_pkt_print: (rx_q[0]): TX 16 RX 40 RDATA 160 TDATA 80[0m
[07:45:50.346] [1;32muart:~$ [m^[[1[12D[J[1;32muart:~$ [m^[[1[12D[J[1;32muart:~$ [m^[[1[12D[J[1;31m[1;31m--- 3 messages dropped ---
[07:45:51.278] [0m[m[00:06:37.410,000] [0m<dbg> net_pkt.net_pkt_write: (wifi): pkt 0x3c173cf0 data 0x3c26f2aa length 60[0m
[07:45:51.279] [1;32muart:~$ [m^[[1[12D[J[00:06:37.410,000] [0m<dbg> net_pkt.net_pkt_unref_debug: (rx_q[0]): RX [39] pkt 0x3c173cf0 ref 0 frags 0x3c17286c (processing_data():157)[0m
[07:45:51.296] [1;32muart:~$ [m^[[1[12D[J[00:06:37.410,000] [0m<dbg> net_pkt.net_pkt_unref_debug: (rx_q[0]): RDATA (rx_bufs) [159] frag 0x3c17286c ref 0 frags 0 (processing_data():157)[0m
[07:45:51.313] [1;32muart:~$ [m^[[1[12D[J[00:06:37.410,000] [0m<dbg> net_pkt.net_pkt_frag_unref_debug: (rx_q[0]): RDATA (rx_bufs) [159] frag 0x3c17286c ref 0 (net_pkt_unref_debug():612)[0m
[07:45:51.330] [1;32muart:~$ [m^[[1[12D[J[00:06:37.410,000] [0m<dbg> net_pkt.net_pkt_print: (rx_q[0]): TX 16 RX 40 RDATA 160 TDATA 80[0m
[07:45:51.346] [1;32muart:~$ [m^[[1[12D[J[00:06:38.229,000] [0m<dbg> net_pkt.pkt_alloc_with_buffer: (wifi): On iface 1 (0x3fc9ea10) size 60[0m
[07:45:51.363] [1;32muart:~$ [m^[[1[12D[J[00:06:38.229,000] [0m<dbg> net_pkt.net_pkt_alloc_buffer_with_reserve_debug: (wifi): Data allocation maximum size 60 (requested 60, reserve 0)[0m
[07:45:51.379] [1;32muart:~$ [m^[[1[12D[J[00:06:38.229,000] [0m<dbg> net_pkt.pkt_alloc_buffer: (wifi): RDATA (rx_bufs) [159] frag 0x3c17286c ref 1 (eth_esp32_rx():153)[0m
[07:45:51.396] [1;32muart:~$ [m^[[1[12D[J[00:06:38.229,000] [0m<dbg> net_pkt.net_pkt_write: (wifi): pkt 0x3c173cf0 data 0x3c26f2aa length 60[0m
[07:45:51.412] [1;32muart:~$ [m^[[1[12D[J[00:06:38.229,000] [0m<dbg> net_pkt.net_pkt_unref_debug: (rx_q[0]): RX [39] pkt 0x3c173cf0 ref 0 frags 0x3c17286c (processing_data():157)[0m
[07:45:51.429] [1;32muart:~$ [m^[[1[12D[J[00:06:38.229,000] [0m<dbg> net_pkt.net_pkt_unref_debug: (rx_q[0]): RDATA (rx_bufs) [159] frag 0x3c17286c ref 0 frags 0 (processing_data():157)[0m
[07:45:51.445] [1;32muart:~$ [m^[[1[12D[J[00:06:38.229,000] [0m<dbg> net_pkt.net_pkt_frag_unref_debug: (rx_q[0]): RDATA (rx_bufs) [159] frag 0x3c17286c ref 0 (net_pkt_unref_debug():612)[0m
[07:45:51.462] [1;32muart:~$ [m^[[1[12D[J[00:06:38.229,000] [0m<dbg> net_pkt.net_pkt_print: (rx_q[0]): TX 16 RX 40 RDATA 160 TDATA 80[0m
[07:45:51.478] [1;32muart:~$ [m^[[1[12D[J[1;32muart:~$ [m^[[1[12D[J[1;32muart:~$ [m^[[1[12D[J[1;31m[1;31m--- 88 messages dropped ---
[07:45:51.998] [0m[m[00:06:38.949,000] [0m<dbg> net_pkt.net_pkt_skip: (rx_q[0]): pkt 0x3c173cf0 skip 40[0m
[07:45:51.999] [1;32muart:~$ [m^[[1[12D[J[00:06:38.949,000] [0m<dbg> net_pkt.net_pkt_skip: (rx_q[0]): pkt 0x3c173cf0 skip 8[0m
[07:45:52.015] [1;32muart:~$ [m^[[1[12D[J[00:06:38.949,000] [0m<dbg> net_pkt.net_pkt_skip: (rx_q[0]): pkt 0x3c173cf0 skip 32[0m
[07:45:52.031] [1;32muart:~$ [m^[[1[12D[J[00:06:38.949,000] [0m<dbg> net_pkt.net_pkt_write: (rx_q[0]): pkt 0x3c173cf0 data 0x3c16a796 length 20[0m
[07:45:52.048] [1;32muart:~$ [m^[[1[12D[J[00:06:38.949,000] [0m<dbg> net_pkt.net_pkt_skip: (rx_q[0]): pkt 0x3c173cf0 skip 20[0m
[07:45:52.064] [1;32muart:~$ [m^[[1[12D[J[00:06:38.949,000] [0m<dbg> net_pkt.net_pkt_skip: (rx_q[0]): pkt 0x3c173cf0 skip 40[0m
[07:45:52.081] [1;32muart:~$ [m^[[1[12D[J[00:06:38.949,000] [0m<dbg> net_pkt.net_pkt_skip: (rx_q[0]): pkt 0x3c173cf0 skip 40[0m
[07:45:52.097] [1;32muart:~$ [m^[[1[12D[J[00:06:38.949,000] [0m<dbg> net_pkt.net_pkt_skip: (rx_q[0]): pkt 0x3c173cf0 skip 40[0m
[07:45:52.113] [1;32muart:~$ [m^[[1[12D[J[00:06:38.949,000] [0m<dbg> net_pkt.net_pkt_skip: (rx_q[0]): pkt 0x3c173cf0 skip 40[0m
[07:45:52.129] [1;32muart:~$ [m^[[1[12D[J[00:06:38.949,000] [0m<dbg> net_pkt.net_pkt_skip: (rx_q[0]): pkt 0x3c173cf0 skip 40[0m
[07:45:52.145] [1;32muart:~$ [m^[[1[12D[J[00:06:38.949,000] [0m<dbg> net_pkt.net_pkt_unref_debug: (rx_q[0]): RX [39] pkt 0x3c173cf0 ref 0 frags 0x3c17286c (tcp_in():3635)[0m
[07:45:52.162] [1;32muart:~$ [m^[[1[12D[J[00:06:38.949,000] [0m<dbg> net_pkt.net_pkt_unref_debug: (rx_q[0]): RDATA (rx_bufs) [159] frag 0x3c17286c ref 0 frags 0 (tcp_in():3635)[0m
[07:45:52.178] [1;32muart:~$ [m^[[1[12D[J[00:06:38.950,000] [0m<dbg> net_pkt.net_pkt_frag_unref_debug: (rx_q[0]): RDATA (rx_bufs) [159] frag 0x3c17286c ref 0 (net_pkt_unref_debug():612)[0m
[07:45:52.195] [1;32muart:~$ [m^[[1[12D[J[00:06:38.950,000] [0m<dbg> net_pkt.net_pkt_print: (rx_q[0]): TX 16 RX 40 RDATA 160 TDATA 80[0m
[07:45:52.211] [1;32muart:~$ [m^[[1[12D[J[1;32muart:~$ [m^[[1[12D[J[1;32muart:~$ [m^[[1[12D[J[1;31m[1;31m--- 3 messages dropped ---
[07:45:53.326] [0m[m[00:06:39.458,000] [0m<dbg> net_pkt.net_pkt_write: (wifi): pkt 0x3c173cf0 data 0x3c26f2aa length 60[0m
[07:45:53.327] [1;32muart:~$ [m^[[1[12D[J[00:06:39.458,000] [0m<dbg> net_pkt.net_pkt_unref_debug: (rx_q[0]): RX [39] pkt 0x3c173cf0 ref 0 frags 0x3c17286c (processing_data():157)[0m
[07:45:53.344] [1;32muart:~$ [m^[[1[12D[J[00:06:39.458,000] [0m<dbg> net_pkt.net_pkt_unref_debug: (rx_q[0]): RDATA (rx_bufs) [159] frag 0x3c17286c ref 0 frags 0 (processing_data():157)[0m
[07:45:53.360] [1;32muart:~$ [m^[[1[12D[J[00:06:39.458,000] [0m<dbg> net_pkt.net_pkt_frag_unref_debug: (rx_q[0]): RDATA (rx_bufs) [159] frag 0x3c17286c ref 0 (net_pkt_unref_debug():612)[0m
[07:45:53.377] [1;32muart:~$ [m^[[1[12D[J[00:06:39.458,000] [0m<dbg> net_pkt.net_pkt_print: (rx_q[0]): TX 16 RX 40 RDATA 160 TDATA 80[0m
[07:45:53.393] [1;32muart:~$ [m^[[1[12D[J[00:06:40.277,000] [0m<dbg> net_pkt.pkt_alloc_with_buffer: (wifi): On iface 1 (0x3fc9ea10) size 60[0m
[07:45:53.409] [1;32muart:~$ [m^[[1[12D[J[00:06:40.277,000] [0m<dbg> net_pkt.net_pkt_alloc_buffer_with_reserve_debug: (wifi): Data allocation maximum size 60 (requested 60, reserve 0)[0m
[07:45:53.426] [1;32muart:~$ [m^[[1[12D[J[00:06:40.277,000] [0m<dbg> net_pkt.pkt_alloc_buffer: (wifi): RDATA (rx_bufs) [159] frag 0x3c17286c ref 1 (eth_esp32_rx():153)[0m
[07:45:53.442] [1;32muart:~$ [m^[[1[12D[J[00:06:40.277,000] [0m<dbg> net_pkt.net_pkt_write: (wifi): pkt 0x3c173cf0 data 0x3c26f2aa length 60[0m
[07:45:53.459] [1;32muart:~$ [m^[[1[12D[J[00:06:40.277,000] [0m<dbg> net_pkt.net_pkt_unref_debug: (rx_q[0]): RX [39] pkt 0x3c173cf0 ref 0 frags 0x3c17286c (processing_data():157)[0m
[07:45:53.475] [1;32muart:~$ [m^[[1[12D[J[00:06:40.277,000] [0m<dbg> net_pkt.net_pkt_unref_debug: (rx_q[0]): RDATA (rx_bufs) [159] frag 0x3c17286c ref 0 frags 0 (processing_data():157)[0m
[07:45:53.492] [1;32muart:~$ [m^[[1[12D[J[00:06:40.277,000] [0m<dbg> net_pkt.net_pkt_frag_unref_debug: (rx_q[0]): RDATA (rx_bufs) [159] frag 0x3c17286c ref 0 (net_pkt_unref_debug():612)[0m
[07:45:53.508] [1;32muart:~$ [m^[[1[12D[J[00:06:40.277,000] [0m<dbg> net_pkt.net_pkt_print: (rx_q[0]): TX 16 RX 40 RDATA 160 TDATA 80[0m
[07:45:53.525] [1;32muart:~$ [m^[[1[12D[J[1;32muart:~$ [m^[[1[12D[J[1;32muart:~$ [m^[[1[12D[J[1;31m[1;31m--- 32 messages dropped ---
[07:45:53.742] [0m[m[00:06:40.689,000] [0m<dbg> net_pkt.net_pkt_read: (rx_q[0]): pkt 0x3c172ee0 data 0x3fcc36ae length 74[0m
[07:45:53.742] [1;32muart:~$ [m^[[1[12D[J[00:06:40.689,000] [0m<dbg> net_pkt.net_pkt_unref_debug: (rx_q[0]): TX [15] pkt 0x3c172ee0 ref 1 frags 0x3c15d4bc (ethernet_send():800)[0m
[07:45:53.759] [1;32muart:~$ [m^[[1[12D[J[00:06:40.689,000] [0m<dbg> net_pkt.net_pkt_unref_debug: (rx_q[0]): TX [15] pkt 0x3c172ee0 ref 0 frags 0x3c15d4bc (tcp_send():472)[0m
[07:45:53.775] [1;32muart:~$ [m^[[1[12D[J[00:06:40.690,000] [0m<dbg> net_pkt.net_pkt_unref_debug: (rx_q[0]): TDATA (tx_bufs) [78] frag 0x3c15d4bc ref 0 frags 0x3c15d4a0 (tcp_send():472)[0m
[07:45:53.792] [1;32muart:~$ [m^[[1[12D[J[00:06:40.690,000] [0m<dbg> net_pkt.net_pkt_unref_debug: (rx_q[0]): TDATA (tx_bufs) [78] frag 0x3c15d4a0 ref 0 frags 0 (tcp_send():472)[0m
[07:45:53.809] [1;32muart:~$ [m^[[1[12D[J[00:06:40.690,000] [0m<dbg> net_pkt.net_pkt_frag_unref_debug: (rx_q[0]): TDATA (tx_bufs) [78] frag 0x3c15d4bc ref 0 (net_pkt_unref_debug():612)[0m
[07:45:53.825] [1;32muart:~$ [m^[[1[12D[J[00:06:40.690,000] [0m<dbg> net_pkt.net_pkt_frag_unref_debug: (rx_q[0]): TDATA (tx_bufs) [79] frag 0x3c15d4a0 ref 0 (net_pkt_unref_debug():612)[0m
[07:45:53.842] [1;32muart:~$ [m^[[1[12D[J[00:06:40.690,000] [0m<dbg> net_pkt.net_pkt_print: (rx_q[0]): TX 16 RX 39 RDATA 159 TDATA 80[0m
[07:45:53.859] [1;32muart:~$ [m^[[1[12D[J[00:06:40.691,000] [0m<dbg> net_pkt.net_pkt_read: (llss_thread): pkt 0x3c173cf0 data 0x3c246e00 length 5[0m
[07:45:53.875] [1;32muart:~$ [m^[[1[12D[J[00:06:40.691,000] [0m<dbg> net_pkt.net_pkt_read: (llss_thread): pkt 0x3c173cf0 data 0x3c246e05 length 233[0m
[07:45:53.892] [1;32muart:~$ [m^[[1[12D[J[00:06:40.691,000] [0m<dbg> net_pkt.net_pkt_unref_debug: (llss_thread): RX [39] pkt 0x3c173cf0 ref 0 frags 0x3c17286c (zsock_recv_stream_immediate():1423)[0m
[07:45:53.908] [1;32muart:~$ [m^[[1[12D[J[00:06:40.692,000] [0m<dbg> net_pkt.net_pkt_unref_debug: (llss_thread): RDATA (rx_bufs) [159] frag 0x3c17286c ref 0 frags 0 (zsock_recv_stream_immediate():1423)[0m
[07:45:53.925] [1;32muart:~$ [m^[[1[12D[J[00:06:40.692,000] [0m<dbg> net_pkt.net_pkt_frag_unref_debug: (llss_thread): RDATA (rx_bufs) [159] frag 0x3c17286c ref 0 (net_pkt_unref_debug():612)[0m
[07:45:53.942] [1;32muart:~$ [m^[[1[12D[J[1;32muart:~$ [m^[[1[12D[J[1;32muart:~$ [m^[[1[12D[J[00:06:41.301,000] [0m<dbg> net_pkt.pkt_alloc_with_buffer: (wifi): On iface 1 (0x3fc9ea10) size 60[0m
[07:45:55.350] [1;32muart:~$ [m^[[1[12D[J[00:06:41.301,000] [0m<dbg> net_pkt.net_pkt_alloc_buffer_with_reserve_debug: (wifi): Data allocation maximum size 60 (requested 60, reserve 0)[0m
[07:45:55.367] [1;32muart:~$ [m^[[1[12D[J[00:06:41.301,000] [0m<dbg> net_pkt.pkt_alloc_buffer: (wifi): RDATA (rx_bufs) [159] frag 0x3c17286c ref 1 (eth_esp32_rx():153)[0m
[07:45:55.383] [1;32muart:~$ [m^[[1[12D[J[00:06:41.301,000] [0m<dbg> net_pkt.net_pkt_write: (wifi): pkt 0x3c173cf0 data 0x3c26f2aa length 60[0m
[07:45:55.400] [1;32muart:~$ [m^[[1[12D[J[00:06:41.301,000] [0m<dbg> net_pkt.net_pkt_unref_debug: (rx_q[0]): RX [39] pkt 0x3c173cf0 ref 0 frags 0x3c17286c (processing_data():157)[0m
[07:45:55.417] [1;32muart:~$ [m^[[1[12D[J[00:06:41.301,000] [0m<dbg> net_pkt.net_pkt_unref_debug: (rx_q[0]): RDATA (rx_bufs) [159] frag 0x3c17286c ref 0 frags 0 (processing_data():157)[0m
[07:45:55.433] [1;32muart:~$ [m^[[1[12D[J[00:06:41.301,000] [0m<dbg> net_pkt.net_pkt_frag_unref_debug: (rx_q[0]): RDATA (rx_bufs) [159] frag 0x3c17286c ref 0 (net_pkt_unref_debug():612)[0m
[07:45:55.450] [1;32muart:~$ [m^[[1[12D[J[00:06:41.301,000] [0m<dbg> net_pkt.net_pkt_print: (rx_q[0]): TX 16 RX 40 RDATA 160 TDATA 80[0m
[07:45:55.466] [1;32muart:~$ [m^[[1[12D[J[1;32muart:~$ [m^[[1[12D[J[1;32muart:~$ [m^[[1[12D[J[00:06:42.325,000] [0m<dbg> net_pkt.pkt_alloc_with_buffer: (wifi): On iface 1 (0x3fc9ea10) size 60[0m
[07:45:56.374] [1;32muart:~$ [m^[[1[12D[J[00:06:42.325,000] [0m<dbg> net_pkt.net_pkt_alloc_buffer_with_reserve_debug: (wifi): Data allocation maximum size 60 (requested 60, reserve 0)[0m
[07:45:56.391] [1;32muart:~$ [m^[[1[12D[J[00:06:42.325,000] [0m<dbg> net_pkt.pkt_alloc_buffer: (wifi): RDATA (rx_bufs) [159] frag 0x3c17286c ref 1 (eth_esp32_rx():153)[0m
[07:45:56.407] [1;32muart:~$ [m^[[1[12D[J[00:06:42.325,000] [0m<dbg> net_pkt.net_pkt_write: (wifi): pkt 0x3c173cf0 data 0x3c26f2aa length 60[0m
[07:45:56.424] [1;32muart:~$ [m^[[1[12D[J[00:06:42.325,000] [0m<dbg> net_pkt.net_pkt_unref_debug: (rx_q[0]): RX [39] pkt 0x3c173cf0 ref 0 frags 0x3c17286c (processing_data():157)[0m
[07:45:56.441] [1;32muart:~$ [m^[[1[12D[J[00:06:42.325,000] [0m<dbg> net_pkt.net_pkt_unref_debug: (rx_q[0]): RDATA (rx_bufs) [159] frag 0x3c17286c ref 0 frags 0 (processing_data():157)[0m
[07:45:56.457] [1;32muart:~$ [m^[[1[12D[J[00:06:42.325,000] [0m<dbg> net_pkt.net_pkt_frag_unref_debug: (rx_q[0]): RDATA (rx_bufs) [159] frag 0x3c17286c ref 0 (net_pkt_unref_debug():612)[0m
[07:45:56.474] [1;32muart:~$ [m^[[1[12D[J[00:06:42.325,000] [0m<dbg> net_pkt.net_pkt_print: (rx_q[0]): TX 16 RX 40 RDATA 160 TDATA 80[0m
[07:45:56.491] [1;32muart:~$ [m^[[1[12D[J[1;32muart:~$ [m^[[1[12D[J[1;32muart:~$ [m^[[1[12D[J[00:06:43.349,000] [0m<dbg> net_pkt.pkt_alloc_with_buffer: (wifi): On iface 1 (0x3fc9ea10) size 60[0m
[07:45:57.397] [1;32muart:~$ [m^[[1[12D[J[00:06:43.349,000] [0m<dbg> net_pkt.net_pkt_alloc_buffer_with_reserve_debug: (wifi): Data allocation maximum size 60 (requested 60, reserve 0)[0m
[07:45:57.414] [1;32muart:~$ [m^[[1[12D[J[00:06:43.349,000] [0m<dbg> net_pkt.pkt_alloc_buffer: (wifi): RDATA (rx_bufs) [159] frag 0x3c17286c ref 1 (eth_esp32_rx():153)[0m
[07:45:57.431] [1;32muart:~$ [m^[[1[12D[J[00:06:43.349,000] [0m<dbg> net_pkt.net_pkt_write: (wifi): pkt 0x3c173cf0 data 0x3c26f2aa length 60[0m
[07:45:57.447] [1;32muart:~$ [m^[[1[12D[J[00:06:43.349,000] [0m<dbg> net_pkt.net_pkt_unref_debug: (rx_q[0]): RX [39] pkt 0x3c173cf0 ref 0 frags 0x3c17286c (processing_data():157)[0m
[07:45:57.464] [1;32muart:~$ [m^[[1[12D[J[00:06:43.349,000] [0m<dbg> net_pkt.net_pkt_unref_debug: (rx_q[0]): RDATA (rx_bufs) [159] frag 0x3c17286c ref 0 frags 0 (processing_data():157)[0m
[07:45:57.481] [1;32muart:~$ [m^[[1[12D[J[00:06:43.349,000] [0m<dbg> net_pkt.net_pkt_frag_unref_debug: (rx_q[0]): RDATA (rx_bufs) [159] frag 0x3c17286c ref 0 (net_pkt_unref_debug():612)[0m
[07:45:57.497] [1;32muart:~$ [m^[[1[12D[J[00:06:43.349,000] [0m<dbg> net_pkt.net_pkt_print: (rx_q[0]): TX 16 RX 40 RDATA 160 TDATA 80[0m
[07:45:57.513] [1;32muart:~$ [m^[[1[12D[J[1;32muart:~$ [m^[[1[12D[J[1;32muart:~$ [m^[[1[12D[J[1;31m[1;31m--- 3 messages dropped ---
[07:45:58.241] [0m[m[00:06:44.373,000] [0m<dbg> net_pkt.net_pkt_write: (wifi): pkt 0x3c173cf0 data 0x3c26f2aa length 60[0m
[07:45:58.242] [1;32muart:~$ [m^[[1[12D[J[00:06:44.373,000] [0m<dbg> net_pkt.net_pkt_unref_debug: (rx_q[0]): RX [39] pkt 0x3c173cf0 ref 0 frags 0x3c17286c (processing_data():157)[0m
[07:45:58.258] [1;32muart:~$ [m^[[1[12D[J[00:06:44.373,000] [0m<dbg> net_pkt.net_pkt_unref_debug: (rx_q[0]): RDATA (rx_bufs) [159] frag 0x3c17286c ref 0 frags 0 (processing_data():157)[0m
[07:45:58.276] [1;32muart:~$ [m^[[1[12D[J[00:06:44.373,000] [0m<dbg> net_pkt.net_pkt_frag_unref_debug: (rx_q[0]): RDATA (rx_bufs) [159] frag 0x3c17286c ref 0 (net_pkt_unref_debug():612)[0m
[07:45:58.293] [1;32muart:~$ [m^[[1[12D[J[00:06:44.373,000] [0m<dbg> net_pkt.net_pkt_print: (rx_q[0]): TX 16 RX 40 RDATA 160 TDATA 80[0m
[07:45:58.309] [1;32muart:~$ [m^[[1[12D[J[00:06:45.192,000] [0m<dbg> net_pkt.pkt_alloc_with_buffer: (wifi): On iface 1 (0x3fc9ea10) size 60[0m
[07:45:58.326] [1;32muart:~$ [m^[[1[12D[J[00:06:45.192,000] [0m<dbg> net_pkt.net_pkt_alloc_buffer_with_reserve_debug: (wifi): Data allocation maximum size 60 (requested 60, reserve 0)[0m
[07:45:58.342] [1;32muart:~$ [m^[[1[12D[J[00:06:45.192,000] [0m<dbg> net_pkt.pkt_alloc_buffer: (wifi): RDATA (rx_bufs) [159] frag 0x3c17286c ref 1 (eth_esp32_rx():153)[0m
[07:45:58.358] [1;32muart:~$ [m^[[1[12D[J[00:06:45.192,000] [0m<dbg> net_pkt.net_pkt_write: (wifi): pkt 0x3c173cf0 data 0x3c26f2aa length 60[0m
[07:45:58.375] [1;32muart:~$ [m^[[1[12D[J[00:06:45.193,000] [0m<dbg> net_pkt.net_pkt_unref_debug: (rx_q[0]): RX [39] pkt 0x3c173cf0 ref 0 frags 0x3c17286c (processing_data():157)[0m
[07:45:58.391] [1;32muart:~$ [m^[[1[12D[J[00:06:45.193,000] [0m<dbg> net_pkt.net_pkt_unref_debug: (rx_q[0]): RDATA (rx_bufs) [159] frag 0x3c17286c ref 0 frags 0 (processing_data():157)[0m
[07:45:58.408] [1;32muart:~$ [m^[[1[12D[J[00:06:45.193,000] [0m<dbg> net_pkt.net_pkt_frag_unref_debug: (rx_q[0]): RDATA (rx_bufs) [159] frag 0x3c17286c ref 0 (net_pkt_unref_debug():612)[0m
[07:45:58.425] [1;32muart:~$ [m^[[1[12D[J[00:06:45.193,000] [0m<dbg> net_pkt.net_pkt_print: (rx_q[0]): TX 16 RX 40 RDATA 160 TDATA 80[0m
[07:45:58.441] [1;32muart:~$ [m^[[1[12D[J[1;32muart:~$ [m^[[1[12D[J[1;32muart:~$ [m^[[1[12D[J[1;31m[1;31m--- 58 messages dropped ---
[07:45:58.655] [0m[m[00:06:45.605,000] [0m<dbg> net_pkt.net_pkt_skip: (rx_q[0]): pkt 0x3c172ee0 skip 4[0m
[07:45:58.656] [1;32muart:~$ [m^[[1[12D[J[00:06:45.605,000] [0m<dbg> net_pkt.net_pkt_get_reserve_data_debug: (rx_q[0]): TDATA (tx_bufs) [78] frag 0x3c15d4bc ref 1 (ethernet_fill_header():610)[0m
[07:45:58.673] [1;32muart:~$ [m^[[1[12D[J[1;31m[1;31m--- 8 messages dropped ---
[07:45:58.689] [0m[m[00:06:45.605,000] [0m<dbg> net_pkt.net_pkt_frag_insert_debug: (rx_q[0]): pkt 0x3c172ee0 frag 0x3c15d4bc (ethernet_fill_header:669)[0m
[07:45:58.690] [1;32muart:~$ [m^[[1[12D[J[00:06:45.605,000] [0m<dbg> net_pkt.net_pkt_read: (rx_q[0]): pkt 0x3c172ee0 data 0x3fcc36ae length 86[0m
[07:45:58.706] [1;32muart:~$ [m^[[1[12D[J[00:06:45.605,000] [0m<dbg> net_pkt.net_pkt_unref_debug: (rx_q[0]): TX [15] pkt 0x3c172ee0 ref 0 frags 0x3c15d4bc (ethernet_send():800)[0m
[07:45:58.723] [1;32muart:~$ [m^[[1[12D[J[00:06:45.605,000] [0m<dbg> net_pkt.net_pkt_unref_debug: (rx_q[0]): TDATA (tx_bufs) [78] frag 0x3c15d4bc ref 0 frags 0x3c15d4a0 (ethernet_send():800)[0m
[07:45:58.740] [1;32muart:~$ [m^[[1[12D[J[00:06:45.605,000] [0m<dbg> net_pkt.net_pkt_unref_debug: (rx_q[0]): TDATA (tx_bufs) [78] frag 0x3c15d4a0 ref 0 frags 0 (ethernet_send():800)[0m
[07:45:58.759] [1;32muart:~$ [m^[[1[12D[J[1;31m[1;31m--- 96 messages dropped ---
[07:45:58.775] [0m[m[00:06:45.605,000] [0m<dbg> net_pkt.net_pkt_frag_unref_debug: (rx_q[0]): TDATA (tx_bufs) [78] frag 0x3c15d4bc ref 0 (net_pkt_unref_debug():612)[0m
[07:45:58.776] [1;32muart:~$ [m^[[1[12D[J[00:06:45.611,000] [0m<dbg> net_pkt.net_pkt_write: (wifi): pkt 0x3c173cf0 data 0x3c26f2ac length 86[0m
[07:45:58.792] [1;32muart:~$ [m^[[1[12D[J[00:06:45.611,000] [0m<dbg> net_pkt.net_pkt_skip: (rx_q[0]): pkt 0x3c173cf0 skip 40[0m
[07:45:58.809] [1;32muart:~$ [m^[[1[12D[J[00:06:45.611,000] [0m<dbg> net_pkt.net_pkt_skip: (rx_q[0]): pkt 0x3c173cf0 skip 8[0m
[07:45:58.826] [1;32muart:~$ [m^[[1[12D[J[00:06:45.611,000] [0m<dbg> net_pkt.net_pkt_skip: (rx_q[0]): pkt 0x3c173cf0 skip 32[0m
[07:45:58.842] [1;32muart:~$ [m^[[1[12D[J[00:06:45.611,000] [0m<dbg> net_pkt.net_pkt_skip: (rx_q[0]): pkt 0x3c173cf0 skip 4[0m
[07:45:58.858] [1;32muart:~$ [m^[[1[12D[J[00:06:45.611,000] [0m<dbg> net_pkt.net_pkt_skip: (rx_q[0]): pkt 0x3c173cf0 skip 20[0m
[07:45:58.875] [1;32muart:~$ [m^[[1[12D[J[00:06:45.710,000] [0m<dbg> net_pkt.net_pkt_skip: (rx_q[0]): pkt 0x3c173cf0 skip 40[0m
[07:45:58.891] [1;32muart:~$ [m^[[1[12D[J[00:06:45.710,000] [0m<dbg> net_pkt.net_pkt_skip: (rx_q[0]): pkt 0x3c173cf0 skip 8[0m
[07:45:58.907] [1;32muart:~$ [m^[[1[12D[J[00:06:45.710,000] [0m<dbg> net_pkt.net_pkt_write: (rx_q[0]): pkt 0x3c173cf0 data 0x3c16a796 length 20[0m
[07:45:58.923] [1;32muart:~$ [m^[[1[12D[J[00:06:45.710,000] [0m<dbg> net_pkt.net_pkt_skip: (rx_q[0]): pkt 0x3c173cf0 skip 20[0m
[07:45:58.939] [1;32muart:~$ [m^[[1[12D[J[00:06:45.710,000] [0m<dbg> net_pkt.net_pkt_skip: (rx_q[0]): pkt 0x3c173cf0 skip 40[0m
[07:45:58.955] [1;32muart:~$ [m^[[1[12D[J[00:06:45.710,000] [0m<dbg> net_pkt.net_pkt_skip: (rx_q[0]): pkt 0x3c173cf0 skip 40[0m
[07:45:58.971] [1;32muart:~$ [m^[[1[12D[J[00:06:45.710,000] [0m<dbg> net_pkt.net_pkt_skip: (rx_q[0]): pkt 0x3c173cf0 skip 40[0m
[07:45:58.987] [1;32muart:~$ [m^[[1[12D[J[00:06:45.710,000] [0m<dbg> net_pkt.net_pkt_skip: (rx_q[0]): pkt 0x3c173cf0 skip 40[0m
[07:45:59.003] [1;32muart:~$ [m^[[1[12D[J[00:06:45.710,000] [0m<dbg> net_pkt.net_pkt_skip: (rx_q[0]): pkt 0x3c173cf0 skip 40[0m
[07:45:59.019] [1;32muart:~$ [m^[[1[12D[J[00:06:45.710,000] [0m<dbg> net_pkt.net_pkt_unref_debug: (rx_q[0]): RX [39] pkt 0x3c173cf0 ref 0 frags 0x3c17286c (tcp_in():3635)[0m
[07:45:59.036] [1;32muart:~$ [m^[[1[12D[J[00:06:45.710,000] [0m<dbg> net_pkt.net_pkt_unref_debug: (rx_q[0]): RDATA (rx_bufs) [159] frag 0x3c17286c ref 0 frags 0 (tcp_in():3635)[0m
[07:45:59.052] [1;32muart:~$ [m^[[1[12D[J[00:06:45.711,000] [0m<dbg> net_pkt.net_pkt_frag_unref_debug: (rx_q[0]): RDATA (rx_bufs) [159] frag 0x3c17286c ref 0 (net_pkt_unref_debug():612)[0m
[07:45:59.069] [1;32muart:~$ [m^[[1[12D[J[00:06:45.711,000] [0m<dbg> net_pkt.net_pkt_print: (rx_q[0]): TX 16 RX 40 RDATA 160 TDATA 80[0m
[07:45:59.085] [1;32muart:~$ [m^[[1[12D[J[1;32muart:~$ [m^[[1[12D[J[1;32muart:~$ [m^[[1[12D[J[00:06:46.216,000] [0m<dbg> net_pkt.pkt_alloc_with_buffer: (wifi): On iface 1 (0x3fc9ea10) size 60[0m
[07:46:00.265] [1;32muart:~$ [m^[[1[12D[J[00:06:46.216,000] [0m<dbg> net_pkt.net_pkt_alloc_buffer_with_reserve_debug: (wifi): Data allocation maximum size 60 (requested 60, reserve 0)[0m
[07:46:00.282] [1;32muart:~$ [m^[[1[12D[J[00:06:46.216,000] [0m<dbg> net_pkt.pkt_alloc_buffer: (wifi): RDATA (rx_bufs) [159] frag 0x3c17286c ref 1 (eth_esp32_rx():153)[0m
[07:46:00.299] [1;32muart:~$ [m^[[1[12D[J[00:06:46.216,000] [0m<dbg> net_pkt.net_pkt_write: (wifi): pkt 0x3c173cf0 data 0x3c26f2aa length 60[0m
[07:46:00.315] [1;32muart:~$ [m^[[1[12D[J[00:06:46.216,000] [0m<dbg> net_pkt.net_pkt_unref_debug: (rx_q[0]): RX [39] pkt 0x3c173cf0 ref 0 frags 0x3c17286c (processing_data():157)[0m
[07:46:00.332] [1;32muart:~$ [m^[[1[12D[J[00:06:46.216,000] [0m<dbg> net_pkt.net_pkt_unref_debug: (rx_q[0]): RDATA (rx_bufs) [159] frag 0x3c17286c ref 0 frags 0 (processing_data():157)[0m
[07:46:00.348] [1;32muart:~$ [m^[[1[12D[J[00:06:46.217,000] [0m<dbg> net_pkt.net_pkt_frag_unref_debug: (rx_q[0]): RDATA (rx_bufs) [159] frag 0x3c17286c ref 0 (net_pkt_unref_debug():612)[0m
[07:46:00.365] [1;32muart:~$ [m^[[1[12D[J[00:06:46.217,000] [0m<dbg> net_pkt.net_pkt_print: (rx_q[0]): TX 16 RX 40 RDATA 160 TDATA 80[0m
[07:46:00.381] [1;32muart:~$ [m^[[1[12D[J[1;32muart:~$ [m^[[1[12D[J[1;32muart:~$ [m^[[1[12D[J[1;31m[1;31m--- 41 messages dropped ---
[07:46:00.500] [0m[m[00:06:47.448,000] [0m<dbg> net_pkt.net_pkt_unref_debug: (rx_q[0]): TX [15] pkt 0x3c172ee0 ref 1 frags 0x3c15d4bc (ethernet_send():800)[0m
[07:46:00.502] [1;32muart:~$ [m^[[1[12D[J[00:06:47.448,000] [0m<dbg> net_pkt.net_pkt_unref_debug: (rx_q[0]): TX [15] pkt 0x3c172ee0 ref 0 frags 0x3c15d4bc (tcp_send():472)[0m
[07:46:00.518] [1;32muart:~$ [m^[[1[12D[J[00:06:47.448,000] [0m<dbg> net_pkt.net_pkt_unref_debug: (rx_q[0]): TDATA (tx_bufs) [78] frag 0x3c15d4bc ref 0 frags 0x3c15d4a0 (tcp_send():472)[0m
[07:46:00.535] [1;32muart:~$ [m^[[1[12D[J[00:06:47.448,000] [0m<dbg> net_pkt.net_pkt_unref_debug: (rx_q[0]): TDATA (tx_bufs) [78] frag 0x3c15d4a0 ref 0 frags 0 (tcp_send():472)[0m
[07:46:00.552] [1;32muart:~$ [m^[[1[12D[J[00:06:47.448,000] [0m<dbg> net_pkt.net_pkt_frag_unref_debug: (rx_q[0]): TDATA (tx_bufs) [78] frag 0x3c15d4bc ref 0 (net_pkt_unref_debug():612)[0m
[07:46:00.569] [1;32muart:~$ [m^[[1[12D[J[00:06:47.448,000] [0m<dbg> net_pkt.net_pkt_frag_unref_debug: (rx_q[0]): TDATA (tx_bufs) [79] frag 0x3c15d4a0 ref 0 (net_pkt_unref_debug():612)[0m
[07:46:00.586] [1;32muart:~$ [m^[[1[12D[J[00:06:47.448,000] [0m<dbg> net_pkt.net_pkt_print: (rx_q[0]): TX 16 RX 39 RDATA 159 TDATA 80[0m
[07:46:00.602] [1;32muart:~$ [m^[[1[12D[J[00:06:47.450,000] [0m<dbg> net_pkt.net_pkt_read: (llss_thread): pkt 0x3c173cf0 data 0x3c246e00 length 5[0m
[07:46:00.619] [1;32muart:~$ [m^[[1[12D[J[00:06:47.450,000] [0m<dbg> net_pkt.net_pkt_read: (llss_thread): pkt 0x3c173cf0 data 0x3c246e05 length 233[0m
[07:46:00.635] [1;32muart:~$ [m^[[1[12D[J[00:06:47.450,000] [0m<dbg> net_pkt.net_pkt_unref_debug: (llss_thread): RX [39] pkt 0x3c173cf0 ref 0 frags 0x3c17286c (zsock_recv_stream_immediate():1423)[0m
[07:46:00.652] [1;32muart:~$ [m^[[1[12D[J[00:06:47.450,000] [0m<dbg> net_pkt.net_pkt_unref_debug: (llss_thread): RDATA (rx_bufs) [159] frag 0x3c17286c ref 0 frags 0 (zsock_recv_stream_immediate():1423)[0m
[07:46:00.669] [1;32muart:~$ [m^[[1[12D[J[00:06:47.450,000] [0m<dbg> net_pkt.net_pkt_frag_unref_debug: (llss_thread): RDATA (rx_bufs) [159] frag 0x3c17286c ref 0 (net_pkt_unref_debug():612)[0m
[07:46:00.686] [1;32muart:~$ [m^[[1[12D[J[1;32muart:~$ [m^[[1[12D[J[1;32muart:~$ [m^[[1[12D[J[00:06:48.264,000] [0m<dbg> net_pkt.pkt_alloc_with_buffer: (wifi): On iface 1 (0x3fc9ea10) size 60[0m
[07:46:02.313] [1;32muart:~$ [m^[[1[12D[J[00:06:48.264,000] [0m<dbg> net_pkt.net_pkt_alloc_buffer_with_reserve_debug: (wifi): Data allocation maximum size 60 (requested 60, reserve 0)[0m
[07:46:02.329] [1;32muart:~$ [m^[[1[12D[J[00:06:48.264,000] [0m<dbg> net_pkt.pkt_alloc_buffer: (wifi): RDATA (rx_bufs) [159] frag 0x3c17286c ref 1 (eth_esp32_rx():153)[0m
[07:46:02.346] [1;32muart:~$ [m^[[1[12D[J[00:06:48.264,000] [0m<dbg> net_pkt.net_pkt_write: (wifi): pkt 0x3c173cf0 data 0x3c26f2aa length 60[0m
[07:46:02.363] [1;32muart:~$ [m^[[1[12D[J[00:06:48.264,000] [0m<dbg> net_pkt.net_pkt_unref_debug: (rx_q[0]): RX [39] pkt 0x3c173cf0 ref 0 frags 0x3c17286c (processing_data():157)[0m
[07:46:02.379] [1;32muart:~$ [m^[[1[12D[J[00:06:48.264,000] [0m<dbg> net_pkt.net_pkt_unref_debug: (rx_q[0]): RDATA (rx_bufs) [159] frag 0x3c17286c ref 0 frags 0 (processing_data():157)[0m
[07:46:02.396] [1;32muart:~$ [m^[[1[12D[J[00:06:48.264,000] [0m<dbg> net_pkt.net_pkt_frag_unref_debug: (rx_q[0]): RDATA (rx_bufs) [159] frag 0x3c17286c ref 0 (net_pkt_unref_debug():612)[0m
[07:46:02.413] [1;32muart:~$ [m^[[1[12D[J[00:06:48.264,000] [0m<dbg> net_pkt.net_pkt_print: (rx_q[0]): TX 16 RX 40 RDATA 160 TDATA 80[0m
[07:46:02.430] [1;32muart:~$ [m^[[1[12D[J[1;32muart:~$ [m^[[1[12D[J[1;32muart:~$ [m^[[1[12D[J[00:06:49.288,000] [0m<dbg> net_pkt.pkt_alloc_with_buffer: (wifi): On iface 1 (0x3fc9ea10) size 60[0m
[07:46:03.337] [1;32muart:~$ [m^[[1[12D[J[00:06:49.288,000] [0m<dbg> net_pkt.net_pkt_alloc_buffer_with_reserve_debug: (wifi): Data allocation maximum size 60 (requested 60, reserve 0)[0m
[07:46:03.354] [1;32muart:~$ [m^[[1[12D[J[00:06:49.288,000] [0m<dbg> net_pkt.pkt_alloc_buffer: (wifi): RDATA (rx_bufs) [159] frag 0x3c17286c ref 1 (eth_esp32_rx():153)[0m
[07:46:03.370] [1;32muart:~$ [m^[[1[12D[J[00:06:49.288,000] [0m<dbg> net_pkt.net_pkt_write: (wifi): pkt 0x3c173cf0 data 0x3c26f2aa length 60[0m
[07:46:03.387] [1;32muart:~$ [m^[[1[12D[J[00:06:49.288,000] [0m<dbg> net_pkt.net_pkt_unref_debug: (rx_q[0]): RX [39] pkt 0x3c173cf0 ref 0 frags 0x3c17286c (processing_data():157)[0m
[07:46:03.404] [1;32muart:~$ [m^[[1[12D[J[00:06:49.288,000] [0m<dbg> net_pkt.net_pkt_unref_debug: (rx_q[0]): RDATA (rx_bufs) [159] frag 0x3c17286c ref 0 frags 0 (processing_data():157)[0m
[07:46:03.420] [1;32muart:~$ [m^[[1[12D[J[00:06:49.288,000] [0m<dbg> net_pkt.net_pkt_frag_unref_debug: (rx_q[0]): RDATA (rx_bufs) [159] frag 0x3c17286c ref 0 (net_pkt_unref_debug():612)[0m
[07:46:03.437] [1;32muart:~$ [m^[[1[12D[J[00:06:49.289,000] [0m<dbg> net_pkt.net_pkt_print: (rx_q[0]): TX 16 RX 40 RDATA 160 TDATA 80[0m
[07:46:03.454] [1;32muart:~$ [m^[[1[12D[J[1;32muart:~$ [m^[[1[12D[J[1;32muart:~$ [m^[[1[12D[J[00:06:50.312,000] [0m<dbg> net_pkt.pkt_alloc_with_buffer: (wifi): On iface 1 (0x3fc9ea10) size 60[0m
[07:46:04.361] [1;32muart:~$ [m^[[1[12D[J[00:06:50.312,000] [0m<dbg> net_pkt.net_pkt_alloc_buffer_with_reserve_debug: (wifi): Data allocation maximum size 60 (requested 60, reserve 0)[0m
[07:46:04.378] [1;32muart:~$ [m^[[1[12D[J[00:06:50.312,000] [0m<dbg> net_pkt.pkt_alloc_buffer: (wifi): RDATA (rx_bufs) [159] frag 0x3c17286c ref 1 (eth_esp32_rx():153)[0m
[07:46:04.395] [1;32muart:~$ [m^[[1[12D[J[00:06:50.312,000] [0m<dbg> net_pkt.net_pkt_write: (wifi): pkt 0x3c173cf0 data 0x3c26f2aa length 60[0m
[07:46:04.411] [1;32muart:~$ [m^[[1[12D[J[00:06:50.312,000] [0m<dbg> net_pkt.net_pkt_unref_debug: (rx_q[0]): RX [39] pkt 0x3c173cf0 ref 0 frags 0x3c17286c (processing_data():157)[0m
[07:46:04.428] [1;32muart:~$ [m^[[1[12D[J[00:06:50.312,000] [0m<dbg> net_pkt.net_pkt_unref_debug: (rx_q[0]): RDATA (rx_bufs) [159] frag 0x3c17286c ref 0 frags 0 (processing_data():157)[0m
[07:46:04.444] [1;32muart:~$ [m^[[1[12D[J[00:06:50.313,000] [0m<dbg> net_pkt.net_pkt_frag_unref_debug: (rx_q[0]): RDATA (rx_bufs) [159] frag 0x3c17286c ref 0 (net_pkt_unref_debug():612)[0m
[07:46:04.461] [1;32muart:~$ [m^[[1[12D[J[00:06:50.313,000] [0m<dbg> net_pkt.net_pkt_print: (rx_q[0]): TX 16 RX 40 RDATA 160 TDATA 80[0m
[07:46:04.477] [1;32muart:~$ [m^[[1[12D[J[1;32muart:~$ [m^[[1[12D[J[1;32muart:~$ [m^[[1[12D[J[00:06:51.336,000] [0m<dbg> net_pkt.pkt_alloc_with_buffer: (wifi): On iface 1 (0x3fc9ea10) size 60[0m
[07:46:05.385] [1;32muart:~$ [m^[[1[12D[J[00:06:51.336,000] [0m<dbg> net_pkt.net_pkt_alloc_buffer_with_reserve_debug: (wifi): Data allocation maximum size 60 (requested 60, reserve 0)[0m
[07:46:05.402] [1;32muart:~$ [m^[[1[12D[J[00:06:51.336,000] [0m<dbg> net_pkt.pkt_alloc_buffer: (wifi): RDATA (rx_bufs) [159] frag 0x3c17286c ref 1 (eth_esp32_rx():153)[0m
[07:46:05.419] [1;32muart:~$ [m^[[1[12D[J[00:06:51.336,000] [0m<dbg> net_pkt.net_pkt_write: (wifi): pkt 0x3c173cf0 data 0x3c26f2aa length 60[0m
[07:46:05.435] [1;32muart:~$ [m^[[1[12D[J[00:06:51.336,000] [0m<dbg> net_pkt.net_pkt_unref_debug: (rx_q[0]): RX [39] pkt 0x3c173cf0 ref 0 frags 0x3c17286c (processing_data():157)[0m
[07:46:05.451] [1;32muart:~$ [m^[[1[12D[J[00:06:51.336,000] [0m<dbg> net_pkt.net_pkt_unref_debug: (rx_q[0]): RDATA (rx_bufs) [159] frag 0x3c17286c ref 0 frags 0 (processing_data():157)[0m
[07:46:05.468] [1;32muart:~$ [m^[[1[12D[J[00:06:51.337,000] [0m<dbg> net_pkt.net_pkt_frag_unref_debug: (rx_q[0]): RDATA (rx_bufs) [159] frag 0x3c17286c ref 0 (net_pkt_unref_debug():612)[0m
[07:46:05.484] [1;32muart:~$ [m^[[1[12D[J[00:06:51.337,000] [0m<dbg> net_pkt.net_pkt_print: (rx_q[0]): TX 16 RX 40 RDATA 160 TDATA 80[0m
[07:46:05.515] [1;32muart:~$ [m^[[1[12D[J[1;31m[1;31m--- 96 messages dropped ---
[07:46:05.531] [0m[m[00:06:52.465,000] [0m<dbg> net_pkt.net_pkt_skip: (rx_q[0]): pkt 0x3c173cf0 skip 40[0m
[07:46:05.531] [1;32muart:~$ [m^[[1[12D[J[00:06:52.465,000] [0m<dbg> net_pkt.net_pkt_skip: (rx_q[0]): pkt 0x3c173cf0 skip 8[0m
[07:46:05.547] [1;32muart:~$ [m^[[1[12D[J[00:06:52.465,000] [0m<dbg> net_pkt.net_pkt_skip: (rx_q[0]): pkt 0x3c173cf0 skip 32[0m
[07:46:05.564] [1;32muart:~$ [m^[[1[12D[J[00:06:52.465,000] [0m<dbg> net_pkt.net_pkt_write: (rx_q[0]): pkt 0x3c173cf0 data 0x3c16a796 length 20[0m
[07:46:05.581] [1;32muart:~$ [m^[[1[12D[J[00:06:52.465,000] [0m<dbg> net_pkt.net_pkt_skip: (rx_q[0]): pkt 0x3c173cf0 skip 20[0m
[07:46:05.597] [1;32muart:~$ [m^[[1[12D[J[00:06:52.466,000] [0m<dbg> net_pkt.net_pkt_skip: (rx_q[0]): pkt 0x3c173cf0 skip 40[0m
[07:46:05.613] [1;32muart:~$ [m^[[1[12D[J[00:06:52.466,000] [0m<dbg> net_pkt.net_pkt_skip: (rx_q[0]): pkt 0x3c173cf0 skip 40[0m
[07:46:05.630] [1;32muart:~$ [m^[[1[12D[J[00:06:52.466,000] [0m<dbg> net_pkt.net_pkt_skip: (rx_q[0]): pkt 0x3c173cf0 skip 40[0m
[07:46:05.646] [1;32muart:~$ [m^[[1[12D[J[00:06:52.466,000] [0m<dbg> net_pkt.net_pkt_skip: (rx_q[0]): pkt 0x3c173cf0 skip 40[0m
[07:46:05.662] [1;32muart:~$ [m^[[1[12D[J[00:06:52.466,000] [0m<dbg> net_pkt.net_pkt_skip: (rx_q[0]): pkt 0x3c173cf0 skip 40[0m
[07:46:05.678] [1;32muart:~$ [m^[[1[12D[J[00:06:52.466,000] [0m<dbg> net_pkt.net_pkt_unref_debug: (rx_q[0]): RX [39] pkt 0x3c173cf0 ref 0 frags 0x3c17286c (tcp_in():3635)[0m
[07:46:05.694] [1;32muart:~$ [m^[[1[12D[J[00:06:52.466,000] [0m<dbg> net_pkt.net_pkt_unref_debug: (rx_q[0]): RDATA (rx_bufs) [159] frag 0x3c17286c ref 0 frags 0 (tcp_in():3635)[0m
[07:46:05.711] [1;32muart:~$ [m^[[1[12D[J[00:06:52.466,000] [0m<dbg> net_pkt.net_pkt_frag_unref_debug: (rx_q[0]): RDATA (rx_bufs) [159] frag 0x3c17286c ref 0 (net_pkt_unref_debug():612)[0m
[07:46:05.727] [1;32muart:~$ [m^[[1[12D[J[00:06:52.466,000] [0m<dbg> net_pkt.net_pkt_print: (rx_q[0]): TX 16 RX 40 RDATA 160 TDATA 80[0m
[07:46:05.744] [1;32muart:~$ [m^[[1[12D[J[1;32muart:~$ [m^[[1[12D[J[1;32muart:~$ [m^[[1[12D[J[1;31m[1;31m--- 40 messages dropped ---
[07:46:07.259] [0m[m[00:06:54.206,000] [0m<dbg> net_pkt.net_pkt_read: (rx_q[0]): pkt 0x3c172ee0 data 0x3fcc36ae length 74[0m
[07:46:07.260] [1;32muart:~$ [m^[[1[12D[J[00:06:54.206,000] [0m<dbg> net_pkt.net_pkt_unref_debug: (rx_q[0]): TX [15] pkt 0x3c172ee0 ref 1 frags 0x3c15d4bc (ethernet_send():800)[0m
[07:46:07.277] [1;32muart:~$ [m^[[1[12D[J[00:06:54.206,000] [0m<dbg> net_pkt.net_pkt_unref_debug: (rx_q[0]): TX [15] pkt 0x3c172ee0 ref 0 frags 0x3c15d4bc (tcp_send():472)[0m
[07:46:07.293] [1;32muart:~$ [m^[[1[12D[J[00:06:54.206,000] [0m<dbg> net_pkt.net_pkt_unref_debug: (rx_q[0]): TDATA (tx_bufs) [78] frag 0x3c15d4bc ref 0 frags 0x3c15d4a0 (tcp_send():472)[0m
[07:46:07.310] [1;32muart:~$ [m^[[1[12D[J[00:06:54.206,000] [0m<dbg> net_pkt.net_pkt_unref_debug: (rx_q[0]): TDATA (tx_bufs) [78] frag 0x3c15d4a0 ref 0 frags 0 (tcp_send():472)[0m
[07:46:07.327] [1;32muart:~$ [m^[[1[12D[J[00:06:54.206,000] [0m<dbg> net_pkt.net_pkt_frag_unref_debug: (rx_q[0]): TDATA (tx_bufs) [78] frag 0x3c15d4bc ref 0 (net_pkt_unref_debug():612)[0m
[07:46:07.343] [1;32muart:~$ [m^[[1[12D[J[00:06:54.206,000] [0m<dbg> net_pkt.net_pkt_frag_unref_debug: (rx_q[0]): TDATA (tx_bufs) [79] frag 0x3c15d4a0 ref 0 (net_pkt_unref_debug():612)[0m
[07:46:07.360] [1;32muart:~$ [m^[[1[12D[J[00:06:54.207,000] [0m<dbg> net_pkt.net_pkt_print: (rx_q[0]): TX 16 RX 39 RDATA 159 TDATA 80[0m
[07:46:07.376] [1;32muart:~$ [m^[[1[12D[J[00:06:54.208,000] [0m<dbg> net_pkt.net_pkt_read: (llss_thread): pkt 0x3c173cf0 data 0x3c246e00 length 5[0m
[07:46:07.392] [1;32muart:~$ [m^[[1[12D[J[00:06:54.208,000] [0m<dbg> net_pkt.net_pkt_read: (llss_thread): pkt 0x3c173cf0 data 0x3c246e05 length 233[0m
[07:46:07.409] [1;32muart:~$ [m^[[1[12D[J[00:06:54.208,000] [0m<dbg> net_pkt.net_pkt_unref_debug: (llss_thread): RX [39] pkt 0x3c173cf0 ref 0 frags 0x3c17286c (zsock_recv_stream_immediate():1423)[0m
[07:46:07.426] [1;32muart:~$ [m^[[1[12D[J[00:06:54.208,000] [0m<dbg> net_pkt.net_pkt_unref_debug: (llss_thread): RDATA (rx_bufs) [159] frag 0x3c17286c ref 0 frags 0 (zsock_recv_stream_immediate():1423)[0m
[07:46:07.443] [1;32muart:~$ [m^[[1[12D[J[00:06:54.208,000] [0m<dbg> net_pkt.net_pkt_frag_unref_debug: (llss_thread): RDATA (rx_bufs) [159] frag 0x3c17286c ref 0 (net_pkt_unref_debug():612)[0m
[07:46:07.460] [1;32muart:~$ [m^[[1[12D[J[00:06:54.257,000] [0m<dbg> net_pkt.pkt_alloc_with_buffer: (wifi): On iface 1 (0x3fc9ea10) size 60[0m
[07:46:07.476] [1;32muart:~$ [m^[[1[12D[J[00:06:54.257,000] [0m<dbg> net_pkt.net_pkt_alloc_buffer_with_reserve_debug: (wifi): Data allocation maximum size 60 (requested 60, reserve 0)[0m
[07:46:07.493] [1;32muart:~$ [m^[[1[12D[J[00:06:54.257,000] [0m<dbg> net_pkt.pkt_alloc_buffer: (wifi): RDATA (rx_bufs) [159] frag 0x3c17286c ref 1 (eth_esp32_rx():153)[0m
[07:46:07.510] [1;32muart:~$ [m^[[1[12D[J[00:06:54.257,000] [0m<dbg> net_pkt.net_pkt_write: (wifi): pkt 0x3c173cf0 data 0x3c26f2aa length 60[0m
[07:46:07.526] [1;32muart:~$ [m^[[1[12D[J[00:06:54.257,000] [0m<dbg> net_pkt.net_pkt_unref_debug: (rx_q[0]): RX [39] pkt 0x3c173cf0 ref 0 frags 0x3c17286c (processing_data():157)[0m
[07:46:07.543] [1;32muart:~$ [m^[[1[12D[J[00:06:54.257,000] [0m<dbg> net_pkt.net_pkt_unref_debug: (rx_q[0]): RDATA (rx_bufs) [159] frag 0x3c17286c ref 0 frags 0 (processing_data():157)[0m
[07:46:07.559] [1;32muart:~$ [m^[[1[12D[J[00:06:54.257,000] [0m<dbg> net_pkt.net_pkt_frag_unref_debug: (rx_q[0]): RDATA (rx_bufs) [159] frag 0x3c17286c ref 0 (net_pkt_unref_debug():612)[0m
[07:46:07.576] [1;32muart:~$ [m^[[1[12D[J[00:06:54.258,000] [0m<dbg> net_pkt.net_pkt_print: (rx_q[0]): TX 16 RX 40 RDATA 160 TDATA 80[0m
[07:46:07.592] [1;32muart:~$ [m^[[1[12D[J[1;32muart:~$ [m^[[1[12D[J[1;32muart:~$ [m^[[1[12D[J[1;31m[1;31m--- 2 messages dropped ---
[07:46:09.096] [0m[m[00:06:55.227,000] [0m<dbg> net_pkt.pkt_alloc_buffer: (wifi): RDATA (rx_bufs) [159] frag 0x3c17286c ref 1 (eth_esp32_rx():153)[0m
[07:46:09.097] [1;32muart:~$ [m^[[1[12D[J[00:06:55.227,000] [0m<dbg> net_pkt.net_pkt_write: (wifi): pkt 0x3c173cf0 data 0x3c26f2aa length 60[0m
[07:46:09.113] [1;32muart:~$ [m^[[1[12D[J[00:06:55.227,000] [0m<dbg> net_pkt.net_pkt_unref_debug: (rx_q[0]): RX [39] pkt 0x3c173cf0 ref 0 frags 0x3c17286c (processing_data():157)[0m
[07:46:09.130] [1;32muart:~$ [m^[[1[12D[J[00:06:55.227,000] [0m<dbg> net_pkt.net_pkt_unref_debug: (rx_q[0]): RDATA (rx_bufs) [159] frag 0x3c17286c ref 0 frags 0 (processing_data():157)[0m
[07:46:09.146] [1;32muart:~$ [m^[[1[12D[J[00:06:55.228,000] [0m<dbg> net_pkt.net_pkt_frag_unref_debug: (rx_q[0]): RDATA (rx_bufs) [159] frag 0x3c17286c ref 0 (net_pkt_unref_debug():612)[0m
[07:46:09.163] [1;32muart:~$ [m^[[1[12D[J[00:06:55.228,000] [0m<dbg> net_pkt.net_pkt_print: (rx_q[0]): TX 16 RX 40 RDATA 160 TDATA 80[0m
[07:46:09.179] [1;32muart:~$ [m^[[1[12D[J[00:06:56.046,000] [0m<dbg> net_pkt.pkt_alloc_with_buffer: (wifi): On iface 1 (0x3fc9ea10) size 60[0m
[07:46:09.195] [1;32muart:~$ [m^[[1[12D[J[00:06:56.046,000] [0m<dbg> net_pkt.net_pkt_alloc_buffer_with_reserve_debug: (wifi): Data allocation maximum size 60 (requested 60, reserve 0)[0m
[07:46:09.212] [1;32muart:~$ [m^[[1[12D[J[00:06:56.046,000] [0m<dbg> net_pkt.pkt_alloc_buffer: (wifi): RDATA (rx_bufs) [159] frag 0x3c17286c ref 1 (eth_esp32_rx():153)[0m
[07:46:09.228] [1;32muart:~$ [m^[[1[12D[J[00:06:56.046,000] [0m<dbg> net_pkt.net_pkt_write: (wifi): pkt 0x3c173cf0 data 0x3c26f2aa length 60[0m
[07:46:09.245] [1;32muart:~$ [m^[[1[12D[J[00:06:56.047,000] [0m<dbg> net_pkt.net_pkt_unref_debug: (rx_q[0]): RX [39] pkt 0x3c173cf0 ref 0 frags 0x3c17286c (processing_data():157)[0m
[07:46:09.261] [1;32muart:~$ [m^[[1[12D[J[00:06:56.047,000] [0m<dbg> net_pkt.net_pkt_unref_debug: (rx_q[0]): RDATA (rx_bufs) [159] frag 0x3c17286c ref 0 frags 0 (processing_data():157)[0m
[07:46:09.278] [1;32muart:~$ [m^[[1[12D[J[00:06:56.047,000] [0m<dbg> net_pkt.net_pkt_frag_unref_debug: (rx_q[0]): RDATA (rx_bufs) [159] frag 0x3c17286c ref 0 (net_pkt_unref_debug():612)[0m
[07:46:09.295] [1;32muart:~$ [m^[[1[12D[J[00:06:56.047,000] [0m<dbg> net_pkt.net_pkt_print: (rx_q[0]): TX 16 RX 40 RDATA 160 TDATA 80[0m
[07:46:09.312] [1;32muart:~$ [m^[[1[12D[J[1;32muart:~$ [m^[[1[12D[J[1;32muart:~$ [m^[[1[12D[J[1;31m[1;31m--- 3 messages dropped ---
[07:46:11.143] [0m[m[00:06:57.275,000] [0m<dbg> net_pkt.net_pkt_write: (wifi): pkt 0x3c173cf0 data 0x3c26f2aa length 60[0m
[07:46:11.144] [1;32muart:~$ [m^[[1[12D[J[00:06:57.276,000] [0m<dbg> net_pkt.net_pkt_unref_debug: (rx_q[0]): RX [39] pkt 0x3c173cf0 ref 0 frags 0x3c17286c (processing_data():157)[0m
[07:46:11.161] [1;32muart:~$ [m^[[1[12D[J[00:06:57.276,000] [0m<dbg> net_pkt.net_pkt_unref_debug: (rx_q[0]): RDATA (rx_bufs) [159] frag 0x3c17286c ref 0 frags 0 (processing_data():157)[0m
[07:46:11.178] [1;32muart:~$ [m^[[1[12D[J[00:06:57.276,000] [0m<dbg> net_pkt.net_pkt_frag_unref_debug: (rx_q[0]): RDATA (rx_bufs) [159] frag 0x3c17286c ref 0 (net_pkt_unref_debug():612)[0m
[07:46:11.195] [1;32muart:~$ [m^[[1[12D[J[00:06:57.276,000] [0m<dbg> net_pkt.net_pkt_print: (rx_q[0]): TX 16 RX 40 RDATA 160 TDATA 80[0m
[07:46:11.212] [1;32muart:~$ [m^[[1[12D[J[00:06:58.094,000] [0m<dbg> net_pkt.pkt_alloc_with_buffer: (wifi): On iface 1 (0x3fc9ea10) size 60[0m
[07:46:11.228] [1;32muart:~$ [m^[[1[12D[J[00:06:58.094,000] [0m<dbg> net_pkt.net_pkt_alloc_buffer_with_reserve_debug: (wifi): Data allocation maximum size 60 (requested 60, reserve 0)[0m
[07:46:11.245] [1;32muart:~$ [m^[[1[12D[J[00:06:58.094,000] [0m<dbg> net_pkt.pkt_alloc_buffer: (wifi): RDATA (rx_bufs) [159] frag 0x3c17286c ref 1 (eth_esp32_rx():153)[0m
[07:46:11.261] [1;32muart:~$ [m^[[1[12D[J[00:06:58.094,000] [0m<dbg> net_pkt.net_pkt_write: (wifi): pkt 0x3c173cf0 data 0x3c26f2aa length 60[0m
[07:46:11.277] [1;32muart:~$ [m^[[1[12D[J[00:06:58.095,000] [0m<dbg> net_pkt.net_pkt_unref_debug: (rx_q[0]): RX [39] pkt 0x3c173cf0 ref 0 frags 0x3c17286c (processing_data():157)[0m
[07:46:11.294] [1;32muart:~$ [m^[[1[12D[J[00:06:58.095,000] [0m<dbg> net_pkt.net_pkt_unref_debug: (rx_q[0]): RDATA (rx_bufs) [159] frag 0x3c17286c ref 0 frags 0 (processing_data():157)[0m
[07:46:11.311] [1;32muart:~$ [m^[[1[12D[J[00:06:58.095,000] [0m<dbg> net_pkt.net_pkt_frag_unref_debug: (rx_q[0]): RDATA (rx_bufs) [159] frag 0x3c17286c ref 0 (net_pkt_unref_debug():612)[0m
[07:46:11.327] [1;32muart:~$ [m^[[1[12D[J[00:06:58.095,000] [0m<dbg> net_pkt.net_pkt_print: (rx_q[0]): TX 16 RX 40 RDATA 160 TDATA 80[0m
[07:46:11.344] [1;32muart:~$ [m^[[1[12D[J[1;32muart:~$ [m^[[1[12D[J[1;32muart:~$ [m^[[1[12D[J[1;31m[1;31m--- 70 messages dropped ---
[07:46:12.274] [0m[m[00:06:59.220,000] [0m<dbg> net_pkt.net_pkt_unref_debug: (rx_q[0]): TX [14] pkt 0x3c172f28 ref 0 frags 0x3c15d4f4 (tcp_send():472)[0m
[07:46:12.276] [1;32muart:~$ [m^[[1[12D[J[1;31m[1;31m--- 12 messages dropped ---
[07:46:12.291] [0m[m[00:06:59.220,000] [0m<dbg> net_pkt.net_pkt_unref_debug: (rx_q[0]): TDATA (tx_bufs) [76] frag 0x3c15d4f4 ref 0 frags 0x3c15d4d8 (tcp_send():472)[0m
[07:46:12.293] [1;32muart:~$ [m^[[1[12D[J[00:06:59.220,000] [0m<dbg> net_pkt.net_pkt_unref_debug: (rx_q[0]): TDATA (tx_bufs) [76] frag 0x3c15d4d8 ref 0 frags 0x3c15d4bc (tcp_send():472)[0m
[07:46:12.309] [1;32muart:~$ [m^[[1[12D[J[1;31m[1;31m--- 5 messages dropped ---
[07:46:12.325] [0m[m[00:06:59.220,000] [0m<dbg> net_pkt.net_pkt_unref_debug: (rx_q[0]): TDATA (tx_bufs) [76] frag 0x3c15d4bc ref 0 frags 0 (tcp_send():472)[0m
[07:46:12.327] [1;32muart:~$ [m^[[1[12D[J[00:06:59.220,000] [0m<dbg> net_pkt.net_pkt_frag_unref_debug: (rx_q[0]): TDATA (tx_bufs) [76] frag 0x3c15d4f4 ref 0 (net_pkt_unref_debug():612)[0m
[07:46:12.343] [1;32muart:~$ [m^[[1[12D[J[00:06:59.220,000] [0m<dbg> net_pkt.net_pkt_frag_unref_debug: (rx_q[0]): TDATA (tx_bufs) [77] frag 0x3c15d4d8 ref 0 (net_pkt_unref_debug():612)[0m
[07:46:12.360] [1;32muart:~$ [m^[[1[12D[J[00:06:59.225,000] [0m<dbg> net_pkt.net_pkt_skip: (rx_q[0]): pkt 0x3c173cf0 skip 32[0m
[07:46:12.377] [1;32muart:~$ [m^[[1[12D[J[00:06:59.225,000] [0m<dbg> net_pkt.net_pkt_write: (rx_q[0]): pkt 0x3c173cf0 data 0x3c16a796 length 20[0m
[07:46:12.393] [1;32muart:~$ [m^[[1[12D[J[00:06:59.225,000] [0m<dbg> net_pkt.net_pkt_skip: (rx_q[0]): pkt 0x3c173cf0 skip 20[0m
[07:46:12.410] [1;32muart:~$ [m^[[1[12D[J[00:06:59.225,000] [0m<dbg> net_pkt.net_pkt_unref_debug: (rx_q[0]): RX [39] pkt 0x3c173cf0 ref 0 frags 0x3c17286c (tcp_in():3635)[0m
[07:46:12.426] [1;32muart:~$ [m^[[1[12D[J[00:06:59.225,000] [0m<dbg> net_pkt.net_pkt_unref_debug: (rx_q[0]): RDATA (rx_bufs) [159] frag 0x3c17286c ref 0 frags 0 (tcp_in():3635)[0m
[07:46:12.443] [1;32muart:~$ [m^[[1[12D[J[00:06:59.226,000] [0m<dbg> net_pkt.net_pkt_frag_unref_debug: (rx_q[0]): RDATA (rx_bufs) [159] frag 0x3c17286c ref 0 (net_pkt_unref_debug():612)[0m
[07:46:12.459] [1;32muart:~$ [m^[[1[12D[J[00:06:59.226,000] [0m<dbg> net_pkt.net_pkt_print: (rx_q[0]): TX 16 RX 40 RDATA 160 TDATA 80[0m
[07:46:12.475] [1;32muart:~$ [m^[[1[12D[J[00:06:59.250,000] [0m<dbg> net_pkt.pkt_alloc_with_buffer: (wifi): On iface 1 (0x3fc9ea10) size 60[0m
[07:46:12.492] [1;32muart:~$ [m^[[1[12D[J[00:06:59.250,000] [0m<dbg> net_pkt.net_pkt_alloc_buffer_with_reserve_debug: (wifi): Data allocation maximum size 60 (requested 60, reserve 0)[0m
[07:46:12.508] [1;32muart:~$ [m^[[1[12D[J[00:06:59.250,000] [0m<dbg> net_pkt.pkt_alloc_buffer: (wifi): RDATA (rx_bufs) [159] frag 0x3c17286c ref 1 (eth_esp32_rx():153)[0m
[07:46:12.525] [1;32muart:~$ [m^[[1[12D[J[00:06:59.250,000] [0m<dbg> net_pkt.net_pkt_write: (wifi): pkt 0x3c173cf0 data 0x3c26f2aa length 60[0m
[07:46:12.541] [1;32muart:~$ [m^[[1[12D[J[00:06:59.251,000] [0m<dbg> net_pkt.net_pkt_unref_debug: (rx_q[0]): RX [39] pkt 0x3c173cf0 ref 0 frags 0x3c17286c (processing_data():157)[0m
[07:46:12.558] [1;32muart:~$ [m^[[1[12D[J[00:06:59.251,000] [0m<dbg> net_pkt.net_pkt_unref_debug: (rx_q[0]): RDATA (rx_bufs) [159] frag 0x3c17286c ref 0 frags 0 (processing_data():157)[0m
[07:46:12.575] [1;32muart:~$ [m^[[1[12D[J[00:06:59.251,000] [0m<dbg> net_pkt.net_pkt_frag_unref_debug: (rx_q[0]): RDATA (rx_bufs) [159] frag 0x3c17286c ref 0 (net_pkt_unref_debug():612)[0m
[07:46:12.592] [1;32muart:~$ [m^[[1[12D[J[00:06:59.251,000] [0m<dbg> net_pkt.net_pkt_print: (rx_q[0]): TX 16 RX 40 RDATA 160 TDATA 80[0m
[07:46:12.608] [1;32muart:~$ [m^[[1[12D[J[1;32muart:~$ [m^[[1[12D[J[1;32muart:~$ [m^[[1[12D[J[1;31m[1;31m--- 25 messages dropped ---
[07:46:13.250] [0m[m net_mgmt            : STACK: unused 3392 usage 704 / 4096 (17 %); CPU: 0 %
[07:46:13.250] [1;32muart:~$ [m^[[1[12D[J                     : Total CPU cycles used: 314399
[07:46:13.266] [1;32muart:~$ [m^[[1[12D[J tcp_work            : STACK: unused 1728 usage 320 / 2048 (15 %); CPU: 0 %
[07:46:13.282] [1;32muart:~$ [m^[[1[12D[J                     : Total CPU cycles used: 2024
[07:46:13.298] [1;32muart:~$ [m^[[1[12D[J shell_uart          : STACK: unused 2784 usage 1312 / 4096 (32 %); CPU: 0 %
[07:46:13.314] [1;32muart:~$ [m^[[1[12D[J                     : Total CPU cycles used: 467512223
[07:46:13.330] [1;32muart:~$ [m^[[1[12D[J wifi                : STACK: unused 1264 usage 2320 / 3584 (64 %); CPU: 0 %
[07:46:13.346] [1;32muart:~$ [m^[[1[12D[J                     : Total CPU cycles used: 948697271
[07:46:13.362] [1;32muart:~$ [m^[[1[12D[J sysworkq            : STACK: unused 3056 usage 1040 / 4096 (25 %); CPU: 0 %
[07:46:13.378] [1;32muart:~$ [m^[[1[12D[J                     : Total CPU cycles used: 19069303
[07:46:13.396] [1;32muart:~$ [m^[[1[12D[J esp_timer           : STACK: unused 3536 usage 560 / 4096 (13 %); CPU: 0 %
[07:46:13.412] [1;32muart:~$ [m^[[1[12D[J                     : Total CPU cycles used: 42120743
[07:46:13.428] [1;32muart:~$ [m^[[1[12D[J logging             : STACK: unused 544 usage 480 / 1024 (46 %); CPU: 0 %
[07:46:13.444] [1;32muart:~$ [m^[[1[12D[J                     : Total CPU cycles used: 38432710
[07:46:13.460] [1;32muart:~$ [m^[[1[12D[J idle                : STACK: unused 816 usage 208 / 1024 (20 %); CPU: 97 %
[07:46:13.476] [1;32muart:~$ [m^[[1[12D[J                     : Total CPU cycles used: 98020189616
[07:46:13.492] [1;32muart:~$ [m^[[1[12D[J ISR0                : STACK: unused 1520 usage 528 / 2048 (25 %); CPU: 0 %
[07:46:13.508] [1;32muart:~$ [m^[[1[12D[J                     : Total CPU cycles used: 0
[07:46:13.524] [1;32muart:~$ [m^[[1[12D[J[1;32muart:~$ [m^[[1[12D[J[1;32muart:~$ [m^[[1[12D[J[1;31m[1;31m--- 40 messages dropped ---
[07:46:14.018] [0m[m[00:07:00.965,000] [0m<dbg> net_pkt.net_pkt_read: (rx_q[0]): pkt 0x3c172ee0 data 0x3fcc36ae length 74[0m
[07:46:14.019] [1;32muart:~$ [m^[[1[12D[J[00:07:00.965,000] [0m<dbg> net_pkt.net_pkt_unref_debug: (rx_q[0]): TX [15] pkt 0x3c172ee0 ref 1 frags 0x3c15d4bc (ethernet_send():800)[0m
[07:46:14.035] [1;32muart:~$ [m^[[1[12D[J[00:07:00.965,000] [0m<dbg> net_pkt.net_pkt_unref_debug: (rx_q[0]): TX [15] pkt 0x3c172ee0 ref 0 frags 0x3c15d4bc (tcp_send():472)[0m
[07:46:14.052] [1;32muart:~$ [m^[[1[12D[J[00:07:00.965,000] [0m<dbg> net_pkt.net_pkt_unref_debug: (rx_q[0]): TDATA (tx_bufs) [78] frag 0x3c15d4bc ref 0 frags 0x3c15d4a0 (tcp_send():472)[0m
[07:46:14.069] [1;32muart:~$ [m^[[1[12D[J[00:07:00.965,000] [0m<dbg> net_pkt.net_pkt_unref_debug: (rx_q[0]): TDATA (tx_bufs) [78] frag 0x3c15d4a0 ref 0 frags 0 (tcp_send():472)[0m
[07:46:14.085] [1;32muart:~$ [m^[[1[12D[J[00:07:00.965,000] [0m<dbg> net_pkt.net_pkt_frag_unref_debug: (rx_q[0]): TDATA (tx_bufs) [78] frag 0x3c15d4bc ref 0 (net_pkt_unref_debug():612)[0m
[07:46:14.102] [1;32muart:~$ [m^[[1[12D[J[00:07:00.965,000] [0m<dbg> net_pkt.net_pkt_frag_unref_debug: (rx_q[0]): TDATA (tx_bufs) [79] frag 0x3c15d4a0 ref 0 (net_pkt_unref_debug():612)[0m
[07:46:14.119] [1;32muart:~$ [m^[[1[12D[J[00:07:00.965,000] [0m<dbg> net_pkt.net_pkt_print: (rx_q[0]): TX 16 RX 39 RDATA 159 TDATA 80[0m
[07:46:14.135] [1;32muart:~$ [m^[[1[12D[J[00:07:00.967,000] [0m<dbg> net_pkt.net_pkt_read: (llss_thread): pkt 0x3c173cf0 data 0x3c246e00 length 5[0m
[07:46:14.151] [1;32muart:~$ [m^[[1[12D[J[00:07:00.967,000] [0m<dbg> net_pkt.net_pkt_read: (llss_thread): pkt 0x3c173cf0 data 0x3c246e05 length 233[0m
[07:46:14.167] [1;32muart:~$ [m^[[1[12D[J[00:07:00.967,000] [0m<dbg> net_pkt.net_pkt_unref_debug: (llss_thread): RX [39] pkt 0x3c173cf0 ref 0 frags 0x3c17286c (zsock_recv_stream_immediate():1423)[0m
[07:46:14.184] [1;32muart:~$ [m^[[1[12D[J[00:07:00.967,000] [0m<dbg> net_pkt.net_pkt_unref_debug: (llss_thread): RDATA (rx_bufs) [159] frag 0x3c17286c ref 0 frags 0 (zsock_recv_stream_immediate():1423)[0m
[07:46:14.201] [1;32muart:~$ [m^[[1[12D[J[00:07:00.967,000] [0m<dbg> net_pkt.net_pkt_frag_unref_debug: (llss_thread): RDATA (rx_bufs) [159] frag 0x3c17286c ref 0 (net_pkt_unref_debug():612)[0m
[07:46:14.218] [1;32muart:~$ [m^[[1[12D[J[1;32muart:~$ [m^[[1[12D[J[1;32muart:~$ [m^[[1[12D[J[00:07:01.166,000] [0m<dbg> net_pkt.pkt_alloc_with_buffer: (wifi): On iface 1 (0x3fc9ea10) size 60[0m
[07:46:15.215] [1;32muart:~$ [m^[[1[12D[J[00:07:01.166,000] [0m<dbg> net_pkt.net_pkt_alloc_buffer_with_reserve_debug: (wifi): Data allocation maximum size 60 (requested 60, reserve 0)[0m
[07:46:15.232] [1;32muart:~$ [m^[[1[12D[J[00:07:01.167,000] [0m<dbg> net_pkt.pkt_alloc_buffer: (wifi): RDATA (rx_bufs) [159] frag 0x3c17286c ref 1 (eth_esp32_rx():153)[0m
[07:46:15.249] [1;32muart:~$ [m^[[1[12D[J[00:07:01.167,000] [0m<dbg> net_pkt.net_pkt_write: (wifi): pkt 0x3c173cf0 data 0x3c26f2aa length 60[0m
[07:46:15.265] [1;32muart:~$ [m^[[1[12D[J[00:07:01.167,000] [0m<dbg> net_pkt.net_pkt_unref_debug: (rx_q[0]): RX [39] pkt 0x3c173cf0 ref 0 frags 0x3c17286c (processing_data():157)[0m
[07:46:15.282] [1;32muart:~$ [m^[[1[12D[J[00:07:01.167,000] [0m<dbg> net_pkt.net_pkt_unref_debug: (rx_q[0]): RDATA (rx_bufs) [159] frag 0x3c17286c ref 0 frags 0 (processing_data():157)[0m
[07:46:15.298] [1;32muart:~$ [m^[[1[12D[J[00:07:01.167,000] [0m<dbg> net_pkt.net_pkt_frag_unref_debug: (rx_q[0]): RDATA (rx_bufs) [159] frag 0x3c17286c ref 0 (net_pkt_unref_debug():612)[0m
[07:46:15.315] [1;32muart:~$ [m^[[1[12D[J[00:07:01.167,000] [0m<dbg> net_pkt.net_pkt_print: (rx_q[0]): TX 16 RX 40 RDATA 160 TDATA 80[0m
[07:46:15.331] [1;32muart:~$ [m^[[1[12D[J[1;32muart:~$ [m^[[1[12D[J[1;32muart:~$ [m^[[1[12D[J[1;31m[1;31m--- 3 messages dropped ---
[07:46:16.263] [0m[m[00:07:02.395,000] [0m<dbg> net_pkt.net_pkt_write: (wifi): pkt 0x3c173cf0 data 0x3c26f2aa length 60[0m
[07:46:16.264] [1;32muart:~$ [m^[[1[12D[J[00:07:02.396,000] [0m<dbg> net_pkt.net_pkt_unref_debug: (rx_q[0]): RX [39] pkt 0x3c173cf0 ref 0 frags 0x3c17286c (processing_data():157)[0m
[07:46:16.281] [1;32muart:~$ [m^[[1[12D[J[00:07:02.396,000] [0m<dbg> net_pkt.net_pkt_unref_debug: (rx_q[0]): RDATA (rx_bufs) [159] frag 0x3c17286c ref 0 frags 0 (processing_data():157)[0m
[07:46:16.298] [1;32muart:~$ [m^[[1[12D[J[00:07:02.396,000] [0m<dbg> net_pkt.net_pkt_frag_unref_debug: (rx_q[0]): RDATA (rx_bufs) [159] frag 0x3c17286c ref 0 (net_pkt_unref_debug():612)[0m
[07:46:16.314] [1;32muart:~$ [m^[[1[12D[J[00:07:02.396,000] [0m<dbg> net_pkt.net_pkt_print: (rx_q[0]): TX 16 RX 40 RDATA 160 TDATA 80[0m
[07:46:16.330] [1;32muart:~$ [m^[[1[12D[J[00:07:03.214,000] [0m<dbg> net_pkt.pkt_alloc_with_buffer: (wifi): On iface 1 (0x3fc9ea10) size 60[0m
[07:46:16.346] [1;32muart:~$ [m^[[1[12D[J[00:07:03.214,000] [0m<dbg> net_pkt.net_pkt_alloc_buffer_with_reserve_debug: (wifi): Data allocation maximum size 60 (requested 60, reserve 0)[0m
[07:46:16.363] [1;32muart:~$ [m^[[1[12D[J[00:07:03.214,000] [0m<dbg> net_pkt.pkt_alloc_buffer: (wifi): RDATA (rx_bufs) [159] frag 0x3c17286c ref 1 (eth_esp32_rx():153)[0m
[07:46:16.380] [1;32muart:~$ [m^[[1[12D[J[00:07:03.214,000] [0m<dbg> net_pkt.net_pkt_write: (wifi): pkt 0x3c173cf0 data 0x3c26f2aa length 60[0m
[07:46:16.396] [1;32muart:~$ [m^[[1[12D[J[00:07:03.215,000] [0m<dbg> net_pkt.net_pkt_unref_debug: (rx_q[0]): RX [39] pkt 0x3c173cf0 ref 0 frags 0x3c17286c (processing_data():157)[0m
[07:46:16.413] [1;32muart:~$ [m^[[1[12D[J[00:07:03.215,000] [0m<dbg> net_pkt.net_pkt_unref_debug: (rx_q[0]): RDATA (rx_bufs) [159] frag 0x3c17286c ref 0 frags 0 (processing_data():157)[0m
[07:46:16.429] [1;32muart:~$ [m^[[1[12D[J[00:07:03.215,000] [0m<dbg> net_pkt.net_pkt_frag_unref_debug: (rx_q[0]): RDATA (rx_bufs) [159] frag 0x3c17286c ref 0 (net_pkt_unref_debug():612)[0m
[07:46:16.446] [1;32muart:~$ [m^[[1[12D[J[00:07:03.215,000] [0m<dbg> net_pkt.net_pkt_print: (rx_q[0]): TX 16 RX 40 RDATA 160 TDATA 80[0m
[07:46:16.463] [1;32muart:~$ [m^[[1[12D[J[1;32muart:~$ [m^[[1[12D[J[1;32muart:~$ [m^[[1[12D[J[1;31m[1;31m--- 13 messages dropped ---
[07:46:17.265] [0m[m[00:07:04.214,000] [0m<dbg> net_pkt.net_pkt_write: (sysworkq): pkt 0x3c172ee0 data 0x3c1534a0 length 40[0m
[07:46:17.268] [1;32muart:~$ [m^[[1[12D[J[1;31m[1;31m--- 5 messages dropped ---
[07:46:17.284] [0m[m[00:07:04.214,000] [0m<dbg> net_pkt.net_pkt_skip: (sysworkq): pkt 0x3c172ee0 skip 40[0m
[07:46:17.284] [1;32muart:~$ [m^[[1[12D[J[00:07:04.214,000] [0m<dbg> net_pkt.net_pkt_skip: (sysworkq): pkt 0x3c172ee0 skip 8[0m
[07:46:17.301] [1;32muart:~$ [m^[[1[12D[J[1;31m[1;31m--- 8 messages dropped ---
[07:46:17.317] [0m[m[00:07:04.214,000] [0m<dbg> net_pkt.net_pkt_skip: (sysworkq): pkt 0x3c172ee0 skip 32[0m
[07:46:17.318] [1;32muart:~$ [m^[[1[12D[J[00:07:04.214,000] [0m<dbg> net_pkt.net_pkt_write: (sysworkq): pkt 0x3c172ee0 data 0x3c1534c8 length 4[0m
[07:46:17.334] [1;32muart:~$ [m^[[1[12D[J[00:07:04.214,000] [0m<dbg> net_pkt.net_pkt_skip: (sysworkq): pkt 0x3c172ee0 skip 4[0m
[07:46:17.350] [1;32muart:~$ [m^[[1[12D[J[00:07:04.214,000] [0m<dbg> net_pkt.net_pkt_get_reserve_data_debug: (sysworkq): TDATA (tx_bufs) [78] frag 0x3c15d4bc ref 1 (ethernet_fill_header():610)[0m
[07:46:17.367] [1;32muart:~$ [m^[[1[12D[J[00:07:04.214,000] [0m<dbg> net_pkt.net_pkt_frag_insert_debug: (sysworkq): pkt 0x3c172ee0 frag 0x3c15d4bc (ethernet_fill_header:669)[0m
[07:46:17.384] [1;32muart:~$ [m^[[1[12D[J[00:07:04.214,000] [0m<dbg> net_pkt.net_pkt_frag_unref_debug: (sysworkq): TDATA (tx_bufs) [79] frag 0x3c15d4a0 ref 0 (net_pkt_unref_debug():612)[0m
[07:46:17.400] [1;32muart:~$ [m^[[1[12D[J[00:07:04.218,000] [0m<dbg> net_pkt.net_pkt_unref_debug: (rx_q[0]): RX [39] pkt 0x3c173cf0 ref 0 frags 0x3c17286c (processing_data():157)[0m
[07:46:17.417] [1;32muart:~$ [m^[[1[12D[J[00:07:04.218,000] [0m<dbg> net_pkt.net_pkt_unref_debug: (rx_q[0]): RDATA (rx_bufs) [159] frag 0x3c17286c ref 0 frags 0 (processing_data():157)[0m
[07:46:17.433] [1;32muart:~$ [m^[[1[12D[J[00:07:04.218,000] [0m<dbg> net_pkt.net_pkt_frag_unref_debug: (rx_q[0]): RDATA (rx_bufs) [159] frag 0x3c17286c ref 0 (net_pkt_unref_debug():612)[0m
[07:46:17.450] [1;32muart:~$ [m^[[1[12D[J[00:07:04.219,000] [0m<dbg> net_pkt.net_pkt_print: (rx_q[0]): TX 16 RX 40 RDATA 160 TDATA 80[0m
[07:46:17.467] [1;32muart:~$ [m^[[1[12D[J[00:07:04.242,000] [0m<dbg> net_pkt.pkt_alloc_with_buffer: (wifi): On iface 1 (0x3fc9ea10) size 60[0m
[07:46:17.483] [1;32muart:~$ [m^[[1[12D[J[00:07:04.242,000] [0m<dbg> net_pkt.net_pkt_alloc_buffer_with_reserve_debug: (wifi): Data allocation maximum size 60 (requested 60, reserve 0)[0m
[07:46:17.500] [1;32muart:~$ [m^[[1[12D[J[00:07:04.242,000] [0m<dbg> net_pkt.pkt_alloc_buffer: (wifi): RDATA (rx_bufs) [159] frag 0x3c17286c ref 1 (eth_esp32_rx():153)[0m
[07:46:17.517] [1;32muart:~$ [m^[[1[12D[J[00:07:04.242,000] [0m<dbg> net_pkt.net_pkt_write: (wifi): pkt 0x3c173cf0 data 0x3c26f2aa length 60[0m
[07:46:17.533] [1;32muart:~$ [m^[[1[12D[J[00:07:04.242,000] [0m<dbg> net_pkt.net_pkt_unref_debug: (rx_q[0]): RX [39] pkt 0x3c173cf0 ref 0 frags 0x3c17286c (processing_data():157)[0m
[07:46:17.550] [1;32muart:~$ [m^[[1[12D[J[00:07:04.242,000] [0m<dbg> net_pkt.net_pkt_unref_debug: (rx_q[0]): RDATA (rx_bufs) [159] frag 0x3c17286c ref 0 frags 0 (processing_data():157)[0m
[07:46:17.566] [1;32muart:~$ [m^[[1[12D[J[00:07:04.242,000] [0m<dbg> net_pkt.net_pkt_frag_unref_debug: (rx_q[0]): RDATA (rx_bufs) [159] frag 0x3c17286c ref 0 (net_pkt_unref_debug():612)[0m
[07:46:17.583] [1;32muart:~$ [m^[[1[12D[J[00:07:04.242,000] [0m<dbg> net_pkt.net_pkt_print: (rx_q[0]): TX 16 RX 40 RDATA 160 TDATA 80[0m
[07:46:17.599] [1;32muart:~$ [m^[[1[12D[J[1;32muart:~$ [m^[[1[12D[J[1;32muart:~$ [m^[[1[12D[J[1;31m[1;31m--- 14 messages dropped ---
[07:46:18.266] [0m[m[00:07:05.215,000] [0m<dbg> net_pkt.net_pkt_skip: (sysworkq): pkt 0x3c172ee0 skip 40[0m
[07:46:18.270] [1;32muart:~$ [m^[[1[12D[J[1;31m[1;31m--- 13 messages dropped ---
[07:46:18.286] [0m[m[00:07:05.215,000] [0m<dbg> net_pkt.net_pkt_skip: (sysworkq): pkt 0x3c172ee0 skip 8[0m
[07:46:18.286] [1;32muart:~$ [m^[[1[12D[J[00:07:05.215,000] [0m<dbg> net_pkt.net_pkt_skip: (sysworkq): pkt 0x3c172ee0 skip 32[0m
[07:46:18.303] [1;32muart:~$ [m^[[1[12D[J[00:07:05.215,000] [0m<dbg> net_pkt.net_pkt_write: (sysworkq): pkt 0x3c172ee0 data 0x3c1534c8 length 4[0m
[07:46:18.320] [1;32muart:~$ [m^[[1[12D[J[00:07:05.215,000] [0m<dbg> net_pkt.net_pkt_skip: (sysworkq): pkt 0x3c172ee0 skip 4[0m
[07:46:18.337] [1;32muart:~$ [m^[[1[12D[J[00:07:05.216,000] [0m<dbg> net_pkt.net_pkt_get_reserve_data_debug: (sysworkq): TDATA (tx_bufs) [78] frag 0x3c15d4bc ref 1 (ethernet_fill_header():610)[0m
[07:46:18.354] [1;32muart:~$ [m^[[1[12D[J[00:07:05.216,000] [0m<dbg> net_pkt.net_pkt_frag_insert_debug: (sysworkq): pkt 0x3c172ee0 frag 0x3c15d4bc (ethernet_fill_header:669)[0m
[07:46:18.370] [1;32muart:~$ [m^[[1[12D[J[00:07:05.216,000] [0m<dbg> net_pkt.net_pkt_read: (sysworkq): pkt 0x3c172ee0 data 0x3fcc36ae length 86[0m
[07:46:18.386] [1;32muart:~$ [m^[[1[12D[J[00:07:05.221,000] [0m<dbg> net_pkt.net_pkt_print: (rx_q[0]): TX 16 RX 40 RDATA 160 TDATA 80[0m
[07:46:18.403] [1;32muart:~$ [m^[[1[12D[J[00:07:05.221,000] [0m<dbg> net_pkt.pkt_alloc_with_buffer: (wifi): On iface 1 (0x3fc9ea10) size 78[0m
[07:46:18.419] [1;32muart:~$ [m^[[1[12D[J[00:07:05.221,000] [0m<dbg> net_pkt.net_pkt_alloc_buffer_with_reserve_debug: (wifi): Data allocation maximum size 78 (requested 78, reserve 0)[0m
[07:46:18.436] [1;32muart:~$ [m^[[1[12D[J[00:07:05.221,000] [0m<dbg> net_pkt.pkt_alloc_buffer: (wifi): RDATA (rx_bufs) [159] frag 0x3c17286c ref 1 (eth_esp32_rx():153)[0m
[07:46:18.452] [1;32muart:~$ [m^[[1[12D[J[00:07:05.221,000] [0m<dbg> net_pkt.net_pkt_write: (wifi): pkt 0x3c173cf0 data 0x3c26f2ac length 78[0m
[07:46:18.469] [1;32muart:~$ [m^[[1[12D[J[00:07:05.222,000] [0m<dbg> net_pkt.net_pkt_skip: (rx_q[0]): pkt 0x3c173cf0 skip 40[0m
[07:46:18.485] [1;32muart:~$ [m^[[1[12D[J[00:07:05.222,000] [0m<dbg> net_pkt.net_pkt_skip: (rx_q[0]): pkt 0x3c173cf0 skip 8[0m
[07:46:18.501] [1;32muart:~$ [m^[[1[12D[J[00:07:05.222,000] [0m<dbg> net_pkt.net_pkt_skip: (rx_q[0]): pkt 0x3c173cf0 skip 32[0m
[07:46:18.518] [1;32muart:~$ [m^[[1[12D[J[00:07:05.222,000] [0m<dbg> net_pkt.net_pkt_skip: (rx_q[0]): pkt 0x3c173cf0 skip 4[0m
[07:46:18.534] [1;32muart:~$ [m^[[1[12D[J[00:07:05.222,000] [0m<dbg> net_pkt.net_pkt_unref_debug: (rx_q[0]): RX [39] pkt 0x3c173cf0 ref 0 frags 0x3c17286c (processing_data():157)[0m
[07:46:18.550] [1;32muart:~$ [m^[[1[12D[J[00:07:05.222,000] [0m<dbg> net_pkt.net_pkt_unref_debug: (rx_q[0]): RDATA (rx_bufs) [159] frag 0x3c17286c ref 0 frags 0 (processing_data():157)[0m
[07:46:18.566] [1;32muart:~$ [m^[[1[12D[J[00:07:05.222,000] [0m<dbg> net_pkt.net_pkt_print: (rx_q[0]): TX 16 RX 40 RDATA 160 TDATA 80[0m
[07:46:18.583] [1;32muart:~$ [m^[[1[12D[J[1;32muart:~$ [m^[[1[12D[J[1;32muart:~$ [m^[[1[12D[J[1;31m[1;31m--- 72 messages dropped ---
[07:46:19.032] [0m[m[00:07:05.979,000] [0m<dbg> net_pkt.net_pkt_get_reserve_data_debug: (llss_thread): TDATA (tx_bufs) [76] frag 0x3c15d4f4 ref 1 (ethernet_fill_header():610)[0m
[07:46:19.034] [1;32muart:~$ [m^[[1[12D[J[1;31m[1;31m--- 11 messages dropped ---
[07:46:19.050] [0m[m[00:07:05.979,000] [0m<dbg> net_pkt.net_pkt_frag_insert_debug: (llss_thread): pkt 0x3c172f28 frag 0x3c15d4f4 (ethernet_fill_header:669)[0m
[07:46:19.051] [1;32muart:~$ [m^[[1[12D[J[00:07:05.979,000] [0m<dbg> net_pkt.net_pkt_read: (llss_thread): pkt 0x3c172f28 data 0x3fcc36ae length 236[0m
[07:46:19.067] [1;32muart:~$ [m^[[1[12D[J[00:07:05.980,000] [0m<dbg> net_pkt.net_pkt_unref_debug: (llss_thread): TX [14] pkt 0x3c172f28 ref 1 frags 0x3c15d4f4 (ethernet_send():800)[0m
[07:46:19.085] [1;32muart:~$ [m^[[1[12D[J[00:07:05.980,000] [0m<dbg> net_pkt.net_pkt_unref_debug: (llss_thread): TX [14] pkt 0x3c172f28 ref 0 frags 0x3c15d4f4 (tcp_send():472)[0m
[07:46:19.102] [1;32muart:~$ [m^[[1[12D[J[00:07:05.980,000] [0m<dbg> net_pkt.net_pkt_unref_debug: (llss_thread): TDATA (tx_bufs) [76] frag 0x3c15d4f4 ref 0 frags 0x3c15d4d8 (tcp_send():472)[0m
[07:46:19.118] [1;32muart:~$ [m^[[1[12D[J[00:07:05.981,000] [0m<dbg> net_pkt.net_pkt_unref_debug: (llss_thread): TDATA (tx_bufs) [76] frag 0x3c15d4d8 ref 0 frags 0x3c15d4bc (tcp_send():472)[0m
[07:46:19.135] [1;32muart:~$ [m^[[1[12D[J[00:07:05.983,000] [0m<dbg> net_pkt.net_pkt_skip: (rx_q[0]): pkt 0x3c173cf0 skip 32[0m
[07:46:19.152] [1;32muart:~$ [m^[[1[12D[J[00:07:05.983,000] [0m<dbg> net_pkt.net_pkt_write: (rx_q[0]): pkt 0x3c173cf0 data 0x3c16a796 length 20[0m
[07:46:19.168] [1;32muart:~$ [m^[[1[12D[J[00:07:05.983,000] [0m<dbg> net_pkt.net_pkt_skip: (rx_q[0]): pkt 0x3c173cf0 skip 20[0m
[07:46:19.184] [1;32muart:~$ [m^[[1[12D[J[00:07:05.983,000] [0m<dbg> net_pkt.net_pkt_skip: (rx_q[0]): pkt 0x3c173cf0 skip 40[0m
[07:46:19.201] [1;32muart:~$ [m^[[1[12D[J[00:07:05.983,000] [0m<dbg> net_pkt.net_pkt_skip: (rx_q[0]): pkt 0x3c173cf0 skip 40[0m
[07:46:19.217] [1;32muart:~$ [m^[[1[12D[J[00:07:05.984,000] [0m<dbg> net_pkt.net_pkt_skip: (rx_q[0]): pkt 0x3c173cf0 skip 40[0m
[07:46:19.234] [1;32muart:~$ [m^[[1[12D[J[00:07:05.984,000] [0m<dbg> net_pkt.net_pkt_skip: (rx_q[0]): pkt 0x3c173cf0 skip 40[0m
[07:46:19.250] [1;32muart:~$ [m^[[1[12D[J[1;31m[1;31m--- 13 messages dropped ---
[07:46:19.274] [0m[m[00:07:05.984,000] [0m<dbg> net_pkt.net_pkt_skip: (rx_q[0]): pkt 0x3c173cf0 skip 40[0m
[07:46:19.275] [1;32muart:~$ [m^[[1[12D[J[1;31m[1;31m--- 51 messages dropped ---
[07:46:19.291] [0m[m[00:07:05.984,000] [0m<dbg> net_pkt.net_pkt_unref_debug: (rx_q[0]): RX [39] pkt 0x3c173cf0 ref 0 frags 0x3c17286c (tcp_in():3635)[0m
[07:46:19.292] [1;32muart:~$ [m^[[1[12D[J[00:07:05.984,000] [0m<dbg> net_pkt.net_pkt_unref_debug: (rx_q[0]): RDATA (rx_bufs) [159] frag 0x3c17286c ref 0 frags 0 (tcp_in():3635)[0m
[07:46:19.309] [1;32muart:~$ [m^[[1[12D[J[00:07:05.984,000] [0m<dbg> net_pkt.net_pkt_frag_unref_debug: (rx_q[0]): RDATA (rx_bufs) [159] frag 0x3c17286c ref 0 (net_pkt_unref_debug():612)[0m
[07:46:19.326] [1;32muart:~$ [m^[[1[12D[J[00:07:05.984,000] [0m<dbg> net_pkt.net_pkt_print: (rx_q[0]): TX 16 RX 40 RDATA 160 TDATA 80[0m
[07:46:19.343] [1;32muart:~$ [m^[[1[12D[J[00:07:06.217,000] [0m<dbg> net_pkt.net_pkt_write: (sysworkq): pkt 0x3c172ee0 data 0x3c1534a0 length 40[0m
[07:46:19.359] [1;32muart:~$ [m^[[1[12D[J[00:07:06.217,000] [0m<dbg> net_pkt.net_pkt_skip: (sysworkq): pkt 0x3c172ee0 skip 40[0m
[07:46:19.376] [1;32muart:~$ [m^[[1[12D[J[00:07:06.225,000] [0m<dbg> net_pkt.net_pkt_frag_unref_debug: (rx_q[0]): RDATA (rx_bufs) [159] frag 0x3c17286c ref 0 (net_pkt_unref_debug():612)[0m
[07:46:19.393] [1;32muart:~$ [m^[[1[12D[J[00:07:06.225,000] [0m<dbg> net_pkt.net_pkt_print: (rx_q[0]): TX 16 RX 40 RDATA 160 TDATA 80[0m
[07:46:19.409] [1;32muart:~$ [m^[[1[12D[J[00:07:06.225,000] [0m<dbg> net_pkt.pkt_alloc_with_buffer: (wifi): On iface 1 (0x3fc9ea10) size 78[0m
[07:46:19.425] [1;32muart:~$ [m^[[1[12D[J[00:07:06.225,000] [0m<dbg> net_pkt.pkt_alloc_buffer: (wifi): RDATA (rx_bufs) [159] frag 0x3c17286c ref 1 (eth_esp32_rx():153)[0m
[07:46:19.441] [1;32muart:~$ [m^[[1[12D[J[00:07:06.225,000] [0m<dbg> net_pkt.net_pkt_write: (wifi): pkt 0x3c173cf0 data 0x3c26f95c length 78[0m
[07:46:19.457] [1;32muart:~$ [m^[[1[12D[J[00:07:06.225,000] [0m<dbg> net_pkt.net_pkt_skip: (rx_q[0]): pkt 0x3c173cf0 skip 40[0m
[07:46:19.474] [1;32muart:~$ [m^[[1[12D[J[00:07:06.226,000] [0m<dbg> net_pkt.net_pkt_skip: (rx_q[0]): pkt 0x3c173cf0 skip 8[0m
[07:46:19.490] [1;32muart:~$ [m^[[1[12D[J[00:07:06.226,000] [0m<dbg> net_pkt.net_pkt_skip: (rx_q[0]): pkt 0x3c173cf0 skip 32[0m
[07:46:19.506] [1;32muart:~$ [m^[[1[12D[J[00:07:06.226,000] [0m<dbg> net_pkt.net_pkt_skip: (rx_q[0]): pkt 0x3c173cf0 skip 4[0m
[07:46:19.522] [1;32muart:~$ [m^[[1[12D[J[00:07:06.226,000] [0m<dbg> net_pkt.net_pkt_unref_debug: (rx_q[0]): RX [39] pkt 0x3c173cf0 ref 0 frags 0x3c17286c (processing_data():157)[0m
[07:46:19.539] [1;32muart:~$ [m^[[1[12D[J[00:07:06.226,000] [0m<dbg> net_pkt.net_pkt_unref_debug: (rx_q[0]): RDATA (rx_bufs) [159] frag 0x3c17286c ref 0 frags 0 (processing_data():157)[0m
[07:46:19.556] [1;32muart:~$ [m^[[1[12D[J[00:07:06.226,000] [0m<dbg> net_pkt.net_pkt_frag_unref_debug: (rx_q[0]): RDATA (rx_bufs) [159] frag 0x3c17286c ref 0 (net_pkt_unref_debug():612)[0m
[07:46:19.572] [1;32muart:~$ [m^[[1[12D[J[00:07:06.226,000] [0m<dbg> net_pkt.net_pkt_print: (rx_q[0]): TX 16 RX 40 RDATA 160 TDATA 80[0m
[07:46:19.588] [1;32muart:~$ [m^[[1[12D[J[1;32muart:~$ [m^[[1[12D[J[1;32muart:~$ [m^[[1[12D[J[1;31m[1;31m--- 61 messages dropped ---
[07:46:20.776] [0m[m[00:07:07.724,000] [0m<dbg> net_pkt.net_pkt_unref_debug: (rx_q[0]): TX [14] pkt 0x3c172f28 ref 0 frags 0x3c15d4d8 (ethernet_send():800)[0m
[07:46:20.781] [1;32muart:~$ [m^[[1[12D[J[1;31m[1;31m--- 19 messages dropped ---
[07:46:20.797] [0m[m[00:07:07.724,000] [0m<dbg> net_pkt.net_pkt_unref_debug: (rx_q[0]): TDATA (tx_bufs) [77] frag 0x3c15d4d8 ref 0 frags 0x3c15d4bc (ethernet_send():800)[0m
[07:46:20.798] [1;32muart:~$ [m^[[1[12D[J[00:07:07.724,000] [0m<dbg> net_pkt.net_pkt_unref_debug: (rx_q[0]): TDATA (tx_bufs) [77] frag 0x3c15d4bc ref 0 frags 0 (ethernet_send():800)[0m
[07:46:20.815] [1;32muart:~$ [m^[[1[12D[J[00:07:07.724,000] [0m<dbg> net_pkt.net_pkt_frag_unref_debug: (rx_q[0]): TDATA (tx_bufs) [77] frag 0x3c15d4d8 ref 0 (net_pkt_unref_debug():612)[0m
[07:46:20.833] [1;32muart:~$ [m^[[1[12D[J[00:07:07.724,000] [0m<dbg> net_pkt.net_pkt_frag_unref_debug: (rx_q[0]): TDATA (tx_bufs) [78] frag 0x3c15d4bc ref 0 (net_pkt_unref_debug():612)[0m
[07:46:20.850] [1;32muart:~$ [m^[[1[12D[J[00:07:07.724,000] [0m<dbg> net_pkt.net_pkt_unref_debug: (rx_q[0]): TX [15] pkt 0x3c172ee0 ref 2 frags 0x3c15d4a0 (tcp_send():472)[0m
[07:46:20.866] [1;32muart:~$ [m^[[1[12D[J[00:07:07.731,000] [0m<dbg> net_pkt.net_pkt_get_reserve_data_debug: (rx_q[0]): TDATA (tx_bufs) [78] frag 0x3c15d4bc ref 1 (ethernet_fill_header():610)[0m
[07:46:20.883] [1;32muart:~$ [m^[[1[12D[J[00:07:07.731,000] [0m<dbg> net_pkt.net_pkt_frag_insert_debug: (rx_q[0]): pkt 0x3c172ee0 frag 0x3c15d4bc (ethernet_fill_header:669)[0m
[07:46:20.899] [1;32muart:~$ [m^[[1[12D[J[00:07:07.731,000] [0m<dbg> net_pkt.net_pkt_read: (rx_q[0]): pkt 0x3c172ee0 data 0x3fcc36ae length 74[0m
[07:46:20.915] [1;32muart:~$ [m^[[1[12D[J[00:07:07.731,000] [0m<dbg> net_pkt.net_pkt_unref_debug: (rx_q[0]): TX [15] pkt 0x3c172ee0 ref 1 frags 0x3c15d4bc (ethernet_send():800)[0m
[07:46:20.932] [1;32muart:~$ [m^[[1[12D[J[00:07:07.731,000] [0m<dbg> net_pkt.net_pkt_unref_debug: (rx_q[0]): TX [15] pkt 0x3c172ee0 ref 0 frags 0x3c15d4bc (handle_na_neighbor():1896)[0m
[07:46:20.949] [1;32muart:~$ [m^[[1[12D[J[00:07:07.732,000] [0m<dbg> net_pkt.net_pkt_unref_debug: (rx_q[0]): TDATA (tx_bufs) [78] frag 0x3c15d4bc ref 0 frags 0x3c15d4a0 (handle_na_neighbor():1896)[0m
[07:46:20.965] [1;32muart:~$ [m^[[1[12D[J[00:07:07.732,000] [0m<dbg> net_pkt.net_pkt_unref_debug: (rx_q[0]): TDATA (tx_bufs) [78] frag 0x3c15d4a0 ref 0 frags 0 (handle_na_neighbor():1896)[0m
[07:46:20.982] [1;32muart:~$ [m^[[1[12D[J[00:07:07.732,000] [0m<dbg> net_pkt.net_pkt_frag_unref_debug: (rx_q[0]): TDATA (tx_bufs) [79] frag 0x3c15d4a0 ref 0 (net_pkt_unref_debug():612)[0m
[07:46:20.999] [1;32muart:~$ [m^[[1[12D[J[00:07:07.732,000] [0m<dbg> net_pkt.net_pkt_unref_debug: (rx_q[0]): RX [39] pkt 0x3c173cf0 ref 0 frags 0x3c17286c (net_icmpv6_input():408)[0m
[07:46:21.016] [1;32muart:~$ [m^[[1[12D[J[00:07:07.732,000] [0m<dbg> net_pkt.net_pkt_unref_debug: (rx_q[0]): RDATA (rx_bufs) [159] frag 0x3c17286c ref 0 frags 0 (net_icmpv6_input():408)[0m
[07:46:21.033] [1;32muart:~$ [m^[[1[12D[J[00:07:07.732,000] [0m<dbg> net_pkt.net_pkt_frag_unref_debug: (rx_q[0]): RDATA (rx_bufs) [159] frag 0x3c17286c ref 0 (net_pkt_unref_debug():612)[0m
[07:46:21.049] [1;32muart:~$ [m^[[1[12D[J[00:07:07.732,000] [0m<dbg> net_pkt.net_pkt_print: (rx_q[0]): TX 16 RX 40 RDATA 160 TDATA 80[0m
[07:46:21.066] [1;32muart:~$ [m^[[1[12D[J[1;32muart:~$ [m^[[1[12D[J[1;32muart:~$ [m^[[1[12D[J[00:07:08.334,000] [0m<dbg> net_pkt.pkt_alloc_with_buffer: (wifi): On iface 1 (0x3fc9ea10) size 60[0m
[07:46:22.384] [1;32muart:~$ [m^[[1[12D[J[00:07:08.334,000] [0m<dbg> net_pkt.net_pkt_alloc_buffer_with_reserve_debug: (wifi): Data allocation maximum size 60 (requested 60, reserve 0)[0m
[07:46:22.401] [1;32muart:~$ [m^[[1[12D[J[00:07:08.334,000] [0m<dbg> net_pkt.pkt_alloc_buffer: (wifi): RDATA (rx_bufs) [159] frag 0x3c17286c ref 1 (eth_esp32_rx():153)[0m
[07:46:22.417] [1;32muart:~$ [m^[[1[12D[J[00:07:08.334,000] [0m<dbg> net_pkt.net_pkt_write: (wifi): pkt 0x3c173cf0 data 0x3c26f2aa length 60[0m
[07:46:22.434] [1;32muart:~$ [m^[[1[12D[J[00:07:08.335,000] [0m<dbg> net_pkt.net_pkt_unref_debug: (rx_q[0]): RX [39] pkt 0x3c173cf0 ref 0 frags 0x3c17286c (processing_data():157)[0m
[07:46:22.451] [1;32muart:~$ [m^[[1[12D[J[00:07:08.335,000] [0m<dbg> net_pkt.net_pkt_unref_debug: (rx_q[0]): RDATA (rx_bufs) [159] frag 0x3c17286c ref 0 frags 0 (processing_data():157)[0m
[07:46:22.467] [1;32muart:~$ [m^[[1[12D[J[00:07:08.335,000] [0m<dbg> net_pkt.net_pkt_frag_unref_debug: (rx_q[0]): RDATA (rx_bufs) [159] frag 0x3c17286c ref 0 (net_pkt_unref_debug():612)[0m
[07:46:22.484] [1;32muart:~$ [m^[[1[12D[J[00:07:08.335,000] [0m<dbg> net_pkt.net_pkt_print: (rx_q[0]): TX 16 RX 40 RDATA 160 TDATA 80[0m
[07:46:22.500] [1;32muart:~$ [m^[[1[12D[J[1;32muart:~$ [m^[[1[12D[J[1;32muart:~$ [m^[[1[12D[J[1;31m[1;31m--- 3 messages dropped ---
[07:46:23.227] [0m[m[00:07:09.358,000] [0m<dbg> net_pkt.net_pkt_write: (wifi): pkt 0x3c173cf0 data 0x3c26f2aa length 60[0m
[07:46:23.228] [1;32muart:~$ [m^[[1[12D[J[00:07:09.359,000] [0m<dbg> net_pkt.net_pkt_unref_debug: (rx_q[0]): RX [39] pkt 0x3c173cf0 ref 0 frags 0x3c17286c (processing_data():157)[0m
[07:46:23.245] [1;32muart:~$ [m^[[1[12D[J[00:07:09.359,000] [0m<dbg> net_pkt.net_pkt_unref_debug: (rx_q[0]): RDATA (rx_bufs) [159] frag 0x3c17286c ref 0 frags 0 (processing_data():157)[0m
[07:46:23.261] [1;32muart:~$ [m^[[1[12D[J[00:07:09.359,000] [0m<dbg> net_pkt.net_pkt_frag_unref_debug: (rx_q[0]): RDATA (rx_bufs) [159] frag 0x3c17286c ref 0 (net_pkt_unref_debug():612)[0m
[07:46:23.278] [1;32muart:~$ [m^[[1[12D[J[00:07:09.359,000] [0m<dbg> net_pkt.net_pkt_print: (rx_q[0]): TX 16 RX 40 RDATA 160 TDATA 80[0m
[07:46:23.294] [1;32muart:~$ [m^[[1[12D[J[00:07:10.177,000] [0m<dbg> net_pkt.pkt_alloc_with_buffer: (wifi): On iface 1 (0x3fc9ea10) size 60[0m
[07:46:23.310] [1;32muart:~$ [m^[[1[12D[J[00:07:10.178,000] [0m<dbg> net_pkt.net_pkt_alloc_buffer_with_reserve_debug: (wifi): Data allocation maximum size 60 (requested 60, reserve 0)[0m
[07:46:23.327] [1;32muart:~$ [m^[[1[12D[J[00:07:10.178,000] [0m<dbg> net_pkt.pkt_alloc_buffer: (wifi): RDATA (rx_bufs) [159] frag 0x3c17286c ref 1 (eth_esp32_rx():153)[0m
[07:46:23.343] [1;32muart:~$ [m^[[1[12D[J[00:07:10.178,000] [0m<dbg> net_pkt.net_pkt_write: (wifi): pkt 0x3c173cf0 data 0x3c26f2aa length 60[0m
[07:46:23.359] [1;32muart:~$ [m^[[1[12D[J[00:07:10.178,000] [0m<dbg> net_pkt.net_pkt_unref_debug: (rx_q[0]): RX [39] pkt 0x3c173cf0 ref 0 frags 0x3c17286c (processing_data():157)[0m
[07:46:23.376] [1;32muart:~$ [m^[[1[12D[J[00:07:10.178,000] [0m<dbg> net_pkt.net_pkt_unref_debug: (rx_q[0]): RDATA (rx_bufs) [159] frag 0x3c17286c ref 0 frags 0 (processing_data():157)[0m
[07:46:23.393] [1;32muart:~$ [m^[[1[12D[J[00:07:10.178,000] [0m<dbg> net_pkt.net_pkt_frag_unref_debug: (rx_q[0]): RDATA (rx_bufs) [159] frag 0x3c17286c ref 0 (net_pkt_unref_debug():612)[0m
[07:46:23.410] [1;32muart:~$ [m^[[1[12D[J[00:07:10.178,000] [0m<dbg> net_pkt.net_pkt_print: (rx_q[0]): TX 16 RX 40 RDATA 160 TDATA 80[0m
[07:46:23.427] [1;32muart:~$ [m^[[1[12D[J[1;32muart:~$ [m^[[1[12D[J[1;32muart:~$ [m^[[1[12D[J[00:07:11.406,000] [0m<dbg> net_pkt.pkt_alloc_with_buffer: (wifi): On iface 1 (0x3fc9ea10) size 60[0m
[07:46:25.456] [1;32muart:~$ [m^[[1[12D[J[00:07:11.406,000] [0m<dbg> net_pkt.net_pkt_alloc_buffer_with_reserve_debug: (wifi): Data allocation maximum size 60 (requested 60, reserve 0)[0m
[07:46:25.472] [1;32muart:~$ [m^[[1[12D[J[00:07:11.406,000] [0m<dbg> net_pkt.pkt_alloc_buffer: (wifi): RDATA (rx_bufs) [159] frag 0x3c17286c ref 1 (eth_esp32_rx():153)[0m
[07:46:25.489] [1;32muart:~$ [m^[[1[12D[J[00:07:11.406,000] [0m<dbg> net_pkt.net_pkt_write: (wifi): pkt 0x3c173cf0 data 0x3c26f2aa length 60[0m
[07:46:25.506] [1;32muart:~$ [m^[[1[12D[J[00:07:11.407,000] [0m<dbg> net_pkt.net_pkt_unref_debug: (rx_q[0]): RX [39] pkt 0x3c173cf0 ref 0 frags 0x3c17286c (processing_data():157)[0m
[07:46:25.522] [1;32muart:~$ [m^[[1[12D[J[00:07:11.407,000] [0m<dbg> net_pkt.net_pkt_unref_debug: (rx_q[0]): RDATA (rx_bufs) [159] frag 0x3c17286c ref 0 frags 0 (processing_data():157)[0m
[07:46:25.538] [1;32muart:~$ [m^[[1[12D[J[00:07:11.407,000] [0m<dbg> net_pkt.net_pkt_frag_unref_debug: (rx_q[0]): RDATA (rx_bufs) [159] frag 0x3c17286c ref 0 (net_pkt_unref_debug():612)[0m
[07:46:25.555] [1;32muart:~$ [m^[[1[12D[J[00:07:11.407,000] [0m<dbg> net_pkt.net_pkt_print: (rx_q[0]): TX 16 RX 40 RDATA 160 TDATA 80[0m
[07:46:25.571] [1;32muart:~$ [m^[[1[12D[J[1;32muart:~$ [m^[[1[12D[J[1;32muart:~$ [m^[[1[12D[J[1;31m[1;31m--- 95 messages dropped ---
[07:46:25.791] [0m[m[00:07:12.741,000] [0m<dbg> net_pkt.net_pkt_write: (wifi): pkt 0x3c173cf0 data 0x3c26f2ac length 74[0m
[07:46:25.792] [1;32muart:~$ [m^[[1[12D[J[00:07:12.741,000] [0m<dbg> net_pkt.net_pkt_skip: (rx_q[0]): pkt 0x3c173cf0 skip 40[0m
[07:46:25.809] [1;32muart:~$ [m^[[1[12D[J[00:07:12.742,000] [0m<dbg> net_pkt.net_pkt_skip: (rx_q[0]): pkt 0x3c173cf0 skip 8[0m
[07:46:25.825] [1;32muart:~$ [m^[[1[12D[J[00:07:12.742,000] [0m<dbg> net_pkt.net_pkt_skip: (rx_q[0]): pkt 0x3c173cf0 skip 32[0m
[07:46:25.841] [1;32muart:~$ [m^[[1[12D[J[00:07:12.742,000] [0m<dbg> net_pkt.net_pkt_write: (rx_q[0]): pkt 0x3c173cf0 data 0x3c16a796 length 20[0m
[07:46:25.858] [1;32muart:~$ [m^[[1[12D[J[00:07:12.742,000] [0m<dbg> net_pkt.net_pkt_skip: (rx_q[0]): pkt 0x3c173cf0 skip 20[0m
[07:46:25.874] [1;32muart:~$ [m^[[1[12D[J[00:07:12.742,000] [0m<dbg> net_pkt.net_pkt_skip: (rx_q[0]): pkt 0x3c173cf0 skip 40[0m
[07:46:25.890] [1;32muart:~$ [m^[[1[12D[J[00:07:12.742,000] [0m<dbg> net_pkt.net_pkt_skip: (rx_q[0]): pkt 0x3c173cf0 skip 40[0m
[07:46:25.906] [1;32muart:~$ [m^[[1[12D[J[00:07:12.742,000] [0m<dbg> net_pkt.net_pkt_skip: (rx_q[0]): pkt 0x3c173cf0 skip 40[0m
[07:46:25.922] [1;32muart:~$ [m^[[1[12D[J[00:07:12.742,000] [0m<dbg> net_pkt.net_pkt_skip: (rx_q[0]): pkt 0x3c173cf0 skip 40[0m
[07:46:25.938] [1;32muart:~$ [m^[[1[12D[J[00:07:12.742,000] [0m<dbg> net_pkt.net_pkt_skip: (rx_q[0]): pkt 0x3c173cf0 skip 40[0m
[07:46:25.955] [1;32muart:~$ [m^[[1[12D[J[00:07:12.742,000] [0m<dbg> net_pkt.net_pkt_unref_debug: (rx_q[0]): RX [39] pkt 0x3c173cf0 ref 0 frags 0x3c17286c (tcp_in():3635)[0m
[07:46:25.971] [1;32muart:~$ [m^[[1[12D[J[00:07:12.742,000] [0m<dbg> net_pkt.net_pkt_unref_debug: (rx_q[0]): RDATA (rx_bufs) [159] frag 0x3c17286c ref 0 frags 0 (tcp_in():3635)[0m
[07:46:25.987] [1;32muart:~$ [m^[[1[12D[J[00:07:12.742,000] [0m<dbg> net_pkt.net_pkt_frag_unref_debug: (rx_q[0]): RDATA (rx_bufs) [159] frag 0x3c17286c ref 0 (net_pkt_unref_debug():612)[0m
[07:46:26.004] [1;32muart:~$ [m^[[1[12D[J[00:07:12.742,000] [0m<dbg> net_pkt.net_pkt_print: (rx_q[0]): TX 16 RX 40 RDATA 160 TDATA 80[0m
[07:46:26.021] [1;32muart:~$ [m^[[1[12D[J[1;32muart:~$ [m^[[1[12D[J[1;32muart:~$ [m^[[1[12D[J[00:07:13.454,000] [0m<dbg> net_pkt.pkt_alloc_with_buffer: (wifi): On iface 1 (0x3fc9ea10) size 60[0m
[07:46:27.504] [1;32muart:~$ [m^[[1[12D[J[00:07:13.454,000] [0m<dbg> net_pkt.net_pkt_alloc_buffer_with_reserve_debug: (wifi): Data allocation maximum size 60 (requested 60, reserve 0)[0m
[07:46:27.521] [1;32muart:~$ [m^[[1[12D[J[00:07:13.454,000] [0m<dbg> net_pkt.pkt_alloc_buffer: (wifi): RDATA (rx_bufs) [159] frag 0x3c17286c ref 1 (eth_esp32_rx():153)[0m
[07:46:27.537] [1;32muart:~$ [m^[[1[12D[J[1;31m[1;31m--- 41 messages dropped ---
[07:46:27.553] [0m[m[00:07:13.454,000] [0m<dbg> net_pkt.net_pkt_write: (wifi): pkt 0x3c173cf0 data 0x3c26f2aa length 60[0m
[07:46:27.554] [1;32muart:~$ [m^[[1[12D[J[00:07:13.455,000] [0m<dbg> net_pkt.net_pkt_unref_debug: (rx_q[0]): RX [39] pkt 0x3c173cf0 ref 0 frags 0x3c17286c (processing_data():157)[0m
[07:46:27.570] [1;32muart:~$ [m^[[1[12D[J[00:07:13.455,000] [0m<dbg> net_pkt.net_pkt_unref_debug: (rx_q[0]): RDATA (rx_bufs) [159] frag 0x3c17286c ref 0 frags 0 (processing_data():157)[0m
[07:46:27.588] [1;32muart:~$ [m^[[1[12D[J[00:07:13.455,000] [0m<dbg> net_pkt.net_pkt_frag_unref_debug: (rx_q[0]): RDATA (rx_bufs) [159] frag 0x3c17286c ref 0 (net_pkt_unref_debug():612)[0m
[07:46:27.605] [1;32muart:~$ [m^[[1[12D[J[00:07:13.455,000] [0m<dbg> net_pkt.net_pkt_print: (rx_q[0]): TX 16 RX 40 RDATA 160 TDATA 80[0m
[07:46:27.621] [1;32muart:~$ [m^[[1[12D[J[00:07:14.482,000] [0m<dbg> net_pkt.net_pkt_unref_debug: (rx_q[0]): TX [15] pkt 0x3c172ee0 ref 1 frags 0x3c15d4bc (ethernet_send():800)[0m
[07:46:27.638] [1;32muart:~$ [m^[[1[12D[J[00:07:14.482,000] [0m<dbg> net_pkt.net_pkt_unref_debug: (rx_q[0]): TX [15] pkt 0x3c172ee0 ref 0 frags 0x3c15d4bc (tcp_send():472)[0m
[07:46:27.654] [1;32muart:~$ [m^[[1[12D[J[00:07:14.483,000] [0m<dbg> net_pkt.net_pkt_unref_debug: (rx_q[0]): TDATA (tx_bufs) [78] frag 0x3c15d4bc ref 0 frags 0x3c15d4a0 (tcp_send():472)[0m
[07:46:27.671] [1;32muart:~$ [m^[[1[12D[J[00:07:14.483,000] [0m<dbg> net_pkt.net_pkt_unref_debug: (rx_q[0]): TDATA (tx_bufs) [78] frag 0x3c15d4a0 ref 0 frags 0 (tcp_send():472)[0m
[07:46:27.687] [1;32muart:~$ [m^[[1[12D[J[00:07:14.483,000] [0m<dbg> net_pkt.net_pkt_frag_unref_debug: (rx_q[0]): TDATA (tx_bufs) [78] frag 0x3c15d4bc ref 0 (net_pkt_unref_debug():612)[0m
[07:46:27.704] [1;32muart:~$ [m^[[1[12D[J[00:07:14.483,000] [0m<dbg> net_pkt.net_pkt_frag_unref_debug: (rx_q[0]): TDATA (tx_bufs) [79] frag 0x3c15d4a0 ref 0 (net_pkt_unref_debug():612)[0m
[07:46:27.720] [1;32muart:~$ [m^[[1[12D[J[00:07:14.483,000] [0m<dbg> net_pkt.net_pkt_print: (rx_q[0]): TX 16 RX 39 RDATA 159 TDATA 80[0m
[07:46:27.737] [1;32muart:~$ [m^[[1[12D[J[00:07:14.484,000] [0m<dbg> net_pkt.net_pkt_read: (llss_thread): pkt 0x3c173cf0 data 0x3c246e00 length 5[0m
[07:46:27.753] [1;32muart:~$ [m^[[1[12D[J[00:07:14.484,000] [0m<dbg> net_pkt.net_pkt_read: (llss_thread): pkt 0x3c173cf0 data 0x3c246e05 length 233[0m
[07:46:27.770] [1;32muart:~$ [m^[[1[12D[J[00:07:14.484,000] [0m<dbg> net_pkt.net_pkt_unref_debug: (llss_thread): RX [39] pkt 0x3c173cf0 ref 0 frags 0x3c17286c (zsock_recv_stream_immediate():1423)[0m
[07:46:27.787] [1;32muart:~$ [m^[[1[12D[J[00:07:14.484,000] [0m<dbg> net_pkt.net_pkt_unref_debug: (llss_thread): RDATA (rx_bufs) [159] frag 0x3c17286c ref 0 frags 0 (zsock_recv_stream_immediate():1423)[0m
[07:46:27.803] [1;32muart:~$ [m^[[1[12D[J[00:07:14.484,000] [0m<dbg> net_pkt.net_pkt_frag_unref_debug: (llss_thread): RDATA (rx_bufs) [159] frag 0x3c17286c ref 0 (net_pkt_unref_debug():612)[0m
[07:46:27.820] [1;32muart:~$ [m^[[1[12D[J[1;32muart:~$ [m^[[1[12D[J[1;32muart:~$ [m^[[1
[07:46:28.401] [1;32muart:~$ [m
[07:46:29.038] [1;32muart:~$ [m[8D[J[1;31m[1;31m--- 2 messages dropped ---
[07:46:29.166] [0m[m[00:07:15.298,000] [0m<dbg> net_pkt.pkt_alloc_buffer: (wifi): RDATA (rx_bufs) [159] frag 0x3c17286c ref 1 (eth_esp32_rx():153)[0m
[07:46:29.167] [1;32muart:~$ [m[8D[J[00:07:15.298,000] [0m<dbg> net_pkt.net_pkt_write: (wifi): pkt 0x3c173cf0 data 0x3c26f2aa length 60[0m
[07:46:29.168] [1;32muart:~$ [m[8D[J[00:07:15.298,000] [0m<dbg> net_pkt.net_pkt_unref_debug: (rx_q[0]): RX [39] pkt 0x3c173cf0 ref 0 frags 0x3c17286c (processing_data():157)[0m
[07:46:29.171] [1;32muart:~$ [m[8D[J[00:07:15.298,000] [0m<dbg> net_pkt.net_pkt_unref_debug: (rx_q[0]): RDATA (rx_bufs) [159] frag 0x3c17286c ref 0 frags 0 (processing_data():157)[0m
[07:46:29.172] [1;32muart:~$ [m[8D[J[00:07:15.298,000] [0m<dbg> net_pkt.net_pkt_frag_unref_debug: (rx_q[0]): RDATA (rx_bufs) [159] frag 0x3c17286c ref 0 (net_pkt_unref_debug():612)[0m
[07:46:29.173] [1;32muart:~$ [m[8D[J[00:07:15.298,000] [0m<dbg> net_pkt.net_pkt_print: (rx_q[0]): TX 16 RX 40 RDATA 160 TDATA 80[0m
[07:46:29.174] [1;32muart:~$ [m[8D[J[00:07:16.117,000] [0m<dbg> net_pkt.pkt_alloc_with_buffer: (wifi): On iface 1 (0x3fc9ea10) size 60[0m
[07:46:29.175] [1;32muart:~$ [m[8D[J[00:07:16.117,000] [0m<dbg> net_pkt.net_pkt_alloc_buffer_with_reserve_debug: (wifi): Data allocation maximum size 60 (requested 60, reserve 0)[0m
[07:46:29.177] [1;32muart:~$ [m[8D[J[00:07:16.117,000] [0m<dbg> net_pkt.pkt_alloc_buffer: (wifi): RDATA (rx_bufs) [159] frag 0x3c17286c ref 1 (eth_esp32_rx():153)[0m
[07:46:29.178] [1;32muart:~$ [m[8D[J[00:07:16.117,000] [0m<dbg> net_pkt.net_pkt_write: (wifi): pkt 0x3c173cf0 data 0x3c26f2aa length 60[0m
[07:46:29.179] [1;32muart:~$ [m[8D[J[00:07:16.117,000] [0m<dbg> net_pkt.net_pkt_unref_debug: (rx_q[0]): RX [39] pkt 0x3c173cf0 ref 0 frags 0x3c17286c (processing_data():157)[0m
[07:46:29.180] [1;32muart:~$ [m[8D[J[00:07:16.117,000] [0m<dbg> net_pkt.net_pkt_unref_debug: (rx_q[0]): RDATA (rx_bufs) [159] frag 0x3c17286c ref 0 frags 0 (processing_data():157)[0m
[07:46:29.182] [1;32muart:~$ [m[8D[J[00:07:16.117,000] [0m<dbg> net_pkt.net_pkt_frag_unref_debug: (rx_q[0]): RDATA (rx_bufs) [159] frag 0x3c17286c ref 0 (net_pkt_unref_debug():612)[0m
[07:46:29.183] [1;32muart:~$ [m[8D[J[00:07:16.117,000] [0m<dbg> net_pkt.net_pkt_print: (rx_q[0]): TX 16 RX 40 RDATA 160 TDATA 80[0m
[07:46:29.184] [1;32muart:~$ [m[8D[J[1;32muart:~$ [m[8D[J[1;32muart:~$ [m
[07:46:29.285] [1;32muart:~$ [m
[07:46:29.662] [1;32muart:~$ [m[8D[J[00:07:17.345,000] [0m<dbg> net_pkt.pkt_alloc_with_buffer: (wifi): On iface 1 (0x3fc9ea10) size 60[0m
[07:46:31.395] [1;32muart:~$ [m[8D[J[00:07:17.345,000] [0m<dbg> net_pkt.net_pkt_alloc_buffer_with_reserve_debug: (wifi): Data allocation maximum size 60 (requested 60, reserve 0)[0m
[07:46:31.396] [1;32muart:~$ [m[8D[J[00:07:17.346,000] [0m<dbg> net_pkt.pkt_alloc_buffer: (wifi): RDATA (rx_bufs) [159] frag 0x3c17286c ref 1 (eth_esp32_rx():153)[0m
[07:46:31.397] [1;32muart:~$ [m[8D[J[00:07:17.346,000] [0m<dbg> net_pkt.net_pkt_write: (wifi): pkt 0x3c173cf0 data 0x3c26f2aa length 60[0m
[07:46:31.398] [1;32muart:~$ [m[8D[J[00:07:17.346,000] [0m<dbg> net_pkt.net_pkt_unref_debug: (rx_q[0]): RX [39] pkt 0x3c173cf0 ref 0 frags 0x3c17286c (processing_data():157)[0m
[07:46:31.400] [1;32muart:~$ [m[8D[J[00:07:17.346,000] [0m<dbg> net_pkt.net_pkt_unref_debug: (rx_q[0]): RDATA (rx_bufs) [159] frag 0x3c17286c ref 0 frags 0 (processing_data():157)[0m
[07:46:31.401] [1;32muart:~$ [m[8D[J[00:07:17.346,000] [0m<dbg> net_pkt.net_pkt_frag_unref_debug: (rx_q[0]): RDATA (rx_bufs) [159] frag 0x3c17286c ref 0 (net_pkt_unref_debug():612)[0m
[07:46:31.402] [1;32muart:~$ [m[8D[J[00:07:17.346,000] [0m<dbg> net_pkt.net_pkt_print: (rx_q[0]): TX 16 RX 40 RDATA 160 TDATA 80[0m
[07:46:31.403] [1;32muart:~$ [m[8D[J[1;32muart:~$ [m[8D[J[1;32muart:~$ [m[8D[J[00:07:18.369,000] [0m<dbg> net_pkt.pkt_alloc_with_buffer: (wifi): On iface 1 (0x3fc9ea10) size 60[0m
[07:46:32.419] [1;32muart:~$ [m[8D[J[00:07:18.370,000] [0m<dbg> net_pkt.net_pkt_alloc_buffer_with_reserve_debug: (wifi): Data allocation maximum size 60 (requested 60, reserve 0)[0m
[07:46:32.420] [1;32muart:~$ [m[8D[J[00:07:18.370,000] [0m<dbg> net_pkt.pkt_alloc_buffer: (wifi): RDATA (rx_bufs) [159] frag 0x3c17286c ref 1 (eth_esp32_rx():153)[0m
[07:46:32.421] [1;32muart:~$ [m[8D[J[00:07:18.370,000] [0m<dbg> net_pkt.net_pkt_write: (wifi): pkt 0x3c173cf0 data 0x3c26f2aa length 60[0m
[07:46:32.422] [1;32muart:~$ [m[8D[J[00:07:18.370,000] [0m<dbg> net_pkt.net_pkt_unref_debug: (rx_q[0]): RX [39] pkt 0x3c173cf0 ref 0 frags 0x3c17286c (processing_data():157)[0m
[07:46:32.424] [1;32muart:~$ [m[8D[J[00:07:18.370,000] [0m<dbg> net_pkt.net_pkt_unref_debug: (rx_q[0]): RDATA (rx_bufs) [159] frag 0x3c17286c ref 0 frags 0 (processing_data():157)[0m
[07:46:32.425] [1;32muart:~$ [m[8D[J[00:07:18.370,000] [0m<dbg> net_pkt.net_pkt_frag_unref_debug: (rx_q[0]): RDATA (rx_bufs) [159] frag 0x3c17286c ref 0 (net_pkt_unref_debug():612)[0m
[07:46:32.427] [1;32muart:~$ [m[8D[J[00:07:18.370,000] [0m<dbg> net_pkt.net_pkt_print: (rx_q[0]): TX 16 RX 40 RDATA 160 TDATA 80[0m
[07:46:32.427] [1;32muart:~$ [m[8D[J[1;32muart:~$ [m[8D[J[1;32muart:~$ [m[8D[J[1;31m[1;31m--- 29 messages dropped ---
[07:46:32.543] [0m[m[00:07:19.490,000] [0m<dbg> net_pkt.net_pkt_get_reserve_data_debug: (llss_thread): TDATA (tx_bufs) [76] frag 0x3c15d4f4 ref 1 (ethernet_fill_header():610)[0m
[07:46:32.549] [1;32muart:~$ [m[8D[J[1;31m[1;31m--- 43 messages dropped ---
[07:46:32.550] [0m[m[00:07:19.490,000] [0m<dbg> net_pkt.net_pkt_frag_insert_debug: (llss_thread): pkt 0x3c172f28 frag 0x3c15d4f4 (ethernet_fill_header:669)[0m
[07:46:32.553] [1;32muart:~$ [m[8D[J[1;31m[1;31m--- 15 messages dropped ---
[07:46:32.554] [0m[m[00:07:19.490,000] [0m<dbg> net_pkt.net_pkt_read: (llss_thread): pkt 0x3c172f28 data 0x3fcc36ae length 295[0m
[07:46:32.555] [1;32muart:~$ [m[8D[J[00:07:19.491,000] [0m<dbg> net_pkt.net_pkt_unref_debug: (llss_thread): TX [14] pkt 0x3c172f28 ref 1 frags 0x3c15d4f4 (ethernet_send():800)[0m
[07:46:32.556] [1;32muart:~$ [m[8D[J[00:07:19.491,000] [0m<dbg> net_pkt.net_pkt_unref_debug: (llss_thread): TX [14] pkt 0x3c172f28 ref 0 frags 0x3c15d4f4 (tcp_send():472)[0m
[07:46:32.557] [1;32muart:~$ [m[8D[J[00:07:19.491,000] [0m<dbg> net_pkt.net_pkt_unref_debug: (llss_thread): TDATA (tx_bufs) [76] frag 0x3c15d4f4 ref 0 frags 0x3c15d4d8 (tcp_send():472)[0m
[07:46:32.559] [1;32muart:~$ [m[8D[J[00:07:19.492,000] [0m<dbg> net_pkt.net_pkt_unref_debug: (llss_thread): TDATA (tx_bufs) [76] frag 0x3c15d4d8 ref 0 frags 0x3c15d4bc (tcp_send():472)[0m
[07:46:32.560] [1;32muart:~$ [m[8D[J[00:07:19.499,000] [0m<dbg> net_pkt.net_pkt_unref_debug: (rx_q[0]): TX [14] pkt 0x3c172f28 ref 0 frags 0x3c15d4f4 (tcp_send():472)[0m
[07:46:32.562] [1;32muart:~$ [m[8D[J[00:07:19.504,000] [0m<dbg> net_pkt.net_pkt_skip: (rx_q[0]): pkt 0x3c173cf0 skip 40[0m
[07:46:32.562] [1;32muart:~$ [m[8D[J[00:07:19.504,000] [0m<dbg> net_pkt.net_pkt_skip: (rx_q[0]): pkt 0x3c173cf0 skip 8[0m
[07:46:32.563] [1;32muart:~$ [m[8D[J[00:07:19.504,000] [0m<dbg> net_pkt.net_pkt_skip: (rx_q[0]): pkt 0x3c173cf0 skip 32[0m
[07:46:32.564] [1;32muart:~$ [m[8D[J[00:07:19.504,000] [0m<dbg> net_pkt.net_pkt_write: (rx_q[0]): pkt 0x3c173cf0 data 0x3c16a796 length 20[0m
[07:46:32.565] [1;32muart:~$ [m[8D[J[00:07:19.504,000] [0m<dbg> net_pkt.net_pkt_skip: (rx_q[0]): pkt 0x3c173cf0 skip 20[0m
[07:46:32.566] [1;32muart:~$ [m[8D[J[00:07:19.504,000] [0m<dbg> net_pkt.net_pkt_skip: (rx_q[0]): pkt 0x3c173cf0 skip 40[0m
[07:46:32.567] [1;32muart:~$ [m[8D[J[00:07:19.504,000] [0m<dbg> net_pkt.net_pkt_skip: (rx_q[0]): pkt 0x3c173cf0 skip 40[0m
[07:46:32.568] [1;32muart:~$ [m[8D[J[00:07:19.504,000] [0m<dbg> net_pkt.net_pkt_skip: (rx_q[0]): pkt 0x3c173cf0 skip 40[0m
[07:46:32.569] [1;32muart:~$ [m[8D[J[00:07:19.505,000] [0m<dbg> net_pkt.net_pkt_skip: (rx_q[0]): pkt 0x3c173cf0 skip 40[0m
[07:46:32.570] [1;32muart:~$ [m[8D[J[00:07:19.505,000] [0m<dbg> net_pkt.net_pkt_skip: (rx_q[0]): pkt 0x3c173cf0 skip 40[0m
[07:46:32.571] [1;32muart:~$ [m[8D[J[00:07:19.505,000] [0m<dbg> net_pkt.net_pkt_unref_debug: (rx_q[0]): RDATA (rx_bufs) [159] frag 0x3c17286c ref 0 frags 0 (tcp_in():3635)[0m
[07:46:32.572] [1;32muart:~$ [m[8D[J[00:07:19.505,000] [0m<dbg> net_pkt.net_pkt_frag_unref_debug: (rx_q[0]): RDATA (rx_bufs) [159] frag 0x3c17286c ref 0 (net_pkt_unref_debug():612)[0m
[07:46:32.573] [1;32muart:~$ [m[8D[J[00:07:19.505,000] [0m<dbg> net_pkt.net_pkt_print: (rx_q[0]): TX 16 RX 40 RDATA 160 TDATA 80[0m
[07:46:32.574] [1;32muart:~$ [m[8D[J[1;32muart:~$ [m[8D[J[1;32muart:~$ [m