[20:06:18.664] ed ---

[20:06:18.664] [0m[m[00:00:00.064,000] [1;31m<err> gpio_mcp230xx: i2c_write failed![0m
[20:06:18.665] [1;32muart:~$ [m!"^[[1;32muart:~$ ^
[20:06:18.678] [1;31mnot terminated: "
[20:06:18.678] [m[1;32muart:~$ [me[9D[J[1;31m[1;31m--- 14 messages dropped ---
[20:06:20.064] [0m[m[00:00:00.064,000] [1;31m<err> gpio_mcp23xxx: Failed to enable mirrored IRQ pins: -14[0m
[20:06:20.065] [1;32muart:~$ [me[9D[J[00:00:00.098,000] [1;31m<err> gpio_keys: mcp23017@20 device not ready[0m
[20:06:20.081] [1;32muart:~$ [me[9D[J[00:00:00.098,000] [0m<inf> esp32_aes: ESP32 AES hardware accelerator initialized[0m
[20:06:20.097] [1;32muart:~$ [me[9D[J*** Booting Zephyr OS build v4.4.0-2951-gfbfc5f19636d ***
[20:06:20.114] [1;32muart:~$ [me[9D[J[00:00:00.115,000] [0m<inf> fs_nvs: 8 Sectors of 4096 bytes[0m
[20:06:20.130] [1;32muart:~$ [me[9D[J[00:00:00.115,000] [0m<inf> fs_nvs: alloc wra: 2, f80[0m
[20:06:20.146] [1;32muart:~$ [me[9D[J[00:00:00.115,000] [0m<inf> fs_nvs: data wra: 2, 5d4[0m
[20:06:20.162] [1;32muart:~$ [me[9D[J[00:00:00.141,000] [0m<inf> sys_wdt: system watchdog supervisor up (DRY-RUN, no reset, check 5000 ms)[0m
[20:06:20.178] [1;32muart:~$ [me[9D[J[00:00:00.164,000] [0m<inf> llss_storage: LLSS storage loaded from NVS. device_id=dev_7380c1e5ca58[0m
[20:06:20.195] [1;32muart:~$ [me[9D[J[00:00:00.164,000] [0m<inf> llss: Stored device_id: dev_7380c1e5ca58[0m
[20:06:20.211] [1;32muart:~$ [me[9D[J[00:00:00.164,000] [0m<inf> llss: Hardware ID: 9c139eb13dd8[0m
[20:06:20.226] [1;32muart:~$ [me[9D[J[00:00:00.164,000] [0m<inf> llss_client: LLSS client ready: host=eink.tutu.eng.br port=9608 base=/api[0m
[20:06:20.244] [1;32muart:~$ [me[9D[J[00:00:01.641,000] [0m<inf> main: === LLSS e-Ink Client v0.1.0 ===[0m
[20:06:20.259] [1;32muart:~$ [me[9D[J[00:00:03.905,000] [0m<inf> wifi_prov: Stored creds SSID=tutu, trying STA...[0m
[20:06:20.275] [1;32muart:~$ [me[9D[J[00:00:03.906,000] [0m<inf> llss: WiFi connecting: tutu[0m
[20:06:20.291] [1;32muart:~$ [me[9D[J[1;32muart:~$ [me[9D[J[1;32muart:~$ [me[9D[J[00:00:10.622,000] [0m<inf> net_dhcpv4: Received: 192.168.213.15[0m
[20:06:24.719] [1;32muart:~$ [me[9D[J[00:00:10.622,000] [0m<inf> wifi_prov: Got IPv4: 192.168.213.15[0m
[20:06:24.735] [1;32muart:~$ [me[9D[J[00:00:10.622,000] [0m<inf> wifi_prov: WiFi STA connected: tutu[0m
[20:06:24.751] [1;32muart:~$ [me[9D[J[00:00:10.622,000] [0m<inf> wifi_prov: Waiting for first IP (v4 or v6) up to 25 s...[0m
[20:06:24.767] [1;32muart:~$ [me[9D[J[00:00:10.622,000] [0m<inf> wifi_prov: Got v4 — waiting up to 5 s for the other family[0m
[20:06:24.783] [1;32muart:~$ [me[9D[J[1;32muart:~$ [me[9D[J[00:00:15.622,000] [0m<inf> wifi_prov: DNS server [0]: 192.168.213.1 (source: DHCP)[0m
[20:06:29.734] [1;32muart:~$ [me[9D[J[00:00:15.622,000] [0m<inf> llss: WiFi connected: 192.168.213.15[0m
[20:06:29.750] [1;32muart:~$ [me[9D[J[1;32muart:~$ [me[9D[J[00:00:17.309,000] [0m<inf> llss: Token refreshed — polling[0m
[20:06:31.497] [1;32muart:~$ [me[9D[J[00:00:17.678,000] [0m<inf> ntp_sync: NTP synced: 2026-06-18 23:06:30 UTC[0m
[20:06:31.513] [1;32muart:~$ [me[9D[J[1;32muart:~$ [me[9D[J[00:00:19.944,000] [0m<inf> llss_client: DIAG http frames: path=/devices/dev_7380c1e5ca58/frames/frame_d818d09ce1ce?raw=true reuse=1 total=1023ms first_body=919ms tail=104ms max_gap=27ms frag_count=8 frag_bytes=48000 status=200 rc=321 body=48000[0m
[20:06:34.044] [1;32muart:~$ [me[9D[JDIAG fetch: write_buf=0ms http_fetch=1024ms rc=0 png_len=48000
[20:06:34.060] [1;32muart:~$ [me[9D[JDIAG submit: 0ms drc=0
[20:06:34.076] [1;32muart:~$ [me[9D[J[00:00:19.950,000] [0m<inf> display: Displaying frame (48000 bytes)[0m
[20:06:34.091] [1;32muart:~$ [me[9D[J[1;32muart:~$ [me[1D[Jnet alloc
[20:06:39.423] net - Networking commands
[20:06:39.423] Subcommands:
[20:06:39.423]   allocs     : Print network memory allocations.
[20:06:39.424]   arp        : Print information about IPv4 ARP cache.
[20:06:39.424]   capture    : Configure network packet capture.
[20:06:39.424]   cm         : Control conn_mgr.
[20:06:39.425]   conn       : Print information about network connections.
[20:06:39.425]   dhcpv4     : Manage DHPCv4 services
[20:06:39.426]   dhcpv6     : Manage DHPCv6 services.
[20:06:39.427]   dns        : Show how DNS is configured. Optionally do a query using a given
[20:06:39.427] [15Cname.
[20:06:39.427]   events     : Monitor network management events.
[20:06:39.428]   filter     : Print information about network packet filters.
[20:06:39.428]   ftp        : FTP client commands
[20:06:39.428]   gptp       : Print information about gPTP support.
[20:06:39.428]   http       : HTTP commands
[20:06:39.429]   iface      : Print information about network interfaces.
[20:06:39.429]   ipv4       : Print information about IPv4 specific information and
[20:06:39.429] [15Cconfiguration.
[20:06:39.430]   ipv6       : Print information about IPv6 specific information and
[20:06:39.430] [15Cconfiguration.
[20:06:39.430]   mem        : Print information about network memory usage.
[20:06:39.431]   nbr        : Print neighbor information.
[20:06:39.431]   ping       : Ping a network host.
[20:06:39.431]   pkt        : net_pkt information.
[20:06:39.432]   pmtu       : Show PMTU information.
[20:06:39.432]   ppp        : PPP information.
[20:06:39.432]   ptp        : Print information about PTP support.
[20:06:39.433]   qbv        : Qbv commands
[20:06:39.433]   quic       : Print information about Quic connections.
[20:06:39.433]   resume     : Resume a network interface
[20:06:39.434]   route      : Show network route.
[20:06:39.434]   sockets    : Show network sockets.
[20:06:39.434]   ssh        : SSH client commands
[20:06:39.435]   sshd       : SSH server commands
[20:06:39.435]   stats      : Show network statistics.
[20:06:39.435]   suspend    : Suspend a network interface
[20:06:39.436]   tcp        : Connect/send/close TCP connection.
[20:06:39.436]   udp        : Send/recv UDP packet
[20:06:39.436]   virtual    : Show/manipulate virtual network interfaces.
[20:06:39.437]   vlan       : Show VLAN information.
[20:06:39.437]   websocket  : Print information about WebSocket connections.
[20:06:39.438]   wg         : Show information about the Wireguard VPN connections.
[20:06:39.438] [1;32muart:~$ [mnet alloc[17D[JNETMEM up=30s pktRX=40/40 pktTX=16/16 bufRX=160/160/m102 bufTX=80/80/m4 sysheap_free=11208 alloc=21380 max=23616
[20:06:44.264] [1;32muart:~$ [mnet alloc[17D[J[1;32muart:~$ [mnet allocs
[20:06:44.655] Network memory allocations

[20:06:44.655] memory		Status	Pool	Function alloc -> freed
[20:06:44.656] 0x3c173cf0	 free	   RX	eth_esp32_rx():153 -> tcp_in():3635
[20:06:44.656] 0x3c172f28	 free	   TX	tcp_out_ext():1573 -> tcp_send():472
[20:06:44.657] 0x3c15d4f4	 free	TDATA	ethernet_fill_header():610 -> tcp_send():472
[20:06:44.657] 0x3c15d4d8	 free	TDATA	ethernet_fill_header():610 -> ethernet_send():800
[20:06:44.658] 0x3c173480	 free	   RX	eth_esp32_rx():153 -> zsock_recv_stream_immediate():1423
[20:06:44.659] 0x3c1734c8	 free	   RX	eth_esp32_rx():153 -> zsock_recv_stream_immediate():1423
[20:06:44.659] 0x3c173510	 free	   RX	eth_esp32_rx():153 -> zsock_recv_stream_immediate():1423
[20:06:44.660] 0x3c173558	 free	   RX	eth_esp32_rx():153 -> zsock_recv_stream_immediate():1423
[20:06:44.661] 0x3c1735a0	 free	   RX	eth_esp32_rx():153 -> zsock_recv_stream_immediate():1423
[20:06:44.661] 0x3c1735e8	 free	   RX	eth_esp32_rx():153 -> zsock_recv_stream_immediate():1423
[20:06:44.662] 0x3c173630	 free	   RX	eth_esp32_rx():153 -> zsock_recv_stream_immediate():1423
[20:06:44.662] 0x3c173678	 free	   RX	eth_esp32_rx():153 -> zsock_recv_stream_immediate():1423
[20:06:44.663] 0x3c1736c0	 free	   RX	eth_esp32_rx():153 -> zsock_recv_stream_immediate():1423
[20:06:44.664] 0x3c173708	 free	   RX	eth_esp32_rx():153 -> zsock_recv_stream_immediate():1423
[20:06:44.664] 0x3c173750	 free	   RX	eth_esp32_rx():153 -> zsock_recv_stream_immediate():1423
[20:06:44.665] 0x3c173798	 free	   RX	eth_esp32_rx():153 -> zsock_recv_stream_immediate():1423
[20:06:44.666] 0x3c1737e0	 free	   RX	eth_esp32_rx():153 -> zsock_recv_stream_immediate():1423
[20:06:44.666] 0x3c173828	 free	   RX	eth_esp32_rx():153 -> zsock_recv_stream_immediate():1423
[20:06:44.667] 0x3c173870	 free	   RX	eth_esp32_rx():153 -> zsock_recv_stream_immediate():1423
[20:06:44.667] 0x3c1738b8	 free	   RX	eth_esp32_rx():153 -> zsock_recv_stream_immediate():1423
[20:06:44.668] 0x3c173900	 free	   RX	eth_esp32_rx():153 -> zsock_recv_stream_immediate():1423
[20:06:44.669] 0x3c173948	 free	   RX	eth_esp32_rx():153 -> zsock_recv_stream_immediate():1423
[20:06:44.669] 0x3c173990	 free	   RX	eth_esp32_rx():153 -> zsock_recv_stream_immediate():1423
[20:06:44.670] 0x3c1739d8	 free	   RX	eth_esp32_rx():153 -> zsock_recv_stream_immediate():1423
[20:06:44.671] 0x3c173a20	 free	   RX	eth_esp32_rx():153 -> zsock_recv_stream_immediate():1423
[20:06:44.671] 0x3c173a68	 free	   RX	eth_esp32_rx():153 -> zsock_recv_stream_immediate():1423
[20:06:44.672] 0x3c173ab0	 free	   RX	eth_esp32_rx():153 -> zsock_recv_stream_immediate():1423
[20:06:44.673] 0x3c173af8	 free	   RX	eth_esp32_rx():153 -> zsock_recv_stream_immediate():1423
[20:06:44.673] 0x3c173b40	 free	   RX	eth_esp32_rx():153 -> zsock_recv_stream_immediate():1423
[20:06:44.674] 0x3c173b88	 free	   RX	eth_esp32_rx():153 -> zsock_recv_stream_immediate():1423
[20:06:44.674] 0x3c173bd0	 free	   RX	eth_esp32_rx():153 -> zsock_recv_stream_immediate():1423
[20:06:44.675] 0x3c173c18	 free	   RX	eth_esp32_rx():153 -> zsock_recv_stream_immediate():1423
[20:06:44.676] 0x3c173c60	 free	   RX	eth_esp32_rx():153 -> zsock_recv_stream_immediate():1423
[20:06:44.676] 0x3c173ca8	 free	   RX	eth_esp32_rx():153 -> zsock_recv_stream_immediate():1423
[20:06:44.678] 0x3c173cf0	 free	   RX	eth_esp32_rx():153 -> zsock_recv_stream_immediate():1423
[20:06:44.679] 0x3c172ee0	 free	   TX	tcp_out_ext():1573 -> tcp_send():472
[20:06:44.679] 0x3c15d4bc	 free	TDATA	ethernet_fill_header():610 -> tcp_send():472
[20:06:44.680] [1;32muart:~$ [m[8D[JNETMEM up=60s pktRX=40/40 pktTX=16/16 bufRX=160/160/m102 bufTX=80/80/m4 sysheap_free=11208 alloc=21380 max=23616
[20:07:14.264] [1;32muart:~$ [m[8D[J[00:01:00.171,000] [0m<inf> shtc3: SHTC3: temperature=21.98 C humidity=47.32 %[0m
[20:07:14.265] [1;32muart:~$ [m[8D[J[1;32muart:~$ [m[8D[JNETMEM up=90s pktRX=40/40 pktTX=16/16 bufRX=160/160/m102 bufTX=80/80/m4 sysheap_free=11208 alloc=21380 max=23616
[20:07:44.265] [1;32muart:~$ [m[8D[J[1;32muart:~$ [mnet allocs
[20:07:53.640] Network memory allocations

[20:07:53.640] memory		Status	Pool	Function alloc -> freed
[20:07:53.643] 0x3c173cf0	 free	   RX	eth_esp32_rx():153 -> processing_data():157
[20:07:53.643] 0x3c172ee0	 free	   TX	tcp_send_data():1844 -> tcp_send_data():1875
[20:07:53.643] 0x3c172f28	 free	   TX	tcp_out_ext():1573 -> tcp_send():472
[20:07:53.643] 0x3c15d4f4	 free	TDATA	ethernet_fill_header():610 -> tcp_send():472
[20:07:53.644] 0x3c173480	 free	   RX	eth_esp32_rx():153 -> zsock_recv_stream_immediate():1423
[20:07:53.644] 0x3c1734c8	 free	   RX	eth_esp32_rx():153 -> zsock_recv_stream_immediate():1423
[20:07:53.644] 0x3c173510	 free	   RX	eth_esp32_rx():153 -> zsock_recv_stream_immediate():1423
[20:07:53.645] 0x3c173558	 free	   RX	eth_esp32_rx():153 -> zsock_recv_stream_immediate():1423
[20:07:53.645] 0x3c1735a0	 free	   RX	eth_esp32_rx():153 -> zsock_recv_stream_immediate():1423
[20:07:53.646] 0x3c1735e8	 free	   RX	eth_esp32_rx():153 -> zsock_recv_stream_immediate():1423
[20:07:53.646] 0x3c173630	 free	   RX	eth_esp32_rx():153 -> zsock_recv_stream_immediate():1423
[20:07:53.647] 0x3c173678	 free	   RX	eth_esp32_rx():153 -> zsock_recv_stream_immediate():1423
[20:07:53.648] 0x3c1736c0	 free	   RX	eth_esp32_rx():153 -> zsock_recv_stream_immediate():1423
[20:07:53.648] 0x3c173708	 free	   RX	eth_esp32_rx():153 -> zsock_recv_stream_immediate():1423
[20:07:53.649] 0x3c173750	 free	   RX	eth_esp32_rx():153 -> zsock_recv_stream_immediate():1423
[20:07:53.649] 0x3c173798	 free	   RX	eth_esp32_rx():153 -> zsock_recv_stream_immediate():1423
[20:07:53.650] 0x3c1737e0	 free	   RX	eth_esp32_rx():153 -> zsock_recv_stream_immediate():1423
[20:07:53.651] 0x3c173828	 free	   RX	eth_esp32_rx():153 -> zsock_recv_stream_immediate():1423
[20:07:53.651] 0x3c173870	 free	   RX	eth_esp32_rx():153 -> zsock_recv_stream_immediate():1423
[20:07:53.652] 0x3c1738b8	 free	   RX	eth_esp32_rx():153 -> zsock_recv_stream_immediate():1423
[20:07:53.653] 0x3c173900	 free	   RX	eth_esp32_rx():153 -> zsock_recv_stream_immediate():1423
[20:07:53.653] 0x3c173948	 free	   RX	eth_esp32_rx():153 -> zsock_recv_stream_immediate():1423
[20:07:53.654] 0x3c173990	 free	   RX	eth_esp32_rx():153 -> zsock_recv_stream_immediate():1423
[20:07:53.655] 0x3c1739d8	 free	   RX	eth_esp32_rx():153 -> zsock_recv_stream_immediate():1423
[20:07:53.655] 0x3c173a20	 free	   RX	eth_esp32_rx():153 -> zsock_recv_stream_immediate():1423
[20:07:53.656] 0x3c173a68	 free	   RX	eth_esp32_rx():153 -> zsock_recv_stream_immediate():1423
[20:07:53.657] 0x3c173ab0	 free	   RX	eth_esp32_rx():153 -> zsock_recv_stream_immediate():1423
[20:07:53.657] 0x3c173af8	 free	   RX	eth_esp32_rx():153 -> zsock_recv_stream_immediate():1423
[20:07:53.658] 0x3c173b40	 free	   RX	eth_esp32_rx():153 -> zsock_recv_stream_immediate():1423
[20:07:53.658] 0x3c173b88	 free	   RX	eth_esp32_rx():153 -> zsock_recv_stream_immediate():1423
[20:07:53.659] 0x3c173bd0	 free	   RX	eth_esp32_rx():153 -> zsock_recv_stream_immediate():1423
[20:07:53.660] 0x3c173c18	 free	   RX	eth_esp32_rx():153 -> zsock_recv_stream_immediate():1423
[20:07:53.660] 0x3c173c60	 free	   RX	eth_esp32_rx():153 -> zsock_recv_stream_immediate():1423
[20:07:53.661] 0x3c173ca8	 free	   RX	eth_esp32_rx():153 -> zsock_recv_stream_immediate():1423
[20:07:53.662] 0x3c173cf0	 free	   RX	eth_esp32_rx():153 -> zsock_recv_stream_immediate():1423
[20:07:53.662] 0x3c172ee0	 free	   TX	tcp_out_ext():1573 -> tcp_send():472
[20:07:53.663] 0x3c15d4bc	 free	TDATA	ethernet_fill_header():610 -> tcp_send():472
[20:07:53.663] [1;32muart:~$ [mb 1
[20:07:58.691] Injected PRESS on 1
[20:07:58.691] [1;32muart:~$ [m[8D[J[00:01:50.033,000] [0m<inf> llss: Button: BTN_1 PRESS[0m
[20:08:04.428] [1;32muart:~$ [m[8D[JDIAG send_input rc=0 status=0 frame_id='frame_338ff9a48f86' poll_after=5000
[20:08:04.429] [1;32muart:~$ [m[8D[J[00:01:50.831,000] [0m<inf> llss_client: DIAG http frames: path=/devices/dev_7380c1e5ca58/frames/frame_338ff9a48f86?raw=true reuse=1 total=391ms first_body=289ms tail=102ms max_gap=36ms frag_count=9 frag_bytes=48000 status=200 rc=321 body=48000[0m
[20:08:04.431] [1;32muart:~$ [m[8D[JDIAG fetch: write_buf=0ms http_fetch=391ms rc=0 png_len=48000
[20:08:04.432] [1;32muart:~$ [m[8D[JDIAG submit: 0ms drc=0
[20:08:04.432] [1;32muart:~$ [m[8D[J[00:01:50.836,000] [0m<inf> display: Displaying frame (48000 bytes)[0m
[20:08:04.433] [1;32muart:~$ [m[8D[J[1;32muart:~$ [mnert[1D[J[1D[Jt allocs
[20:08:13.250] Network memory allocations

[20:08:13.251] memory		Status	Pool	Function alloc -> freed
[20:08:13.251] 0x3c173480	 free	   RX	eth_esp32_rx():153 -> processing_data():157
[20:08:13.252] 0x3c172ee0	 free	   TX	tcp_out_ext():1573 -> tcp_send():472
[20:08:13.252] 0x3c15d4bc	 free	TDATA	ethernet_fill_header():610 -> tcp_send():472
[20:08:13.253] 0x3c15d4f4	 free	TDATA	ethernet_fill_header():610 -> tcp_send():472
[20:08:13.254] 0x3c173bd0	 free	   RX	eth_esp32_rx():153 -> zsock_recv_stream_immediate():1423
[20:08:13.254] 0x3c173b88	 free	   RX	eth_esp32_rx():153 -> zsock_recv_stream_immediate():1423
[20:08:13.255] 0x3c173b40	 free	   RX	eth_esp32_rx():153 -> zsock_recv_stream_immediate():1423
[20:08:13.256] 0x3c173af8	 free	   RX	eth_esp32_rx():153 -> zsock_recv_stream_immediate():1423
[20:08:13.256] 0x3c173ab0	 free	   RX	eth_esp32_rx():153 -> zsock_recv_stream_immediate():1423
[20:08:13.257] 0x3c173a68	 free	   RX	eth_esp32_rx():153 -> zsock_recv_stream_immediate():1423
[20:08:13.257] 0x3c173a20	 free	   RX	eth_esp32_rx():153 -> zsock_recv_stream_immediate():1423
[20:08:13.258] 0x3c1739d8	 free	   RX	eth_esp32_rx():153 -> zsock_recv_stream_immediate():1423
[20:08:13.259] 0x3c173990	 free	   RX	eth_esp32_rx():153 -> zsock_recv_stream_immediate():1423
[20:08:13.259] 0x3c173948	 free	   RX	eth_esp32_rx():153 -> zsock_recv_stream_immediate():1423
[20:08:13.260] 0x3c173900	 free	   RX	eth_esp32_rx():153 -> zsock_recv_stream_immediate():1423
[20:08:13.260] 0x3c1738b8	 free	   RX	eth_esp32_rx():153 -> zsock_recv_stream_immediate():1423
[20:08:13.261] 0x3c173870	 free	   RX	eth_esp32_rx():153 -> zsock_recv_stream_immediate():1423
[20:08:13.262] 0x3c173828	 free	   RX	eth_esp32_rx():153 -> zsock_recv_stream_immediate():1423
[20:08:13.262] 0x3c1737e0	 free	   RX	eth_esp32_rx():153 -> zsock_recv_stream_immediate():1423
[20:08:13.263] 0x3c173798	 free	   RX	eth_esp32_rx():153 -> zsock_recv_stream_immediate():1423
[20:08:13.264] 0x3c173750	 free	   RX	eth_esp32_rx():153 -> zsock_recv_stream_immediate():1423
[20:08:13.264] 0x3c173708	 free	   RX	eth_esp32_rx():153 -> zsock_recv_stream_immediate():1423
[20:08:13.265] 0x3c1736c0	 free	   RX	eth_esp32_rx():153 -> zsock_recv_stream_immediate():1423
[20:08:13.266] 0x3c173678	 free	   RX	eth_esp32_rx():153 -> zsock_recv_stream_immediate():1423
[20:08:13.266] 0x3c173630	 free	   RX	eth_esp32_rx():153 -> zsock_recv_stream_immediate():1423
[20:08:13.267] 0x3c1733a8	 free	   RX	eth_esp32_rx():153 -> zsock_recv_stream_immediate():1423
[20:08:13.267] 0x3c1733f0	 free	   RX	eth_esp32_rx():153 -> zsock_recv_stream_immediate():1423
[20:08:13.268] 0x3c173360	 free	   RX	eth_esp32_rx():153 -> zsock_recv_stream_immediate():1423
[20:08:13.269] 0x3c1735e8	 free	   RX	eth_esp32_rx():153 -> zsock_recv_stream_immediate():1423
[20:08:13.269] 0x3c1735a0	 free	   RX	eth_esp32_rx():153 -> zsock_recv_stream_immediate():1423
[20:08:13.270] 0x3c173558	 free	   RX	eth_esp32_rx():153 -> zsock_recv_stream_immediate():1423
[20:08:13.271] 0x3c173510	 free	   RX	eth_esp32_rx():153 -> zsock_recv_stream_immediate():1423
[20:08:13.271] 0x3c1734c8	 free	   RX	eth_esp32_rx():153 -> zsock_recv_stream_immediate():1423
[20:08:13.273] 0x3c173480	 free	   RX	eth_esp32_rx():153 -> zsock_recv_stream_immediate():1423
[20:08:13.273] 0x3c172ee0	 free	   TX	tcp_out_ext():1573 -> tcp_send():472
[20:08:13.273] 0x3c15d4bc	 free	TDATA	ethernet_fill_header():610 -> tcp_send():472
[20:08:13.274] 0x3c15d4bc	 free	TDATA	ethernet_fill_header():610 -> tcp_send():472
[20:08:13.274] [1;32muart:~$ [m[8D[JNETMEM up=120s pktRX=40/40 pktTX=16/16 bufRX=160/160/m102 bufTX=80/80/m4 sysheap_free=11208 alloc=21380 max=23836
[20:08:14.266] [1;32muart:~$ [m[8D[J[00:02:00.174,000] [0m<inf> shtc3: SHTC3: temperature=22.36 C humidity=47.52 %[0m
[20:08:14.266] [1;32muart:~$ [m[8D[J[1;32muart:~$ [m[8D[JNETMEM up=150s pktRX=40/40 pktTX=16/16 bufRX=160/160/m102 bufTX=80/80/m4 sysheap_free=11172 alloc=21416 max=23836
[20:08:44.265] [1;32muart:~$ [m[8D[J[1;32muart:~$ [m[8D[J[00:02:45.544,000] [1;31m<err> llss_client: device state HTTP 502[0m
[20:08:59.643] [1;32muart:~$ [m[8D[J[00:02:45.544,000] [1;31m<err> llss: Poll error 502[0m
[20:08:59.643] [1;32muart:~$ [m[8D[J[00:02:45.544,000] [1;33m<wrn> net_watchdog: Server offline — soft reset in 60 s, would-reset in 300 s[0m
[20:08:59.647] [1;32muart:~$ [m[8D[J[1;32muart:~$ [m[8D[J[00:02:50.655,000] [1;31m<err> llss_client: device state HTTP 502[0m
[20:09:04.754] [1;32muart:~$ [m[8D[J[00:02:50.655,000] [1;31m<err> llss: Poll error 502[0m
[20:09:04.755] [1;32muart:~$ [m[8D[J[1;32muart:~$ [m[8D[J[00:02:55.762,000] [1;31m<err> llss_client: device state HTTP 502[0m
[20:09:09.861] [1;32muart:~$ [m[8D[J[00:02:55.762,000] [1;31m<err> llss: Poll error 502[0m
[20:09:09.862] [1;32muart:~$ [m[8D[J[1;32muart:~$ [mnet allocs
[20:09:12.754] Network memory allocations

[20:09:12.756] memory		Status	Pool	Function alloc -> freed
[20:09:12.756] 0x3c173480	 free	   RX	eth_esp32_rx():153 -> processing_data():157
[20:09:12.757] 0x3c172ee0	 free	   TX	net_tcp_reply_rst():1487 -> tcp_send():472
[20:09:12.757] 0x3c15d4bc	 free	TDATA	ethernet_fill_header():610 -> tcp_send():472
[20:09:12.757] 0x3c15d4f4	 free	TDATA	ethernet_fill_header():610 -> tcp_send():472
[20:09:12.758] 0x3c173bd0	 free	   RX	eth_esp32_rx():153 -> zsock_recv_stream_immediate():1423
[20:09:12.759] 0x3c173b88	 free	   RX	eth_esp32_rx():153 -> zsock_recv_stream_immediate():1423
[20:09:12.760] 0x3c173b40	 free	   RX	eth_esp32_rx():153 -> zsock_recv_stream_immediate():1423
[20:09:12.760] 0x3c173af8	 free	   RX	eth_esp32_rx():153 -> zsock_recv_stream_immediate():1423
[20:09:12.761] 0x3c173ab0	 free	   RX	eth_esp32_rx():153 -> zsock_recv_stream_immediate():1423
[20:09:12.762] 0x3c173a68	 free	   RX	eth_esp32_rx():153 -> zsock_recv_stream_immediate():1423
[20:09:12.762] 0x3c173a20	 free	   RX	eth_esp32_rx():153 -> zsock_recv_stream_immediate():1423
[20:09:12.763] 0x3c1739d8	 free	   RX	eth_esp32_rx():153 -> zsock_recv_stream_immediate():1423
[20:09:12.763] 0x3c173990	 free	   RX	eth_esp32_rx():153 -> zsock_recv_stream_immediate():1423
[20:09:12.764] 0x3c173948	 free	   RX	eth_esp32_rx():153 -> zsock_recv_stream_immediate():1423
[20:09:12.765] 0x3c173900	 free	   RX	eth_esp32_rx():153 -> zsock_recv_stream_immediate():1423
[20:09:12.765] 0x3c1738b8	 free	   RX	eth_esp32_rx():153 -> zsock_recv_stream_immediate():1423
[20:09:12.766] 0x3c173870	 free	   RX	eth_esp32_rx():153 -> zsock_recv_stream_immediate():1423
[20:09:12.767] 0x3c173828	 free	   RX	eth_esp32_rx():153 -> zsock_recv_stream_immediate():1423
[20:09:12.767] 0x3c1737e0	 free	   RX	eth_esp32_rx():153 -> zsock_recv_stream_immediate():1423
[20:09:12.768] 0x3c173798	 free	   RX	eth_esp32_rx():153 -> zsock_recv_stream_immediate():1423
[20:09:12.768] 0x3c173750	 free	   RX	eth_esp32_rx():153 -> zsock_recv_stream_immediate():1423
[20:09:12.769] 0x3c173708	 free	   RX	eth_esp32_rx():153 -> zsock_recv_stream_immediate():1423
[20:09:12.770] 0x3c1736c0	 free	   RX	eth_esp32_rx():153 -> zsock_recv_stream_immediate():1423
[20:09:12.770] 0x3c173678	 free	   RX	eth_esp32_rx():153 -> zsock_recv_stream_immediate():1423
[20:09:12.771] 0x3c173630	 free	   RX	eth_esp32_rx():153 -> zsock_recv_stream_immediate():1423
[20:09:12.772] 0x3c1733a8	 free	   RX	eth_esp32_rx():153 -> zsock_recv_stream_immediate():1423
[20:09:12.772] 0x3c1733f0	 free	   RX	eth_esp32_rx():153 -> zsock_recv_stream_immediate():1423
[20:09:12.773] 0x3c173360	 free	   RX	eth_esp32_rx():153 -> zsock_recv_stream_immediate():1423
[20:09:12.774] 0x3c1735e8	 free	   RX	eth_esp32_rx():153 -> zsock_recv_stream_immediate():1423
[20:09:12.774] 0x3c1735a0	 free	   RX	eth_esp32_rx():153 -> zsock_recv_stream_immediate():1423
[20:09:12.775] 0x3c173558	 free	   RX	eth_esp32_rx():153 -> zsock_recv_stream_immediate():1423
[20:09:12.775] 0x3c173510	 free	   RX	eth_esp32_rx():153 -> zsock_recv_stream_immediate():1423
[20:09:12.776] 0x3c1734c8	 free	   RX	eth_esp32_rx():153 -> zsock_recv_stream_immediate():1423
[20:09:12.777] 0x3c173480	 free	   RX	eth_esp32_rx():153 -> zsock_recv_stream_immediate():1423
[20:09:12.777] 0x3c172ee0	 free	   TX	tcp_out_ext():1573 -> tcp_send():472
[20:09:12.778] 0x3c15d4bc	 free	TDATA	ethernet_fill_header():610 -> tcp_send():472
[20:09:12.778] 0x3c15d4bc	 free	TDATA	ethernet_fill_header():610 -> tcp_send():472
[20:09:12.779] [1;32muart:~$ [m[8D[JNETMEM up=180s pktRX=40/40 pktTX=16/16 bufRX=160/160/m102 bufTX=80/80/m4 sysheap_free=11208 alloc=21380 max=23836
[20:09:14.266] [1;32muart:~$ [m[8D[J[00:03:00.177,000] [0m<inf> shtc3: SHTC3: temperature=21.98 C humidity=47.32 %[0m
[20:09:14.267] [1;32muart:~$ [m[8D[J[00:03:00.866,000] [1;31m<err> llss_client: device state HTTP 502[0m
[20:09:14.267] [1;32muart:~$ [m[8D[J[00:03:00.866,000] [1;31m<err> llss: Poll error 502[0m
[20:09:14.269] [1;32muart:~$ [m[8D[J[1;32muart:~$ [m[8D[J[00:03:05.978,000] [1;31m<err> llss_client: device state HTTP 502[0m
[20:09:20.077] [1;32muart:~$ [m[8D[J[00:03:05.978,000] [1;31m<err> llss: Poll error 502[0m
[20:09:20.078] [1;32muart:~$ [m[8D[J[1;32muart:~$ [m[8D[J[00:03:11.093,000] [1;31m<err> llss_client: device state HTTP 502[0m
[20:09:25.192] [1;32muart:~$ [m[8D[J[00:03:11.093,000] [1;31m<err> llss: Poll error 502[0m
[20:09:25.193] [1;32muart:~$ [m[8D[J[1;32muart:~$ [m[8D[J[00:03:16.205,000] [1;31m<err> llss_client: device state HTTP 502[0m
[20:09:30.303] [1;32muart:~$ [m[8D[J[00:03:16.205,000] [1;31m<err> llss: Poll error 502[0m
[20:09:30.304] [1;32muart:~$ [m[8D[J[1;32muart:~$ [m[8D[J[00:03:21.316,000] [1;31m<err> llss_client: device state HTTP 502[0m
[20:09:35.415] [1;32muart:~$ [m[8D[J[00:03:21.317,000] [1;31m<err> llss: Poll error 502[0m
[20:09:35.415] [1;32muart:~$ [m[8D[J[1;32muart:~$ [m[8D[J[00:03:26.444,000] [1;31m<err> llss_client: device state HTTP 502[0m
[20:09:40.543] [1;32muart:~$ [m[8D[J[00:03:26.444,000] [1;31m<err> llss: Poll error 502[0m
[20:09:40.543] [1;32muart:~$ [m[8D[J[1;32muart:~$ [m[8D[JNETMEM up=210s pktRX=40/40 pktTX=16/16 bufRX=160/160/m102 bufTX=80/80/m4 sysheap_free=11172 alloc=21416 max=23836
[20:09:44.267] [1;32muart:~$ [m[8D[J[1;32muart:~$ [m[8D[J[00:03:31.543,000] [1;31m<err> llss_client: device state HTTP 502[0m
[20:09:45.642] [1;32muart:~$ [m[8D[J[00:03:31.543,000] [1;31m<err> llss: Poll error 502[0m
[20:09:45.643] [1;32muart:~$ [m[8D[J[1;32muart:~$ [m[8D[J[00:03:36.648,000] [1;31m<err> llss_client: device state HTTP 502[0m
[20:09:50.748] [1;32muart:~$ [m[8D[J[00:03:36.648,000] [1;31m<err> llss: Poll error 502[0m
[20:09:50.748] [1;32muart:~$ [m[8D[J[1;32muart:~$ [m[8D[J[00:03:41.759,000] [1;31m<err> llss_client: device state HTTP 502[0m
[20:09:55.859] [1;32muart:~$ [m[8D[J[00:03:41.761,000] [1;31m<err> llss: Poll error 502[0m
[20:09:55.859] [1;32muart:~$ [m[8D[J[1;32muart:~$ [m[8D[J[00:03:46.881,000] [1;31m<err> llss_client: device state HTTP 502[0m
[20:10:00.980] [1;32muart:~$ [m[8D[J[00:03:46.881,000] [1;31m<err> llss: Poll error 502[0m
[20:10:00.981] [1;32muart:~$ [m[8D[J[00:03:46.881,000] [1;33m<wrn> net_watchdog: Watchdog soft reset (offline 61s) — session + DNS[0m
[20:10:00.982] [1;32muart:~$ [m[8D[J[00:03:46.882,000] [1;33m<wrn> llss_client: DNS resolver reset (1 server)[0m
[20:10:00.983] [1;32muart:~$ [m[8D[J[1;32muart:~$ [m[8D[J[00:03:52.006,000] [1;31m<err> llss_client: device state HTTP 502[0m
[20:10:06.105] [1;32muart:~$ [m[8D[J[00:03:52.006,000] [1;31m<err> llss: Poll error 502[0m
[20:10:06.106] [1;32muart:~$ [m[8D[J[1;32muart:~$ [m[8D[J[00:03:57.116,000] [1;31m<err> llss_client: device state HTTP 502[0m
[20:10:11.215] [1;32muart:~$ [m[8D[J[00:03:57.116,000] [1;31m<err> llss: Poll error 502[0m
[20:10:11.216] [1;32muart:~$ [m[8D[J[1;32muart:~$ [m[8D[JNETMEM up=240s pktRX=40/40 pktTX=16/16 bufRX=160/160/m102 bufTX=80/80/m4 sysheap_free=11208 alloc=21380 max=23836
[20:10:14.267] [1;32muart:~$ [m[8D[J[00:04:00.180,000] [0m<inf> shtc3: SHTC3: temperature=22.00 C humidity=47.85 %[0m
[20:10:14.267] [1;32muart:~$ [m[8D[J[1;32muart:~$ [m[8D[J[00:04:02.219,000] [1;31m<err> llss_client: device state HTTP 502[0m
[20:10:16.318] [1;32muart:~$ [m[8D[J[00:04:02.219,000] [1;31m<err> llss: Poll error 502[0m
[20:10:16.319] [1;32muart:~$ [m[8D[J[1;32muart:~$ [m[8D[J[00:04:07.333,000] [1;31m<err> llss_client: device state HTTP 502[0m
[20:10:21.433] [1;32muart:~$ [m[8D[J[00:04:07.333,000] [1;31m<err> llss: Poll error 502[0m
[20:10:21.433] [1;32muart:~$ [m[8D[J[1;32muart:~$ [m[8D[J[00:04:12.441,000] [1;31m<err> llss_client: device state HTTP 502[0m
[20:10:26.541] [1;32muart:~$ [m[8D[J[00:04:12.441,000] [1;31m<err> llss: Poll error 502[0m
[20:10:26.541] [1;32muart:~$ [m[8D[J[1;32muart:~$ [m[8D[J[00:04:17.555,000] [1;31m<err> llss_client: device state HTTP 502[0m
[20:10:31.654] [1;32muart:~$ [m[8D[J[00:04:17.555,000] [1;31m<err> llss: Poll error 502[0m
[20:10:31.655] [1;32muart:~$ [m[8D[J[1;32muart:~$ [m[8D[J[00:04:22.671,000] [1;31m<err> llss_client: device state HTTP 502[0m
[20:10:36.771] [1;32muart:~$ [m[8D[J[00:04:22.671,000] [1;31m<err> llss: Poll error 502[0m
[20:10:36.771] [1;32muart:~$ [m[8D[J[1;32muart:~$ [m[8D[J[00:04:27.783,000] [1;31m<err> llss_client: device state HTTP 502[0m
[20:10:41.883] [1;32muart:~$ [m[8D[J[00:04:27.783,000] [1;31m<err> llss: Poll error 502[0m
[20:10:41.884] [1;32muart:~$ [m[8D[J[1;32muart:~$ [m[8D[JNETMEM up=270s pktRX=40/40 pktTX=16/16 bufRX=160/160/m102 bufTX=80/80/m4 sysheap_free=11208 alloc=21380 max=23836
[20:10:44.267] [1;32muart:~$ [m[8D[J[1;32muart:~$ [m[8D[J[00:04:32.880,000] [1;31m<err> llss_client: device state HTTP 502[0m
[20:10:46.980] [1;32muart:~$ [m[8D[J[00:04:32.880,000] [1;31m<err> llss: Poll error 502[0m
[20:10:46.980] [1;32muart:~$ [m[8D[J[1;32muart:~$ [m[8D[J[00:04:38.005,000] [1;31m<err> llss_client: device state HTTP 502[0m
[20:10:52.104] [1;32muart:~$ [m[8D[J[00:04:38.005,000] [1;31m<err> llss: Poll error 502[0m
[20:10:52.105] [1;32muart:~$ [m[8D[J[1;32muart:~$ [m[8D[J[00:04:43.112,000] [1;31m<err> llss_client: device state HTTP 502[0m
[20:10:57.212] [1;32muart:~$ [m[8D[J[00:04:43.112,000] [1;31m<err> llss: Poll error 502[0m
[20:10:57.213] [1;32muart:~$ [m[8D[J[1;32muart:~$ [m[8D[J[00:04:48.218,000] [1;31m<err> llss_client: device state HTTP 502[0m
[20:11:02.318] [1;32muart:~$ [m[8D[J[00:04:48.218,000] [1;31m<err> llss: Poll error 502[0m
[20:11:02.318] [1;32muart:~$ [m[8D[J[1;32muart:~$ [m[8D[J[00:04:53.326,000] [1;31m<err> llss_client: device state HTTP 502[0m
[20:11:07.426] [1;32muart:~$ [m[8D[J[00:04:53.326,000] [1;31m<err> llss: Poll error 502[0m
[20:11:07.427] [1;32muart:~$ [m[8D[J[1;32muart:~$ [m[8D[J[00:04:58.425,000] [1;31m<err> llss_client: device state HTTP 502[0m
[20:11:12.525] [1;32muart:~$ [m[8D[J[00:04:58.425,000] [1;31m<err> llss: Poll error 502[0m
[20:11:12.525] [1;32muart:~$ [m[8D[J[1;32muart:~$ [m[8D[JNETMEM up=300s pktRX=40/40 pktTX=16/16 bufRX=160/160/m102 bufTX=80/80/m4 sysheap_free=11208 alloc=21380 max=23836
[20:11:13.272] [1;32muart:~$ [m[8D[JThread analyze:
[20:11:13.273] [1;32muart:~$ [m[8D[J wdt_sentinel_tid    : STACK: unused 432 usage 336 / 768 (43 %); CPU: 0 %
[20:11:13.273] [1;32muart:~$ [m[8D[J                     : Total CPU cycles used: 2056748
[20:11:13.274] [1;32muart:~$ [m[8D[J thread_analyzer     : STACK: unused 112 usage 912 / 1024 (89 %); CPU: 0 %
[20:11:13.275] [1;32muart:~$ [m[8D[J                     : Total CPU cycles used: 901133
[20:11:13.275] [1;32muart:~$ [m[8D[J sys_wdt_tid         : STACK: unused 704 usage 320 / 1024 (31 %); CPU: 0 %
[20:11:13.276] [1;32muart:~$ [m[8D[J                     : Total CPU cycles used: 468885
[20:11:13.277] [1;32muart:~$ [m[8D[J shtc3_thread        : STACK: unused 1360 usage 688 / 2048 (33 %); CPU: 0 %
[20:11:13.278] [1;32muart:~$ [m[8D[J                     : Total CPU cycles used: 314896
[20:11:13.278] [1;32muart:~$ [m[8D[J ntp_thread          : STACK: unused 2464 usage 1632 / 4096 (39 %); CPU: 0 %
[20:11:13.279] [1;32muart:~$ [m[8D[J                     : Total CPU cycles used: 1546234
[20:11:13.280] [1;32muart:~$ [m[8D[J netmem_tid          : STACK: unused 624 usage 656 / 1280 (51 %); CPU: 0 %
[20:11:13.281] [1;32muart:~$ [m[8D[J                     : Total CPU cycles used: 300321
[20:11:13.281] [1;32muart:~$ [m[8D[J llss_thread         : STACK: unused 11584 usage 4800 / 16384 (29 %); CPU: 1 %
[20:11:13.282] [1;32muart:~$ [m[8D[J                     : Total CPU cycles used: 739985214
[20:11:13.283] [1;32muart:~$ [m[8D[J input               : STACK: unused 688 usage 336 / 1024 (32 %); CPU: 0 %
[20:11:13.283] [1;32muart:~$ [m[8D[J                     : Total CPU cycles used: 25302
[20:11:13.284] [1;32muart:~$ [m[8D[J display_thread      : STACK: unused 8640 usage 3648 / 12288 (29 %); CPU: 0 %
[20:11:13.285] [1;32muart:~$ [m[8D[J                     : Total CPU cycles used: 258962209
[20:11:13.286] [1;32muart:~$ [m[8D[J device_ui_thread    : STACK: unused 7584 usage 608 / 8192 (7 %); CPU: 0 %
[20:11:13.286] [1;32muart:~$ [m[8D[J                     : Total CPU cycles used: 202037
[20:11:13.287] [1;32muart:~$ [m[8D[J conn_mgr_monitor    : STACK: unused 176 usage 336 / 512 (65 %); CPU: 0 %
[20:11:13.288] [1;32muart:~$ [m[8D[J                     : Total CPU cycles used: 84110
[20:11:13.288] [1;32muart:~$ [m[8D[J net_socket_service  : STACK: unused 3344 usage 752 / 4096 (18 %); CPU: 0 %
[20:11:13.289] [1;32muart:~$ [m[8D[J                     : Total CPU cycles used: 1498128
[20:11:13.290] [1;32muart:~$ [m[8D[J rx_q[0]             : STACK: unused 496 usage 1552 / 2048 (75 %); CPU: 0 %
[20:11:13.291] [1;32muart:~$ [m[8D[J                     : Total CPU cycles used: 160681977
[20:11:13.291] [1;32muart:~$ [m[8D[J net_mgmt            : STACK: unused 3424 usage 672 / 4096 (16 %); CPU: 0 %
[20:11:13.292] [1;32muart:~$ [m[8D[J                     : Total CPU cycles used: 322616
[20:11:13.293] [1;32muart:~$ [m[8D[J tcp_work            : STACK: unused 1680 usage 368 / 2048 (17 %); CPU: 0 %
[20:11:13.293] [1;32muart:~$ [m[8D[J                     : Total CPU cycles used: 974604
[20:11:13.294] [1;32muart:~$ [m[8D[J shell_uart          : STACK: unused 2384 usage 1712 / 4096 (41 %); CPU: 0 %
[20:11:13.295] [1;32muart:~$ [m[8D[J                     : Total CPU cycles used: 18454876
[20:11:13.295] [1;32muart:~$ [m[8D[J wifi                : STACK: unused 1440 usage 2144 / 3584 (59 %); CPU: 1 %
[20:11:13.296] [1;32muart:~$ [m[8D[J                     : Total CPU cycles used: 796277359
[20:11:13.297] [1;32muart:~$ [m[8D[J sysworkq            : STACK: unused 3232 usage 864 / 4096 (21 %); CPU: 0 %
[20:11:13.298] [1;32muart:~$ [m[8D[J                     : Total CPU cycles used: 6500325
[20:11:13.298] [1;32muart:~$ [m[8D[J esp_timer           : STACK: unused 3568 usage 528 / 4096 (12 %); CPU: 0 %
[20:11:13.299] [1;32muart:~$ [m[8D[J                     : Total CPU cycles used: 31159651
[20:11:13.300] [1;32muart:~$ [m[8D[J logging             : STACK: unused 544 usage 480 / 1024 (46 %); CPU: 0 %
[20:11:13.301] [1;32muart:~$ [m[8D[J                     : Total CPU cycles used: 1924349
[20:11:13.301] [1;32muart:~$ [m[8D[J idle                : STACK: unused 816 usage 208 / 1024 (20 %); CPU: 96 %
[20:11:13.302] [1;32muart:~$ [m[8D[J                     : Total CPU cycles used: 69677563832
[20:11:13.303] [1;32muart:~$ [m[8D[J ISR0                : STACK: unused 1520 usage 528 / 2048 (25 %); CPU: 0 %
[20:11:13.303] [1;32muart:~$ [m[8D[J                     : Total CPU cycles used: 0
[20:11:13.304] [1;32muart:~$ [m[8D[J[00:05:00.183,000] [0m<inf> shtc3: SHTC3: temperature=22.10 C humidity=47.77 %[0m
[20:11:13.305] [1;32muart:~$ [m[8D[J[1;32muart:~$ [m[8D[J[1;32muart:~$ [m[8D[J[00:05:03.539,000] [1;31m<err> llss_client: device state HTTP 502[0m
[20:11:17.639] [1;32muart:~$ [m[8D[J[00:05:03.539,000] [1;31m<err> llss: Poll error 502[0m
[20:11:17.639] [1;32muart:~$ [m[8D[J[1;32muart:~$ [m[8D[J[00:05:18.567,000] [1;33m<wrn> llss_client: Cached server address failed (-116) — re-resolving[0m
[20:11:32.667] [1;32muart:~$ [m[8D[J[00:05:18.832,000] [1;31m<err> llss_client: device state HTTP 502[0m
[20:11:32.668] [1;32muart:~$ [m[8D[J[00:05:18.832,000] [1;31m<err> llss: Poll error 502[0m
[20:11:32.668] [1;32muart:~$ [m[8D[J[1;32muart:~$ [m[8D[J[00:05:23.936,000] [1;31m<err> llss_client: device state HTTP 502[0m
[20:11:38.035] [1;32muart:~$ [m[8D[J[00:05:23.936,000] [1;31m<err> llss: Poll error 502[0m
[20:11:38.036] [1;32muart:~$ [m[8D[J[1;32muart:~$ [m[8D[J[00:05:29.054,000] [1;31m<err> llss_client: device state HTTP 502[0m
[20:11:43.154] [1;32muart:~$ [m[8D[J[00:05:29.054,000] [1;31m<err> llss: Poll error 502[0m
[20:11:43.154] [1;32muart:~$ [m[8D[J[1;32muart:~$ [m[8D[JNETMEM up=330s pktRX=40/40 pktTX=15/16 bufRX=160/160/m102 bufTX=79/80/m5 sysheap_free=11208 alloc=21380 max=23836
[20:11:44.268] [1;32muart:~$ [m[8D[J[1;32muart:~$ [m[8D[J[00:05:34.159,000] [1;31m<err> llss_client: device state HTTP 502[0m
[20:11:48.259] [1;32muart:~$ [m[8D[J[00:05:34.159,000] [1;31m<err> llss: Poll error 502[0m
[20:11:48.260] [1;32muart:~$ [m[8D[J[1;32muart:~$ [m[8D[J[00:05:39.259,000] [1;31m<err> llss_client: device state HTTP 502[0m
[20:11:53.359] [1;32muart:~$ [m[8D[J[00:05:39.260,000] [1;31m<err> llss: Poll error 502[0m
[20:11:53.360] [1;32muart:~$ [m[8D[J[1;32muart:~$ [m[8D[J[00:05:44.357,000] [1;31m<err> llss_client: device state HTTP 502[0m
[20:11:58.457] [1;32muart:~$ [m[8D[J[00:05:44.362,000] [1;31m<err> llss: Poll error 502[0m
[20:11:58.458] [1;32muart:~$ [m[8D[J[1;32muart:~$ [m[8D[J[00:05:49.464,000] [1;31m<err> llss_client: device state HTTP 502[0m
[20:12:03.564] [1;32muart:~$ [m[8D[J[00:05:49.464,000] [1;31m<err> llss: Poll error 502[0m
[20:12:03.565] [1;32muart:~$ [m[8D[J[00:05:49.464,000] [1;33m<wrn> net_watchdog: Watchdog soft reset (offline 183s) — session + DNS[0m
[20:12:03.566] [1;32muart:~$ [m[8D[J[00:05:49.467,000] [1;33m<wrn> llss_client: DNS resolver reset (1 server)[0m
[20:12:03.566] [1;32muart:~$ [m[8D[J[1;32muart:~$ [m[8D[J[00:05:54.608,000] [1;31m<err> llss_client: device state HTTP 502[0m
[20:12:08.709] [1;32muart:~$ [m[8D[J[00:05:54.609,000] [1;31m<err> llss: Poll error 502[0m
[20:12:08.709] [1;32muart:~$ [m[8D[J[1;32muart:~$ [m[8D[J[00:05:59.715,000] [1;31m<err> llss_client: device state HTTP 502[0m
[20:12:13.815] [1;32muart:~$ [m[8D[J[00:05:59.715,000] [1;31m<err> llss: Poll error 502[0m
[20:12:13.815] [1;32muart:~$ [m[8D[JNETMEM up=360s pktRX=40/40 pktTX=15/16 bufRX=160/160/m102 bufTX=79/80/m5 sysheap_free=11208 alloc=21380 max=23836
[20:12:13.816] [1;32muart:~$ [m[8D[J[00:06:00.186,000] [0m<inf> shtc3: SHTC3: temperature=22.36 C humidity=47.89 %[0m
[20:12:13.817] [1;32muart:~$ [m[8D[J[1;32muart:~$ [m[8D[J[00:06:04.822,000] [1;31m<err> llss_client: device state HTTP 502[0m
[20:12:18.922] [1;32muart:~$ [m[8D[J[00:06:04.822,000] [1;31m<err> llss: Poll error 502[0m
[20:12:18.923] [1;32muart:~$ [m[8D[J[1;32muart:~$ [m[8D[J[00:06:09.928,000] [1;31m<err> llss_client: device state HTTP 502[0m
[20:12:24.029] [1;32muart:~$ [m[8D[J[00:06:09.928,000] [1;31m<err> llss: Poll error 502[0m
[20:12:24.030] [1;32muart:~$ [m[8D[J[1;32muart:~$ [mnet allocs
[20:12:26.729] Network memory allocations

[20:12:26.729] memory		Status	Pool	Function alloc -> freed
[20:12:26.730] 0x3c172f70/1	 used	   TX	net_ipv6_send_ns():2094
[20:12:26.730] 0x3c173ca8	 free	   RX	eth_esp32_rx():153 -> processing_data():157
[20:12:26.731] 0x3c172f28	 free	   TX	net_tcp_reply_rst():1487 -> tcp_send():472
[20:12:26.731] 0x3c15d4a0	 free	TDATA	ethernet_fill_header():610 -> tcp_send():472
[20:12:26.732] 0x3c15d510	 free	TDATA	ethernet_fill_header():610 -> tcp_send():472
[20:12:26.732] 0x3c1735e8	 free	   RX	eth_esp32_rx():153 -> processing_data():157
[20:12:26.733] 0x3c173360	 free	   RX	eth_esp32_rx():153 -> processing_data():157
[20:12:26.733] 0x3c1733f0	 free	   RX	eth_esp32_rx():153 -> processing_data():157
[20:12:26.734] 0x3c1733a8	 free	   RX	eth_esp32_rx():153 -> processing_data():157
[20:12:26.734] 0x3c173630	 free	   RX	eth_esp32_rx():153 -> processing_data():157
[20:12:26.735] 0x3c173678	 free	   RX	eth_esp32_rx():153 -> processing_data():157
[20:12:26.735] 0x3c1736c0	 free	   RX	eth_esp32_rx():153 -> processing_data():157
[20:12:26.736] 0x3c173708	 free	   RX	eth_esp32_rx():153 -> processing_data():157
[20:12:26.736] 0x3c173750	 free	   RX	eth_esp32_rx():153 -> processing_data():157
[20:12:26.737] 0x3c173798	 free	   RX	eth_esp32_rx():153 -> processing_data():157
[20:12:26.737] 0x3c1737e0	 free	   RX	eth_esp32_rx():153 -> processing_data():157
[20:12:26.738] 0x3c173828	 free	   RX	eth_esp32_rx():153 -> processing_data():157
[20:12:26.739] 0x3c173870	 free	   RX	eth_esp32_rx():153 -> processing_data():157
[20:12:26.739] 0x3c1738b8	 free	   RX	eth_esp32_rx():153 -> processing_data():157
[20:12:26.740] 0x3c173900	 free	   RX	eth_esp32_rx():153 -> processing_data():157
[20:12:26.740] 0x3c173948	 free	   RX	eth_esp32_rx():153 -> processing_data():157
[20:12:26.741] 0x3c173990	 free	   RX	eth_esp32_rx():153 -> processing_data():157
[20:12:26.741] 0x3c1739d8	 free	   RX	eth_esp32_rx():153 -> processing_data():157
[20:12:26.742] 0x3c173a20	 free	   RX	eth_esp32_rx():153 -> processing_data():157
[20:12:26.742] 0x3c173cf0	 free	   RX	eth_esp32_rx():153 -> processing_data():157
[20:12:26.743] 0x3c173ca8	 free	   RX	eth_esp32_rx():153 -> processing_data():157
[20:12:26.743] 0x3c172ee0	 free	   TX	tcp_out_ext():1573 -> tcp_send():472
[20:12:26.744] 0x3c15d4bc	 free	TDATA	ethernet_fill_header():610 -> tcp_send():472
[20:12:26.744] 0x3c1735e8	 free	   RX	eth_esp32_rx():153 -> zsock_recv_stream_immediate():1423
[20:12:26.745] 0x3c1735a0	 free	   RX	eth_esp32_rx():153 -> zsock_recv_stream_immediate():1423
[20:12:26.746] 0x3c173558	 free	   RX	eth_esp32_rx():153 -> zsock_recv_stream_immediate():1423
[20:12:26.746] 0x3c173510	 free	   RX	eth_esp32_rx():153 -> zsock_recv_stream_immediate():1423
[20:12:26.747] 0x3c1734c8	 free	   RX	eth_esp32_rx():153 -> zsock_recv_stream_immediate():1423
[20:12:26.747] 0x3c173480	 free	   RX	eth_esp32_rx():153 -> zsock_recv_stream_immediate():1423
[20:12:26.748] 0x3c172ee0	 free	   TX	tcp_out_ext():1573 -> tcp_send():472
[20:12:26.749] 0x3c15d4bc	 free	TDATA	ethernet_fill_header():610 -> tcp_send():472
[20:12:26.749] 0x3c15d4bc	 free	TDATA	ethernet_fill_header():610 -> tcp_send():472
[20:12:26.750] [1;32muart:~$ [m[8D[J[00:06:15.035,000] [1;31m<err> llss_client: device state HTTP 502[0m
[20:12:29.135] [1;32muart:~$ [m[8D[J[00:06:15.035,000] [1;31m<err> llss: Poll error 502[0m
[20:12:29.136] [1;32muart:~$ [m[8D[J[1;32muart:~$ [m[8D[J[00:06:20.153,000] [1;31m<err> llss_client: device state HTTP 502[0m
[20:12:34.253] [1;32muart:~$ [m[8D[J[00:06:20.153,000] [1;31m<err> llss: Poll error 502[0m
[20:12:34.254] [1;32muart:~$ [m[8D[J[1;32muart:~$ [m[8D[J[00:06:25.267,000] [1;31m<err> llss_client: device state HTTP 502[0m
[20:12:39.367] [1;32muart:~$ [m[8D[J[00:06:25.267,000] [1;31m<err> llss: Poll error 502[0m
[20:12:39.368] [1;32muart:~$ [m[8D[J[1;32muart:~$ [m[8D[JNETMEM up=390s pktRX=40/40 pktTX=15/16 bufRX=160/160/m102 bufTX=79/80/m5 sysheap_free=11208 alloc=21380 max=23836
[20:12:44.269] [1;32muart:~$ [m[8D[J[00:06:30.386,000] [1;31m<err> llss_client: device state HTTP 502[0m
[20:12:44.269] [1;32muart:~$ [m[8D[J[00:06:30.386,000] [1;31m<err> llss: Poll error 502[0m
[20:12:44.270] [1;32muart:~$ [m[8D[J[1;32muart:~$ [m[8D[J[00:06:35.507,000] [1;31m<err> llss_client: device state HTTP 502[0m
[20:12:49.608] [1;32muart:~$ [m[8D[J[00:06:35.507,000] [1;31m<err> llss: Poll error 502[0m
[20:12:49.608] [1;32muart:~$ [m[8D[J[1;32muart:~$ [m[8D[J[00:06:40.620,000] [1;31m<err> llss_client: device state HTTP 502[0m
[20:12:54.720] [1;32muart:~$ [m[8D[J[00:06:40.620,000] [1;31m<err> llss: Poll error 502[0m
[20:12:54.721] [1;32muart:~$ [m[8D[J[1;32muart:~$ [m[8D[J[00:06:45.730,000] [1;31m<err> llss_client: device state HTTP 502[0m
[20:12:59.830] [1;32muart:~$ [m[8D[J[00:06:45.730,000] [1;31m<err> llss: Poll error 502[0m
[20:12:59.831] [1;32muart:~$ [m[8D[J[1;32muart:~$ [m[8D[J[00:06:50.841,000] [1;31m<err> llss_client: device state HTTP 502[0m
[20:13:04.942] [1;32muart:~$ [m[8D[J[00:06:50.841,000] [1;31m<err> llss: Poll error 502[0m
[20:13:04.942] [1;32muart:~$ [m[8D[J[1;32muart:~$ [m[8D[J[00:06:55.961,000] [1;31m<err> llss_client: device state HTTP 502[0m
[20:13:10.061] [1;32muart:~$ [m[8D[J[00:06:55.961,000] [1;31m<err> llss: Poll error 502[0m
[20:13:10.062] [1;32muart:~$ [m[8D[J[1;32muart:~$ [m[8D[JNETMEM up=420s pktRX=40/40 pktTX=15/16 bufRX=160/160/m102 bufTX=79/80/m5 sysheap_free=11208 alloc=21380 max=23836
[20:13:14.269] [1;32muart:~$ [m[8D[J[00:07:00.188,000] [0m<inf> shtc3: SHTC3: temperature=22.29 C humidity=47.26 %[0m
[20:13:14.270] [1;32muart:~$ [m[8D[J[00:07:01.080,000] [1;31m<err> llss_client: device state HTTP 502[0m
[20:13:14.271] [1;32muart:~$ [m[8D[J[00:07:01.080,000] [1;31m<err> llss: Poll error 502[0m
[20:13:14.271] [1;32muart:~$ [m[8D[J[1;32muart:~$ [m[8D[J[00:07:06.215,000] [1;31m<err> llss_client: device state HTTP 502[0m
[20:13:20.315] [1;32muart:~$ [m[8D[J[00:07:06.215,000] [1;31m<err> llss: Poll error 502[0m
[20:13:20.316] [1;32muart:~$ [m[8D[J[1;32muart:~$ [m[8D[J[00:07:11.333,000] [1;31m<err> llss_client: device state HTTP 502[0m
[20:13:25.434] [1;32muart:~$ [m[8D[J[00:07:11.333,000] [1;31m<err> llss: Poll error 502[0m
[20:13:25.434] [1;32muart:~$ [m[8D[J[1;32muart:~$ [m[8D[J[00:07:16.453,000] [1;31m<err> llss_client: device state HTTP 502[0m
[20:13:30.554] [1;32muart:~$ [m[8D[J[00:07:16.453,000] [1;31m<err> llss: Poll error 502[0m
[20:13:30.555] [1;32muart:~$ [m[8D[J[1;32muart:~$ [m[8D[J[00:07:21.576,000] [1;31m<err> llss_client: device state HTTP 502[0m
[20:13:35.676] [1;32muart:~$ [m[8D[J[00:07:21.576,000] [1;31m<err> llss: Poll error 502[0m
[20:13:35.677] [1;32muart:~$ [m[8D[J[1;32muart:~$ [m[8D[J[00:07:26.692,000] [1;31m<err> llss_client: device state HTTP 502[0m
[20:13:40.794] [1;32muart:~$ [m[8D[J[00:07:26.692,000] [1;31m<err> llss: Poll error 502[0m
[20:13:40.794] [1;32muart:~$ [m[8D[J[1;32muart:~$ [m[8D[JNETMEM up=450s pktRX=40/40 pktTX=15/16 bufRX=160/160/m102 bufTX=79/80/m5 sysheap_free=11208 alloc=21380 max=23836
[20:13:44.270] [1;32muart:~$ [m[8D[J[1;32muart:~$ [m[8D[J[00:07:31.827,000] [1;31m<err> llss_client: device state HTTP 502[0m
[20:13:45.927] [1;32muart:~$ [m[8D[J[00:07:31.827,000] [1;31m<err> llss: Poll error 502[0m
[20:13:45.928] [1;32muart:~$ [m[8D[J[1;32muart:~$ [m[8D[J[00:07:36.951,000] [1;31m<err> llss_client: device state HTTP 502[0m
[20:13:51.053] [1;32muart:~$ [m[8D[J[00:07:36.951,000] [1;31m<err> llss: Poll error 502[0m
[20:13:51.053] [1;32muart:~$ [m[8D[J[1;32muart:~$ [m[8D[J[00:07:42.068,000] [1;31m<err> llss_client: device state HTTP 502[0m
[20:13:56.169] [1;32muart:~$ [m[8D[J[00:07:42.068,000] [1;31m<err> llss: Poll error 502[0m
[20:13:56.169] [1;32muart:~$ [m[8D[J[1;32muart:~$ [m[8D[J[00:07:47.192,000] [1;31m<err> llss_client: device state HTTP 502[0m
[20:14:01.293] [1;32muart:~$ [m[8D[J[00:07:47.192,000] [1;31m<err> llss: Poll error 502[0m
[20:14:01.293] [1;32muart:~$ [m[8D[J[00:07:47.192,000] [1;31m<err> net_watchdog: WATCHDOG: would reset now (offline 301s); next would-reset in 600 s[0m
[20:14:01.295] [1;32muart:~$ [m[8D[J[1;32muart:~$ [m[8D[J[00:07:52.320,000] [1;31m<err> llss_client: device state HTTP 502[0m
[20:14:06.421] [1;32muart:~$ [m[8D[J[00:07:52.320,000] [1;31m<err> llss: Poll error 502[0m
[20:14:06.422] [1;32muart:~$ [m[8D[J[1;32muart:~$ [mnet aa[14D[J[00:07:57.456,000] [1;31m<err> llss_client: device state HTTP 502[0m
[20:14:11.557] [1;32muart:~$ [mnet aa[14D[J[00:07:57.456,000] [1;31m<err> llss: Poll error 502[0m
[20:14:11.572] [1;32muart:~$ [mnet aa[14D[J[1;32muart:~$ [mnet aall[1D[J[1D[J[1D[Jllocs
[20:14:13.878] Network memory allocations

[20:14:13.878] memory		Status	Pool	Function alloc -> freed
[20:14:13.879] 0x3c172f70/1	 used	   TX	net_ipv6_send_ns():2094
[20:14:13.879] 0x3c173ca8	 free	   RX	eth_esp32_rx():153 -> processing_data():157
[20:14:13.880] 0x3c172f28	 free	   TX	tcp_out_ext():1573 -> tcp_send():472
[20:14:13.880] 0x3c15d4a0	 free	TDATA	ethernet_fill_header():610 -> tcp_send():472
[20:14:13.881] 0x3c15d510	 free	TDATA	ethernet_fill_header():610 -> tcp_send():472
[20:14:13.881] 0x3c1735e8	 free	   RX	eth_esp32_rx():153 -> processing_data():157
[20:14:13.882] 0x3c173360	 free	   RX	eth_esp32_rx():153 -> processing_data():157
[20:14:13.882] 0x3c1733f0	 free	   RX	eth_esp32_rx():153 -> processing_data():157
[20:14:13.883] 0x3c1733a8	 free	   RX	eth_esp32_rx():153 -> processing_data():157
[20:14:13.883] 0x3c173630	 free	   RX	eth_esp32_rx():153 -> processing_data():157
[20:14:13.884] 0x3c173678	 free	   RX	eth_esp32_rx():153 -> processing_data():157
[20:14:13.884] 0x3c1736c0	 free	   RX	eth_esp32_rx():153 -> processing_data():157
[20:14:13.885] 0x3c173708	 free	   RX	eth_esp32_rx():153 -> processing_data():157
[20:14:13.885] 0x3c173750	 free	   RX	eth_esp32_rx():153 -> processing_data():157
[20:14:13.886] 0x3c173798	 free	   RX	eth_esp32_rx():153 -> processing_data():157
[20:14:13.886] 0x3c1737e0	 free	   RX	eth_esp32_rx():153 -> processing_data():157
[20:14:13.887] 0x3c173828	 free	   RX	eth_esp32_rx():153 -> processing_data():157
[20:14:13.887] 0x3c173870	 free	   RX	eth_esp32_rx():153 -> processing_data():157
[20:14:13.888] 0x3c1738b8	 free	   RX	eth_esp32_rx():153 -> processing_data():157
[20:14:13.889] 0x3c173900	 free	   RX	eth_esp32_rx():153 -> processing_data():157
[20:14:13.889] 0x3c173948	 free	   RX	eth_esp32_rx():153 -> processing_data():157
[20:14:13.890] 0x3c173990	 free	   RX	eth_esp32_rx():153 -> processing_data():157
[20:14:13.890] 0x3c1739d8	 free	   RX	eth_esp32_rx():153 -> processing_data():157
[20:14:13.891] 0x3c173a20	 free	   RX	eth_esp32_rx():153 -> processing_data():157
[20:14:13.891] 0x3c173cf0	 free	   RX	eth_esp32_rx():153 -> processing_data():157
[20:14:13.892] 0x3c173ca8	 free	   RX	eth_esp32_rx():153 -> processing_data():157
[20:14:13.892] 0x3c172ee0	 free	   TX	tcp_out_ext():1573 -> tcp_send():472
[20:14:13.893] 0x3c15d4bc	 free	TDATA	ethernet_fill_header():610 -> tcp_send():472
[20:14:13.893] 0x3c1735e8	 free	   RX	eth_esp32_rx():153 -> zsock_recv_stream_immediate():1423
[20:14:13.894] 0x3c1735a0	 free	   RX	eth_esp32_rx():153 -> zsock_recv_stream_immediate():1423
[20:14:13.895] 0x3c173558	 free	   RX	eth_esp32_rx():153 -> zsock_recv_stream_immediate():1423
[20:14:13.895] 0x3c173510	 free	   RX	eth_esp32_rx():153 -> zsock_recv_stream_immediate():1423
[20:14:13.896] 0x3c1734c8	 free	   RX	eth_esp32_rx():153 -> zsock_recv_stream_immediate():1423
[20:14:13.896] 0x3c173480	 free	   RX	eth_esp32_rx():153 -> zsock_recv_stream_immediate():1423
[20:14:13.897] 0x3c172ee0	 free	   TX	tcp_out_ext():1573 -> tcp_send():472
[20:14:13.898] 0x3c15d4bc	 free	TDATA	ethernet_fill_header():610 -> tcp_send():472
[20:14:13.898] 0x3c15d4bc	 free	TDATA	ethernet_fill_header():610 -> tcp_send():472
[20:14:13.899] [1;32muart:~$ [m[8D[JNETMEM up=480s pktRX=40/40 pktTX=15/16 bufRX=160/160/m102 bufTX=79/80/m5 sysheap_free=11208 alloc=21380 max=23836
[20:14:14.270] [1;32muart:~$ [m[8D[J[00:08:00.191,000] [0m<inf> shtc3: SHTC3: temperature=22.42 C humidity=47.73 %[0m
[20:14:14.270] [1;32muart:~$ [m[8D[J[1;32muart:~$ [m[8D[J[00:08:02.575,000] [1;31m<err> llss_client: device state HTTP 502[0m
[20:14:16.675] [1;32muart:~$ [m[8D[J[00:08:02.575,000] [1;31m<err> llss: Poll error 502[0m
[20:14:16.676] [1;32muart:~$ [m[8D[J[1;32muart:~$ [m[8D[J[00:08:07.701,000] [1;31m<err> llss_client: device state HTTP 502[0m
[20:14:21.802] [1;32muart:~$ [m[8D[J[00:08:07.701,000] [1;31m<err> llss: Poll error 502[0m
[20:14:21.802] [1;32muart:~$ [m[8D[J[1;32muart:~$ [mnet allocs
[20:14:23.679] Network memory allocations

[20:14:23.679] memory		Status	Pool	Function alloc -> freed
[20:14:23.680] 0x3c172f70/1	 used	   TX	net_ipv6_send_ns():2094
[20:14:23.680] 0x3c173ca8	 free	   RX	eth_esp32_rx():153 -> processing_data():157
[20:14:23.681] 0x3c172f28	 free	   TX	net_tcp_reply_rst():1487 -> tcp_send():472
[20:14:23.681] 0x3c15d4a0	 free	TDATA	ethernet_fill_header():610 -> tcp_send():472
[20:14:23.682] 0x3c15d510	 free	TDATA	ethernet_fill_header():610 -> tcp_send():472
[20:14:23.682] 0x3c1735e8	 free	   RX	eth_esp32_rx():153 -> processing_data():157
[20:14:23.683] 0x3c173360	 free	   RX	eth_esp32_rx():153 -> processing_data():157
[20:14:23.683] 0x3c1733f0	 free	   RX	eth_esp32_rx():153 -> processing_data():157
[20:14:23.684] 0x3c1733a8	 free	   RX	eth_esp32_rx():153 -> processing_data():157
[20:14:23.685] 0x3c173630	 free	   RX	eth_esp32_rx():153 -> processing_data():157
[20:14:23.685] 0x3c173678	 free	   RX	eth_esp32_rx():153 -> processing_data():157
[20:14:23.686] 0x3c1736c0	 free	   RX	eth_esp32_rx():153 -> processing_data():157
[20:14:23.686] 0x3c173708	 free	   RX	eth_esp32_rx():153 -> processing_data():157
[20:14:23.687] 0x3c173750	 free	   RX	eth_esp32_rx():153 -> processing_data():157
[20:14:23.687] 0x3c173798	 free	   RX	eth_esp32_rx():153 -> processing_data():157
[20:14:23.688] 0x3c1737e0	 free	   RX	eth_esp32_rx():153 -> processing_data():157
[20:14:23.688] 0x3c173828	 free	   RX	eth_esp32_rx():153 -> processing_data():157
[20:14:23.689] 0x3c173870	 free	   RX	eth_esp32_rx():153 -> processing_data():157
[20:14:23.689] 0x3c1738b8	 free	   RX	eth_esp32_rx():153 -> processing_data():157
[20:14:23.690] 0x3c173900	 free	   RX	eth_esp32_rx():153 -> processing_data():157
[20:14:23.690] 0x3c173948	 free	   RX	eth_esp32_rx():153 -> processing_data():157
[20:14:23.691] 0x3c173990	 free	   RX	eth_esp32_rx():153 -> processing_data():157
[20:14:23.693] 0x3c1739d8	 free	   RX	eth_esp32_rx():153 -> processing_data():157
[20:14:23.693] 0x3c173a20	 free	   RX	eth_esp32_rx():153 -> processing_data():157
[20:14:23.694] 0x3c173cf0	 free	   RX	eth_esp32_rx():153 -> processing_data():157
[20:14:23.694] 0x3c173ca8	 free	   RX	eth_esp32_rx():153 -> processing_data():157
[20:14:23.694] 0x3c172ee0	 free	   TX	tcp_out_ext():1573 -> tcp_send():472
[20:14:23.695] 0x3c15d4bc	 free	TDATA	ethernet_fill_header():610 -> tcp_send():472
[20:14:23.695] 0x3c1735e8	 free	   RX	eth_esp32_rx():153 -> zsock_recv_stream_immediate():1423
[20:14:23.695] 0x3c1735a0	 free	   RX	eth_esp32_rx():153 -> zsock_recv_stream_immediate():1423
[20:14:23.696] 0x3c173558	 free	   RX	eth_esp32_rx():153 -> zsock_recv_stream_immediate():1423
[20:14:23.697] 0x3c173510	 free	   RX	eth_esp32_rx():153 -> zsock_recv_stream_immediate():1423
[20:14:23.697] 0x3c1734c8	 free	   RX	eth_esp32_rx():153 -> zsock_recv_stream_immediate():1423
[20:14:23.698] 0x3c173480	 free	   RX	eth_esp32_rx():153 -> zsock_recv_stream_immediate():1423
[20:14:23.698] 0x3c172ee0	 free	   TX	tcp_out_ext():1573 -> tcp_send():472
[20:14:23.699] 0x3c15d4bc	 free	TDATA	ethernet_fill_header():610 -> tcp_send():472
[20:14:23.699] 0x3c15d4bc	 free	TDATA	ethernet_fill_header():610 -> tcp_send():472
[20:14:23.700] [1;32muart:~$ [m[8D[J[00:08:12.828,000] [1;31m<err> llss_client: device state HTTP 502[0m
[20:14:26.929] [1;32muart:~$ [m[8D[J[00:08:12.828,000] [1;31m<err> llss: Poll error 502[0m
[20:14:26.929] [1;32muart:~$ [m[8D[J[1;32muart:~$ [m[8D[J[00:08:17.970,000] [1;31m<err> llss_client: device state HTTP 502[0m
[20:14:32.072] [1;32muart:~$ [m[8D[J[00:08:17.970,000] [1;31m<err> llss: Poll error 502[0m
[20:14:32.072] [1;32muart:~$ [m[8D[J[1;32muart:~$ [m[8D[J[00:08:23.096,000] [1;31m<err> llss_client: device state HTTP 502[0m
[20:14:37.198] [1;32muart:~$ [m[8D[J[00:08:23.096,000] [1;31m<err> llss: Poll error 502[0m
[20:14:37.199] [1;32muart:~$ [m[8D[J[1;32muart:~$ [mnet allocs
[20:14:39.009] Network memory allocations

[20:14:39.009] memory		Status	Pool	Function alloc -> freed
[20:14:39.010] 0x3c172f70/1	 used	   TX	net_ipv6_send_ns():2094
[20:14:39.010] 0x3c173ca8	 free	   RX	eth_esp32_rx():153 -> processing_data():157
[20:14:39.011] 0x3c173cf0	 free	   RX	eth_esp32_rx():153 -> tcp_in():3635
[20:14:39.011] 0x3c172f28	 free	   TX	tcp_out_ext():1573 -> tcp_send():472
[20:14:39.012] 0x3c15d4a0	 free	TDATA	ethernet_fill_header():610 -> tcp_send():472
[20:14:39.012] 0x3c1735e8	 free	   RX	eth_esp32_rx():153 -> processing_data():157
[20:14:39.013] 0x3c173360	 free	   RX	eth_esp32_rx():153 -> processing_data():157
[20:14:39.013] 0x3c1733f0	 free	   RX	eth_esp32_rx():153 -> processing_data():157
[20:14:39.014] 0x3c1733a8	 free	   RX	eth_esp32_rx():153 -> processing_data():157
[20:14:39.014] 0x3c173630	 free	   RX	eth_esp32_rx():153 -> processing_data():157
[20:14:39.015] 0x3c173678	 free	   RX	eth_esp32_rx():153 -> processing_data():157
[20:14:39.015] 0x3c1736c0	 free	   RX	eth_esp32_rx():153 -> processing_data():157
[20:14:39.016] 0x3c173708	 free	   RX	eth_esp32_rx():153 -> processing_data():157
[20:14:39.016] 0x3c173750	 free	   RX	eth_esp32_rx():153 -> processing_data():157
[20:14:39.017] 0x3c173798	 free	   RX	eth_esp32_rx():153 -> processing_data():157
[20:14:39.017] 0x3c1737e0	 free	   RX	eth_esp32_rx():153 -> processing_data():157
[20:14:39.018] 0x3c173828	 free	   RX	eth_esp32_rx():153 -> processing_data():157
[20:14:39.018] 0x3c173870	 free	   RX	eth_esp32_rx():153 -> processing_data():157
[20:14:39.019] 0x3c1738b8	 free	   RX	eth_esp32_rx():153 -> processing_data():157
[20:14:39.020] 0x3c173900	 free	   RX	eth_esp32_rx():153 -> processing_data():157
[20:14:39.020] 0x3c173948	 free	   RX	eth_esp32_rx():153 -> processing_data():157
[20:14:39.021] 0x3c173990	 free	   RX	eth_esp32_rx():153 -> processing_data():157
[20:14:39.021] 0x3c1739d8	 free	   RX	eth_esp32_rx():153 -> processing_data():157
[20:14:39.022] 0x3c173a20	 free	   RX	eth_esp32_rx():153 -> processing_data():157
[20:14:39.022] 0x3c173cf0	 free	   RX	eth_esp32_rx():153 -> processing_data():157
[20:14:39.023] 0x3c173ca8	 free	   RX	eth_esp32_rx():153 -> processing_data():157
[20:14:39.023] 0x3c172ee0	 free	   TX	tcp_out_ext():1573 -> tcp_send():472
[20:14:39.024] 0x3c15d4bc	 free	TDATA	ethernet_fill_header():610 -> tcp_send():472
[20:14:39.024] 0x3c1735e8	 free	   RX	eth_esp32_rx():153 -> zsock_recv_stream_immediate():1423
[20:14:39.025] 0x3c1735a0	 free	   RX	eth_esp32_rx():153 -> zsock_recv_stream_immediate():1423
[20:14:39.026] 0x3c173558	 free	   RX	eth_esp32_rx():153 -> zsock_recv_stream_immediate():1423
[20:14:39.026] 0x3c173510	 free	   RX	eth_esp32_rx():153 -> zsock_recv_stream_immediate():1423
[20:14:39.027] 0x3c1734c8	 free	   RX	eth_esp32_rx():153 -> zsock_recv_stream_immediate():1423
[20:14:39.027] 0x3c173480	 free	   RX	eth_esp32_rx():153 -> zsock_recv_stream_immediate():1423
[20:14:39.028] 0x3c172ee0	 free	   TX	tcp_out_ext():1573 -> tcp_send():472
[20:14:39.029] 0x3c15d4bc	 free	TDATA	ethernet_fill_header():610 -> tcp_send():472
[20:14:39.029] 0x3c15d4bc	 free	TDATA	ethernet_fill_header():610 -> tcp_send():472
[20:14:39.030] [1;32muart:~$ [m[8D[J[00:08:28.222,000] [1;31m<err> llss_client: device state HTTP 502[0m
[20:14:42.323] [1;32muart:~$ [m[8D[J[00:08:28.222,000] [1;31m<err> llss: Poll error 502[0m
[20:14:42.324] [1;32muart:~$ [m[8D[J[1;32muart:~$ [m[8D[JNETMEM up=510s pktRX=40/40 pktTX=15/16 bufRX=160/160/m102 bufTX=79/80/m5 sysheap_free=11208 alloc=21380 max=23836
[20:14:44.270] [1;32muart:~$ [m[8D[J[1;32muart:~$ [m[8D[J[00:08:33.362,000] [1;31m<err> llss_client: device state HTTP 502[0m
[20:14:47.463] [1;32muart:~$ [m[8D[J[00:08:33.362,000] [1;31m<err> llss: Poll error 502[0m
[20:14:47.464] [1;32muart:~$ [m[8D[J[1;32muart:~$ [m[8D[J[00:08:38.492,000] [1;31m<err> llss_client: device state HTTP 502[0m
[20:14:52.594] [1;32muart:~$ [m[8D[J[00:08:38.492,000] [1;31m<err> llss: Poll error 502[0m
[20:14:52.594] [1;32muart:~$ [m[8D[J[1;32muart:~$ [m[8D[J[00:08:43.615,000] [1;31m<err> llss_client: device state HTTP 502[0m
[20:14:57.717] [1;32muart:~$ [m[8D[J[00:08:43.615,000] [1;31m<err> llss: Poll error 502[0m
[20:14:57.717] [1;32muart:~$ [m[8D[J[1;32muart:~$ [m[8D[J[00:08:48.738,000] [1;31m<err> llss_client: device state HTTP 502[0m
[20:15:02.839] [1;32muart:~$ [m[8D[J[00:08:48.738,000] [1;31m<err> llss: Poll error 502[0m
[20:15:02.839] [1;32muart:~$ [m[8D[J[1;32muart:~$ [m[8D[J[00:08:53.879,000] [1;31m<err> llss_client: device state HTTP 502[0m
[20:15:07.980] [1;32muart:~$ [m[8D[J[00:08:53.879,000] [1;31m<err> llss: Poll error 502[0m
[20:15:07.981] [1;32muart:~$ [m[8D[J[1;32muart:~$ [m[8D[J[00:08:59.010,000] [1;31m<err> llss_client: device state HTTP 502[0m
[20:15:13.111] [1;32muart:~$ [m[8D[J[00:08:59.010,000] [1;31m<err> llss: Poll error 502[0m
[20:15:13.112] [1;32muart:~$ [m[8D[J[1;32muart:~$ [m[8D[JNETMEM up=540s pktRX=40/40 pktTX=15/16 bufRX=160/160/m102 bufTX=79/80/m5 sysheap_free=11208 alloc=21380 max=23836
[20:15:14.271] [1;32muart:~$ [m[8D[J[00:09:00.194,000] [0m<inf> shtc3: SHTC3: temperature=22.42 C humidity=47.25 %[0m
[20:15:14.271] [1;32muart:~$ [m[8D[J[1;32muart:~$ [m[8D[J[00:09:04.150,000] [1;31m<err> llss_client: device state HTTP 502[0m
[20:15:18.251] [1;32muart:~$ [m[8D[J[00:09:04.150,000] [1;31m<err> llss: Poll error 502[0m
[20:15:18.251] [1;32muart:~$ [m[8D[J[1;32muart:~$ [m[8D[J[00:09:09.273,000] [1;31m<err> llss_client: device state HTTP 502[0m
[20:15:23.375] [1;32muart:~$ [m[8D[J[00:09:09.273,000] [1;31m<err> llss: Poll error 502[0m
[20:15:23.375] [1;32muart:~$ [m[8D[J[1;32muart:~$ [m[8D[J[00:09:14.404,000] [1;31m<err> llss_client: device state HTTP 502[0m
[20:15:28.507] [1;32muart:~$ [m[8D[J[00:09:14.404,000] [1;31m<err> llss: Poll error 502[0m
[20:15:28.508] [1;32muart:~$ [m[8D[J[1;32muart:~$ [m[8D[J[00:09:19.536,000] [1;31m<err> llss_client: device state HTTP 502[0m
[20:15:33.637] [1;32muart:~$ [m[8D[J[00:09:19.536,000] [1;31m<err> llss: Poll error 502[0m
[20:15:33.638] [1;32muart:~$ [m[8D[J[1;32muart:~$ [m[8D[J[00:09:24.674,000] [1;31m<err> llss_client: device state HTTP 502[0m
[20:15:38.775] [1;32muart:~$ [m[8D[J[00:09:24.674,000] [1;31m<err> llss: Poll error 502[0m
[20:15:38.776] [1;32muart:~$ [m[8D[J[1;32muart:~$ [m[8D[J[00:09:29.868,000] [1;31m<err> llss_client: device state HTTP 502[0m
[20:15:43.969] [1;32muart:~$ [m[8D[J[00:09:29.868,000] [1;31m<err> llss: Poll error 502[0m
[20:15:43.970] [1;32muart:~$ [m[8D[JNETMEM up=570s pktRX=40/40 pktTX=15/16 bufRX=160/160/m102 bufTX=79/80/m5 sysheap_free=11208 alloc=21380 max=23836
[20:15:43.971] [1;32muart:~$ [m[8D[J[1;32muart:~$ [m[8D[J[00:09:34.981,000] [1;31m<err> llss_client: device state HTTP 502[0m
[20:15:49.083] [1;32muart:~$ [m[8D[J[00:09:34.981,000] [1;31m<err> llss: Poll error 502[0m
[20:15:49.083] [1;32muart:~$ [m[8D[J[1;32muart:~$ [m[8D[J[00:09:40.087,000] [1;31m<err> llss_client: device state HTTP 502[0m
[20:15:54.189] [1;32muart:~$ [m[8D[J[00:09:40.087,000] [1;31m<err> llss: Poll error 502[0m
[20:15:54.190] [1;32muart:~$ [m[8D[J[1;32muart:~$ [m[8D[J[00:09:45.193,000] [1;31m<err> llss_client: device state HTTP 502[0m
[20:15:59.295] [1;32muart:~$ [m[8D[J[00:09:45.193,000] [1;31m<err> llss: Poll error 502[0m
[20:15:59.296] [1;32muart:~$ [m[8D[J[1;32muart:~$ [m[8D[J[00:09:50.377,000] [1;31m<err> llss_client: device state HTTP 502[0m
[20:16:04.479] [1;32muart:~$ [m[8D[J[00:09:50.377,000] [1;31m<err> llss: Poll error 502[0m
[20:16:04.480] [1;32muart:~$ [m[8D[J[00:09:50.377,000] [1;33m<wrn> net_watchdog: Watchdog soft reset (offline 424s) — session + DNS[0m
[20:16:04.481] [1;32muart:~$ [m[8D[J[00:09:50.379,000] [1;33m<wrn> llss_client: DNS resolver reset (1 server)[0m
[20:16:04.482] [1;32muart:~$ [m[8D[J[1;32muart:~$ [m[8D[J[00:09:55.503,000] [1;31m<err> llss_client: device state HTTP 502[0m
[20:16:09.604] [1;32muart:~$ [m[8D[J[00:09:55.503,000] [1;31m<err> llss: Poll error 502[0m
[20:16:09.605] [1;32muart:~$ [m[8D[J[1;32muart:~$ [m[8D[JNETMEM up=600s pktRX=40/40 pktTX=15/16 bufRX=160/160/m102 bufTX=79/80/m5 sysheap_free=11208 alloc=21380 max=23836
[20:16:13.277] [1;32muart:~$ [m[8D[JThread analyze:
[20:16:13.277] [1;32muart:~$ [m[8D[J wdt_sentinel_tid    : STACK: unused 432 usage 336 / 768 (43 %); CPU: 0 %
[20:16:13.278] [1;32muart:~$ [m[8D[J                     : Total CPU cycles used: 4193821
[20:16:13.279] [1;32muart:~$ [m[8D[J thread_analyzer     : STACK: unused 112 usage 912 / 1024 (89 %); CPU: 0 %
[20:16:13.280] [1;32muart:~$ [m[8D[J                     : Total CPU cycles used: 1563913
[20:16:13.280] [1;32muart:~$ [m[8D[J sys_wdt_tid         : STACK: unused 704 usage 320 / 1024 (31 %); CPU: 0 %
[20:16:13.281] [1;32muart:~$ [m[8D[J                     : Total CPU cycles used: 932633
[20:16:13.282] [1;32muart:~$ [m[8D[J shtc3_thread        : STACK: unused 1360 usage 688 / 2048 (33 %); CPU: 0 %
[20:16:13.282] [1;32muart:~$ [m[8D[J                     : Total CPU cycles used: 619920
[20:16:13.283] [1;32muart:~$ [m[8D[J ntp_thread          : STACK: unused 2464 usage 1632 / 4096 (39 %); CPU: 0 %
[20:16:13.284] [1;32muart:~$ [m[8D[J                     : Total CPU cycles used: 1546234
[20:16:13.285] [1;32muart:~$ [m[8D[J netmem_tid          : STACK: unused 624 usage 656 / 1280 (51 %); CPU: 0 %
[20:16:13.285] [1;32muart:~$ [m[8D[J                     : Total CPU cycles used: 574688
[20:16:13.286] [1;32muart:~$ [m[8D[J llss_thread         : STACK: unused 11584 usage 4800 / 16384 (29 %); CPU: 1 %
[20:16:13.287] [1;32muart:~$ [m[8D[J                     : Total CPU cycles used: 1832474029
[20:16:13.287] [1;32muart:~$ [m[8D[J input               : STACK: unused 688 usage 336 / 1024 (32 %); CPU: 0 %
[20:16:13.288] [1;32muart:~$ [m[8D[J                     : Total CPU cycles used: 25302
[20:16:13.289] [1;32muart:~$ [m[8D[J display_thread      : STACK: unused 8640 usage 3648 / 12288 (29 %); CPU: 0 %
[20:16:13.290] [1;32muart:~$ [m[8D[J                     : Total CPU cycles used: 258962209
[20:16:13.290] [1;32muart:~$ [m[8D[J device_ui_thread    : STACK: unused 7584 usage 608 / 8192 (7 %); CPU: 0 %
[20:16:13.291] [1;32muart:~$ [m[8D[J                     : Total CPU cycles used: 371441
[20:16:13.292] [1;32muart:~$ [m[8D[J conn_mgr_monitor    : STACK: unused 176 usage 336 / 512 (65 %); CPU: 0 %
[20:16:13.293] [1;32muart:~$ [m[8D[J                     : Total CPU cycles used: 84110
[20:16:13.293] [1;32muart:~$ [m[8D[J net_socket_service  : STACK: unused 3344 usage 752 / 4096 (18 %); CPU: 0 %
[20:16:13.294] [1;32muart:~$ [m[8D[J                     : Total CPU cycles used: 2562774
[20:16:13.295] [1;32muart:~$ [m[8D[J rx_q[0]             : STACK: unused 496 usage 1552 / 2048 (75 %); CPU: 0 %
[20:16:13.295] [1;32muart:~$ [m[8D[J                     : Total CPU cycles used: 372622205
[20:16:13.296] [1;32muart:~$ [m[8D[J net_mgmt            : STACK: unused 3424 usage 672 / 4096 (16 %); CPU: 0 %
[20:16:13.297] [1;32muart:~$ [m[8D[J                     : Total CPU cycles used: 504534
[20:16:13.297] [1;32muart:~$ [m[8D[J tcp_work            : STACK: unused 1232 usage 816 / 2048 (39 %); CPU: 0 %
[20:16:13.299] [1;32muart:~$ [m[8D[J                     : Total CPU cycles used: 4898318
[20:16:13.299] [1;32muart:~$ [m[8D[J shell_uart          : STACK: unused 2384 usage 1712 / 4096 (41 %); CPU: 0 %
[20:16:13.300] [1;32muart:~$ [m[8D[J                     : Total CPU cycles used: 38926960
[20:16:13.301] [1;32muart:~$ [m[8D[J wifi                : STACK: unused 1440 usage 2144 / 3584 (59 %); CPU: 1 %
[20:16:13.301] [1;32muart:~$ [m[8D[J                     : Total CPU cycles used: 1525856084
[20:16:13.302] [1;32muart:~$ [m[8D[J sysworkq            : STACK: unused 3232 usage 864 / 4096 (21 %); CPU: 0 %
[20:16:13.303] [1;32muart:~$ [m[8D[J                     : Total CPU cycles used: 14061191
[20:16:13.303] [1;32muart:~$ [m[8D[J esp_timer           : STACK: unused 3568 usage 528 / 4096 (12 %); CPU: 0 %
[20:16:13.304] [1;32muart:~$ [m[8D[J                     : Total CPU cycles used: 60354406
[20:16:13.305] [1;32muart:~$ [m[8D[J logging             : STACK: unused 544 usage 480 / 1024 (46 %); CPU: 0 %
[20:16:13.306] [1;32muart:~$ [m[8D[J                     : Total CPU cycles used: 4363622
[20:16:13.306] [1;32muart:~$ [m[8D[J idle                : STACK: unused 816 usage 208 / 1024 (20 %); CPU: 96 %
[20:16:13.307] [1;32muart:~$ [m[8D[J                     : Total CPU cycles used: 139549633164
[20:16:13.308] [1;32muart:~$ [m[8D[J ISR0                : STACK: unused 1520 usage 528 / 2048 (25 %); CPU: 0 %
[20:16:13.309] [1;32muart:~$ [m[8D[J                     : Total CPU cycles used: 0
[20:16:13.309] [1;32muart:~$ [m[8D[J[00:10:00.197,000] [0m<inf> shtc3: SHTC3: temperature=22.41 C humidity=48.58 %[0m
[20:16:13.310] [1;32muart:~$ [m[8D[J[1;32muart:~$ [m[8D[J[1;32muart:~$ [m[8D[J[00:10:00.605,000] [1;31m<err> llss_client: device state HTTP 502[0m
[20:16:14.707] [1;32muart:~$ [m[8D[J[00:10:00.605,000] [1;31m<err> llss: Poll error 502[0m
[20:16:14.708] [1;32muart:~$ [m[8D[J[1;32muart:~$ [m[8D[J[00:10:05.720,000] [1;31m<err> llss_client: device state HTTP 502[0m
[20:16:19.821] [1;32muart:~$ [m[8D[J[00:10:05.720,000] [1;31m<err> llss: Poll error 502[0m
[20:16:19.822] [1;32muart:~$ [m[8D[J[1;32muart:~$ [mnet alo[1D[Jlocs
[20:16:22.925] Network memory allocations

[20:16:22.926] memory		Status	Pool	Function alloc -> freed
[20:16:22.926] 0x3c172f70/1	 used	   TX	net_ipv6_send_ns():2094
[20:16:22.927] 0x3c173cf0	 free	   RX	eth_esp32_rx():153 -> processing_data():157
[20:16:22.927] 0x3c173ca8	 free	   RX	eth_esp32_rx():153 -> tcp_in():3635
[20:16:22.928] 0x3c172f28	 free	   TX	tcp_out_ext():1573 -> tcp_send():472
[20:16:22.928] 0x3c15d4a0	 free	TDATA	ethernet_fill_header():610 -> tcp_send():472
[20:16:22.929] 0x3c1735e8	 free	   RX	eth_esp32_rx():153 -> processing_data():157
[20:16:22.929] 0x3c173360	 free	   RX	eth_esp32_rx():153 -> processing_data():157
[20:16:22.930] 0x3c1733f0	 free	   RX	eth_esp32_rx():153 -> processing_data():157
[20:16:22.930] 0x3c1733a8	 free	   RX	eth_esp32_rx():153 -> processing_data():157
[20:16:22.931] 0x3c173630	 free	   RX	eth_esp32_rx():153 -> processing_data():157
[20:16:22.931] 0x3c173678	 free	   RX	eth_esp32_rx():153 -> processing_data():157
[20:16:22.932] 0x3c1736c0	 free	   RX	eth_esp32_rx():153 -> processing_data():157
[20:16:22.932] 0x3c173708	 free	   RX	eth_esp32_rx():153 -> processing_data():157
[20:16:22.933] 0x3c173750	 free	   RX	eth_esp32_rx():153 -> processing_data():157
[20:16:22.933] 0x3c173798	 free	   RX	eth_esp32_rx():153 -> processing_data():157
[20:16:22.934] 0x3c1737e0	 free	   RX	eth_esp32_rx():153 -> processing_data():157
[20:16:22.934] 0x3c173828	 free	   RX	eth_esp32_rx():153 -> processing_data():157
[20:16:22.935] 0x3c173870	 free	   RX	eth_esp32_rx():153 -> processing_data():157
[20:16:22.936] 0x3c1738b8	 free	   RX	eth_esp32_rx():153 -> processing_data():157
[20:16:22.936] 0x3c173900	 free	   RX	eth_esp32_rx():153 -> processing_data():157
[20:16:22.937] 0x3c173948	 free	   RX	eth_esp32_rx():153 -> processing_data():157
[20:16:22.937] 0x3c173990	 free	   RX	eth_esp32_rx():153 -> processing_data():157
[20:16:22.938] 0x3c1739d8	 free	   RX	eth_esp32_rx():153 -> processing_data():157
[20:16:22.938] 0x3c173a20	 free	   RX	eth_esp32_rx():153 -> processing_data():157
[20:16:22.939] 0x3c173cf0	 free	   RX	eth_esp32_rx():153 -> processing_data():157
[20:16:22.939] 0x3c173ca8	 free	   RX	eth_esp32_rx():153 -> processing_data():157
[20:16:22.940] 0x3c172ee0	 free	   TX	tcp_out_ext():1573 -> tcp_send():472
[20:16:22.940] 0x3c15d4bc	 free	TDATA	ethernet_fill_header():610 -> tcp_send():472
[20:16:22.941] 0x3c1735e8	 free	   RX	eth_esp32_rx():153 -> zsock_recv_stream_immediate():1423
[20:16:22.941] 0x3c1735a0	 free	   RX	eth_esp32_rx():153 -> zsock_recv_stream_immediate():1423
[20:16:22.942] 0x3c173558	 free	   RX	eth_esp32_rx():153 -> zsock_recv_stream_immediate():1423
[20:16:22.943] 0x3c173510	 free	   RX	eth_esp32_rx():153 -> zsock_recv_stream_immediate():1423
[20:16:22.943] 0x3c1734c8	 free	   RX	eth_esp32_rx():153 -> zsock_recv_stream_immediate():1423
[20:16:22.944] 0x3c173480	 free	   RX	eth_esp32_rx():153 -> zsock_recv_stream_immediate():1423
[20:16:22.945] 0x3c172ee0	 free	   TX	tcp_out_ext():1573 -> tcp_send():472
[20:16:22.945] 0x3c15d4bc	 free	TDATA	ethernet_fill_header():610 -> tcp_send():472
[20:16:22.946] 0x3c15d4bc	 free	TDATA	ethernet_fill_header():610 -> tcp_send():472
[20:16:22.946] [1;32muart:~$ [m[8D[J[00:10:10.829,000] [1;31m<err> llss_client: device state HTTP 502[0m
[20:16:24.930] [1;32muart:~$ [m[8D[J[00:10:10.829,000] [1;31m<err> llss: Poll error 502[0m
[20:16:24.931] [1;32muart:~$ [m[8D[J[1;32muart:~$ [m[8D[J[00:10:15.943,000] [1;31m<err> llss_client: device state HTTP 502[0m
[20:16:30.045] [1;32muart:~$ [m[8D[J[00:10:15.943,000] [1;31m<err> llss: Poll error 502[0m
[20:16:30.045] [1;32muart:~$ [m[8D[J[1;32muart:~$ [m[8D[J[00:10:21.051,000] [1;31m<err> llss_client: device state HTTP 502[0m
[20:16:35.153] [1;32muart:~$ [m[8D[J[00:10:21.051,000] [1;31m<err> llss: Poll error 502[0m
[20:16:35.154] [1;32muart:~$ [m[8D[J[1;32muart:~$ [m[8D[J[00:10:26.149,000] [1;31m<err> llss_client: device state HTTP 502[0m
[20:16:40.251] [1;32muart:~$ [m[8D[J[00:10:26.149,000] [1;31m<err> llss: Poll error 502[0m
[20:16:40.252] [1;32muart:~$ [m[8D[J[1;32muart:~$ [m[8D[JNETMEM up=630s pktRX=40/40 pktTX=15/16 bufRX=160/160/m102 bufTX=79/80/m5 sysheap_free=11208 alloc=21380 max=23836
[20:16:44.280] [1;32muart:~$ [m[8D[J[1;32muart:~$ [m[8D[J[00:10:31.266,000] [1;31m<err> llss_client: device state HTTP 502[0m
[20:16:45.368] [1;32muart:~$ [m[8D[J[00:10:31.266,000] [1;31m<err> llss: Poll error 502[0m
[20:16:45.369] [1;32muart:~$ [m[8D[J[1;32muart:~$ [m[8D[J[00:10:36.415,000] [1;31m<err> llss_client: device state HTTP 502[0m
[20:16:50.517] [1;32muart:~$ [m[8D[J[00:10:36.415,000] [1;31m<err> llss: Poll error 502[0m
[20:16:50.517] [1;32muart:~$ [m[8D[J[1;32muart:~$ [m[8D[J[00:10:41.518,000] [1;31m<err> llss_client: device state HTTP 502[0m
[20:16:55.624] [1;32muart:~$ [m[8D[J[00:10:41.522,000] [1;31m<err> llss: Poll error 502[0m
[20:16:55.625] [1;32muart:~$ [m[8D[J[1;32muart:~$ [m[8D[J[00:10:46.627,000] [1;31m<err> llss_client: device state HTTP 502[0m
[20:17:00.730] [1;32muart:~$ [m[8D[J[00:10:46.627,000] [1;31m<err> llss: Poll error 502[0m
[20:17:00.730] [1;32muart:~$ [m[8D[J[1;32muart:~$ [m[8D[J[00:10:51.742,000] [1;31m<err> llss_client: device state HTTP 502[0m
[20:17:05.845] [1;32muart:~$ [m[8D[J[00:10:51.742,000] [1;31m<err> llss: Poll error 502[0m
[20:17:05.845] [1;32muart:~$ [m[8D[J[1;32muart:~$ [m[8D[J[00:10:56.843,000] [1;31m<err> llss_client: device state HTTP 502[0m
[20:17:10.945] [1;32muart:~$ [m[8D[J[00:10:56.843,000] [1;31m<err> llss: Poll error 502[0m
[20:17:10.945] [1;32muart:~$ [m[8D[J[1;32muart:~$ [m[8D[JNETMEM up=660s pktRX=39/40 pktTX=15/16 bufRX=159/160/m102 bufTX=79/80/m5 sysheap_free=11208 alloc=21380 max=23836
[20:17:14.272] [1;32muart:~$ [m[8D[J[00:11:00.200,000] [0m<inf> shtc3: SHTC3: temperature=22.53 C humidity=47.43 %[0m
[20:17:14.273] [1;32muart:~$ [m[8D[J[1;32muart:~$ [m[8D[J[00:11:01.950,000] [1;31m<err> llss_client: device state HTTP 502[0m
[20:17:16.053] [1;32muart:~$ [m[8D[J[00:11:01.950,000] [1;31m<err> llss: Poll error 502[0m
[20:17:16.053] [1;32muart:~$ [m[8D[J[1;32muart:~$ [m[8D[J[00:11:07.060,000] [1;31m<err> llss_client: device state HTTP 502[0m
[20:17:21.163] [1;32muart:~$ [m[8D[J[00:11:07.061,000] [1;31m<err> llss: Poll error 502[0m
[20:17:21.163] [1;32muart:~$ [m[8D[J[1;32muart:~$ [m[8D[J[00:11:12.170,000] [1;31m<err> llss_client: device state HTTP 502[0m
[20:17:26.272] [1;32muart:~$ [m[8D[J[00:11:12.170,000] [1;31m<err> llss: Poll error 502[0m
[20:17:26.273] [1;32muart:~$ [m[8D[J[1;32muart:~$ [m[8D[J[00:11:17.287,000] [1;31m<err> llss_client: device state HTTP 502[0m
[20:17:31.389] [1;32muart:~$ [m[8D[J[00:11:17.287,000] [1;31m<err> llss: Poll error 502[0m
[20:17:31.389] [1;32muart:~$ [m[8D[J[1;32muart:~$ [mnet[11D[J[00:11:22.393,000] [1;31m<err> llss_client: device state HTTP 502[0m
[20:17:36.495] [1;32muart:~$ [mnet allocs
[20:17:40.951] Network memory allocations

[20:17:40.951] memory		Status	Pool	Function alloc -> freed
[20:17:40.952] 0x3c173cf0/1	 used	   RX	eth_esp32_rx():153
[20:17:40.952] 0x3c172f70/1	 used	   TX	net_ipv6_send_ns():2094
[20:17:40.952] 0x3c173ca8	 free	   RX	eth_esp32_rx():153 -> processing_data():157
[20:17:40.953] 0x3c173a20	 free	   RX	eth_esp32_rx():153 -> tcp_in():3635
[20:17:40.953] 0x3c172f28	 free	   TX	tcp_out_ext():1573 -> tcp_send():472
[20:17:40.954] 0x3c15d4a0	 free	TDATA	ethernet_fill_header():610 -> tcp_send():472
[20:17:40.954] 0x3c173360	 free	   RX	eth_esp32_rx():153 -> processing_data():157
[20:17:40.955] 0x3c1733f0	 free	   RX	eth_esp32_rx():153 -> processing_data():157
[20:17:40.956] 0x3c1733a8	 free	   RX	eth_esp32_rx():153 -> processing_data():157
[20:17:40.956] 0x3c173630	 free	   RX	eth_esp32_rx():153 -> processing_data():157
[20:17:40.957] 0x3c173678	 free	   RX	eth_esp32_rx():153 -> processing_data():157
[20:17:40.957] 0x3c1736c0	 free	   RX	eth_esp32_rx():153 -> processing_data():157
[20:17:40.958] 0x3c173708	 free	   RX	eth_esp32_rx():153 -> processing_data():157
[20:17:40.958] 0x3c173750	 free	   RX	eth_esp32_rx():153 -> processing_data():157
[20:17:40.959] 0x3c173798	 free	   RX	eth_esp32_rx():153 -> processing_data():157
[20:17:40.959] 0x3c1737e0	 free	   RX	eth_esp32_rx():153 -> processing_data():157
[20:17:40.960] 0x3c173828	 free	   RX	eth_esp32_rx():153 -> processing_data():157
[20:17:40.960] 0x3c173870	 free	   RX	eth_esp32_rx():153 -> processing_data():157
[20:17:40.961] 0x3c1738b8	 free	   RX	eth_esp32_rx():153 -> processing_data():157
[20:17:40.961] 0x3c173900	 free	   RX	eth_esp32_rx():153 -> processing_data():157
[20:17:40.962] 0x3c173948	 free	   RX	eth_esp32_rx():153 -> processing_data():157
[20:17:40.962] 0x3c173990	 free	   RX	eth_esp32_rx():153 -> processing_data():157
[20:17:40.963] 0x3c1739d8	 free	   RX	eth_esp32_rx():153 -> processing_data():157
[20:17:40.963] 0x3c173a20	 free	   RX	eth_esp32_rx():153 -> processing_data():157
[20:17:40.964] 0x3c173cf0	 free	   RX	eth_esp32_rx():153 -> processing_data():157
[20:17:40.965] 0x3c173ca8	 free	   RX	eth_esp32_rx():153 -> processing_data():157
[20:17:40.965] 0x3c172ee0	 free	   TX	tcp_out_ext():1573 -> tcp_send():472
[20:17:40.966] 0x3c15d4bc	 free	TDATA	ethernet_fill_header():610 -> tcp_send():472
[20:17:40.966] 0x3c1735e8	 free	   RX	eth_esp32_rx():153 -> zsock_recv_stream_immediate():1423
[20:17:40.967] 0x3c1735a0	 free	   RX	eth_esp32_rx():153 -> zsock_recv_stream_immediate():1423
[20:17:40.967] 0x3c173558	 free	   RX	eth_esp32_rx():153 -> zsock_recv_stream_immediate():1423
[20:17:40.968] 0x3c173510	 free	   RX	eth_esp32_rx():153 -> zsock_recv_stream_immediate():1423
[20:17:40.969] 0x3c1734c8	 free	   RX	eth_esp32_rx():153 -> zsock_recv_stream_immediate():1423
[20:17:40.969] 0x3c173480	 free	   RX	eth_esp32_rx():153 -> zsock_recv_stream_immediate():1423
[20:17:40.970] 0x3c172ee0	 free	   TX	tcp_out_ext():1573 -> tcp_send():472
[20:17:40.970] 0x3c15d4bc	 free	TDATA	ethernet_fill_header():610 -> tcp_send():472
[20:17:40.971] 0x3c15d4bc	 free	TDATA	ethernet_fill_header():610 -> tcp_send():472
[20:17:40.971] [1;32muart:~$ [m[8D[J[00:11:22.393,000] [1;31m<err> llss: Poll error 502[0m
[20:17:41.606] [1;32muart:~$ [m[8D[J[00:11:27.504,000] [1;31m<err> llss_client: device state HTTP 502[0m
[20:17:41.607] [1;32muart:~$ [m[8D[J[00:11:27.504,000] [1;31m<err> llss: Poll error 502[0m
[20:17:41.608] [1;32muart:~$ [m[8D[J[1;32muart:~$ [m[8D[JNETMEM up=690s pktRX=39/40 pktTX=15/16 bufRX=159/160/m102 bufTX=79/80/m5 sysheap_free=11208 alloc=21380 max=23836
[20:17:44.273] [1;32muart:~$ [m[8D[J[1;32muart:~$ [mnet  [13D[J[00:11:32.620,000] [1;31m<err> llss_client: device state HTTP 502[0m
[20:17:46.723] [1;32muart:~$ [mnet  [13D[J[00:11:32.620,000] [1;31m<err> llss: Poll error 502[0m
[20:17:46.738] [1;32muart:~$ [mnet  [13D[J[1;32muart:~$ [mnet  allocs
[20:17:48.600] Network memory allocations

[20:17:48.600] memory		Status	Pool	Function alloc -> freed
[20:17:48.601] 0x3c173cf0/1	 used	   RX	eth_esp32_rx():153
[20:17:48.601] 0x3c172f70/1	 used	   TX	net_ipv6_send_ns():2094
[20:17:48.601] 0x3c173ca8	 free	   RX	eth_esp32_rx():153 -> processing_data():157
[20:17:48.602] 0x3c173a20	 free	   RX	eth_esp32_rx():153 -> tcp_in():3635
[20:17:48.602] 0x3c172f28	 free	   TX	tcp_out_ext():1573 -> tcp_send():472
[20:17:48.603] 0x3c15d4a0	 free	TDATA	ethernet_fill_header():610 -> tcp_send():472
[20:17:48.603] 0x3c173360	 free	   RX	eth_esp32_rx():153 -> processing_data():157
[20:17:48.604] 0x3c1733f0	 free	   RX	eth_esp32_rx():153 -> processing_data():157
[20:17:48.604] 0x3c1733a8	 free	   RX	eth_esp32_rx():153 -> processing_data():157
[20:17:48.605] 0x3c173630	 free	   RX	eth_esp32_rx():153 -> processing_data():157
[20:17:48.605] 0x3c173678	 free	   RX	eth_esp32_rx():153 -> processing_data():157
[20:17:48.606] 0x3c1736c0	 free	   RX	eth_esp32_rx():153 -> processing_data():157
[20:17:48.607] 0x3c173708	 free	   RX	eth_esp32_rx():153 -> processing_data():157
[20:17:48.607] 0x3c173750	 free	   RX	eth_esp32_rx():153 -> processing_data():157
[20:17:48.608] 0x3c173798	 free	   RX	eth_esp32_rx():153 -> processing_data():157
[20:17:48.608] 0x3c1737e0	 free	   RX	eth_esp32_rx():153 -> processing_data():157
[20:17:48.609] 0x3c173828	 free	   RX	eth_esp32_rx():153 -> processing_data():157
[20:17:48.609] 0x3c173870	 free	   RX	eth_esp32_rx():153 -> processing_data():157
[20:17:48.610] 0x3c1738b8	 free	   RX	eth_esp32_rx():153 -> processing_data():157
[20:17:48.610] 0x3c173900	 free	   RX	eth_esp32_rx():153 -> processing_data():157
[20:17:48.611] 0x3c173948	 free	   RX	eth_esp32_rx():153 -> processing_data():157
[20:17:48.611] 0x3c173990	 free	   RX	eth_esp32_rx():153 -> processing_data():157
[20:17:48.612] 0x3c1739d8	 free	   RX	eth_esp32_rx():153 -> processing_data():157
[20:17:48.612] 0x3c173a20	 free	   RX	eth_esp32_rx():153 -> processing_data():157
[20:17:48.613] 0x3c173cf0	 free	   RX	eth_esp32_rx():153 -> processing_data():157
[20:17:48.613] 0x3c173ca8	 free	   RX	eth_esp32_rx():153 -> processing_data():157
[20:17:48.614] 0x3c172ee0	 free	   TX	tcp_out_ext():1573 -> tcp_send():472
[20:17:48.614] 0x3c15d4bc	 free	TDATA	ethernet_fill_header():610 -> tcp_send():472
[20:17:48.615] 0x3c1735e8	 free	   RX	eth_esp32_rx():153 -> zsock_recv_stream_immediate():1423
[20:17:48.616] 0x3c1735a0	 free	   RX	eth_esp32_rx():153 -> zsock_recv_stream_immediate():1423
[20:17:48.617] 0x3c173558	 free	   RX	eth_esp32_rx():153 -> zsock_recv_stream_immediate():1423
[20:17:48.617] 0x3c173510	 free	   RX	eth_esp32_rx():153 -> zsock_recv_stream_immediate():1423
[20:17:48.617] 0x3c1734c8	 free	   RX	eth_esp32_rx():153 -> zsock_recv_stream_immediate():1423
[20:17:48.618] 0x3c173480	 free	   RX	eth_esp32_rx():153 -> zsock_recv_stream_immediate():1423
[20:17:48.619] 0x3c172ee0	 free	   TX	tcp_out_ext():1573 -> tcp_send():472
[20:17:48.619] 0x3c15d4bc	 free	TDATA	ethernet_fill_header():610 -> tcp_send():472
[20:17:48.620] 0x3c15d4bc	 free	TDATA	ethernet_fill_header():610 -> tcp_send():472
[20:17:48.620] [1;32muart:~$ [m[8D[J[00:11:37.731,000] [1;31m<err> llss_client: device state HTTP 502[0m
[20:17:51.833] [1;32muart:~$ [m[8D[J[00:11:37.731,000] [1;31m<err> llss: Poll error 502[0m
[20:17:51.834] [1;32muart:~$ [m[8D[J[1;32muart:~$ [m[8D[J[00:11:42.861,000] [1;31m<err> llss_client: device state HTTP 502[0m
[20:17:56.963] [1;32muart:~$ [m[8D[J[00:11:42.861,000] [1;31m<err> llss: Poll error 502[0m
[20:17:56.964] [1;32muart:~$ [m[8D[J[1;32muart:~$ [m[8D[J[00:11:47.959,000] [1;31m<err> llss_client: device state HTTP 502[0m
[20:18:02.062] [1;32muart:~$ [m[8D[J[00:11:47.959,000] [1;31m<err> llss: Poll error 502[0m
[20:18:02.062] [1;32muart:~$ [m[8D[J[1;32muart:~$ [m[8D[J[00:11:53.060,000] [1;31m<err> llss_client: device state HTTP 502[0m
[20:18:07.163] [1;32muart:~$ [m[8D[J[00:11:53.060,000] [1;31m<err> llss: Poll error 502[0m
[20:18:07.163] [1;32muart:~$ [m[8D[J[1;32muart:~$ [m[8D[J[00:11:58.183,000] [1;31m<err> llss_client: device state HTTP 502[0m
[20:18:12.285] [1;32muart:~$ [m[8D[J[00:11:58.183,000] [1;31m<err> llss: Poll error 502[0m
[20:18:12.286] [1;32muart:~$ [m[8D[J[1;32muart:~$ [mnet al[14D[JNETMEM up=720s pktRX=39/40 pktTX=15/16 bufRX=159/160/m102 bufTX=79/80/m5 sysheap_free=11208 alloc=21380 max=23836
[20:18:14.273] [1;32muart:~$ [mnet al[14D[J[00:12:00.203,000] [0m<inf> shtc3: SHTC3: temperature=22.22 C humidity=47.36 %[0m
[20:18:14.289] [1;32muart:~$ [mnet al[14D[J[1;32muart:~$ [mnet allocs[18D[J[00:12:03.293,000] [1;31m<err> llss_client: device state HTTP 502[0m
[20:18:17.395] [1;32muart:~$ [mnet allocs[18D[J[00:12:03.293,000] [1;31m<err> llss: Poll error 502[0m
[20:18:17.411] [1;32muart:~$ [mnet allocs[18D[J[1;32muart:~$ [mnet allocs
[20:18:18.644] Network memory allocations

[20:18:18.644] memory		Status	Pool	Function alloc -> freed
[20:18:18.645] 0x3c173cf0/1	 used	   RX	eth_esp32_rx():153
[20:18:18.645] 0x3c172f70/1	 used	   TX	net_ipv6_send_ns():2094
[20:18:18.646] 0x3c173ca8	 free	   RX	eth_esp32_rx():153 -> processing_data():157
[20:18:18.646] 0x3c173a20	 free	   RX	eth_esp32_rx():153 -> tcp_in():3635
[20:18:18.646] 0x3c172f28	 free	   TX	tcp_out_ext():1573 -> tcp_send():472
[20:18:18.647] 0x3c15d4a0	 free	TDATA	ethernet_fill_header():610 -> tcp_send():472
[20:18:18.648] 0x3c173360	 free	   RX	eth_esp32_rx():153 -> processing_data():157
[20:18:18.649] 0x3c1733f0	 free	   RX	eth_esp32_rx():153 -> processing_data():157
[20:18:18.649] 0x3c1733a8	 free	   RX	eth_esp32_rx():153 -> processing_data():157
[20:18:18.649] 0x3c173630	 free	   RX	eth_esp32_rx():153 -> processing_data():157
[20:18:18.650] 0x3c173678	 free	   RX	eth_esp32_rx():153 -> processing_data():157
[20:18:18.650] 0x3c1736c0	 free	   RX	eth_esp32_rx():153 -> processing_data():157
[20:18:18.651] 0x3c173708	 free	   RX	eth_esp32_rx():153 -> processing_data():157
[20:18:18.651] 0x3c173750	 free	   RX	eth_esp32_rx():153 -> processing_data():157
[20:18:18.652] 0x3c173798	 free	   RX	eth_esp32_rx():153 -> processing_data():157
[20:18:18.652] 0x3c1737e0	 free	   RX	eth_esp32_rx():153 -> processing_data():157
[20:18:18.653] 0x3c173828	 free	   RX	eth_esp32_rx():153 -> processing_data():157
[20:18:18.653] 0x3c173870	 free	   RX	eth_esp32_rx():153 -> processing_data():157
[20:18:18.654] 0x3c1738b8	 free	   RX	eth_esp32_rx():153 -> processing_data():157
[20:18:18.654] 0x3c173900	 free	   RX	eth_esp32_rx():153 -> processing_data():157
[20:18:18.655] 0x3c173948	 free	   RX	eth_esp32_rx():153 -> processing_data():157
[20:18:18.655] 0x3c173990	 free	   RX	eth_esp32_rx():153 -> processing_data():157
[20:18:18.656] 0x3c1739d8	 free	   RX	eth_esp32_rx():153 -> processing_data():157
[20:18:18.657] 0x3c173a20	 free	   RX	eth_esp32_rx():153 -> processing_data():157
[20:18:18.657] 0x3c173cf0	 free	   RX	eth_esp32_rx():153 -> processing_data():157
[20:18:18.658] 0x3c173ca8	 free	   RX	eth_esp32_rx():153 -> processing_data():157
[20:18:18.658] 0x3c172ee0	 free	   TX	tcp_out_ext():1573 -> tcp_send():472
[20:18:18.659] 0x3c15d4bc	 free	TDATA	ethernet_fill_header():610 -> tcp_send():472
[20:18:18.659] 0x3c1735e8	 free	   RX	eth_esp32_rx():153 -> zsock_recv_stream_immediate():1423
[20:18:18.660] 0x3c1735a0	 free	   RX	eth_esp32_rx():153 -> zsock_recv_stream_immediate():1423
[20:18:18.660] 0x3c173558	 free	   RX	eth_esp32_rx():153 -> zsock_recv_stream_immediate():1423
[20:18:18.661] 0x3c173510	 free	   RX	eth_esp32_rx():153 -> zsock_recv_stream_immediate():1423
[20:18:18.662] 0x3c1734c8	 free	   RX	eth_esp32_rx():153 -> zsock_recv_stream_immediate():1423
[20:18:18.662] 0x3c173480	 free	   RX	eth_esp32_rx():153 -> zsock_recv_stream_immediate():1423
[20:18:18.663] 0x3c172ee0	 free	   TX	tcp_out_ext():1573 -> tcp_send():472
[20:18:18.663] 0x3c15d4bc	 free	TDATA	ethernet_fill_header():610 -> tcp_send():472
[20:18:18.664] 0x3c15d4bc	 free	TDATA	ethernet_fill_header():610 -> tcp_send():472
[20:18:18.665] [1;32muart:~$ [m[8D[J[00:12:08.413,000] [1;31m<err> llss_client: device state HTTP 502[0m
[20:18:22.516] [1;32muart:~$ [m[8D[J[00:12:08.413,000] [1;31m<err> llss: Poll error 502[0m
[20:18:22.517] [1;32muart:~$ [m[8D[J[1;32muart:~$ [m[8D[J[00:12:13.526,000] [1;31m<err> llss_client: device state HTTP 502[0m
[20:18:27.629] [1;32muart:~$ [m[8D[J[00:12:13.526,000] [1;31m<err> llss: Poll error 502[0m
[20:18:27.630] [1;32muart:~$ [m[8D[J[1;32muart:~$ [m[8D[J[00:12:18.636,000] [1;31m<err> llss_client: device state HTTP 502[0m
[20:18:32.739] [1;32muart:~$ [m[8D[J[00:12:18.636,000] [1;31m<err> llss: Poll error 502[0m
[20:18:32.740] [1;32muart:~$ [m[8D[J[1;32muart:~$ [m[8D[J[00:12:23.744,000] [1;31m<err> llss_client: device state HTTP 502[0m
[20:18:37.847] [1;32muart:~$ [m[8D[J[00:12:23.744,000] [1;31m<err> llss: Poll error 502[0m
[20:18:37.849] [1;32muart:~$ [m[8D[J[1;32muart:~$ [m[8D[J[00:12:28.849,000] [1;31m<err> llss_client: device state HTTP 502[0m
[20:18:42.951] [1;32muart:~$ [m[8D[J[00:12:28.849,000] [1;31m<err> llss: Poll error 502[0m
[20:18:42.952] [1;32muart:~$ [m[8D[J[1;32muart:~$ [m[8D[JNETMEM up=750s pktRX=39/40 pktTX=15/16 bufRX=159/160/m102 bufTX=79/80/m5 sysheap_free=11208 alloc=21380 max=23836
[20:18:44.273] [1;32muart:~$ [m[8D[J[1;32muart:~$ [m[8D[J[00:12:33.958,000] [1;31m<err> llss_client: device state HTTP 502[0m
[20:18:48.061] [1;32muart:~$ [m[8D[J[00:12:33.958,000] [1;31m<err> llss: Poll error 502[0m
[20:18:48.061] [1;32muart:~$ [m[8D[J[1;32muart:~$ [m[8D[J[00:12:39.064,000] [1;31m<err> llss_client: device state HTTP 502[0m
[20:18:53.167] [1;32muart:~$ [m[8D[J[00:12:39.064,000] [1;31m<err> llss: Poll error 502[0m
[20:18:53.167] [1;32muart:~$ [m[8D[J[1;32muart:~$ [m[8D[J[00:12:44.179,000] [1;31m<err> llss_client: device state HTTP 502[0m
[20:18:58.282] [1;32muart:~$ [m[8D[J[00:12:44.179,000] [1;31m<err> llss: Poll error 502[0m
[20:18:58.282] [1;32muart:~$ [m[8D[J[1;32muart:~$ [m[8D[J[00:12:49.300,000] [1;31m<err> llss_client: device state HTTP 502[0m
[20:19:03.405] [1;32muart:~$ [m[8D[J[00:12:49.300,000] [1;31m<err> llss: Poll error 502[0m
[20:19:03.406] [1;32muart:~$ [m[8D[J[1;32muart:~$ [m[8D[J[00:12:54.419,000] [1;31m<err> llss_client: device state HTTP 502[0m
[20:19:08.522] [1;32muart:~$ [m[8D[J[00:12:54.419,000] [1;31m<err> llss: Poll error 502[0m
[20:19:08.522] [1;32muart:~$ [m[8D[J[1;32muart:~$ [m[8D[J[00:12:59.519,000] [1;31m<err> llss_client: device state HTTP 502[0m
[20:19:13.622] [1;32muart:~$ [m[8D[J[00:12:59.519,000] [1;31m<err> llss: Poll error 502[0m
[20:19:13.622] [1;32muart:~$ [m[8D[JNETMEM up=780s pktRX=39/40 pktTX=15/16 bufRX=159/160/m102 bufTX=79/80/m5 sysheap_free=11208 alloc=21380 max=23836
[20:19:13.623] [1;32muart:~$ [m[8D[J[00:13:00.205,000] [0m<inf> shtc3: SHTC3: temperature=22.51 C humidity=47.32 %[0m
[20:19:13.624] [1;32muart:~$ [m[8D[J[1;32muart:~$ [m[8D[J[00:13:04.635,000] [1;31m<err> llss_client: device state HTTP 502[0m
[20:19:18.738] [1;32muart:~$ [m[8D[J[00:13:04.635,000] [1;31m<err> llss: Poll error 502[0m
[20:19:18.738] [1;32muart:~$ [m[8D[J[1;32muart:~$ [mnet  allocs
[20:19:23.476] Network memory allocations

[20:19:23.476] memory		Status	Pool	Function alloc -> freed
[20:19:23.477] 0x3c173cf0/1	 used	   RX	eth_esp32_rx():153
[20:19:23.477] 0x3c172f70/1	 used	   TX	net_ipv6_send_ns():2094
[20:19:23.477] 0x3c173ca8	 free	   RX	eth_esp32_rx():153 -> processing_data():157
[20:19:23.478] 0x3c173a20	 free	   RX	eth_esp32_rx():153 -> tcp_in():3635
[20:19:23.478] 0x3c172f28	 free	   TX	tcp_out_ext():1573 -> tcp_send():472
[20:19:23.479] 0x3c15d4a0	 free	TDATA	ethernet_fill_header():610 -> tcp_send():472
[20:19:23.479] 0x3c173360	 free	   RX	eth_esp32_rx():153 -> processing_data():157
[20:19:23.480] 0x3c1733f0	 free	   RX	eth_esp32_rx():153 -> processing_data():157
[20:19:23.480] 0x3c1733a8	 free	   RX	eth_esp32_rx():153 -> processing_data():157
[20:19:23.481] 0x3c173630	 free	   RX	eth_esp32_rx():153 -> processing_data():157
[20:19:23.482] 0x3c173678	 free	   RX	eth_esp32_rx():153 -> processing_data():157
[20:19:23.482] 0x3c1736c0	 free	   RX	eth_esp32_rx():153 -> processing_data():157
[20:19:23.483] 0x3c173708	 free	   RX	eth_esp32_rx():153 -> processing_data():157
[20:19:23.483] 0x3c173750	 free	   RX	eth_esp32_rx():153 -> processing_data():157
[20:19:23.484] 0x3c173798	 free	   RX	eth_esp32_rx():153 -> processing_data():157
[20:19:23.484] 0x3c1737e0	 free	   RX	eth_esp32_rx():153 -> processing_data():157
[20:19:23.485] 0x3c173828	 free	   RX	eth_esp32_rx():153 -> processing_data():157
[20:19:23.485] 0x3c173870	 free	   RX	eth_esp32_rx():153 -> processing_data():157
[20:19:23.486] 0x3c1738b8	 free	   RX	eth_esp32_rx():153 -> processing_data():157
[20:19:23.486] 0x3c173900	 free	   RX	eth_esp32_rx():153 -> processing_data():157
[20:19:23.487] 0x3c173948	 free	   RX	eth_esp32_rx():153 -> processing_data():157
[20:19:23.487] 0x3c173990	 free	   RX	eth_esp32_rx():153 -> processing_data():157
[20:19:23.488] 0x3c1739d8	 free	   RX	eth_esp32_rx():153 -> processing_data():157
[20:19:23.488] 0x3c173a20	 free	   RX	eth_esp32_rx():153 -> processing_data():157
[20:19:23.489] 0x3c173cf0	 free	   RX	eth_esp32_rx():153 -> processing_data():157
[20:19:23.490] 0x3c173ca8	 free	   RX	eth_esp32_rx():153 -> processing_data():157
[20:19:23.490] 0x3c172ee0	 free	   TX	tcp_out_ext():1573 -> tcp_send():472
[20:19:23.491] 0x3c15d4bc	 free	TDATA	ethernet_fill_header():610 -> tcp_send():472
[20:19:23.491] 0x3c1735e8	 free	   RX	eth_esp32_rx():153 -> zsock_recv_stream_immediate():1423
[20:19:23.492] 0x3c1735a0	 free	   RX	eth_esp32_rx():153 -> zsock_recv_stream_immediate():1423
[20:19:23.492] 0x3c173558	 free	   RX	eth_esp32_rx():153 -> zsock_recv_stream_immediate():1423
[20:19:23.493] 0x3c173510	 free	   RX	eth_esp32_rx():153 -> zsock_recv_stream_immediate():1423
[20:19:23.494] 0x3c1734c8	 free	   RX	eth_esp32_rx():153 -> zsock_recv_stream_immediate():1423
[20:19:23.494] 0x3c173480	 free	   RX	eth_esp32_rx():153 -> zsock_recv_stream_immediate():1423
[20:19:23.495] 0x3c172ee0	 free	   TX	tcp_out_ext():1573 -> tcp_send():472
[20:19:23.495] 0x3c15d4bc	 free	TDATA	ethernet_fill_header():610 -> tcp_send():472
[20:19:23.496] 0x3c15d4bc	 free	TDATA	ethernet_fill_header():610 -> tcp_send():472
[20:19:23.497] [1;32muart:~$ [m[8D[J[00:13:09.744,000] [1;31m<err> llss_client: device state HTTP 502[0m
[20:19:23.847] [1;32muart:~$ [m[8D[J[00:13:09.744,000] [1;31m<err> llss: Poll error 502[0m
[20:19:23.847] [1;32muart:~$ [m[8D[J[1;32muart:~$ [m[8D[J[00:13:14.861,000] [1;31m<err> llss_client: device state HTTP 502[0m
[20:19:28.964] [1;32muart:~$ [m[8D[J[00:13:14.861,000] [1;31m<err> llss: Poll error 502[0m
[20:19:28.965] [1;32muart:~$ [m[8D[J[1;32muart:~$ [m[8D[J[00:13:19.966,000] [1;31m<err> llss_client: device state HTTP 502[0m
[20:19:34.070] [1;32muart:~$ [m[8D[J[00:13:19.967,000] [1;31m<err> llss: Poll error 502[0m
[20:19:34.070] [1;32muart:~$ [m[8D[J[1;32muart:~$ [m[8D[J[00:13:25.068,000] [1;31m<err> llss_client: device state HTTP 502[0m
[20:19:39.171] [1;32muart:~$ [m[8D[J[00:13:25.068,000] [1;31m<err> llss: Poll error 502[0m
[20:19:39.172] [1;32muart:~$ [m[8D[J[1;32muart:~$ [m[8D[J[00:13:30.182,000] [1;31m<err> llss_client: device state HTTP 502[0m
[20:19:44.286] [1;32muart:~$ [m[8D[J[00:13:30.183,000] [1;31m<err> llss: Poll error 502[0m
[20:19:44.286] [1;32muart:~$ [m[8D[JNETMEM up=810s pktRX=39/40 pktTX=15/16 bufRX=159/160/m102 bufTX=79/80/m5 sysheap_free=11172 alloc=21416 max=23836
[20:19:44.288] [1;32muart:~$ [m[8D[J[1;32muart:~$ [m[8D[J[00:13:35.302,000] [1;31m<err> llss_client: device state HTTP 502[0m
[20:19:49.405] [1;32muart:~$ [m[8D[J[00:13:35.302,000] [1;31m<err> llss: Poll error 502[0m
[20:19:49.406] [1;32muart:~$ [m[8D[J[1;32muart:~$ [m[8D[J[00:13:40.408,000] [1;31m<err> llss_client: device state HTTP 502[0m
[20:19:54.511] [1;32muart:~$ [m[8D[J[00:13:40.408,000] [1;31m<err> llss: Poll error 502[0m
[20:19:54.512] [1;32muart:~$ [m[8D[J[1;32muart:~$ [m[8D[J[00:13:45.513,000] [1;31m<err> llss_client: device state HTTP 502[0m
[20:19:59.617] [1;32muart:~$ [m[8D[J[00:13:45.513,000] [1;31m<err> llss: Poll error 502[0m
[20:19:59.617] [1;32muart:~$ [m[8D[J[1;32muart:~$ [m[8D[J[00:13:50.615,000] [1;31m<err> llss_client: device state HTTP 502[0m
[20:20:04.718] [1;32muart:~$ [m[8D[J[00:13:50.615,000] [1;31m<err> llss: Poll error 502[0m
[20:20:04.719] [1;32muart:~$ [m[8D[J[1;32muart:~$ [mnet all[15D[J[00:13:55.727,000] [1;31m<err> llss_client: device state HTTP 502[0m
[20:20:09.830] [1;32muart:~$ [mnet all[15D[J[00:13:55.727,000] [1;31m<err> llss: Poll error 502[0m
[20:20:09.846] [1;32muart:~$ [mnet allocs
[20:20:10.465] Network memory allocations

[20:20:10.465] memory		Status	Pool	Function alloc -> freed
[20:20:10.466] 0x3c173cf0/1	 used	   RX	eth_esp32_rx():153
[20:20:10.466] 0x3c172f70/1	 used	   TX	net_ipv6_send_ns():2094
[20:20:10.467] 0x3c173ca8	 free	   RX	eth_esp32_rx():153 -> processing_data():157
[20:20:10.467] 0x3c173a20	 free	   RX	eth_esp32_rx():153 -> tcp_in():3635
[20:20:10.468] 0x3c172f28	 free	   TX	tcp_out_ext():1573 -> tcp_send():472
[20:20:10.468] 0x3c15d4a0	 free	TDATA	ethernet_fill_header():610 -> tcp_send():472
[20:20:10.469] 0x3c173360	 free	   RX	eth_esp32_rx():153 -> processing_data():157
[20:20:10.469] 0x3c1733f0	 free	   RX	eth_esp32_rx():153 -> processing_data():157
[20:20:10.470] 0x3c1733a8	 free	   RX	eth_esp32_rx():153 -> processing_data():157
[20:20:10.470] 0x3c173630	 free	   RX	eth_esp32_rx():153 -> processing_data():157
[20:20:10.471] 0x3c173678	 free	   RX	eth_esp32_rx():153 -> processing_data():157
[20:20:10.471] 0x3c1736c0	 free	   RX	eth_esp32_rx():153 -> processing_data():157
[20:20:10.472] 0x3c173708	 free	   RX	eth_esp32_rx():153 -> processing_data():157
[20:20:10.472] 0x3c173750	 free	   RX	eth_esp32_rx():153 -> processing_data():157
[20:20:10.473] 0x3c173798	 free	   RX	eth_esp32_rx():153 -> processing_data():157
[20:20:10.473] 0x3c1737e0	 free	   RX	eth_esp32_rx():153 -> processing_data():157
[20:20:10.474] 0x3c173828	 free	   RX	eth_esp32_rx():153 -> processing_data():157
[20:20:10.474] 0x3c173870	 free	   RX	eth_esp32_rx():153 -> processing_data():157
[20:20:10.475] 0x3c1738b8	 free	   RX	eth_esp32_rx():153 -> processing_data():157
[20:20:10.476] 0x3c173900	 free	   RX	eth_esp32_rx():153 -> processing_data():157
[20:20:10.476] 0x3c173948	 free	   RX	eth_esp32_rx():153 -> processing_data():157
[20:20:10.477] 0x3c173990	 free	   RX	eth_esp32_rx():153 -> processing_data():157
[20:20:10.477] 0x3c1739d8	 free	   RX	eth_esp32_rx():153 -> processing_data():157
[20:20:10.478] 0x3c173a20	 free	   RX	eth_esp32_rx():153 -> processing_data():157
[20:20:10.478] 0x3c173cf0	 free	   RX	eth_esp32_rx():153 -> processing_data():157
[20:20:10.479] 0x3c173ca8	 free	   RX	eth_esp32_rx():153 -> processing_data():157
[20:20:10.479] 0x3c172ee0	 free	   TX	tcp_out_ext():1573 -> tcp_send():472
[20:20:10.480] 0x3c15d4bc	 free	TDATA	ethernet_fill_header():610 -> tcp_send():472
[20:20:10.480] 0x3c1735e8	 free	   RX	eth_esp32_rx():153 -> zsock_recv_stream_immediate():1423
[20:20:10.481] 0x3c1735a0	 free	   RX	eth_esp32_rx():153 -> zsock_recv_stream_immediate():1423
[20:20:10.482] 0x3c173558	 free	   RX	eth_esp32_rx():153 -> zsock_recv_stream_immediate():1423
[20:20:10.482] 0x3c173510	 free	   RX	eth_esp32_rx():153 -> zsock_recv_stream_immediate():1423
[20:20:10.483] 0x3c1734c8	 free	   RX	eth_esp32_rx():153 -> zsock_recv_stream_immediate():1423
[20:20:10.483] 0x3c173480	 free	   RX	eth_esp32_rx():153 -> zsock_recv_stream_immediate():1423
[20:20:10.484] 0x3c172ee0	 free	   TX	tcp_out_ext():1573 -> tcp_send():472
[20:20:10.485] 0x3c15d4bc	 free	TDATA	ethernet_fill_header():610 -> tcp_send():472
[20:20:10.485] 0x3c15d4bc	 free	TDATA	ethernet_fill_header():610 -> tcp_send():472
[20:20:10.486] [1;32muart:~$ [m[8D[JNETMEM up=840s pktRX=39/40 pktTX=15/16 bufRX=159/160/m102 bufTX=79/80/m5 sysheap_free=11208 alloc=21380 max=23836
[20:20:14.287] [1;32muart:~$ [m[8D[J[00:14:00.208,000] [0m<inf> shtc3: SHTC3: temperature=22.47 C humidity=47.16 %[0m
[20:20:14.288] [1;32muart:~$ [m[8D[J[00:14:00.855,000] [1;31m<err> llss_client: device state HTTP 502[0m
[20:20:14.288] [1;32muart:~$ [m[8D[J[00:14:00.855,000] [1;31m<err> llss: Poll error 502[0m
[20:20:14.289] [1;32muart:~$ [m[8D[J[1;32muart:~$ [m[8D[J[00:14:06.103,000] [1;31m<err> llss_client: device state HTTP 502[0m
[20:20:20.207] [1;32muart:~$ [m[8D[J[00:14:06.103,000] [1;31m<err> llss: Poll error 502[0m
[20:20:20.207] [1;32muart:~$ [m[8D[J[1;32muart:~$ [m[8D[J[00:14:11.209,000] [1;31m<err> llss_client: device state HTTP 502[0m
[20:20:25.312] [1;32muart:~$ [m[8D[J[00:14:11.209,000] [1;31m<err> llss: Poll error 502[0m
[20:20:25.313] [1;32muart:~$ [m[8D[J[1;32muart:~$ [m[8D[J[00:14:16.316,000] [1;31m<err> llss_client: device state HTTP 502[0m
[20:20:30.419] [1;32muart:~$ [m[8D[J[00:14:16.316,000] [1;31m<err> llss: Poll error 502[0m
[20:20:30.420] [1;32muart:~$ [m[8D[J[1;32muart:~$ [m[8D[JNETMEM up=870s pktRX=16/40 pktTX=14/16 bufRX=136/160/m102 bufTX=78/80/m5 sysheap_free=11208 alloc=21380 max=23836
[20:20:44.287] [1;32muart:~$ [m[8D[J[1;32muart:~$ [m[8D[J[00:14:31.339,000] [1;33m<wrn> llss_client: Cached server address failed (-116) — re-resolving[0m
[20:20:45.443] [1;32muart:~$ [m[8D[J[00:14:31.708,000] [1;31m<err> llss_client: device state HTTP 502[0m
[20:20:45.443] [1;32muart:~$ [m[8D[J[00:14:31.708,000] [1;31m<err> llss: Poll error 502[0m
[20:20:45.444] [1;32muart:~$ [m[8D[J[1;32muart:~$ [m[8D[J[00:14:36.816,000] [1;31m<err> llss_client: device state HTTP 502[0m
[20:20:50.920] [1;32muart:~$ [m[8D[J[00:14:36.817,000] [1;31m<err> llss: Poll error 502[0m
[20:20:50.921] [1;32muart:~$ [m[8D[J[1;32muart:~$ [m[8D[J[00:14:41.918,000] [1;31m<err> llss_client: device state HTTP 502[0m
[20:20:56.022] [1;32muart:~$ [m[8D[J[00:14:41.918,000] [1;31m<err> llss: Poll error 502[0m
[20:20:56.022] [1;32muart:~$ [m[8D[J[1;32muart:~$ [m[8D[J[00:14:47.025,000] [1;31m<err> llss_client: device state HTTP 502[0m
[20:21:01.129] [1;32muart:~$ [m[8D[J[00:14:47.025,000] [1;31m<err> llss: Poll error 502[0m
[20:21:01.129] [1;32muart:~$ [m[8D[J[1;32muart:~$ [m[8D[J[00:14:52.149,000] [1;31m<err> llss_client: device state HTTP 502[0m
[20:21:06.252] [1;32muart:~$ [m[8D[J[00:14:52.149,000] [1;31m<err> llss: Poll error 502[0m
[20:21:06.253] [1;32muart:~$ [m[8D[J[1;32muart:~$ [m[8D[J[00:14:57.265,000] [1;31m<err> llss_client: device state HTTP 502[0m
[20:21:11.369] [1;32muart:~$ [m[8D[J[00:14:57.265,000] [1;31m<err> llss: Poll error 502[0m
[20:21:11.369] [1;32muart:~$ [m[8D[J[1;32muart:~$ [m[8D[JThread analyze:
[20:21:13.281] [1;32muart:~$ [m[8D[J wdt_sentinel_tid    : STACK: unused 432 usage 336 / 768 (43 %); CPU: 0 %
[20:21:13.282] [1;32muart:~$ [m[8D[J                     : Total CPU cycles used: 6285699
[20:21:13.282] [1;32muart:~$ [m[8D[J thread_analyzer     : STACK: unused 112 usage 912 / 1024 (89 %); CPU: 0 %
[20:21:13.283] [1;32muart:~$ [m[8D[J                     : Total CPU cycles used: 2233739
[20:21:13.284] [1;32muart:~$ [m[8D[J sys_wdt_tid         : STACK: unused 704 usage 320 / 1024 (31 %); CPU: 0 %
[20:21:13.285] [1;32muart:~$ [m[8D[J                     : Total CPU cycles used: 1381690
[20:21:13.285] [1;32muart:~$ [m[8D[J shtc3_thread        : STACK: unused 1360 usage 688 / 2048 (33 %); CPU: 0 %
[20:21:13.286] [1;32muart:~$ [m[8D[J                     : Total CPU cycles used: 929713
[20:21:13.287] [1;32muart:~$ [m[8D[J ntp_thread          : STACK: unused 2464 usage 1632 / 4096 (39 %); CPU: 0 %
[20:21:13.288] [1;32muart:~$ [m[8D[J                     : Total CPU cycles used: 1546234
[20:21:13.288] [1;32muart:~$ [m[8D[J netmem_tid          : STACK: unused 624 usage 656 / 1280 (51 %); CPU: 0 %
[20:21:13.289] [1;32muart:~$ [m[8D[J                     : Total CPU cycles used: 821068
[20:21:13.290] [1;32muart:~$ [m[8D[J llss_thread         : STACK: unused 11584 usage 4800 / 16384 (29 %); CPU: 1 %
[20:21:13.290] [1;32muart:~$ [m[8D[J                     : Total CPU cycles used: 2724350906
[20:21:13.291] [1;32muart:~$ [m[8D[J input               : STACK: unused 688 usage 336 / 1024 (32 %); CPU: 0 %
[20:21:13.292] [1;32muart:~$ [m[8D[J                     : Total CPU cycles used: 25302
[20:21:13.293] [1;32muart:~$ [m[8D[J display_thread      : STACK: unused 8640 usage 3648 / 12288 (29 %); CPU: 0 %
[20:21:13.293] [1;32muart:~$ [m[8D[J                     : Total CPU cycles used: 258962209
[20:21:13.294] [1;32muart:~$ [m[8D[J device_ui_thread    : STACK: unused 4528 usage 3664 / 8192 (44 %); CPU: 0 %
[20:21:13.295] [1;32muart:~$ [m[8D[J                     : Total CPU cycles used: 335026627
[20:21:13.295] [1;32muart:~$ [m[8D[J conn_mgr_monitor    : STACK: unused 176 usage 336 / 512 (65 %); CPU: 0 %
[20:21:13.296] [1;32muart:~$ [m[8D[J                     : Total CPU cycles used: 84110
[20:21:13.297] [1;32muart:~$ [m[8D[J net_socket_service  : STACK: unused 3344 usage 752 / 4096 (18 %); CPU: 0 %
[20:21:13.298] [1;32muart:~$ [m[8D[J                     : Total CPU cycles used: 2924245
[20:21:13.298] [1;32muart:~$ [m[8D[J rx_q[0]             : STACK: unused 496 usage 1552 / 2048 (75 %); CPU: 0 %
[20:21:13.299] [1;32muart:~$ [m[8D[J                     : Total CPU cycles used: 573350658
[20:21:13.300] [1;32muart:~$ [m[8D[J net_mgmt            : STACK: unused 3424 usage 672 / 4096 (16 %); CPU: 0 %
[20:21:13.300] [1;32muart:~$ [m[8D[J                     : Total CPU cycles used: 690914
[20:21:13.301] [1;32muart:~$ [m[8D[J tcp_work            : STACK: unused 928 usage 1120 / 2048 (54 %); CPU: 0 %
[20:21:13.302] [1;32muart:~$ [m[8D[J                     : Total CPU cycles used: 8816222
[20:21:13.303] [1;32muart:~$ [m[8D[J shell_uart          : STACK: unused 2384 usage 1712 / 4096 (41 %); CPU: 0 %
[20:21:13.303] [1;32muart:~$ [m[8D[J                     : Total CPU cycles used: 62727152
[20:21:13.304] [1;32muart:~$ [m[8D[J wifi                : STACK: unused 1440 usage 2144 / 3584 (59 %); CPU: 1 %
[20:21:13.305] [1;32muart:~$ [m[8D[J                     : Total CPU cycles used: 2232639038
[20:21:13.305] [1;32muart:~$ [m[8D[J sysworkq            : STACK: unused 3232 usage 864 / 4096 (21 %); CPU: 0 %
[20:21:13.306] [1;32muart:~$ [m[8D[J                     : Total CPU cycles used: 21741486
[20:21:13.307] [1;32muart:~$ [m[8D[J esp_timer           : STACK: unused 3568 usage 528 / 4096 (12 %); CPU: 0 %
[20:21:13.308] [1;32muart:~$ [m[8D[J                     : Total CPU cycles used: 90324836
[20:21:13.308] [1;32muart:~$ [m[8D[J logging             : STACK: unused 544 usage 480 / 1024 (46 %); CPU: 0 %
[20:21:13.309] [1;32muart:~$ [m[8D[J                     : Total CPU cycles used: 6870350
[20:21:13.310] [1;32muart:~$ [m[8D[J idle                : STACK: unused 816 usage 208 / 1024 (20 %); CPU: 96 %
[20:21:13.310] [1;32muart:~$ [m[8D[J                     : Total CPU cycles used: 209315982642
[20:21:13.311] [1;32muart:~$ [m[8D[J ISR0                : STACK: unused 1520 usage 528 / 2048 (25 %); CPU: 0 %
[20:21:13.312] [1;32muart:~$ [m[8D[J                     : Total CPU cycles used: 0
[20:21:13.313] [1;32muart:~$ [m[8D[JNETMEM up=900s pktRX=39/40 pktTX=8/16 bufRX=159/160/m102 bufTX=72/80/m17 sysheap_free=11208 alloc=21380 max=23860
[20:21:13.314] [1;32muart:~$ [m[8D[J[1;32muart:~$ [m[8D[J[1;32muart:~$ [m[8D[J[00:15:00.211,000] [0m<inf> shtc3: SHTC3: temperature=22.57 C humidity=47.38 %[0m
[20:21:14.315] [1;32muart:~$ [m[8D[J[1;32muart:~$ [m[8D[J[00:15:02.374,000] [1;31m<err> llss_client: device state HTTP 502[0m
[20:21:16.478] [1;32muart:~$ [m[8D[J[00:15:02.374,000] [1;31m<err> llss: Poll error 502[0m
[20:21:16.479] [1;32muart:~$ [m[8D[J[1;32muart:~$ [m[8D[J[00:15:07.490,000] [1;31m<err> llss_client: device state HTTP 502[0m
[20:21:21.594] [1;32muart:~$ [m[8D[J[00:15:07.490,000] [1;31m<err> llss: Poll error 502[0m
[20:21:21.594] [1;32muart:~$ [m[8D[J[1;32muart:~$ [m[8D[J[00:15:12.607,000] [1;31m<err> llss_client: device state HTTP 502[0m
[20:21:26.711] [1;32muart:~$ [m[8D[J[00:15:12.607,000] [1;31m<err> llss: Poll error 502[0m
[20:21:26.712] [1;32muart:~$ [m[8D[J[1;32muart:~$ [m[8D[J[00:15:17.721,000] [1;31m<err> llss_client: device state HTTP 502[0m
[20:21:31.824] [1;32muart:~$ [m[8D[J[00:15:17.721,000] [1;31m<err> llss: Poll error 502[0m
[20:21:31.825] [1;32muart:~$ [m[8D[J[1;32muart:~$ [m[8D[J[00:15:22.856,000] [1;31m<err> llss_client: device state HTTP 502[0m
[20:21:36.961] [1;32muart:~$ [m[8D[J[00:15:22.856,000] [1;31m<err> llss: Poll error 502[0m
[20:21:36.961] [1;32muart:~$ [m[8D[J[1;32muart:~$ [m[8D[J[00:15:27.976,000] [1;31m<err> llss_client: device state HTTP 502[0m
[20:21:42.080] [1;32muart:~$ [m[8D[J[00:15:27.977,000] [1;31m<err> llss: Poll error 502[0m
[20:21:42.081] [1;32muart:~$ [m[8D[J[1;32muart:~$ [m[8D[JNETMEM up=930s pktRX=39/40 pktTX=8/16 bufRX=159/160/m102 bufTX=72/80/m17 sysheap_free=11208 alloc=21380 max=23860
[20:21:44.288] [1;32muart:~$ [m[8D[J[1;32muart:~$ [m[8D[J[00:15:33.090,000] [1;31m<err> llss_client: device state HTTP 502[0m
[20:21:47.194] [1;32muart:~$ [m[8D[J[00:15:33.090,000] [1;31m<err> llss: Poll error 502[0m
[20:21:47.194] [1;32muart:~$ [m[8D[J[1;32muart:~$ [m[8D[J[00:15:38.212,000] [1;31m<err> llss_client: device state HTTP 502[0m
[20:21:52.316] [1;32muart:~$ [m[8D[J[00:15:38.212,000] [1;31m<err> llss: Poll error 502[0m
[20:21:52.316] [1;32muart:~$ [m[8D[J[1;32muart:~$ [m[8D[J[00:15:43.331,000] [1;31m<err> llss_client: device state HTTP 502[0m
[20:21:57.435] [1;32muart:~$ [m[8D[J[00:15:43.333,000] [1;31m<err> llss: Poll error 502[0m
[20:21:57.436] [1;32muart:~$ [m[8D[J[1;32muart:~$ [m[8D[J[00:15:48.456,000] [1;31m<err> llss_client: device state HTTP 502[0m
[20:22:02.561] [1;32muart:~$ [m[8D[J[00:15:48.456,000] [1;31m<err> llss: Poll error 502[0m
[20:22:02.561] [1;32muart:~$ [m[8D[J[1;32muart:~$ [m[8D[J[00:15:53.584,000] [1;31m<err> llss_client: device state HTTP 502[0m
[20:22:07.688] [1;32muart:~$ [m[8D[J[00:15:53.584,000] [1;31m<err> llss: Poll error 502[0m
[20:22:07.688] [1;32muart:~$ [m[8D[J[1;32muart:~$ [m[8D[J[00:15:58.704,000] [1;31m<err> llss_client: device state HTTP 502[0m
[20:22:12.808] [1;32muart:~$ [m[8D[J[00:15:58.704,000] [1;31m<err> llss: Poll error 502[0m
[20:22:12.809] [1;32muart:~$ [m[8D[J[1;32muart:~$ [m[8D[JNETMEM up=960s pktRX=39/40 pktTX=8/16 bufRX=159/160/m102 bufTX=72/80/m17 sysheap_free=11208 alloc=21380 max=23860
[20:22:14.289] [1;32muart:~$ [m[8D[J[00:16:00.214,000] [0m<inf> shtc3: SHTC3: temperature=22.66 C humidity=47.45 %[0m
[20:22:14.289] [1;32muart:~$ [m[8D[J[1;32muart:~$ [m[8D[J[00:16:03.826,000] [1;31m<err> llss_client: device state HTTP 502[0m
[20:22:17.930] [1;32muart:~$ [m[8D[J[00:16:03.826,000] [1;31m<err> llss: Poll error 502[0m
[20:22:17.931] [1;32muart:~$ [m[8D[J[1;32muart:~$ [m[8D[J[00:16:08.951,000] [1;31m<err> llss_client: device state HTTP 502[0m
[20:22:23.056] [1;32muart:~$ [m[8D[J[00:16:08.951,000] [1;31m<err> llss: Poll error 502[0m
[20:22:23.056] [1;32muart:~$ [m[8D[J[1;32muart:~$ [m[8D[J[00:16:14.074,000] [1;31m<err> llss_client: device state HTTP 502[0m
[20:22:28.178] [1;32muart:~$ [m[8D[J[00:16:14.074,000] [1;31m<err> llss: Poll error 502[0m
[20:22:28.179] [1;32muart:~$ [m[8D[J[1;32muart:~$ [m[8D[J[00:16:19.199,000] [1;31m<err> llss_client: device state HTTP 502[0m
[20:22:33.303] [1;32muart:~$ [m[8D[J[00:16:19.199,000] [1;31m<err> llss: Poll error 502[0m
[20:22:33.303] [1;32muart:~$ [m[8D[J[1;32muart:~$ [m[8D[J[00:16:24.342,000] [1;31m<err> llss_client: device state HTTP 502[0m
[20:22:38.446] [1;32muart:~$ [m[8D[J[00:16:24.342,000] [1;31m<err> llss: Poll error 502[0m
[20:22:38.447] [1;32muart:~$ [m[8D[J[1;32muart:~$ [m[8D[J[00:16:29.471,000] [1;31m<err> llss_client: device state HTTP 502[0m
[20:22:43.576] [1;32muart:~$ [m[8D[J[00:16:29.471,000] [1;31m<err> llss: Poll error 502[0m
[20:22:43.576] [1;32muart:~$ [m[8D[JNETMEM up=990s pktRX=39/40 pktTX=8/16 bufRX=159/160/m102 bufTX=72/80/m17 sysheap_free=11208 alloc=21380 max=23860
[20:22:43.577] [1;32muart:~$ [m[8D[J[1;32muart:~$ [m[8D[J[00:16:34.612,000] [1;31m<err> llss_client: device state HTTP 502[0m
[20:22:48.716] [1;32muart:~$ [m[8D[J[00:16:34.612,000] [1;31m<err> llss: Poll error 502[0m
[20:22:48.717] [1;32muart:~$ [m[8D[J[1;32muart:~$ [m[8D[J[00:16:39.747,000] [1;31m<err> llss_client: device state HTTP 502[0m
[20:22:53.851] [1;32muart:~$ [m[8D[J[00:16:39.747,000] [1;31m<err> llss: Poll error 502[0m
[20:22:53.852] [1;32muart:~$ [m[8D[J[1;32muart:~$ [m[8D[J[00:16:44.877,000] [1;31m<err> llss_client: device state HTTP 502[0m
[20:22:58.981] [1;32muart:~$ [m[8D[J[00:16:44.877,000] [1;31m<err> llss: Poll error 502[0m
[20:22:58.982] [1;32muart:~$ [m[8D[J[1;32muart:~$ [m[8D[J[00:16:50.001,000] [1;31m<err> llss_client: device state HTTP 502[0m
[20:23:04.105] [1;32muart:~$ [m[8D[J[00:16:50.001,000] [1;31m<err> llss: Poll error 502[0m
[20:23:04.106] [1;32muart:~$ [m[8D[J[1;32muart:~$ [mnet[11D[J[00:16:55.133,000] [1;31m<err> llss_client: device state HTTP 502[0m
[20:23:09.238] [1;32muart:~$ [mnet[11D[J[00:16:55.133,000] [1;31m<err> llss: Poll error 502[0m
[20:23:09.253] [1;32muart:~$ [mnet[11D[J[1;32muart:~$ [mnet allocs
[20:23:10.911] Network memory allocations

[20:23:10.911] memory		Status	Pool	Function alloc -> freed
[20:23:10.912] 0x3c173cf0/1	 used	   RX	eth_esp32_rx():153
[20:23:10.912] 0x3c172f70/1	 used	   TX	net_ipv6_send_ns():2094
[20:23:10.912] 0x3c1730d8/1	 used	   TX	net_ipv6_send_ns():2094
[20:23:10.913] 0x3c173168/1	 used	   TX	net_ipv6_send_ns():2094
[20:23:10.913] 0x3c173288/1	 used	   TX	net_ipv6_send_ns():2094
[20:23:10.913] 0x3c173318/1	 used	   TX	net_ipv6_send_ns():2094
[20:23:10.914] 0x3c172fb8/1	 used	   TX	net_ipv6_send_ns():2094
[20:23:10.914] 0x3c173048/1	 used	   TX	net_ipv6_send_ns():2094
[20:23:10.915] 0x3c1731f8/1	 used	   TX	net_ipv6_send_ns():2094
[20:23:10.915] 0x3c173708	 free	   RX	eth_esp32_rx():153 -> processing_data():157
[20:23:10.916] 0x3c1736c0	 free	   RX	eth_esp32_rx():153 -> tcp_in():3635
[20:23:10.916] 0x3c172f28	 free	   TX	tcp_out_ext():1573 -> tcp_send():472
[20:23:10.917] 0x3c15d5f0	 free	TDATA	ethernet_fill_header():610 -> tcp_send():472
[20:23:10.917] 0x3c1731b0	 free	   TX	tcp_out_ext():1573 -> handle_na_neighbor():1896
[20:23:10.918] 0x3c173240	 free	   TX	tcp_out_ext():1573 -> handle_na_neighbor():1896
[20:23:10.918] 0x3c1732d0	 free	   TX	tcp_out_ext():1573 -> handle_na_neighbor():1896
[20:23:10.919] 0x3c1733f0	 free	   RX	eth_esp32_rx():153 -> net_icmpv6_input():408
[20:23:10.919] 0x3c1733a8	 free	   RX	eth_esp32_rx():153 -> processing_data():157
[20:23:10.920] 0x3c173630	 free	   RX	eth_esp32_rx():153 -> processing_data():157
[20:23:10.920] 0x3c173678	 free	   RX	eth_esp32_rx():153 -> processing_data():157
[20:23:10.921] 0x3c1736c0	 free	   RX	eth_esp32_rx():153 -> processing_data():157
[20:23:10.921] 0x3c173708	 free	   RX	eth_esp32_rx():153 -> processing_data():157
[20:23:10.922] 0x3c15d4bc	 free	TDATA	ethernet_fill_header():610 -> handle_na_neighbor():1896
[20:23:10.923] 0x3c173360	 free	   RX	eth_esp32_rx():153 -> processing_data():157
[20:23:10.923] 0x3c1734c8	 free	   RX	eth_esp32_rx():153 -> net_icmpv6_input():408
[20:23:10.924] 0x3c1735e8	 free	   RX	eth_esp32_rx():153 -> net_icmpv6_input():408
[20:23:10.924] 0x3c1735a0	 free	   RX	eth_esp32_rx():153 -> processing_data():157
[20:23:10.925] 0x3c173558	 free	   RX	eth_esp32_rx():153 -> processing_data():157
[20:23:10.925] 0x3c173510	 free	   RX	eth_esp32_rx():153 -> net_icmpv6_input():408
[20:23:10.926] 0x3c173480	 free	   RX	eth_esp32_rx():153 -> net_icmpv6_input():408
[20:23:10.926] 0x3c172f28	 free	   TX	tcp_out_ext():1573 -> handle_na_neighbor():1896
[20:23:10.927] 0x3c173510	 free	   RX	eth_esp32_rx():153 -> zsock_recv_stream_immediate():1423
[20:23:10.928] 0x3c1734c8	 free	   RX	eth_esp32_rx():153 -> zsock_recv_stream_immediate():1423
[20:23:10.928] 0x3c173480	 free	   RX	eth_esp32_rx():153 -> zsock_recv_stream_immediate():1423
[20:23:10.929] 0x3c172ee0	 free	   TX	tcp_out_ext():1573 -> tcp_send():472
[20:23:10.929] 0x3c15d4bc	 free	TDATA	ethernet_fill_header():610 -> tcp_send():472
[20:23:10.930] 0x3c15d4bc	 free	TDATA	ethernet_fill_header():610 -> tcp_send():472
[20:23:10.930] [1;32muart:~$ [m[8D[JNETMEM up=1020s pktRX=39/40 pktTX=8/16 bufRX=159/160/m102 bufTX=71/80/m17 sysheap_free=11172 alloc=21416 max=23860
[20:23:14.352] [1;32muart:~$ [m[8D[J[00:17:00.261,000] [0m<inf> shtc3: SHTC3: temperature=22.73 C humidity=47.34 %[0m
[20:23:14.353] [1;32muart:~$ [m[8D[J[00:17:00.261,000] [1;31m<err> llss_client: device state HTTP 502[0m
[20:23:14.353] [1;32muart:~$ [m[8D[J[00:17:00.261,000] [1;31m<err> llss: Poll error 502[0m
[20:23:14.354] [1;32muart:~$ [m[8D[J[1;32muart:~$ [m[8D[J[00:17:05.508,000] [1;31m<err> llss_client: device state HTTP 502[0m
[20:23:19.613] [1;32muart:~$ [m[8D[J[00:17:05.508,000] [1;31m<err> llss: Poll error 502[0m
[20:23:19.613] [1;32muart:~$ [m[8D[J[1;32muart:~$ [m[8D[J[00:17:10.645,000] [1;31m<err> llss_client: device state HTTP 502[0m
[20:23:24.750] [1;32muart:~$ [m[8D[J[00:17:10.645,000] [1;31m<err> llss: Poll error 502[0m
[20:23:24.751] [1;32muart:~$ [m[8D[J[1;32muart:~$ [m[8D[J[00:17:15.770,000] [1;31m<err> llss_client: device state HTTP 502[0m
[20:23:29.874] [1;32muart:~$ [m[8D[J[00:17:15.770,000] [1;31m<err> llss: Poll error 502[0m
[20:23:29.875] [1;32muart:~$ [m[8D[J[1;32muart:~$ [m[8D[J[00:17:20.917,000] [1;31m<err> llss_client: device state HTTP 502[0m
[20:23:35.022] [1;32muart:~$ [m[8D[J[00:17:20.917,000] [1;31m<err> llss: Poll error 502[0m
[20:23:35.023] [1;32muart:~$ [m[8D[J[1;32muart:~$ [m[8D[J[00:17:26.043,000] [1;31m<err> llss_client: device state HTTP 502[0m
[20:23:40.148] [1;32muart:~$ [m[8D[J[00:17:26.043,000] [1;31m<err> llss: Poll error 502[0m
[20:23:40.148] [1;32muart:~$ [m[8D[J[1;32muart:~$ [m[8D[JNETMEM up=1050s pktRX=39/40 pktTX=8/16 bufRX=159/160/m102 bufTX=72/80/m17 sysheap_free=11208 alloc=21380 max=23860
[20:23:44.352] [1;32muart:~$ [m[8D[J[00:17:31.175,000] [1;31m<err> llss_client: device state HTTP 502[0m
[20:23:44.353] [1;32muart:~$ [m[8D[J[00:17:31.175,000] [1;31m<err> llss: Poll error 502[0m
[20:23:44.354] [1;32muart:~$ [m[8D[J[1;32muart:~$ [m[8D[J[00:17:36.306,000] [1;31m<err> llss_client: device state HTTP 502[0m
[20:23:50.411] [1;32muart:~$ [m[8D[J[00:17:36.306,000] [1;31m<err> llss: Poll error 502[0m
[20:23:50.411] [1;32muart:~$ [m[8D[J[1;32muart:~$ [m[8D[J[00:17:41.451,000] [1;31m<err> llss_client: device state HTTP 502[0m
[20:23:55.556] [1;32muart:~$ [m[8D[J[00:17:41.451,000] [1;31m<err> llss: Poll error 502[0m
[20:23:55.556] [1;32muart:~$ [m[8D[J[1;32muart:~$ [m[8D[J[00:17:46.643,000] [1;31m<err> llss_client: device state HTTP 502[0m
[20:24:00.748] [1;32muart:~$ [m[8D[J[00:17:46.643,000] [1;31m<err> llss: Poll error 502[0m
[20:24:00.748] [1;32muart:~$ [m[8D[J[1;32muart:~$ [m[8D[J[00:17:51.768,000] [1;31m<err> llss_client: device state HTTP 502[0m
[20:24:05.873] [1;32muart:~$ [m[8D[J[00:17:51.768,000] [1;31m<err> llss: Poll error 502[0m
[20:24:05.874] [1;32muart:~$ [m[8D[J[00:17:51.768,000] [1;33m<wrn> net_watchdog: Watchdog soft reset (offline 906s) — session + DNS[0m
[20:24:05.875] [1;32muart:~$ [m[8D[J[00:17:51.770,000] [1;33m<wrn> llss_client: DNS resolver reset (1 server)[0m
[20:24:05.876] [1;32muart:~$ [m[8D[J[00:17:51.770,000] [1;31m<err> net_watchdog: WATCHDOG: would reset now (offline 906s); next would-reset in 1200 s[0m
[20:24:05.877] [1;32muart:~$ [m[8D[J[1;32muart:~$ [m[8D[J[00:17:56.887,000] [1;31m<err> llss_client: device state HTTP 502[0m
[20:24:10.992] [1;32muart:~$ [m[8D[J[00:17:56.887,000] [1;31m<err> llss: Poll error 502[0m
[20:24:10.992] [1;32muart:~$ [m[8D[J[1;32muart:~$ [m[8D[JNETMEM up=1080s pktRX=39/40 pktTX=8/16 bufRX=159/160/m102 bufTX=72/80/m17 sysheap_free=11208 alloc=21380 max=23860
[20:24:14.352] [1;32muart:~$ [m[8D[J[00:18:00.264,000] [0m<inf> shtc3: SHTC3: temperature=22.60 C humidity=47.82 %[0m
[20:24:14.353] [1;32muart:~$ [m[8D[J[1;32muart:~$ [m[8D[J[00:18:01.996,000] [1;31m<err> llss_client: device state HTTP 502[0m
[20:24:16.101] [1;32muart:~$ [m[8D[J[00:18:01.996,000] [1;31m<err> llss: Poll error 502[0m
[20:24:16.102] [1;32muart:~$ [m[8D[J[1;32muart:~$ [m[8D[J[00:18:07.105,000] [1;31m<err> llss_client: device state HTTP 502[0m
[20:24:21.210] [1;32muart:~$ [m[8D[J[00:18:07.105,000] [1;31m<err> llss: Poll error 502[0m
[20:24:21.211] [1;32muart:~$ [m[8D[J[1;32muart:~$ [m[8D[J[00:18:12.215,000] [1;31m<err> llss_client: device state HTTP 502[0m
[20:24:26.322] [1;32muart:~$ [m[8D[J[00:18:12.215,000] [1;31m<err> llss: Poll error 502[0m
[20:24:26.323] [1;32muart:~$ [m[8D[J[1;32muart:~$ [m[8D[J[00:18:17.327,000] [1;31m<err> llss_client: device state HTTP 502[0m
[20:24:31.433] [1;32muart:~$ [m[8D[J[00:18:17.327,000] [1;31m<err> llss: Poll error 502[0m
[20:24:31.433] [1;32muart:~$ [m[8D[J[1;32muart:~$ [m[8D[J[00:18:22.432,000] [1;31m<err> llss_client: device state HTTP 502[0m
[20:24:36.538] [1;32muart:~$ [m[8D[J[00:18:22.432,000] [1;31m<err> llss: Poll error 502[0m
[20:24:36.538] [1;32muart:~$ [m[8D[J[1;32muart:~$ [m[8D[J[00:18:27.545,000] [1;31m<err> llss_client: device state HTTP 502[0m
[20:24:41.651] [1;32muart:~$ [m[8D[J[00:18:27.545,000] [1;31m<err> llss: Poll error 502[0m
[20:24:41.651] [1;32muart:~$ [m[8D[J[1;32muart:~$ [m[8D[JNETMEM up=1110s pktRX=39/40 pktTX=8/16 bufRX=159/160/m102 bufTX=72/80/m17 sysheap_free=11208 alloc=21380 max=23860
[20:24:44.353] [1;32muart:~$ [m[8D[J[1;32muart:~$ [m[8D[J[00:18:32.660,000] [1;31m<err> llss_client: device state HTTP 502[0m
[20:24:46.765] [1;32muart:~$ [m[8D[J[00:18:32.660,000] [1;31m<err> llss: Poll error 502[0m
[20:24:46.766] [1;32muart:~$ [m[8D[J[1;32muart:~$ [m[8D[J[00:18:37.771,000] [1;31m<err> llss_client: device state HTTP 502[0m
[20:24:51.876] [1;32muart:~$ [m[8D[J[00:18:37.771,000] [1;31m<err> llss: Poll error 502[0m
[20:24:51.877] [1;32muart:~$ [m[8D[J[1;32muart:~$ [m[8D[J[00:18:42.887,000] [1;31m<err> llss_client: device state HTTP 502[0m
[20:24:56.992] [1;32muart:~$ [m[8D[J[00:18:42.887,000] [1;31m<err> llss: Poll error 502[0m
[20:24:56.993] [1;32muart:~$ [m[8D[J[1;32muart:~$ [m[8D[J[00:18:47.985,000] [1;31m<err> llss_client: device state HTTP 502[0m
[20:25:02.090] [1;32muart:~$ [m[8D[J[00:18:47.985,000] [1;31m<err> llss: Poll error 502[0m
[20:25:02.091] [1;32muart:~$ [m[8D[J[1;32muart:~$ [m[8D[J[00:18:53.124,000] [1;31m<err> llss_client: device state HTTP 502[0m
[20:25:07.230] [1;32muart:~$ [m[8D[J[00:18:53.124,000] [1;31m<err> llss: Poll error 502[0m
[20:25:07.231] [1;32muart:~$ [m[8D[J[1;32muart:~$ [m[8D[J[00:18:58.232,000] [1;31m<err> llss_client: device state HTTP 502[0m
[20:25:12.337] [1;32muart:~$ [m[8D[J[00:18:58.233,000] [1;31m<err> llss: Poll error 502[0m
[20:25:12.338] [1;32muart:~$ [m[8D[J[1;32muart:~$ [m[8D[JNETMEM up=1140s pktRX=39/40 pktTX=8/16 bufRX=159/160/m102 bufTX=72/80/m17 sysheap_free=11208 alloc=21380 max=23860
[20:25:14.353] [1;32muart:~$ [m[8D[J[00:19:00.267,000] [0m<inf> shtc3: SHTC3: temperature=22.75 C humidity=47.56 %[0m
[20:25:14.354] [1;32muart:~$ [m[8D[J[1;32muart:~$ [m[8D[J[00:19:03.336,000] [1;31m<err> llss_client: device state HTTP 502[0m
[20:25:17.441] [1;32muart:~$ [m[8D[J[00:19:03.336,000] [1;31m<err> llss: Poll error 502[0m
[20:25:17.442] [1;32muart:~$ [m[8D[J[1;32muart:~$ [m[8D[J[00:19:08.448,000] [1;31m<err> llss_client: device state HTTP 502[0m
[20:25:22.553] [1;32muart:~$ [m[8D[J[00:19:08.448,000] [1;31m<err> llss: Poll error 502[0m
[20:25:22.553] [1;32muart:~$ [m[8D[J[1;32muart:~$ [m[8D[J[00:19:13.556,000] [1;31m<err> llss_client: device state HTTP 502[0m
[20:25:27.662] [1;32muart:~$ [m[8D[J[00:19:13.556,000] [1;31m<err> llss: Poll error 502[0m
[20:25:27.662] [1;32muart:~$ [m[8D[J[1;32muart:~$ [m[8D[J[00:19:18.653,000] [1;31m<err> llss_client: device state HTTP 502[0m
[20:25:32.759] [1;32muart:~$ [m[8D[J[00:19:18.653,000] [1;31m<err> llss: Poll error 502[0m
[20:25:32.760] [1;32muart:~$ [m[8D[J[1;32muart:~$ [m[8D[J[00:19:23.757,000] [1;31m<err> llss_client: device state HTTP 502[0m
[20:25:37.863] [1;32muart:~$ [m[8D[J[00:19:23.757,000] [1;31m<err> llss: Poll error 502[0m
[20:25:37.863] [1;32muart:~$ [m[8D[J[1;32muart:~$ [m[8D[J[00:19:28.867,000] [1;31m<err> llss_client: device state HTTP 502[0m
[20:25:42.972] [1;32muart:~$ [m[8D[J[00:19:28.867,000] [1;31m<err> llss: Poll error 502[0m
[20:25:42.973] [1;32muart:~$ [m[8D[J[1;32muart:~$ [m[8D[JNETMEM up=1170s pktRX=39/40 pktTX=8/16 bufRX=159/160/m102 bufTX=72/80/m17 sysheap_free=11208 alloc=21380 max=23860
[20:25:44.354] [1;32muart:~$ [m[8D[J[1;32muart:~$ [m[8D[J[00:19:33.963,000] [1;31m<err> llss_client: device state HTTP 502[0m
[20:25:48.068] [1;32muart:~$ [m[8D[J[00:19:33.963,000] [1;31m<err> llss: Poll error 502[0m
[20:25:48.069] [1;32muart:~$ [m[8D[J[1;32muart:~$ [m[8D[J[00:19:39.068,000] [1;31m<err> llss_client: device state HTTP 502[0m
[20:25:53.174] [1;32muart:~$ [m[8D[J[00:19:39.068,000] [1;31m<err> llss: Poll error 502[0m
[20:25:53.174] [1;32muart:~$ [m[8D[J[1;32muart:~$ [m[8D[J[00:19:44.180,000] [1;31m<err> llss_client: device state HTTP 502[0m
[20:25:58.286] [1;32muart:~$ [m[8D[J[00:19:44.182,000] [1;31m<err> llss: Poll error 502[0m
[20:25:58.287] [1;32muart:~$ [m[8D[J[1;32muart:~$ [m[8D[J[00:19:49.289,000] [1;31m<err> llss_client: device state HTTP 502[0m
[20:26:03.395] [1;32muart:~$ [m[8D[J[00:19:49.289,000] [1;31m<err> llss: Poll error 502[0m
[20:26:03.395] [1;32muart:~$ [m[8D[J[1;32muart:~$ [m[8D[J[00:19:54.401,000] [1;31m<err> llss_client: device state HTTP 502[0m
[20:26:08.507] [1;32muart:~$ [m[8D[J[00:19:54.401,000] [1;31m<err> llss: Poll error 502[0m
[20:26:08.507] [1;32muart:~$ [m[8D[J[1;32muart:~$ [mne[10D[J[00:19:59.531,000] [1;31m<err> llss_client: device state HTTP 502[0m
[20:26:13.286] [1;32muart:~$ [mne[10D[J[00:19:59.531,000] [1;31m<err> llss: Poll error 502[0m
[20:26:13.302] [1;32muart:~$ [mne[10D[JThread analyze:
[20:26:13.318] [1;32muart:~$ [mnet[11D[J wdt_sentinel_tid    : STACK: unused 432 usage 336 / 768 (43 %); CPU: 0 %
[20:26:13.334] [1;32muart:~$ [mnet[11D[J                     : Total CPU cycles used: 8408321
[20:26:13.350] [1;32muart:~$ [mnet[11D[J thread_analyzer     : STACK: unused 112 usage 912 / 1024 (89 %); CPU: 0 %
[20:26:13.366] [1;32muart:~$ [mnet[11D[J                     : Total CPU cycles used: 2875138
[20:26:13.382] [1;32muart:~$ [mnet[11D[J sys_wdt_tid         : STACK: unused 704 usage 320 / 1024 (31 %); CPU: 0 %
[20:26:13.398] [1;32muart:~$ [mnet [12D[J                     : Total CPU cycles used: 1788517
[20:26:13.415] [1;32muart:~$ [mnet [12D[J shtc3_thread        : STACK: unused 1360 usage 688 / 2048 (33 %); CPU: 0 %
[20:26:13.430] [1;32muart:~$ [mnet [12D[J                     : Total CPU cycles used: 1257840
[20:26:13.446] [1;32muart:~$ [mnet [12D[J ntp_thread          : STACK: unused 2464 usage 1632 / 4096 (39 %); CPU: 0 %
[20:26:13.462] [1;32muart:~$ [mnet [12D[J                     : Total CPU cycles used: 1546234
[20:26:13.478] [1;32muart:~$ [mnet [12D[J netmem_tid          : STACK: unused 624 usage 656 / 1280 (51 %); CPU: 0 %
[20:26:13.494] [1;32muart:~$ [mnet [12D[J                     : Total CPU cycles used: 1100485
[20:26:13.510] [1;32muart:~$ [mnet [12D[J llss_thread         : STACK: unused 11584 usage 4800 / 16384 (29 %); CPU: 1 %
[20:26:13.526] [1;32muart:~$ [mnet [12D[J                     : Total CPU cycles used: 3825881657
[20:26:13.542] [1;32muart:~$ [mnet a[13D[J input               : STACK: unused 688 usage 336 / 1024 (32 %); CPU: 0 %
[20:26:13.558] [1;32muart:~$ [mnet a[13D[J                     : Total CPU cycles used: 25302
[20:26:13.574] [1;32muart:~$ [mnet a[13D[J display_thread      : STACK: unused 8640 usage 3648 / 12288 (29 %); CPU: 0 %
[20:26:13.590] [1;32muart:~$ [mnet a[13D[J                     : Total CPU cycles used: 258962209
[20:26:13.606] [1;32muart:~$ [mnet a[13D[J device_ui_thread    : STACK: unused 4496 usage 3696 / 8192 (45 %); CPU: 0 %
[20:26:13.622] [1;32muart:~$ [mnet a[13D[J                     : Total CPU cycles used: 930684240
[20:26:13.638] [1;32muart:~$ [mnet a[13D[J conn_mgr_monitor    : STACK: unused 176 usage 336 / 512 (65 %); CPU: 0 %
[20:26:13.654] [1;32muart:~$ [mnet al[14D[J                     : Total CPU cycles used: 84110
[20:26:13.670] [1;32muart:~$ [mnet al[14D[J net_socket_service  : STACK: unused 3280 usage 816 / 4096 (19 %); CPU: 0 %
[20:26:13.686] [1;32muart:~$ [mnet al[14D[J                     : Total CPU cycles used: 3380625
[20:26:13.703] [1;32muart:~$ [mnet al[14D[J rx_q[0]             : STACK: unused 496 usage 1552 / 2048 (75 %); CPU: 0 %
[20:26:13.719] [1;32muart:~$ [mnet al[14D[J                     : Total CPU cycles used: 788616010
[20:26:13.735] [1;32muart:~$ [mnet al[14D[J net_mgmt            : STACK: unused 3424 usage 672 / 4096 (16 %); CPU: 0 %
[20:26:13.751] [1;32muart:~$ [mnet al[14D[J                     : Total CPU cycles used: 863733
[20:26:13.767] [1;32muart:~$ [mnet al[14D[J tcp_work            : STACK: unused 928 usage 1120 / 2048 (54 %); CPU: 0 %
[20:26:13.783] [1;32muart:~$ [mnet al[14D[J                     : Total CPU cycles used: 11023763
[20:26:13.799] [1;32muart:~$ [mnet al[14D[J shell_uart          : STACK: unused 2384 usage 1712 / 4096 (41 %); CPU: 0 %
[20:26:13.815] [1;32muart:~$ [mnet all[15D[J                     : Total CPU cycles used: 78564140
[20:26:13.831] [1;32muart:~$ [mnet all[15D[J wifi                : STACK: unused 1440 usage 2144 / 3584 (59 %); CPU: 1 %
[20:26:13.847] [1;32muart:~$ [mnet all[15D[J                     : Total CPU cycles used: 2969335143
[20:26:13.863] [1;32muart:~$ [mnet all[15D[J sysworkq            : STACK: unused 3232 usage 864 / 4096 (21 %); CPU: 0 %
[20:26:13.879] [1;32muart:~$ [mnet all[15D[J                     : Total CPU cycles used: 28600822
[20:26:13.895] [1;32muart:~$ [mnet all[15D[J esp_timer           : STACK: unused 3568 usage 528 / 4096 (12 %); CPU: 0 %
[20:26:13.911] [1;32muart:~$ [mnet all[15D[J                     : Total CPU cycles used: 119436946
[20:26:13.927] [1;32muart:~$ [mnet all[15D[J logging             : STACK: unused 544 usage 480 / 1024 (46 %); CPU: 0 %
[20:26:13.943] [1;32muart:~$ [mnet all[15D[J                     : Total CPU cycles used: 9419616
[20:26:13.959] [1;32muart:~$ [mnet all[15D[J idle                : STACK: unused 816 usage 208 / 1024 (20 %); CPU: 96 %
[20:26:13.975] [1;32muart:~$ [mnet all[15D[J                     : Total CPU cycles used: 278582695420
[20:26:13.991] [1;32muart:~$ [mnet allo[16D[J ISR0                : STACK: unused 1520 usage 528 / 2048 (25 %); CPU: 0 %
[20:26:14.007] [1;32muart:~$ [mnet allo[16D[J                     : Total CPU cycles used: 0
[20:26:14.023] [1;32muart:~$ [mnet allo[16D[JNETMEM up=1200s pktRX=39/40 pktTX=8/16 bufRX=159/160/m102 bufTX=72/80/m17 sysheap_free=11208 alloc=21380 max=23860
[20:26:14.040] [1;32muart:~$ [mnet allo[16D[J[00:20:00.269,000] [0m<inf> shtc3: SHTC3: temperature=22.73 C humidity=47.88 %[0m
[20:26:14.056] [1;32muart:~$ [mnet allo[16D[J[1;32muart:~$ [mnet allocs
[20:26:15.213] Network memory allocations

[20:26:15.213] memory		Status	Pool	Function alloc -> freed
[20:26:15.214] 0x3c173cf0/1	 used	   RX	eth_esp32_rx():153
[20:26:15.214] 0x3c172f70/1	 used	   TX	net_ipv6_send_ns():2094
[20:26:15.215] 0x3c1730d8/1	 used	   TX	net_ipv6_send_ns():2094
[20:26:15.215] 0x3c173168/1	 used	   TX	net_ipv6_send_ns():2094
[20:26:15.215] 0x3c173288/1	 used	   TX	net_ipv6_send_ns():2094
[20:26:15.216] 0x3c173318/1	 used	   TX	net_ipv6_send_ns():2094
[20:26:15.216] 0x3c172fb8/1	 used	   TX	net_ipv6_send_ns():2094
[20:26:15.217] 0x3c173048/1	 used	   TX	net_ipv6_send_ns():2094
[20:26:15.217] 0x3c1731f8/1	 used	   TX	net_ipv6_send_ns():2094
[20:26:15.217] 0x3c173708	 free	   RX	eth_esp32_rx():153 -> processing_data():157
[20:26:15.218] 0x3c1736c0	 free	   RX	eth_esp32_rx():153 -> tcp_in():3635
[20:26:15.218] 0x3c172f28	 free	   TX	tcp_out_ext():1573 -> tcp_send():472
[20:26:15.219] 0x3c15d5f0	 free	TDATA	ethernet_fill_header():610 -> tcp_send():472
[20:26:15.219] 0x3c1731b0	 free	   TX	tcp_out_ext():1573 -> handle_na_neighbor():1896
[20:26:15.220] 0x3c173240	 free	   TX	tcp_out_ext():1573 -> handle_na_neighbor():1896
[20:26:15.221] 0x3c1732d0	 free	   TX	tcp_out_ext():1573 -> handle_na_neighbor():1896
[20:26:15.221] 0x3c1733f0	 free	   RX	eth_esp32_rx():153 -> net_icmpv6_input():408
[20:26:15.222] 0x3c1733a8	 free	   RX	eth_esp32_rx():153 -> processing_data():157
[20:26:15.222] 0x3c173630	 free	   RX	eth_esp32_rx():153 -> processing_data():157
[20:26:15.223] 0x3c173678	 free	   RX	eth_esp32_rx():153 -> processing_data():157
[20:26:15.223] 0x3c1736c0	 free	   RX	eth_esp32_rx():153 -> processing_data():157
[20:26:15.224] 0x3c173708	 free	   RX	eth_esp32_rx():153 -> processing_data():157
[20:26:15.224] 0x3c15d4bc	 free	TDATA	ethernet_fill_header():610 -> handle_na_neighbor():1896
[20:26:15.225] 0x3c173360	 free	   RX	eth_esp32_rx():153 -> processing_data():157
[20:26:15.225] 0x3c1734c8	 free	   RX	eth_esp32_rx():153 -> net_icmpv6_input():408
[20:26:15.226] 0x3c1735e8	 free	   RX	eth_esp32_rx():153 -> net_icmpv6_input():408
[20:26:15.227] 0x3c1735a0	 free	   RX	eth_esp32_rx():153 -> processing_data():157
[20:26:15.227] 0x3c173558	 free	   RX	eth_esp32_rx():153 -> processing_data():157
[20:26:15.228] 0x3c173510	 free	   RX	eth_esp32_rx():153 -> net_icmpv6_input():408
[20:26:15.228] 0x3c173480	 free	   RX	eth_esp32_rx():153 -> net_icmpv6_input():408
[20:26:15.229] 0x3c172f28	 free	   TX	tcp_out_ext():1573 -> handle_na_neighbor():1896
[20:26:15.229] 0x3c173510	 free	   RX	eth_esp32_rx():153 -> zsock_recv_stream_immediate():1423
[20:26:15.230] 0x3c1734c8	 free	   RX	eth_esp32_rx():153 -> zsock_recv_stream_immediate():1423
[20:26:15.231] 0x3c173480	 free	   RX	eth_esp32_rx():153 -> zsock_recv_stream_immediate():1423
[20:26:15.231] 0x3c172ee0	 free	   TX	tcp_out_ext():1573 -> tcp_send():472
[20:26:15.232] 0x3c15d4bc	 free	TDATA	ethernet_fill_header():610 -> tcp_send():472
[20:26:15.232] 0x3c15d4bc	 free	TDATA	ethernet_fill_header():610 -> tcp_send():472
[20:26:15.233] [1;32muart:~$ [m[8D[J[00:20:04.639,000] [1;31m<err> llss_client: device state HTTP 502[0m
[20:26:18.745] [1;32muart:~$ [m[8D[J[00:20:04.639,000] [1;31m<err> llss: Poll error 502[0m
[20:26:18.745] [1;32muart:~$ [m[8D[J[1;32muart:~$ [m[8D[J[00:20:09.743,000] [1;31m<err> llss_client: device state HTTP 502[0m
[20:26:23.849] [1;32muart:~$ [m[8D[J[00:20:09.743,000] [1;31m<err> llss: Poll error 502[0m
[20:26:23.849] [1;32muart:~$ [m[8D[J[1;32muart:~$ [m[8D[J[00:20:14.846,000] [1;31m<err> llss_client: device state HTTP 502[0m
[20:26:28.954] [1;32muart:~$ [m[8D[J[00:20:14.847,000] [1;31m<err> llss: Poll error 502[0m
[20:26:28.955] [1;32muart:~$ [m[8D[J[1;32muart:~$ [m[8D[J[00:20:19.960,000] [1;31m<err> llss_client: device state HTTP 502[0m
[20:26:34.066] [1;32muart:~$ [m[8D[J[00:20:19.960,000] [1;31m<err> llss: Poll error 502[0m
[20:26:34.066] [1;32muart:~$ [m[8D[J[1;32muart:~$ [m[8D[J[00:20:25.061,000] [1;31m<err> llss_client: device state HTTP 502[0m
[20:26:39.168] [1;32muart:~$ [m[8D[J[00:20:25.061,000] [1;31m<err> llss: Poll error 502[0m
[20:26:39.168] [1;32muart:~$ [m[8D[J[1;32muart:~$ [m[8D[J[00:20:30.172,000] [1;31m<err> llss_client: device state HTTP 502[0m
[20:26:44.279] [1;32muart:~$ [m[8D[J[00:20:30.172,000] [1;31m<err> llss: Poll error 502[0m
[20:26:44.279] [1;32muart:~$ [m[8D[JNETMEM up=1230s pktRX=39/40 pktTX=8/16 bufRX=159/160/m102 bufTX=72/80/m17 sysheap_free=11208 alloc=21380 max=23860
[20:26:44.280] [1;32muart:~$ [m[8D[J[1;32muart:~$ [m[8D[J[00:20:35.286,000] [1;31m<err> llss_client: device state HTTP 502[0m
[20:26:49.392] [1;32muart:~$ [m[8D[J[00:20:35.286,000] [1;31m<err> llss: Poll error 502[0m
[20:26:49.393] [1;32muart:~$ [m[8D[J[1;32muart:~$ [m[8D[J[00:20:40.399,000] [1;31m<err> llss_client: device state HTTP 502[0m
[20:26:54.505] [1;32muart:~$ [m[8D[J[00:20:40.399,000] [1;31m<err> llss: Poll error 502[0m
[20:26:54.506] [1;32muart:~$ [m[8D[J[1;32muart:~$ [m[8D[J[00:20:45.511,000] [1;31m<err> llss_client: device state HTTP 502[0m
[20:26:59.617] [1;32muart:~$ [m[8D[J[00:20:45.511,000] [1;31m<err> llss: Poll error 502[0m
[20:26:59.617] [1;32muart:~$ [m[8D[J[1;32muart:~$ [m[8D[J[00:20:50.616,000] [1;31m<err> llss_client: device state HTTP 502[0m
[20:27:04.722] [1;32muart:~$ [m[8D[J[00:20:50.616,000] [1;31m<err> llss: Poll error 502[0m
[20:27:04.723] [1;32muart:~$ [m[8D[J[1;32muart:~$ [m[8D[JNETMEM up=1260s pktRX=27/40 pktTX=8/16 bufRX=147/160/m102 bufTX=72/80/m17 sysheap_free=11208 alloc=21380 max=23860
[20:27:14.355] [1;32muart:~$ [m[8D[J[00:21:00.272,000] [0m<inf> shtc3: SHTC3: temperature=22.73 C humidity=47.78 %[0m
[20:27:14.355] [1;32muart:~$ [m[8D[J[1;32muart:~$ [m[8D[J[00:21:03.359,000] [1;31m<err> esp32_wifi: Failed to allocate net buffer[0m
[20:27:17.466] [1;32muart:~$ [m[8D[J[00:21:03.460,000] [1;31m<err> esp32_wifi: Failed to allocate net buffer[0m
[20:27:17.466] [1;32muart:~$ [m[8D[J[00:21:03.964,000] [1;31m<err> esp32_wifi: Failed to allocate net buffer[0m
[20:27:17.467] [1;32muart:~$ [m[8D[J[1;32muart:~$ [m[8D[J[00:21:04.998,000] [1;31m<err> esp32_wifi: Failed to allocate net buffer[0m
[20:27:19.104] [1;32muart:~$ [m[8D[J[00:21:05.397,000] [1;31m<err> esp32_wifi: Failed to allocate net buffer[0m
[20:27:19.105] [1;32muart:~$ [m[8D[J[00:21:05.498,000] [1;31m<err> esp32_wifi: Failed to allocate net buffer[0m
[20:27:19.106] [1;32muart:~$ [m[8D[J[00:21:05.737,000] [1;33m<wrn> llss_client: Cached server address failed (-116) — re-resolving[0m
[20:27:19.107] [1;32muart:~$ [m[8D[J[1;32muart:~$ [m[8D[J[00:21:10.737,000] [1;31m<err> llss_client: DNS resolve eink.tutu.eng.br: no results[0m
[20:27:24.844] [1;32muart:~$ [m[8D[J[1;32muart:~$ [m[8D[J[00:21:15.864,000] [1;31m<err> llss_client: device state HTTP 502[0m
[20:27:29.970] [1;32muart:~$ [m[8D[J[00:21:15.864,000] [1;31m<err> llss: Poll error 502[0m
[20:27:29.971] [1;32muart:~$ [m[8D[J[1;32muart:~$ [m[8D[J[00:21:20.971,000] [1;31m<err> llss_client: device state HTTP 502[0m
[20:27:35.077] [1;32muart:~$ [m[8D[J[00:21:20.971,000] [1;31m<err> llss: Poll error 502[0m
[20:27:35.078] [1;32muart:~$ [m[8D[J[1;32muart:~$ [m[8D[J[00:21:26.079,000] [1;31m<err> llss_client: device state HTTP 502[0m
[20:27:40.185] [1;32muart:~$ [m[8D[J[00:21:26.079,000] [1;31m<err> llss: Poll error 502[0m
[20:27:40.186] [1;32muart:~$ [m[8D[J[1;32muart:~$ [m[8D[JNETMEM up=1290s pktRX=39/40 pktTX=5/16 bufRX=159/160/m102 bufTX=69/80/m17 sysheap_free=11208 alloc=21380 max=23860
[20:27:44.355] [1;32muart:~$ [m[8D[J[00:21:31.205,000] [1;31m<err> llss_client: device state HTTP 502[0m
[20:27:44.356] [1;32muart:~$ [m[8D[J[00:21:31.206,000] [1;31m<err> llss: Poll error 502[0m
[20:27:44.357] [1;32muart:~$ [m[8D[J[1;32muart:~$ [m[8D[J[00:21:36.308,000] [1;31m<err> llss_client: device state HTTP 502[0m
[20:27:50.415] [1;32muart:~$ [m[8D[J[00:21:36.308,000] [1;31m<err> llss: Poll error 502[0m
[20:27:50.415] [1;32muart:~$ [m[8D[J[1;32muart:~$ [m[8D[J[00:21:41.414,000] [1;31m<err> llss_client: device state HTTP 502[0m
[20:27:55.520] [1;32muart:~$ [m[8D[J[00:21:41.414,000] [1;31m<err> llss: Poll error 502[0m
[20:27:55.521] [1;32muart:~$ [m[8D[J[1;32muart:~$ [m[8D[J[00:21:46.517,000] [1;31m<err> llss_client: device state HTTP 502[0m
[20:28:00.623] [1;32muart:~$ [m[8D[J[00:21:46.517,000] [1;31m<err> llss: Poll error 502[0m
[20:28:00.624] [1;32muart:~$ [m[8D[J[1;32muart:~$ [m[8D[J[00:21:51.627,000] [1;31m<err> llss_client: device state HTTP 502[0m
[20:28:05.733] [1;32muart:~$ [m[8D[J[00:21:51.627,000] [1;31m<err> llss: Poll error 502[0m
[20:28:05.734] [1;32muart:~$ [m[8D[J[1;32muart:~$ [m[8D[J[00:21:56.728,000] [1;31m<err> llss_client: device state HTTP 502[0m
[20:28:10.835] [1;32muart:~$ [m[8D[J[00:21:56.728,000] [1;31m<err> llss: Poll error 502[0m
[20:28:10.835] [1;32muart:~$ [m[8D[J[1;32muart:~$ [m[8D[JNETMEM up=1320s pktRX=39/40 pktTX=5/16 bufRX=159/160/m102 bufTX=69/80/m17 sysheap_free=11208 alloc=21380 max=23860
[20:28:14.355] [1;32muart:~$ [m[8D[J[00:22:00.275,000] [0m<inf> shtc3: SHTC3: temperature=22.91 C humidity=48.27 %[0m
[20:28:14.356] [1;32muart:~$ [m[8D[J[1;32muart:~$ [m[8D[J[00:22:01.827,000] [1;31m<err> llss_client: device state HTTP 502[0m
[20:28:15.933] [1;32muart:~$ [m[8D[J[00:22:01.827,000] [1;31m<err> llss: Poll error 502[0m
[20:28:15.934] [1;32muart:~$ [m[8D[J[1;32muart:~$ [mnet allocs
[20:28:20.948] Network memory allocations

[20:28:20.948] memory		Status	Pool	Function alloc -> freed
[20:28:20.949] 0x3c173cf0/1	 used	   RX	eth_esp32_rx():153
[20:28:20.949] 0x3c172f70/1	 used	   TX	net_ipv6_send_ns():2094
[20:28:20.950] 0x3c1730d8/1	 used	   TX	net_ipv6_send_ns():2094
[20:28:20.950] 0x3c173000/1	 used	   TX	net_ipv6_send_ns():2094
[20:28:20.951] 0x3c173168/1	 used	   TX	net_ipv6_send_ns():2094
[20:28:20.951] 0x3c173288/1	 used	   TX	net_ipv6_send_ns():2094
[20:28:20.951] 0x3c173318/1	 used	   TX	net_ipv6_send_ns():2094
[20:28:20.952] 0x3c172fb8/1	 used	   TX	net_ipv6_send_ns():2094
[20:28:20.952] 0x3c173048/1	 used	   TX	net_ipv6_send_ns():2094
[20:28:20.953] 0x3c1731f8/1	 used	   TX	net_ipv6_send_ns():2094
[20:28:20.953] 0x3c173240/1	 used	   TX	net_ipv6_send_ns():2094
[20:28:20.953] 0x3c173120/1	 used	   TX	net_ipv6_send_ns():2094
[20:28:20.954] 0x3c173e58	 free	   RX	eth_esp32_rx():153 -> processing_data():157
[20:28:20.954] 0x3c172ee0	 free	   TX	net_tcp_reply_rst():1487 -> tcp_send():472
[20:28:20.955] 0x3c15d580	 free	TDATA	ethernet_fill_header():610 -> tcp_send():472
[20:28:20.955] 0x3c15d628	 free	TDATA	ethernet_fill_header():610 -> tcp_send():472
[20:28:20.956] 0x3c1733f0	 free	   RX	eth_esp32_rx():153 -> net_icmpv6_input():408
[20:28:20.956] 0x3c173480	 free	   RX	eth_esp32_rx():153 -> processing_data():157
[20:28:20.957] 0x3c1734c8	 free	   RX	eth_esp32_rx():153 -> processing_data():157
[20:28:20.958] 0x3c173510	 free	   RX	eth_esp32_rx():153 -> processing_data():157
[20:28:20.958] 0x3c173558	 free	   RX	eth_esp32_rx():153 -> processing_data():157
[20:28:20.959] 0x3c1735a0	 free	   RX	eth_esp32_rx():153 -> processing_data():157
[20:28:20.959] 0x3c1735e8	 free	   RX	eth_esp32_rx():153 -> processing_data():157
[20:28:20.960] 0x3c173360	 free	   RX	eth_esp32_rx():153 -> processing_data():157
[20:28:20.960] 0x3c173750	 free	   RX	eth_esp32_rx():153 -> processing_data():157
[20:28:20.961] 0x3c173798	 free	   RX	eth_esp32_rx():153 -> processing_data():157
[20:28:20.961] 0x3c1737e0	 free	   RX	eth_esp32_rx():153 -> processing_data():157
[20:28:20.962] 0x3c173828	 free	   RX	eth_esp32_rx():153 -> processing_data():157
[20:28:20.962] 0x3c173870	 free	   RX	eth_esp32_rx():153 -> processing_data():157
[20:28:20.963] 0x3c1738b8	 free	   RX	eth_esp32_rx():153 -> processing_data():157
[20:28:20.963] 0x3c173900	 free	   RX	eth_esp32_rx():153 -> processing_data():157
[20:28:20.964] 0x3c173948	 free	   RX	eth_esp32_rx():153 -> processing_data():157
[20:28:20.964] 0x3c173990	 free	   RX	eth_esp32_rx():153 -> processing_data():157
[20:28:20.965] 0x3c1739d8	 free	   RX	eth_esp32_rx():153 -> processing_data():157
[20:28:20.965] 0x3c173a20	 free	   RX	eth_esp32_rx():153 -> processing_data():157
[20:28:20.966] 0x3c173ca8	 free	   RX	eth_esp32_rx():153 -> processing_data():157
[20:28:20.967] 0x3c173c60	 free	   RX	eth_esp32_rx():153 -> processing_data():157
[20:28:20.967] 0x3c173c18	 free	   RX	eth_esp32_rx():153 -> processing_data():157
[20:28:20.968] 0x3c173a68	 free	   RX	eth_esp32_rx():153 -> processing_data():157
[20:28:20.968] 0x3c173ab0	 free	   RX	eth_esp32_rx():153 -> processing_data():157
[20:28:20.969] 0x3c173af8	 free	   RX	eth_esp32_rx():153 -> processing_data():157
[20:28:20.969] 0x3c173b40	 free	   RX	eth_esp32_rx():153 -> processing_data():157
[20:28:20.970] 0x3c173b88	 free	   RX	eth_esp32_rx():153 -> processing_data():157
[20:28:20.970] 0x3c173bd0	 free	   RX	eth_esp32_rx():153 -> processing_data():157
[20:28:20.971] 0x3c173438	 free	   RX	eth_esp32_rx():153 -> processing_data():157
[20:28:20.971] 0x3c173d38	 free	   RX	eth_esp32_rx():153 -> processing_data():157
[20:28:20.972] 0x3c173d80	 free	   RX	eth_esp32_rx():153 -> processing_data():157
[20:28:20.972] 0x3c173dc8	 free	   RX	eth_esp32_rx():153 -> processing_data():157
[20:28:20.973] 0x3c173e10	 free	   RX	eth_esp32_rx():153 -> processing_data():157
[20:28:20.973] 0x3c173e58	 free	   RX	eth_esp32_rx():153 -> processing_data():157
[20:28:20.974] 0x3c172f28	 free	   TX	tcp_out_ext():1573 -> handle_na_neighbor():1896
[20:28:20.975] [1;32muart:~$ [m[8D[J[00:22:06.930,000] [1;31m<err> llss_client: device state HTTP 502[0m
[20:28:21.041] [1;32muart:~$ [m[8D[J[00:22:06.934,000] [1;31m<err> llss: Poll error 502[0m
[20:28:21.041] [1;32muart:~$ [m[8D[J[1;32muart:~$ [m[8D[J[00:22:12.050,000] [1;31m<err> llss_client: device state HTTP 502[0m
[20:28:26.157] [1;32muart:~$ [m[8D[J[00:22:12.050,000] [1;31m<err> llss: Poll error 502[0m
[20:28:26.158] [1;32muart:~$ [m[8D[J[1;32muart:~$ [m[8D[J[00:22:17.166,000] [1;31m<err> llss_client: device state HTTP 502[0m
[20:28:31.273] [1;32muart:~$ [m[8D[J[00:22:17.166,000] [1;31m<err> llss: Poll error 502[0m
[20:28:31.274] [1;32muart:~$ [m[8D[J[1;32muart:~$ [m[8D[J[00:22:22.274,000] [1;31m<err> llss_client: device state HTTP 502[0m
[20:28:36.380] [1;32muart:~$ [m[8D[J[00:22:22.274,000] [1;31m<err> llss: Poll error 502[0m
[20:28:36.381] [1;32muart:~$ [m[8D[J[1;32muart:~$ [m[8D[J[00:22:27.385,000] [1;31m<err> llss_client: device state HTTP 502[0m
[20:28:41.492] [1;32muart:~$ [m[8D[J[00:22:27.385,000] [1;31m<err> llss: Poll error 502[0m
[20:28:41.492] [1;32muart:~$ [m[8D[J[1;32muart:~$ [m[8D[JNETMEM up=1350s pktRX=39/40 pktTX=5/16 bufRX=159/160/m102 bufTX=69/80/m17 sysheap_free=11208 alloc=21380 max=23860
[20:28:44.356] [1;32muart:~$ [m[8D[J[1;32muart:~$ [m[8D[J[00:22:32.494,000] [1;31m<err> llss_client: device state HTTP 502[0m
[20:28:46.601] [1;32muart:~$ [m[8D[J[00:22:32.494,000] [1;31m<err> llss: Poll error 502[0m
[20:28:46.601] [1;32muart:~$ [m[8D[J[1;32muart:~$ [m[8D[J[00:22:37.628,000] [1;31m<err> llss_client: device state HTTP 502[0m
[20:28:51.735] [1;32muart:~$ [m[8D[J[00:22:37.628,000] [1;31m<err> llss: Poll error 502[0m
[20:28:51.735] [1;32muart:~$ [m[8D[J[1;32muart:~$ [m[8D[J[00:22:42.734,000] [1;31m<err> llss_client: device state HTTP 502[0m
[20:28:56.841] [1;32muart:~$ [m[8D[J[00:22:42.734,000] [1;31m<err> llss: Poll error 502[0m
[20:28:56.841] [1;32muart:~$ [m[8D[J[1;32muart:~$ [m[8D[J[00:22:47.852,000] [1;31m<err> llss_client: device state HTTP 502[0m
[20:29:01.958] [1;32muart:~$ [m[8D[J[00:22:47.852,000] [1;31m<err> llss: Poll error 502[0m
[20:29:01.959] [1;32muart:~$ [m[8D[J[1;32muart:~$ [m[8D[J[00:22:52.957,000] [1;31m<err> llss_client: device state HTTP 502[0m
[20:29:07.064] [1;32muart:~$ [m[8D[J[00:22:52.957,000] [1;31m<err> llss: Poll error 502[0m
[20:29:07.065] [1;32muart:~$ [m[8D[J[1;32muart:~$ [m[8D[J[00:22:58.079,000] [1;31m<err> llss_client: device state HTTP 502[0m
[20:29:12.187] [1;32muart:~$ [m[8D[J[00:22:58.079,000] [1;31m<err> llss: Poll error 502[0m
[20:29:12.187] [1;32muart:~$ [m[8D[J[1;32muart:~$ [m[8D[JNETMEM up=1380s pktRX=39/40 pktTX=5/16 bufRX=159/160/m102 bufTX=69/80/m17 sysheap_free=11208 alloc=21380 max=23860
[20:29:14.356] [1;32muart:~$ [m[8D[J[00:23:00.278,000] [0m<inf> shtc3: SHTC3: temperature=22.75 C humidity=47.86 %[0m
[20:29:14.357] [1;32muart:~$ [m[8D[J[1;32muart:~$ [m[8D[J[00:23:03.206,000] [1;31m<err> llss_client: device state HTTP 502[0m
[20:29:17.313] [1;32muart:~$ [m[8D[J[00:23:03.206,000] [1;31m<err> llss: Poll error 502[0m
[20:29:17.313] [1;32muart:~$ [m[8D[J[1;32muart:~$ [m[8D[J[00:23:08.326,000] [1;31m<err> llss_client: device state HTTP 502[0m
[20:29:22.433] [1;32muart:~$ [m[8D[J[00:23:08.326,000] [1;31m<err> llss: Poll error 502[0m
[20:29:22.434] [1;32muart:~$ [m[8D[J[1;32muart:~$ [m[8D[J[00:23:13.444,000] [1;31m<err> llss_client: device state HTTP 502[0m
[20:29:27.551] [1;32muart:~$ [m[8D[J[00:23:13.444,000] [1;31m<err> llss: Poll error 502[0m
[20:29:27.552] [1;32muart:~$ [m[8D[J[1;32muart:~$ [m[8D[J[00:23:18.552,000] [1;31m<err> llss_client: device state HTTP 502[0m
[20:29:32.660] [1;32muart:~$ [m[8D[J[00:23:18.552,000] [1;31m<err> llss: Poll error 502[0m
[20:29:32.660] [1;32muart:~$ [m[8D[J[1;32muart:~$ [m[8D[J[00:23:23.767,000] [1;31m<err> llss_client: device state HTTP 502[0m
[20:29:37.874] [1;32muart:~$ [m[8D[J[00:23:23.767,000] [1;31m<err> llss: Poll error 502[0m
[20:29:37.875] [1;32muart:~$ [m[8D[J[1;32muart:~$ [m[8D[J[00:23:28.888,000] [1;31m<err> llss_client: device state HTTP 502[0m
[20:29:42.995] [1;32muart:~$ [m[8D[J[00:23:28.888,000] [1;31m<err> llss: Poll error 502[0m
[20:29:42.996] [1;32muart:~$ [m[8D[J[1;32muart:~$ [m[8D[JNETMEM up=1410s pktRX=39/40 pktTX=5/16 bufRX=159/160/m102 bufTX=69/80/m17 sysheap_free=11208 alloc=21380 max=23860
[20:29:44.357] [1;32muart:~$ [m[8D[J[1;32muart:~$ [m[8D[J[00:23:34.013,000] [1;31m<err> llss_client: device state HTTP 502[0m
[20:29:48.121] [1;32muart:~$ [m[8D[J[00:23:34.013,000] [1;31m<err> llss: Poll error 502[0m
[20:29:48.122] [1;32muart:~$ [m[8D[J[1;32muart:~$ [m[8D[J[00:23:39.124,000] [1;31m<err> llss_client: device state HTTP 502[0m
[20:29:53.231] [1;32muart:~$ [m[8D[J[00:23:39.124,000] [1;31m<err> llss: Poll error 502[0m
[20:29:53.232] [1;32muart:~$ [m[8D[J[1;32muart:~$ [m[8D[J[00:23:44.245,000] [1;31m<err> llss_client: device state HTTP 502[0m
[20:29:58.352] [1;32muart:~$ [m[8D[J[00:23:44.245,000] [1;31m<err> llss: Poll error 502[0m
[20:29:58.353] [1;32muart:~$ [m[8D[J[1;32muart:~$ [m[8D[J[00:23:49.383,000] [1;31m<err> llss_client: device state HTTP 502[0m
[20:30:03.491] [1;32muart:~$ [m[8D[J[00:23:49.383,000] [1;31m<err> llss: Poll error 502[0m
[20:30:03.492] [1;32muart:~$ [m[8D[J[1;32muart:~$ [m[8D[J[00:23:54.508,000] [1;31m<err> llss_client: device state HTTP 502[0m
[20:30:08.615] [1;32muart:~$ [m[8D[J[00:23:54.508,000] [1;31m<err> llss: Poll error 502[0m
[20:30:08.616] [1;32muart:~$ [m[8D[J[1;32muart:~$ [m[8D[J[00:23:59.628,000] [1;31m<err> llss_client: device state HTTP 502[0m
[20:30:13.736] [1;32muart:~$ [m[8D[J[00:23:59.628,000] [1;31m<err> llss: Poll error 502[0m
[20:30:13.736] [1;32muart:~$ [m[8D[JNETMEM up=1440s pktRX=38/40 pktTX=5/16 bufRX=158/160/m102 bufTX=69/80/m17 sysheap_free=11208 alloc=21380 max=23860
[20:30:13.737] [1;32muart:~$ [m[8D[J[00:24:00.281,000] [0m<inf> shtc3: SHTC3: temperature=22.67 C humidity=48.42 %[0m
[20:30:13.738] [1;32muart:~$ [m[8D[J[1;32muart:~$ [m[8D[J[00:24:04.747,000] [1;31m<err> llss_client: device state HTTP 502[0m
[20:30:18.855] [1;32muart:~$ [m[8D[J[00:24:04.747,000] [1;31m<err> llss: Poll error 502[0m
[20:30:18.855] [1;32muart:~$ [m[8D[J[1;32muart:~$ [m[8D[J[00:24:09.868,000] [1;31m<err> llss_client: device state HTTP 502[0m
[20:30:23.976] [1;32muart:~$ [m[8D[J[00:24:09.868,000] [1;31m<err> llss: Poll error 502[0m
[20:30:23.976] [1;32muart:~$ [m[8D[J[1;32muart:~$ [m[8D[J[00:24:14.994,000] [1;31m<err> llss_client: device state HTTP 502[0m
[20:30:29.102] [1;32muart:~$ [m[8D[J[00:24:14.994,000] [1;31m<err> llss: Poll error 502[0m
[20:30:29.103] [1;32muart:~$ [m[8D[J[1;32muart:~$ [m[8D[J[00:24:20.128,000] [1;31m<err> llss_client: device state HTTP 502[0m
[20:30:34.236] [1;32muart:~$ [m[8D[J[00:24:20.128,000] [1;31m<err> llss: Poll error 502[0m
[20:30:34.237] [1;32muart:~$ [m[8D[J[1;32muart:~$ [m[8D[J[00:24:25.248,000] [1;31m<err> llss_client: device state HTTP 502[0m
[20:30:39.356] [1;32muart:~$ [m[8D[J[00:24:25.248,000] [1;31m<err> llss: Poll error 502[0m
[20:30:39.356] [1;32muart:~$ [m[8D[J[1;32muart:~$ [m[8D[JNETMEM up=1470s pktRX=38/40 pktTX=5/16 bufRX=158/160/m102 bufTX=69/80/m17 sysheap_free=11172 alloc=21416 max=23860
[20:30:44.366] [1;32muart:~$ [m[8D[J[00:24:30.373,000] [1;31m<err> llss_client: device state HTTP 502[0m
[20:30:44.367] [1;32muart:~$ [m[8D[J[00:24:30.373,000] [1;31m<err> llss: Poll error 502[0m
[20:30:44.367] [1;32muart:~$ [m[8D[J[1;32muart:~$ [m[8D[J[00:24:35.490,000] [1;31m<err> llss_client: device state HTTP 502[0m
[20:30:49.598] [1;32muart:~$ [m[8D[J[00:24:35.491,000] [1;31m<err> llss: Poll error 502[0m
[20:30:49.599] [1;32muart:~$ [m[8D[J[1;32muart:~$ [m[8D[J[00:24:40.615,000] [1;31m<err> llss_client: device state HTTP 502[0m
[20:30:54.723] [1;32muart:~$ [m[8D[J[00:24:40.615,000] [1;31m<err> llss: Poll error 502[0m
[20:30:54.724] [1;32muart:~$ [m[8D[J[1;32muart:~$ [m[8D[J[00:24:45.739,000] [1;31m<err> llss_client: device state HTTP 502[0m
[20:30:59.847] [1;32muart:~$ [m[8D[J[00:24:45.739,000] [1;31m<err> llss: Poll error 502[0m
[20:30:59.848] [1;32muart:~$ [m[8D[J[1;32muart:~$ [m[8D[J[00:24:50.858,000] [1;31m<err> llss_client: device state HTTP 502[0m
[20:31:04.966] [1;32muart:~$ [m[8D[J[00:24:50.858,000] [1;31m<err> llss: Poll error 502[0m
[20:31:04.966] [1;32muart:~$ [m[8D[J[1;32muart:~$ [m[8D[J[00:24:55.987,000] [1;31m<err> llss_client: device state HTTP 502[0m
[20:31:10.095] [1;32muart:~$ [m[8D[J[00:24:55.987,000] [1;31m<err> llss: Poll error 502[0m
[20:31:10.095] [1;32muart:~$ [m[8D[J[1;32muart:~$ [m[8D[JThread analyze:
[20:31:13.291] [1;32muart:~$ [m[8D[J wdt_sentinel_tid    : STACK: unused 432 usage 336 / 768 (43 %); CPU: 0 %
[20:31:13.291] [1;32muart:~$ [m[8D[J                     : Total CPU cycles used: 10474586
[20:31:13.292] [1;32muart:~$ [m[8D[J thread_analyzer     : STACK: unused 112 usage 912 / 1024 (89 %); CPU: 0 %
[20:31:13.293] [1;32muart:~$ [m[8D[J                     : Total CPU cycles used: 3517674
[20:31:13.294] [1;32muart:~$ [m[8D[J sys_wdt_tid         : STACK: unused 704 usage 320 / 1024 (31 %); CPU: 0 %
[20:31:13.294] [1;32muart:~$ [m[8D[J                     : Total CPU cycles used: 2227951
[20:31:13.295] [1;32muart:~$ [m[8D[J shtc3_thread        : STACK: unused 1360 usage 688 / 2048 (33 %); CPU: 0 %
[20:31:13.296] [1;32muart:~$ [m[8D[J                     : Total CPU cycles used: 1551695
[20:31:13.296] [1;32muart:~$ [m[8D[J ntp_thread          : STACK: unused 2464 usage 1632 / 4096 (39 %); CPU: 0 %
[20:31:13.297] [1;32muart:~$ [m[8D[J                     : Total CPU cycles used: 1546234
[20:31:13.298] [1;32muart:~$ [m[8D[J netmem_tid          : STACK: unused 624 usage 656 / 1280 (51 %); CPU: 0 %
[20:31:13.299] [1;32muart:~$ [m[8D[J                     : Total CPU cycles used: 1383684
[20:31:13.299] [1;32muart:~$ [m[8D[J llss_thread         : STACK: unused 11584 usage 4800 / 16384 (29 %); CPU: 1 %
[20:31:13.300] [1;32muart:~$ [m[8D[J                     : Total CPU cycles used: 4756002808
[20:31:13.301] [1;32muart:~$ [m[8D[J input               : STACK: unused 688 usage 336 / 1024 (32 %); CPU: 0 %
[20:31:13.302] [1;32muart:~$ [m[8D[J                     : Total CPU cycles used: 25302
[20:31:13.302] [1;32muart:~$ [m[8D[J display_thread      : STACK: unused 8640 usage 3648 / 12288 (29 %); CPU: 0 %
[20:31:13.303] [1;32muart:~$ [m[8D[J                     : Total CPU cycles used: 258962209
[20:31:13.305] [1;32muart:~$ [m[8D[J device_ui_thread    : STACK: unused 4496 usage 3696 / 8192 (45 %); CPU: 0 %
[20:31:13.305] [1;32muart:~$ [m[8D[J                     : Total CPU cycles used: 1500313097
[20:31:13.306] [1;32muart:~$ [m[8D[J conn_mgr_monitor    : STACK: unused 176 usage 336 / 512 (65 %); CPU: 0 %
[20:31:13.307] [1;32muart:~$ [m[8D[J                     : Total CPU cycles used: 84110
[20:31:13.307] [1;32muart:~$ [m[8D[J net_socket_service  : STACK: unused 3280 usage 816 / 4096 (19 %); CPU: 0 %
[20:31:13.308] [1;32muart:~$ [m[8D[J                     : Total CPU cycles used: 3823289
[20:31:13.310] [1;32muart:~$ [m[8D[J rx_q[0]             : STACK: unused 496 usage 1552 / 2048 (75 %); CPU: 0 %
[20:31:13.310] [1;32muart:~$ [m[8D[J                     : Total CPU cycles used: 985955262
[20:31:13.311] [1;32muart:~$ [m[8D[J net_mgmt            : STACK: unused 3424 usage 672 / 4096 (16 %); CPU: 0 %
[20:31:13.312] [1;32muart:~$ [m[8D[J                     : Total CPU cycles used: 1017867
[20:31:13.312] [1;32muart:~$ [m[8D[J tcp_work            : STACK: unused 928 usage 1120 / 2048 (54 %); CPU: 0 %
[20:31:13.313] [1;32muart:~$ [m[8D[J                     : Total CPU cycles used: 14812426
[20:31:13.314] [1;32muart:~$ [m[8D[J shell_uart          : STACK: unused 2384 usage 1712 / 4096 (41 %); CPU: 0 %
[20:31:13.315] [1;32muart:~$ [m[8D[J                     : Total CPU cycles used: 96310322
[20:31:13.315] [1;32muart:~$ [m[8D[J wifi                : STACK: unused 1440 usage 2144 / 3584 (59 %); CPU: 1 %
[20:31:13.316] [1;32muart:~$ [m[8D[J                     : Total CPU cycles used: 3684985350
[20:31:13.317] [1;32muart:~$ [m[8D[J sysworkq            : STACK: unused 3232 usage 864 / 4096 (21 %); CPU: 0 %
[20:31:13.318] [1;32muart:~$ [m[8D[J                     : Total CPU cycles used: 35226195
[20:31:13.318] [1;32muart:~$ [m[8D[J esp_timer           : STACK: unused 3568 usage 528 / 4096 (12 %); CPU: 0 %
[20:31:13.319] [1;32muart:~$ [m[8D[J                     : Total CPU cycles used: 149045416
[20:31:13.320] [1;32muart:~$ [m[8D[J logging             : STACK: unused 544 usage 480 / 1024 (46 %); CPU: 0 %
[20:31:13.320] [1;32muart:~$ [m[8D[J                     : Total CPU cycles used: 11952903
[20:31:13.321] [1;32muart:~$ [m[8D[J idle                : STACK: unused 816 usage 208 / 1024 (20 %); CPU: 96 %
[20:31:13.322] [1;32muart:~$ [m[8D[J                     : Total CPU cycles used: 348080991554
[20:31:13.323] [1;32muart:~$ [m[8D[J ISR0                : STACK: unused 1520 usage 528 / 2048 (25 %); CPU: 0 %
[20:31:13.323] [1;32muart:~$ [m[8D[J                     : Total CPU cycles used: 0
[20:31:13.324] [1;32muart:~$ [m[8D[J[1;32muart:~$ [m[8D[J[1;32muart:~$ [m[8D[JNETMEM up=1500s pktRX=38/40 pktTX=5/16 bufRX=158/160/m102 bufTX=69/80/m17 sysheap_free=11208 alloc=21380 max=23860
[20:31:14.368] [1;32muart:~$ [m[8D[J[00:25:00.284,000] [0m<inf> shtc3: SHTC3: temperature=22.87 C humidity=48.46 %[0m
[20:31:14.368] [1;32muart:~$ [m[8D[J[00:25:01.134,000] [1;31m<err> llss_client: device state HTTP 502[0m
[20:31:14.369] [1;32muart:~$ [m[8D[J[00:25:01.134,000] [1;31m<err> llss: Poll error 502[0m
[20:31:14.369] [1;32muart:~$ [m[8D[J[1;32muart:~$ [m[8D[J[00:25:06.271,000] [1;31m<err> llss_client: device state HTTP 502[0m
[20:31:20.379] [1;32muart:~$ [m[8D[J[00:25:06.271,000] [1;31m<err> llss: Poll error 502[0m
[20:31:20.380] [1;32muart:~$ [m[8D[J[1;32muart:~$ [m[8D[J[00:25:11.400,000] [1;31m<err> llss_client: device state HTTP 502[0m
[20:31:25.508] [1;32muart:~$ [m[8D[J[00:25:11.400,000] [1;31m<err> llss: Poll error 502[0m
[20:31:25.509] [1;32muart:~$ [m[8D[J[1;32muart:~$ [m[8D[J[00:25:16.532,000] [1;31m<err> llss_client: device state HTTP 502[0m
[20:31:30.640] [1;32muart:~$ [m[8D[J[00:25:16.532,000] [1;31m<err> llss: Poll error 502[0m
[20:31:30.641] [1;32muart:~$ [m[8D[J[1;32muart:~$ [m[8D[J[00:25:21.659,000] [1;31m<err> llss_client: device state HTTP 502[0m
[20:31:35.767] [1;32muart:~$ [m[8D[J[00:25:21.659,000] [1;31m<err> llss: Poll error 502[0m
[20:31:35.767] [1;32muart:~$ [m[8D[J[1;32muart:~$ [m[8D[J[00:25:26.788,000] [1;31m<err> llss_client: device state HTTP 502[0m
[20:31:40.896] [1;32muart:~$ [m[8D[J[00:25:26.788,000] [1;31m<err> llss: Poll error 502[0m
[20:31:40.897] [1;32muart:~$ [m[8D[J[1;32muart:~$ [m[8D[JNETMEM up=1530s pktRX=38/40 pktTX=5/16 bufRX=158/160/m102 bufTX=69/80/m17 sysheap_free=11208 alloc=21380 max=23860
[20:31:44.367] [1;32muart:~$ [m[8D[J[1;32muart:~$ [m[8D[J[00:25:31.916,000] [1;31m<err> llss_client: device state HTTP 502[0m
[20:31:46.024] [1;32muart:~$ [m[8D[J[00:25:31.916,000] [1;31m<err> llss: Poll error 502[0m
[20:31:46.025] [1;32muart:~$ [m[8D[J[1;32muart:~$ [m[8D[J[00:25:37.041,000] [1;31m<err> llss_client: device state HTTP 502[0m
[20:31:51.149] [1;32muart:~$ [m[8D[J[00:25:37.041,000] [1;31m<err> llss: Poll error 502[0m
[20:31:51.150] [1;32muart:~$ [m[8D[J[1;32muart:~$ [m[8D[J[00:25:42.167,000] [1;31m<err> llss_client: device state HTTP 502[0m
[20:31:56.275] [1;32muart:~$ [m[8D[J[00:25:42.167,000] [1;31m<err> llss: Poll error 502[0m
[20:31:56.276] [1;32muart:~$ [m[8D[J[1;32muart:~$ [m[8D[J[00:25:47.297,000] [1;31m<err> llss_client: device state HTTP 502[0m
[20:32:01.405] [1;32muart:~$ [m[8D[J[00:25:47.297,000] [1;31m<err> llss: Poll error 502[0m
[20:32:01.406] [1;32muart:~$ [m[8D[J[1;32muart:~$ [m[8D[J[00:25:52.426,000] [1;31m<err> llss_client: device state HTTP 502[0m
[20:32:06.535] [1;32muart:~$ [m[8D[J[00:25:52.426,000] [1;31m<err> llss: Poll error 502[0m
[20:32:06.536] [1;32muart:~$ [m[8D[J[1;32muart:~$ [m[8D[J[00:25:57.557,000] [1;31m<err> llss_client: device state HTTP 502[0m
[20:32:11.665] [1;32muart:~$ [m[8D[J[00:25:57.557,000] [1;31m<err> llss: Poll error 502[0m
[20:32:11.666] [1;32muart:~$ [m[8D[J[1;32muart:~$ [m[8D[JNETMEM up=1560s pktRX=38/40 pktTX=5/16 bufRX=158/160/m102 bufTX=69/80/m17 sysheap_free=11208 alloc=21380 max=23860
[20:32:14.367] [1;32muart:~$ [m[8D[J[00:26:00.286,000] [0m<inf> shtc3: SHTC3: temperature=22.73 C humidity=47.88 %[0m
[20:32:14.368] [1;32muart:~$ [m[8D[J[1;32muart:~$ [m[8D[J[00:26:02.682,000] [1;31m<err> llss_client: device state HTTP 502[0m
[20:32:16.790] [1;32muart:~$ [m[8D[J[00:26:02.682,000] [1;31m<err> llss: Poll error 502[0m
[20:32:16.791] [1;32muart:~$ [m[8D[J[1;32muart:~$ [m[8D[J[00:26:07.829,000] [1;31m<err> llss_client: device state HTTP 502[0m
[20:32:21.937] [1;32muart:~$ [m[8D[J[00:26:07.829,000] [1;31m<err> llss: Poll error 502[0m
[20:32:21.938] [1;32muart:~$ [m[8D[J[1;32muart:~$ [m[8D[J[00:26:13.017,000] [1;31m<err> llss_client: device state HTTP 502[0m
[20:32:27.125] [1;32muart:~$ [m[8D[J[00:26:13.017,000] [1;31m<err> llss: Poll error 502[0m
[20:32:27.126] [1;32muart:~$ [m[8D[J[1;32muart:~$ [m[8D[J[00:26:18.125,000] [1;31m<err> llss_client: device state HTTP 502[0m
[20:32:32.233] [1;32muart:~$ [m[8D[J[00:26:18.125,000] [1;31m<err> llss: Poll error 502[0m
[20:32:32.234] [1;32muart:~$ [m[8D[J[1;32muart:~$ [m[8D[J[00:26:23.235,000] [1;31m<err> llss_client: device state HTTP 502[0m
[20:32:37.343] [1;32muart:~$ [m[8D[J[00:26:23.235,000] [1;31m<err> llss: Poll error 502[0m
[20:32:37.344] [1;32muart:~$ [m[8D[J[1;32muart:~$ [m[8D[J[00:26:28.346,000] [1;31m<err> llss_client: device state HTTP 502[0m
[20:32:42.454] [1;32muart:~$ [m[8D[J[00:26:28.346,000] [1;31m<err> llss: Poll error 502[0m
[20:32:42.455] [1;32muart:~$ [m[8D[J[1;32muart:~$ [m[8D[JNETMEM up=1590s pktRX=38/40 pktTX=5/16 bufRX=158/160/m102 bufTX=69/80/m17 sysheap_free=11208 alloc=21380 max=23860
[20:32:44.368] [1;32muart:~$ [m[8D[J[1;32muart:~$ [m[8D[J[00:26:33.444,000] [1;31m<err> llss_client: device state HTTP 502[0m
[20:32:47.553] [1;32muart:~$ [m[8D[J[00:26:33.444,000] [1;31m<err> llss: Poll error 502[0m
[20:32:47.554] [1;32muart:~$ [m[8D[J[1;32muart:~$ [m[8D[J[00:26:38.555,000] [1;31m<err> llss_client: device state HTTP 502[0m
[20:32:52.664] [1;32muart:~$ [m[8D[J[00:26:38.555,000] [1;31m<err> llss: Poll error 502[0m
[20:32:52.664] [1;32muart:~$ [m[8D[J[1;32muart:~$ [m[8D[J[00:26:43.663,000] [1;31m<err> llss_client: device state HTTP 502[0m
[20:32:57.772] [1;32muart:~$ [m[8D[J[00:26:43.663,000] [1;31m<err> llss: Poll error 502[0m
[20:32:57.772] [1;32muart:~$ [m[8D[J[1;32muart:~$ [m[8D[J[00:26:48.776,000] [1;31m<err> llss_client: device state HTTP 502[0m
[20:33:02.884] [1;32muart:~$ [m[8D[J[00:26:48.776,000] [1;31m<err> llss: Poll error 502[0m
[20:33:02.885] [1;32muart:~$ [m[8D[J[1;32muart:~$ [m[8D[J[00:26:53.871,000] [1;31m<err> llss_client: device state HTTP 502[0m
[20:33:07.980] [1;32muart:~$ [m[8D[J[00:26:53.871,000] [1;31m<err> llss: Poll error 502[0m
[20:33:07.981] [1;32muart:~$ [m[8D[J[1;32muart:~$ [m[8D[J[00:26:58.980,000] [1;31m<err> llss_client: device state HTTP 502[0m
[20:33:13.089] [1;32muart:~$ [m[8D[J[00:26:58.980,000] [1;31m<err> llss: Poll error 502[0m
[20:33:13.089] [1;32muart:~$ [m[8D[J[1;32muart:~$ [m[8D[JNETMEM up=1620s pktRX=38/40 pktTX=5/16 bufRX=158/160/m102 bufTX=69/80/m17 sysheap_free=11208 alloc=21380 max=23860
[20:33:14.368] [1;32muart:~$ [m[8D[J[00:27:00.289,000] [0m<inf> shtc3: SHTC3: temperature=22.73 C humidity=48.53 %[0m
[20:33:14.369] [1;32muart:~$ [m[8D[J[1;32muart:~$ [m[8D[J[00:27:04.084,000] [1;31m<err> llss_client: device state HTTP 502[0m
[20:33:18.192] [1;32muart:~$ [m[8D[J[00:27:04.085,000] [1;31m<err> llss: Poll error 502[0m
[20:33:18.193] [1;32muart:~$ [m[8D[J[1;32muart:~$ [m[8D[J[00:27:09.191,000] [1;31m<err> llss_client: device state HTTP 502[0m
[20:33:23.300] [1;32muart:~$ [m[8D[J[00:27:09.191,000] [1;31m<err> llss: Poll error 502[0m
[20:33:23.301] [1;32muart:~$ [m[8D[J[1;32muart:~$ [m[8D[J[00:27:14.301,000] [1;31m<err> llss_client: device state HTTP 502[0m
[20:33:28.410] [1;32muart:~$ [m[8D[J[00:27:14.301,000] [1;31m<err> llss: Poll error 502[0m
[20:33:28.410] [1;32muart:~$ [m[8D[J[1;32muart:~$ [m[8D[J[00:27:29.330,000] [1;33m<wrn> llss_client: Cached server address failed (-116) — re-resolving[0m
[20:33:43.439] [1;32muart:~$ [m[8D[J[00:27:29.503,000] [1;31m<err> llss_client: device state HTTP 502[0m
[20:33:43.440] [1;32muart:~$ [m[8D[J[00:27:29.503,000] [1;31m<err> llss: Poll error 502[0m
[20:33:43.440] [1;32muart:~$ [m[8D[JNETMEM up=1650s pktRX=38/40 pktTX=5/16 bufRX=158/160/m102 bufTX=69/80/m17 sysheap_free=11208 alloc=21380 max=24088
[20:33:43.442] [1;32muart:~$ [m[8D[J[1;32muart:~$ [m[8D[J[00:27:34.617,000] [1;31m<err> llss_client: device state HTTP 502[0m
[20:33:48.725] [1;32muart:~$ [m[8D[J[00:27:34.617,000] [1;31m<err> llss: Poll error 502[0m
[20:33:48.726] [1;32muart:~$ [m[8D[J[1;32muart:~$ [m[8D[J[00:27:39.717,000] [1;31m<err> llss_client: device state HTTP 502[0m
[20:33:53.826] [1;32muart:~$ [m[8D[J[00:27:39.717,000] [1;31m<err> llss: Poll error 502[0m
[20:33:53.826] [1;32muart:~$ [m[8D[J[1;32muart:~$ [m[8D[J[00:27:44.823,000] [1;31m<err> llss_client: device state HTTP 502[0m
[20:33:58.932] [1;32muart:~$ [m[8D[J[00:27:44.823,000] [1;31m<err> llss: Poll error 502[0m
[20:33:58.933] [1;32muart:~$ [m[8D[J[1;32muart:~$ [m[8D[J[00:27:49.936,000] [1;31m<err> llss_client: device state HTTP 502[0m
[20:34:04.046] [1;32muart:~$ [m[8D[J[00:27:49.937,000] [1;31m<err> llss: Poll error 502[0m
[20:34:04.046] [1;32muart:~$ [m[8D[J[1;32muart:~$ [m[8D[J[00:27:55.042,000] [1;31m<err> llss_client: device state HTTP 502[0m
[20:34:09.151] [1;32muart:~$ [m[8D[J[00:27:55.042,000] [1;31m<err> llss: Poll error 502[0m
[20:34:09.151] [1;32muart:~$ [m[8D[J[00:27:55.042,000] [1;33m<wrn> net_watchdog: Watchdog soft reset (offline 1509s) — session + DNS[0m
[20:34:09.152] [1;32muart:~$ [m[8D[J[00:27:55.043,000] [1;33m<wrn> llss_client: DNS resolver reset (1 server)[0m
[20:34:09.153] [1;32muart:~$ [m[8D[J[1;32muart:~$ [m[8D[J[00:28:00.159,000] [1;31m<err> llss_client: device state HTTP 502[0m
[20:34:14.268] [1;32muart:~$ [m[8D[J[00:28:00.159,000] [1;31m<err> llss: Poll error 502[0m
[20:34:14.269] [1;32muart:~$ [m[8D[JNETMEM up=1680s pktRX=38/40 pktTX=5/16 bufRX=158/160/m102 bufTX=69/80/m17 sysheap_free=11208 alloc=21380 max=24088
[20:34:14.270] [1;32muart:~$ [m[8D[J[00:28:00.292,000] [0m<inf> shtc3: SHTC3: temperature=22.83 C humidity=48.05 %[0m
[20:34:14.271] [1;32muart:~$ [m[8D[J[1;32muart:~$ [m[8D[J[00:28:05.266,000] [1;31m<err> llss_client: device state HTTP 502[0m
[20:34:19.375] [1;32muart:~$ [m[8D[J[00:28:05.266,000] [1;31m<err> llss: Poll error 502[0m
[20:34:19.376] [1;32muart:~$ [m[8D[J[1;32muart:~$ [m[8D[J[00:28:10.363,000] [1;31m<err> llss_client: device state HTTP 502[0m
[20:34:24.473] [1;32muart:~$ [m[8D[J[00:28:10.363,000] [1;31m<err> llss: Poll error 502[0m
[20:34:24.473] [1;32muart:~$ [m[8D[J[1;32muart:~$ [m[8D[J[00:28:15.471,000] [1;31m<err> llss_client: device state HTTP 502[0m
[20:34:29.580] [1;32muart:~$ [m[8D[J[00:28:15.471,000] [1;31m<err> llss: Poll error 502[0m
[20:34:29.581] [1;32muart:~$ [m[8D[J[1;32muart:~$ [m[8D[J[00:28:20.582,000] [1;31m<err> llss_client: device state HTTP 502[0m
[20:34:34.691] [1;32muart:~$ [m[8D[J[00:28:20.582,000] [1;31m<err> llss: Poll error 502[0m
[20:34:34.692] [1;32muart:~$ [m[8D[J[1;32muart:~$ [m[8D[J[00:28:25.688,000] [1;31m<err> llss_client: device state HTTP 502[0m
[20:34:39.797] [1;32muart:~$ [m[8D[J[00:28:25.688,000] [1;31m<err> llss: Poll error 502[0m
[20:34:39.798] [1;32muart:~$ [m[8D[J[1;32muart:~$ [m[8D[JNETMEM up=1710s pktRX=38/40 pktTX=5/16 bufRX=158/160/m102 bufTX=69/80/m17 sysheap_free=11208 alloc=21380 max=24088
[20:34:44.370] [1;32muart:~$ [m[8D[J[00:28:30.794,000] [1;31m<err> llss_client: device state HTTP 502[0m
[20:34:44.370] [1;32muart:~$ [m[8D[J[00:28:30.794,000] [1;31m<err> llss: Poll error 502[0m
[20:34:44.371] [1;32muart:~$ [m[8D[J[1;32muart:~$ [m[8D[J[00:28:35.911,000] [1;31m<err> llss_client: device state HTTP 502[0m
[20:34:50.020] [1;32muart:~$ [m[8D[J[00:28:35.911,000] [1;31m<err> llss: Poll error 502[0m
[20:34:50.021] [1;32muart:~$ [m[8D[J[1;32muart:~$ [m[8D[J[00:28:41.017,000] [1;31m<err> llss_client: device state HTTP 502[0m
[20:34:55.127] [1;32muart:~$ [m[8D[J[00:28:41.017,000] [1;31m<err> llss: Poll error 502[0m
[20:34:55.127] [1;32muart:~$ [m[8D[J[1;32muart:~$ [m[8D[J[00:28:46.123,000] [1;31m<err> llss_client: device state HTTP 502[0m
[20:35:00.375] [1;32muart:~$ [m[8D[J[00:28:46.123,000] [1;31m<err> llss: Poll error 502[0m
[20:35:00.526] [1;32muart:~$ [m[8D[J[1;32muart:~$ [m[8D[J[00:28:51.231,000] [1;31m<err> llss_client: device state HTTP 502[0m
[20:35:05.341] [1;32muart:~$ [m[8D[J[00:28:51.231,000] [1;31m<err> llss: Poll error 502[0m
[20:35:05.341] [1;32muart:~$ [m[8D[J[1;32muart:~$ [m[8D[J[00:28:56.347,000] [1;31m<err> llss_client: device state HTTP 502[0m
[20:35:10.457] [1;32muart:~$ [m[8D[J[00:28:56.347,000] [1;31m<err> llss: Poll error 502[0m
[20:35:10.457] [1;32muart:~$ [m[8D[J[1;32muart:~$ [m[8D[JNETMEM up=1740s pktRX=38/40 pktTX=5/16 bufRX=158/160/m102 bufTX=69/80/m17 sysheap_free=11208 alloc=21380 max=24088
[20:35:14.370] [1;32muart:~$ [m[8D[J[00:29:00.295,000] [0m<inf> shtc3: SHTC3: temperature=22.98 C humidity=47.87 %[0m
[20:35:14.371] [1;32muart:~$ [m[8D[J[1;32muart:~$ [m[8D[J[00:29:01.459,000] [1;31m<err> llss_client: device state HTTP 502[0m
[20:35:15.568] [1;32muart:~$ [m[8D[J[00:29:01.459,000] [1;31m<err> llss: Poll error 502[0m
[20:35:15.569] [1;32muart:~$ [m[8D[J[1;32muart:~$ [m[8D[J[00:29:06.571,000] [1;31m<err> llss_client: device state HTTP 502[0m
[20:35:20.681] [1;32muart:~$ [m[8D[J[00:29:06.571,000] [1;31m<err> llss: Poll error 502[0m
[20:35:20.681] [1;32muart:~$ [m[8D[J[1;32muart:~$ [m[8D[J[00:29:11.676,000] [1;31m<err> llss_client: device state HTTP 502[0m
[20:35:25.786] [1;32muart:~$ [m[8D[J[00:29:11.676,000] [1;31m<err> llss: Poll error 502[0m
[20:35:25.786] [1;32muart:~$ [m[8D[J[1;32muart:~$ [m[8D[J[00:29:16.779,000] [1;31m<err> llss_client: device state HTTP 502[0m
[20:35:30.889] [1;32muart:~$ [m[8D[J[00:29:16.779,000] [1;31m<err> llss: Poll error 502[0m
[20:35:30.890] [1;32muart:~$ [m[8D[J[1;32muart:~$ [m[8D[J[00:29:21.887,000] [1;31m<err> llss_client: device state HTTP 502[0m
[20:35:35.997] [1;32muart:~$ [m[8D[J[00:29:21.887,000] [1;31m<err> llss: Poll error 502[0m
[20:35:35.998] [1;32muart:~$ [m[8D[J[1;32muart:~$ [m[8D[J[00:29:26.994,000] [1;31m<err> llss_client: device state HTTP 502[0m
[20:35:41.104] [1;32muart:~$ [m[8D[J[00:29:26.994,000] [1;31m<err> llss: Poll error 502[0m
[20:35:41.104] [1;32muart:~$ [m[8D[J[1;32muart:~$ [m[8D[JNETMEM up=1770s pktRX=38/40 pktTX=5/16 bufRX=158/160/m102 bufTX=69/80/m17 sysheap_free=11208 alloc=21380 max=24088
[20:35:44.370] [1;32muart:~$ [m[8D[J[1;32muart:~$ [m[8D[J[00:29:32.100,000] [1;31m<err> llss_client: device state HTTP 502[0m
[20:35:46.210] [1;32muart:~$ [m[8D[J[00:29:32.100,000] [1;31m<err> llss: Poll error 502[0m
[20:35:46.211] [1;32muart:~$ [m[8D[J[1;32muart:~$ [m[8D[J[00:29:37.207,000] [1;31m<err> llss_client: device state HTTP 502[0m
[20:35:51.316] [1;32muart:~$ [m[8D[J[00:29:37.207,000] [1;31m<err> llss: Poll error 502[0m
[20:35:51.317] [1;32muart:~$ [m[8D[J[1;32muart:~$ [m[8D[J[00:29:42.318,000] [1;31m<err> llss_client: device state HTTP 502[0m
[20:35:56.428] [1;32muart:~$ [m[8D[J[00:29:42.318,000] [1;31m<err> llss: Poll error 502[0m
[20:35:56.428] [1;32muart:~$ [m[8D[J[1;32muart:~$ [m[8D[J[00:29:47.441,000] [1;31m<err> llss_client: device state HTTP 502[0m
[20:36:01.553] [1;32muart:~$ [m[8D[J[00:29:47.441,000] [1;31m<err> llss: Poll error 502[0m
[20:36:01.553] [1;32muart:~$ [m[8D[J[1;32muart:~$ [m[8D[J[00:29:52.553,000] [1;31m<err> llss_client: device state HTTP 502[0m
[20:36:06.664] [1;32muart:~$ [m[8D[J[00:29:52.553,000] [1;31m<err> llss: Poll error 502[0m
[20:36:06.664] [1;32muart:~$ [m[8D[J[1;32muart:~$ [m[8D[J[00:29:57.673,000] [1;31m<err> llss_client: device state HTTP 502[0m
[20:36:11.783] [1;32muart:~$ [m[8D[J[00:29:57.673,000] [1;31m<err> llss: Poll error 502[0m
[20:36:11.783] [1;32muart:~$ [m[8D[J[1;32muart:~$ [m[8D[JThread analyze:
[20:36:13.295] [1;32muart:~$ [m[8D[J wdt_sentinel_tid    : STACK: unused 432 usage 336 / 768 (43 %); CPU: 0 %
[20:36:13.296] [1;32muart:~$ [m[8D[J                     : Total CPU cycles used: 12611057
[20:36:13.297] [1;32muart:~$ [m[8D[J thread_analyzer     : STACK: unused 112 usage 912 / 1024 (89 %); CPU: 0 %
[20:36:13.298] [1;32muart:~$ [m[8D[J                     : Total CPU cycles used: 4158869
[20:36:13.298] [1;32muart:~$ [m[8D[J sys_wdt_tid         : STACK: unused 704 usage 320 / 1024 (31 %); CPU: 0 %
[20:36:13.299] [1;32muart:~$ [m[8D[J                     : Total CPU cycles used: 2685610
[20:36:13.300] [1;32muart:~$ [m[8D[J shtc3_thread        : STACK: unused 1360 usage 688 / 2048 (33 %); CPU: 0 %
[20:36:13.300] [1;32muart:~$ [m[8D[J                     : Total CPU cycles used: 1852165
[20:36:13.301] [1;32muart:~$ [m[8D[J ntp_thread          : STACK: unused 2464 usage 1632 / 4096 (39 %); CPU: 0 %
[20:36:13.302] [1;32muart:~$ [m[8D[J                     : Total CPU cycles used: 1546234
[20:36:13.302] [1;32muart:~$ [m[8D[J netmem_tid          : STACK: unused 624 usage 656 / 1280 (51 %); CPU: 0 %
[20:36:13.303] [1;32muart:~$ [m[8D[J                     : Total CPU cycles used: 1661550
[20:36:13.304] [1;32muart:~$ [m[8D[J llss_thread         : STACK: unused 11584 usage 4800 / 16384 (29 %); CPU: 1 %
[20:36:13.305] [1;32muart:~$ [m[8D[J                     : Total CPU cycles used: 5734602425
[20:36:13.305] [1;32muart:~$ [m[8D[J input               : STACK: unused 688 usage 336 / 1024 (32 %); CPU: 0 %
[20:36:13.306] [1;32muart:~$ [m[8D[J                     : Total CPU cycles used: 25302
[20:36:13.307] [1;32muart:~$ [m[8D[J display_thread      : STACK: unused 8640 usage 3648 / 12288 (29 %); CPU: 0 %
[20:36:13.308] [1;32muart:~$ [m[8D[J                     : Total CPU cycles used: 258962209
[20:36:13.308] [1;32muart:~$ [m[8D[J device_ui_thread    : STACK: unused 4496 usage 3696 / 8192 (45 %); CPU: 0 %
[20:36:13.309] [1;32muart:~$ [m[8D[J                     : Total CPU cycles used: 2094500279
[20:36:13.310] [1;32muart:~$ [m[8D[J conn_mgr_monitor    : STACK: unused 176 usage 336 / 512 (65 %); CPU: 0 %
[20:36:13.310] [1;32muart:~$ [m[8D[J                     : Total CPU cycles used: 84110
[20:36:13.311] [1;32muart:~$ [m[8D[J net_socket_service  : STACK: unused 3280 usage 816 / 4096 (19 %); CPU: 0 %
[20:36:13.312] [1;32muart:~$ [m[8D[J                     : Total CPU cycles used: 4561094
[20:36:13.312] [1;32muart:~$ [m[8D[J rx_q[0]             : STACK: unused 496 usage 1552 / 2048 (75 %); CPU: 0 %
[20:36:13.313] [1;32muart:~$ [m[8D[J                     : Total CPU cycles used: 1189407920
[20:36:13.314] [1;32muart:~$ [m[8D[J net_mgmt            : STACK: unused 3424 usage 672 / 4096 (16 %); CPU: 0 %
[20:36:13.315] [1;32muart:~$ [m[8D[J                     : Total CPU cycles used: 1154413
[20:36:13.315] [1;32muart:~$ [m[8D[J tcp_work            : STACK: unused 928 usage 1120 / 2048 (54 %); CPU: 0 %
[20:36:13.316] [1;32muart:~$ [m[8D[J                     : Total CPU cycles used: 18726348
[20:36:13.317] [1;32muart:~$ [m[8D[J shell_uart          : STACK: unused 2384 usage 1712 / 4096 (41 %); CPU: 0 %
[20:36:13.318] [1;32muart:~$ [m[8D[J                     : Total CPU cycles used: 110518901
[20:36:13.318] [1;32muart:~$ [m[8D[J wifi                : STACK: unused 1440 usage 2144 / 3584 (59 %); CPU: 1 %
[20:36:13.319] [1;32muart:~$ [m[8D[J                     : Total CPU cycles used: 4400605216
[20:36:13.320] [1;32muart:~$ [m[8D[J sysworkq            : STACK: unused 3232 usage 864 / 4096 (21 %); CPU: 0 %
[20:36:13.320] [1;32muart:~$ [m[8D[J                     : Total CPU cycles used: 41248162
[20:36:13.321] [1;32muart:~$ [m[8D[J esp_timer           : STACK: unused 3568 usage 528 / 4096 (12 %); CPU: 0 %
[20:36:13.322] [1;32muart:~$ [m[8D[J                     : Total CPU cycles used: 178102476
[20:36:13.323] [1;32muart:~$ [m[8D[J logging             : STACK: unused 544 usage 480 / 1024 (46 %); CPU: 0 %
[20:36:13.323] [1;32muart:~$ [m[8D[J                     : Total CPU cycles used: 14471017
[20:36:13.324] [1;32muart:~$ [m[8D[J idle                : STACK: unused 816 usage 208 / 1024 (20 %); CPU: 96 %
[20:36:13.325] [1;32muart:~$ [m[8D[J                     : Total CPU cycles used: 417506754745
[20:36:13.325] [1;32muart:~$ [m[8D[J ISR0                : STACK: unused 1520 usage 528 / 2048 (25 %); CPU: 0 %
[20:36:13.326] [1;32muart:~$ [m[8D[J                     : Total CPU cycles used: 0
[20:36:13.327] [1;32muart:~$ [m[8D[J[1;32muart:~$ [m[8D[J[1;32muart:~$ [m[8D[JNETMEM up=1800s pktRX=38/40 pktTX=5/16 bufRX=158/160/m102 bufTX=69/80/m17 sysheap_free=11208 alloc=21380 max=24088
[20:36:14.371] [1;32muart:~$ [m[8D[J[00:30:00.298,000] [0m<inf> shtc3: SHTC3: temperature=22.87 C humidity=47.85 %[0m
[20:36:14.372] [1;32muart:~$ [m[8D[J[1;32muart:~$ [m[8D[J[00:30:02.789,000] [1;31m<err> llss_client: device state HTTP 502[0m
[20:36:16.899] [1;32muart:~$ [m[8D[J[00:30:02.789,000] [1;31m<err> llss: Poll error 502[0m
[20:36:16.900] [1;32muart:~$ [m[8D[J[1;32muart:~$ [m[8D[J[00:30:07.895,000] [1;31m<err> llss_client: device state HTTP 502[0m
[20:36:22.005] [1;32muart:~$ [m[8D[J[00:30:07.895,000] [1;31m<err> llss: Poll error 502[0m
[20:36:22.005] [1;32muart:~$ [m[8D[J[1;32muart:~$ [m[8D[J[00:30:13.000,000] [1;31m<err> llss_client: device state HTTP 502[0m
[20:36:27.111] [1;32muart:~$ [m[8D[J[00:30:13.005,000] [1;31m<err> llss: Poll error 502[0m
[20:36:27.111] [1;32muart:~$ [m[8D[J[1;32muart:~$ [m[8D[J[00:30:18.111,000] [1;31m<err> llss_client: device state HTTP 502[0m
[20:36:32.221] [1;32muart:~$ [m[8D[J[00:30:18.111,000] [1;31m<err> llss: Poll error 502[0m
[20:36:32.222] [1;32muart:~$ [m[8D[J[1;32muart:~$ [m[8D[J[00:30:23.223,000] [1;31m<err> llss_client: device state HTTP 502[0m
[20:36:37.333] [1;32muart:~$ [m[8D[J[00:30:23.223,000] [1;31m<err> llss: Poll error 502[0m
[20:36:37.333] [1;32muart:~$ [m[8D[J[1;32muart:~$ [m[8D[J[00:30:28.332,000] [1;31m<err> llss_client: device state HTTP 502[0m
[20:36:42.442] [1;32muart:~$ [m[8D[J[00:30:28.332,000] [1;31m<err> llss: Poll error 502[0m
[20:36:42.443] [1;32muart:~$ [m[8D[J[1;32muart:~$ [m[8D[JNETMEM up=1830s pktRX=38/40 pktTX=5/16 bufRX=158/160/m102 bufTX=69/80/m17 sysheap_free=11208 alloc=21380 max=24088
[20:36:44.371] [1;32muart:~$ [m[8D[J[1;32muart:~$ [m[8D[J[00:30:33.425,000] [1;31m<err> llss_client: device state HTTP 502[0m
[20:36:47.536] [1;32muart:~$ [m[8D[J[00:30:33.426,000] [1;31m<err> llss: Poll error 502[0m
[20:36:47.536] [1;32muart:~$ [m[8D[J[1;32muart:~$ [m[8D[J[00:30:38.529,000] [1;31m<err> llss_client: device state HTTP 502[0m
[20:36:52.640] [1;32muart:~$ [m[8D[J[00:30:38.529,000] [1;31m<err> llss: Poll error 502[0m
[20:36:52.640] [1;32muart:~$ [m[8D[J[1;32muart:~$ [m[8D[J[00:30:43.632,000] [1;31m<err> llss_client: device state HTTP 502[0m
[20:36:57.742] [1;32muart:~$ [m[8D[J[00:30:43.632,000] [1;31m<err> llss: Poll error 502[0m
[20:36:57.743] [1;32muart:~$ [m[8D[J[1;32muart:~$ [m[8D[J[00:30:48.744,000] [1;31m<err> llss_client: device state HTTP 502[0m
[20:37:02.855] [1;32muart:~$ [m[8D[J[00:30:48.744,000] [1;31m<err> llss: Poll error 502[0m
[20:37:02.855] [1;32muart:~$ [m[8D[J[1;32muart:~$ [m[8D[J[00:30:53.874,000] [1;31m<err> llss_client: device state HTTP 502[0m
[20:37:07.984] [1;32muart:~$ [m[8D[J[00:30:53.874,000] [1;31m<err> llss: Poll error 502[0m
[20:37:07.985] [1;32muart:~$ [m[8D[J[1;32muart:~$ [m[8D[J[00:30:58.975,000] [1;31m<err> llss_client: device state HTTP 502[0m
[20:37:13.086] [1;32muart:~$ [m[8D[J[00:30:58.975,000] [1;31m<err> llss: Poll error 502[0m
[20:37:13.086] [1;32muart:~$ [m[8D[J[1;32muart:~$ [m[8D[JNETMEM up=1860s pktRX=37/40 pktTX=5/16 bufRX=157/160/m102 bufTX=69/80/m17 sysheap_free=11208 alloc=21380 max=24088
[20:37:14.372] [1;32muart:~$ [m[8D[J[00:31:00.300,000] [0m<inf> shtc3: SHTC3: temperature=22.98 C humidity=48.15 %[0m
[20:37:14.373] [1;32muart:~$ [m[8D[J[1;32muart:~$ [m[8D[J[00:31:04.088,000] [1;31m<err> llss_client: device state HTTP 502[0m
[20:37:18.198] [1;32muart:~$ [m[8D[J[00:31:04.088,000] [1;31m<err> llss: Poll error 502[0m
[20:37:18.199] [1;32muart:~$ [m[8D[J[1;32muart:~$ [m[8D[J[00:31:09.203,000] [1;31m<err> llss_client: device state HTTP 502[0m
[20:37:23.314] [1;32muart:~$ [m[8D[J[00:31:09.203,000] [1;31m<err> llss: Poll error 502[0m
[20:37:23.314] [1;32muart:~$ [m[8D[J[1;32muart:~$ [m[8D[J[00:31:14.309,000] [1;31m<err> llss_client: device state HTTP 502[0m
[20:37:28.420] [1;32muart:~$ [m[8D[J[00:31:14.309,000] [1;31m<err> llss: Poll error 502[0m
[20:37:28.421] [1;32muart:~$ [m[8D[J[1;32muart:~$ [m[8D[J[00:31:19.417,000] [1;31m<err> llss_client: device state HTTP 502[0m
[20:37:33.528] [1;32muart:~$ [m[8D[J[00:31:19.417,000] [1;31m<err> llss: Poll error 502[0m
[20:37:33.529] [1;32muart:~$ [m[8D[J[1;32muart:~$ [m[8D[J[00:31:24.522,000] [1;31m<err> llss_client: device state HTTP 502[0m
[20:37:38.633] [1;32muart:~$ [m[8D[J[00:31:24.522,000] [1;31m<err> llss: Poll error 502[0m
[20:37:38.633] [1;32muart:~$ [m[8D[J[1;32muart:~$ [m[8D[J[00:31:29.640,000] [1;31m<err> llss_client: device state HTTP 502[0m
[20:37:43.751] [1;32muart:~$ [m[8D[J[00:31:29.640,000] [1;31m<err> llss: Poll error 502[0m
[20:37:43.751] [1;32muart:~$ [m[8D[JNETMEM up=1890s pktRX=36/40 pktTX=5/16 bufRX=156/160/m102 bufTX=69/80/m17 sysheap_free=11208 alloc=21380 max=24088
[20:37:43.752] [1;32muart:~$ [m[8D[J[1;32muart:~$ [m[8D[J[00:31:34.757,000] [1;31m<err> llss_client: device state HTTP 502[0m
[20:37:48.867] [1;32muart:~$ [m[8D[J[00:31:34.757,000] [1;31m<err> llss: Poll error 502[0m
[20:37:48.868] [1;32muart:~$ [m[8D[J[1;32muart:~$ [m[8D[J[00:31:39.869,000] [1;31m<err> llss_client: device state HTTP 502[0m
[20:37:53.980] [1;32muart:~$ [m[8D[J[00:31:39.869,000] [1;31m<err> llss: Poll error 502[0m
[20:37:53.980] [1;32muart:~$ [m[8D[J[1;32muart:~$ [m[8D[J[00:31:44.996,000] [1;31m<err> llss_client: device state HTTP 502[0m
[20:37:59.106] [1;32muart:~$ [m[8D[J[00:31:44.996,000] [1;31m<err> llss: Poll error 502[0m
[20:37:59.107] [1;32muart:~$ [m[8D[J[1;32muart:~$ [m[8D[J[00:31:50.113,000] [1;31m<err> llss_client: device state HTTP 502[0m
[20:38:04.224] [1;32muart:~$ [m[8D[J[00:31:50.113,000] [1;31m<err> llss: Poll error 502[0m
[20:38:04.224] [1;32muart:~$ [m[8D[J[1;32muart:~$ [m[8D[J[00:31:55.228,000] [1;31m<err> llss_client: device state HTTP 502[0m
[20:38:09.339] [1;32muart:~$ [m[8D[J[00:31:55.228,000] [1;31m<err> llss: Poll error 502[0m
[20:38:09.339] [1;32muart:~$ [m[8D[J[1;32muart:~$ [m[8D[JNETMEM up=1920s pktRX=36/40 pktTX=5/16 bufRX=156/160/m102 bufTX=68/80/m17 sysheap_free=10676 alloc=21908 max=24088
[20:38:14.372] [1;32muart:~$ [m[8D[J[00:32:00.354,000] [1;31m<err> llss_client: device state HTTP 502[0m
[20:38:14.373] [1;32muart:~$ [m[8D[J[00:32:00.354,000] [1;31m<err> llss: Poll error 502[0m
[20:38:14.373] [1;32muart:~$ [m[8D[J[00:32:00.355,000] [0m<inf> shtc3: SHTC3: temperature=22.98 C humidity=48.29 %[0m
[20:38:14.375] [1;32muart:~$ [m[8D[J[1;32muart:~$ [m[8D[J[00:32:05.484,000] [1;31m<err> llss_client: device state HTTP 502[0m
[20:38:19.594] [1;32muart:~$ [m[8D[J[00:32:05.484,000] [1;31m<err> llss: Poll error 502[0m
[20:38:19.595] [1;32muart:~$ [m[8D[J[1;32muart:~$ [m[8D[J[00:32:10.603,000] [1;31m<err> llss_client: device state HTTP 502[0m
[20:38:24.714] [1;32muart:~$ [m[8D[J[00:32:10.603,000] [1;31m<err> llss: Poll error 502[0m
[20:38:24.714] [1;32muart:~$ [m[8D[J[1;32muart:~$ [m[8D[J[00:32:15.719,000] [1;31m<err> llss_client: device state HTTP 502[0m
[20:38:29.829] [1;32muart:~$ [m[8D[J[00:32:15.719,000] [1;31m<err> llss: Poll error 502[0m
[20:38:29.830] [1;32muart:~$ [m[8D[J[1;32muart:~$ [m[8D[J[00:32:20.840,000] [1;31m<err> llss_client: device state HTTP 502[0m
[20:38:34.950] [1;32muart:~$ [m[8D[J[00:32:20.840,000] [1;31m<err> llss: Poll error 502[0m
[20:38:34.951] [1;32muart:~$ [m[8D[J[1;32muart:~$ [m[8D[J[00:32:25.964,000] [1;31m<err> llss_client: device state HTTP 502[0m
[20:38:40.074] [1;32muart:~$ [m[8D[J[00:32:25.964,000] [1;31m<err> llss: Poll error 502[0m
[20:38:40.074] [1;32muart:~$ [m[8D[J[1;32muart:~$ [m[8D[JNETMEM up=1950s pktRX=36/40 pktTX=5/16 bufRX=156/160/m102 bufTX=69/80/m17 sysheap_free=11208 alloc=21380 max=24088
[20:38:44.372] [1;32muart:~$ [m[8D[J[00:32:31.095,000] [1;31m<err> llss_client: device state HTTP 502[0m
[20:38:44.372] [1;32muart:~$ [m[8D[J[00:32:31.095,000] [1;31m<err> llss: Poll error 502[0m
[20:38:44.373] [1;32muart:~$ [m[8D[J[1;32muart:~$ [m[8D[J[00:32:36.223,000] [1;31m<err> llss_client: device state HTTP 502[0m
[20:38:50.333] [1;32muart:~$ [m[8D[J[00:32:36.223,000] [1;31m<err> llss: Poll error 502[0m
[20:38:50.333] [1;32muart:~$ [m[8D[J[1;32muart:~$ [m[8D[J[00:32:41.350,000] [1;31m<err> llss_client: device state HTTP 502[0m
[20:38:55.460] [1;32muart:~$ [m[8D[J[00:32:41.350,000] [1;31m<err> llss: Poll error 502[0m
[20:38:55.461] [1;32muart:~$ [m[8D[J[1;32muart:~$ [m[8D[J[00:32:46.473,000] [1;31m<err> llss_client: device state HTTP 502[0m
[20:39:00.583] [1;32muart:~$ [m[8D[J[00:32:46.473,000] [1;31m<err> llss: Poll error 502[0m
[20:39:00.583] [1;32muart:~$ [m[8D[J[1;32muart:~$ [m[8D[J[00:32:51.596,000] [1;31m<err> llss_client: device state HTTP 502[0m
[20:39:05.706] [1;32muart:~$ [m[8D[J[00:32:51.596,000] [1;31m<err> llss: Poll error 502[0m
[20:39:05.707] [1;32muart:~$ [m[8D[J[1;32muart:~$ [m[8D[J[00:32:56.725,000] [1;31m<err> llss_client: device state HTTP 502[0m
[20:39:10.835] [1;32muart:~$ [m[8D[J[00:32:56.725,000] [1;31m<err> llss: Poll error 502[0m
[20:39:10.836] [1;32muart:~$ [m[8D[J[1;32muart:~$ [m[8D[JNETMEM up=1980s pktRX=36/40 pktTX=5/16 bufRX=156/160/m102 bufTX=69/80/m17 sysheap_free=11208 alloc=21380 max=24088
[20:39:14.372] [1;32muart:~$ [m[8D[J[00:33:00.358,000] [0m<inf> shtc3: SHTC3: temperature=23.04 C humidity=48.02 %[0m
[20:39:14.373] [1;32muart:~$ [m[8D[J[1;32muart:~$ [m[8D[J[00:33:01.850,000] [1;31m<err> llss_client: device state HTTP 502[0m
[20:39:15.960] [1;32muart:~$ [m[8D[J[00:33:01.850,000] [1;31m<err> llss: Poll error 502[0m
[20:39:15.961] [1;32muart:~$ [m[8D[J[1;32muart:~$ [m[8D[J[00:33:06.979,000] [1;31m<err> llss_client: device state HTTP 502[0m
[20:39:21.089] [1;32muart:~$ [m[8D[J[00:33:06.979,000] [1;31m<err> llss: Poll error 502[0m
[20:39:21.090] [1;32muart:~$ [m[8D[J[1;32muart:~$ [m[8D[J[00:33:12.115,000] [1;31m<err> llss_client: device state HTTP 502[0m
[20:39:26.225] [1;32muart:~$ [m[8D[J[00:33:12.115,000] [1;31m<err> llss: Poll error 502[0m
[20:39:26.227] [1;32muart:~$ [m[8D[J[1;32muart:~$ [m[8D[J[00:33:17.256,000] [1;31m<err> llss_client: device state HTTP 502[0m
[20:39:31.366] [1;32muart:~$ [m[8D[J[00:33:17.256,000] [1;31m<err> llss: Poll error 502[0m
[20:39:31.366] [1;32muart:~$ [m[8D[J[1;32muart:~$ [m[8D[J[00:33:24.227,000] [0m<inf> net_watchdog: Connectivity restored after 1838 s offline[0m
[20:39:38.337] [1;32muart:~$ [m[8D[J[1;32muart:~$ [m[8D[JNETMEM up=2010s pktRX=36/40 pktTX=5/16 bufRX=156/160/m102 bufTX=69/80/m17 sysheap_free=11208 alloc=21380 max=24088
[20:39:44.371] [1;32muart:~$ [m[8D[J[1;32muart:~$ [m[8D[JNETMEM up=2040s pktRX=36/40 pktTX=5/16 bufRX=156/160/m102 bufTX=69/80/m17 sysheap_free=11208 alloc=21380 max=24088
[20:40:14.372] [1;32muart:~$ [m[8D[J[00:34:00.361,000] [0m<inf> shtc3: SHTC3: temperature=22.95 C humidity=48.27 %[0m
[20:40:14.372] [1;32muart:~$ [m[8D[J[1;32muart:~$ [m[8D[JNETMEM up=2070s pktRX=36/40 pktTX=5/16 bufRX=156/160/m102 bufTX=69/80/m17 sysheap_free=11208 alloc=21380 max=24088
[20:40:44.372] [1;32muart:~$ [m[8D[J[1;32muart:~$ [mnet allocs
[20:40:54.917] Network memory allocations

[20:40:54.917] memory		Status	Pool	Function alloc -> freed
[20:40:54.917] 0x3c173cf0/1	 used	   RX	eth_esp32_rx():153
[20:40:54.918] 0x3c173e58/1	 used	   RX	eth_esp32_rx():153
[20:40:54.918] 0x3c172f70/1	 used	   TX	net_ipv6_send_ns():2094
[20:40:54.918] 0x3c173900/1	 used	   RX	eth_esp32_rx():153
[20:40:54.919] 0x3c1738b8/1	 used	   RX	eth_esp32_rx():153
[20:40:54.919] 0x3c1730d8/1	 used	   TX	net_ipv6_send_ns():2094
[20:40:54.920] 0x3c173000/1	 used	   TX	net_ipv6_send_ns():2094
[20:40:54.920] 0x3c173168/1	 used	   TX	net_ipv6_send_ns():2094
[20:40:54.920] 0x3c173288/1	 used	   TX	net_ipv6_send_ns():2094
[20:40:54.921] 0x3c173318/1	 used	   TX	net_ipv6_send_ns():2094
[20:40:54.921] 0x3c172fb8/1	 used	   TX	net_ipv6_send_ns():2094
[20:40:54.921] 0x3c173048/1	 used	   TX	net_ipv6_send_ns():2094
[20:40:54.922] 0x3c1731f8/1	 used	   TX	net_ipv6_send_ns():2094
[20:40:54.922] 0x3c173240/1	 used	   TX	net_ipv6_send_ns():2094
[20:40:54.923] 0x3c173120/1	 used	   TX	net_ipv6_send_ns():2094
[20:40:54.923] 0x3c173948	 free	   RX	eth_esp32_rx():153 -> processing_data():157
[20:40:54.924] 0x3c172ee0	 free	   TX	tcp_out_ext():1573 -> tcp_send():472
[20:40:54.924] 0x3c15d580	 free	TDATA	ethernet_fill_header():610 -> tcp_send():472
[20:40:54.925] 0x3c15d5f0	 free	TDATA	ethernet_fill_header():610 -> ethernet_send():800
[20:40:54.925] 0x3c173bd0	 free	   RX	eth_esp32_rx():153 -> processing_data():157
[20:40:54.926] 0x3c173b88	 free	   RX	eth_esp32_rx():153 -> processing_data():157
[20:40:54.926] 0x3c173b40	 free	   RX	eth_esp32_rx():153 -> processing_data():157
[20:40:54.927] 0x3c173af8	 free	   RX	eth_esp32_rx():153 -> processing_data():157
[20:40:54.927] 0x3c173ab0	 free	   RX	eth_esp32_rx():153 -> net_icmpv6_input():408
[20:40:54.928] 0x3c173a68	 free	   RX	eth_esp32_rx():153 -> processing_data():157
[20:40:54.928] 0x3c173c18	 free	   RX	eth_esp32_rx():153 -> processing_data():157
[20:40:54.929] 0x3c173c60	 free	   RX	eth_esp32_rx():153 -> net_icmpv6_input():408
[20:40:54.929] 0x3c173ca8	 free	   RX	eth_esp32_rx():153 -> processing_data():157
[20:40:54.930] 0x3c173a20	 free	   RX	eth_esp32_rx():153 -> processing_data():157
[20:40:54.930] 0x3c1739d8	 free	   RX	eth_esp32_rx():153 -> processing_data():157
[20:40:54.931] 0x3c173990	 free	   RX	eth_esp32_rx():153 -> net_icmpv6_input():408
[20:40:54.932] 0x3c173948	 free	   RX	eth_esp32_rx():153 -> processing_data():157
[20:40:54.932] 0x3c173900	 free	   RX	eth_esp32_rx():153 -> processing_data():157
[20:40:54.933] 0x3c1738b8	 free	   RX	eth_esp32_rx():153 -> net_icmpv6_input():408
[20:40:54.933] 0x3c15d580	 free	TDATA	ethernet_fill_header():610 -> tcp_send():472
[20:40:54.934] 0x3c15d580	 free	TDATA	ethernet_fill_header():610 -> tcp_send():472
[20:40:54.934] 0x3c173c60	 free	   RX	eth_esp32_rx():153 -> processing_data():157
[20:40:54.935] 0x3c173c18	 free	   RX	eth_esp32_rx():153 -> processing_data():157
[20:40:54.936] 0x3c173a68	 free	   RX	eth_esp32_rx():153 -> processing_data():157
[20:40:54.937] 0x3c173ab0	 free	   RX	eth_esp32_rx():153 -> processing_data():157
[20:40:54.937] 0x3c173af8	 free	   RX	eth_esp32_rx():153 -> processing_data():157
[20:40:54.938] 0x3c173b40	 free	   RX	eth_esp32_rx():153 -> processing_data():157
[20:40:54.938] 0x3c173b88	 free	   RX	eth_esp32_rx():153 -> processing_data():157
[20:40:54.939] 0x3c173bd0	 free	   RX	eth_esp32_rx():153 -> processing_data():157
[20:40:54.940] 0x3c173438	 free	   RX	eth_esp32_rx():153 -> processing_data():157
[20:40:54.941] 0x3c173d38	 free	   RX	eth_esp32_rx():153 -> processing_data():157
[20:40:54.941] 0x3c173d80	 free	   RX	eth_esp32_rx():153 -> processing_data():157
[20:40:54.942] 0x3c173dc8	 free	   RX	eth_esp32_rx():153 -> processing_data():157
[20:40:54.943] 0x3c173e10	 free	   RX	eth_esp32_rx():153 -> processing_data():157
[20:40:54.943] 0x3c173e58	 free	   RX	eth_esp32_rx():153 -> processing_data():157
[20:40:54.944] 0x3c172f28	 free	   TX	tcp_out_ext():1573 -> handle_na_neighbor():1896
[20:40:54.944] [1;32muart:~$ [m[8D[JThread analyze:
[20:41:13.297] [1;32muart:~$ [m[8D[J wdt_sentinel_tid    : STACK: unused 432 usage 336 / 768 (43 %); CPU: 0 %
[20:41:13.298] [1;32muart:~$ [m[8D[J                     : Total CPU cycles used: 14755899
[20:41:13.299] [1;32muart:~$ [m[8D[J thread_analyzer     : STACK: unused 112 usage 912 / 1024 (89 %); CPU: 0 %
[20:41:13.299] [1;32muart:~$ [m[8D[J                     : Total CPU cycles used: 4799230
[20:41:13.300] [1;32muart:~$ [m[8D[J sys_wdt_tid         : STACK: unused 704 usage 320 / 1024 (31 %); CPU: 0 %
[20:41:13.301] [1;32muart:~$ [m[8D[J                     : Total CPU cycles used: 3138557
[20:41:13.301] [1;32muart:~$ [m[8D[J shtc3_thread        : STACK: unused 1360 usage 688 / 2048 (33 %); CPU: 0 %
[20:41:13.302] [1;32muart:~$ [m[8D[J                     : Total CPU cycles used: 2168792
[20:41:13.303] [1;32muart:~$ [m[8D[J ntp_thread          : STACK: unused 2464 usage 1632 / 4096 (39 %); CPU: 0 %
[20:41:13.304] [1;32muart:~$ [m[8D[J                     : Total CPU cycles used: 1546234
[20:41:13.304] [1;32muart:~$ [m[8D[J netmem_tid          : STACK: unused 624 usage 656 / 1280 (51 %); CPU: 0 %
[20:41:13.305] [1;32muart:~$ [m[8D[J                     : Total CPU cycles used: 1950364
[20:41:13.306] [1;32muart:~$ [m[8D[J llss_thread         : STACK: unused 11584 usage 4800 / 16384 (29 %); CPU: 1 %
[20:41:13.306] [1;32muart:~$ [m[8D[J                     : Total CPU cycles used: 6499071177
[20:41:13.307] [1;32muart:~$ [m[8D[J input               : STACK: unused 688 usage 336 / 1024 (32 %); CPU: 0 %
[20:41:13.308] [1;32muart:~$ [m[8D[J                     : Total CPU cycles used: 25302
[20:41:13.308] [1;32muart:~$ [m[8D[J display_thread      : STACK: unused 8640 usage 3648 / 12288 (29 %); CPU: 0 %
[20:41:13.309] [1;32muart:~$ [m[8D[J                     : Total CPU cycles used: 258962209
[20:41:13.310] [1;32muart:~$ [m[8D[J device_ui_thread    : STACK: unused 4496 usage 3696 / 8192 (45 %); CPU: 0 %
[20:41:13.311] [1;32muart:~$ [m[8D[J                     : Total CPU cycles used: 2679084719
[20:41:13.311] [1;32muart:~$ [m[8D[J conn_mgr_monitor    : STACK: unused 176 usage 336 / 512 (65 %); CPU: 0 %
[20:41:13.312] [1;32muart:~$ [m[8D[J                     : Total CPU cycles used: 84110
[20:41:13.313] [1;32muart:~$ [m[8D[J net_socket_service  : STACK: unused 3280 usage 816 / 4096 (19 %); CPU: 0 %
[20:41:13.314] [1;32muart:~$ [m[8D[J                     : Total CPU cycles used: 4561094
[20:41:13.314] [1;32muart:~$ [m[8D[J rx_q[0]             : STACK: unused 496 usage 1552 / 2048 (75 %); CPU: 0 %
[20:41:13.315] [1;32muart:~$ [m[8D[J                     : Total CPU cycles used: 1356148358
[20:41:13.316] [1;32muart:~$ [m[8D[J net_mgmt            : STACK: unused 3424 usage 672 / 4096 (16 %); CPU: 0 %
[20:41:13.316] [1;32muart:~$ [m[8D[J                     : Total CPU cycles used: 1284072
[20:41:13.317] [1;32muart:~$ [m[8D[J tcp_work            : STACK: unused 928 usage 1120 / 2048 (54 %); CPU: 0 %
[20:41:13.318] [1;32muart:~$ [m[8D[J                     : Total CPU cycles used: 20239561
[20:41:13.318] [1;32muart:~$ [m[8D[J shell_uart          : STACK: unused 2384 usage 1712 / 4096 (41 %); CPU: 0 %
[20:41:13.319] [1;32muart:~$ [m[8D[J                     : Total CPU cycles used: 123363586
[20:41:13.320] [1;32muart:~$ [m[8D[J wifi                : STACK: unused 1440 usage 2144 / 3584 (59 %); CPU: 1 %
[20:41:13.321] [1;32muart:~$ [m[8D[J                     : Total CPU cycles used: 5049409151
[20:41:13.321] [1;32muart:~$ [m[8D[J sysworkq            : STACK: unused 3232 usage 864 / 4096 (21 %); CPU: 0 %
[20:41:13.322] [1;32muart:~$ [m[8D[J                     : Total CPU cycles used: 46470885
[20:41:13.323] [1;32muart:~$ [m[8D[J esp_timer           : STACK: unused 3568 usage 528 / 4096 (12 %); CPU: 0 %
[20:41:13.324] [1;32muart:~$ [m[8D[J                     : Total CPU cycles used: 207137675
[20:41:13.324] [1;32muart:~$ [m[8D[J logging             : STACK: unused 544 usage 480 / 1024 (46 %); CPU: 0 %
[20:41:13.325] [1;32muart:~$ [m[8D[J                     : Total CPU cycles used: 16354129
[20:41:13.326] [1;32muart:~$ [m[8D[J idle                : STACK: unused 816 usage 208 / 1024 (20 %); CPU: 96 %
[20:41:13.327] [1;32muart:~$ [m[8D[J                     : Total CPU cycles used: 487266671408
[20:41:13.327] [1;32muart:~$ [m[8D[J ISR0                : STACK: unused 1520 usage 528 / 2048 (25 %); CPU: 0 %
[20:41:13.328] [1;32muart:~$ [m[8D[J                     : Total CPU cycles used: 0
[20:41:13.329] [1;32muart:~$ [m[8D[J[1;32muart:~$ [m[8D[J[1;32muart:~$ [m[8D[JNETMEM up=2100s pktRX=36/40 pktTX=5/16 bufRX=156/160/m102 bufTX=69/80/m17 sysheap_free=11172 alloc=21416 max=24088
[20:41:14.371] [1;32muart:~$ [m[8D[J[00:35:00.363,000] [0m<inf> shtc3: SHTC3: temperature=23.19 C humidity=49.56 %[0m
[20:41:14.372] [1;32muart:~$ [m[8D[J[1;32muart:~$ [m