[20:42:57.090] m[1;31m--- 30 messages dropped ---
[20:42:57.090] [0m[m[00:00:00.064,000] [1;31m<err> gpio_mcp230xx: i2c_write failed![0m
[20:42:57.090] [1;32muart:~$ [m^[[1;32muart:~$ [24D[J[1;31m[1;31m--- 25 messages dropped ---
[20:43:00.452] [0m[m[00:00:00.064,000] [1;31m<err> gpio_mcp23xxx: Failed to enable mirrored IRQ pins: -14[0m
[20:43:00.453] [1;32muart:~$ [m^[[1;32muart:~$ [24D[J[00:00:00.098,000] [1;31m<err> gpio_keys: mcp23017@20 device not ready[0m
[20:43:00.469] [1;32muart:~$ [m^[[1;32muart:~$ [24D[J[00:00:00.098,000] [0m<inf> esp32_aes: ESP32 AES hardware accelerator initialized[0m
[20:43:00.486] [1;32muart:~$ [m^[[1;32muart:~$ [24D[J*** Booting Zephyr OS build v4.4.0-2951-gfbfc5f19636d ***
[20:43:00.502] [1;32muart:~$ [m^[[1;32muart:~$ [24D[J[00:00:00.118,000] [0m<inf> fs_nvs: 8 Sectors of 4096 bytes[0m
[20:43:00.518] [1;32muart:~$ [m^[[1;32muart:~$ [24D[J[00:00:00.118,000] [0m<inf> fs_nvs: alloc wra: 4, fd8[0m
[20:43:00.534] [1;32muart:~$ [m^[[1;32muart:~$ [24D[J[00:00:00.118,000] [0m<inf> fs_nvs: data wra: 4, 218[0m
[20:43:00.550] [1;32muart:~$ [m^[[1;32muart:~$ [24D[J[00:00:00.174,000] [0m<inf> sys_wdt: system watchdog supervisor up (DRY-RUN, no reset, check 5000 ms)[0m
[20:43:00.567] [1;32muart:~$ [m^[[1;32muart:~$ [24D[J[00:00:00.227,000] [0m<inf> llss_storage: LLSS storage loaded from NVS. device_id=dev_7380c1e5ca58[0m
[20:43:00.583] [1;32muart:~$ [m^[[1;32muart:~$ [24D[J[00:00:00.227,000] [0m<inf> llss: Stored device_id: dev_7380c1e5ca58[0m
[20:43:00.599] [1;32muart:~$ [m^[[1;32muart:~$ [24D[J[00:00:00.227,000] [0m<inf> llss: Hardware ID: 9c139eb13dd8[0m
[20:43:00.615] [1;32muart:~$ [m^[[1;32muart:~$ [24D[J[00:00:00.227,000] [0m<inf> llss_client: LLSS client ready: host=eink.tutu.eng.br port=9608 base=/api[0m
[20:43:00.632] [1;32muart:~$ [m^[[1;32muart:~$ [24D[J[00:00:01.674,000] [0m<inf> main: === LLSS e-Ink Client v0.1.0 ===[0m
[20:43:00.648] [1;32muart:~$ [m^[[1;32muart:~$ [24D[J[00:00:04.003,000] [0m<inf> wifi_prov: Stored creds SSID=tutu, trying STA...[0m
[20:43:00.664] [1;32muart:~$ [m^[[1;32muart:~$ [24D[J[00:00:04.003,000] [0m<inf> llss: WiFi connecting: tutu[0m
[20:43:00.680] [1;32muart:~$ [m^[[1;32muart:~$ [24D[J[1;32muart:~$ [m^[[1;32muart:~$ [24D[J[1;32muart:~$ [m^[[1;32muart:~$ [24D[J[00:00:10.728,000] [0m<inf> net_dhcpv4: Received: 192.168.213.15[0m
[20:43:05.183] [1;32muart:~$ [m^[[1;32muart:~$ [24D[J[00:00:10.729,000] [0m<inf> wifi_prov: Got IPv4: 192.168.213.15[0m
[20:43:05.199] [1;32muart:~$ [m^[[1;32muart:~$ [24D[J[00:00:10.729,000] [0m<inf> wifi_prov: WiFi STA connected: tutu[0m
[20:43:05.215] [1;32muart:~$ [m^[[1;32muart:~$ [24D[J[00:00:10.729,000] [0m<inf> wifi_prov: Waiting for first IP (v4 or v6) up to 25 s...[0m
[20:43:05.231] [1;32muart:~$ [m^[[1;32muart:~$ [24D[J[00:00:10.729,000] [0m<inf> wifi_prov: Got v4 — waiting up to 5 s for the other family[0m
[20:43:05.248] [1;32muart:~$ [m^[[1;32muart:~$ [24D[J[1;32muart:~$ [m^[[1;32muart:~$ [24D[J[00:00:15.729,000] [0m<inf> wifi_prov: DNS server [0]: 192.168.213.1 (source: DHCP)[0m
[20:43:10.183] [1;32muart:~$ [m^[[1;32muart:~$ [24D[J[00:00:15.729,000] [0m<inf> llss: WiFi connected: 192.168.213.15[0m
[20:43:10.200] [1;32muart:~$ [m^[[1;32muart:~$ [24D[J[1;32muart:~$ [m^[[1;32muart:~$ [24D[J[00:00:17.682,000] [0m<inf> ntp_sync: NTP synced: 2026-06-18 23:43:11 UTC[0m
[20:43:12.393] [1;32muart:~$ [m^[[1;32muart:~$ [24D[J[00:00:18.618,000] [0m<inf> llss: Token refreshed — polling[0m
[20:43:12.409] [1;32muart:~$ [m^[[1;32muart:~$ [24D[J[1;32muart:~$ [m^[[1;32muart:~$ [24D[J[00:00:20.741,000] [0m<inf> llss_client: DIAG http frames: path=/devices/dev_7380c1e5ca58/frames/frame_338ff9a48f86?raw=true reuse=1 total=516ms first_body=410ms tail=106ms max_gap=13ms frag_count=13 frag_bytes=48000 status=200 rc=321 body=48000[0m
[20:43:15.197] [1;32muart:~$ [m^[[1;32muart:~$ [24D[JDIAG fetch: write_buf=0ms http_fetch=516ms rc=0 png_len=48000
[20:43:15.213] [1;32muart:~$ [m^[[1;32muart:~$ [24D[JDIAG submit: 0ms drc=0
[20:43:15.229] [1;32muart:~$ [m^[[1;32muart:~$ [24D[J[00:00:20.751,000] [0m<inf> display: Displaying frame (48000 bytes)[0m
[20:43:15.245] [1;32muart:~$ [m^[[1;32muart:~$ [24D[J[1;32muart:~$ [m^[[1;32muart:~$ 
[20:43:18.020] [1;31m^[[1;32muart:~$: command not found
[20:43:18.021] [m[1;32muart:~$ [mb 7
[20:43:22.743] Injected PRESS on 7
[20:43:22.743] [1;32muart:~$ [m[8D[J[00:00:29.360,000] [0m<inf> llss: Button: BTN_7 PRESS[0m
[20:43:24.108] [1;32muart:~$ [m[8D[JDIAG send_input rc=0 status=0 frame_id='frame_68e98a08bc6e' poll_after=5000
[20:43:24.108] [1;32muart:~$ [m[8D[J[00:00:30.156,000] [0m<inf> llss_client: DIAG http frames: path=/devices/dev_7380c1e5ca58/frames/frame_68e98a08bc6e?raw=true reuse=1 total=380ms first_body=278ms tail=102ms max_gap=35ms frag_count=7 frag_bytes=48000 status=200 rc=321 body=48000[0m
[20:43:24.111] [1;32muart:~$ [m[8D[JDIAG fetch: write_buf=0ms http_fetch=380ms rc=0 png_len=48000
[20:43:24.111] [1;32muart:~$ [m[8D[JDIAG submit: 0ms drc=0
[20:43:24.112] [1;32muart:~$ [m[8D[J[00:00:30.166,000] [0m<inf> display: Displaying frame (48000 bytes)[0m
[20:43:24.112] [1;32muart:~$ [m[8D[JNETMEM up=30s pktRX=40/40 pktTX=16/16 bufRX=160/160/m102 bufTX=80/80/m4 sysheap_free=11208 alloc=21380 max=23836
[20:43:24.114] [1;32muart:~$ [m[8D[J[1;32muart:~$ [m[8D[J[1;32muart:~$ [mb 3
[20:43:53.562] Injected PRESS on 3
[20:43:53.574] [1;32muart:~$ [m[8D[J[00:01:00.110,000] [0m<inf> llss: Button: BTN_3 PRESS[0m
[20:43:54.827] [1;32muart:~$ [m[8D[J[00:01:00.234,000] [0m<inf> shtc3: SHTC3: temperature=23.42 C humidity=48.95 %[0m
[20:43:54.827] [1;32muart:~$ [m[8D[JDIAG send_input rc=0 status=0 frame_id='frame_5d2fb04f0911' poll_after=5000
[20:43:54.828] [1;32muart:~$ [m[8D[JNETMEM up=60s pktRX=40/40 pktTX=16/16 bufRX=160/160/m102 bufTX=80/80/m4 sysheap_free=11208 alloc=21380 max=23836
[20:43:54.829] [1;32muart:~$ [m[8D[J[00:01:00.876,000] [0m<inf> llss_client: DIAG http frames: path=/devices/dev_7380c1e5ca58/frames/frame_5d2fb04f0911?raw=true reuse=1 total=385ms first_body=284ms tail=101ms max_gap=35ms frag_count=7 frag_bytes=48000 status=200 rc=321 body=48000[0m
[20:43:54.831] [1;32muart:~$ [m[8D[JDIAG fetch: write_buf=0ms http_fetch=385ms rc=0 png_len=48000
[20:43:54.832] [1;32muart:~$ [m[8D[JDIAG submit: 0ms drc=0
[20:43:54.832] [1;32muart:~$ [m[8D[J[00:01:00.885,000] [0m<inf> display: Displaying frame (48000 bytes)[0m
[20:43:54.833] [1;32muart:~$ [m[8D[J[1;32muart:~$ [m[8D[J[1;32muart:~$ [mb 1[11D[JNETMEM up=90s pktRX=40/40 pktTX=16/16 bufRX=160/160/m102 bufTX=80/80/m4 sysheap_free=11208 alloc=21380 max=24056
[20:44:25.108] [1;32muart:~$ [mb 1[11D[J[1;32muart:~$ [mb 1
[20:44:25.715] Injected PRESS on 1
[20:44:25.716] [1;32muart:~$ [m[8D[J[00:01:33.051,000] [0m<inf> llss: Button: BTN_1 PRESS[0m
[20:44:27.798] [1;32muart:~$ [m[8D[JDIAG send_input rc=0 status=0 frame_id='frame_90cc3b32d24e' poll_after=5000
[20:44:27.799] [1;32muart:~$ [m[8D[J[00:01:33.848,000] [0m<inf> llss_client: DIAG http frames: path=/devices/dev_7380c1e5ca58/frames/frame_90cc3b32d24e?raw=true reuse=1 total=388ms first_body=232ms tail=156ms max_gap=74ms frag_count=5 frag_bytes=48000 status=200 rc=321 body=48000[0m
[20:44:27.801] [1;32muart:~$ [m[8D[JDIAG fetch: write_buf=0ms http_fetch=388ms rc=0 png_len=48000
[20:44:27.802] [1;32muart:~$ [m[8D[JDIAG submit: 0ms drc=0
[20:44:27.802] [1;32muart:~$ [m[8D[J[00:01:33.859,000] [0m<inf> display: Displaying frame (48000 bytes)[0m
[20:44:27.803] [1;32muart:~$ [m[8D[J[1;32muart:~$ [m[8D[J[00:02:00.237,000] [0m<inf> shtc3: SHTC3: temperature=23.60 C humidity=47.95 %[0m
[20:44:54.691] [1;32muart:~$ [m[8D[JNETMEM up=120s pktRX=40/40 pktTX=16/16 bufRX=160/160/m102 bufTX=80/80/m4 sysheap_free=11208 alloc=21380 max=24056
[20:44:54.692] [1;32muart:~$ [m[8D[J[1;32muart:~$ [m[8D[J[00:02:14.124,000] [1;31m<err> llss_client: device state HTTP 502[0m
[20:45:08.578] [1;32muart:~$ [m[8D[J[00:02:14.124,000] [1;31m<err> llss: Poll error 502[0m
[20:45:08.578] [1;32muart:~$ [m[8D[J[00:02:14.124,000] [1;33m<wrn> net_watchdog: Server offline — soft reset in 60 s, would-reset in 300 s[0m
[20:45:08.580] [1;32muart:~$ [m[8D[J[1;32muart:~$ [m[8D[J[00:02:19.261,000] [1;31m<err> llss_client: device state HTTP 502[0m
[20:45:13.715] [1;32muart:~$ [m[8D[J[00:02:19.261,000] [1;31m<err> llss: Poll error 502[0m
[20:45:13.716] [1;32muart:~$ [m[8D[J[1;32muart:~$ [m[8D[J[00:02:24.400,000] [1;31m<err> llss_client: device state HTTP 502[0m
[20:45:18.854] [1;32muart:~$ [m[8D[J[00:02:24.400,000] [1;31m<err> llss: Poll error 502[0m
[20:45:18.854] [1;32muart:~$ [m[8D[J[1;32muart:~$ [m[8D[J[00:02:29.540,000] [1;31m<err> llss_client: device state HTTP 502[0m
[20:45:23.994] [1;32muart:~$ [m[8D[J[00:02:29.540,000] [1;31m<err> llss: Poll error 502[0m
[20:45:23.995] [1;32muart:~$ [m[8D[J[1;32muart:~$ [m[8D[JNETMEM up=150s pktRX=40/40 pktTX=16/16 bufRX=160/160/m102 bufTX=80/80/m4 sysheap_free=11208 alloc=21380 max=24056
[20:45:25.108] [1;32muart:~$ [m[8D[J[1;32muart:~$ [m[8D[J[00:02:34.672,000] [1;31m<err> llss_client: device state HTTP 502[0m
[20:45:29.126] [1;32muart:~$ [m[8D[J[00:02:34.672,000] [1;31m<err> llss: Poll error 502[0m
[20:45:29.127] [1;32muart:~$ [m[8D[J[1;32muart:~$ [m[8D[J[00:02:39.805,000] [1;31m<err> llss_client: device state HTTP 502[0m
[20:45:34.259] [1;32muart:~$ [m[8D[J[00:02:39.805,000] [1;31m<err> llss: Poll error 502[0m
[20:45:34.260] [1;32muart:~$ [m[8D[J[1;32muart:~$ [m[8D[J[00:02:44.938,000] [1;31m<err> llss_client: device state HTTP 502[0m
[20:45:39.392] [1;32muart:~$ [m[8D[J[00:02:44.939,000] [1;31m<err> llss: Poll error 502[0m
[20:45:39.393] [1;32muart:~$ [m[8D[J[1;32muart:~$ [mnet a;[1D[Jllocs[18D[J[00:02:50.077,000] [1;31m<err> llss_client: device state HTTP 502[0m
[20:45:44.530] [1;32muart:~$ [mnet allocs[18D[J[00:02:50.077,000] [1;31m<err> llss: Poll error 502[0m
[20:45:44.546] [1;32muart:~$ [mnet allocs[18D[J[1;32muart:~$ [mnet allocs
[20:45:44.636] Network memory allocations

[20:45:44.636] memory		Status	Pool	Function alloc -> freed
[20:45:44.637] 0x3c1735e8	 free	   RX	eth_esp32_rx():153 -> processing_data():157
[20:45:44.637] 0x3c172ee0	 free	   TX	net_tcp_reply_rst():1487 -> tcp_send():472
[20:45:44.638] 0x3c15d4bc	 free	TDATA	ethernet_fill_header():610 -> tcp_send():472
[20:45:44.638] 0x3c15d4f4	 free	TDATA	ethernet_fill_header():610 -> tcp_send():472
[20:45:44.639] 0x3c173ab0	 free	   RX	eth_esp32_rx():153 -> zsock_recv_stream_immediate():1423
[20:45:44.640] 0x3c173a68	 free	   RX	eth_esp32_rx():153 -> zsock_recv_stream_immediate():1423
[20:45:44.640] 0x3c173ca8	 free	   RX	eth_esp32_rx():153 -> zsock_recv_stream_immediate():1423
[20:45:44.641] 0x3c173c18	 free	   RX	eth_esp32_rx():153 -> zsock_recv_stream_immediate():1423
[20:45:44.641] 0x3c173c60	 free	   RX	eth_esp32_rx():153 -> zsock_recv_stream_immediate():1423
[20:45:44.642] 0x3c173cf0	 free	   RX	eth_esp32_rx():153 -> zsock_recv_stream_immediate():1423
[20:45:44.643] 0x3c173a20	 free	   RX	eth_esp32_rx():153 -> zsock_recv_stream_immediate():1423
[20:45:44.643] 0x3c1739d8	 free	   RX	eth_esp32_rx():153 -> zsock_recv_stream_immediate():1423
[20:45:44.644] 0x3c173990	 free	   RX	eth_esp32_rx():153 -> zsock_recv_stream_immediate():1423
[20:45:44.645] 0x3c173948	 free	   RX	eth_esp32_rx():153 -> zsock_recv_stream_immediate():1423
[20:45:44.645] 0x3c173900	 free	   RX	eth_esp32_rx():153 -> zsock_recv_stream_immediate():1423
[20:45:44.646] 0x3c1738b8	 free	   RX	eth_esp32_rx():153 -> zsock_recv_stream_immediate():1423
[20:45:44.647] 0x3c173870	 free	   RX	eth_esp32_rx():153 -> zsock_recv_stream_immediate():1423
[20:45:44.647] 0x3c173828	 free	   RX	eth_esp32_rx():153 -> zsock_recv_stream_immediate():1423
[20:45:44.648] 0x3c1737e0	 free	   RX	eth_esp32_rx():153 -> zsock_recv_stream_immediate():1423
[20:45:44.648] 0x3c173798	 free	   RX	eth_esp32_rx():153 -> zsock_recv_stream_immediate():1423
[20:45:44.649] 0x3c173750	 free	   RX	eth_esp32_rx():153 -> zsock_recv_stream_immediate():1423
[20:45:44.650] 0x3c173708	 free	   RX	eth_esp32_rx():153 -> zsock_recv_stream_immediate():1423
[20:45:44.650] 0x3c1736c0	 free	   RX	eth_esp32_rx():153 -> zsock_recv_stream_immediate():1423
[20:45:44.651] 0x3c1734c8	 free	   RX	eth_esp32_rx():153 -> zsock_recv_stream_immediate():1423
[20:45:44.652] 0x3c173510	 free	   RX	eth_esp32_rx():153 -> zsock_recv_stream_immediate():1423
[20:45:44.652] 0x3c173558	 free	   RX	eth_esp32_rx():153 -> zsock_recv_stream_immediate():1423
[20:45:44.653] 0x3c1735a0	 free	   RX	eth_esp32_rx():153 -> zsock_recv_stream_immediate():1423
[20:45:44.653] 0x3c173678	 free	   RX	eth_esp32_rx():153 -> zsock_recv_stream_immediate():1423
[20:45:44.654] 0x3c173630	 free	   RX	eth_esp32_rx():153 -> zsock_recv_stream_immediate():1423
[20:45:44.655] 0x3c1733a8	 free	   RX	eth_esp32_rx():153 -> zsock_recv_stream_immediate():1423
[20:45:44.655] 0x3c173360	 free	   RX	eth_esp32_rx():153 -> zsock_recv_stream_immediate():1423
[20:45:44.656] 0x3c1733f0	 free	   RX	eth_esp32_rx():153 -> zsock_recv_stream_immediate():1423
[20:45:44.657] 0x3c1735e8	 free	   RX	eth_esp32_rx():153 -> zsock_recv_stream_immediate():1423
[20:45:44.657] 0x3c172ee0	 free	   TX	tcp_out_ext():1573 -> tcp_send():472
[20:45:44.658] 0x3c15d4bc	 free	TDATA	ethernet_fill_header():610 -> tcp_send():472
[20:45:44.658] 0x3c172ee0	 free	   TX	tcp_out_ext():1573 -> tcp_send():472
[20:45:44.659] 0x3c15d4bc	 free	TDATA	ethernet_fill_header():610 -> tcp_send():472
[20:45:44.659] [1;32muart:~$ [m[8D[J[00:02:55.213,000] [1;31m<err> llss_client: device state HTTP 502[0m
[20:45:49.667] [1;32muart:~$ [m[8D[J[00:02:55.213,000] [1;31m<err> llss: Poll error 502[0m
[20:45:49.667] [1;32muart:~$ [m[8D[J[1;32muart:~$ [m[8D[J[00:03:00.328,000] [0m<inf> shtc3: SHTC3: temperature=23.49 C humidity=46.89 %[0m
[20:45:54.782] [1;32muart:~$ [m[8D[J[00:03:00.348,000] [1;31m<err> llss_client: device state HTTP 502[0m
[20:45:54.783] [1;32muart:~$ [m[8D[J[00:03:00.348,000] [1;31m<err> llss: Poll error 502[0m
[20:45:54.783] [1;32muart:~$ [m[8D[JNETMEM up=180s pktRX=40/40 pktTX=16/16 bufRX=160/160/m102 bufTX=80/80/m4 sysheap_free=11208 alloc=21380 max=24056
[20:45:54.784] [1;32muart:~$ [m[8D[J[1;32muart:~$ [m[8D[J[00:03:05.479,000] [1;31m<err> llss_client: device state HTTP 502[0m
[20:45:59.932] [1;32muart:~$ [m[8D[J[00:03:05.479,000] [1;31m<err> llss: Poll error 502[0m
[20:45:59.933] [1;32muart:~$ [m[8D[J[1;32muart:~$ [m[8D[J[00:03:10.617,000] [1;31m<err> llss_client: device state HTTP 502[0m
[20:46:05.070] [1;32muart:~$ [m[8D[J[00:03:10.617,000] [1;31m<err> llss: Poll error 502[0m
[20:46:05.071] [1;32muart:~$ [m[8D[J[1;32muart:~$ [m[8D[J[00:03:15.811,000] [1;31m<err> llss_client: device state HTTP 502[0m
[20:46:10.265] [1;32muart:~$ [m[8D[J[00:03:15.811,000] [1;31m<err> llss: Poll error 502[0m
[20:46:10.265] [1;32muart:~$ [m[8D[J[00:03:15.811,000] [1;33m<wrn> net_watchdog: Watchdog soft reset (offline 61s) — session + DNS[0m
[20:46:10.266] [1;32muart:~$ [m[8D[J[1;32muart:~$ [m[8D[J[00:03:20.945,000] [1;31m<err> llss_client: device state HTTP 502[0m
[20:46:15.398] [1;32muart:~$ [m[8D[J[00:03:20.945,000] [1;31m<err> llss: Poll error 502[0m
[20:46:15.399] [1;32muart:~$ [m[8D[J[1;32muart:~$ [m[8D[J[00:03:26.050,000] [1;31m<err> llss_client: device state HTTP 502[0m
[20:46:20.504] [1;32muart:~$ [m[8D[J[00:03:26.050,000] [1;31m<err> llss: Poll error 502[0m
[20:46:20.504] [1;32muart:~$ [m[8D[J[1;32muart:~$ [m[8D[JNETMEM up=210s pktRX=40/40 pktTX=16/16 bufRX=160/160/m102 bufTX=80/80/m4 sysheap_free=11208 alloc=21380 max=24056
[20:46:25.108] [1;32muart:~$ [m[8D[J[00:03:31.159,000] [1;31m<err> llss_client: device state HTTP 502[0m
[20:46:25.109] [1;32muart:~$ [m[8D[J[00:03:31.159,000] [1;31m<err> llss: Poll error 502[0m
[20:46:25.110] [1;32muart:~$ [m[8D[J[1;32muart:~$ [m[8D[J[00:03:36.265,000] [1;31m<err> llss_client: device state HTTP 502[0m
[20:46:30.719] [1;32muart:~$ [m[8D[J[00:03:36.265,000] [1;31m<err> llss: Poll error 502[0m
[20:46:30.719] [1;32muart:~$ [m[8D[J[1;32muart:~$ [m[8D[J[00:03:41.379,000] [1;31m<err> llss_client: device state HTTP 502[0m
[20:46:35.833] [1;32muart:~$ [m[8D[J[00:03:41.379,000] [1;31m<err> llss: Poll error 502[0m
[20:46:35.833] [1;32muart:~$ [m[8D[J[1;32muart:~$ [m[8D[J[00:03:46.481,000] [1;31m<err> llss_client: device state HTTP 502[0m
[20:46:40.934] [1;32muart:~$ [m[8D[J[00:03:46.481,000] [1;31m<err> llss: Poll error 502[0m
[20:46:40.935] [1;32muart:~$ [m[8D[J[1;32muart:~$ [m[8D[J[00:03:51.600,000] [1;31m<err> llss_client: device state HTTP 502[0m
[20:46:46.053] [1;32muart:~$ [m[8D[J[00:03:51.600,000] [1;31m<err> llss: Poll error 502[0m
[20:46:46.054] [1;32muart:~$ [m[8D[J[1;32muart:~$ [m[8D[J[00:03:56.719,000] [1;31m<err> llss_client: device state HTTP 502[0m
[20:46:51.172] [1;32muart:~$ [m[8D[J[00:03:56.719,000] [1;31m<err> llss: Poll error 502[0m
[20:46:51.173] [1;32muart:~$ [m[8D[J[1;32muart:~$ [m[8D[J[00:04:00.331,000] [0m<inf> shtc3: SHTC3: temperature=23.19 C humidity=47.72 %[0m
[20:46:54.784] [1;32muart:~$ [m[8D[JNETMEM up=240s pktRX=40/40 pktTX=16/16 bufRX=160/160/m102 bufTX=80/80/m4 sysheap_free=11208 alloc=21380 max=24056
[20:46:54.785] [1;32muart:~$ [m[8D[J[1;32muart:~$ [m[8D[J[00:04:01.837,000] [1;31m<err> llss_client: device state HTTP 502[0m
[20:46:56.291] [1;32muart:~$ [m[8D[J[00:04:01.837,000] [1;31m<err> llss: Poll error 502[0m
[20:46:56.291] [1;32muart:~$ [m[8D[J[1;32muart:~$ [m[8D[J[00:04:06.955,000] [1;31m<err> llss_client: device state HTTP 502[0m
[20:47:01.409] [1;32muart:~$ [m[8D[J[00:04:06.956,000] [1;31m<err> llss: Poll error 502[0m
[20:47:01.410] [1;32muart:~$ [m[8D[J[1;32muart:~$ [m[8D[J[00:04:12.057,000] [1;31m<err> llss_client: device state HTTP 502[0m
[20:47:06.511] [1;32muart:~$ [m[8D[J[00:04:12.057,000] [1;31m<err> llss: Poll error 502[0m
[20:47:06.511] [1;32muart:~$ [m[8D[J[1;32muart:~$ [m[8D[J[00:04:17.166,000] [1;31m<err> llss_client: device state HTTP 502[0m
[20:47:11.620] [1;32muart:~$ [m[8D[J[00:04:17.166,000] [1;31m<err> llss: Poll error 502[0m
[20:47:11.620] [1;32muart:~$ [m[8D[J[1;32muart:~$ [m[8D[J[00:04:22.315,000] [1;31m<err> llss_client: device state HTTP 502[0m
[20:47:16.768] [1;32muart:~$ [m[8D[J[00:04:22.315,000] [1;31m<err> llss: Poll error 502[0m
[20:47:16.769] [1;32muart:~$ [m[8D[J[1;32muart:~$ [m[8D[J[00:04:27.419,000] [1;31m<err> llss_client: device state HTTP 502[0m
[20:47:21.872] [1;32muart:~$ [m[8D[J[00:04:27.419,000] [1;31m<err> llss: Poll error 502[0m
[20:47:21.873] [1;32muart:~$ [m[8D[J[1;32muart:~$ [m[8D[JNETMEM up=270s pktRX=40/40 pktTX=16/16 bufRX=160/160/m102 bufTX=80/80/m4 sysheap_free=11208 alloc=21380 max=24056
[20:47:25.109] [1;32muart:~$ [m[8D[J[1;32muart:~$ [m[8D[J[00:04:32.521,000] [1;31m<err> llss_client: device state HTTP 502[0m
[20:47:26.974] [1;32muart:~$ [m[8D[J[00:04:32.521,000] [1;31m<err> llss: Poll error 502[0m
[20:47:26.975] [1;32muart:~$ [m[8D[J[1;32muart:~$ [m[8D[J[00:04:37.627,000] [1;31m<err> llss_client: device state HTTP 502[0m
[20:47:32.081] [1;32muart:~$ [m[8D[J[00:04:37.627,000] [1;31m<err> llss: Poll error 502[0m
[20:47:32.082] [1;32muart:~$ [m[8D[J[1;32muart:~$ [m[8D[J[00:04:42.739,000] [1;31m<err> llss_client: device state HTTP 502[0m
[20:47:37.192] [1;32muart:~$ [m[8D[J[00:04:42.739,000] [1;31m<err> llss: Poll error 502[0m
[20:47:37.193] [1;32muart:~$ [m[8D[J[1;32muart:~$ [m[8D[J[00:04:47.858,000] [1;31m<err> llss_client: device state HTTP 502[0m
[20:47:42.312] [1;32muart:~$ [m[8D[J[00:04:47.858,000] [1;31m<err> llss: Poll error 502[0m
[20:47:42.312] [1;32muart:~$ [m[8D[J[1;32muart:~$ [m[8D[J[00:04:52.970,000] [1;31m<err> llss_client: device state HTTP 502[0m
[20:47:47.423] [1;32muart:~$ [m[8D[J[00:04:52.970,000] [1;31m<err> llss: Poll error 502[0m
[20:47:47.424] [1;32muart:~$ [m[8D[J[1;32muart:~$ [m[8D[J[00:04:58.081,000] [1;31m<err> llss_client: device state HTTP 502[0m
[20:47:52.534] [1;32muart:~$ [m[8D[J[00:04:58.081,000] [1;31m<err> llss: Poll error 502[0m
[20:47:52.535] [1;32muart:~$ [m[8D[J[1;32muart:~$ [m[8D[JThread analyze:
[20:47:53.689] [1;32muart:~$ [m[8D[J wdt_sentinel_tid    : STACK: unused 432 usage 336 / 768 (43 %); CPU: 0 %
[20:47:53.689] [1;32muart:~$ [m[8D[J                     : Total CPU cycles used: 2230493
[20:47:53.690] [1;32muart:~$ [m[8D[J thread_analyzer     : STACK: unused 80 usage 944 / 1024 (92 %); CPU: 0 %
[20:47:53.691] [1;32muart:~$ [m[8D[J                     : Total CPU cycles used: 913646
[20:47:53.691] [1;32muart:~$ [m[8D[J sys_wdt_tid         : STACK: unused 704 usage 320 / 1024 (31 %); CPU: 0 %
[20:47:53.692] [1;32muart:~$ [m[8D[J                     : Total CPU cycles used: 486960
[20:47:53.693] [1;32muart:~$ [m[8D[J shtc3_thread        : STACK: unused 1360 usage 688 / 2048 (33 %); CPU: 0 %
[20:47:53.694] [1;32muart:~$ [m[8D[J                     : Total CPU cycles used: 379053
[20:47:53.694] [1;32muart:~$ [m[8D[J ntp_thread          : STACK: unused 2464 usage 1632 / 4096 (39 %); CPU: 0 %
[20:47:53.695] [1;32muart:~$ [m[8D[J                     : Total CPU cycles used: 1936297
[20:47:53.696] [1;32muart:~$ [m[8D[J netmem_tid          : STACK: unused 688 usage 592 / 1280 (46 %); CPU: 0 %
[20:47:53.696] [1;32muart:~$ [m[8D[J                     : Total CPU cycles used: 289724
[20:47:53.697] [1;32muart:~$ [m[8D[J llss_thread         : STACK: unused 11584 usage 4800 / 16384 (29 %); CPU: 1 %
[20:47:53.698] [1;32muart:~$ [m[8D[J                     : Total CPU cycles used: 1023008919
[20:47:53.698] [1;32muart:~$ [m[8D[J input               : STACK: unused 560 usage 464 / 1024 (45 %); CPU: 0 %
[20:47:53.699] [1;32muart:~$ [m[8D[J                     : Total CPU cycles used: 80945
[20:47:53.700] [1;32muart:~$ [m[8D[J display_thread      : STACK: unused 8640 usage 3648 / 12288 (29 %); CPU: 0 %
[20:47:53.701] [1;32muart:~$ [m[8D[J                     : Total CPU cycles used: 541736195
[20:47:53.701] [1;32muart:~$ [m[8D[J device_ui_thread    : STACK: unused 7520 usage 672 / 8192 (8 %); CPU: 0 %
[20:47:53.702] [1;32muart:~$ [m[8D[J                     : Total CPU cycles used: 184418
[20:47:53.703] [1;32muart:~$ [m[8D[J conn_mgr_monitor    : STACK: unused 176 usage 336 / 512 (65 %); CPU: 0 %
[20:47:53.703] [1;32muart:~$ [m[8D[J                     : Total CPU cycles used: 86197
[20:47:53.704] [1;32muart:~$ [m[8D[J net_socket_service  : STACK: unused 3344 usage 752 / 4096 (18 %); CPU: 0 %
[20:47:53.705] [1;32muart:~$ [m[8D[J                     : Total CPU cycles used: 1248338
[20:47:53.706] [1;32muart:~$ [m[8D[J rx_q[0]             : STACK: unused 496 usage 1552 / 2048 (75 %); CPU: 0 %
[20:47:53.706] [1;32muart:~$ [m[8D[J                     : Total CPU cycles used: 196611506
[20:47:53.707] [1;32muart:~$ [m[8D[J net_mgmt            : STACK: unused 3424 usage 672 / 4096 (16 %); CPU: 0 %
[20:47:53.708] [1;32muart:~$ [m[8D[J                     : Total CPU cycles used: 295212
[20:47:53.708] [1;32muart:~$ [m[8D[J tcp_work            : STACK: unused 1680 usage 368 / 2048 (17 %); CPU: 0 %
[20:47:53.709] [1;32muart:~$ [m[8D[J                     : Total CPU cycles used: 1242598
[20:47:53.710] [1;32muart:~$ [m[8D[J shell_uart          : STACK: unused 2384 usage 1712 / 4096 (41 %); CPU: 0 %
[20:47:53.711] [1;32muart:~$ [m[8D[J                     : Total CPU cycles used: 14536422
[20:47:53.711] [1;32muart:~$ [m[8D[J wifi                : STACK: unused 1440 usage 2144 / 3584 (59 %); CPU: 1 %
[20:47:53.712] [1;32muart:~$ [m[8D[J                     : Total CPU cycles used: 833611149
[20:47:53.713] [1;32muart:~$ [m[8D[J sysworkq            : STACK: unused 3232 usage 864 / 4096 (21 %); CPU: 0 %
[20:47:53.714] [1;32muart:~$ [m[8D[J                     : Total CPU cycles used: 6498538
[20:47:53.714] [1;32muart:~$ [m[8D[J esp_timer           : STACK: unused 3536 usage 560 / 4096 (13 %); CPU: 0 %
[20:47:53.715] [1;32muart:~$ [m[8D[J                     : Total CPU cycles used: 30524346
[20:47:53.716] [1;32muart:~$ [m[8D[J logging             : STACK: unused 544 usage 480 / 1024 (46 %); CPU: 0 %
[20:47:53.716] [1;32muart:~$ [m[8D[J                     : Total CPU cycles used: 2126652
[20:47:53.717] [1;32muart:~$ [m[8D[J idle                : STACK: unused 816 usage 208 / 1024 (20 %); CPU: 95 %
[20:47:53.718] [1;32muart:~$ [m[8D[J                     : Total CPU cycles used: 69033934894
[20:47:53.718] [1;32muart:~$ [m[8D[J ISR0                : STACK: unused 1520 usage 528 / 2048 (25 %); CPU: 0 %
[20:47:53.719] [1;32muart:~$ [m[8D[J                     : Total CPU cycles used: 0
[20:47:53.720] [1;32muart:~$ [m[8D[J[1;32muart:~$ [m[8D[J[1;32muart:~$ [m[8D[J[00:05:00.334,000] [0m<inf> shtc3: SHTC3: temperature=23.10 C humidity=49.53 %[0m
[20:47:54.787] [1;32muart:~$ [m[8D[JNETMEM up=300s pktRX=40/40 pktTX=16/16 bufRX=160/160/m102 bufTX=80/80/m4 sysheap_free=11208 alloc=21380 max=24056
[20:47:54.788] [1;32muart:~$ [m[8D[J[1;32muart:~$ [m[8D[J[00:05:03.179,000] [1;31m<err> llss_client: device state HTTP 502[0m
[20:47:57.632] [1;32muart:~$ [m[8D[J[00:05:03.179,000] [1;31m<err> llss: Poll error 502[0m
[20:47:57.633] [1;32muart:~$ [m[8D[J[1;32muart:~$ [m[8D[J[00:05:08.301,000] [1;31m<err> llss_client: device state HTTP 502[0m
[20:48:02.754] [1;32muart:~$ [m[8D[J[00:05:08.301,000] [1;31m<err> llss: Poll error 502[0m
[20:48:02.755] [1;32muart:~$ [m[8D[J[1;32muart:~$ [m[8D[J[00:05:13.423,000] [1;31m<err> llss_client: device state HTTP 502[0m
[20:48:07.877] [1;32muart:~$ [m[8D[J[00:05:13.423,000] [1;31m<err> llss: Poll error 502[0m
[20:48:07.877] [1;32muart:~$ [m[8D[J[1;32muart:~$ [m[8D[J[00:05:18.530,000] [1;31m<err> llss_client: device state HTTP 502[0m
[20:48:12.983] [1;32muart:~$ [m[8D[J[00:05:18.530,000] [1;31m<err> llss: Poll error 502[0m
[20:48:12.984] [1;32muart:~$ [m[8D[J[00:05:18.530,000] [1;33m<wrn> net_watchdog: Watchdog soft reset (offline 184s) — session + DNS[0m
[20:48:12.985] [1;32muart:~$ [m[8D[J[1;32muart:~$ [m[8D[J[00:05:23.650,000] [1;31m<err> llss_client: device state HTTP 502[0m
[20:48:18.104] [1;32muart:~$ [m[8D[J[00:05:23.650,000] [1;31m<err> llss: Poll error 502[0m
[20:48:18.104] [1;32muart:~$ [m[8D[J[1;32muart:~$ [m[8D[J[00:05:28.776,000] [1;31m<err> llss_client: device state HTTP 502[0m
[20:48:23.229] [1;32muart:~$ [m[8D[J[00:05:28.776,000] [1;31m<err> llss: Poll error 502[0m
[20:48:23.230] [1;32muart:~$ [m[8D[J[1;32muart:~$ [m[8D[JNETMEM up=330s pktRX=39/40 pktTX=16/16 bufRX=159/160/m102 bufTX=80/80/m4 sysheap_free=11208 alloc=21380 max=24056
[20:48:25.109] [1;32muart:~$ [m[8D[J[1;32muart:~$ [m[8D[J[00:05:33.884,000] [1;31m<err> llss_client: device state HTTP 502[0m
[20:48:28.337] [1;32muart:~$ [m[8D[J[00:05:33.884,000] [1;31m<err> llss: Poll error 502[0m
[20:48:28.337] [1;32muart:~$ [m[8D[J[1;32muart:~$ [m[8D[J[00:05:38.993,000] [1;31m<err> llss_client: device state HTTP 502[0m
[20:48:33.447] [1;32muart:~$ [m[8D[J[00:05:38.994,000] [1;31m<err> llss: Poll error 502[0m
[20:48:33.448] [1;32muart:~$ [m[8D[J[1;32muart:~$ [m[8D[J[00:05:44.098,000] [1;31m<err> llss_client: device state HTTP 502[0m
[20:48:38.552] [1;32muart:~$ [m[8D[J[00:05:44.098,000] [1;31m<err> llss: Poll error 502[0m
[20:48:38.553] [1;32muart:~$ [m[8D[J[1;32muart:~$ [m[8D[J[00:05:49.212,000] [1;31m<err> llss_client: device state HTTP 502[0m
[20:48:43.666] [1;32muart:~$ [m[8D[J[00:05:49.212,000] [1;31m<err> llss: Poll error 502[0m
[20:48:43.666] [1;32muart:~$ [m[8D[J[1;32muart:~$ [m[8D[J[00:05:54.330,000] [1;31m<err> llss_client: device state HTTP 502[0m
[20:48:48.783] [1;32muart:~$ [m[8D[J[00:05:54.330,000] [1;31m<err> llss: Poll error 502[0m
[20:48:48.784] [1;32muart:~$ [m[8D[J[1;32muart:~$ [m[8D[J[00:05:59.438,000] [1;31m<err> llss_client: device state HTTP 502[0m
[20:48:53.891] [1;32muart:~$ [m[8D[J[00:05:59.438,000] [1;31m<err> llss: Poll error 502[0m
[20:48:53.891] [1;32muart:~$ [m[8D[J[00:06:00.337,000] [0m<inf> shtc3: SHTC3: temperature=23.09 C humidity=50.04 %[0m
[20:48:53.892] [1;32muart:~$ [m[8D[J[1;32muart:~$ [m[8D[JNETMEM up=360s pktRX=39/40 pktTX=16/16 bufRX=159/160/m102 bufTX=80/80/m4 sysheap_free=11208 alloc=21380 max=24056
[20:48:55.109] [1;32muart:~$ [m[8D[J[1;32muart:~$ [m[8D[J[00:06:04.554,000] [1;31m<err> llss_client: device state HTTP 502[0m
[20:48:59.008] [1;32muart:~$ [m[8D[J[00:06:04.554,000] [1;31m<err> llss: Poll error 502[0m
[20:48:59.009] [1;32muart:~$ [m[8D[J[1;32muart:~$ [mnet allocs
[20:49:02.651] Network memory allocations

[20:49:02.651] memory		Status	Pool	Function alloc -> freed
[20:49:02.651] 0x3c1733f0/1	 used	   RX	eth_esp32_rx():153
[20:49:02.652] 0x3c1735e8	 free	   RX	eth_esp32_rx():153 -> net_icmpv6_input():408
[20:49:02.652] 0x3c172ee0	 free	   TX	net_ipv6_send_na():1176 -> ethernet_send():800
[20:49:02.653] 0x3c15d4bc	 free	TDATA	ethernet_fill_header():610 -> ethernet_send():800
[20:49:02.654] 0x3c15d4bc	 free	TDATA	ethernet_fill_header():610 -> tcp_send():472
[20:49:02.654] 0x3c173a68	 free	   RX	eth_esp32_rx():153 -> zsock_recv_stream_immediate():1423
[20:49:02.655] 0x3c173ca8	 free	   RX	eth_esp32_rx():153 -> zsock_recv_stream_immediate():1423
[20:49:02.655] 0x3c173c18	 free	   RX	eth_esp32_rx():153 -> zsock_recv_stream_immediate():1423
[20:49:02.656] 0x3c173c60	 free	   RX	eth_esp32_rx():153 -> zsock_recv_stream_immediate():1423
[20:49:02.657] 0x3c173cf0	 free	   RX	eth_esp32_rx():153 -> zsock_recv_stream_immediate():1423
[20:49:02.657] 0x3c173a20	 free	   RX	eth_esp32_rx():153 -> zsock_recv_stream_immediate():1423
[20:49:02.658] 0x3c1739d8	 free	   RX	eth_esp32_rx():153 -> zsock_recv_stream_immediate():1423
[20:49:02.659] 0x3c173990	 free	   RX	eth_esp32_rx():153 -> zsock_recv_stream_immediate():1423
[20:49:02.659] 0x3c173948	 free	   RX	eth_esp32_rx():153 -> zsock_recv_stream_immediate():1423
[20:49:02.660] 0x3c173900	 free	   RX	eth_esp32_rx():153 -> zsock_recv_stream_immediate():1423
[20:49:02.660] 0x3c1738b8	 free	   RX	eth_esp32_rx():153 -> zsock_recv_stream_immediate():1423
[20:49:02.661] 0x3c173870	 free	   RX	eth_esp32_rx():153 -> zsock_recv_stream_immediate():1423
[20:49:02.662] 0x3c173828	 free	   RX	eth_esp32_rx():153 -> zsock_recv_stream_immediate():1423
[20:49:02.662] 0x3c1737e0	 free	   RX	eth_esp32_rx():153 -> zsock_recv_stream_immediate():1423
[20:49:02.663] 0x3c173798	 free	   RX	eth_esp32_rx():153 -> zsock_recv_stream_immediate():1423
[20:49:02.664] 0x3c173750	 free	   RX	eth_esp32_rx():153 -> zsock_recv_stream_immediate():1423
[20:49:02.664] 0x3c173708	 free	   RX	eth_esp32_rx():153 -> zsock_recv_stream_immediate():1423
[20:49:02.665] 0x3c1736c0	 free	   RX	eth_esp32_rx():153 -> zsock_recv_stream_immediate():1423
[20:49:02.666] 0x3c1734c8	 free	   RX	eth_esp32_rx():153 -> zsock_recv_stream_immediate():1423
[20:49:02.666] 0x3c173510	 free	   RX	eth_esp32_rx():153 -> zsock_recv_stream_immediate():1423
[20:49:02.667] 0x3c173558	 free	   RX	eth_esp32_rx():153 -> zsock_recv_stream_immediate():1423
[20:49:02.667] 0x3c1735a0	 free	   RX	eth_esp32_rx():153 -> zsock_recv_stream_immediate():1423
[20:49:02.668] 0x3c173678	 free	   RX	eth_esp32_rx():153 -> zsock_recv_stream_immediate():1423
[20:49:02.669] 0x3c173630	 free	   RX	eth_esp32_rx():153 -> zsock_recv_stream_immediate():1423
[20:49:02.669] 0x3c1733a8	 free	   RX	eth_esp32_rx():153 -> zsock_recv_stream_immediate():1423
[20:49:02.670] 0x3c173360	 free	   RX	eth_esp32_rx():153 -> zsock_recv_stream_immediate():1423
[20:49:02.671] 0x3c1733f0	 free	   RX	eth_esp32_rx():153 -> zsock_recv_stream_immediate():1423
[20:49:02.671] 0x3c1735e8	 free	   RX	eth_esp32_rx():153 -> zsock_recv_stream_immediate():1423
[20:49:02.672] 0x3c172ee0	 free	   TX	tcp_out_ext():1573 -> tcp_send():472
[20:49:02.672] 0x3c15d4bc	 free	TDATA	ethernet_fill_header():610 -> tcp_send():472
[20:49:02.673] 0x3c172ee0	 free	   TX	tcp_out_ext():1573 -> tcp_send():472
[20:49:02.673] 0x3c15d4bc	 free	TDATA	ethernet_fill_header():610 -> tcp_send():472
[20:49:02.674] [1;32muart:~$ [m[8D[J[00:06:09.660,000] [1;31m<err> llss_client: device state HTTP 502[0m
[20:49:04.114] [1;32muart:~$ [m[8D[J[00:06:09.660,000] [1;31m<err> llss: Poll error 502[0m
[20:49:04.115] [1;32muart:~$ [m[8D[J[1;32muart:~$ [m[8D[J[00:06:14.774,000] [1;31m<err> llss_client: device state HTTP 502[0m
[20:49:09.227] [1;32muart:~$ [m[8D[J[00:06:14.774,000] [1;31m<err> llss: Poll error 502[0m
[20:49:09.228] [1;32muart:~$ [m[8D[J[1;32muart:~$ [m[8D[J[00:06:19.888,000] [1;31m<err> llss_client: device state HTTP 502[0m
[20:49:14.342] [1;32muart:~$ [m[8D[J[00:06:19.888,000] [1;31m<err> llss: Poll error 502[0m
[20:49:14.343] [1;32muart:~$ [m[8D[J[1;32muart:~$ [m[8D[J[00:06:24.996,000] [1;31m<err> llss_client: device state HTTP 502[0m
[20:49:19.450] [1;32muart:~$ [m[8D[J[00:06:24.996,000] [1;31m<err> llss: Poll error 502[0m
[20:49:19.450] [1;32muart:~$ [m[8D[J[1;32muart:~$ [m[8D[J[00:06:30.110,000] [1;31m<err> llss_client: device state HTTP 502[0m
[20:49:24.563] [1;32muart:~$ [m[8D[J[00:06:30.110,000] [1;31m<err> llss: Poll error 502[0m
[20:49:24.564] [1;32muart:~$ [m[8D[JNETMEM up=390s pktRX=39/40 pktTX=16/16 bufRX=159/160/m102 bufTX=80/80/m4 sysheap_free=11208 alloc=21380 max=24056
[20:49:24.565] [1;32muart:~$ [m[8D[J[1;32muart:~$ [m[8D[J[00:06:35.213,000] [1;31m<err> llss_client: device state HTTP 502[0m
[20:49:29.667] [1;32muart:~$ [m[8D[J[00:06:35.213,000] [1;31m<err> llss: Poll error 502[0m
[20:49:29.668] [1;32muart:~$ [m[8D[J[1;32muart:~$ [m[8D[J[00:06:40.333,000] [1;31m<err> llss_client: device state HTTP 502[0m
[20:49:34.786] [1;32muart:~$ [m[8D[J[00:06:40.333,000] [1;31m<err> llss: Poll error 502[0m
[20:49:34.787] [1;32muart:~$ [m[8D[J[1;32muart:~$ [m[8D[J[00:06:45.437,000] [1;31m<err> llss_client: device state HTTP 502[0m
[20:49:39.891] [1;32muart:~$ [m[8D[J[00:06:45.437,000] [1;31m<err> llss: Poll error 502[0m
[20:49:39.891] [1;32muart:~$ [m[8D[J[1;32muart:~$ [m[8D[J[00:06:50.544,000] [1;31m<err> llss_client: device state HTTP 502[0m
[20:49:44.997] [1;32muart:~$ [m[8D[J[00:06:50.544,000] [1;31m<err> llss: Poll error 502[0m
[20:49:44.998] [1;32muart:~$ [m[8D[J[1;32muart:~$ [m[8D[J[00:06:55.655,000] [1;31m<err> llss_client: device state HTTP 502[0m
[20:49:50.108] [1;32muart:~$ [m[8D[J[00:06:55.655,000] [1;31m<err> llss: Poll error 502[0m
[20:49:50.109] [1;32muart:~$ [m[8D[J[1;32muart:~$ [m[8D[J[00:07:00.340,000] [0m<inf> shtc3: SHTC3: temperature=23.00 C humidity=49.20 %[0m
[20:49:54.793] [1;32muart:~$ [m[8D[JNETMEM up=420s pktRX=38/40 pktTX=16/16 bufRX=158/160/m102 bufTX=80/80/m4 sysheap_free=11172 alloc=21416 max=24056
[20:49:54.794] [1;32muart:~$ [m[8D[J[00:07:00.766,000] [1;31m<err> llss_client: device state HTTP 502[0m
[20:49:54.796] [1;32muart:~$ [m[8D[J[00:07:00.766,000] [1;31m<err> llss: Poll error 502[0m
[20:49:54.797] [1;32muart:~$ [m[8D[J[1;32muart:~$ [m[8D[J[00:07:05.868,000] [1;31m<err> llss_client: device state HTTP 502[0m
[20:50:00.321] [1;32muart:~$ [m[8D[J[00:07:05.868,000] [1;31m<err> llss: Poll error 502[0m
[20:50:00.322] [1;32muart:~$ [m[8D[J[1;32muart:~$ [m[8D[J[00:07:10.974,000] [1;31m<err> llss_client: device state HTTP 502[0m
[20:50:05.427] [1;32muart:~$ [m[8D[J[00:07:10.974,000] [1;31m<err> llss: Poll error 502[0m
[20:50:05.428] [1;32muart:~$ [m[8D[J[1;32muart:~$ [m[8D[J[00:07:16.088,000] [1;31m<err> llss_client: device state HTTP 502[0m
[20:50:10.542] [1;32muart:~$ [m[8D[J[00:07:16.088,000] [1;31m<err> llss: Poll error 502[0m
[20:50:10.543] [1;32muart:~$ [m[8D[J[00:07:16.089,000] [1;31m<err> net_watchdog: WATCHDOG: would reset now (offline 301s); next would-reset in 600 s[0m
[20:50:10.544] [1;32muart:~$ [m[8D[J[1;32muart:~$ [m[8D[J[00:07:21.209,000] [1;31m<err> llss_client: device state HTTP 502[0m
[20:50:15.662] [1;32muart:~$ [m[8D[J[00:07:21.209,000] [1;31m<err> llss: Poll error 502[0m
[20:50:15.663] [1;32muart:~$ [m[8D[J[1;32muart:~$ [m[8D[J[00:07:26.321,000] [1;31m<err> llss_client: device state HTTP 502[0m
[20:50:20.775] [1;32muart:~$ [m[8D[J[00:07:26.321,000] [1;31m<err> llss: Poll error 502[0m
[20:50:20.775] [1;32muart:~$ [m[8D[J[1;32muart:~$ [m[8D[JNETMEM up=450s pktRX=38/40 pktTX=16/16 bufRX=158/160/m102 bufTX=80/80/m4 sysheap_free=11208 alloc=21380 max=24056
[20:50:25.121] [1;32muart:~$ [m[8D[J[00:07:31.442,000] [1;31m<err> llss_client: device state HTTP 502[0m
[20:50:25.121] [1;32muart:~$ [m[8D[J[00:07:31.442,000] [1;31m<err> llss: Poll error 502[0m
[20:50:25.122] [1;32muart:~$ [m[8D[J[1;32muart:~$ [m[8D[J[00:07:36.557,000] [1;31m<err> llss_client: device state HTTP 502[0m
[20:50:31.011] [1;32muart:~$ [m[8D[J[00:07:36.557,000] [1;31m<err> llss: Poll error 502[0m
[20:50:31.012] [1;32muart:~$ [m[8D[J[1;32muart:~$ [m[8D[J[00:07:41.669,000] [1;31m<err> llss_client: device state HTTP 502[0m
[20:50:36.123] [1;32muart:~$ [m[8D[J[00:07:41.669,000] [1;31m<err> llss: Poll error 502[0m
[20:50:36.124] [1;32muart:~$ [m[8D[J[1;32muart:~$ [m[8D[J[00:07:46.827,000] [1;31m<err> llss_client: device state HTTP 502[0m
[20:50:41.282] [1;32muart:~$ [m[8D[J[00:07:46.827,000] [1;31m<err> llss: Poll error 502[0m
[20:50:41.282] [1;32muart:~$ [m[8D[J[1;32muart:~$ [m[8D[J[00:07:51.927,000] [1;31m<err> llss_client: device state HTTP 502[0m
[20:50:46.380] [1;32muart:~$ [m[8D[J[00:07:51.927,000] [1;31m<err> llss: Poll error 502[0m
[20:50:46.381] [1;32muart:~$ [m[8D[J[1;32muart:~$ [m[8D[J[00:07:57.046,000] [1;31m<err> llss_client: device state HTTP 502[0m
[20:50:51.500] [1;32muart:~$ [m[8D[J[00:07:57.046,000] [1;31m<err> llss: Poll error 502[0m
[20:50:51.500] [1;32muart:~$ [m[8D[J[1;32muart:~$ [m[8D[J[00:08:00.343,000] [0m<inf> shtc3: SHTC3: temperature=22.91 C humidity=49.15 %[0m
[20:50:54.798] [1;32muart:~$ [m[8D[JNETMEM up=480s pktRX=38/40 pktTX=16/16 bufRX=158/160/m102 bufTX=80/80/m4 sysheap_free=11208 alloc=21380 max=24056
[20:50:54.799] [1;32muart:~$ [m[8D[J[1;32muart:~$ [m[8D[J[00:08:02.152,000] [1;31m<err> llss_client: device state HTTP 502[0m
[20:50:56.605] [1;32muart:~$ [m[8D[J[00:08:02.152,000] [1;31m<err> llss: Poll error 502[0m
[20:50:56.606] [1;32muart:~$ [m[8D[J[1;32muart:~$ [m[8D[J[00:08:07.270,000] [1;31m<err> llss_client: device state HTTP 502[0m
[20:51:01.723] [1;32muart:~$ [m[8D[J[00:08:07.270,000] [1;31m<err> llss: Poll error 502[0m
[20:51:01.724] [1;32muart:~$ [m[8D[J[1;32muart:~$ [m[8D[J[00:08:12.419,000] [1;31m<err> llss_client: device state HTTP 502[0m
[20:51:06.873] [1;32muart:~$ [m[8D[J[00:08:12.420,000] [1;31m<err> llss: Poll error 502[0m
[20:51:06.874] [1;32muart:~$ [m[8D[J[1;32muart:~$ [m[8D[J[00:08:17.532,000] [1;31m<err> llss_client: device state HTTP 502[0m
[20:51:11.986] [1;32muart:~$ [m[8D[J[00:08:17.532,000] [1;31m<err> llss: Poll error 502[0m
[20:51:11.986] [1;32muart:~$ [m[8D[J[1;32muart:~$ [m[8D[J[00:08:22.654,000] [1;31m<err> llss_client: device state HTTP 502[0m
[20:51:17.107] [1;32muart:~$ [m[8D[J[00:08:22.654,000] [1;31m<err> llss: Poll error 502[0m
[20:51:17.108] [1;32muart:~$ [m[8D[J[1;32muart:~$ [m[8D[J[00:08:27.778,000] [1;31m<err> llss_client: device state HTTP 502[0m
[20:51:22.232] [1;32muart:~$ [m[8D[J[00:08:27.778,000] [1;31m<err> llss: Poll error 502[0m
[20:51:22.232] [1;32muart:~$ [m[8D[J[1;32muart:~$ [m[8D[JNETMEM up=510s pktRX=38/40 pktTX=16/16 bufRX=158/160/m102 bufTX=80/80/m4 sysheap_free=11208 alloc=21380 max=24056
[20:51:25.121] [1;32muart:~$ [m[8D[J[1;32muart:~$ [m[8D[J[00:08:32.901,000] [1;31m<err> llss_client: device state HTTP 502[0m
[20:51:27.355] [1;32muart:~$ [m[8D[J[00:08:32.901,000] [1;31m<err> llss: Poll error 502[0m
[20:51:27.356] [1;32muart:~$ [m[8D[J[1;32muart:~$ [m[8D[J[00:08:38.012,000] [1;31m<err> llss_client: device state HTTP 502[0m
[20:51:32.466] [1;32muart:~$ [m[8D[J[00:08:38.012,000] [1;31m<err> llss: Poll error 502[0m
[20:51:32.467] [1;32muart:~$ [m[8D[J[1;32muart:~$ [m[8D[J[00:08:43.139,000] [1;31m<err> llss_client: device state HTTP 502[0m
[20:51:37.593] [1;32muart:~$ [m[8D[J[00:08:43.139,000] [1;31m<err> llss: Poll error 502[0m
[20:51:37.593] [1;32muart:~$ [m[8D[J[1;32muart:~$ [m[8D[J[00:08:48.258,000] [1;31m<err> llss_client: device state HTTP 502[0m
[20:51:42.712] [1;32muart:~$ [m[8D[J[00:08:48.259,000] [1;31m<err> llss: Poll error 502[0m
[20:51:42.713] [1;32muart:~$ [m[8D[J[1;32muart:~$ [mnet a[13D[J[00:08:53.376,000] [1;31m<err> llss_client: device state HTTP 502[0m
[20:51:47.830] [1;32muart:~$ [mnet a[13D[J[00:08:53.376,000] [1;31m<err> llss: Poll error 502[0m
[20:51:47.846] [1;32muart:~$ [mnet a[13D[J[1;32muart:~$ [mnet allocs
[20:51:48.862] Network memory allocations

[20:51:48.862] memory		Status	Pool	Function alloc -> freed
[20:51:48.863] 0x3c1733f0/1	 used	   RX	eth_esp32_rx():153
[20:51:48.864] 0x3c1735e8/1	 used	   RX	eth_esp32_rx():153
[20:51:48.864] 0x3c173360	 free	   RX	eth_esp32_rx():153 -> processing_data():157
[20:51:48.864] 0x3c15d4bc	 free	TDATA	ethernet_fill_header():610 -> ethernet_send():800
[20:51:48.865] 0x3c172ee0	 free	   TX	tcp_out_ext():1573 -> tcp_send():472
[20:51:48.865] 0x3c15d4bc	 free	TDATA	ethernet_fill_header():610 -> tcp_send():472
[20:51:48.866] 0x3c173ca8	 free	   RX	eth_esp32_rx():153 -> zsock_recv_stream_immediate():1423
[20:51:48.867] 0x3c173c18	 free	   RX	eth_esp32_rx():153 -> zsock_recv_stream_immediate():1423
[20:51:48.867] 0x3c173c60	 free	   RX	eth_esp32_rx():153 -> zsock_recv_stream_immediate():1423
[20:51:48.868] 0x3c173cf0	 free	   RX	eth_esp32_rx():153 -> zsock_recv_stream_immediate():1423
[20:51:48.869] 0x3c173a20	 free	   RX	eth_esp32_rx():153 -> zsock_recv_stream_immediate():1423
[20:51:48.869] 0x3c1739d8	 free	   RX	eth_esp32_rx():153 -> zsock_recv_stream_immediate():1423
[20:51:48.870] 0x3c173990	 free	   RX	eth_esp32_rx():153 -> zsock_recv_stream_immediate():1423
[20:51:48.870] 0x3c173948	 free	   RX	eth_esp32_rx():153 -> zsock_recv_stream_immediate():1423
[20:51:48.871] 0x3c173900	 free	   RX	eth_esp32_rx():153 -> zsock_recv_stream_immediate():1423
[20:51:48.872] 0x3c1738b8	 free	   RX	eth_esp32_rx():153 -> zsock_recv_stream_immediate():1423
[20:51:48.872] 0x3c173870	 free	   RX	eth_esp32_rx():153 -> zsock_recv_stream_immediate():1423
[20:51:48.873] 0x3c173828	 free	   RX	eth_esp32_rx():153 -> zsock_recv_stream_immediate():1423
[20:51:48.874] 0x3c1737e0	 free	   RX	eth_esp32_rx():153 -> zsock_recv_stream_immediate():1423
[20:51:48.874] 0x3c173798	 free	   RX	eth_esp32_rx():153 -> zsock_recv_stream_immediate():1423
[20:51:48.875] 0x3c173750	 free	   RX	eth_esp32_rx():153 -> zsock_recv_stream_immediate():1423
[20:51:48.875] 0x3c173708	 free	   RX	eth_esp32_rx():153 -> zsock_recv_stream_immediate():1423
[20:51:48.876] 0x3c1736c0	 free	   RX	eth_esp32_rx():153 -> zsock_recv_stream_immediate():1423
[20:51:48.877] 0x3c1734c8	 free	   RX	eth_esp32_rx():153 -> zsock_recv_stream_immediate():1423
[20:51:48.877] 0x3c173510	 free	   RX	eth_esp32_rx():153 -> zsock_recv_stream_immediate():1423
[20:51:48.878] 0x3c173558	 free	   RX	eth_esp32_rx():153 -> zsock_recv_stream_immediate():1423
[20:51:48.879] 0x3c1735a0	 free	   RX	eth_esp32_rx():153 -> zsock_recv_stream_immediate():1423
[20:51:48.879] 0x3c173678	 free	   RX	eth_esp32_rx():153 -> zsock_recv_stream_immediate():1423
[20:51:48.880] 0x3c173630	 free	   RX	eth_esp32_rx():153 -> zsock_recv_stream_immediate():1423
[20:51:48.881] 0x3c1733a8	 free	   RX	eth_esp32_rx():153 -> zsock_recv_stream_immediate():1423
[20:51:48.881] 0x3c173360	 free	   RX	eth_esp32_rx():153 -> zsock_recv_stream_immediate():1423
[20:51:48.882] 0x3c1733f0	 free	   RX	eth_esp32_rx():153 -> zsock_recv_stream_immediate():1423
[20:51:48.882] 0x3c1735e8	 free	   RX	eth_esp32_rx():153 -> zsock_recv_stream_immediate():1423
[20:51:48.883] 0x3c172ee0	 free	   TX	tcp_out_ext():1573 -> tcp_send():472
[20:51:48.884] 0x3c15d4bc	 free	TDATA	ethernet_fill_header():610 -> tcp_send():472
[20:51:48.884] 0x3c172ee0	 free	   TX	tcp_out_ext():1573 -> tcp_send():472
[20:51:48.885] 0x3c15d4bc	 free	TDATA	ethernet_fill_header():610 -> tcp_send():472
[20:51:48.885] [1;32muart:~$ [m[8D[J[00:08:58.509,000] [1;31m<err> llss_client: device state HTTP 502[0m
[20:51:52.963] [1;32muart:~$ [m[8D[J[00:08:58.510,000] [1;31m<err> llss: Poll error 502[0m
[20:51:52.963] [1;32muart:~$ [m[8D[J[1;32muart:~$ [m[8D[J[00:09:00.346,000] [0m<inf> shtc3: SHTC3: temperature=22.92 C humidity=48.65 %[0m
[20:51:54.799] [1;32muart:~$ [m[8D[JNETMEM up=540s pktRX=38/40 pktTX=16/16 bufRX=158/160/m102 bufTX=80/80/m4 sysheap_free=11208 alloc=21380 max=24056
[20:51:54.800] [1;32muart:~$ [m[8D[J[1;32muart:~$ [m[8D[J[00:09:03.649,000] [1;31m<err> llss_client: device state HTTP 502[0m
[20:51:58.102] [1;32muart:~$ [m[8D[J[00:09:03.649,000] [1;31m<err> llss: Poll error 502[0m
[20:51:58.103] [1;32muart:~$ [m[8D[J[1;32muart:~$ [m[8D[J[00:09:18.675,000] [1;33m<wrn> llss_client: Cached server address failed (-116) — re-resolving[0m
[20:52:13.129] [1;32muart:~$ [m[8D[J[00:09:18.820,000] [1;31m<err> llss_client: device state HTTP 502[0m
[20:52:13.130] [1;32muart:~$ [m[8D[J[00:09:18.820,000] [1;31m<err> llss: Poll error 502[0m
[20:52:13.130] [1;32muart:~$ [m[8D[J[00:09:18.820,000] [1;33m<wrn> net_watchdog: Watchdog soft reset (offline 424s) — session + DNS[0m
[20:52:13.131] [1;32muart:~$ [m[8D[J[1;32muart:~$ [m[8D[J[00:09:24.107,000] [1;31m<err> llss_client: device state HTTP 502[0m
[20:52:18.560] [1;32muart:~$ [m[8D[J[00:09:24.107,000] [1;31m<err> llss: Poll error 502[0m
[20:52:18.561] [1;32muart:~$ [m[8D[J[1;32muart:~$ [m[8D[J[00:09:29.245,000] [1;31m<err> llss_client: device state HTTP 502[0m
[20:52:23.699] [1;32muart:~$ [m[8D[J[00:09:29.246,000] [1;31m<err> llss: Poll error 502[0m
[20:52:23.700] [1;32muart:~$ [m[8D[J[1;32muart:~$ [m[8D[JNETMEM up=570s pktRX=38/40 pktTX=15/16 bufRX=158/160/m102 bufTX=79/80/m5 sysheap_free=11208 alloc=21380 max=24056
[20:52:25.121] [1;32muart:~$ [m[8D[J[1;32muart:~$ [m[8D[J[00:09:34.371,000] [1;31m<err> llss_client: device state HTTP 502[0m
[20:52:28.825] [1;32muart:~$ [m[8D[J[00:09:34.371,000] [1;31m<err> llss: Poll error 502[0m
[20:52:28.826] [1;32muart:~$ [m[8D[J[1;32muart:~$ [m[8D[J[00:09:39.492,000] [1;31m<err> llss_client: device state HTTP 502[0m
[20:52:33.946] [1;32muart:~$ [m[8D[J[00:09:39.492,000] [1;31m<err> llss: Poll error 502[0m
[20:52:33.946] [1;32muart:~$ [m[8D[J[1;32muart:~$ [m[8D[J[00:09:44.613,000] [1;31m<err> llss_client: device state HTTP 502[0m
[20:52:39.066] [1;32muart:~$ [m[8D[J[00:09:44.613,000] [1;31m<err> llss: Poll error 502[0m
[20:52:39.067] [1;32muart:~$ [m[8D[J[1;32muart:~$ [m[8D[J[00:09:49.737,000] [1;31m<err> llss_client: device state HTTP 502[0m
[20:52:44.191] [1;32muart:~$ [m[8D[J[00:09:49.737,000] [1;31m<err> llss: Poll error 502[0m
[20:52:44.191] [1;32muart:~$ [m[8D[J[1;32muart:~$ [m[8D[J[00:09:54.874,000] [1;31m<err> llss_client: device state HTTP 502[0m
[20:52:49.327] [1;32muart:~$ [m[8D[J[00:09:54.874,000] [1;31m<err> llss: Poll error 502[0m
[20:52:49.328] [1;32muart:~$ [m[8D[J[1;32muart:~$ [m[8D[JThread analyze:
[20:52:53.691] [1;32muart:~$ [m[8D[J wdt_sentinel_tid    : STACK: unused 432 usage 336 / 768 (43 %); CPU: 0 %
[20:52:53.692] [1;32muart:~$ [m[8D[J                     : Total CPU cycles used: 4509438
[20:52:53.693] [1;32muart:~$ [m[8D[J thread_analyzer     : STACK: unused 80 usage 944 / 1024 (92 %); CPU: 0 %
[20:52:53.694] [1;32muart:~$ [m[8D[J                     : Total CPU cycles used: 1590026
[20:52:53.694] [1;32muart:~$ [m[8D[J sys_wdt_tid         : STACK: unused 704 usage 320 / 1024 (31 %); CPU: 0 %
[20:52:53.695] [1;32muart:~$ [m[8D[J                     : Total CPU cycles used: 939947
[20:52:53.696] [1;32muart:~$ [m[8D[J shtc3_thread        : STACK: unused 1360 usage 688 / 2048 (33 %); CPU: 0 %
[20:52:53.696] [1;32muart:~$ [m[8D[J                     : Total CPU cycles used: 747808
[20:52:53.697] [1;32muart:~$ [m[8D[J ntp_thread          : STACK: unused 2464 usage 1632 / 4096 (39 %); CPU: 0 %
[20:52:53.698] [1;32muart:~$ [m[8D[J                     : Total CPU cycles used: 1936297
[20:52:53.698] [1;32muart:~$ [m[8D[J netmem_tid          : STACK: unused 688 usage 592 / 1280 (46 %); CPU: 0 %
[20:52:53.699] [1;32muart:~$ [m[8D[J                     : Total CPU cycles used: 577027
[20:52:53.700] [1;32muart:~$ [m[8D[J llss_thread         : STACK: unused 11584 usage 4800 / 16384 (29 %); CPU: 1 %
[20:52:53.701] [1;32muart:~$ [m[8D[J                     : Total CPU cycles used: 1959181285
[20:52:53.701] [1;32muart:~$ [m[8D[J input               : STACK: unused 560 usage 464 / 1024 (45 %); CPU: 0 %
[20:52:53.702] [1;32muart:~$ [m[8D[J                     : Total CPU cycles used: 80945
[20:52:53.703] [1;32muart:~$ [m[8D[J display_thread      : STACK: unused 8640 usage 3648 / 12288 (29 %); CPU: 0 %
[20:52:53.704] [1;32muart:~$ [m[8D[J                     : Total CPU cycles used: 541736195
[20:52:53.704] [1;32muart:~$ [m[8D[J device_ui_thread    : STACK: unused 7520 usage 672 / 8192 (8 %); CPU: 0 %
[20:52:53.705] [1;32muart:~$ [m[8D[J                     : Total CPU cycles used: 364696
[20:52:53.706] [1;32muart:~$ [m[8D[J conn_mgr_monitor    : STACK: unused 176 usage 336 / 512 (65 %); CPU: 0 %
[20:52:53.706] [1;32muart:~$ [m[8D[J                     : Total CPU cycles used: 86197
[20:52:53.707] [1;32muart:~$ [m[8D[J net_socket_service  : STACK: unused 3344 usage 752 / 4096 (18 %); CPU: 0 %
[20:52:53.708] [1;32muart:~$ [m[8D[J                     : Total CPU cycles used: 2263420
[20:52:53.708] [1;32muart:~$ [m[8D[J rx_q[0]             : STACK: unused 496 usage 1552 / 2048 (75 %); CPU: 0 %
[20:52:53.709] [1;32muart:~$ [m[8D[J                     : Total CPU cycles used: 401289439
[20:52:53.710] [1;32muart:~$ [m[8D[J net_mgmt            : STACK: unused 3424 usage 672 / 4096 (16 %); CPU: 0 %
[20:52:53.711] [1;32muart:~$ [m[8D[J                     : Total CPU cycles used: 443065
[20:52:53.711] [1;32muart:~$ [m[8D[J tcp_work            : STACK: unused 1232 usage 816 / 2048 (39 %); CPU: 0 %
[20:52:53.712] [1;32muart:~$ [m[8D[J                     : Total CPU cycles used: 5443886
[20:52:53.713] [1;32muart:~$ [m[8D[J shell_uart          : STACK: unused 2384 usage 1712 / 4096 (41 %); CPU: 0 %
[20:52:53.713] [1;32muart:~$ [m[8D[J                     : Total CPU cycles used: 32096344
[20:52:53.714] [1;32muart:~$ [m[8D[J wifi                : STACK: unused 1440 usage 2144 / 3584 (59 %); CPU: 1 %
[20:52:53.715] [1;32muart:~$ [m[8D[J                     : Total CPU cycles used: 1560720406
[20:52:53.716] [1;32muart:~$ [m[8D[J sysworkq            : STACK: unused 3232 usage 864 / 4096 (21 %); CPU: 0 %
[20:52:53.716] [1;32muart:~$ [m[8D[J                     : Total CPU cycles used: 13347044
[20:52:53.717] [1;32muart:~$ [m[8D[J esp_timer           : STACK: unused 3536 usage 560 / 4096 (13 %); CPU: 0 %
[20:52:53.718] [1;32muart:~$ [m[8D[J                     : Total CPU cycles used: 60512293
[20:52:53.718] [1;32muart:~$ [m[8D[J logging             : STACK: unused 544 usage 480 / 1024 (46 %); CPU: 0 %
[20:52:53.719] [1;32muart:~$ [m[8D[J                     : Total CPU cycles used: 4593397
[20:52:53.720] [1;32muart:~$ [m[8D[J idle                : STACK: unused 816 usage 208 / 1024 (20 %); CPU: 96 %
[20:52:53.721] [1;32muart:~$ [m[8D[J                     : Total CPU cycles used: 139075923822
[20:52:53.721] [1;32muart:~$ [m[8D[J ISR0                : STACK: unused 1520 usage 528 / 2048 (25 %); CPU: 0 %
[20:52:53.722] [1;32muart:~$ [m[8D[J                     : Total CPU cycles used: 0
[20:52:53.723] [1;32muart:~$ [m[8D[J[1;32muart:~$ [m[8D[J[1;32muart:~$ [m[8D[J[00:10:00.349,000] [0m<inf> shtc3: SHTC3: temperature=22.74 C humidity=49.06 %[0m
[20:52:54.803] [1;32muart:~$ [m[8D[JNETMEM up=600s pktRX=36/40 pktTX=15/16 bufRX=156/160/m102 bufTX=79/80/m5 sysheap_free=11208 alloc=21380 max=24056
[20:52:54.804] [1;32muart:~$ [m[8D[J[1;32muart:~$ [m[8D[J[00:10:09.903,000] [1;33m<wrn> llss_client: Cached server address failed (-116) — re-resolving[0m
[20:53:04.357] [1;32muart:~$ [m[8D[J[00:10:10.036,000] [1;31m<err> llss_client: device state HTTP 502[0m
[20:53:04.358] [1;32muart:~$ [m[8D[J[00:10:10.036,000] [1;31m<err> llss: Poll error 502[0m
[20:53:04.358] [1;32muart:~$ [m[8D[J[1;32muart:~$ [m[8D[J[00:10:15.158,000] [1;31m<err> llss_client: device state HTTP 502[0m
[20:53:09.612] [1;32muart:~$ [m[8D[J[00:10:15.158,000] [1;31m<err> llss: Poll error 502[0m
[20:53:09.612] [1;32muart:~$ [m[8D[J[1;32muart:~$ [m[8D[J[00:10:20.281,000] [1;31m<err> llss_client: device state HTTP 502[0m
[20:53:14.735] [1;32muart:~$ [m[8D[J[00:10:20.281,000] [1;31m<err> llss: Poll error 502[0m
[20:53:14.736] [1;32muart:~$ [m[8D[J[1;32muart:~$ [m[8D[J[00:10:25.419,000] [1;31m<err> llss_client: device state HTTP 502[0m
[20:53:19.873] [1;32muart:~$ [m[8D[J[00:10:25.419,000] [1;31m<err> llss: Poll error 502[0m
[20:53:19.873] [1;32muart:~$ [m[8D[J[1;32muart:~$ [m[8D[J[00:10:30.563,000] [1;31m<err> llss_client: device state HTTP 502[0m
[20:53:25.017] [1;32muart:~$ [m[8D[J[00:10:30.563,000] [1;31m<err> llss: Poll error 502[0m
[20:53:25.017] [1;32muart:~$ [m[8D[JNETMEM up=630s pktRX=38/40 pktTX=15/16 bufRX=158/160/m102 bufTX=79/80/m5 sysheap_free=11208 alloc=21380 max=24080
[20:53:25.018] [1;32muart:~$ [m[8D[J[1;32muart:~$ [m[8D[J[00:10:35.704,000] [1;31m<err> llss_client: device state HTTP 502[0m
[20:53:30.158] [1;32muart:~$ [m[8D[J[00:10:35.704,000] [1;31m<err> llss: Poll error 502[0m
[20:53:30.159] [1;32muart:~$ [m[8D[J[1;32muart:~$ [m[8D[J[00:10:40.834,000] [1;31m<err> llss_client: device state HTTP 502[0m
[20:53:35.288] [1;32muart:~$ [m[8D[J[00:10:40.834,000] [1;31m<err> llss: Poll error 502[0m
[20:53:35.289] [1;32muart:~$ [m[8D[J[1;32muart:~$ [m[8D[J[00:10:45.973,000] [1;31m<err> llss_client: device state HTTP 502[0m
[20:53:40.427] [1;32muart:~$ [m[8D[J[00:10:45.973,000] [1;31m<err> llss: Poll error 502[0m
[20:53:40.427] [1;32muart:~$ [m[8D[J[1;32muart:~$ [m[8D[J[00:10:51.097,000] [1;31m<err> llss_client: device state HTTP 502[0m
[20:53:45.551] [1;32muart:~$ [m[8D[J[00:10:51.097,000] [1;31m<err> llss: Poll error 502[0m
[20:53:45.552] [1;32muart:~$ [m[8D[J[1;32muart:~$ [m[8D[J[00:10:56.223,000] [1;31m<err> llss_client: device state HTTP 502[0m
[20:53:50.677] [1;32muart:~$ [m[8D[J[00:10:56.223,000] [1;31m<err> llss: Poll error 502[0m
[20:53:50.678] [1;32muart:~$ [m[8D[J[1;32muart:~$ [m[8D[J[00:11:00.352,000] [0m<inf> shtc3: SHTC3: temperature=22.74 C humidity=48.82 %[0m
[20:53:54.814] [1;32muart:~$ [m[8D[JNETMEM up=660s pktRX=38/40 pktTX=15/16 bufRX=158/160/m102 bufTX=79/80/m5 sysheap_free=11208 alloc=21380 max=24080
[20:53:54.815] [1;32muart:~$ [m[8D[J[00:11:01.357,000] [1;31m<err> llss_client: device state HTTP 502[0m
[20:53:54.816] [1;32muart:~$ [m[8D[J[00:11:01.357,000] [1;31m<err> llss: Poll error 502[0m
[20:53:54.816] [1;32muart:~$ [m[8D[J[1;32muart:~$ [m[8D[J[00:11:06.491,000] [1;31m<err> llss_client: device state HTTP 502[0m
[20:54:00.945] [1;32muart:~$ [m[8D[J[00:11:06.491,000] [1;31m<err> llss: Poll error 502[0m
[20:54:00.946] [1;32muart:~$ [m[8D[J[1;32muart:~$ [m[8D[J[00:11:11.628,000] [1;31m<err> llss_client: device state HTTP 502[0m
[20:54:06.081] [1;32muart:~$ [m[8D[J[00:11:11.628,000] [1;31m<err> llss: Poll error 502[0m
[20:54:06.082] [1;32muart:~$ [m[8D[J[1;32muart:~$ [m[8D[J[00:11:16.753,000] [1;31m<err> llss_client: device state HTTP 502[0m
[20:54:11.207] [1;32muart:~$ [m[8D[J[00:11:16.753,000] [1;31m<err> llss: Poll error 502[0m
[20:54:11.207] [1;32muart:~$ [m[8D[J[1;32muart:~$ [m[8D[J[00:11:21.899,000] [1;31m<err> llss_client: device state HTTP 502[0m
[20:54:16.352] [1;32muart:~$ [m[8D[J[00:11:21.899,000] [1;31m<err> llss: Poll error 502[0m
[20:54:16.353] [1;32muart:~$ [m[8D[J[1;32muart:~$ [m[8D[J[00:11:27.032,000] [1;31m<err> llss_client: device state HTTP 502[0m
[20:54:21.486] [1;32muart:~$ [m[8D[J[00:11:27.032,000] [1;31m<err> llss: Poll error 502[0m
[20:54:21.486] [1;32muart:~$ [m[8D[J[1;32muart:~$ [m[8D[JNETMEM up=690s pktRX=38/40 pktTX=15/16 bufRX=158/160/m102 bufTX=79/80/m5 sysheap_free=11208 alloc=21380 max=24080
[20:54:25.122] [1;32muart:~$ [m[8D[J[1;32muart:~$ [m[8D[J[00:11:32.159,000] [1;31m<err> llss_client: device state HTTP 502[0m
[20:54:26.613] [1;32muart:~$ [m[8D[J[00:11:32.159,000] [1;31m<err> llss: Poll error 502[0m
[20:54:26.613] [1;32muart:~$ [m[8D[J[1;32muart:~$ [m[8D[J[00:11:37.297,000] [1;31m<err> llss_client: device state HTTP 502[0m
[20:54:31.751] [1;32muart:~$ [m[8D[J[00:11:37.297,000] [1;31m<err> llss: Poll error 502[0m
[20:54:31.751] [1;32muart:~$ [m[8D[J[1;32muart:~$ [m[8D[J[00:11:42.488,000] [1;31m<err> llss_client: device state HTTP 502[0m
[20:54:36.942] [1;32muart:~$ [m[8D[J[00:11:42.488,000] [1;31m<err> llss: Poll error 502[0m
[20:54:36.942] [1;32muart:~$ [m[8D[J[1;32muart:~$ [m[8D[J[00:11:47.597,000] [1;31m<err> llss_client: device state HTTP 502[0m
[20:54:42.050] [1;32muart:~$ [m[8D[J[00:11:47.597,000] [1;31m<err> llss: Poll error 502[0m
[20:54:42.051] [1;32muart:~$ [m[8D[J[1;32muart:~$ [m[8D[J[00:11:52.716,000] [1;31m<err> llss_client: device state HTTP 502[0m
[20:54:47.171] [1;32muart:~$ [m[8D[J[00:11:52.716,000] [1;31m<err> llss: Poll error 502[0m
[20:54:47.171] [1;32muart:~$ [m[8D[J[1;32muart:~$ [m[8D[J[00:11:57.837,000] [1;31m<err> llss_client: device state HTTP 502[0m
[20:54:52.291] [1;32muart:~$ [m[8D[J[00:11:57.837,000] [1;31m<err> llss: Poll error 502[0m
[20:54:52.291] [1;32muart:~$ [m[8D[J[1;32muart:~$ [m[8D[J[00:12:00.355,000] [0m<inf> shtc3: SHTC3: temperature=22.53 C humidity=48.94 %[0m
[20:54:54.808] [1;32muart:~$ [m[8D[JNETMEM up=720s pktRX=38/40 pktTX=15/16 bufRX=158/160/m102 bufTX=79/80/m5 sysheap_free=11208 alloc=21380 max=24080
[20:54:54.810] [1;32muart:~$ [m[8D[J[1;32muart:~$ [m[8D[J[00:12:02.949,000] [1;31m<err> llss_client: device state HTTP 502[0m
[20:54:57.406] [1;32muart:~$ [m[8D[J[00:12:02.949,000] [1;31m<err> llss: Poll error 502[0m
[20:54:57.406] [1;32muart:~$ [m[8D[J[1;32muart:~$ [m[8D[J[00:12:08.053,000] [1;31m<err> llss_client: device state HTTP 502[0m
[20:55:02.507] [1;32muart:~$ [m[8D[J[00:12:08.053,000] [1;31m<err> llss: Poll error 502[0m
[20:55:02.508] [1;32muart:~$ [m[8D[J[1;32muart:~$ [m[8D[J[00:12:13.167,000] [1;31m<err> llss_client: device state HTTP 502[0m
[20:55:07.621] [1;32muart:~$ [m[8D[J[00:12:13.167,000] [1;31m<err> llss: Poll error 502[0m
[20:55:07.621] [1;32muart:~$ [m[8D[J[1;32muart:~$ [m[8D[J[00:12:18.280,000] [1;31m<err> llss_client: device state HTTP 502[0m
[20:55:12.734] [1;32muart:~$ [m[8D[J[00:12:18.280,000] [1;31m<err> llss: Poll error 502[0m
[20:55:12.734] [1;32muart:~$ [m[8D[J[1;32muart:~$ [m[8D[J[00:12:23.394,000] [1;31m<err> llss_client: device state HTTP 502[0m
[20:55:17.848] [1;32muart:~$ [m[8D[J[00:12:23.394,000] [1;31m<err> llss: Poll error 502[0m
[20:55:17.848] [1;32muart:~$ [m[8D[J[1;32muart:~$ [m[8D[J[00:12:28.500,000] [1;31m<err> llss_client: device state HTTP 502[0m
[20:55:22.954] [1;32muart:~$ [m[8D[J[00:12:28.500,000] [1;31m<err> llss: Poll error 502[0m
[20:55:22.954] [1;32muart:~$ [m[8D[J[1;32muart:~$ [m[8D[JNETMEM up=750s pktRX=38/40 pktTX=15/16 bufRX=158/160/m102 bufTX=79/80/m5 sysheap_free=11208 alloc=21380 max=24080
[20:55:25.123] [1;32muart:~$ [m[8D[J[1;32muart:~$ [m[8D[J[00:12:33.603,000] [1;31m<err> llss_client: device state HTTP 502[0m
[20:55:28.057] [1;32muart:~$ [m[8D[J[00:12:33.603,000] [1;31m<err> llss: Poll error 502[0m
[20:55:28.057] [1;32muart:~$ [m[8D[J[1;32muart:~$ [m[8D[J[00:12:38.707,000] [1;31m<err> llss_client: device state HTTP 502[0m
[20:55:33.161] [1;32muart:~$ [m[8D[J[00:12:38.707,000] [1;31m<err> llss: Poll error 502[0m
[20:55:33.161] [1;32muart:~$ [m[8D[J[1;32muart:~$ [m[8D[J[00:12:43.814,000] [1;31m<err> llss_client: device state HTTP 502[0m
[20:55:38.269] [1;32muart:~$ [m[8D[J[00:12:43.814,000] [1;31m<err> llss: Poll error 502[0m
[20:55:38.269] [1;32muart:~$ [m[8D[J[1;32muart:~$ [m[8D[J[00:12:48.956,000] [1;31m<err> llss_client: device state HTTP 502[0m
[20:55:43.410] [1;32muart:~$ [m[8D[J[00:12:48.956,000] [1;31m<err> llss: Poll error 502[0m
[20:55:43.411] [1;32muart:~$ [m[8D[J[1;32muart:~$ [m[8D[J[00:12:54.064,000] [1;31m<err> llss_client: device state HTTP 502[0m
[20:55:48.519] [1;32muart:~$ [m[8D[J[00:12:54.064,000] [1;31m<err> llss: Poll error 502[0m
[20:55:48.519] [1;32muart:~$ [m[8D[J[1;32muart:~$ [m[8D[J[00:12:59.184,000] [1;31m<err> llss_client: device state HTTP 502[0m
[20:55:53.638] [1;32muart:~$ [m[8D[J[00:12:59.184,000] [1;31m<err> llss: Poll error 502[0m
[20:55:53.638] [1;32muart:~$ [m[8D[J[1;32muart:~$ [m[8D[J[00:13:00.358,000] [0m<inf> shtc3: SHTC3: temperature=22.74 C humidity=49.52 %[0m
[20:55:54.811] [1;32muart:~$ [m[8D[JNETMEM up=780s pktRX=38/40 pktTX=15/16 bufRX=158/160/m102 bufTX=79/80/m5 sysheap_free=11208 alloc=21380 max=24080
[20:55:54.813] [1;32muart:~$ [m[8D[J[1;32muart:~$ [m[8D[J[00:13:04.294,000] [1;31m<err> llss_client: device state HTTP 502[0m
[20:55:58.749] [1;32muart:~$ [m[8D[J[00:13:04.294,000] [1;31m<err> llss: Poll error 502[0m
[20:55:58.750] [1;32muart:~$ [m[8D[J[1;32muart:~$ [m[8D[J[00:13:09.408,000] [1;31m<err> llss_client: device state HTTP 502[0m
[20:56:03.861] [1;32muart:~$ [m[8D[J[00:13:09.408,000] [1;31m<err> llss: Poll error 502[0m
[20:56:03.862] [1;32muart:~$ [m[8D[J[1;32muart:~$ [m[8D[J[00:13:14.510,000] [1;31m<err> llss_client: device state HTTP 502[0m
[20:56:08.964] [1;32muart:~$ [m[8D[J[00:13:14.510,000] [1;31m<err> llss: Poll error 502[0m
[20:56:08.965] [1;32muart:~$ [m[8D[J[1;32muart:~$ [m[8D[J[00:13:19.617,000] [1;31m<err> llss_client: device state HTTP 502[0m
[20:56:14.072] [1;32muart:~$ [m[8D[J[00:13:19.617,000] [1;31m<err> llss: Poll error 502[0m
[20:56:14.073] [1;32muart:~$ [m[8D[J[1;32muart:~$ [m[8D[J[00:13:24.733,000] [1;31m<err> llss_client: device state HTTP 502[0m
[20:56:19.187] [1;32muart:~$ [m[8D[J[00:13:24.733,000] [1;31m<err> llss: Poll error 502[0m
[20:56:19.188] [1;32muart:~$ [m[8D[J[1;32muart:~$ [m[8D[J[00:13:29.845,000] [1;31m<err> llss_client: device state HTTP 502[0m
[20:56:24.299] [1;32muart:~$ [m[8D[J[00:13:29.845,000] [1;31m<err> llss: Poll error 502[0m
[20:56:24.299] [1;32muart:~$ [m[8D[JNETMEM up=810s pktRX=38/40 pktTX=15/16 bufRX=158/160/m102 bufTX=79/80/m5 sysheap_free=11208 alloc=21380 max=24080
[20:56:24.300] [1;32muart:~$ [m[8D[J[1;32muart:~$ [m[8D[J[00:13:34.956,000] [1;31m<err> llss_client: device state HTTP 502[0m
[20:56:29.410] [1;32muart:~$ [m[8D[J[00:13:34.956,000] [1;31m<err> llss: Poll error 502[0m
[20:56:29.411] [1;32muart:~$ [m[8D[J[1;32muart:~$ [m[8D[J[00:13:40.055,000] [1;31m<err> llss_client: device state HTTP 502[0m
[20:56:34.509] [1;32muart:~$ [m[8D[J[00:13:40.055,000] [1;31m<err> llss: Poll error 502[0m
[20:56:34.510] [1;32muart:~$ [m[8D[J[1;32muart:~$ [m[8D[J[00:13:45.153,000] [1;31m<err> llss_client: device state HTTP 502[0m
[20:56:39.607] [1;32muart:~$ [m[8D[J[00:13:45.153,000] [1;31m<err> llss: Poll error 502[0m
[20:56:39.608] [1;32muart:~$ [m[8D[J[1;32muart:~$ [m[8D[J[00:13:50.268,000] [1;31m<err> llss_client: device state HTTP 502[0m
[20:56:44.722] [1;32muart:~$ [m[8D[J[00:13:50.268,000] [1;31m<err> llss: Poll error 502[0m
[20:56:44.723] [1;32muart:~$ [m[8D[J[1;32muart:~$ [m[8D[J[00:13:55.389,000] [1;31m<err> llss_client: device state HTTP 502[0m
[20:56:49.843] [1;32muart:~$ [m[8D[J[00:13:55.389,000] [1;31m<err> llss: Poll error 502[0m
[20:56:49.844] [1;32muart:~$ [m[8D[J[1;32muart:~$ [m[8D[J[00:14:00.361,000] [0m<inf> shtc3: SHTC3: temperature=22.68 C humidity=49.21 %[0m
[20:56:54.815] [1;32muart:~$ [m[8D[J[00:14:00.506,000] [1;31m<err> llss_client: device state HTTP 502[0m
[20:56:54.816] [1;32muart:~$ [m[8D[J[00:14:00.506,000] [1;31m<err> llss: Poll error 502[0m
[20:56:54.816] [1;32muart:~$ [m[8D[JNETMEM up=840s pktRX=38/40 pktTX=15/16 bufRX=158/160/m102 bufTX=79/80/m5 sysheap_free=11208 alloc=21380 max=24080
[20:56:54.817] [1;32muart:~$ [m[8D[J[1;32muart:~$ [m[8D[J[00:14:05.608,000] [1;31m<err> llss_client: device state HTTP 502[0m
[20:57:00.062] [1;32muart:~$ [m[8D[J[00:14:05.608,000] [1;31m<err> llss: Poll error 502[0m
[20:57:00.063] [1;32muart:~$ [m[8D[J[1;32muart:~$ [m[8D[J[00:14:10.716,000] [1;31m<err> llss_client: device state HTTP 502[0m
[20:57:05.170] [1;32muart:~$ [m[8D[J[00:14:10.716,000] [1;31m<err> llss: Poll error 502[0m
[20:57:05.170] [1;32muart:~$ [m[8D[J[1;32muart:~$ [m[8D[J[00:14:15.830,000] [1;31m<err> llss_client: device state HTTP 502[0m
[20:57:10.284] [1;32muart:~$ [m[8D[J[00:14:15.830,000] [1;31m<err> llss: Poll error 502[0m
[20:57:10.285] [1;32muart:~$ [m[8D[J[1;32muart:~$ [m[8D[J[00:14:20.947,000] [1;31m<err> llss_client: device state HTTP 502[0m
[20:57:15.402] [1;32muart:~$ [m[8D[J[00:14:20.947,000] [1;31m<err> llss: Poll error 502[0m
[20:57:15.402] [1;32muart:~$ [m[8D[J[1;32muart:~$ [m[8D[J[00:14:26.061,000] [1;31m<err> llss_client: device state HTTP 502[0m
[20:57:20.515] [1;32muart:~$ [m[8D[J[00:14:26.061,000] [1;31m<err> llss: Poll error 502[0m
[20:57:20.515] [1;32muart:~$ [m[8D[J[1;32muart:~$ [m[8D[JNETMEM up=870s pktRX=38/40 pktTX=15/16 bufRX=158/160/m102 bufTX=79/80/m5 sysheap_free=11208 alloc=21380 max=24080
[20:57:25.124] [1;32muart:~$ [m[8D[J[00:14:31.165,000] [1;31m<err> llss_client: device state HTTP 502[0m
[20:57:25.125] [1;32muart:~$ [m[8D[J[00:14:31.165,000] [1;31m<err> llss: Poll error 502[0m
[20:57:25.125] [1;32muart:~$ [m[8D[J[1;32muart:~$ [m[8D[J[00:14:36.273,000] [1;31m<err> llss_client: device state HTTP 502[0m
[20:57:30.727] [1;32muart:~$ [m[8D[J[00:14:36.273,000] [1;31m<err> llss: Poll error 502[0m
[20:57:30.727] [1;32muart:~$ [m[8D[J[1;32muart:~$ [m[8D[J[00:14:41.383,000] [1;31m<err> llss_client: device state HTTP 502[0m
[20:57:35.837] [1;32muart:~$ [m[8D[J[00:14:41.383,000] [1;31m<err> llss: Poll error 502[0m
[20:57:35.838] [1;32muart:~$ [m[8D[J[1;32muart:~$ [m[8D[J[00:14:46.490,000] [1;31m<err> llss_client: device state HTTP 502[0m
[20:57:40.944] [1;32muart:~$ [m[8D[J[00:14:46.490,000] [1;31m<err> llss: Poll error 502[0m
[20:57:40.944] [1;32muart:~$ [m[8D[J[1;32muart:~$ [m[8D[J[00:14:51.602,000] [1;31m<err> llss_client: device state HTTP 502[0m
[20:57:46.056] [1;32muart:~$ [m[8D[J[00:14:51.602,000] [1;31m<err> llss: Poll error 502[0m
[20:57:46.056] [1;32muart:~$ [m[8D[J[1;32muart:~$ [m[8D[J[00:14:56.705,000] [1;31m<err> llss_client: device state HTTP 502[0m
[20:57:51.159] [1;32muart:~$ [m[8D[J[00:14:56.705,000] [1;31m<err> llss: Poll error 502[0m
[20:57:51.160] [1;32muart:~$ [m[8D[J[1;32muart:~$ [m[8D[JThread analyze:
[20:57:53.695] [1;32muart:~$ [m[8D[J wdt_sentinel_tid    : STACK: unused 432 usage 336 / 768 (43 %); CPU: 0 %
[20:57:53.695] [1;32muart:~$ [m[8D[J                     : Total CPU cycles used: 6775667
[20:57:53.696] [1;32muart:~$ [m[8D[J thread_analyzer     : STACK: unused 80 usage 944 / 1024 (92 %); CPU: 0 %
[20:57:53.697] [1;32muart:~$ [m[8D[J                     : Total CPU cycles used: 2258236
[20:57:53.697] [1;32muart:~$ [m[8D[J sys_wdt_tid         : STACK: unused 704 usage 320 / 1024 (31 %); CPU: 0 %
[20:57:53.698] [1;32muart:~$ [m[8D[J                     : Total CPU cycles used: 1350720
[20:57:53.699] [1;32muart:~$ [m[8D[J shtc3_thread        : STACK: unused 1360 usage 688 / 2048 (33 %); CPU: 0 %
[20:57:53.700] [1;32muart:~$ [m[8D[J                     : Total CPU cycles used: 1117663
[20:57:53.700] [1;32muart:~$ [m[8D[J ntp_thread          : STACK: unused 2464 usage 1632 / 4096 (39 %); CPU: 0 %
[20:57:53.701] [1;32muart:~$ [m[8D[J                     : Total CPU cycles used: 1936297
[20:57:53.702] [1;32muart:~$ [m[8D[J netmem_tid          : STACK: unused 688 usage 592 / 1280 (46 %); CPU: 0 %
[20:57:53.703] [1;32muart:~$ [m[8D[J                     : Total CPU cycles used: 864705
[20:57:53.703] [1;32muart:~$ [m[8D[J llss_thread         : STACK: unused 11584 usage 4800 / 16384 (29 %); CPU: 1 %
[20:57:53.704] [1;32muart:~$ [m[8D[J                     : Total CPU cycles used: 2952017421
[20:57:53.705] [1;32muart:~$ [m[8D[J input               : STACK: unused 560 usage 464 / 1024 (45 %); CPU: 0 %
[20:57:53.705] [1;32muart:~$ [m[8D[J                     : Total CPU cycles used: 80945
[20:57:53.706] [1;32muart:~$ [m[8D[J display_thread      : STACK: unused 8640 usage 3648 / 12288 (29 %); CPU: 0 %
[20:57:53.707] [1;32muart:~$ [m[8D[J                     : Total CPU cycles used: 541736195
[20:57:53.707] [1;32muart:~$ [m[8D[J device_ui_thread    : STACK: unused 4496 usage 3696 / 8192 (45 %); CPU: 0 %
[20:57:53.708] [1;32muart:~$ [m[8D[J                     : Total CPU cycles used: 336797662
[20:57:53.709] [1;32muart:~$ [m[8D[J conn_mgr_monitor    : STACK: unused 176 usage 336 / 512 (65 %); CPU: 0 %
[20:57:53.710] [1;32muart:~$ [m[8D[J                     : Total CPU cycles used: 86197
[20:57:53.710] [1;32muart:~$ [m[8D[J net_socket_service  : STACK: unused 3344 usage 752 / 4096 (18 %); CPU: 0 %
[20:57:53.711] [1;32muart:~$ [m[8D[J                     : Total CPU cycles used: 2553221
[20:57:53.712] [1;32muart:~$ [m[8D[J rx_q[0]             : STACK: unused 496 usage 1552 / 2048 (75 %); CPU: 0 %
[20:57:53.713] [1;32muart:~$ [m[8D[J                     : Total CPU cycles used: 606032541
[20:57:53.713] [1;32muart:~$ [m[8D[J net_mgmt            : STACK: unused 3424 usage 672 / 4096 (16 %); CPU: 0 %
[20:57:53.714] [1;32muart:~$ [m[8D[J                     : Total CPU cycles used: 591425
[20:57:53.715] [1;32muart:~$ [m[8D[J tcp_work            : STACK: unused 1232 usage 816 / 2048 (39 %); CPU: 0 %
[20:57:53.715] [1;32muart:~$ [m[8D[J                     : Total CPU cycles used: 9088456
[20:57:53.716] [1;32muart:~$ [m[8D[J shell_uart          : STACK: unused 2384 usage 1712 / 4096 (41 %); CPU: 0 %
[20:57:53.717] [1;32muart:~$ [m[8D[J                     : Total CPU cycles used: 46025248
[20:57:53.717] [1;32muart:~$ [m[8D[J wifi                : STACK: unused 1440 usage 2144 / 3584 (59 %); CPU: 1 %
[20:57:53.718] [1;32muart:~$ [m[8D[J                     : Total CPU cycles used: 2276049431
[20:57:53.719] [1;32muart:~$ [m[8D[J sysworkq            : STACK: unused 3232 usage 864 / 4096 (21 %); CPU: 0 %
[20:57:53.720] [1;32muart:~$ [m[8D[J                     : Total CPU cycles used: 20804921
[20:57:53.720] [1;32muart:~$ [m[8D[J esp_timer           : STACK: unused 3536 usage 560 / 4096 (13 %); CPU: 0 %
[20:57:53.721] [1;32muart:~$ [m[8D[J                     : Total CPU cycles used: 89758434
[20:57:53.722] [1;32muart:~$ [m[8D[J logging             : STACK: unused 544 usage 480 / 1024 (46 %); CPU: 0 %
[20:57:53.723] [1;32muart:~$ [m[8D[J                     : Total CPU cycles used: 7039695
[20:57:53.723] [1;32muart:~$ [m[8D[J idle                : STACK: unused 816 usage 208 / 1024 (20 %); CPU: 96 %
[20:57:53.724] [1;32muart:~$ [m[8D[J                     : Total CPU cycles used: 208742983095
[20:57:53.725] [1;32muart:~$ [m[8D[J ISR0                : STACK: unused 1520 usage 528 / 2048 (25 %); CPU: 0 %
[20:57:53.725] [1;32muart:~$ [m[8D[J                     : Total CPU cycles used: 0
[20:57:53.726] [1;32muart:~$ [m[8D[J[1;32muart:~$ [m[8D[J[1;32muart:~$ [m[8D[J[00:15:00.364,000] [0m<inf> shtc3: SHTC3: temperature=22.92 C humidity=50.39 %[0m
[20:57:54.819] [1;32muart:~$ [m[8D[JNETMEM up=900s pktRX=38/40 pktTX=15/16 bufRX=158/160/m102 bufTX=79/80/m5 sysheap_free=11208 alloc=21380 max=24080
[20:57:54.820] [1;32muart:~$ [m[8D[J[1;32muart:~$ [m[8D[J[00:15:01.822,000] [1;31m<err> llss_client: device state HTTP 502[0m
[20:57:56.276] [1;32muart:~$ [m[8D[J[00:15:01.822,000] [1;31m<err> llss: Poll error 502[0m
[20:57:56.276] [1;32muart:~$ [m[8D[J[1;32muart:~$ [m[8D[J[00:15:06.942,000] [1;31m<err> llss_client: device state HTTP 502[0m
[20:58:01.397] [1;32muart:~$ [m[8D[J[00:15:06.942,000] [1;31m<err> llss: Poll error 502[0m
[20:58:01.397] [1;32muart:~$ [m[8D[J[1;32muart:~$ [m[8D[J[00:15:12.056,000] [1;31m<err> llss_client: device state HTTP 502[0m
[20:58:06.511] [1;32muart:~$ [m[8D[J[00:15:12.056,000] [1;31m<err> llss: Poll error 502[0m
[20:58:06.511] [1;32muart:~$ [m[8D[J[1;32muart:~$ [m[8D[J[00:15:17.159,000] [1;31m<err> llss_client: device state HTTP 502[0m
[20:58:11.613] [1;32muart:~$ [m[8D[J[00:15:17.159,000] [1;31m<err> llss: Poll error 502[0m
[20:58:11.614] [1;32muart:~$ [m[8D[J[1;32muart:~$ [mnet[11D[J[00:15:22.280,000] [1;31m<err> llss_client: device state HTTP 502[0m
[20:58:16.734] [1;32muart:~$ [mnet[11D[J[00:15:22.280,000] [1;31m<err> llss: Poll error 502[0m
[20:58:16.750] [1;32muart:~$ [mnet[11D[J[1;32muart:~$ [mnet allocs
[20:58:18.307] Network memory allocations

[20:58:18.307] memory		Status	Pool	Function alloc -> freed
[20:58:18.308] 0x3c1733f0/1	 used	   RX	eth_esp32_rx():153
[20:58:18.308] 0x3c1735e8/1	 used	   RX	eth_esp32_rx():153
[20:58:18.308] 0x3c172f70/1	 used	   TX	net_ipv6_send_ns():2094
[20:58:18.309] 0x3c173bd0	 free	   RX	eth_esp32_rx():153 -> processing_data():157
[20:58:18.309] 0x3c173b88	 free	   RX	eth_esp32_rx():153 -> tcp_in():3635
[20:58:18.310] 0x3c172f28	 free	   TX	tcp_out_ext():1573 -> tcp_send():472
[20:58:18.310] 0x3c15d4a0	 free	TDATA	ethernet_fill_header():610 -> tcp_send():472
[20:58:18.311] 0x3c173870	 free	   RX	eth_esp32_rx():153 -> processing_data():157
[20:58:18.311] 0x3c173828	 free	   RX	eth_esp32_rx():153 -> processing_data():157
[20:58:18.312] 0x3c1737e0	 free	   RX	eth_esp32_rx():153 -> processing_data():157
[20:58:18.312] 0x3c173798	 free	   RX	eth_esp32_rx():153 -> processing_data():157
[20:58:18.313] 0x3c173750	 free	   RX	eth_esp32_rx():153 -> processing_data():157
[20:58:18.314] 0x3c173708	 free	   RX	eth_esp32_rx():153 -> processing_data():157
[20:58:18.314] 0x3c1736c0	 free	   RX	eth_esp32_rx():153 -> processing_data():157
[20:58:18.315] 0x3c1734c8	 free	   RX	eth_esp32_rx():153 -> processing_data():157
[20:58:18.315] 0x3c173510	 free	   RX	eth_esp32_rx():153 -> processing_data():157
[20:58:18.316] 0x3c173558	 free	   RX	eth_esp32_rx():153 -> net_icmpv6_input():408
[20:58:18.316] 0x3c1735a0	 free	   RX	eth_esp32_rx():153 -> processing_data():157
[20:58:18.317] 0x3c173678	 free	   RX	eth_esp32_rx():153 -> net_icmpv6_input():408
[20:58:18.317] 0x3c173630	 free	   RX	eth_esp32_rx():153 -> processing_data():157
[20:58:18.318] 0x3c1733a8	 free	   RX	eth_esp32_rx():153 -> processing_data():157
[20:58:18.318] 0x3c173360	 free	   RX	eth_esp32_rx():153 -> net_icmpv6_input():408
[20:58:18.319] 0x3c1739d8	 free	   RX	eth_esp32_rx():153 -> processing_data():157
[20:58:18.319] 0x3c173a20	 free	   RX	eth_esp32_rx():153 -> processing_data():157
[20:58:18.320] 0x3c173bd0	 free	   RX	eth_esp32_rx():153 -> processing_data():157
[20:58:18.320] 0x3c173b88	 free	   RX	eth_esp32_rx():153 -> processing_data():157
[20:58:18.321] 0x3c15d4a0	 free	TDATA	ethernet_fill_header():610 -> tcp_send():472
[20:58:18.322] 0x3c15d4a0	 free	TDATA	ethernet_fill_header():610 -> tcp_send():472
[20:58:18.322] 0x3c173630	 free	   RX	eth_esp32_rx():153 -> zsock_recv_stream_immediate():1423
[20:58:18.323] 0x3c1733a8	 free	   RX	eth_esp32_rx():153 -> zsock_recv_stream_immediate():1423
[20:58:18.323] 0x3c173360	 free	   RX	eth_esp32_rx():153 -> zsock_recv_stream_immediate():1423
[20:58:18.324] 0x3c1733f0	 free	   RX	eth_esp32_rx():153 -> zsock_recv_stream_immediate():1423
[20:58:18.325] 0x3c1735e8	 free	   RX	eth_esp32_rx():153 -> zsock_recv_stream_immediate():1423
[20:58:18.325] 0x3c172ee0	 free	   TX	tcp_out_ext():1573 -> tcp_send():472
[20:58:18.326] 0x3c15d4bc	 free	TDATA	ethernet_fill_header():610 -> tcp_send():472
[20:58:18.326] 0x3c172ee0	 free	   TX	tcp_out_ext():1573 -> tcp_send():472
[20:58:18.327] 0x3c15d4bc	 free	TDATA	ethernet_fill_header():610 -> tcp_send():472
[20:58:18.327] [1;32muart:~$ [m[8D[J[00:15:27.397,000] [1;31m<err> llss_client: device state HTTP 502[0m
[20:58:21.854] [1;32muart:~$ [m[8D[J[00:15:27.397,000] [1;31m<err> llss: Poll error 502[0m
[20:58:21.855] [1;32muart:~$ [m[8D[J[1;32muart:~$ [m[8D[JNETMEM up=930s pktRX=38/40 pktTX=15/16 bufRX=158/160/m102 bufTX=79/80/m5 sysheap_free=11172 alloc=21416 max=24080
[20:58:25.124] [1;32muart:~$ [m[8D[J[1;32muart:~$ [m[8D[J[00:15:32.521,000] [1;31m<err> llss_client: device state HTTP 502[0m
[20:58:26.975] [1;32muart:~$ [m[8D[J[00:15:32.521,000] [1;31m<err> llss: Poll error 502[0m
[20:58:26.976] [1;32muart:~$ [m[8D[J[1;32muart:~$ [m[8D[J[00:15:37.638,000] [1;31m<err> llss_client: device state HTTP 502[0m
[20:58:32.092] [1;32muart:~$ [m[8D[J[00:15:37.638,000] [1;31m<err> llss: Poll error 502[0m
[20:58:32.093] [1;32muart:~$ [m[8D[J[1;32muart:~$ [m[8D[J[00:15:42.745,000] [1;31m<err> llss_client: device state HTTP 502[0m
[20:58:37.200] [1;32muart:~$ [m[8D[J[00:15:42.745,000] [1;31m<err> llss: Poll error 502[0m
[20:58:37.200] [1;32muart:~$ [m[8D[J[1;32muart:~$ [m[8D[J[00:15:47.853,000] [1;31m<err> llss_client: device state HTTP 502[0m
[20:58:42.307] [1;32muart:~$ [m[8D[J[00:15:47.853,000] [1;31m<err> llss: Poll error 502[0m
[20:58:42.308] [1;32muart:~$ [m[8D[J[1;32muart:~$ [m[8D[J[00:15:52.978,000] [1;31m<err> llss_client: device state HTTP 502[0m
[20:58:47.433] [1;32muart:~$ [m[8D[J[00:15:52.978,000] [1;31m<err> llss: Poll error 502[0m
[20:58:47.433] [1;32muart:~$ [m[8D[J[1;32muart:~$ [m[8D[J[00:15:58.084,000] [1;31m<err> llss_client: device state HTTP 502[0m
[20:58:52.538] [1;32muart:~$ [m[8D[J[00:15:58.084,000] [1;31m<err> llss: Poll error 502[0m
[20:58:52.539] [1;32muart:~$ [m[8D[J[1;32muart:~$ [m[8D[J[00:16:00.368,000] [0m<inf> shtc3: SHTC3: temperature=22.71 C humidity=49.49 %[0m
[20:58:54.822] [1;32muart:~$ [m[8D[JNETMEM up=960s pktRX=38/40 pktTX=15/16 bufRX=158/160/m102 bufTX=79/80/m5 sysheap_free=11208 alloc=21380 max=24080
[20:58:54.823] [1;32muart:~$ [m[8D[J[1;32muart:~$ [m[8D[J[00:16:03.191,000] [1;31m<err> llss_client: device state HTTP 502[0m
[20:58:57.646] [1;32muart:~$ [m[8D[J[00:16:03.191,000] [1;31m<err> llss: Poll error 502[0m
[20:58:57.646] [1;32muart:~$ [m[8D[J[1;32muart:~$ [m[8D[J[00:16:08.285,000] [1;31m<err> llss_client: device state HTTP 502[0m
[20:59:02.740] [1;32muart:~$ [m[8D[J[00:16:08.285,000] [1;31m<err> llss: Poll error 502[0m
[20:59:02.740] [1;32muart:~$ [m[8D[J[1;32muart:~$ [m[8D[J[00:16:13.432,000] [1;31m<err> llss_client: device state HTTP 502[0m
[20:59:07.886] [1;32muart:~$ [m[8D[J[00:16:13.432,000] [1;31m<err> llss: Poll error 502[0m
[20:59:07.887] [1;32muart:~$ [m[8D[J[1;32muart:~$ [m[8D[J[00:16:18.549,000] [1;31m<err> llss_client: device state HTTP 502[0m
[20:59:13.003] [1;32muart:~$ [m[8D[J[00:16:18.549,000] [1;31m<err> llss: Poll error 502[0m
[20:59:13.004] [1;32muart:~$ [m[8D[J[1;32muart:~$ [m[8D[J[00:16:23.666,000] [1;31m<err> llss_client: device state HTTP 502[0m
[20:59:18.120] [1;32muart:~$ [m[8D[J[00:16:23.666,000] [1;31m<err> llss: Poll error 502[0m
[20:59:18.121] [1;32muart:~$ [m[8D[J[1;32muart:~$ [m[8D[J[00:16:28.761,000] [1;31m<err> llss_client: device state HTTP 502[0m
[20:59:23.216] [1;32muart:~$ [m[8D[J[00:16:28.761,000] [1;31m<err> llss: Poll error 502[0m
[20:59:23.216] [1;32muart:~$ [m[8D[J[1;32muart:~$ [m[8D[JNETMEM up=990s pktRX=38/40 pktTX=15/16 bufRX=158/160/m102 bufTX=79/80/m5 sysheap_free=11208 alloc=21380 max=24080
[20:59:25.125] [1;32muart:~$ [m[8D[J[1;32muart:~$ [m[8D[J[00:16:33.870,000] [1;31m<err> llss_client: device state HTTP 502[0m
[20:59:28.324] [1;32muart:~$ [m[8D[J[00:16:33.870,000] [1;31m<err> llss: Poll error 502[0m
[20:59:28.325] [1;32muart:~$ [m[8D[J[1;32muart:~$ [m[8D[J[00:16:38.991,000] [1;31m<err> llss_client: device state HTTP 502[0m
[20:59:33.445] [1;32muart:~$ [m[8D[J[00:16:38.991,000] [1;31m<err> llss: Poll error 502[0m
[20:59:33.446] [1;32muart:~$ [m[8D[J[1;32muart:~$ [m[8D[J[00:16:44.096,000] [1;31m<err> llss_client: device state HTTP 502[0m
[20:59:38.551] [1;32muart:~$ [m[8D[J[00:16:44.096,000] [1;31m<err> llss: Poll error 502[0m
[20:59:38.551] [1;32muart:~$ [m[8D[J[1;32muart:~$ [m[8D[J[00:16:49.216,000] [1;31m<err> llss_client: device state HTTP 502[0m
[20:59:43.671] [1;32muart:~$ [m[8D[J[00:16:49.216,000] [1;31m<err> llss: Poll error 502[0m
[20:59:43.672] [1;32muart:~$ [m[8D[J[1;32muart:~$ [m[8D[J[00:16:54.339,000] [1;31m<err> llss_client: device state HTTP 502[0m
[20:59:48.793] [1;32muart:~$ [m[8D[J[00:16:54.339,000] [1;31m<err> llss: Poll error 502[0m
[20:59:48.794] [1;32muart:~$ [m[8D[J[1;32muart:~$ [m[8D[J[00:16:59.452,000] [1;31m<err> llss_client: device state HTTP 502[0m
[20:59:53.906] [1;32muart:~$ [m[8D[J[00:16:59.452,000] [1;31m<err> llss: Poll error 502[0m
[20:59:53.907] [1;32muart:~$ [m[8D[J[00:17:00.370,000] [0m<inf> shtc3: SHTC3: temperature=22.86 C humidity=49.52 %[0m
[20:59:53.908] [1;32muart:~$ [m[8D[J[1;32muart:~$ [m[8D[JNETMEM up=1020s pktRX=38/40 pktTX=15/16 bufRX=158/160/m102 bufTX=79/80/m5 sysheap_free=11208 alloc=21380 max=24080
[20:59:55.125] [1;32muart:~$ [m[8D[J[1;32muart:~$ [m[8D[J[00:17:04.572,000] [1;31m<err> llss_client: device state HTTP 502[0m
[20:59:59.027] [1;32muart:~$ [m[8D[J[00:17:04.572,000] [1;31m<err> llss: Poll error 502[0m
[20:59:59.027] [1;32muart:~$ [m[8D[J[1;32muart:~$ [m[8D[J[00:17:09.689,000] [1;31m<err> llss_client: device state HTTP 502[0m
[21:00:04.144] [1;32muart:~$ [m[8D[J[00:17:09.689,000] [1;31m<err> llss: Poll error 502[0m
[21:00:04.144] [1;32muart:~$ [m[8D[J[1;32muart:~$ [m[8D[J[00:17:14.809,000] [1;31m<err> llss_client: device state HTTP 502[0m
[21:00:09.264] [1;32muart:~$ [m[8D[J[00:17:14.809,000] [1;31m<err> llss: Poll error 502[0m
[21:00:09.264] [1;32muart:~$ [m[8D[J[1;32muart:~$ [m[8D[J[00:17:19.935,000] [1;31m<err> llss_client: device state HTTP 502[0m
[21:00:14.389] [1;32muart:~$ [m[8D[J[00:17:19.935,000] [1;31m<err> llss: Poll error 502[0m
[21:00:14.390] [1;32muart:~$ [m[8D[J[00:17:19.935,000] [1;33m<wrn> net_watchdog: Watchdog soft reset (offline 905s) — session + DNS[0m
[21:00:14.391] [1;32muart:~$ [m[8D[J[00:17:19.935,000] [1;31m<err> net_watchdog: WATCHDOG: would reset now (offline 905s); next would-reset in 1200 s[0m
[21:00:14.392] [1;32muart:~$ [m[8D[J[1;32muart:~$ [m[8D[J[00:17:25.104,000] [1;31m<err> llss_client: device state HTTP 502[0m
[21:00:19.559] [1;32muart:~$ [m[8D[J[00:17:25.104,000] [1;31m<err> llss: Poll error 502[0m
[21:00:19.559] [1;32muart:~$ [m[8D[J[1;32muart:~$ [m[8D[J[00:17:30.228,000] [1;31m<err> llss_client: device state HTTP 502[0m
[21:00:24.683] [1;32muart:~$ [m[8D[J[00:17:30.228,000] [1;31m<err> llss: Poll error 502[0m
[21:00:24.683] [1;32muart:~$ [m[8D[JNETMEM up=1050s pktRX=38/40 pktTX=15/16 bufRX=158/160/m102 bufTX=79/80/m5 sysheap_free=11208 alloc=21380 max=24080
[21:00:24.684] [1;32muart:~$ [m[8D[J[1;32muart:~$ [m[8D[J[00:17:35.349,000] [1;31m<err> llss_client: device state HTTP 502[0m
[21:00:29.803] [1;32muart:~$ [m[8D[J[00:17:35.349,000] [1;31m<err> llss: Poll error 502[0m
[21:00:29.804] [1;32muart:~$ [m[8D[J[1;32muart:~$ [m[8D[J[00:17:40.466,000] [1;31m<err> llss_client: device state HTTP 502[0m
[21:00:34.921] [1;32muart:~$ [m[8D[J[00:17:40.466,000] [1;31m<err> llss: Poll error 502[0m
[21:00:34.922] [1;32muart:~$ [m[8D[J[1;32muart:~$ [m[8D[J[00:17:45.594,000] [1;31m<err> llss_client: device state HTTP 502[0m
[21:00:40.049] [1;32muart:~$ [m[8D[J[00:17:45.594,000] [1;31m<err> llss: Poll error 502[0m
[21:00:40.050] [1;32muart:~$ [m[8D[J[1;32muart:~$ [m[8D[J[00:17:50.713,000] [1;31m<err> llss_client: device state HTTP 502[0m
[21:00:45.167] [1;32muart:~$ [m[8D[J[00:17:50.713,000] [1;31m<err> llss: Poll error 502[0m
[21:00:45.168] [1;32muart:~$ [m[8D[J[1;32muart:~$ [m[8D[J[00:17:55.841,000] [1;31m<err> llss_client: device state HTTP 502[0m
[21:00:50.296] [1;32muart:~$ [m[8D[J[00:17:55.841,000] [1;31m<err> llss: Poll error 502[0m
[21:00:50.297] [1;32muart:~$ [m[8D[J[1;32muart:~$ [m[8D[J[00:18:00.373,000] [0m<inf> shtc3: SHTC3: temperature=22.98 C humidity=49.93 %[0m
[21:00:54.828] [1;32muart:~$ [m[8D[JNETMEM up=1080s pktRX=38/40 pktTX=15/16 bufRX=158/160/m102 bufTX=79/80/m5 sysheap_free=11208 alloc=21380 max=24080
[21:00:54.830] [1;32muart:~$ [m[8D[J[00:18:00.966,000] [1;31m<err> llss_client: device state HTTP 502[0m
[21:00:54.830] [1;32muart:~$ [m[8D[J[00:18:00.966,000] [1;31m<err> llss: Poll error 502[0m
[21:00:54.831] [1;32muart:~$ [m[8D[J[1;32muart:~$ [m[8D[J[00:18:06.089,000] [1;31m<err> llss_client: device state HTTP 502[0m
[21:01:00.555] [1;32muart:~$ [m[8D[J[00:18:06.089,000] [1;31m<err> llss: Poll error 502[0m
[21:01:00.556] [1;32muart:~$ [m[8D[J[1;32muart:~$ [m[8D[J[00:18:11.205,000] [1;31m<err> llss_client: device state HTTP 502[0m
[21:01:05.660] [1;32muart:~$ [m[8D[J[00:18:11.205,000] [1;31m<err> llss: Poll error 502[0m
[21:01:05.661] [1;32muart:~$ [m[8D[J[1;32muart:~$ [m[8D[J[00:18:16.334,000] [1;31m<err> llss_client: device state HTTP 502[0m
[21:01:10.789] [1;32muart:~$ [m[8D[J[00:18:16.334,000] [1;31m<err> llss: Poll error 502[0m
[21:01:10.790] [1;32muart:~$ [m[8D[J[1;32muart:~$ [m[8D[J[00:18:21.465,000] [1;31m<err> llss_client: device state HTTP 502[0m
[21:01:15.920] [1;32muart:~$ [m[8D[J[00:18:21.465,000] [1;31m<err> llss: Poll error 502[0m
[21:01:15.920] [1;32muart:~$ [m[8D[J[1;32muart:~$ [m[8D[J[00:18:26.590,000] [1;31m<err> llss_client: device state HTTP 502[0m
[21:01:21.046] [1;32muart:~$ [m[8D[J[00:18:26.591,000] [1;31m<err> llss: Poll error 502[0m
[21:01:21.046] [1;32muart:~$ [m[8D[J[1;32muart:~$ [m[8D[JNETMEM up=1110s pktRX=38/40 pktTX=15/16 bufRX=158/160/m102 bufTX=79/80/m5 sysheap_free=11208 alloc=21380 max=24080
[21:01:25.168] [1;32muart:~$ [m[8D[J[00:18:31.713,000] [1;31m<err> llss_client: device state HTTP 502[0m
[21:01:25.168] [1;32muart:~$ [m[8D[J[00:18:31.713,000] [1;31m<err> llss: Poll error 502[0m
[21:01:25.169] [1;32muart:~$ [m[8D[J[1;32muart:~$ [m[8D[J[00:18:36.851,000] [1;31m<err> llss_client: device state HTTP 502[0m
[21:01:31.306] [1;32muart:~$ [m[8D[J[00:18:36.851,000] [1;31m<err> llss: Poll error 502[0m
[21:01:31.307] [1;32muart:~$ [m[8D[J[1;32muart:~$ [m[8D[J[00:18:41.980,000] [1;31m<err> llss_client: device state HTTP 502[0m
[21:01:36.436] [1;32muart:~$ [m[8D[J[00:18:41.980,000] [1;31m<err> llss: Poll error 502[0m
[21:01:36.436] [1;32muart:~$ [m[8D[J[1;32muart:~$ [m[8D[J[00:18:47.112,000] [1;31m<err> llss_client: device state HTTP 502[0m
[21:01:41.567] [1;32muart:~$ [m[8D[J[00:18:47.112,000] [1;31m<err> llss: Poll error 502[0m
[21:01:41.568] [1;32muart:~$ [m[8D[J[1;32muart:~$ [m[8D[J[00:18:52.249,000] [1;31m<err> llss_client: device state HTTP 502[0m
[21:01:46.703] [1;32muart:~$ [m[8D[J[00:18:52.249,000] [1;31m<err> llss: Poll error 502[0m
[21:01:46.704] [1;32muart:~$ [m[8D[J[1;32muart:~$ [m[8D[J[00:18:57.386,000] [1;31m<err> llss_client: device state HTTP 502[0m
[21:01:51.841] [1;32muart:~$ [m[8D[J[00:18:57.386,000] [1;31m<err> llss: Poll error 502[0m
[21:01:51.842] [1;32muart:~$ [m[8D[J[1;32muart:~$ [m[8D[J[00:19:00.376,000] [0m<inf> shtc3: SHTC3: temperature=22.79 C humidity=50.00 %[0m
[21:01:54.831] [1;32muart:~$ [m[8D[JNETMEM up=1140s pktRX=38/40 pktTX=15/16 bufRX=158/160/m102 bufTX=79/80/m5 sysheap_free=11208 alloc=21380 max=24080
[21:01:54.832] [1;32muart:~$ [m[8D[J[1;32muart:~$ [m[8D[J[00:19:02.514,000] [1;31m<err> llss_client: device state HTTP 502[0m
[21:01:56.969] [1;32muart:~$ [m[8D[J[00:19:02.514,000] [1;31m<err> llss: Poll error 502[0m
[21:01:56.970] [1;32muart:~$ [m[8D[J[1;32muart:~$ [m[8D[J[00:19:07.645,000] [1;31m<err> llss_client: device state HTTP 502[0m
[21:02:02.100] [1;32muart:~$ [m[8D[J[00:19:07.645,000] [1;31m<err> llss: Poll error 502[0m
[21:02:02.100] [1;32muart:~$ [m[8D[J[1;32muart:~$ [m[8D[J[00:19:12.781,000] [1;31m<err> llss_client: device state HTTP 502[0m
[21:02:07.236] [1;32muart:~$ [m[8D[J[00:19:12.781,000] [1;31m<err> llss: Poll error 502[0m
[21:02:07.236] [1;32muart:~$ [m[8D[J[1;32muart:~$ [m[8D[J[00:19:17.941,000] [1;31m<err> llss_client: device state HTTP 502[0m
[21:02:12.395] [1;32muart:~$ [m[8D[J[00:19:17.941,000] [1;31m<err> llss: Poll error 502[0m
[21:02:12.396] [1;32muart:~$ [m[8D[J[1;32muart:~$ [m[8D[J[00:19:23.077,000] [1;31m<err> llss_client: device state HTTP 502[0m
[21:02:17.532] [1;32muart:~$ [m[8D[J[00:19:23.077,000] [1;31m<err> llss: Poll error 502[0m
[21:02:17.533] [1;32muart:~$ [m[8D[J[1;32muart:~$ [m[8D[J[00:19:28.211,000] [1;31m<err> llss_client: device state HTTP 502[0m
[21:02:22.666] [1;32muart:~$ [m[8D[J[00:19:28.211,000] [1;31m<err> llss: Poll error 502[0m
[21:02:22.666] [1;32muart:~$ [m[8D[J[1;32muart:~$ [m[8D[JNETMEM up=1170s pktRX=38/40 pktTX=15/16 bufRX=158/160/m102 bufTX=79/80/m5 sysheap_free=11208 alloc=21380 max=24080
[21:02:25.127] [1;32muart:~$ [m[8D[J[1;32muart:~$ [m[8D[J[00:19:33.351,000] [1;31m<err> llss_client: device state HTTP 502[0m
[21:02:27.806] [1;32muart:~$ [m[8D[J[00:19:33.351,000] [1;31m<err> llss: Poll error 502[0m
[21:02:27.806] [1;32muart:~$ [m[8D[J[1;32muart:~$ [m[8D[J[00:19:38.488,000] [1;31m<err> llss_client: device state HTTP 502[0m
[21:02:32.943] [1;32muart:~$ [m[8D[J[00:19:38.488,000] [1;31m<err> llss: Poll error 502[0m
[21:02:32.943] [1;32muart:~$ [m[8D[J[1;32muart:~$ [mnet allocs
[21:02:35.321] Network memory allocations

[21:02:35.321] memory		Status	Pool	Function alloc -> freed
[21:02:35.322] 0x3c1733f0/1	 used	   RX	eth_esp32_rx():153
[21:02:35.322] 0x3c1735e8/1	 used	   RX	eth_esp32_rx():153
[21:02:35.322] 0x3c172f70/1	 used	   TX	net_ipv6_send_ns():2094
[21:02:35.323] 0x3c173bd0	 free	   RX	eth_esp32_rx():153 -> processing_data():157
[21:02:35.323] 0x3c173b88	 free	   RX	eth_esp32_rx():153 -> tcp_in():3635
[21:02:35.324] 0x3c172f28	 free	   TX	tcp_out_ext():1573 -> tcp_send():472
[21:02:35.324] 0x3c15d4a0	 free	TDATA	ethernet_fill_header():610 -> tcp_send():472
[21:02:35.325] 0x3c173870	 free	   RX	eth_esp32_rx():153 -> processing_data():157
[21:02:35.325] 0x3c173828	 free	   RX	eth_esp32_rx():153 -> processing_data():157
[21:02:35.326] 0x3c1737e0	 free	   RX	eth_esp32_rx():153 -> processing_data():157
[21:02:35.326] 0x3c173798	 free	   RX	eth_esp32_rx():153 -> processing_data():157
[21:02:35.327] 0x3c173750	 free	   RX	eth_esp32_rx():153 -> processing_data():157
[21:02:35.328] 0x3c173708	 free	   RX	eth_esp32_rx():153 -> processing_data():157
[21:02:35.328] 0x3c1736c0	 free	   RX	eth_esp32_rx():153 -> processing_data():157
[21:02:35.329] 0x3c1734c8	 free	   RX	eth_esp32_rx():153 -> processing_data():157
[21:02:35.329] 0x3c173510	 free	   RX	eth_esp32_rx():153 -> processing_data():157
[21:02:35.330] 0x3c173558	 free	   RX	eth_esp32_rx():153 -> net_icmpv6_input():408
[21:02:35.330] 0x3c1735a0	 free	   RX	eth_esp32_rx():153 -> processing_data():157
[21:02:35.331] 0x3c173678	 free	   RX	eth_esp32_rx():153 -> net_icmpv6_input():408
[21:02:35.331] 0x3c173630	 free	   RX	eth_esp32_rx():153 -> processing_data():157
[21:02:35.332] 0x3c1733a8	 free	   RX	eth_esp32_rx():153 -> processing_data():157
[21:02:35.332] 0x3c173360	 free	   RX	eth_esp32_rx():153 -> net_icmpv6_input():408
[21:02:35.333] 0x3c1739d8	 free	   RX	eth_esp32_rx():153 -> processing_data():157
[21:02:35.333] 0x3c173a20	 free	   RX	eth_esp32_rx():153 -> processing_data():157
[21:02:35.334] 0x3c173bd0	 free	   RX	eth_esp32_rx():153 -> processing_data():157
[21:02:35.334] 0x3c173b88	 free	   RX	eth_esp32_rx():153 -> processing_data():157
[21:02:35.335] 0x3c15d4a0	 free	TDATA	ethernet_fill_header():610 -> tcp_send():472
[21:02:35.336] 0x3c15d4a0	 free	TDATA	ethernet_fill_header():610 -> tcp_send():472
[21:02:35.336] 0x3c173630	 free	   RX	eth_esp32_rx():153 -> zsock_recv_stream_immediate():1423
[21:02:35.337] 0x3c1733a8	 free	   RX	eth_esp32_rx():153 -> zsock_recv_stream_immediate():1423
[21:02:35.337] 0x3c173360	 free	   RX	eth_esp32_rx():153 -> zsock_recv_stream_immediate():1423
[21:02:35.338] 0x3c1733f0	 free	   RX	eth_esp32_rx():153 -> zsock_recv_stream_immediate():1423
[21:02:35.339] 0x3c1735e8	 free	   RX	eth_esp32_rx():153 -> zsock_recv_stream_immediate():1423
[21:02:35.339] 0x3c172ee0	 free	   TX	tcp_out_ext():1573 -> tcp_send():472
[21:02:35.340] 0x3c15d4bc	 free	TDATA	ethernet_fill_header():610 -> tcp_send():472
[21:02:35.340] 0x3c172ee0	 free	   TX	tcp_out_ext():1573 -> tcp_send():472
[21:02:35.341] 0x3c15d4bc	 free	TDATA	ethernet_fill_header():610 -> tcp_send():472
[21:02:35.341] [1;32muart:~$ [m[8D[J[00:19:43.622,000] [1;31m<err> llss_client: device state HTTP 502[0m
[21:02:38.077] [1;32muart:~$ [m[8D[J[00:19:43.622,000] [1;31m<err> llss: Poll error 502[0m
[21:02:38.077] [1;32muart:~$ [m[8D[J[1;32muart:~$ [m[8D[J[00:19:48.815,000] [1;31m<err> llss_client: device state HTTP 502[0m
[21:02:43.270] [1;32muart:~$ [m[8D[J[00:19:48.815,000] [1;31m<err> llss: Poll error 502[0m
[21:02:43.271] [1;32muart:~$ [m[8D[J[1;32muart:~$ [m[8D[J[00:19:53.932,000] [1;31m<err> llss_client: device state HTTP 502[0m
[21:02:48.387] [1;32muart:~$ [m[8D[J[00:19:53.932,000] [1;31m<err> llss: Poll error 502[0m
[21:02:48.387] [1;32muart:~$ [m[8D[J[1;32muart:~$ [m[8D[J[00:19:59.040,000] [1;31m<err> llss_client: device state HTTP 502[0m
[21:02:53.496] [1;32muart:~$ [m[8D[J[00:19:59.040,000] [1;31m<err> llss: Poll error 502[0m
[21:02:53.496] [1;32muart:~$ [m[8D[J[1;32muart:~$ [m[8D[JThread analyze:
[21:02:53.698] [1;32muart:~$ [m[8D[J wdt_sentinel_tid    : STACK: unused 432 usage 336 / 768 (43 %); CPU: 0 %
[21:02:53.699] [1;32muart:~$ [m[8D[J                     : Total CPU cycles used: 8968050
[21:02:53.700] [1;32muart:~$ [m[8D[J thread_analyzer     : STACK: unused 80 usage 944 / 1024 (92 %); CPU: 0 %
[21:02:53.700] [1;32muart:~$ [m[8D[J                     : Total CPU cycles used: 2904166
[21:02:53.701] [1;32muart:~$ [m[8D[J sys_wdt_tid         : STACK: unused 704 usage 320 / 1024 (31 %); CPU: 0 %
[21:02:53.702] [1;32muart:~$ [m[8D[J                     : Total CPU cycles used: 1721456
[21:02:53.702] [1;32muart:~$ [m[8D[J shtc3_thread        : STACK: unused 1360 usage 688 / 2048 (33 %); CPU: 0 %
[21:02:53.703] [1;32muart:~$ [m[8D[J                     : Total CPU cycles used: 1481107
[21:02:53.704] [1;32muart:~$ [m[8D[J ntp_thread          : STACK: unused 2464 usage 1632 / 4096 (39 %); CPU: 0 %
[21:02:53.705] [1;32muart:~$ [m[8D[J                     : Total CPU cycles used: 1936297
[21:02:53.705] [1;32muart:~$ [m[8D[J netmem_tid          : STACK: unused 688 usage 592 / 1280 (46 %); CPU: 0 %
[21:02:53.706] [1;32muart:~$ [m[8D[J                     : Total CPU cycles used: 1164298
[21:02:53.707] [1;32muart:~$ [m[8D[J llss_thread         : STACK: unused 11584 usage 4800 / 16384 (29 %); CPU: 1 %
[21:02:53.708] [1;32muart:~$ [m[8D[J                     : Total CPU cycles used: 4086819426
[21:02:53.708] [1;32muart:~$ [m[8D[J input               : STACK: unused 560 usage 464 / 1024 (45 %); CPU: 0 %
[21:02:53.709] [1;32muart:~$ [m[8D[J                     : Total CPU cycles used: 80945
[21:02:53.710] [1;32muart:~$ [m[8D[J display_thread      : STACK: unused 8640 usage 3648 / 12288 (29 %); CPU: 0 %
[21:02:53.710] [1;32muart:~$ [m[8D[J                     : Total CPU cycles used: 541736195
[21:02:53.711] [1;32muart:~$ [m[8D[J device_ui_thread    : STACK: unused 4496 usage 3696 / 8192 (45 %); CPU: 0 %
[21:02:53.712] [1;32muart:~$ [m[8D[J                     : Total CPU cycles used: 900250237
[21:02:53.712] [1;32muart:~$ [m[8D[J conn_mgr_monitor    : STACK: unused 176 usage 336 / 512 (65 %); CPU: 0 %
[21:02:53.713] [1;32muart:~$ [m[8D[J                     : Total CPU cycles used: 86197
[21:02:53.714] [1;32muart:~$ [m[8D[J net_socket_service  : STACK: unused 3344 usage 752 / 4096 (18 %); CPU: 0 %
[21:02:53.715] [1;32muart:~$ [m[8D[J                     : Total CPU cycles used: 2920112
[21:02:53.715] [1;32muart:~$ [m[8D[J rx_q[0]             : STACK: unused 496 usage 1552 / 2048 (75 %); CPU: 0 %
[21:02:53.716] [1;32muart:~$ [m[8D[J                     : Total CPU cycles used: 827596401
[21:02:53.717] [1;32muart:~$ [m[8D[J net_mgmt            : STACK: unused 3424 usage 672 / 4096 (16 %); CPU: 0 %
[21:02:53.718] [1;32muart:~$ [m[8D[J                     : Total CPU cycles used: 738578
[21:02:53.718] [1;32muart:~$ [m[8D[J tcp_work            : STACK: unused 1232 usage 816 / 2048 (39 %); CPU: 0 %
[21:02:53.719] [1;32muart:~$ [m[8D[J                     : Total CPU cycles used: 11211345
[21:02:53.720] [1;32muart:~$ [m[8D[J shell_uart          : STACK: unused 2384 usage 1712 / 4096 (41 %); CPU: 0 %
[21:02:53.720] [1;32muart:~$ [m[8D[J                     : Total CPU cycles used: 63810652
[21:02:53.721] [1;32muart:~$ [m[8D[J wifi                : STACK: unused 1440 usage 2144 / 3584 (59 %); CPU: 1 %
[21:02:53.722] [1;32muart:~$ [m[8D[J                     : Total CPU cycles used: 3023926012
[21:02:53.722] [1;32muart:~$ [m[8D[J sysworkq            : STACK: unused 3232 usage 864 / 4096 (21 %); CPU: 0 %
[21:02:53.723] [1;32muart:~$ [m[8D[J                     : Total CPU cycles used: 26917399
[21:02:53.724] [1;32muart:~$ [m[8D[J esp_timer           : STACK: unused 3536 usage 560 / 4096 (13 %); CPU: 0 %
[21:02:53.726] [1;32muart:~$ [m[8D[J                     : Total CPU cycles used: 118775260
[21:02:53.726] [1;32muart:~$ [m[8D[J logging             : STACK: unused 544 usage 480 / 1024 (46 %); CPU: 0 %
[21:02:53.727] [1;32muart:~$ [m[8D[J                     : Total CPU cycles used: 9623051
[21:02:53.727] [1;32muart:~$ [m[8D[J idle                : STACK: unused 816 usage 208 / 1024 (20 %); CPU: 96 %
[21:02:53.728] [1;32muart:~$ [m[8D[J                     : Total CPU cycles used: 277988179686
[21:02:53.728] [1;32muart:~$ [m[8D[J ISR0                : STACK: unused 1520 usage 528 / 2048 (25 %); CPU: 0 %
[21:02:53.729] [1;32muart:~$ [m[8D[J                     : Total CPU cycles used: 0
[21:02:53.730] [1;32muart:~$ [m[8D[J[1;32muart:~$ [m[8D[J[1;32muart:~$ [m[8D[J[00:20:00.379,000] [0m<inf> shtc3: SHTC3: temperature=22.98 C humidity=49.53 %[0m
[21:02:54.834] [1;32muart:~$ [m[8D[JNETMEM up=1200s pktRX=38/40 pktTX=15/16 bufRX=158/160/m102 bufTX=79/80/m5 sysheap_free=11208 alloc=21380 max=24080
[21:02:54.835] [1;32muart:~$ [m[8D[J[1;32muart:~$ [m[8D[J[00:20:04.147,000] [1;31m<err> llss_client: device state HTTP 502[0m
[21:02:58.602] [1;32muart:~$ [m[8D[J[00:20:04.147,000] [1;31m<err> llss: Poll error 502[0m
[21:02:58.602] [1;32muart:~$ [m[8D[J[1;32muart:~$ [m[8D[J[00:20:09.260,000] [1;31m<err> llss_client: device state HTTP 502[0m
[21:03:03.715] [1;32muart:~$ [m[8D[J[00:20:09.260,000] [1;31m<err> llss: Poll error 502[0m
[21:03:03.715] [1;32muart:~$ [m[8D[J[1;32muart:~$ [m[8D[J[00:20:14.387,000] [1;31m<err> llss_client: device state HTTP 502[0m
[21:03:08.841] [1;32muart:~$ [m[8D[J[00:20:14.387,000] [1;31m<err> llss: Poll error 502[0m
[21:03:08.842] [1;32muart:~$ [m[8D[J[1;32muart:~$ [m[8D[J[00:20:19.493,000] [1;31m<err> llss_client: device state HTTP 502[0m
[21:03:13.948] [1;32muart:~$ [m[8D[J[00:20:19.493,000] [1;31m<err> llss: Poll error 502[0m
[21:03:13.949] [1;32muart:~$ [m[8D[J[1;32muart:~$ [m[8D[J[00:20:24.593,000] [1;31m<err> llss_client: device state HTTP 502[0m
[21:03:19.048] [1;32muart:~$ [m[8D[J[00:20:24.593,000] [1;31m<err> llss: Poll error 502[0m
[21:03:19.049] [1;32muart:~$ [m[8D[J[1;32muart:~$ [m[8D[J[00:20:29.696,000] [1;31m<err> llss_client: device state HTTP 502[0m
[21:03:24.152] [1;32muart:~$ [m[8D[J[00:20:29.697,000] [1;31m<err> llss: Poll error 502[0m
[21:03:24.152] [1;32muart:~$ [m[8D[JNETMEM up=1230s pktRX=38/40 pktTX=15/16 bufRX=158/160/m102 bufTX=79/80/m5 sysheap_free=11208 alloc=21380 max=24080
[21:03:24.153] [1;32muart:~$ [m[8D[J[1;32muart:~$ [m[8D[J[00:20:34.808,000] [1;31m<err> llss_client: device state HTTP 502[0m
[21:03:29.263] [1;32muart:~$ [m[8D[J[00:20:34.808,000] [1;31m<err> llss: Poll error 502[0m
[21:03:29.265] [1;32muart:~$ [m[8D[J[1;32muart:~$ [m[8D[J[00:20:39.925,000] [1;31m<err> llss_client: device state HTTP 502[0m
[21:03:34.380] [1;32muart:~$ [m[8D[J[00:20:39.925,000] [1;31m<err> llss: Poll error 502[0m
[21:03:34.381] [1;32muart:~$ [m[8D[J[1;32muart:~$ [m[8D[J[00:20:54.954,000] [1;33m<wrn> llss_client: Cached server address failed (-116) — re-resolving[0m
[21:03:49.409] [1;32muart:~$ [m[8D[J[00:20:55.074,000] [1;31m<err> llss_client: device state HTTP 502[0m
[21:03:49.410] [1;32muart:~$ [m[8D[J[00:20:55.074,000] [1;31m<err> llss: Poll error 502[0m
[21:03:49.410] [1;32muart:~$ [m[8D[J[1;32muart:~$ [m[8D[J[00:21:00.182,000] [1;31m<err> llss_client: device state HTTP 502[0m
[21:03:54.637] [1;32muart:~$ [m[8D[J[00:21:00.182,000] [1;31m<err> llss: Poll error 502[0m
[21:03:54.637] [1;32muart:~$ [m[8D[J[00:21:00.382,000] [0m<inf> shtc3: SHTC3: temperature=22.95 C humidity=48.06 %[0m
[21:03:54.638] [1;32muart:~$ [m[8D[JNETMEM up=1260s pktRX=38/40 pktTX=15/16 bufRX=158/160/m102 bufTX=79/80/m5 sysheap_free=11208 alloc=21380 max=24080
[21:03:54.639] [1;32muart:~$ [m[8D[J[1;32muart:~$ [m[8D[J[00:21:05.327,000] [1;31m<err> llss_client: device state HTTP 502[0m
[21:03:59.782] [1;32muart:~$ [m[8D[J[00:21:05.327,000] [1;31m<err> llss: Poll error 502[0m
[21:03:59.783] [1;32muart:~$ [m[8D[J[1;32muart:~$ [m[8D[J[00:21:10.464,000] [1;31m<err> llss_client: device state HTTP 502[0m
[21:04:04.920] [1;32muart:~$ [m[8D[J[00:21:10.464,000] [1;31m<err> llss: Poll error 502[0m
[21:04:04.920] [1;32muart:~$ [m[8D[J[1;32muart:~$ [m[8D[J[00:21:15.574,000] [1;31m<err> llss_client: device state HTTP 502[0m
[21:04:10.030] [1;32muart:~$ [m[8D[J[00:21:15.574,000] [1;31m<err> llss: Poll error 502[0m
[21:04:10.031] [1;32muart:~$ [m[8D[J[1;32muart:~$ [m[8D[J[00:21:20.691,000] [1;31m<err> llss_client: device state HTTP 502[0m
[21:04:15.146] [1;32muart:~$ [m[8D[J[00:21:20.691,000] [1;31m<err> llss: Poll error 502[0m
[21:04:15.146] [1;32muart:~$ [m[8D[J[1;32muart:~$ [m[8D[J[00:21:25.802,000] [1;31m<err> llss_client: device state HTTP 502[0m
[21:04:20.257] [1;32muart:~$ [m[8D[J[00:21:25.802,000] [1;31m<err> llss: Poll error 502[0m
[21:04:20.258] [1;32muart:~$ [m[8D[J[1;32muart:~$ [m[8D[JNETMEM up=1290s pktRX=38/40 pktTX=15/16 bufRX=158/160/m102 bufTX=79/80/m5 sysheap_free=11208 alloc=21380 max=24080
[21:04:25.128] [1;32muart:~$ [m[8D[J[00:21:30.989,000] [1;31m<err> llss_client: device state HTTP 502[0m
[21:04:25.128] [1;32muart:~$ [m[8D[J[00:21:30.989,000] [1;31m<err> llss: Poll error 502[0m
[21:04:25.129] [1;32muart:~$ [m[8D[J[1;32muart:~$ [m[8D[J[00:21:36.110,000] [1;31m<err> llss_client: device state HTTP 502[0m
[21:04:30.565] [1;32muart:~$ [m[8D[J[00:21:36.110,000] [1;31m<err> llss: Poll error 502[0m
[21:04:30.566] [1;32muart:~$ [m[8D[J[1;32muart:~$ [m[8D[J[00:21:41.216,000] [1;31m<err> llss_client: device state HTTP 502[0m
[21:04:35.672] [1;32muart:~$ [m[8D[J[00:21:41.216,000] [1;31m<err> llss: Poll error 502[0m
[21:04:35.672] [1;32muart:~$ [m[8D[J[1;32muart:~$ [m[8D[J[00:21:46.327,000] [1;31m<err> llss_client: device state HTTP 502[0m
[21:04:40.782] [1;32muart:~$ [m[8D[J[00:21:46.327,000] [1;31m<err> llss: Poll error 502[0m
[21:04:40.783] [1;32muart:~$ [m[8D[J[1;32muart:~$ [m[8D[J[00:21:51.428,000] [1;31m<err> llss_client: device state HTTP 502[0m
[21:04:45.883] [1;32muart:~$ [m[8D[J[00:21:51.428,000] [1;31m<err> llss: Poll error 502[0m
[21:04:45.883] [1;32muart:~$ [m[8D[J[1;32muart:~$ [m[8D[J[00:21:56.531,000] [1;31m<err> llss_client: device state HTTP 502[0m
[21:04:50.986] [1;32muart:~$ [m[8D[J[00:21:56.531,000] [1;31m<err> llss: Poll error 502[0m
[21:04:50.987] [1;32muart:~$ [m[8D[J[1;32muart:~$ [m[8D[J[00:22:00.385,000] [0m<inf> shtc3: SHTC3: temperature=22.85 C humidity=48.68 %[0m
[21:04:54.842] [1;32muart:~$ [m[8D[JNETMEM up=1320s pktRX=38/40 pktTX=15/16 bufRX=158/160/m102 bufTX=79/80/m5 sysheap_free=11208 alloc=21380 max=24080
[21:04:54.842] [1;32muart:~$ [m[8D[J[1;32muart:~$ [m[8D[J[00:22:01.640,000] [1;31m<err> llss_client: device state HTTP 502[0m
[21:04:56.096] [1;32muart:~$ [m[8D[J[00:22:01.640,000] [1;31m<err> llss: Poll error 502[0m
[21:04:56.096] [1;32muart:~$ [m[8D[J[1;32muart:~$ [m[8D[J[00:22:06.753,000] [1;31m<err> llss_client: device state HTTP 502[0m
[21:05:01.209] [1;32muart:~$ [m[8D[J[00:22:06.753,000] [1;31m<err> llss: Poll error 502[0m
[21:05:01.209] [1;32muart:~$ [m[8D[J[1;32muart:~$ [m[8D[J[00:22:11.881,000] [1;31m<err> llss_client: device state HTTP 502[0m
[21:05:06.336] [1;32muart:~$ [m[8D[J[00:22:11.881,000] [1;31m<err> llss: Poll error 502[0m
[21:05:06.337] [1;32muart:~$ [m[8D[J[1;32muart:~$ [m[8D[J[00:22:17.008,000] [1;31m<err> llss_client: device state HTTP 502[0m
[21:05:11.463] [1;32muart:~$ [m[8D[J[00:22:17.008,000] [1;31m<err> llss: Poll error 502[0m
[21:05:11.464] [1;32muart:~$ [m[8D[J[1;32muart:~$ [m[8D[J[00:22:22.134,000] [1;31m<err> llss_client: device state HTTP 502[0m
[21:05:16.590] [1;32muart:~$ [m[8D[J[00:22:22.134,000] [1;31m<err> llss: Poll error 502[0m
[21:05:16.591] [1;32muart:~$ [m[8D[J[1;32muart:~$ [m[8D[J[00:22:27.246,000] [1;31m<err> llss_client: device state HTTP 502[0m
[21:05:21.703] [1;32muart:~$ [m[8D[J[00:22:27.246,000] [1;31m<err> llss: Poll error 502[0m
[21:05:21.703] [1;32muart:~$ [m[8D[J[1;32muart:~$ [m[8D[JNETMEM up=1350s pktRX=38/40 pktTX=15/16 bufRX=158/160/m102 bufTX=79/80/m5 sysheap_free=11208 alloc=21380 max=24080
[21:05:25.128] [1;32muart:~$ [m[8D[J[1;32muart:~$ [m[8D[J[00:22:32.355,000] [1;31m<err> llss_client: device state HTTP 502[0m
[21:05:26.811] [1;32muart:~$ [m[8D[J[00:22:32.355,000] [1;31m<err> llss: Poll error 502[0m
[21:05:26.811] [1;32muart:~$ [m[8D[J[1;32muart:~$ [m[8D[J[00:22:37.475,000] [1;31m<err> llss_client: device state HTTP 502[0m
[21:05:31.931] [1;32muart:~$ [m[8D[J[00:22:37.476,000] [1;31m<err> llss: Poll error 502[0m
[21:05:31.931] [1;32muart:~$ [m[8D[J[1;32muart:~$ [m[8D[J[00:22:42.611,000] [1;31m<err> llss_client: device state HTTP 502[0m
[21:05:37.067] [1;32muart:~$ [m[8D[J[00:22:42.611,000] [1;31m<err> llss: Poll error 502[0m
[21:05:37.067] [1;32muart:~$ [m[8D[J[1;32muart:~$ [m[8D[J[00:22:47.717,000] [1;31m<err> llss_client: device state HTTP 502[0m
[21:05:42.173] [1;32muart:~$ [m[8D[J[00:22:47.717,000] [1;31m<err> llss: Poll error 502[0m
[21:05:42.173] [1;32muart:~$ [m[8D[J[1;32muart:~$ [m[8D[J[00:22:52.842,000] [1;31m<err> llss_client: device state HTTP 502[0m
[21:05:47.297] [1;32muart:~$ [m[8D[J[00:22:52.842,000] [1;31m<err> llss: Poll error 502[0m
[21:05:47.298] [1;32muart:~$ [m[8D[J[1;32muart:~$ [m[8D[J[00:22:57.939,000] [1;31m<err> llss_client: device state HTTP 502[0m
[21:05:52.394] [1;32muart:~$ [m[8D[J[00:22:57.939,000] [1;31m<err> llss: Poll error 502[0m
[21:05:52.395] [1;32muart:~$ [m[8D[J[1;32muart:~$ [m[8D[J[00:23:00.388,000] [0m<inf> shtc3: SHTC3: temperature=22.95 C humidity=47.34 %[0m
[21:05:54.844] [1;32muart:~$ [m[8D[JNETMEM up=1380s pktRX=38/40 pktTX=15/16 bufRX=158/160/m102 bufTX=79/80/m5 sysheap_free=11208 alloc=21380 max=24080
[21:05:54.845] [1;32muart:~$ [m[8D[J[1;32muart:~$ [m[8D[J[00:23:03.047,000] [1;31m<err> llss_client: device state HTTP 502[0m
[21:05:57.502] [1;32muart:~$ [m[8D[J[00:23:03.047,000] [1;31m<err> llss: Poll error 502[0m
[21:05:57.503] [1;32muart:~$ [m[8D[J[1;32muart:~$ [m[8D[J[00:23:08.154,000] [1;31m<err> llss_client: device state HTTP 502[0m
[21:06:02.609] [1;32muart:~$ [m[8D[J[00:23:08.154,000] [1;31m<err> llss: Poll error 502[0m
[21:06:02.610] [1;32muart:~$ [m[8D[J[1;32muart:~$ [m[8D[J[00:23:13.271,000] [1;31m<err> llss_client: device state HTTP 502[0m
[21:06:07.727] [1;32muart:~$ [m[8D[J[00:23:13.271,000] [1;31m<err> llss: Poll error 502[0m
[21:06:07.728] [1;32muart:~$ [m[8D[J[1;32muart:~$ [m[8D[J[00:23:18.392,000] [1;31m<err> llss_client: device state HTTP 502[0m
[21:06:12.848] [1;32muart:~$ [m[8D[J[00:23:18.392,000] [1;31m<err> llss: Poll error 502[0m
[21:06:12.849] [1;32muart:~$ [m[8D[J[1;32muart:~$ [m[8D[J[00:23:23.516,000] [1;31m<err> llss_client: device state HTTP 502[0m
[21:06:17.971] [1;32muart:~$ [m[8D[J[00:23:23.516,000] [1;31m<err> llss: Poll error 502[0m
[21:06:17.972] [1;32muart:~$ [m[8D[J[1;32muart:~$ [m[8D[J[00:23:28.627,000] [1;31m<err> llss_client: device state HTTP 502[0m
[21:06:23.084] [1;32muart:~$ [m[8D[J[00:23:28.627,000] [1;31m<err> llss: Poll error 502[0m
[21:06:23.084] [1;32muart:~$ [m[8D[J[1;32muart:~$ [m[8D[JNETMEM up=1410s pktRX=38/40 pktTX=15/16 bufRX=158/160/m102 bufTX=79/80/m5 sysheap_free=11208 alloc=21380 max=24080
[21:06:25.129] [1;32muart:~$ [m[8D[J[1;32muart:~$ [m[8D[J[00:23:33.729,000] [1;31m<err> llss_client: device state HTTP 502[0m
[21:06:28.185] [1;32muart:~$ [m[8D[J[00:23:33.729,000] [1;31m<err> llss: Poll error 502[0m
[21:06:28.185] [1;32muart:~$ [m[8D[J[1;32muart:~$ [m[8D[J[00:23:38.841,000] [1;31m<err> llss_client: device state HTTP 502[0m
[21:06:33.297] [1;32muart:~$ [m[8D[J[00:23:38.841,000] [1;31m<err> llss: Poll error 502[0m
[21:06:33.297] [1;32muart:~$ [m[8D[J[1;32muart:~$ [m[8D[J[00:23:43.971,000] [1;31m<err> llss_client: device state HTTP 502[0m
[21:06:38.427] [1;32muart:~$ [m[8D[J[00:23:43.971,000] [1;31m<err> llss: Poll error 502[0m
[21:06:38.428] [1;32muart:~$ [m[8D[J[1;32muart:~$ [m[8D[J[00:23:49.094,000] [1;31m<err> llss_client: device state HTTP 502[0m
[21:06:43.550] [1;32muart:~$ [m[8D[J[00:23:49.094,000] [1;31m<err> llss: Poll error 502[0m
[21:06:43.551] [1;32muart:~$ [m[8D[J[1;32muart:~$ [m[8D[J[00:23:54.200,000] [1;31m<err> llss_client: device state HTTP 502[0m
[21:06:48.656] [1;32muart:~$ [m[8D[J[00:23:54.200,000] [1;31m<err> llss: Poll error 502[0m
[21:06:48.656] [1;32muart:~$ [m[8D[J[1;32muart:~$ [m[8D[J[00:23:59.304,000] [1;31m<err> llss_client: device state HTTP 502[0m
[21:06:53.759] [1;32muart:~$ [m[8D[J[00:23:59.304,000] [1;31m<err> llss: Poll error 502[0m
[21:06:53.760] [1;32muart:~$ [m[8D[J[1;32muart:~$ [m[8D[J[00:24:00.391,000] [0m<inf> shtc3: SHTC3: temperature=22.74 C humidity=46.98 %[0m
[21:06:54.847] [1;32muart:~$ [m[8D[JNETMEM up=1440s pktRX=38/40 pktTX=15/16 bufRX=158/160/m102 bufTX=79/80/m5 sysheap_free=11208 alloc=21380 max=24080
[21:06:54.848] [1;32muart:~$ [m[8D[J[1;32muart:~$ [m[8D[J[00:24:04.416,000] [1;31m<err> llss_client: device state HTTP 502[0m
[21:06:58.871] [1;32muart:~$ [m[8D[J[00:24:04.416,000] [1;31m<err> llss: Poll error 502[0m
[21:06:58.872] [1;32muart:~$ [m[8D[J[1;32muart:~$ [m[8D[J[00:24:09.519,000] [1;31m<err> llss_client: device state HTTP 502[0m
[21:07:03.975] [1;32muart:~$ [m[8D[J[00:24:09.519,000] [1;31m<err> llss: Poll error 502[0m
[21:07:03.976] [1;32muart:~$ [m[8D[J[1;32muart:~$ [m[8D[J[00:24:14.626,000] [1;31m<err> llss_client: device state HTTP 502[0m
[21:07:09.082] [1;32muart:~$ [m[8D[J[00:24:14.626,000] [1;31m<err> llss: Poll error 502[0m
[21:07:09.082] [1;32muart:~$ [m[8D[J[1;32muart:~$ [m[8D[J[00:24:19.740,000] [1;31m<err> llss_client: device state HTTP 502[0m
[21:07:14.196] [1;32muart:~$ [m[8D[J[00:24:19.740,000] [1;31m<err> llss: Poll error 502[0m
[21:07:14.196] [1;32muart:~$ [m[8D[J[1;32muart:~$ [m[8D[JNETMEM up=1470s pktRX=23/40 pktTX=15/16 bufRX=143/160/m102 bufTX=79/80/m5 sysheap_free=11208 alloc=21380 max=24080
[21:07:25.130] [1;32muart:~$ [m[8D[J[1;32muart:~$ [m[8D[J[00:24:34.779,000] [1;33m<wrn> llss_client: Cached server address failed (-116) — re-resolving[0m
[21:07:29.235] [1;32muart:~$ [m[8D[J[00:24:35.156,000] [1;31m<err> llss_client: device state HTTP 502[0m
[21:07:29.236] [1;32muart:~$ [m[8D[J[00:24:35.156,000] [1;31m<err> llss: Poll error 502[0m
[21:07:29.237] [1;32muart:~$ [m[8D[J[1;32muart:~$ [m[8D[J[00:24:40.288,000] [1;31m<err> llss_client: device state HTTP 502[0m
[21:07:34.744] [1;32muart:~$ [m[8D[J[00:24:40.288,000] [1;31m<err> llss: Poll error 502[0m
[21:07:34.744] [1;32muart:~$ [m[8D[J[1;32muart:~$ [m[8D[J[00:24:45.395,000] [1;31m<err> llss_client: device state HTTP 502[0m
[21:07:39.851] [1;32muart:~$ [m[8D[J[00:24:45.395,000] [1;31m<err> llss: Poll error 502[0m
[21:07:39.852] [1;32muart:~$ [m[8D[J[1;32muart:~$ [m[8D[J[00:24:50.516,000] [1;31m<err> llss_client: device state HTTP 502[0m
[21:07:44.972] [1;32muart:~$ [m[8D[J[00:24:50.516,000] [1;31m<err> llss: Poll error 502[0m
[21:07:44.972] [1;32muart:~$ [m[8D[J[1;32muart:~$ [m[8D[J[00:24:55.627,000] [1;31m<err> llss_client: device state HTTP 502[0m
[21:07:50.082] [1;32muart:~$ [m[8D[J[00:24:55.627,000] [1;31m<err> llss: Poll error 502[0m
[21:07:50.083] [1;32muart:~$ [m[8D[J[1;32muart:~$ [m[8D[JThread analyze:
[21:07:53.702] [1;32muart:~$ [m[8D[J wdt_sentinel_tid    : STACK: unused 432 usage 336 / 768 (43 %); CPU: 0 %
[21:07:53.703] [1;32muart:~$ [m[8D[J                     : Total CPU cycles used: 11117538
[21:07:53.704] [1;32muart:~$ [m[8D[J thread_analyzer     : STACK: unused 80 usage 944 / 1024 (92 %); CPU: 0 %
[21:07:53.705] [1;32muart:~$ [m[8D[J                     : Total CPU cycles used: 3551106
[21:07:53.705] [1;32muart:~$ [m[8D[J sys_wdt_tid         : STACK: unused 704 usage 320 / 1024 (31 %); CPU: 0 %
[21:07:53.706] [1;32muart:~$ [m[8D[J                     : Total CPU cycles used: 2197697
[21:07:53.707] [1;32muart:~$ [m[8D[J shtc3_thread        : STACK: unused 1360 usage 688 / 2048 (33 %); CPU: 0 %
[21:07:53.707] [1;32muart:~$ [m[8D[J                     : Total CPU cycles used: 1807066
[21:07:53.708] [1;32muart:~$ [m[8D[J ntp_thread          : STACK: unused 2464 usage 1632 / 4096 (39 %); CPU: 0 %
[21:07:53.709] [1;32muart:~$ [m[8D[J                     : Total CPU cycles used: 1936297
[21:07:53.709] [1;32muart:~$ [m[8D[J netmem_tid          : STACK: unused 688 usage 592 / 1280 (46 %); CPU: 0 %
[21:07:53.710] [1;32muart:~$ [m[8D[J                     : Total CPU cycles used: 1473241
[21:07:53.711] [1;32muart:~$ [m[8D[J llss_thread         : STACK: unused 11584 usage 4800 / 16384 (29 %); CPU: 1 %
[21:07:53.712] [1;32muart:~$ [m[8D[J                     : Total CPU cycles used: 4922149952
[21:07:53.712] [1;32muart:~$ [m[8D[J input               : STACK: unused 560 usage 464 / 1024 (45 %); CPU: 0 %
[21:07:53.713] [1;32muart:~$ [m[8D[J                     : Total CPU cycles used: 80945
[21:07:53.714] [1;32muart:~$ [m[8D[J display_thread      : STACK: unused 8640 usage 3648 / 12288 (29 %); CPU: 0 %
[21:07:53.715] [1;32muart:~$ [m[8D[J                     : Total CPU cycles used: 541736195
[21:07:53.715] [1;32muart:~$ [m[8D[J device_ui_thread    : STACK: unused 4496 usage 3696 / 8192 (45 %); CPU: 0 %
[21:07:53.716] [1;32muart:~$ [m[8D[J                     : Total CPU cycles used: 1485941630
[21:07:53.717] [1;32muart:~$ [m[8D[J conn_mgr_monitor    : STACK: unused 176 usage 336 / 512 (65 %); CPU: 0 %
[21:07:53.717] [1;32muart:~$ [m[8D[J                     : Total CPU cycles used: 86197
[21:07:53.718] [1;32muart:~$ [m[8D[J net_socket_service  : STACK: unused 3344 usage 752 / 4096 (18 %); CPU: 0 %
[21:07:53.719] [1;32muart:~$ [m[8D[J                     : Total CPU cycles used: 3663796
[21:07:53.719] [1;32muart:~$ [m[8D[J rx_q[0]             : STACK: unused 496 usage 1552 / 2048 (75 %); CPU: 0 %
[21:07:53.720] [1;32muart:~$ [m[8D[J                     : Total CPU cycles used: 1045441513
[21:07:53.721] [1;32muart:~$ [m[8D[J net_mgmt            : STACK: unused 3424 usage 672 / 4096 (16 %); CPU: 0 %
[21:07:53.722] [1;32muart:~$ [m[8D[J                     : Total CPU cycles used: 896756
[21:07:53.722] [1;32muart:~$ [m[8D[J tcp_work            : STACK: unused 1232 usage 816 / 2048 (39 %); CPU: 0 %
[21:07:53.723] [1;32muart:~$ [m[8D[J                     : Total CPU cycles used: 17027978
[21:07:53.724] [1;32muart:~$ [m[8D[J shell_uart          : STACK: unused 2384 usage 1712 / 4096 (41 %); CPU: 0 %
[21:07:53.725] [1;32muart:~$ [m[8D[J                     : Total CPU cycles used: 77428990
[21:07:53.725] [1;32muart:~$ [m[8D[J wifi                : STACK: unused 1440 usage 2144 / 3584 (59 %); CPU: 1 %
[21:07:53.726] [1;32muart:~$ [m[8D[J                     : Total CPU cycles used: 3801212375
[21:07:53.727] [1;32muart:~$ [m[8D[J sysworkq            : STACK: unused 3232 usage 864 / 4096 (21 %); CPU: 0 %
[21:07:53.727] [1;32muart:~$ [m[8D[J                     : Total CPU cycles used: 34491741
[21:07:53.728] [1;32muart:~$ [m[8D[J esp_timer           : STACK: unused 3536 usage 560 / 4096 (13 %); CPU: 0 %
[21:07:53.729] [1;32muart:~$ [m[8D[J                     : Total CPU cycles used: 150556869
[21:07:53.730] [1;32muart:~$ [m[8D[J logging             : STACK: unused 544 usage 480 / 1024 (46 %); CPU: 0 %
[21:07:53.730] [1;32muart:~$ [m[8D[J                     : Total CPU cycles used: 12016465
[21:07:53.731] [1;32muart:~$ [m[8D[J idle                : STACK: unused 816 usage 208 / 1024 (20 %); CPU: 96 %
[21:07:53.732] [1;32muart:~$ [m[8D[J                     : Total CPU cycles used: 347483139208
[21:07:53.732] [1;32muart:~$ [m[8D[J ISR0                : STACK: unused 1520 usage 528 / 2048 (25 %); CPU: 0 %
[21:07:53.733] [1;32muart:~$ [m[8D[J                     : Total CPU cycles used: 0
[21:07:53.734] [1;32muart:~$ [m[8D[J[1;32muart:~$ [m[8D[J[1;32muart:~$ [m[8D[J[00:25:00.394,000] [0m<inf> shtc3: SHTC3: temperature=22.86 C humidity=47.07 %[0m
[21:07:54.850] [1;32muart:~$ [m[8D[JNETMEM up=1500s pktRX=37/40 pktTX=15/16 bufRX=157/160/m102 bufTX=78/80/m5 sysheap_free=11172 alloc=21416 max=24080
[21:07:54.851] [1;32muart:~$ [m[8D[J[00:25:00.733,000] [1;31m<err> llss_client: device state HTTP 502[0m
[21:07:54.851] [1;32muart:~$ [m[8D[J[00:25:00.733,000] [1;31m<err> llss: Poll error 502[0m
[21:07:54.852] [1;32muart:~$ [m[8D[J[1;32muart:~$ [m[8D[J[00:25:05.858,000] [1;31m<err> llss_client: device state HTTP 502[0m
[21:08:00.454] [1;32muart:~$ [m[8D[J[00:25:05.858,000] [1;31m<err> llss: Poll error 502[0m
[21:08:00.565] [1;32muart:~$ [m[8D[J[1;32muart:~$ [m[8D[J[00:25:10.966,000] [1;31m<err> llss_client: device state HTTP 502[0m
[21:08:05.422] [1;32muart:~$ [m[8D[J[00:25:10.966,000] [1;31m<err> llss: Poll error 502[0m
[21:08:05.422] [1;32muart:~$ [m[8D[J[1;32muart:~$ [m[8D[J[00:25:16.074,000] [1;31m<err> llss_client: device state HTTP 502[0m
[21:08:10.530] [1;32muart:~$ [m[8D[J[00:25:16.074,000] [1;31m<err> llss: Poll error 502[0m
[21:08:10.530] [1;32muart:~$ [m[8D[J[1;32muart:~$ [m[8D[J[00:25:21.192,000] [1;31m<err> llss_client: device state HTTP 502[0m
[21:08:15.647] [1;32muart:~$ [m[8D[J[00:25:21.192,000] [1;31m<err> llss: Poll error 502[0m
[21:08:15.648] [1;32muart:~$ [m[8D[J[1;32muart:~$ [m[8D[J[00:25:26.309,000] [1;31m<err> llss_client: device state HTTP 502[0m
[21:08:20.765] [1;32muart:~$ [m[8D[J[00:25:26.309,000] [1;31m<err> llss: Poll error 502[0m
[21:08:20.766] [1;32muart:~$ [m[8D[J[1;32muart:~$ [m[8D[JNETMEM up=1530s pktRX=36/40 pktTX=15/16 bufRX=156/160/m102 bufTX=79/80/m5 sysheap_free=11208 alloc=21380 max=24080
[21:08:25.169] [1;32muart:~$ [m[8D[J[00:25:31.426,000] [1;31m<err> llss_client: device state HTTP 502[0m
[21:08:25.170] [1;32muart:~$ [m[8D[J[00:25:31.426,000] [1;31m<err> llss: Poll error 502[0m
[21:08:25.170] [1;32muart:~$ [m[8D[J[1;32muart:~$ [m[8D[J[00:25:36.545,000] [1;31m<err> llss_client: device state HTTP 502[0m
[21:08:31.001] [1;32muart:~$ [m[8D[J[00:25:36.545,000] [1;31m<err> llss: Poll error 502[0m
[21:08:31.002] [1;32muart:~$ [m[8D[J[1;32muart:~$ [m[8D[J[00:25:51.112,000] [1;31m<err> esp32_wifi: Failed to allocate net buffer[0m
[21:08:45.568] [1;32muart:~$ [m[8D[J[00:25:51.212,000] [1;31m<err> esp32_wifi: Failed to allocate net buffer[0m
[21:08:45.569] [1;32muart:~$ [m[8D[J[00:25:51.312,000] [1;31m<err> esp32_wifi: Failed to allocate net buffer[0m
[21:08:45.570] [1;32muart:~$ [m[8D[J[00:25:51.414,000] [1;31m<err> esp32_wifi: Failed to allocate net buffer[0m
[21:08:45.570] [1;32muart:~$ [m[8D[J[00:25:51.573,000] [1;33m<wrn> llss_client: Cached server address failed (-116) — re-resolving[0m
[21:08:45.571] [1;32muart:~$ [m[8D[J[00:25:51.742,000] [1;31m<err> llss_client: device state HTTP 502[0m
[21:08:45.572] [1;32muart:~$ [m[8D[J[00:25:51.742,000] [1;31m<err> llss: Poll error 502[0m
[21:08:45.573] [1;32muart:~$ [m[8D[J[1;32muart:~$ [m[8D[J[00:25:56.862,000] [1;31m<err> llss_client: device state HTTP 502[0m
[21:08:51.319] [1;32muart:~$ [m[8D[J[00:25:56.862,000] [1;31m<err> llss: Poll error 502[0m
[21:08:51.319] [1;32muart:~$ [m[8D[J[1;32muart:~$ [m[8D[J[00:26:00.396,000] [0m<inf> shtc3: SHTC3: temperature=22.97 C humidity=46.68 %[0m
[21:08:54.853] [1;32muart:~$ [m[8D[JNETMEM up=1560s pktRX=36/40 pktTX=15/16 bufRX=156/160/m102 bufTX=79/80/m5 sysheap_free=11208 alloc=21380 max=24080
[21:08:54.854] [1;32muart:~$ [m[8D[J[1;32muart:~$ [m[8D[J[00:26:01.994,000] [1;31m<err> llss_client: device state HTTP 502[0m
[21:08:56.450] [1;32muart:~$ [m[8D[J[00:26:01.994,000] [1;31m<err> llss: Poll error 502[0m
[21:08:56.450] [1;32muart:~$ [m[8D[J[1;32muart:~$ [m[8D[J[00:26:07.138,000] [1;31m<err> llss_client: device state HTTP 502[0m
[21:09:01.594] [1;32muart:~$ [m[8D[J[00:26:07.138,000] [1;31m<err> llss: Poll error 502[0m
[21:09:01.595] [1;32muart:~$ [m[8D[J[1;32muart:~$ [m[8D[J[00:26:12.265,000] [1;31m<err> llss_client: device state HTTP 502[0m
[21:09:06.721] [1;32muart:~$ [m[8D[J[00:26:12.265,000] [1;31m<err> llss: Poll error 502[0m
[21:09:06.722] [1;32muart:~$ [m[8D[J[1;32muart:~$ [m[8D[J[00:26:17.385,000] [1;31m<err> llss_client: device state HTTP 502[0m
[21:09:11.841] [1;32muart:~$ [m[8D[J[00:26:17.385,000] [1;31m<err> llss: Poll error 502[0m
[21:09:11.842] [1;32muart:~$ [m[8D[J[1;32muart:~$ [m[8D[J[00:26:22.507,000] [1;31m<err> llss_client: device state HTTP 502[0m
[21:09:16.963] [1;32muart:~$ [m[8D[J[00:26:22.507,000] [1;31m<err> llss: Poll error 502[0m
[21:09:16.964] [1;32muart:~$ [m[8D[J[1;32muart:~$ [m[8D[J[00:26:27.623,000] [1;31m<err> llss_client: device state HTTP 502[0m
[21:09:22.079] [1;32muart:~$ [m[8D[J[00:26:27.623,000] [1;31m<err> llss: Poll error 502[0m
[21:09:22.080] [1;32muart:~$ [m[8D[J[1;32muart:~$ [m[8D[JNETMEM up=1590s pktRX=36/40 pktTX=15/16 bufRX=156/160/m102 bufTX=79/80/m5 sysheap_free=11208 alloc=21380 max=24080
[21:09:25.170] [1;32muart:~$ [m[8D[J[1;32muart:~$ [m[8D[J[00:26:32.744,000] [1;31m<err> llss_client: device state HTTP 502[0m
[21:09:27.201] [1;32muart:~$ [m[8D[J[00:26:32.744,000] [1;31m<err> llss: Poll error 502[0m
[21:09:27.201] [1;32muart:~$ [m[8D[J[1;32muart:~$ [m[8D[J[00:26:37.858,000] [1;31m<err> llss_client: device state HTTP 502[0m
[21:09:32.316] [1;32muart:~$ [m[8D[J[00:26:37.858,000] [1;31m<err> llss: Poll error 502[0m
[21:09:32.317] [1;32muart:~$ [m[8D[J[1;32muart:~$ [m[8D[J[00:26:52.884,000] [1;33m<wrn> llss_client: Cached server address failed (-116) — re-resolving[0m
[21:09:47.342] [1;32muart:~$ [m[8D[J[00:26:53.036,000] [1;31m<err> llss_client: device state HTTP 502[0m
[21:09:47.342] [1;32muart:~$ [m[8D[J[00:26:53.036,000] [1;31m<err> llss: Poll error 502[0m
[21:09:47.343] [1;32muart:~$ [m[8D[J[1;32muart:~$ [m[8D[J[00:26:58.166,000] [1;31m<err> llss_client: device state HTTP 502[0m
[21:09:52.623] [1;32muart:~$ [m[8D[J[00:26:58.166,000] [1;31m<err> llss: Poll error 502[0m
[21:09:52.623] [1;32muart:~$ [m[8D[J[1;32muart:~$ [m[8D[J[00:27:00.399,000] [0m<inf> shtc3: SHTC3: temperature=22.92 C humidity=46.15 %[0m
[21:09:54.856] [1;32muart:~$ [m[8D[JNETMEM up=1620s pktRX=36/40 pktTX=15/16 bufRX=156/160/m102 bufTX=79/80/m5 sysheap_free=11208 alloc=21380 max=24080
[21:09:54.857] [1;32muart:~$ [m[8D[J[1;32muart:~$ [m[8D[J[00:27:03.319,000] [1;31m<err> llss_client: device state HTTP 502[0m
[21:09:57.775] [1;32muart:~$ [m[8D[J[00:27:03.319,000] [1;31m<err> llss: Poll error 502[0m
[21:09:57.776] [1;32muart:~$ [m[8D[J[1;32muart:~$ [m[8D[J[00:27:08.654,000] [1;31m<err> llss_client: device state HTTP 502[0m
[21:10:03.111] [1;32muart:~$ [m[8D[J[00:27:08.654,000] [1;31m<err> llss: Poll error 502[0m
[21:10:03.111] [1;32muart:~$ [m[8D[J[1;32muart:~$ [m[8D[J[00:27:13.780,000] [1;31m<err> llss_client: device state HTTP 502[0m
[21:10:08.237] [1;32muart:~$ [m[8D[J[00:27:13.780,000] [1;31m<err> llss: Poll error 502[0m
[21:10:08.237] [1;32muart:~$ [m[8D[J[1;32muart:~$ [m[8D[J[00:27:18.908,000] [1;31m<err> llss_client: device state HTTP 502[0m
[21:10:13.365] [1;32muart:~$ [m[8D[J[00:27:18.908,000] [1;31m<err> llss: Poll error 502[0m
[21:10:13.365] [1;32muart:~$ [m[8D[J[1;32muart:~$ [m[8D[J[00:27:24.055,000] [1;31m<err> llss_client: device state HTTP 502[0m
[21:10:18.512] [1;32muart:~$ [m[8D[J[00:27:24.056,000] [1;31m<err> llss: Poll error 502[0m
[21:10:18.512] [1;32muart:~$ [m[8D[J[00:27:24.056,000] [1;33m<wrn> net_watchdog: Watchdog soft reset (offline 1509s) — session + DNS[0m
[21:10:18.513] [1;32muart:~$ [m[8D[J[1;32muart:~$ [m[8D[J[00:27:29.186,000] [1;31m<err> llss_client: device state HTTP 502[0m
[21:10:23.643] [1;32muart:~$ [m[8D[J[00:27:29.186,000] [1;31m<err> llss: Poll error 502[0m
[21:10:23.644] [1;32muart:~$ [m[8D[J[1;32muart:~$ [m[8D[JNETMEM up=1650s pktRX=36/40 pktTX=15/16 bufRX=156/160/m102 bufTX=79/80/m5 sysheap_free=11208 alloc=21380 max=24080
[21:10:25.170] [1;32muart:~$ [m[8D[J[1;32muart:~$ [m[8D[J[00:27:34.320,000] [1;31m<err> llss_client: device state HTTP 502[0m
[21:10:28.777] [1;32muart:~$ [m[8D[J[00:27:34.320,000] [1;31m<err> llss: Poll error 502[0m
[21:10:28.778] [1;32muart:~$ [m[8D[J[1;32muart:~$ [m[8D[J[00:27:39.476,000] [1;31m<err> llss_client: device state HTTP 502[0m
[21:10:33.933] [1;32muart:~$ [m[8D[J[00:27:39.476,000] [1;31m<err> llss: Poll error 502[0m
[21:10:33.933] [1;32muart:~$ [m[8D[J[1;32muart:~$ [m[8D[J[00:27:44.623,000] [1;31m<err> llss_client: device state HTTP 502[0m
[21:10:39.080] [1;32muart:~$ [m[8D[J[00:27:44.623,000] [1;31m<err> llss: Poll error 502[0m
[21:10:39.080] [1;32muart:~$ [m[8D[J[1;32muart:~$ [m[8D[J[00:27:49.750,000] [1;31m<err> llss_client: device state HTTP 502[0m
[21:10:44.207] [1;32muart:~$ [m[8D[J[00:27:49.750,000] [1;31m<err> llss: Poll error 502[0m
[21:10:44.207] [1;32muart:~$ [m[8D[J[1;32muart:~$ [m[8D[J[00:27:54.883,000] [1;31m<err> llss_client: device state HTTP 502[0m
[21:10:49.339] [1;32muart:~$ [m[8D[J[00:27:54.883,000] [1;31m<err> llss: Poll error 502[0m
[21:10:49.340] [1;32muart:~$ [m[8D[J[1;32muart:~$ [m[8D[J[00:28:00.009,000] [1;31m<err> llss_client: device state HTTP 502[0m
[21:10:54.465] [1;32muart:~$ [m[8D[J[00:28:00.009,000] [1;31m<err> llss: Poll error 502[0m
[21:10:54.466] [1;32muart:~$ [m[8D[J[00:28:00.402,000] [0m<inf> shtc3: SHTC3: temperature=22.98 C humidity=46.68 %[0m
[21:10:54.466] [1;32muart:~$ [m[8D[JNETMEM up=1680s pktRX=36/40 pktTX=15/16 bufRX=156/160/m102 bufTX=79/80/m5 sysheap_free=11208 alloc=21380 max=24080
[21:10:54.468] [1;32muart:~$ [m[8D[J[1;32muart:~$ [m[8D[J[00:28:05.159,000] [1;31m<err> llss_client: device state HTTP 502[0m
[21:10:59.615] [1;32muart:~$ [m[8D[J[00:28:05.159,000] [1;31m<err> llss: Poll error 502[0m
[21:10:59.616] [1;32muart:~$ [m[8D[J[1;32muart:~$ [m[8D[J[00:28:10.301,000] [1;31m<err> llss_client: device state HTTP 502[0m
[21:11:04.758] [1;32muart:~$ [m[8D[J[00:28:10.301,000] [1;31m<err> llss: Poll error 502[0m
[21:11:04.758] [1;32muart:~$ [m[8D[J[1;32muart:~$ [m[8D[J[00:28:15.428,000] [1;31m<err> llss_client: device state HTTP 502[0m
[21:11:09.884] [1;32muart:~$ [m[8D[J[00:28:15.428,000] [1;31m<err> llss: Poll error 502[0m
[21:11:09.885] [1;32muart:~$ [m[8D[J[1;32muart:~$ [m[8D[J[00:28:20.569,000] [1;31m<err> llss_client: device state HTTP 502[0m
[21:11:15.026] [1;32muart:~$ [m[8D[J[00:28:20.569,000] [1;31m<err> llss: Poll error 502[0m
[21:11:15.027] [1;32muart:~$ [m[8D[J[1;32muart:~$ [m[8D[J[00:28:25.703,000] [1;31m<err> llss_client: device state HTTP 502[0m
[21:11:20.159] [1;32muart:~$ [m[8D[J[00:28:25.703,000] [1;31m<err> llss: Poll error 502[0m
[21:11:20.160] [1;32muart:~$ [m[8D[J[1;32muart:~$ [m[8D[JNETMEM up=1710s pktRX=36/40 pktTX=15/16 bufRX=156/160/m102 bufTX=79/80/m5 sysheap_free=11172 alloc=21416 max=24080
[21:11:25.187] [1;32muart:~$ [m[8D[J[00:28:30.837,000] [1;31m<err> llss_client: device state HTTP 502[0m
[21:11:25.187] [1;32muart:~$ [m[8D[J[00:28:30.837,000] [1;31m<err> llss: Poll error 502[0m
[21:11:25.188] [1;32muart:~$ [m[8D[J[1;32muart:~$ [m[8D[J[00:28:36.044,000] [1;31m<err> llss_client: device state HTTP 502[0m
[21:11:30.500] [1;32muart:~$ [m[8D[J[00:28:36.044,000] [1;31m<err> llss: Poll error 502[0m
[21:11:30.501] [1;32muart:~$ [m[8D[J[1;32muart:~$ [m[8D[J[00:28:41.160,000] [1;31m<err> llss_client: device state HTTP 502[0m
[21:11:35.617] [1;32muart:~$ [m[8D[J[00:28:41.160,000] [1;31m<err> llss: Poll error 502[0m
[21:11:35.617] [1;32muart:~$ [m[8D[J[1;32muart:~$ [m[8D[J[00:28:46.273,000] [1;31m<err> llss_client: device state HTTP 502[0m
[21:11:40.729] [1;32muart:~$ [m[8D[J[00:28:46.273,000] [1;31m<err> llss: Poll error 502[0m
[21:11:40.730] [1;32muart:~$ [m[8D[J[1;32muart:~$ [m[8D[J[00:28:51.396,000] [1;31m<err> llss_client: device state HTTP 502[0m
[21:11:45.853] [1;32muart:~$ [m[8D[J[00:28:51.396,000] [1;31m<err> llss: Poll error 502[0m
[21:11:45.854] [1;32muart:~$ [m[8D[J[1;32muart:~$ [m[8D[J[00:28:56.504,000] [1;31m<err> llss_client: device state HTTP 502[0m
[21:11:50.960] [1;32muart:~$ [m[8D[J[00:28:56.504,000] [1;31m<err> llss: Poll error 502[0m
[21:11:50.961] [1;32muart:~$ [m[8D[J[1;32muart:~$ [m[8D[J[00:29:00.405,000] [0m<inf> shtc3: SHTC3: temperature=22.92 C humidity=45.90 %[0m
[21:11:54.862] [1;32muart:~$ [m[8D[JNETMEM up=1740s pktRX=36/40 pktTX=15/16 bufRX=156/160/m102 bufTX=79/80/m5 sysheap_free=11208 alloc=21380 max=24080
[21:11:54.863] [1;32muart:~$ [m[8D[J[1;32muart:~$ [m[8D[J[00:29:01.636,000] [1;31m<err> llss_client: device state HTTP 502[0m
[21:11:56.093] [1;32muart:~$ [m[8D[J[00:29:01.636,000] [1;31m<err> llss: Poll error 502[0m
[21:11:56.093] [1;32muart:~$ [m[8D[J[1;32muart:~$ [m[8D[J[00:29:06.753,000] [1;31m<err> llss_client: device state HTTP 502[0m
[21:12:01.210] [1;32muart:~$ [m[8D[J[00:29:06.753,000] [1;31m<err> llss: Poll error 502[0m
[21:12:01.211] [1;32muart:~$ [m[8D[J[1;32muart:~$ [m[8D[J[00:29:11.877,000] [1;31m<err> llss_client: device state HTTP 502[0m
[21:12:06.334] [1;32muart:~$ [m[8D[J[00:29:11.877,000] [1;31m<err> llss: Poll error 502[0m
[21:12:06.334] [1;32muart:~$ [m[8D[J[1;32muart:~$ [m[8D[J[00:29:16.997,000] [1;31m<err> llss_client: device state HTTP 502[0m
[21:12:11.454] [1;32muart:~$ [m[8D[J[00:29:16.997,000] [1;31m<err> llss: Poll error 502[0m
[21:12:11.454] [1;32muart:~$ [m[8D[J[1;32muart:~$ [m[8D[J[00:29:22.116,000] [1;31m<err> llss_client: device state HTTP 502[0m
[21:12:16.573] [1;32muart:~$ [m[8D[J[00:29:22.116,000] [1;31m<err> llss: Poll error 502[0m
[21:12:16.573] [1;32muart:~$ [m[8D[J[1;32muart:~$ [m[8D[J[00:29:27.248,000] [1;31m<err> llss_client: device state HTTP 502[0m
[21:12:21.705] [1;32muart:~$ [m[8D[J[00:29:27.248,000] [1;31m<err> llss: Poll error 502[0m
[21:12:21.705] [1;32muart:~$ [m[8D[J[1;32muart:~$ [m[8D[JNETMEM up=1770s pktRX=36/40 pktTX=15/16 bufRX=156/160/m102 bufTX=79/80/m5 sysheap_free=11208 alloc=21380 max=24080
[21:12:25.187] [1;32muart:~$ [m[8D[J[1;32muart:~$ [m[8D[J[00:29:32.369,000] [1;31m<err> llss_client: device state HTTP 502[0m
[21:12:26.826] [1;32muart:~$ [m[8D[J[00:29:32.369,000] [1;31m<err> llss: Poll error 502[0m
[21:12:26.826] [1;32muart:~$ [m[8D[J[1;32muart:~$ [m[8D[J[00:29:37.481,000] [1;31m<err> llss_client: device state HTTP 502[0m
[21:12:31.938] [1;32muart:~$ [m[8D[J[00:29:37.483,000] [1;31m<err> llss: Poll error 502[0m
[21:12:31.939] [1;32muart:~$ [m[8D[J[1;32muart:~$ [m[8D[J[00:29:42.645,000] [1;31m<err> llss_client: device state HTTP 502[0m
[21:12:37.102] [1;32muart:~$ [m[8D[J[00:29:42.645,000] [1;31m<err> llss: Poll error 502[0m
[21:12:37.102] [1;32muart:~$ [m[8D[J[1;32muart:~$ [m[8D[J[00:29:47.755,000] [1;31m<err> llss_client: device state HTTP 502[0m
[21:12:42.212] [1;32muart:~$ [m[8D[J[00:29:47.755,000] [1;31m<err> llss: Poll error 502[0m
[21:12:42.213] [1;32muart:~$ [m[8D[J[1;32muart:~$ [m[8D[J[00:29:52.864,000] [1;31m<err> llss_client: device state HTTP 502[0m
[21:12:47.321] [1;32muart:~$ [m[8D[J[00:29:52.864,000] [1;31m<err> llss: Poll error 502[0m
[21:12:47.322] [1;32muart:~$ [m[8D[J[1;32muart:~$ [m[8D[J[00:29:57.973,000] [1;31m<err> llss_client: device state HTTP 502[0m
[21:12:52.429] [1;32muart:~$ [m[8D[J[00:29:57.973,000] [1;31m<err> llss: Poll error 502[0m
[21:12:52.430] [1;32muart:~$ [m[8D[J[1;32muart:~$ [m[8D[JThread analyze:
[21:12:53.707] [1;32muart:~$ [m[8D[J wdt_sentinel_tid    : STACK: unused 432 usage 336 / 768 (43 %); CPU: 0 %
[21:12:53.708] [1;32muart:~$ [m[8D[J                     : Total CPU cycles used: 13331750
[21:12:53.709] [1;32muart:~$ [m[8D[J thread_analyzer     : STACK: unused 80 usage 944 / 1024 (92 %); CPU: 0 %
[21:12:53.710] [1;32muart:~$ [m[8D[J                     : Total CPU cycles used: 4200308
[21:12:53.710] [1;32muart:~$ [m[8D[J sys_wdt_tid         : STACK: unused 704 usage 320 / 1024 (31 %); CPU: 0 %
[21:12:53.711] [1;32muart:~$ [m[8D[J                     : Total CPU cycles used: 2679738
[21:12:53.712] [1;32muart:~$ [m[8D[J shtc3_thread        : STACK: unused 1360 usage 688 / 2048 (33 %); CPU: 0 %
[21:12:53.713] [1;32muart:~$ [m[8D[J                     : Total CPU cycles used: 2163142
[21:12:53.713] [1;32muart:~$ [m[8D[J ntp_thread          : STACK: unused 2464 usage 1632 / 4096 (39 %); CPU: 0 %
[21:12:53.714] [1;32muart:~$ [m[8D[J                     : Total CPU cycles used: 1936297
[21:12:53.715] [1;32muart:~$ [m[8D[J netmem_tid          : STACK: unused 624 usage 656 / 1280 (51 %); CPU: 0 %
[21:12:53.715] [1;32muart:~$ [m[8D[J                     : Total CPU cycles used: 1783696
[21:12:53.716] [1;32muart:~$ [m[8D[J llss_thread         : STACK: unused 11584 usage 4800 / 16384 (29 %); CPU: 1 %
[21:12:53.717] [1;32muart:~$ [m[8D[J                     : Total CPU cycles used: 5993056228
[21:12:53.719] [1;32muart:~$ [m[8D[J input               : STACK: unused 560 usage 464 / 1024 (45 %); CPU: 0 %
[21:12:53.719] [1;32muart:~$ [m[8D[J                     : Total CPU cycles used: 80945
[21:12:53.719] [1;32muart:~$ [m[8D[J display_thread      : STACK: unused 8640 usage 3648 / 12288 (29 %); CPU: 0 %
[21:12:53.720] [1;32muart:~$ [m[8D[J                     : Total CPU cycles used: 541736195
[21:12:53.720] [1;32muart:~$ [m[8D[J device_ui_thread    : STACK: unused 4496 usage 3696 / 8192 (45 %); CPU: 0 %
[21:12:53.721] [1;32muart:~$ [m[8D[J                     : Total CPU cycles used: 2064462888
[21:12:53.722] [1;32muart:~$ [m[8D[J conn_mgr_monitor    : STACK: unused 176 usage 336 / 512 (65 %); CPU: 0 %
[21:12:53.723] [1;32muart:~$ [m[8D[J                     : Total CPU cycles used: 86197
[21:12:53.723] [1;32muart:~$ [m[8D[J net_socket_service  : STACK: unused 3344 usage 752 / 4096 (18 %); CPU: 0 %
[21:12:53.724] [1;32muart:~$ [m[8D[J                     : Total CPU cycles used: 4666736
[21:12:53.725] [1;32muart:~$ [m[8D[J rx_q[0]             : STACK: unused 496 usage 1552 / 2048 (75 %); CPU: 0 %
[21:12:53.725] [1;32muart:~$ [m[8D[J                     : Total CPU cycles used: 1262797468
[21:12:53.726] [1;32muart:~$ [m[8D[J net_mgmt            : STACK: unused 3424 usage 672 / 4096 (16 %); CPU: 0 %
[21:12:53.727] [1;32muart:~$ [m[8D[J                     : Total CPU cycles used: 1050346
[21:12:53.728] [1;32muart:~$ [m[8D[J tcp_work            : STACK: unused 1168 usage 880 / 2048 (42 %); CPU: 0 %
[21:12:53.728] [1;32muart:~$ [m[8D[J                     : Total CPU cycles used: 22922435
[21:12:53.729] [1;32muart:~$ [m[8D[J shell_uart          : STACK: unused 2384 usage 1712 / 4096 (41 %); CPU: 0 %
[21:12:53.730] [1;32muart:~$ [m[8D[J                     : Total CPU cycles used: 91366625
[21:12:53.730] [1;32muart:~$ [m[8D[J wifi                : STACK: unused 1440 usage 2144 / 3584 (59 %); CPU: 1 %
[21:12:53.731] [1;32muart:~$ [m[8D[J                     : Total CPU cycles used: 4564742004
[21:12:53.732] [1;32muart:~$ [m[8D[J sysworkq            : STACK: unused 3232 usage 864 / 4096 (21 %); CPU: 0 %
[21:12:53.733] [1;32muart:~$ [m[8D[J                     : Total CPU cycles used: 41226924
[21:12:53.735] [1;32muart:~$ [m[8D[J esp_timer           : STACK: unused 3536 usage 560 / 4096 (13 %); CPU: 0 %
[21:12:53.735] [1;32muart:~$ [m[8D[J                     : Total CPU cycles used: 181138424
[21:12:53.736] [1;32muart:~$ [m[8D[J logging             : STACK: unused 544 usage 480 / 1024 (46 %); CPU: 0 %
[21:12:53.736] [1;32muart:~$ [m[8D[J                     : Total CPU cycles used: 14450690
[21:12:53.737] [1;32muart:~$ [m[8D[J idle                : STACK: unused 816 usage 208 / 1024 (20 %); CPU: 96 %
[21:12:53.737] [1;32muart:~$ [m[8D[J                     : Total CPU cycles used: 416764977213
[21:12:53.738] [1;32muart:~$ [m[8D[J ISR0                : STACK: unused 1520 usage 528 / 2048 (25 %); CPU: 0 %
[21:12:53.738] [1;32muart:~$ [m[8D[J                     : Total CPU cycles used: 0
[21:12:53.739] [1;32muart:~$ [m[8D[J[1;32muart:~$ [m[8D[J[1;32muart:~$ [m[8D[J[00:30:00.408,000] [0m<inf> shtc3: SHTC3: temperature=22.73 C humidity=46.29 %[0m
[21:12:54.865] [1;32muart:~$ [m[8D[JNETMEM up=1800s pktRX=36/40 pktTX=15/16 bufRX=156/160/m102 bufTX=79/80/m5 sysheap_free=11208 alloc=21380 max=24080
[21:12:54.866] [1;32muart:~$ [m[8D[J[1;32muart:~$ [m[8D[J[00:30:13.001,000] [1;33m<wrn> llss_client: Cached server address failed (-116) — re-resolving[0m
[21:13:07.458] [1;32muart:~$ [m[8D[J[00:30:13.125,000] [1;31m<err> llss_client: device state HTTP 502[0m
[21:13:07.459] [1;32muart:~$ [m[8D[J[00:30:13.125,000] [1;31m<err> llss: Poll error 502[0m
[21:13:07.459] [1;32muart:~$ [m[8D[J[1;32muart:~$ [m[8D[J[00:30:18.232,000] [1;31m<err> llss_client: device state HTTP 502[0m
[21:13:12.689] [1;32muart:~$ [m[8D[J[00:30:18.232,000] [1;31m<err> llss: Poll error 502[0m
[21:13:12.690] [1;32muart:~$ [m[8D[J[1;32muart:~$ [m[8D[J[00:30:23.372,000] [1;31m<err> llss_client: device state HTTP 502[0m
[21:13:17.829] [1;32muart:~$ [m[8D[J[00:30:23.372,000] [1;31m<err> llss: Poll error 502[0m
[21:13:17.830] [1;32muart:~$ [m[8D[J[1;32muart:~$ [m[8D[J[00:30:28.491,000] [1;31m<err> llss_client: device state HTTP 502[0m
[21:13:22.948] [1;32muart:~$ [m[8D[J[00:30:28.491,000] [1;31m<err> llss: Poll error 502[0m
[21:13:22.949] [1;32muart:~$ [m[8D[J[1;32muart:~$ [m[8D[JNETMEM up=1830s pktRX=36/40 pktTX=15/16 bufRX=156/160/m102 bufTX=79/80/m5 sysheap_free=11208 alloc=21380 max=24080
[21:13:25.188] [1;32muart:~$ [m[8D[J[1;32muart:~$ [m[8D[J[00:30:33.589,000] [1;31m<err> llss_client: device state HTTP 502[0m
[21:13:28.046] [1;32muart:~$ [m[8D[J[00:30:33.589,000] [1;31m<err> llss: Poll error 502[0m
[21:13:28.046] [1;32muart:~$ [m[8D[J[1;32muart:~$ [m[8D[J[00:30:38.691,000] [1;31m<err> llss_client: device state HTTP 502[0m
[21:13:33.148] [1;32muart:~$ [m[8D[J[00:30:38.691,000] [1;31m<err> llss: Poll error 502[0m
[21:13:33.150] [1;32muart:~$ [m[8D[J[1;32muart:~$ [m[8D[J[00:30:43.810,000] [1;31m<err> llss_client: device state HTTP 502[0m
[21:13:38.268] [1;32muart:~$ [m[8D[J[00:30:43.810,000] [1;31m<err> llss: Poll error 502[0m
[21:13:38.268] [1;32muart:~$ [m[8D[J[1;32muart:~$ [m[8D[J[00:30:48.918,000] [1;31m<err> llss_client: device state HTTP 502[0m
[21:13:43.375] [1;32muart:~$ [m[8D[J[00:30:48.918,000] [1;31m<err> llss: Poll error 502[0m
[21:13:43.376] [1;32muart:~$ [m[8D[J[1;32muart:~$ [m[8D[J[00:30:54.040,000] [1;31m<err> llss_client: device state HTTP 502[0m
[21:13:48.498] [1;32muart:~$ [m[8D[J[00:30:54.040,000] [1;31m<err> llss: Poll error 502[0m
[21:13:48.499] [1;32muart:~$ [m[8D[J[1;32muart:~$ [m[8D[J[00:30:59.166,000] [1;31m<err> llss_client: device state HTTP 502[0m
[21:13:53.624] [1;32muart:~$ [m[8D[J[00:30:59.166,000] [1;31m<err> llss: Poll error 502[0m
[21:13:53.624] [1;32muart:~$ [m[8D[J[1;32muart:~$ [m[8D[J[00:31:00.411,000] [0m<inf> shtc3: SHTC3: temperature=23.04 C humidity=48.07 %[0m
[21:13:54.869] [1;32muart:~$ [m[8D[JNETMEM up=1860s pktRX=36/40 pktTX=15/16 bufRX=156/160/m102 bufTX=79/80/m5 sysheap_free=11208 alloc=21380 max=24080
[21:13:54.870] [1;32muart:~$ [m[8D[J[1;32muart:~$ [m[8D[J[00:31:04.278,000] [1;31m<err> llss_client: device state HTTP 502[0m
[21:13:58.735] [1;32muart:~$ [m[8D[J[00:31:04.278,000] [1;31m<err> llss: Poll error 502[0m
[21:13:58.735] [1;32muart:~$ [m[8D[J[1;32muart:~$ [m[8D[J[00:31:09.397,000] [1;31m<err> llss_client: device state HTTP 502[0m
[21:14:03.854] [1;32muart:~$ [m[8D[J[00:31:09.397,000] [1;31m<err> llss: Poll error 502[0m
[21:14:03.855] [1;32muart:~$ [m[8D[J[1;32muart:~$ [m[8D[J[00:31:14.502,000] [1;31m<err> llss_client: device state HTTP 502[0m
[21:14:08.960] [1;32muart:~$ [m[8D[J[00:31:14.502,000] [1;31m<err> llss: Poll error 502[0m
[21:14:08.960] [1;32muart:~$ [m[8D[J[1;32muart:~$ [m[8D[J[00:31:19.622,000] [1;31m<err> llss_client: device state HTTP 502[0m
[21:14:14.079] [1;32muart:~$ [m[8D[J[00:31:19.622,000] [1;31m<err> llss: Poll error 502[0m
[21:14:14.080] [1;32muart:~$ [m[8D[J[1;32muart:~$ [m[8D[J[00:31:24.737,000] [1;31m<err> llss_client: device state HTTP 502[0m
[21:14:19.195] [1;32muart:~$ [m[8D[J[00:31:24.737,000] [1;31m<err> llss: Poll error 502[0m
[21:14:19.195] [1;32muart:~$ [m[8D[J[1;32muart:~$ [m[8D[J[00:31:29.878,000] [1;31m<err> llss_client: device state HTTP 502[0m
[21:14:24.335] [1;32muart:~$ [m[8D[J[00:31:29.878,000] [1;31m<err> llss: Poll error 502[0m
[21:14:24.336] [1;32muart:~$ [m[8D[JNETMEM up=1890s pktRX=35/40 pktTX=15/16 bufRX=155/160/m102 bufTX=79/80/m5 sysheap_free=11208 alloc=21380 max=24080
[21:14:24.337] [1;32muart:~$ [m[8D[J[1;32muart:~$ [m[8D[J[00:31:34.995,000] [1;31m<err> llss_client: device state HTTP 502[0m
[21:14:29.452] [1;32muart:~$ [m[8D[J[00:31:34.995,000] [1;31m<err> llss: Poll error 502[0m
[21:14:29.453] [1;32muart:~$ [m[8D[J[1;32muart:~$ [m[8D[J[00:31:40.118,000] [1;31m<err> llss_client: device state HTTP 502[0m
[21:14:34.576] [1;32muart:~$ [m[8D[J[00:31:40.118,000] [1;31m<err> llss: Poll error 502[0m
[21:14:34.576] [1;32muart:~$ [m[8D[J[1;32muart:~$ [m[8D[J[00:31:45.231,000] [1;31m<err> llss_client: device state HTTP 502[0m
[21:14:39.688] [1;32muart:~$ [m[8D[J[00:31:45.231,000] [1;31m<err> llss: Poll error 502[0m
[21:14:39.689] [1;32muart:~$ [m[8D[J[1;32muart:~$ [m[8D[J[00:31:50.337,000] [1;31m<err> llss_client: device state HTTP 502[0m
[21:14:44.795] [1;32muart:~$ [m[8D[J[00:31:50.337,000] [1;31m<err> llss: Poll error 502[0m
[21:14:44.795] [1;32muart:~$ [m[8D[J[1;32muart:~$ [m[8D[J[00:31:55.456,000] [1;31m<err> llss_client: device state HTTP 502[0m
[21:14:49.914] [1;32muart:~$ [m[8D[J[00:31:55.457,000] [1;31m<err> llss: Poll error 502[0m
[21:14:49.914] [1;32muart:~$ [m[8D[J[1;32muart:~$ [m[8D[J[00:32:00.415,000] [0m<inf> shtc3: SHTC3: temperature=22.97 C humidity=45.46 %[0m
[21:14:54.873] [1;32muart:~$ [m[8D[J[00:32:00.585,000] [1;31m<err> llss_client: device state HTTP 502[0m
[21:14:54.873] [1;32muart:~$ [m[8D[J[00:32:00.585,000] [1;31m<err> llss: Poll error 502[0m
[21:14:54.874] [1;32muart:~$ [m[8D[JNETMEM up=1920s pktRX=35/40 pktTX=15/16 bufRX=155/160/m102 bufTX=79/80/m5 sysheap_free=11208 alloc=21380 max=24080
[21:14:54.875] [1;32muart:~$ [m[8D[J[1;32muart:~$ [m[8D[J[00:32:05.693,000] [1;31m<err> llss_client: device state HTTP 502[0m
[21:15:00.151] [1;32muart:~$ [m[8D[J[00:32:05.693,000] [1;31m<err> llss: Poll error 502[0m
[21:15:00.152] [1;32muart:~$ [m[8D[J[1;32muart:~$ [m[8D[J[00:32:10.822,000] [1;31m<err> llss_client: device state HTTP 502[0m
[21:15:05.280] [1;32muart:~$ [m[8D[J[00:32:10.822,000] [1;31m<err> llss: Poll error 502[0m
[21:15:05.281] [1;32muart:~$ [m[8D[J[1;32muart:~$ [m[8D[J[00:32:15.941,000] [1;31m<err> llss_client: device state HTTP 502[0m
[21:15:10.399] [1;32muart:~$ [m[8D[J[00:32:15.941,000] [1;31m<err> llss: Poll error 502[0m
[21:15:10.399] [1;32muart:~$ [m[8D[J[1;32muart:~$ [m[8D[J[00:32:21.061,000] [1;31m<err> llss_client: device state HTTP 502[0m
[21:15:15.519] [1;32muart:~$ [m[8D[J[00:32:21.061,000] [1;31m<err> llss: Poll error 502[0m
[21:15:15.520] [1;32muart:~$ [m[8D[J[1;32muart:~$ [m[8D[J[00:32:26.175,000] [1;31m<err> llss_client: device state HTTP 502[0m
[21:15:20.633] [1;32muart:~$ [m[8D[J[00:32:26.175,000] [1;31m<err> llss: Poll error 502[0m
[21:15:20.633] [1;32muart:~$ [m[8D[J[1;32muart:~$ [m[8D[JNETMEM up=1950s pktRX=35/40 pktTX=15/16 bufRX=155/160/m102 bufTX=79/80/m5 sysheap_free=11208 alloc=21380 max=24080
[21:15:25.189] [1;32muart:~$ [m[8D[J[1;32muart:~$ [m[8D[J[00:32:41.204,000] [1;33m<wrn> llss_client: Cached server address failed (-116) — re-resolving[0m
[21:15:35.663] [1;32muart:~$ [m[8D[J[00:32:41.332,000] [1;31m<err> llss_client: device state HTTP 502[0m
[21:15:35.663] [1;32muart:~$ [m[8D[J[00:32:41.332,000] [1;31m<err> llss: Poll error 502[0m
[21:15:35.664] [1;32muart:~$ [m[8D[J[1;32muart:~$ [m[8D[J[00:32:46.433,000] [1;31m<err> llss_client: device state HTTP 502[0m
[21:15:40.891] [1;32muart:~$ [m[8D[J[00:32:46.433,000] [1;31m<err> llss: Poll error 502[0m
[21:15:40.892] [1;32muart:~$ [m[8D[J[1;32muart:~$ [m[8D[J[00:32:51.571,000] [1;31m<err> llss_client: device state HTTP 502[0m
[21:15:46.029] [1;32muart:~$ [m[8D[J[00:32:51.571,000] [1;31m<err> llss: Poll error 502[0m
[21:15:46.030] [1;32muart:~$ [m[8D[J[1;32muart:~$ [m[8D[J[00:32:56.705,000] [1;31m<err> llss_client: device state HTTP 502[0m
[21:15:51.163] [1;32muart:~$ [m[8D[J[00:32:56.705,000] [1;31m<err> llss: Poll error 502[0m
[21:15:51.163] [1;32muart:~$ [m[8D[J[1;32muart:~$ [m[8D[J[00:33:00.418,000] [0m<inf> shtc3: SHTC3: temperature=22.98 C humidity=44.78 %[0m
[21:15:54.876] [1;32muart:~$ [m[8D[JNETMEM up=1980s pktRX=35/40 pktTX=15/16 bufRX=155/160/m102 bufTX=79/80/m5 sysheap_free=11208 alloc=21380 max=24080
[21:15:54.877] [1;32muart:~$ [m[8D[J[1;32muart:~$ [m[8D[J[00:33:01.818,000] [1;31m<err> llss_client: device state HTTP 502[0m
[21:15:56.276] [1;32muart:~$ [m[8D[J[00:33:01.818,000] [1;31m<err> llss: Poll error 502[0m
[21:15:56.276] [1;32muart:~$ [m[8D[J[1;32muart:~$ [m[8D[J[00:33:06.940,000] [1;31m<err> llss_client: device state HTTP 502[0m
[21:16:01.397] [1;32muart:~$ [m[8D[J[00:33:06.940,000] [1;31m<err> llss: Poll error 502[0m
[21:16:01.398] [1;32muart:~$ [m[8D[J[1;32muart:~$ [m[8D[J[00:33:12.057,000] [1;31m<err> llss_client: device state HTTP 502[0m
[21:16:06.514] [1;32muart:~$ [m[8D[J[00:33:12.057,000] [1;31m<err> llss: Poll error 502[0m
[21:16:06.515] [1;32muart:~$ [m[8D[J[1;32muart:~$ [m[8D[J[00:33:17.155,000] [1;31m<err> llss_client: device state HTTP 502[0m
[21:16:11.613] [1;32muart:~$ [m[8D[J[00:33:17.155,000] [1;31m<err> llss: Poll error 502[0m
[21:16:11.614] [1;32muart:~$ [m[8D[J[1;32muart:~$ [m[8D[J[00:33:22.263,000] [1;31m<err> llss_client: device state HTTP 502[0m
[21:16:16.721] [1;32muart:~$ [m[8D[J[00:33:22.263,000] [1;31m<err> llss: Poll error 502[0m
[21:16:16.722] [1;32muart:~$ [m[8D[J[1;32muart:~$ [m[8D[J[00:33:27.412,000] [1;31m<err> llss_client: device state HTTP 502[0m
[21:16:21.870] [1;32muart:~$ [m[8D[J[00:33:27.412,000] [1;31m<err> llss: Poll error 502[0m
[21:16:21.871] [1;32muart:~$ [m[8D[J[1;32muart:~$ [m[8D[JNETMEM up=2010s pktRX=35/40 pktTX=15/16 bufRX=155/160/m102 bufTX=79/80/m5 sysheap_free=11208 alloc=21380 max=24080
[21:16:25.189] [1;32muart:~$ [m[8D[J[1;32muart:~$ [m[8D[J[00:33:32.514,000] [1;31m<err> llss_client: device state HTTP 502[0m
[21:16:26.972] [1;32muart:~$ [m[8D[J[00:33:32.514,000] [1;31m<err> llss: Poll error 502[0m
[21:16:26.972] [1;32muart:~$ [m[8D[J[1;32muart:~$ [m[8D[J[00:33:37.618,000] [1;31m<err> llss_client: device state HTTP 502[0m
[21:16:32.076] [1;32muart:~$ [m[8D[J[00:33:37.618,000] [1;31m<err> llss: Poll error 502[0m
[21:16:32.077] [1;32muart:~$ [m[8D[J[1;32muart:~$ [m[8D[J[00:33:42.762,000] [1;31m<err> llss_client: device state HTTP 502[0m
[21:16:37.220] [1;32muart:~$ [m[8D[J[00:33:42.762,000] [1;31m<err> llss: Poll error 502[0m
[21:16:37.221] [1;32muart:~$ [m[8D[J[1;32muart:~$ [m[8D[J[00:33:47.870,000] [1;31m<err> llss_client: device state HTTP 502[0m
[21:16:42.328] [1;32muart:~$ [m[8D[J[00:33:47.870,000] [1;31m<err> llss: Poll error 502[0m
[21:16:42.328] [1;32muart:~$ [m[8D[J[1;32muart:~$ [m[8D[J[00:33:52.985,000] [1;31m<err> llss_client: device state HTTP 502[0m
[21:16:47.443] [1;32muart:~$ [m[8D[J[00:33:52.985,000] [1;31m<err> llss: Poll error 502[0m
[21:16:47.443] [1;32muart:~$ [m[8D[J[1;32muart:~$ [m[8D[J[00:33:58.094,000] [1;31m<err> llss_client: device state HTTP 502[0m
[21:16:52.552] [1;32muart:~$ [m[8D[J[00:33:58.094,000] [1;31m<err> llss: Poll error 502[0m
[21:16:52.552] [1;32muart:~$ [m[8D[J[1;32muart:~$ [m[8D[J[00:34:00.421,000] [0m<inf> shtc3: SHTC3: temperature=23.08 C humidity=46.34 %[0m
[21:16:54.879] [1;32muart:~$ [m[8D[JNETMEM up=2040s pktRX=35/40 pktTX=15/16 bufRX=155/160/m102 bufTX=79/80/m5 sysheap_free=11208 alloc=21380 max=24080
[21:16:54.880] [1;32muart:~$ [m[8D[J[1;32muart:~$ [m[8D[J[00:34:03.209,000] [1;31m<err> llss_client: device state HTTP 502[0m
[21:16:57.667] [1;32muart:~$ [m[8D[J[00:34:03.209,000] [1;31m<err> llss: Poll error 502[0m
[21:16:57.668] [1;32muart:~$ [m[8D[J[1;32muart:~$ [m[8D[J[00:34:08.324,000] [1;31m<err> llss_client: device state HTTP 502[0m
[21:17:02.782] [1;32muart:~$ [m[8D[J[00:34:08.324,000] [1;31m<err> llss: Poll error 502[0m
[21:17:02.783] [1;32muart:~$ [m[8D[J[1;32muart:~$ [m[8D[J[00:34:13.442,000] [1;31m<err> llss_client: device state HTTP 502[0m
[21:17:07.900] [1;32muart:~$ [m[8D[J[00:34:13.442,000] [1;31m<err> llss: Poll error 502[0m
[21:17:07.900] [1;32muart:~$ [m[8D[J[1;32muart:~$ [m[8D[J[00:34:18.558,000] [1;31m<err> llss_client: device state HTTP 502[0m
[21:17:13.016] [1;32muart:~$ [m[8D[J[00:34:18.558,000] [1;31m<err> llss: Poll error 502[0m
[21:17:13.017] [1;32muart:~$ [m[8D[J[1;32muart:~$ [m[8D[J[00:34:23.678,000] [1;31m<err> llss_client: device state HTTP 502[0m
[21:17:18.136] [1;32muart:~$ [m[8D[J[00:34:23.679,000] [1;31m<err> llss: Poll error 502[0m
[21:17:18.137] [1;32muart:~$ [m[8D[J[1;32muart:~$ [m[8D[J[00:34:28.803,000] [1;31m<err> llss_client: device state HTTP 502[0m
[21:17:23.260] [1;32muart:~$ [m[8D[J[00:34:28.803,000] [1;31m<err> llss: Poll error 502[0m
[21:17:23.261] [1;32muart:~$ [m[8D[J[1;32muart:~$ [m[8D[JNETMEM up=2070s pktRX=35/40 pktTX=15/16 bufRX=155/160/m102 bufTX=79/80/m5 sysheap_free=11208 alloc=21380 max=24080
[21:17:25.190] [1;32muart:~$ [m[8D[J[1;32muart:~$ [m[8D[J[00:34:33.984,000] [1;31m<err> llss_client: device state HTTP 502[0m
[21:17:28.442] [1;32muart:~$ [m[8D[J[00:34:33.984,000] [1;31m<err> llss: Poll error 502[0m
[21:17:28.443] [1;32muart:~$ [m[8D[J[1;32muart:~$ [m[8D[J[00:34:39.155,000] [1;31m<err> llss_client: device state HTTP 502[0m
[21:17:33.614] [1;32muart:~$ [m[8D[J[00:34:39.155,000] [1;31m<err> llss: Poll error 502[0m
[21:17:33.614] [1;32muart:~$ [m[8D[J[1;32muart:~$ [m[8D[J[00:34:44.268,000] [1;31m<err> llss_client: device state HTTP 502[0m
[21:17:38.726] [1;32muart:~$ [m[8D[J[00:34:44.268,000] [1;31m<err> llss: Poll error 502[0m
[21:17:38.726] [1;32muart:~$ [m[8D[J[1;32muart:~$ [m[8D[J[00:34:49.395,000] [1;31m<err> llss_client: device state HTTP 502[0m
[21:17:43.853] [1;32muart:~$ [m[8D[J[00:34:49.395,000] [1;31m<err> llss: Poll error 502[0m
[21:17:43.853] [1;32muart:~$ [m[8D[J[1;32muart:~$ [m[8D[J[00:34:54.519,000] [1;31m<err> llss_client: device state HTTP 502[0m
[21:17:48.977] [1;32muart:~$ [m[8D[J[00:34:54.519,000] [1;31m<err> llss: Poll error 502[0m
[21:17:48.978] [1;32muart:~$ [m[8D[J[1;32muart:~$ [m[8D[J[00:34:59.647,000] [1;31m<err> llss_client: device state HTTP 502[0m
[21:17:53.711] [1;32muart:~$ [m[8D[J[00:34:59.647,000] [1;31m<err> llss: Poll error 502[0m
[21:17:53.712] [1;32muart:~$ [m[8D[JThread analyze:
[21:17:53.712] [1;32muart:~$ [m[8D[J wdt_sentinel_tid    : STACK: unused 432 usage 336 / 768 (43 %); CPU: 0 %
[21:17:53.713] [1;32muart:~$ [m[8D[J                     : Total CPU cycles used: 15553183
[21:17:53.713] [1;32muart:~$ [m[8D[J thread_analyzer     : STACK: unused 80 usage 944 / 1024 (92 %); CPU: 0 %
[21:17:53.714] [1;32muart:~$ [m[8D[J                     : Total CPU cycles used: 4842431
[21:17:53.715] [1;32muart:~$ [m[8D[J sys_wdt_tid         : STACK: unused 704 usage 320 / 1024 (31 %); CPU: 0 %
[21:17:53.716] [1;32muart:~$ [m[8D[J                     : Total CPU cycles used: 3162973
[21:17:53.716] [1;32muart:~$ [m[8D[J shtc3_thread        : STACK: unused 1360 usage 688 / 2048 (33 %); CPU: 0 %
[21:17:53.717] [1;32muart:~$ [m[8D[J                     : Total CPU cycles used: 2528371
[21:17:53.718] [1;32muart:~$ [m[8D[J ntp_thread          : STACK: unused 2464 usage 1632 / 4096 (39 %); CPU: 0 %
[21:17:53.718] [1;32muart:~$ [m[8D[J                     : Total CPU cycles used: 1936297
[21:17:53.719] [1;32muart:~$ [m[8D[J netmem_tid          : STACK: unused 624 usage 656 / 1280 (51 %); CPU: 0 %
[21:17:53.720] [1;32muart:~$ [m[8D[J                     : Total CPU cycles used: 2077131
[21:17:53.720] [1;32muart:~$ [m[8D[J llss_thread         : STACK: unused 11584 usage 4800 / 16384 (29 %); CPU: 1 %
[21:17:53.721] [1;32muart:~$ [m[8D[J                     : Total CPU cycles used: 6882181297
[21:17:53.722] [1;32muart:~$ [m[8D[J input               : STACK: unused 560 usage 464 / 1024 (45 %); CPU: 0 %
[21:17:53.723] [1;32muart:~$ [m[8D[J                     : Total CPU cycles used: 80945
[21:17:53.723] [1;32muart:~$ [m[8D[J display_thread      : STACK: unused 8640 usage 3648 / 12288 (29 %); CPU: 0 %
[21:17:53.724] [1;32muart:~$ [m[8D[J                     : Total CPU cycles used: 541736195
[21:17:53.725] [1;32muart:~$ [m[8D[J device_ui_thread    : STACK: unused 4496 usage 3696 / 8192 (45 %); CPU: 0 %
[21:17:53.726] [1;32muart:~$ [m[8D[J                     : Total CPU cycles used: 2638146521
[21:17:53.726] [1;32muart:~$ [m[8D[J conn_mgr_monitor    : STACK: unused 176 usage 336 / 512 (65 %); CPU: 0 %
[21:17:53.727] [1;32muart:~$ [m[8D[J                     : Total CPU cycles used: 86197
[21:17:53.728] [1;32muart:~$ [m[8D[J net_socket_service  : STACK: unused 3344 usage 752 / 4096 (18 %); CPU: 0 %
[21:17:53.728] [1;32muart:~$ [m[8D[J                     : Total CPU cycles used: 5408374
[21:17:53.729] [1;32muart:~$ [m[8D[J rx_q[0]             : STACK: unused 496 usage 1552 / 2048 (75 %); CPU: 0 %
[21:17:53.730] [1;32muart:~$ [m[8D[J                     : Total CPU cycles used: 1463284207
[21:17:53.730] [1;32muart:~$ [m[8D[J net_mgmt            : STACK: unused 3424 usage 672 / 4096 (16 %); CPU: 0 %
[21:17:53.731] [1;32muart:~$ [m[8D[J                     : Total CPU cycles used: 1197700
[21:17:53.732] [1;32muart:~$ [m[8D[J tcp_work            : STACK: unused 1168 usage 880 / 2048 (42 %); CPU: 0 %
[21:17:53.733] [1;32muart:~$ [m[8D[J                     : Total CPU cycles used: 28906644
[21:17:53.733] [1;32muart:~$ [m[8D[J shell_uart          : STACK: unused 2384 usage 1712 / 4096 (41 %); CPU: 0 %
[21:17:53.734] [1;32muart:~$ [m[8D[J                     : Total CPU cycles used: 105045086
[21:17:53.735] [1;32muart:~$ [m[8D[J wifi                : STACK: unused 1440 usage 2144 / 3584 (59 %); CPU: 1 %
[21:17:53.737] [1;32muart:~$ [m[8D[J                     : Total CPU cycles used: 5283515054
[21:17:53.737] [1;32muart:~$ [m[8D[J sysworkq            : STACK: unused 3232 usage 864 / 4096 (21 %); CPU: 0 %
[21:17:53.738] [1;32muart:~$ [m[8D[J                     : Total CPU cycles used: 47998378
[21:17:53.739] [1;32muart:~$ [m[8D[J esp_timer           : STACK: unused 3536 usage 560 / 4096 (13 %); CPU: 0 %
[21:17:53.740] [1;32muart:~$ [m[8D[J                     : Total CPU cycles used: 210944613
[21:17:53.741] [1;32muart:~$ [m[8D[J logging             : STACK: unused 544 usage 480 / 1024 (46 %); CPU: 0 %
[21:17:53.742] [1;32muart:~$ [m[8D[J                     : Total CPU cycles used: 16899811
[21:17:53.742] [1;32muart:~$ [m[8D[J idle                : STACK: unused 816 usage 208 / 1024 (20 %); CPU: 96 %
[21:17:53.743] [1;32muart:~$ [m[8D[J                     : Total CPU cycles used: 486296740780
[21:17:53.744] [1;32muart:~$ [m[8D[J ISR0                : STACK: unused 1520 usage 528 / 2048 (25 %); CPU: 0 %
[21:17:53.744] [1;32muart:~$ [m[8D[J                     : Total CPU cycles used: 0
[21:17:53.745] [1;32muart:~$ [m[8D[J[1;32muart:~$ [m[8D[J[1;32muart:~$ [m[8D[J[00:35:00.424,000] [0m<inf> shtc3: SHTC3: temperature=23.19 C humidity=46.27 %[0m
[21:17:54.882] [1;32muart:~$ [m[8D[JNETMEM up=2100s pktRX=35/40 pktTX=15/16 bufRX=155/160/m102 bufTX=79/80/m5 sysheap_free=11208 alloc=21380 max=24080
[21:17:54.883] [1;32muart:~$ [m[8D[J[1;32muart:~$ [m[8D[J[00:35:04.761,000] [1;31m<err> llss_client: device state HTTP 502[0m
[21:17:59.219] [1;32muart:~$ [m[8D[J[00:35:04.761,000] [1;31m<err> llss: Poll error 502[0m
[21:17:59.219] [1;32muart:~$ [m[8D[J[1;32muart:~$ [m[8D[J[00:35:09.887,000] [1;31m<err> llss_client: device state HTTP 502[0m
[21:18:04.346] [1;32muart:~$ [m[8D[J[00:35:09.888,000] [1;31m<err> llss: Poll error 502[0m
[21:18:04.346] [1;32muart:~$ [m[8D[J[1;32muart:~$ [m[8D[J[00:35:15.003,000] [1;31m<err> llss_client: device state HTTP 502[0m
[21:18:09.461] [1;32muart:~$ [m[8D[J[00:35:15.003,000] [1;31m<err> llss: Poll error 502[0m
[21:18:09.462] [1;32muart:~$ [m[8D[J[1;32muart:~$ [m[8D[J[00:35:20.128,000] [1;31m<err> llss_client: device state HTTP 502[0m
[21:18:14.586] [1;32muart:~$ [m[8D[J[00:35:20.128,000] [1;31m<err> llss: Poll error 502[0m
[21:18:14.592] [1;32muart:~$ [m[8D[J[1;32muart:~$ [m[8D[J[00:35:25.247,000] [1;31m<err> llss_client: device state HTTP 502[0m
[21:18:19.706] [1;32muart:~$ [m[8D[J[00:35:25.247,000] [1;31m<err> llss: Poll error 502[0m
[21:18:19.706] [1;32muart:~$ [m[8D[J[1;32muart:~$ [m[8D[J[00:35:30.365,000] [1;31m<err> llss_client: device state HTTP 502[0m
[21:18:24.823] [1;32muart:~$ [m[8D[J[00:35:30.365,000] [1;31m<err> llss: Poll error 502[0m
[21:18:24.823] [1;32muart:~$ [m[8D[JNETMEM up=2130s pktRX=35/40 pktTX=15/16 bufRX=155/160/m102 bufTX=79/80/m5 sysheap_free=11208 alloc=21380 max=24080
[21:18:24.824] [1;32muart:~$ [m[8D[J[1;32muart:~$ [m[8D[J[00:35:35.490,000] [1;31m<err> llss_client: device state HTTP 502[0m
[21:18:29.948] [1;32muart:~$ [m[8D[J[00:35:35.490,000] [1;31m<err> llss: Poll error 502[0m
[21:18:29.949] [1;32muart:~$ [m[8D[J[1;32muart:~$ [m[8D[J[00:35:40.617,000] [1;31m<err> llss_client: device state HTTP 502[0m
[21:18:35.076] [1;32muart:~$ [m[8D[J[00:35:40.617,000] [1;31m<err> llss: Poll error 502[0m
[21:18:35.076] [1;32muart:~$ [m[8D[J[1;32muart:~$ [m[8D[J[00:35:45.742,000] [1;31m<err> llss_client: device state HTTP 502[0m
[21:18:40.200] [1;32muart:~$ [m[8D[J[00:35:45.742,000] [1;31m<err> llss: Poll error 502[0m
[21:18:40.201] [1;32muart:~$ [m[8D[J[1;32muart:~$ [m[8D[J[00:35:50.883,000] [1;31m<err> llss_client: device state HTTP 502[0m
[21:18:45.341] [1;32muart:~$ [m[8D[J[00:35:50.883,000] [1;31m<err> llss: Poll error 502[0m
[21:18:45.342] [1;32muart:~$ [m[8D[J[1;32muart:~$ [m[8D[J[00:35:56.022,000] [1;31m<err> llss_client: device state HTTP 502[0m
[21:18:50.481] [1;32muart:~$ [m[8D[J[00:35:56.022,000] [1;31m<err> llss: Poll error 502[0m
[21:18:50.481] [1;32muart:~$ [m[8D[J[1;32muart:~$ [m[8D[J[00:36:00.427,000] [0m<inf> shtc3: SHTC3: temperature=23.60 C humidity=43.41 %[0m
[21:18:54.885] [1;32muart:~$ [m[8D[JNETMEM up=2160s pktRX=35/40 pktTX=15/16 bufRX=155/160/m102 bufTX=79/80/m5 sysheap_free=11208 alloc=21380 max=24080
[21:18:54.886] [1;32muart:~$ [m[8D[J[00:36:01.154,000] [1;31m<err> llss_client: device state HTTP 502[0m
[21:18:54.887] [1;32muart:~$ [m[8D[J[00:36:01.154,000] [1;31m<err> llss: Poll error 502[0m
[21:18:54.888] [1;32muart:~$ [m[8D[J[1;32muart:~$ [m[8D[J[00:36:06.297,000] [1;31m<err> llss_client: device state HTTP 502[0m
[21:19:00.755] [1;32muart:~$ [m[8D[J[00:36:06.297,000] [1;31m<err> llss: Poll error 502[0m
[21:19:00.755] [1;32muart:~$ [m[8D[J[1;32muart:~$ [m[8D[J[00:36:11.430,000] [1;31m<err> llss_client: device state HTTP 502[0m
[21:19:05.889] [1;32muart:~$ [m[8D[J[00:36:11.430,000] [1;31m<err> llss: Poll error 502[0m
[21:19:05.889] [1;32muart:~$ [m[8D[J[1;32muart:~$ [m[8D[J[00:36:16.562,000] [1;31m<err> llss_client: device state HTTP 502[0m
[21:19:11.021] [1;32muart:~$ [m[8D[J[00:36:16.563,000] [1;31m<err> llss: Poll error 502[0m
[21:19:11.022] [1;32muart:~$ [m[8D[J[1;32muart:~$ [m[8D[J[00:36:21.706,000] [1;31m<err> llss_client: device state HTTP 502[0m
[21:19:16.164] [1;32muart:~$ [m[8D[J[00:36:21.706,000] [1;31m<err> llss: Poll error 502[0m
[21:19:16.165] [1;32muart:~$ [m[8D[J[1;32muart:~$ [m[8D[J[00:36:26.878,000] [1;31m<err> llss_client: device state HTTP 502[0m
[21:19:21.336] [1;32muart:~$ [m[8D[J[00:36:26.878,000] [1;31m<err> llss: Poll error 502[0m
[21:19:21.337] [1;32muart:~$ [m[8D[J[1;32muart:~$ [m[8D[JNETMEM up=2190s pktRX=35/40 pktTX=15/16 bufRX=155/160/m102 bufTX=79/80/m5 sysheap_free=11208 alloc=21380 max=24080
[21:19:25.191] [1;32muart:~$ [m[8D[J[1;32muart:~$ [m[8D[J[00:36:32.008,000] [1;31m<err> llss_client: device state HTTP 502[0m
[21:19:26.466] [1;32muart:~$ [m[8D[J[00:36:32.008,000] [1;31m<err> llss: Poll error 502[0m
[21:19:26.467] [1;32muart:~$ [m[8D[J[1;32muart:~$ [m[8D[J[00:36:37.146,000] [1;31m<err> llss_client: device state HTTP 502[0m
[21:19:31.604] [1;32muart:~$ [m[8D[J[00:36:37.146,000] [1;31m<err> llss: Poll error 502[0m
[21:19:31.605] [1;32muart:~$ [m[8D[J[1;32muart:~$ [m[8D[J[00:36:42.274,000] [1;31m<err> llss_client: device state HTTP 502[0m
[21:19:36.732] [1;32muart:~$ [m[8D[J[00:36:42.274,000] [1;31m<err> llss: Poll error 502[0m
[21:19:36.733] [1;32muart:~$ [m[8D[J[1;32muart:~$ [m[8D[J[00:36:47.404,000] [1;31m<err> llss_client: device state HTTP 502[0m
[21:19:41.863] [1;32muart:~$ [m[8D[J[00:36:47.404,000] [1;31m<err> llss: Poll error 502[0m
[21:19:41.863] [1;32muart:~$ [m[8D[J[1;32muart:~$ [m[8D[J[00:36:52.540,000] [1;31m<err> llss_client: device state HTTP 502[0m
[21:19:46.999] [1;32muart:~$ [m[8D[J[00:36:52.540,000] [1;31m<err> llss: Poll error 502[0m
[21:19:47.000] [1;32muart:~$ [m[8D[J[1;32muart:~$ [m[8D[J[00:36:57.686,000] [1;31m<err> llss_client: device state HTTP 502[0m
[21:19:52.145] [1;32muart:~$ [m[8D[J[00:36:57.686,000] [1;31m<err> llss: Poll error 502[0m
[21:19:52.146] [1;32muart:~$ [m[8D[J[1;32muart:~$ [m[8D[J[00:37:00.430,000] [0m<inf> shtc3: SHTC3: temperature=23.52 C humidity=43.91 %[0m
[21:19:54.888] [1;32muart:~$ [m[8D[JNETMEM up=2220s pktRX=35/40 pktTX=15/16 bufRX=155/160/m102 bufTX=79/80/m5 sysheap_free=11208 alloc=21380 max=24080
[21:19:54.889] [1;32muart:~$ [m[8D[J[1;32muart:~$ [m[8D[J[00:37:02.880,000] [1;31m<err> llss_client: device state HTTP 502[0m
[21:19:57.339] [1;32muart:~$ [m[8D[J[00:37:02.880,000] [1;31m<err> llss: Poll error 502[0m
[21:19:57.340] [1;32muart:~$ [m[8D[J[1;32muart:~$ [m[8D[J[00:37:08.000,000] [1;31m<err> llss_client: device state HTTP 502[0m
[21:20:02.458] [1;32muart:~$ [m[8D[J[00:37:08.000,000] [1;31m<err> llss: Poll error 502[0m
[21:20:02.459] [1;32muart:~$ [m[8D[J[1;32muart:~$ [m[8D[J[00:37:13.147,000] [1;31m<err> llss_client: device state HTTP 502[0m
[21:20:07.606] [1;32muart:~$ [m[8D[J[00:37:13.147,000] [1;31m<err> llss: Poll error 502[0m
[21:20:07.606] [1;32muart:~$ [m[8D[J[1;32muart:~$ [m[8D[J[00:37:18.243,000] [1;31m<err> llss_client: device state HTTP 502[0m
[21:20:12.702] [1;32muart:~$ [m[8D[J[00:37:18.243,000] [1;31m<err> llss: Poll error 502[0m
[21:20:12.703] [1;32muart:~$ [m[8D[J[1;32muart:~$ [m[8D[J[00:37:23.358,000] [1;31m<err> llss_client: device state HTTP 502[0m
[21:20:17.816] [1;32muart:~$ [m[8D[J[00:37:23.358,000] [1;31m<err> llss: Poll error 502[0m
[21:20:17.817] [1;32muart:~$ [m[8D[J[00:37:23.359,000] [1;31m<err> net_watchdog: WATCHDOG: would reset now (offline 2109s); next would-reset in 2400 s[0m
[21:20:17.818] [1;32muart:~$ [m[8D[J[1;32muart:~$ [m[8D[J[00:37:28.467,000] [1;31m<err> llss_client: device state HTTP 502[0m
[21:20:22.926] [1;32muart:~$ [m[8D[J[00:37:28.467,000] [1;31m<err> llss: Poll error 502[0m
[21:20:22.926] [1;32muart:~$ [m[8D[J[00:37:28.467,000] [1;33m<wrn> net_watchdog: Watchdog soft reset (offline 2114s) — session + DNS[0m
[21:20:22.927] [1;32muart:~$ [m[8D[J[1;32muart:~$ [m[8D[JNETMEM up=2250s pktRX=35/40 pktTX=15/16 bufRX=155/160/m102 bufTX=79/80/m5 sysheap_free=11208 alloc=21380 max=24080
[21:20:25.192] [1;32muart:~$ [m[8D[J[1;32muart:~$ [m[8D[J[00:37:33.597,000] [1;31m<err> llss_client: device state HTTP 502[0m
[21:20:28.055] [1;32muart:~$ [m[8D[J[00:37:33.597,000] [1;31m<err> llss: Poll error 502[0m
[21:20:28.056] [1;32muart:~$ [m[8D[J[1;32muart:~$ [m[8D[J[00:37:38.708,000] [1;31m<err> llss_client: device state HTTP 502[0m
[21:20:33.167] [1;32muart:~$ [m[8D[J[00:37:38.709,000] [1;31m<err> llss: Poll error 502[0m
[21:20:33.168] [1;32muart:~$ [m[8D[J[1;32muart:~$ [m[8D[J[00:37:43.815,000] [1;31m<err> llss_client: device state HTTP 502[0m
[21:20:38.273] [1;32muart:~$ [m[8D[J[00:37:43.815,000] [1;31m<err> llss: Poll error 502[0m
[21:20:38.274] [1;32muart:~$ [m[8D[J[1;32muart:~$ [m[8D[J[00:37:48.917,000] [1;31m<err> llss_client: device state HTTP 502[0m
[21:20:43.376] [1;32muart:~$ [m[8D[J[00:37:48.917,000] [1;31m<err> llss: Poll error 502[0m
[21:20:43.377] [1;32muart:~$ [m[8D[J[1;32muart:~$ [m[8D[J[00:37:54.025,000] [1;31m<err> llss_client: device state HTTP 502[0m
[21:20:48.484] [1;32muart:~$ [m[8D[J[00:37:54.025,000] [1;31m<err> llss: Poll error 502[0m
[21:20:48.484] [1;32muart:~$ [m[8D[J[1;32muart:~$ [m[8D[J[00:37:59.138,000] [1;31m<err> llss_client: device state HTTP 502[0m
[21:20:53.596] [1;32muart:~$ [m[8D[J[00:37:59.138,000] [1;31m<err> llss: Poll error 502[0m
[21:20:53.597] [1;32muart:~$ [m[8D[J[1;32muart:~$ [m[8D[J[00:38:00.433,000] [0m<inf> shtc3: SHTC3: temperature=23.23 C humidity=44.17 %[0m
[21:20:54.892] [1;32muart:~$ [m[8D[JNETMEM up=2280s pktRX=35/40 pktTX=15/16 bufRX=155/160/m102 bufTX=79/80/m5 sysheap_free=11208 alloc=21380 max=24080
[21:20:54.893] [1;32muart:~$ [m[8D[J[1;32muart:~$ [m[8D[J[00:38:04.253,000] [1;31m<err> llss_client: device state HTTP 502[0m
[21:20:58.712] [1;32muart:~$ [m[8D[J[00:38:04.253,000] [1;31m<err> llss: Poll error 502[0m
[21:20:58.712] [1;32muart:~$ [m[8D[J[1;32muart:~$ [m[8D[J[00:38:09.405,000] [1;31m<err> llss_client: device state HTTP 502[0m
[21:21:03.863] [1;32muart:~$ [m[8D[J[00:38:09.405,000] [1;31m<err> llss: Poll error 502[0m
[21:21:03.864] [1;32muart:~$ [m[8D[J[1;32muart:~$ [m[8D[J[00:38:14.510,000] [1;31m<err> llss_client: device state HTTP 502[0m
[21:21:08.969] [1;32muart:~$ [m[8D[J[00:38:14.510,000] [1;31m<err> llss: Poll error 502[0m
[21:21:08.970] [1;32muart:~$ [m[8D[J[1;32muart:~$ [m[8D[J[00:38:19.618,000] [1;31m<err> llss_client: device state HTTP 502[0m
[21:21:14.077] [1;32muart:~$ [m[8D[J[00:38:19.618,000] [1;31m<err> llss: Poll error 502[0m
[21:21:14.078] [1;32muart:~$ [m[8D[J[1;32muart:~$ [m[8D[J[00:38:24.736,000] [1;31m<err> llss_client: device state HTTP 502[0m
[21:21:19.195] [1;32muart:~$ [m[8D[J[00:38:24.736,000] [1;31m<err> llss: Poll error 502[0m
[21:21:19.195] [1;32muart:~$ [m[8D[J[1;32muart:~$ [m[8D[J[00:38:29.845,000] [1;31m<err> llss_client: device state HTTP 502[0m
[21:21:24.304] [1;32muart:~$ [m[8D[J[00:38:29.845,000] [1;31m<err> llss: Poll error 502[0m
[21:21:24.305] [1;32muart:~$ [m[8D[JNETMEM up=2310s pktRX=35/40 pktTX=15/16 bufRX=155/160/m102 bufTX=79/80/m5 sysheap_free=11208 alloc=21380 max=24080
[21:21:24.306] [1;32muart:~$ [m[8D[J[1;32muart:~$ [m[8D[J[00:38:34.958,000] [1;31m<err> llss_client: device state HTTP 502[0m
[21:21:29.416] [1;32muart:~$ [m[8D[J[00:38:34.958,000] [1;31m<err> llss: Poll error 502[0m
[21:21:29.417] [1;32muart:~$ [m[8D[J[1;32muart:~$ [m[8D[J[00:38:40.064,000] [1;31m<err> llss_client: device state HTTP 502[0m
[21:21:34.523] [1;32muart:~$ [m[8D[J[00:38:40.064,000] [1;31m<err> llss: Poll error 502[0m
[21:21:34.524] [1;32muart:~$ [m[8D[J[1;32muart:~$ [m[8D[J[00:38:45.180,000] [1;31m<err> llss_client: device state HTTP 502[0m
[21:21:39.640] [1;32muart:~$ [m[8D[J[00:38:45.180,000] [1;31m<err> llss: Poll error 502[0m
[21:21:39.641] [1;32muart:~$ [m[8D[J[1;32muart:~$ [m[8D[J[00:38:50.294,000] [1;31m<err> llss_client: device state HTTP 502[0m
[21:21:44.754] [1;32muart:~$ [m[8D[J[00:38:50.294,000] [1;31m<err> llss: Poll error 502[0m
[21:21:44.755] [1;32muart:~$ [m[8D[J[1;32muart:~$ [m[8D[J[00:38:55.403,000] [1;31m<err> llss_client: device state HTTP 502[0m
[21:21:49.862] [1;32muart:~$ [m[8D[J[00:38:55.403,000] [1;31m<err> llss: Poll error 502[0m
[21:21:49.862] [1;32muart:~$ [m[8D[J[1;32muart:~$ [m[8D[J[00:39:00.471,000] [0m<inf> shtc3: SHTC3: temperature=23.18 C humidity=44.47 %[0m
[21:21:54.930] [1;32muart:~$ [m[8D[J[00:39:00.505,000] [1;31m<err> llss_client: device state HTTP 502[0m
[21:21:54.930] [1;32muart:~$ [m[8D[J[00:39:00.505,000] [1;31m<err> llss: Poll error 502[0m
[21:21:54.931] [1;32muart:~$ [m[8D[JNETMEM up=2340s pktRX=34/40 pktTX=15/16 bufRX=154/160/m102 bufTX=79/80/m5 sysheap_free=11172 alloc=21416 max=24080
[21:21:54.932] [1;32muart:~$ [m[8D[J[1;32muart:~$ [m[8D[J[00:39:05.607,000] [1;31m<err> llss_client: device state HTTP 502[0m
[21:22:00.066] [1;32muart:~$ [m[8D[J[00:39:05.607,000] [1;31m<err> llss: Poll error 502[0m
[21:22:00.067] [1;32muart:~$ [m[8D[J[1;32muart:~$ [m[8D[J[00:39:10.722,000] [1;31m<err> llss_client: device state HTTP 502[0m
[21:22:05.182] [1;32muart:~$ [m[8D[J[00:39:10.722,000] [1;31m<err> llss: Poll error 502[0m
[21:22:05.182] [1;32muart:~$ [m[8D[J[1;32muart:~$ [m[8D[J[00:39:15.847,000] [1;31m<err> llss_client: device state HTTP 502[0m
[21:22:10.306] [1;32muart:~$ [m[8D[J[00:39:15.847,000] [1;31m<err> llss: Poll error 502[0m
[21:22:10.306] [1;32muart:~$ [m[8D[J[1;32muart:~$ [m[8D[J[00:39:20.958,000] [1;31m<err> llss_client: device state HTTP 502[0m
[21:22:15.417] [1;32muart:~$ [m[8D[J[00:39:20.958,000] [1;31m<err> llss: Poll error 502[0m
[21:22:15.418] [1;32muart:~$ [m[8D[J[1;32muart:~$ [mnet allocs[18D[J[00:39:26.084,000] [1;31m<err> llss_client: device state HTTP 502[0m
[21:22:20.542] [1;32muart:~$ [mnet allocs[18D[J[00:39:26.084,000] [1;31m<err> llss: Poll error 502[0m
[21:22:20.558] [1;32muart:~$ [mnet allocs[18D[J[1;32muart:~$ [mnet allocs
[21:22:20.591] Network memory allocations

[21:22:20.591] memory		Status	Pool	Function alloc -> freed
[21:22:20.591] 0x3c1733f0/1	 used	   RX	eth_esp32_rx():153
[21:22:20.592] 0x3c1735e8/1	 used	   RX	eth_esp32_rx():153
[21:22:20.592] 0x3c173c60/1	 used	   RX	eth_esp32_rx():153
[21:22:20.592] 0x3c173cf0/1	 used	   RX	eth_esp32_rx():153
[21:22:20.593] 0x3c172f70/1	 used	   TX	net_ipv6_send_ns():2094
[21:22:20.594] 0x3c173e10/1	 used	   RX	eth_esp32_rx():153
[21:22:20.595] 0x3c1733a8/1	 used	   RX	eth_esp32_rx():153
[21:22:20.595] 0x3c173630	 free	   RX	eth_esp32_rx():153 -> processing_data():157
[21:22:20.595] 0x3c173678	 free	   RX	eth_esp32_rx():153 -> tcp_in():3635
[21:22:20.596] 0x3c172ee0	 free	   TX	tcp_out_ext():1573 -> tcp_send():472
[21:22:20.596] 0x3c15d4bc	 free	TDATA	ethernet_fill_header():610 -> tcp_send():472
[21:22:20.597] 0x3c173480	 free	   RX	eth_esp32_rx():153 -> processing_data():157
[21:22:20.597] 0x3c173ab0	 free	   RX	eth_esp32_rx():153 -> processing_data():157
[21:22:20.598] 0x3c173a68	 free	   RX	eth_esp32_rx():153 -> processing_data():157
[21:22:20.598] 0x3c173ca8	 free	   RX	eth_esp32_rx():153 -> processing_data():157
[21:22:20.599] 0x3c173c18	 free	   RX	eth_esp32_rx():153 -> processing_data():157
[21:22:20.600] 0x3c173948	 free	   RX	eth_esp32_rx():153 -> processing_data():157
[21:22:20.600] 0x3c173900	 free	   RX	eth_esp32_rx():153 -> processing_data():157
[21:22:20.601] 0x3c1738b8	 free	   RX	eth_esp32_rx():153 -> processing_data():157
[21:22:20.601] 0x3c173870	 free	   RX	eth_esp32_rx():153 -> processing_data():157
[21:22:20.602] 0x3c173828	 free	   RX	eth_esp32_rx():153 -> processing_data():157
[21:22:20.602] 0x3c1737e0	 free	   RX	eth_esp32_rx():153 -> processing_data():157
[21:22:20.603] 0x3c173798	 free	   RX	eth_esp32_rx():153 -> processing_data():157
[21:22:20.603] 0x3c173750	 free	   RX	eth_esp32_rx():153 -> processing_data():157
[21:22:20.604] 0x3c1736c0	 free	   RX	eth_esp32_rx():153 -> processing_data():157
[21:22:20.604] 0x3c173708	 free	   RX	eth_esp32_rx():153 -> processing_data():157
[21:22:20.605] 0x3c1734c8	 free	   RX	eth_esp32_rx():153 -> processing_data():157
[21:22:20.605] 0x3c173510	 free	   RX	eth_esp32_rx():153 -> processing_data():157
[21:22:20.606] 0x3c173558	 free	   RX	eth_esp32_rx():153 -> processing_data():157
[21:22:20.606] 0x3c1735a0	 free	   RX	eth_esp32_rx():153 -> processing_data():157
[21:22:20.607] 0x3c173678	 free	   RX	eth_esp32_rx():153 -> processing_data():157
[21:22:20.607] 0x3c173630	 free	   RX	eth_esp32_rx():153 -> processing_data():157
[21:22:20.608] 0x3c1733a8	 free	   RX	eth_esp32_rx():153 -> processing_data():157
[21:22:20.609] 0x3c172f28	 free	   TX	tcp_out_ext():1573 -> tcp_send():472
[21:22:20.609] 0x3c15d4a0	 free	TDATA	ethernet_fill_header():610 -> tcp_send():472
[21:22:20.610] 0x3c173438	 free	   RX	eth_esp32_rx():153 -> processing_data():157
[21:22:20.610] 0x3c173d38	 free	   RX	eth_esp32_rx():153 -> processing_data():157
[21:22:20.611] 0x3c173d80	 free	   RX	eth_esp32_rx():153 -> processing_data():157
[21:22:20.611] 0x3c173dc8	 free	   RX	eth_esp32_rx():153 -> processing_data():157
[21:22:20.612] 0x3c173e10	 free	   RX	eth_esp32_rx():153 -> processing_data():157
[21:22:20.612] 0x3c173e58	 free	   RX	eth_esp32_rx():153 -> processing_data():157
[21:22:20.613] 0x3c15d4a0	 free	TDATA	ethernet_fill_header():610 -> tcp_send():472
[21:22:20.613] 0x3c15d4a0	 free	TDATA	ethernet_fill_header():610 -> tcp_send():472
[21:22:20.614] [1;32muart:~$ [m[8D[JNETMEM up=2370s pktRX=34/40 pktTX=15/16 bufRX=154/160/m102 bufTX=79/80/m5 sysheap_free=11208 alloc=21380 max=24080
[21:22:25.193] [1;32muart:~$ [m[8D[J[00:39:31.196,000] [1;31m<err> llss_client: device state HTTP 502[0m
[21:22:25.194] [1;32muart:~$ [m[8D[J[00:39:31.196,000] [1;31m<err> llss: Poll error 502[0m
[21:22:25.195] [1;32muart:~$ [m[8D[J[1;32muart:~$ [m[8D[J[00:39:36.298,000] [1;31m<err> llss_client: device state HTTP 502[0m
[21:22:30.757] [1;32muart:~$ [m[8D[J[00:39:36.298,000] [1;31m<err> llss: Poll error 502[0m
[21:22:30.758] [1;32muart:~$ [m[8D[J[1;32muart:~$ [m[8D[J[00:39:41.399,000] [1;31m<err> llss_client: device state HTTP 502[0m
[21:22:35.858] [1;32muart:~$ [m[8D[J[00:39:41.399,000] [1;31m<err> llss: Poll error 502[0m
[21:22:35.859] [1;32muart:~$ [m[8D[J[1;32muart:~$ [m[8D[J[00:39:46.505,000] [1;31m<err> llss_client: device state HTTP 502[0m
[21:22:40.964] [1;32muart:~$ [m[8D[J[00:39:46.505,000] [1;31m<err> llss: Poll error 502[0m
[21:22:40.964] [1;32muart:~$ [m[8D[J[1;32muart:~$ [m[8D[J[00:39:51.613,000] [1;31m<err> llss_client: device state HTTP 502[0m
[21:22:46.072] [1;32muart:~$ [m[8D[J[00:39:51.613,000] [1;31m<err> llss: Poll error 502[0m
[21:22:46.072] [1;32muart:~$ [m[8D[J[1;32muart:~$ [m[8D[J[00:39:56.714,000] [1;31m<err> llss_client: device state HTTP 502[0m
[21:22:51.174] [1;32muart:~$ [m[8D[J[00:39:56.714,000] [1;31m<err> llss: Poll error 502[0m
[21:22:51.174] [1;32muart:~$ [m[8D[J[1;32muart:~$ [m[8D[JThread analyze:
[21:22:53.714] [1;32muart:~$ [m[8D[J wdt_sentinel_tid    : STACK: unused 432 usage 336 / 768 (43 %); CPU: 0 %
[21:22:53.715] [1;32muart:~$ [m[8D[J                     : Total CPU cycles used: 17784798
[21:22:53.716] [1;32muart:~$ [m[8D[J thread_analyzer     : STACK: unused 80 usage 944 / 1024 (92 %); CPU: 0 %
[21:22:53.717] [1;32muart:~$ [m[8D[J                     : Total CPU cycles used: 5485502
[21:22:53.717] [1;32muart:~$ [m[8D[J sys_wdt_tid         : STACK: unused 704 usage 320 / 1024 (31 %); CPU: 0 %
[21:22:53.718] [1;32muart:~$ [m[8D[J                     : Total CPU cycles used: 3621698
[21:22:53.719] [1;32muart:~$ [m[8D[J shtc3_thread        : STACK: unused 1360 usage 688 / 2048 (33 %); CPU: 0 %
[21:22:53.719] [1;32muart:~$ [m[8D[J                     : Total CPU cycles used: 2896408
[21:22:53.720] [1;32muart:~$ [m[8D[J ntp_thread          : STACK: unused 2464 usage 1632 / 4096 (39 %); CPU: 0 %
[21:22:53.721] [1;32muart:~$ [m[8D[J                     : Total CPU cycles used: 1936297
[21:22:53.721] [1;32muart:~$ [m[8D[J netmem_tid          : STACK: unused 624 usage 656 / 1280 (51 %); CPU: 0 %
[21:22:53.722] [1;32muart:~$ [m[8D[J                     : Total CPU cycles used: 2376530
[21:22:53.723] [1;32muart:~$ [m[8D[J llss_thread         : STACK: unused 11584 usage 4800 / 16384 (29 %); CPU: 1 %
[21:22:53.724] [1;32muart:~$ [m[8D[J                     : Total CPU cycles used: 7917619539
[21:22:53.724] [1;32muart:~$ [m[8D[J input               : STACK: unused 560 usage 464 / 1024 (45 %); CPU: 0 %
[21:22:53.725] [1;32muart:~$ [m[8D[J                     : Total CPU cycles used: 80945
[21:22:53.726] [1;32muart:~$ [m[8D[J display_thread      : STACK: unused 8640 usage 3648 / 12288 (29 %); CPU: 0 %
[21:22:53.727] [1;32muart:~$ [m[8D[J                     : Total CPU cycles used: 541736195
[21:22:53.727] [1;32muart:~$ [m[8D[J device_ui_thread    : STACK: unused 4496 usage 3696 / 8192 (45 %); CPU: 0 %
[21:22:53.728] [1;32muart:~$ [m[8D[J                     : Total CPU cycles used: 3217203915
[21:22:53.729] [1;32muart:~$ [m[8D[J conn_mgr_monitor    : STACK: unused 176 usage 336 / 512 (65 %); CPU: 0 %
[21:22:53.729] [1;32muart:~$ [m[8D[J                     : Total CPU cycles used: 86197
[21:22:53.730] [1;32muart:~$ [m[8D[J net_socket_service  : STACK: unused 3344 usage 752 / 4096 (18 %); CPU: 0 %
[21:22:53.731] [1;32muart:~$ [m[8D[J                     : Total CPU cycles used: 5777676
[21:22:53.731] [1;32muart:~$ [m[8D[J rx_q[0]             : STACK: unused 496 usage 1552 / 2048 (75 %); CPU: 0 %
[21:22:53.732] [1;32muart:~$ [m[8D[J                     : Total CPU cycles used: 1673923419
[21:22:53.733] [1;32muart:~$ [m[8D[J net_mgmt            : STACK: unused 3424 usage 672 / 4096 (16 %); CPU: 0 %
[21:22:53.734] [1;32muart:~$ [m[8D[J                     : Total CPU cycles used: 1351934
[21:22:53.734] [1;32muart:~$ [m[8D[J tcp_work            : STACK: unused 1168 usage 880 / 2048 (42 %); CPU: 0 %
[21:22:53.735] [1;32muart:~$ [m[8D[J                     : Total CPU cycles used: 31238478
[21:22:53.736] [1;32muart:~$ [m[8D[J shell_uart          : STACK: unused 2384 usage 1712 / 4096 (41 %); CPU: 0 %
[21:22:53.737] [1;32muart:~$ [m[8D[J                     : Total CPU cycles used: 121169795
[21:22:53.737] [1;32muart:~$ [m[8D[J wifi                : STACK: unused 1440 usage 2144 / 3584 (59 %); CPU: 1 %
[21:22:53.738] [1;32muart:~$ [m[8D[J                     : Total CPU cycles used: 6011877479
[21:22:53.739] [1;32muart:~$ [m[8D[J sysworkq            : STACK: unused 3232 usage 864 / 4096 (21 %); CPU: 0 %
[21:22:53.739] [1;32muart:~$ [m[8D[J                     : Total CPU cycles used: 55548096
[21:22:53.740] [1;32muart:~$ [m[8D[J esp_timer           : STACK: unused 3536 usage 560 / 4096 (13 %); CPU: 0 %
[21:22:53.741] [1;32muart:~$ [m[8D[J                     : Total CPU cycles used: 239979380
[21:22:53.742] [1;32muart:~$ [m[8D[J logging             : STACK: unused 544 usage 480 / 1024 (46 %); CPU: 0 %
[21:22:53.742] [1;32muart:~$ [m[8D[J                     : Total CPU cycles used: 19419001
[21:22:53.743] [1;32muart:~$ [m[8D[J idle                : STACK: unused 816 usage 208 / 1024 (20 %); CPU: 96 %
[21:22:53.744] [1;32muart:~$ [m[8D[J                     : Total CPU cycles used: 555657645571
[21:22:53.745] [1;32muart:~$ [m[8D[J ISR0                : STACK: unused 1520 usage 528 / 2048 (25 %); CPU: 0 %
[21:22:53.745] [1;32muart:~$ [m[8D[J                     : Total CPU cycles used: 0
[21:22:53.746] [1;32muart:~$ [m[8D[J[1;32muart:~$ [m[8D[J[1;32muart:~$ [m[8D[J[00:40:00.474,000] [0m<inf> shtc3: SHTC3: temperature=23.49 C humidity=44.64 %[0m
[21:22:54.933] [1;32muart:~$ [m[8D[JNETMEM up=2400s pktRX=34/40 pktTX=15/16 bufRX=154/160/m102 bufTX=79/80/m5 sysheap_free=11208 alloc=21380 max=24080
[21:22:54.934] [1;32muart:~$ [m[8D[J[1;32muart:~$ [m[8D[J[00:40:01.822,000] [1;31m<err> llss_client: device state HTTP 502[0m
[21:22:56.281] [1;32muart:~$ [m[8D[J[00:40:01.822,000] [1;31m<err> llss: Poll error 502[0m
[21:22:56.282] [1;32muart:~$ [m[8D[J[1;32muart:~$ [m[8D[J[00:40:06.934,000] [1;31m<err> llss_client: device state HTTP 502[0m
[21:23:01.393] [1;32muart:~$ [m[8D[J[00:40:06.934,000] [1;31m<err> llss: Poll error 502[0m
[21:23:01.394] [1;32muart:~$ [m[8D[J[1;32muart:~$ [m[8D[J[00:40:12.043,000] [1;31m<err> llss_client: device state HTTP 502[0m
[21:23:06.502] [1;32muart:~$ [m[8D[J[00:40:12.043,000] [1;31m<err> llss: Poll error 502[0m
[21:23:06.503] [1;32muart:~$ [m[8D[J[1;32muart:~$ [m[8D[J[00:40:17.185,000] [1;31m<err> llss_client: device state HTTP 502[0m
[21:23:11.644] [1;32muart:~$ [m[8D[J[00:40:17.185,000] [1;31m<err> llss: Poll error 502[0m
[21:23:11.645] [1;32muart:~$ [m[8D[J[1;32muart:~$ [m[8D[J[00:40:22.291,000] [1;31m<err> llss_client: device state HTTP 502[0m
[21:23:16.751] [1;32muart:~$ [m[8D[J[00:40:22.291,000] [1;31m<err> llss: Poll error 502[0m
[21:23:16.751] [1;32muart:~$ [m[8D[J[1;32muart:~$ [m[8D[J[00:40:27.415,000] [1;31m<err> llss_client: device state HTTP 502[0m
[21:23:21.875] [1;32muart:~$ [m[8D[J[00:40:27.415,000] [1;31m<err> llss: Poll error 502[0m
[21:23:21.875] [1;32muart:~$ [m[8D[J[1;32muart:~$ [m[8D[JNETMEM up=2430s pktRX=34/40 pktTX=15/16 bufRX=154/160/m102 bufTX=79/80/m5 sysheap_free=11208 alloc=21380 max=24080
[21:23:25.194] [1;32muart:~$ [m[8D[J[1;32muart:~$ [m[8D[J[00:40:32.512,000] [1;31m<err> llss_client: device state HTTP 502[0m
[21:23:26.971] [1;32muart:~$ [m[8D[J[00:40:32.512,000] [1;31m<err> llss: Poll error 502[0m
[21:23:26.972] [1;32muart:~$ [m[8D[J[1;32muart:~$ [m[8D[J[00:40:37.628,000] [1;31m<err> llss_client: device state HTTP 502[0m
[21:23:32.088] [1;32muart:~$ [m[8D[J[00:40:37.628,000] [1;31m<err> llss: Poll error 502[0m
[21:23:32.089] [1;32muart:~$ [m[8D[J[1;32muart:~$ [m[8D[J[00:40:42.739,000] [1;31m<err> llss_client: device state HTTP 502[0m
[21:23:37.199] [1;32muart:~$ [m[8D[J[00:40:42.739,000] [1;31m<err> llss: Poll error 502[0m
[21:23:37.199] [1;32muart:~$ [m[8D[J[1;32muart:~$ [m[8D[J[00:40:47.848,000] [1;31m<err> llss_client: device state HTTP 502[0m
[21:23:42.308] [1;32muart:~$ [m[8D[J[00:40:47.848,000] [1;31m<err> llss: Poll error 502[0m
[21:23:42.308] [1;32muart:~$ [m[8D[J[1;32muart:~$ [m[8D[J[00:40:52.953,000] [1;31m<err> llss_client: device state HTTP 502[0m
[21:23:47.413] [1;32muart:~$ [m[8D[J[00:40:52.953,000] [1;31m<err> llss: Poll error 502[0m
[21:23:47.413] [1;32muart:~$ [m[8D[J[1;32muart:~$ [m[8D[J[00:40:58.051,000] [1;31m<err> llss_client: device state HTTP 502[0m
[21:23:52.511] [1;32muart:~$ [m[8D[J[00:40:58.051,000] [1;31m<err> llss: Poll error 502[0m
[21:23:52.511] [1;32muart:~$ [m[8D[J[1;32muart:~$ [m[8D[J[00:41:00.477,000] [0m<inf> shtc3: SHTC3: temperature=23.42 C humidity=43.95 %[0m
[21:23:54.936] [1;32muart:~$ [m[8D[JNETMEM up=2460s pktRX=34/40 pktTX=15/16 bufRX=154/160/m102 bufTX=79/80/m5 sysheap_free=11172 alloc=21416 max=24080
[21:23:54.937] [1;32muart:~$ [m[8D[J[1;32muart:~$ [m[8D[J[00:41:03.164,000] [1;31m<err> llss_client: device state HTTP 502[0m
[21:23:57.625] [1;32muart:~$ [m[8D[J[00:41:03.165,000] [1;31m<err> llss: Poll error 502[0m
[21:23:57.625] [1;32muart:~$ [m[8D[J[1;32muart:~$ [m[8D[J[00:41:08.273,000] [1;31m<err> llss_client: device state HTTP 502[0m
[21:24:02.733] [1;32muart:~$ [m[8D[J[00:41:08.273,000] [1;31m<err> llss: Poll error 502[0m
[21:24:02.733] [1;32muart:~$ [m[8D[J[1;32muart:~$ [m[8D[J[00:41:13.375,000] [1;31m<err> llss_client: device state HTTP 502[0m
[21:24:07.834] [1;32muart:~$ [m[8D[J[00:41:13.375,000] [1;31m<err> llss: Poll error 502[0m
[21:24:07.835] [1;32muart:~$ [m[8D[J[1;32muart:~$ [m[8D[J[00:41:18.485,000] [1;31m<err> llss_client: device state HTTP 502[0m
[21:24:12.945] [1;32muart:~$ [m[8D[J[00:41:18.485,000] [1;31m<err> llss: Poll error 502[0m
[21:24:12.945] [1;32muart:~$ [m[8D[J[1;32muart:~$ [m[8D[J[00:41:23.592,000] [1;31m<err> llss_client: device state HTTP 502[0m
[21:24:18.051] [1;32muart:~$ [m[8D[J[00:41:23.592,000] [1;31m<err> llss: Poll error 502[0m
[21:24:18.052] [1;32muart:~$ [m[8D[J[1;32muart:~$ [m[8D[J[00:41:28.700,000] [1;31m<err> llss_client: device state HTTP 502[0m
[21:24:23.159] [1;32muart:~$ [m[8D[J[00:41:28.700,000] [1;31m<err> llss: Poll error 502[0m
[21:24:23.160] [1;32muart:~$ [m[8D[J[1;32muart:~$ [m[8D[JNETMEM up=2490s pktRX=34/40 pktTX=15/16 bufRX=154/160/m102 bufTX=79/80/m5 sysheap_free=11208 alloc=21380 max=24080
[21:24:25.195] [1;32muart:~$ [m[8D[J[1;32muart:~$ [m[8D[J[00:41:33.830,000] [1;31m<err> llss_client: device state HTTP 502[0m
[21:24:28.290] [1;32muart:~$ [m[8D[J[00:41:33.830,000] [1;31m<err> llss: Poll error 502[0m
[21:24:28.290] [1;32muart:~$ [m[8D[J[1;32muart:~$ [m[8D[J[00:41:38.937,000] [1;31m<err> llss_client: device state HTTP 502[0m
[21:24:33.397] [1;32muart:~$ [m[8D[J[00:41:38.937,000] [1;31m<err> llss: Poll error 502[0m
[21:24:33.398] [1;32muart:~$ [m[8D[J[1;32muart:~$ [m[8D[J[00:41:44.052,000] [1;31m<err> llss_client: device state HTTP 502[0m
[21:24:38.511] [1;32muart:~$ [m[8D[J[00:41:44.052,000] [1;31m<err> llss: Poll error 502[0m
[21:24:38.512] [1;32muart:~$ [m[8D[J[1;32muart:~$ [m[8D[J[00:41:49.159,000] [1;31m<err> llss_client: device state HTTP 502[0m
[21:24:43.619] [1;32muart:~$ [m[8D[J[00:41:49.159,000] [1;31m<err> llss: Poll error 502[0m
[21:24:43.619] [1;32muart:~$ [m[8D[J[1;32muart:~$ [m[8D[J[00:41:54.267,000] [1;31m<err> llss_client: device state HTTP 502[0m
[21:24:48.726] [1;32muart:~$ [m[8D[J[00:41:54.267,000] [1;31m<err> llss: Poll error 502[0m
[21:24:48.727] [1;32muart:~$ [m[8D[J[1;32muart:~$ [m[8D[J[00:41:59.377,000] [1;31m<err> llss_client: device state HTTP 502[0m
[21:24:53.837] [1;32muart:~$ [m[8D[J[00:41:59.377,000] [1;31m<err> llss: Poll error 502[0m
[21:24:53.838] [1;32muart:~$ [m[8D[J[1;32muart:~$ [m[8D[J[00:42:00.480,000] [0m<inf> shtc3: SHTC3: temperature=24.22 C humidity=46.09 %[0m
[21:24:54.939] [1;32muart:~$ [m[8D[JNETMEM up=2520s pktRX=34/40 pktTX=15/16 bufRX=154/160/m102 bufTX=79/80/m5 sysheap_free=11208 alloc=21380 max=24080
[21:24:54.940] [1;32muart:~$ [m[8D[J[1;32muart:~$ [m[8D[J[00:42:04.495,000] [1;31m<err> llss_client: device state HTTP 502[0m
[21:24:58.954] [1;32muart:~$ [m[8D[J[00:42:04.495,000] [1;31m<err> llss: Poll error 502[0m
[21:24:58.955] [1;32muart:~$ [m[8D[J[1;32muart:~$ [m[8D[J[00:42:09.612,000] [1;31m<err> llss_client: device state HTTP 502[0m
[21:25:04.072] [1;32muart:~$ [m[8D[J[00:42:09.612,000] [1;31m<err> llss: Poll error 502[0m
[21:25:04.072] [1;32muart:~$ [m[8D[J[1;32muart:~$ [m[8D[J[00:42:14.738,000] [1;31m<err> llss_client: device state HTTP 502[0m
[21:25:09.197] [1;32muart:~$ [m[8D[J[00:42:14.738,000] [1;31m<err> llss: Poll error 502[0m
[21:25:09.198] [1;32muart:~$ [m[8D[J[1;32muart:~$ [m[8D[J[00:42:19.866,000] [1;31m<err> llss_client: device state HTTP 502[0m
[21:25:14.325] [1;32muart:~$ [m[8D[J[00:42:19.866,000] [1;31m<err> llss: Poll error 502[0m
[21:25:14.326] [1;32muart:~$ [m[8D[J[1;32muart:~$ [m[8D[J[00:42:24.975,000] [1;31m<err> llss_client: device state HTTP 502[0m
[21:25:19.436] [1;32muart:~$ [m[8D[J[00:42:24.975,000] [1;31m<err> llss: Poll error 502[0m
[21:25:19.436] [1;32muart:~$ [m[8D[J[1;32muart:~$ [m[8D[J[00:42:30.104,000] [1;31m<err> llss_client: device state HTTP 502[0m
[21:25:24.564] [1;32muart:~$ [m[8D[J[00:42:30.104,000] [1;31m<err> llss: Poll error 502[0m
[21:25:24.565] [1;32muart:~$ [m[8D[JNETMEM up=2550s pktRX=34/40 pktTX=15/16 bufRX=154/160/m102 bufTX=79/80/m5 sysheap_free=11208 alloc=21380 max=24080
[21:25:24.566] [1;32muart:~$ [m[8D[J[1;32muart:~$ [m[8D[J[00:42:35.213,000] [1;31m<err> llss_client: device state HTTP 502[0m
[21:25:29.673] [1;32muart:~$ [m[8D[J[00:42:35.213,000] [1;31m<err> llss: Poll error 502[0m
[21:25:29.673] [1;32muart:~$ [m[8D[J[1;32muart:~$ [m[8D[J[00:42:50.240,000] [1;33m<wrn> llss_client: Cached server address failed (-116) — re-resolving[0m
[21:25:44.701] [1;32muart:~$ [m[8D[J[00:42:50.377,000] [1;31m<err> llss_client: device state HTTP 502[0m
[21:25:44.701] [1;32muart:~$ [m[8D[J[00:42:50.377,000] [1;31m<err> llss: Poll error 502[0m
[21:25:44.702] [1;32muart:~$ [m[8D[J[1;32muart:~$ [m[8D[J[00:42:55.510,000] [1;31m<err> llss_client: device state HTTP 502[0m
[21:25:49.970] [1;32muart:~$ [m[8D[J[00:42:55.510,000] [1;31m<err> llss: Poll error 502[0m
[21:25:49.971] [1;32muart:~$ [m[8D[J[1;32muart:~$ [m[8D[J[00:43:00.483,000] [0m<inf> shtc3: SHTC3: temperature=23.49 C humidity=44.29 %[0m
[21:25:54.943] [1;32muart:~$ [m[8D[J[00:43:00.623,000] [1;31m<err> llss_client: device state HTTP 502[0m
[21:25:54.944] [1;32muart:~$ [m[8D[J[00:43:00.623,000] [1;31m<err> llss: Poll error 502[0m
[21:25:54.944] [1;32muart:~$ [m[8D[JNETMEM up=2580s pktRX=34/40 pktTX=15/16 bufRX=154/160/m102 bufTX=79/80/m5 sysheap_free=11208 alloc=21380 max=24080
[21:25:54.945] [1;32muart:~$ [m[8D[J[1;32muart:~$ [m[8D[J[00:43:05.739,000] [1;31m<err> llss_client: device state HTTP 502[0m
[21:26:00.322] [1;32muart:~$ [m[8D[J[00:43:05.739,000] [1;31m<err> llss: Poll error 502[0m
[21:26:00.465] [1;32muart:~$ [m[8D[J[1;32muart:~$ [m[8D[J[00:43:10.877,000] [1;31m<err> llss_client: device state HTTP 502[0m
[21:26:05.337] [1;32muart:~$ [m[8D[J[00:43:10.877,000] [1;31m<err> llss: Poll error 502[0m
[21:26:05.338] [1;32muart:~$ [m[8D[J[1;32muart:~$ [m[8D[J[00:43:16.000,000] [1;31m<err> llss_client: device state HTTP 502[0m
[21:26:10.461] [1;32muart:~$ [m[8D[J[00:43:16.001,000] [1;31m<err> llss: Poll error 502[0m
[21:26:10.461] [1;32muart:~$ [m[8D[J[1;32muart:~$ [m[8D[J[00:43:21.129,000] [1;31m<err> llss_client: device state HTTP 502[0m
[21:26:15.589] [1;32muart:~$ [m[8D[J[00:43:21.129,000] [1;31m<err> llss: Poll error 502[0m
[21:26:15.590] [1;32muart:~$ [m[8D[J[1;32muart:~$ [m[8D[J[00:43:26.258,000] [1;31m<err> llss_client: device state HTTP 502[0m
[21:26:20.718] [1;32muart:~$ [m[8D[J[00:43:26.258,000] [1;31m<err> llss: Poll error 502[0m
[21:26:20.718] [1;32muart:~$ [m[8D[J[1;32muart:~$ [m[8D[JNETMEM up=2610s pktRX=34/40 pktTX=15/16 bufRX=154/160/m102 bufTX=79/80/m5 sysheap_free=11208 alloc=21380 max=24080
[21:26:25.197] [1;32muart:~$ [m[8D[J[00:43:31.385,000] [1;31m<err> llss_client: device state HTTP 502[0m
[21:26:25.198] [1;32muart:~$ [m[8D[J[00:43:31.385,000] [1;31m<err> llss: Poll error 502[0m
[21:26:25.199] [1;32muart:~$ [m[8D[J[1;32muart:~$ [m[8D[J[00:43:36.518,000] [1;31m<err> llss_client: device state HTTP 502[0m
[21:26:30.978] [1;32muart:~$ [m[8D[J[00:43:36.518,000] [1;31m<err> llss: Poll error 502[0m
[21:26:30.979] [1;32muart:~$ [m[8D[J[1;32muart:~$ [m[8D[J[00:43:41.643,000] [1;31m<err> llss_client: device state HTTP 502[0m
[21:26:36.104] [1;32muart:~$ [m[8D[J[00:43:41.644,000] [1;31m<err> llss: Poll error 502[0m
[21:26:36.104] [1;32muart:~$ [m[8D[J[1;32muart:~$ [m[8D[J[00:43:46.763,000] [1;31m<err> llss_client: device state HTTP 502[0m
[21:26:41.224] [1;32muart:~$ [m[8D[J[00:43:46.764,000] [1;31m<err> llss: Poll error 502[0m
[21:26:41.224] [1;32muart:~$ [m[8D[J[1;32muart:~$ [m[8D[J[00:43:51.886,000] [1;31m<err> llss_client: device state HTTP 502[0m
[21:26:46.346] [1;32muart:~$ [m[8D[J[00:43:51.886,000] [1;31m<err> llss: Poll error 502[0m
[21:26:46.346] [1;32muart:~$ [m[8D[J[1;32muart:~$ [m[8D[J[00:43:57.020,000] [1;31m<err> llss_client: device state HTTP 502[0m
[21:26:51.480] [1;32muart:~$ [m[8D[J[00:43:57.020,000] [1;31m<err> llss: Poll error 502[0m
[21:26:51.481] [1;32muart:~$ [m[8D[J[1;32muart:~$ [m[8D[J[00:44:00.486,000] [0m<inf> shtc3: SHTC3: temperature=22.98 C humidity=44.95 %[0m
[21:26:54.946] [1;32muart:~$ [m[8D[JNETMEM up=2640s pktRX=34/40 pktTX=15/16 bufRX=154/160/m102 bufTX=79/80/m5 sysheap_free=11208 alloc=21380 max=24080
[21:26:54.947] [1;32muart:~$ [m[8D[J[1;32muart:~$ [m[8D[J[00:44:02.147,000] [1;31m<err> llss_client: device state HTTP 502[0m
[21:26:56.607] [1;32muart:~$ [m[8D[J[00:44:02.147,000] [1;31m<err> llss: Poll error 502[0m
[21:26:56.608] [1;32muart:~$ [m[8D[J[1;32muart:~$ [m[8D[J[00:44:07.286,000] [1;31m<err> llss_client: device state HTTP 502[0m
[21:27:01.747] [1;32muart:~$ [m[8D[J[00:44:07.286,000] [1;31m<err> llss: Poll error 502[0m
[21:27:01.747] [1;32muart:~$ [m[8D[J[1;32muart:~$ [mnet allocs
[21:27:05.414] Network memory allocations

[21:27:05.414] memory		Status	Pool	Function alloc -> freed
[21:27:05.415] 0x3c1733f0/1	 used	   RX	eth_esp32_rx():153
[21:27:05.415] 0x3c1735e8/1	 used	   RX	eth_esp32_rx():153
[21:27:05.416] 0x3c173c60/1	 used	   RX	eth_esp32_rx():153
[21:27:05.416] 0x3c173cf0/1	 used	   RX	eth_esp32_rx():153
[21:27:05.416] 0x3c172f70/1	 used	   TX	net_ipv6_send_ns():2094
[21:27:05.417] 0x3c173e10/1	 used	   RX	eth_esp32_rx():153
[21:27:05.417] 0x3c1733a8/1	 used	   RX	eth_esp32_rx():153
[21:27:05.417] 0x3c173480	 free	   RX	eth_esp32_rx():153 -> processing_data():157
[21:27:05.418] 0x3c172ee0	 free	   TX	net_tcp_reply_rst():1487 -> tcp_send():472
[21:27:05.418] 0x3c15d4bc	 free	TDATA	ethernet_fill_header():610 -> tcp_send():472
[21:27:05.419] 0x3c15d510	 free	TDATA	ethernet_fill_header():610 -> tcp_send():472
[21:27:05.420] 0x3c173510	 free	   RX	eth_esp32_rx():153 -> processing_data():157
[21:27:05.420] 0x3c1734c8	 free	   RX	eth_esp32_rx():153 -> processing_data():157
[21:27:05.421] 0x3c173708	 free	   RX	eth_esp32_rx():153 -> processing_data():157
[21:27:05.421] 0x3c1736c0	 free	   RX	eth_esp32_rx():153 -> processing_data():157
[21:27:05.422] 0x3c173750	 free	   RX	eth_esp32_rx():153 -> processing_data():157
[21:27:05.422] 0x3c173798	 free	   RX	eth_esp32_rx():153 -> processing_data():157
[21:27:05.423] 0x3c1737e0	 free	   RX	eth_esp32_rx():153 -> processing_data():157
[21:27:05.423] 0x3c173828	 free	   RX	eth_esp32_rx():153 -> processing_data():157
[21:27:05.424] 0x3c173870	 free	   RX	eth_esp32_rx():153 -> processing_data():157
[21:27:05.424] 0x3c1738b8	 free	   RX	eth_esp32_rx():153 -> processing_data():157
[21:27:05.425] 0x3c173900	 free	   RX	eth_esp32_rx():153 -> processing_data():157
[21:27:05.425] 0x3c173948	 free	   RX	eth_esp32_rx():153 -> processing_data():157
[21:27:05.426] 0x3c173c18	 free	   RX	eth_esp32_rx():153 -> processing_data():157
[21:27:05.426] 0x3c173ca8	 free	   RX	eth_esp32_rx():153 -> processing_data():157
[21:27:05.427] 0x3c173a68	 free	   RX	eth_esp32_rx():153 -> processing_data():157
[21:27:05.427] 0x3c173ab0	 free	   RX	eth_esp32_rx():153 -> processing_data():157
[21:27:05.428] 0x3c173480	 free	   RX	eth_esp32_rx():153 -> processing_data():157
[21:27:05.429] 0x3c15d4bc	 free	TDATA	ethernet_fill_header():610 -> tcp_send():472
[21:27:05.429] 0x3c15d4bc	 free	TDATA	ethernet_fill_header():610 -> tcp_send():472
[21:27:05.430] 0x3c173678	 free	   RX	eth_esp32_rx():153 -> processing_data():157
[21:27:05.430] 0x3c173630	 free	   RX	eth_esp32_rx():153 -> processing_data():157
[21:27:05.431] 0x3c1733a8	 free	   RX	eth_esp32_rx():153 -> processing_data():157
[21:27:05.431] 0x3c172f28	 free	   TX	tcp_out_ext():1573 -> tcp_send():472
[21:27:05.432] 0x3c15d4a0	 free	TDATA	ethernet_fill_header():610 -> tcp_send():472
[21:27:05.432] 0x3c173438	 free	   RX	eth_esp32_rx():153 -> processing_data():157
[21:27:05.433] 0x3c173d38	 free	   RX	eth_esp32_rx():153 -> processing_data():157
[21:27:05.433] 0x3c173d80	 free	   RX	eth_esp32_rx():153 -> processing_data():157
[21:27:05.434] 0x3c173dc8	 free	   RX	eth_esp32_rx():153 -> processing_data():157
[21:27:05.434] 0x3c173e10	 free	   RX	eth_esp32_rx():153 -> processing_data():157
[21:27:05.435] 0x3c173e58	 free	   RX	eth_esp32_rx():153 -> processing_data():157
[21:27:05.435] 0x3c15d4a0	 free	TDATA	ethernet_fill_header():610 -> tcp_send():472
[21:27:05.436] 0x3c15d4a0	 free	TDATA	ethernet_fill_header():610 -> tcp_send():472
[21:27:05.437] [1;32muart:~$ [m[8D[J[00:44:12.413,000] [1;31m<err> llss_client: device state HTTP 502[0m
[21:27:06.873] [1;32muart:~$ [m[8D[J[00:44:12.413,000] [1;31m<err> llss: Poll error 502[0m
[21:27:06.874] [1;32muart:~$ [m[8D[J[1;32muart:~$ [m[8D[J[00:44:17.546,000] [1;31m<err> llss_client: device state HTTP 502[0m
[21:27:12.006] [1;32muart:~$ [m[8D[J[00:44:17.546,000] [1;31m<err> llss: Poll error 502[0m
[21:27:12.007] [1;32muart:~$ [m[8D[J[1;32muart:~$ [m[8D[J[00:44:22.677,000] [1;31m<err> llss_client: device state HTTP 502[0m
[21:27:17.137] [1;32muart:~$ [m[8D[J[00:44:22.677,000] [1;31m<err> llss: Poll error 502[0m
[21:27:17.137] [1;32muart:~$ [m[8D[J[1;32muart:~$ [m[8D[J[00:44:27.810,000] [1;31m<err> llss_client: device state HTTP 502[0m
[21:27:22.270] [1;32muart:~$ [m[8D[J[00:44:27.810,000] [1;31m<err> llss: Poll error 502[0m
[21:27:22.271] [1;32muart:~$ [m[8D[J[1;32muart:~$ [m[8D[JNETMEM up=2670s pktRX=34/40 pktTX=15/16 bufRX=154/160/m102 bufTX=79/80/m5 sysheap_free=11208 alloc=21380 max=24080
[21:27:25.198] [1;32muart:~$ [m[8D[J[1;32muart:~$ [mnet p[13D[J[00:44:32.943,000] [1;31m<err> llss_client: device state HTTP 502[0m
[21:27:27.403] [1;32muart:~$ [mnet p[13D[J[00:44:32.943,000] [1;31m<err> llss: Poll error 502[0m
[21:27:27.419] [1;32muart:~$ [mnet p[13D[J[1;32muart:~$ [mnet pkt 0x3c1733f0
[21:27:31.961] net_pkt 0x3c1733f0 buffer chain:
[21:27:31.962] 0x3c1733f0[1]->0x3c171fc8[1/91 (91/105)]

[21:27:31.962] net_pkt 0x3c1733f0 buffer chain hexdump:
[21:27:31.962] net_buf[0] 0x3c171fc8
[21:27:31.963] 00000000: 60 0c 8c db 00 33 06 3f  28 04 07 f4 32 39 ef 6f |`....3.? (...29.o|
[21:27:31.963] 00000010: 50 54 00 ff fe ab cd 02  fd 00 ca fe 02 13 00 00 |PT...... ........|
[21:27:31.964] 00000020: 9e 13 9e ff fe b1 3d d8  25 88 c8 c9 d1 86 de ca |......=. %.......|
[21:27:31.965] 00000030: 21 b1 14 2f 50 18 fa 58  dc ba 00 00 15 03 03 00 |!../P..X ........|
[21:27:31.965] 00000040: 1a 00 00 00 00 00 00 00  02 6c 04 5f 02 7a 2d 65 |........ .l._.z-e|
[21:27:31.966] 00000050: a3 67 71 3d a3 06 75 29  46 40 76                |.gq=..u) F@v     |
[21:27:31.967] [1;32muart:~$ [m[8D[J[00:44:38.071,000] [1;31m<err> llss_client: device state HTTP 502[0m
[21:27:32.532] [1;32muart:~$ [m[8D[J[00:44:38.071,000] [1;31m<err> llss: Poll error 502[0m
[21:27:32.532] [1;32muart:~$ [m[8D[J[1;32muart:~$ [m[8D[J[00:44:43.199,000] [1;31m<err> llss_client: device state HTTP 502[0m
[21:27:37.659] [1;32muart:~$ [m[8D[J[00:44:43.199,000] [1;31m<err> llss: Poll error 502[0m
[21:27:37.660] [1;32muart:~$ [m[8D[J[1;32muart:~$ [m[8D[J[00:44:48.323,000] [1;31m<err> llss_client: device state HTTP 502[0m
[21:27:42.784] [1;32muart:~$ [m[8D[J[00:44:48.323,000] [1;31m<err> llss: Poll error 502[0m
[21:27:42.784] [1;32muart:~$ [m[8D[J[1;32muart:~$ [mnet pkt [16D[J[00:44:53.459,000] [1;31m<err> llss_client: device state HTTP 502[0m
[21:27:47.920] [1;32muart:~$ [mnet pkt [16D[J[00:44:53.459,000] [1;31m<err> llss: Poll error 502[0m
[21:27:47.935] [1;32muart:~$ [mnet pkt [16D[J[1;32muart:~$ [mnet pkt 0x3c1735e8
[21:27:51.068] net_pkt 0x3c1735e8 buffer chain:
[21:27:51.068] 0x3c1735e8[1]->0x3c171fac[1/91 (91/105)]

[21:27:51.068] net_pkt 0x3c1735e8 buffer chain hexdump:
[21:27:51.069] net_buf[0] 0x3c171fac
[21:27:51.069] 00000000: 60 05 05 ba 00 33 06 3f  28 04 07 f4 32 39 ef 6f |`....3.? (...29.o|
[21:27:51.069] 00000010: 50 54 00 ff fe ab cd 02  fd 00 ca fe 02 13 00 00 |PT...... ........|
[21:27:51.070] 00000020: 9e 13 9e ff fe b1 3d d8  25 88 b1 8c b8 28 c2 cc |......=. %....(..|
[21:27:51.071] 00000030: 23 62 e0 d8 50 18 fa 58  ef 42 00 00 15 03 03 00 |#b..P..X .B......|
[21:27:51.071] 00000040: 1a 00 00 00 00 00 00 00  02 f5 2a 7e 33 df f8 64 |........ ..*~3..d|
[21:27:51.072] 00000050: 8f 33 20 35 ed d5 c9 48  67 37 64                |.3 5...H g7d     |
[21:27:51.073] [1;32muart:~$ [m[8D[J[00:44:58.581,000] [1;31m<err> llss_client: device state HTTP 502[0m
[21:27:53.041] [1;32muart:~$ [m[8D[J[00:44:58.581,000] [1;31m<err> llss: Poll error 502[0m
[21:27:53.042] [1;32muart:~$ [m[8D[J[1;32muart:~$ [m[8D[JThread analyze:
[21:27:53.718] [1;32muart:~$ [m[8D[J wdt_sentinel_tid    : STACK: unused 432 usage 336 / 768 (43 %); CPU: 0 %
[21:27:53.719] [1;32muart:~$ [m[8D[J                     : Total CPU cycles used: 20001867
[21:27:53.720] [1;32muart:~$ [m[8D[J thread_analyzer     : STACK: unused 80 usage 944 / 1024 (92 %); CPU: 0 %
[21:27:53.721] [1;32muart:~$ [m[8D[J                     : Total CPU cycles used: 6127327
[21:27:53.721] [1;32muart:~$ [m[8D[J sys_wdt_tid         : STACK: unused 704 usage 320 / 1024 (31 %); CPU: 0 %
[21:27:53.722] [1;32muart:~$ [m[8D[J                     : Total CPU cycles used: 4002894
[21:27:53.723] [1;32muart:~$ [m[8D[J shtc3_thread        : STACK: unused 1360 usage 688 / 2048 (33 %); CPU: 0 %
[21:27:53.723] [1;32muart:~$ [m[8D[J                     : Total CPU cycles used: 3253553
[21:27:53.724] [1;32muart:~$ [m[8D[J ntp_thread          : STACK: unused 2464 usage 1632 / 4096 (39 %); CPU: 0 %
[21:27:53.725] [1;32muart:~$ [m[8D[J                     : Total CPU cycles used: 1936297
[21:27:53.725] [1;32muart:~$ [m[8D[J netmem_tid          : STACK: unused 624 usage 656 / 1280 (51 %); CPU: 0 %
[21:27:53.726] [1;32muart:~$ [m[8D[J                     : Total CPU cycles used: 2673202
[21:27:53.727] [1;32muart:~$ [m[8D[J llss_thread         : STACK: unused 11584 usage 4800 / 16384 (29 %); CPU: 1 %
[21:27:53.728] [1;32muart:~$ [m[8D[J                     : Total CPU cycles used: 8976789833
[21:27:53.728] [1;32muart:~$ [m[8D[J input               : STACK: unused 560 usage 464 / 1024 (45 %); CPU: 0 %
[21:27:53.729] [1;32muart:~$ [m[8D[J                     : Total CPU cycles used: 80945
[21:27:53.730] [1;32muart:~$ [m[8D[J display_thread      : STACK: unused 8640 usage 3648 / 12288 (29 %); CPU: 0 %
[21:27:53.730] [1;32muart:~$ [m[8D[J                     : Total CPU cycles used: 541736195
[21:27:53.731] [1;32muart:~$ [m[8D[J device_ui_thread    : STACK: unused 4496 usage 3696 / 8192 (45 %); CPU: 0 %
[21:27:53.732] [1;32muart:~$ [m[8D[J                     : Total CPU cycles used: 3801232121
[21:27:53.733] [1;32muart:~$ [m[8D[J conn_mgr_monitor    : STACK: unused 176 usage 336 / 512 (65 %); CPU: 0 %
[21:27:53.733] [1;32muart:~$ [m[8D[J                     : Total CPU cycles used: 86197
[21:27:53.734] [1;32muart:~$ [m[8D[J net_socket_service  : STACK: unused 3344 usage 752 / 4096 (18 %); CPU: 0 %
[21:27:53.735] [1;32muart:~$ [m[8D[J                     : Total CPU cycles used: 6139682
[21:27:53.735] [1;32muart:~$ [m[8D[J rx_q[0]             : STACK: unused 496 usage 1552 / 2048 (75 %); CPU: 0 %
[21:27:53.736] [1;32muart:~$ [m[8D[J                     : Total CPU cycles used: 1883003777
[21:27:53.737] [1;32muart:~$ [m[8D[J net_mgmt            : STACK: unused 3424 usage 672 / 4096 (16 %); CPU: 0 %
[21:27:53.738] [1;32muart:~$ [m[8D[J                     : Total CPU cycles used: 1500172
[21:27:53.738] [1;32muart:~$ [m[8D[J tcp_work            : STACK: unused 1168 usage 880 / 2048 (42 %); CPU: 0 %
[21:27:53.739] [1;32muart:~$ [m[8D[J                     : Total CPU cycles used: 35095970
[21:27:53.740] [1;32muart:~$ [m[8D[J shell_uart          : STACK: unused 2384 usage 1712 / 4096 (41 %); CPU: 0 %
[21:27:53.741] [1;32muart:~$ [m[8D[J                     : Total CPU cycles used: 139698238
[21:27:53.741] [1;32muart:~$ [m[8D[J wifi                : STACK: unused 1440 usage 2144 / 3584 (59 %); CPU: 1 %
[21:27:53.742] [1;32muart:~$ [m[8D[J                     : Total CPU cycles used: 6728106760
[21:27:53.743] [1;32muart:~$ [m[8D[J sysworkq            : STACK: unused 3232 usage 864 / 4096 (21 %); CPU: 0 %
[21:27:53.743] [1;32muart:~$ [m[8D[J                     : Total CPU cycles used: 62315749
[21:27:53.744] [1;32muart:~$ [m[8D[J esp_timer           : STACK: unused 3536 usage 560 / 4096 (13 %); CPU: 0 %
[21:27:53.745] [1;32muart:~$ [m[8D[J                     : Total CPU cycles used: 268270928
[21:27:53.745] [1;32muart:~$ [m[8D[J logging             : STACK: unused 544 usage 480 / 1024 (46 %); CPU: 0 %
[21:27:53.746] [1;32muart:~$ [m[8D[J                     : Total CPU cycles used: 21930473
[21:27:53.748] [1;32muart:~$ [m[8D[J idle                : STACK: unused 816 usage 208 / 1024 (20 %); CPU: 96 %
[21:27:53.748] [1;32muart:~$ [m[8D[J                     : Total CPU cycles used: 625001046440
[21:27:53.749] [1;32muart:~$ [m[8D[J ISR0                : STACK: unused 1520 usage 528 / 2048 (25 %); CPU: 0 %
[21:27:53.749] [1;32muart:~$ [m[8D[J                     : Total CPU cycles used: 0
[21:27:53.750] [1;32muart:~$ [m[8D[J[1;32muart:~$ [m[8D[J[1;32muart:~$ [m[8D[J[00:45:00.489,000] [0m<inf> shtc3: SHTC3: temperature=22.97 C humidity=47.84 %[0m
[21:27:54.949] [1;32muart:~$ [m[8D[JNETMEM up=2700s pktRX=34/40 pktTX=15/16 bufRX=154/160/m102 bufTX=79/80/m5 sysheap_free=11208 alloc=21380 max=24080
[21:27:54.950] [1;32muart:~$ [m[8D[J[1;32muart:~$ [m[8D[J[00:45:03.709,000] [1;31m<err> llss_client: device state HTTP 502[0m
[21:27:58.169] [1;32muart:~$ [m[8D[J[00:45:03.709,000] [1;31m<err> llss: Poll error 502[0m
[21:27:58.170] [1;32muart:~$ [m[8D[J[1;32muart:~$ [m[8D[J[00:45:08.849,000] [1;31m<err> llss_client: device state HTTP 502[0m
[21:28:03.310] [1;32muart:~$ [m[8D[J[00:45:08.850,000] [1;31m<err> llss: Poll error 502[0m
[21:28:03.311] [1;32muart:~$ [m[8D[J[1;32muart:~$ [m[8D[J[00:45:13.979,000] [1;31m<err> llss_client: device state HTTP 502[0m
[21:28:08.440] [1;32muart:~$ [m[8D[J[00:45:13.979,000] [1;31m<err> llss: Poll error 502[0m
[21:28:08.440] [1;32muart:~$ [m[8D[J[1;32muart:~$ [m[8D[J[00:45:19.162,000] [1;31m<err> llss_client: device state HTTP 502[0m
[21:28:13.623] [1;32muart:~$ [m[8D[J[00:45:19.162,000] [1;31m<err> llss: Poll error 502[0m
[21:28:13.623] [1;32muart:~$ [m[8D[J[1;32muart:~$ [mnet pkt [16D[J[00:45:24.275,000] [1;31m<err> llss_client: device state HTTP 502[0m
[21:28:18.736] [1;32muart:~$ [mnet pkt [16D[J[00:45:24.275,000] [1;31m<err> llss: Poll error 502[0m
[21:28:18.752] [1;32muart:~$ [mnet pkt [16D[J[1;32muart:~$ [mnet pkt 0x3c173c60
[21:28:20.223] net_pkt 0x3c173c60 buffer chain:
[21:28:20.223] 0x3c173c60[1]->0x3c1720c4[1/91 (91/105)]

[21:28:20.223] net_pkt 0x3c173c60 buffer chain hexdump:
[21:28:20.224] net_buf[0] 0x3c1720c4
[21:28:20.224] 00000000: 60 0a 24 24 00 33 06 3f  28 04 07 f4 32 39 ef 6f |`.$$.3.? (...29.o|
[21:28:20.225] 00000010: 50 54 00 ff fe ab cd 02  fd 00 ca fe 02 13 00 00 |PT...... ........|
[21:28:20.226] 00000020: 9e 13 9e ff fe b1 3d d8  25 88 8f 98 6f 52 7e 23 |......=. %...oR~#|
[21:28:20.227] 00000030: 23 a3 b6 f2 50 18 fa 58  c1 d6 00 00 15 03 03 00 |#...P..X ........|
[21:28:20.227] 00000040: 1a 00 00 00 00 00 00 00  02 d3 da 9a 20 a9 c4 72 |........ .... ..r|
[21:28:20.227] 00000050: 82 b9 8a 1f 51 bd 30 8b  e6 4f 5a                |....Q.0. .OZ     |
[21:28:20.228] [1;32muart:~$ [m[8D[J[00:45:29.375,000] [1;31m<err> llss_client: device state HTTP 502[0m
[21:28:23.835] [1;32muart:~$ [m[8D[J[00:45:29.375,000] [1;31m<err> llss: Poll error 502[0m
[21:28:23.836] [1;32muart:~$ [m[8D[J[1;32muart:~$ [m[8D[JNETMEM up=2730s pktRX=34/40 pktTX=15/16 bufRX=154/160/m102 bufTX=79/80/m5 sysheap_free=11208 alloc=21380 max=24080
[21:28:25.198] [1;32muart:~$ [m[8D[J[1;32muart:~$ [m[8D[J[00:45:34.479,000] [1;31m<err> llss_client: device state HTTP 502[0m
[21:28:28.939] [1;32muart:~$ [m[8D[J[00:45:34.479,000] [1;31m<err> llss: Poll error 502[0m
[21:28:28.940] [1;32muart:~$ [m[8D[J[1;32muart:~$ [m[8D[J[00:45:39.591,000] [1;31m<err> llss_client: device state HTTP 502[0m
[21:28:34.052] [1;32muart:~$ [m[8D[J[00:45:39.591,000] [1;31m<err> llss: Poll error 502[0m
[21:28:34.052] [1;32muart:~$ [m[8D[J[1;32muart:~$ [m[8D[J[00:45:44.702,000] [1;31m<err> llss_client: device state HTTP 502[0m
[21:28:39.163] [1;32muart:~$ [m[8D[J[00:45:44.702,000] [1;31m<err> llss: Poll error 502[0m
[21:28:39.163] [1;32muart:~$ [m[8D[J[1;32muart:~$ [mnet pkt[15D[J[00:45:49.815,000] [1;31m<err> llss_client: device state HTTP 502[0m
[21:28:44.275] [1;32muart:~$ [mnet pkt[15D[J[00:45:49.815,000] [1;31m<err> llss: Poll error 502[0m
[21:28:44.291] [1;32muart:~$ [mnet pkt[15D[J[1;32muart:~$ [mnet pkt 0x3c173e10
[21:28:47.130] net_pkt 0x3c173e10 buffer chain:
[21:28:47.131] 0x3c173e10[1]->0x3c172214[1/91 (91/105)]

[21:28:47.131] net_pkt 0x3c173e10 buffer chain hexdump:
[21:28:47.131] net_buf[0] 0x3c172214
[21:28:47.132] 00000000: 60 0e 18 d1 00 33 06 3f  28 04 07 f4 32 39 ef 6f |`....3.? (...29.o|
[21:28:47.132] 00000010: 50 54 00 ff fe ab cd 02  fd 00 ca fe 02 13 00 00 |PT...... ........|
[21:28:47.133] 00000020: 9e 13 9e ff fe b1 3d d8  25 88 94 c2 d2 cb e5 68 |......=. %......h|
[21:28:47.133] 00000030: 21 46 ed b6 50 18 fa 58  fc 02 00 00 15 03 03 00 |!F..P..X ........|
[21:28:47.134] 00000040: 1a 00 00 00 00 00 00 00  02 42 ae 93 15 d1 e9 10 |........ .B......|
[21:28:47.135] 00000050: 5c 13 b4 06 1b e2 0b 47  9e 83 ce                |\......G ...     |
[21:28:47.135] [1;32muart:~$ [m[8D[J[00:45:54.919,000] [1;31m<err> llss_client: device state HTTP 502[0m
[21:28:49.380] [1;32muart:~$ [m[8D[J[00:45:54.919,000] [1;31m<err> llss: Poll error 502[0m
[21:28:49.380] [1;32muart:~$ [m[8D[J[1;32muart:~$ [m[8D[J[00:46:00.022,000] [1;31m<err> llss_client: device state HTTP 502[0m
[21:28:54.482] [1;32muart:~$ [m[8D[J[00:46:00.022,000] [1;31m<err> llss: Poll error 502[0m
[21:28:54.483] [1;32muart:~$ [m[8D[J[00:46:00.492,000] [0m<inf> shtc3: SHTC3: temperature=22.71 C humidity=47.15 %[0m
[21:28:54.484] [1;32muart:~$ [m[8D[JNETMEM up=2760s pktRX=34/40 pktTX=15/16 bufRX=154/160/m102 bufTX=79/80/m5 sysheap_free=11208 alloc=21380 max=24080
[21:28:54.485] [1;32muart:~$ [m[8D[J[1;32muart:~$ [m[8D[J[00:46:05.133,000] [1;31m<err> llss_client: device state HTTP 502[0m
[21:28:59.594] [1;32muart:~$ [m[8D[J[00:46:05.133,000] [1;31m<err> llss: Poll error 502[0m
[21:28:59.594] [1;32muart:~$ [m[8D[J[1;32muart:~$ [m[8D[J[00:46:10.233,000] [1;31m<err> llss_client: device state HTTP 502[0m
[21:29:04.694] [1;32muart:~$ [m[8D[J[00:46:10.233,000] [1;31m<err> llss: Poll error 502[0m
[21:29:04.694] [1;32muart:~$ [m[8D[J[1;32muart:~$ [m[8D[J[00:46:15.341,000] [1;31m<err> llss_client: device state HTTP 502[0m
[21:29:09.801] [1;32muart:~$ [m[8D[J[00:46:15.341,000] [1;31m<err> llss: Poll error 502[0m
[21:29:09.802] [1;32muart:~$ [m[8D[J[1;32muart:~$ [m[8D[J[00:46:20.459,000] [1;31m<err> llss_client: device state HTTP 502[0m
[21:29:14.920] [1;32muart:~$ [m[8D[J[00:46:20.459,000] [1;31m<err> llss: Poll error 502[0m
[21:29:14.921] [1;32muart:~$ [m[8D[J[1;32muart:~$ [m[8D[J[00:46:25.597,000] [1;31m<err> llss_client: device state HTTP 502[0m
[21:29:20.058] [1;32muart:~$ [m[8D[J[00:46:25.597,000] [1;31m<err> llss: Poll error 502[0m
[21:29:20.059] [1;32muart:~$ [m[8D[J[1;32muart:~$ [m[8D[J[00:46:30.712,000] [1;31m<err> llss_client: device state HTTP 502[0m
[21:29:25.173] [1;32muart:~$ [m[8D[J[00:46:30.712,000] [1;31m<err> llss: Poll error 502[0m
[21:29:25.173] [1;32muart:~$ [m[8D[JNETMEM up=2790s pktRX=34/40 pktTX=15/16 bufRX=154/160/m102 bufTX=79/80/m5 sysheap_free=11172 alloc=21416 max=24080
[21:29:25.174] [1;32muart:~$ [m[8D[J[1;32muart:~$ [m[8D[J[00:46:35.811,000] [1;31m<err> llss_client: device state HTTP 502[0m
[21:29:30.273] [1;32muart:~$ [m[8D[J[00:46:35.812,000] [1;31m<err> llss: Poll error 502[0m
[21:29:30.273] [1;32muart:~$ [m[8D[J[1;32muart:~$ [m[8D[J[00:46:40.935,000] [1;31m<err> llss_client: device state HTTP 502[0m
[21:29:35.396] [1;32muart:~$ [m[8D[J[00:46:40.935,000] [1;31m<err> llss: Poll error 502[0m
[21:29:35.397] [1;32muart:~$ [m[8D[J[1;32muart:~$ [m[8D[J[00:46:46.036,000] [1;31m<err> llss_client: device state HTTP 502[0m
[21:29:40.497] [1;32muart:~$ [m[8D[J[00:46:46.036,000] [1;31m<err> llss: Poll error 502[0m
[21:29:40.498] [1;32muart:~$ [m[8D[J[1;32muart:~$ [m[8D[J[00:46:51.142,000] [1;31m<err> llss_client: device state HTTP 502[0m
[21:29:45.603] [1;32muart:~$ [m[8D[J[00:46:51.142,000] [1;31m<err> llss: Poll error 502[0m
[21:29:45.604] [1;32muart:~$ [m[8D[J[1;32muart:~$ [m[8D[J[00:46:56.248,000] [1;31m<err> llss_client: device state HTTP 502[0m
[21:29:50.709] [1;32muart:~$ [m[8D[J[00:46:56.248,000] [1;31m<err> llss: Poll error 502[0m
[21:29:50.710] [1;32muart:~$ [m[8D[J[1;32muart:~$ [m[8D[J[00:47:00.494,000] [0m<inf> shtc3: SHTC3: temperature=22.49 C humidity=45.72 %[0m
[21:29:54.956] [1;32muart:~$ [m[8D[JNETMEM up=2820s pktRX=34/40 pktTX=15/16 bufRX=154/160/m102 bufTX=79/80/m5 sysheap_free=11208 alloc=21380 max=24080
[21:29:54.957] [1;32muart:~$ [m[8D[J[00:47:01.357,000] [1;31m<err> llss_client: device state HTTP 502[0m
[21:29:54.958] [1;32muart:~$ [m[8D[J[00:47:01.357,000] [1;31m<err> llss: Poll error 502[0m
[21:29:54.958] [1;32muart:~$ [m[8D[J[1;32muart:~$ [m[8D[J[00:47:06.462,000] [1;31m<err> llss_client: device state HTTP 502[0m
[21:30:00.923] [1;32muart:~$ [m[8D[J[00:47:06.462,000] [1;31m<err> llss: Poll error 502[0m
[21:30:00.923] [1;32muart:~$ [m[8D[J[1;32muart:~$ [m[8D[J[00:47:11.580,000] [1;31m<err> llss_client: device state HTTP 502[0m
[21:30:06.041] [1;32muart:~$ [m[8D[J[00:47:11.580,000] [1;31m<err> llss: Poll error 502[0m
[21:30:06.042] [1;32muart:~$ [m[8D[J[1;32muart:~$ [m[8D[J[00:47:16.685,000] [1;31m<err> llss_client: device state HTTP 502[0m
[21:30:11.146] [1;32muart:~$ [m[8D[J[00:47:16.685,000] [1;31m<err> llss: Poll error 502[0m
[21:30:11.147] [1;32muart:~$ [m[8D[J[1;32muart:~$ [m[8D[J[00:47:21.793,000] [1;31m<err> llss_client: device state HTTP 502[0m
[21:30:16.255] [1;32muart:~$ [m[8D[J[00:47:21.793,000] [1;31m<err> llss: Poll error 502[0m
[21:30:16.255] [1;32muart:~$ [m[8D[J[1;32muart:~$ [m[8D[J[00:47:26.902,000] [1;31m<err> llss_client: device state HTTP 502[0m
[21:30:21.364] [1;32muart:~$ [m[8D[J[00:47:26.902,000] [1;31m<err> llss: Poll error 502[0m
[21:30:21.364] [1;32muart:~$ [m[8D[J[1;32muart:~$ [m[8D[JNETMEM up=2850s pktRX=34/40 pktTX=15/16 bufRX=154/160/m102 bufTX=79/80/m5 sysheap_free=11208 alloc=21380 max=24080
[21:30:25.200] [1;32muart:~$ [m[8D[J[1;32muart:~$ [m[8D[J[00:47:32.028,000] [1;31m<err> llss_client: device state HTTP 502[0m
[21:30:26.489] [1;32muart:~$ [m[8D[J[00:47:32.028,000] [1;31m<err> llss: Poll error 502[0m
[21:30:26.490] [1;32muart:~$ [m[8D[J[00:47:32.028,000] [1;33m<wrn> net_watchdog: Watchdog soft reset (offline 2717s) — session + DNS[0m
[21:30:26.491] [1;32muart:~$ [m[8D[J[1;32muart:~$ [m[8D[J[00:47:37.151,000] [1;31m<err> llss_client: device state HTTP 502[0m
[21:30:31.612] [1;32muart:~$ [m[8D[J[00:47:37.151,000] [1;31m<err> llss: Poll error 502[0m
[21:30:31.613] [1;32muart:~$ [m[8D[J[1;32muart:~$ [m[8D[J[00:47:42.267,000] [1;31m<err> llss_client: device state HTTP 502[0m
[21:30:36.728] [1;32muart:~$ [m[8D[J[00:47:42.267,000] [1;31m<err> llss: Poll error 502[0m
[21:30:36.729] [1;32muart:~$ [m[8D[J[1;32muart:~$ [m[8D[J[00:47:47.374,000] [1;31m<err> llss_client: device state HTTP 502[0m
[21:30:41.836] [1;32muart:~$ [m[8D[J[00:47:47.374,000] [1;31m<err> llss: Poll error 502[0m
[21:30:41.836] [1;32muart:~$ [m[8D[J[1;32muart:~$ [m[8D[J[00:47:52.483,000] [1;31m<err> llss_client: device state HTTP 502[0m
[21:30:46.945] [1;32muart:~$ [m[8D[J[00:47:52.483,000] [1;31m<err> llss: Poll error 502[0m
[21:30:46.945] [1;32muart:~$ [m[8D[J[1;32muart:~$ [m[8D[J[00:47:57.594,000] [1;31m<err> llss_client: device state HTTP 502[0m
[21:30:52.055] [1;32muart:~$ [m[8D[J[00:47:57.594,000] [1;31m<err> llss: Poll error 502[0m
[21:30:52.055] [1;32muart:~$ [m[8D[J[1;32muart:~$ [m[8D[J[00:48:00.497,000] [0m<inf> shtc3: SHTC3: temperature=22.24 C humidity=46.33 %[0m
[21:30:54.959] [1;32muart:~$ [m[8D[JNETMEM up=2880s pktRX=33/40 pktTX=15/16 bufRX=153/160/m102 bufTX=79/80/m5 sysheap_free=11208 alloc=21380 max=24080
[21:30:54.960] [1;32muart:~$ [m[8D[J[1;32muart:~$ [m[8D[J[00:48:02.697,000] [1;31m<err> llss_client: device state HTTP 502[0m
[21:30:57.158] [1;32muart:~$ [m[8D[J[00:48:02.697,000] [1;31m<err> llss: Poll error 502[0m
[21:30:57.159] [1;32muart:~$ [m[8D[J[1;32muart:~$ [m[8D[J[00:48:07.807,000] [1;31m<err> llss_client: device state HTTP 502[0m
[21:31:02.268] [1;32muart:~$ [m[8D[J[00:48:07.807,000] [1;31m<err> llss: Poll error 502[0m
[21:31:02.269] [1;32muart:~$ [m[8D[J[1;32muart:~$ [m[8D[J[00:48:12.916,000] [1;31m<err> llss_client: device state HTTP 502[0m
[21:31:07.378] [1;32muart:~$ [m[8D[J[00:48:12.916,000] [1;31m<err> llss: Poll error 502[0m
[21:31:07.378] [1;32muart:~$ [m[8D[J[1;32muart:~$ [m[8D[J[00:48:18.027,000] [1;31m<err> llss_client: device state HTTP 502[0m
[21:31:12.488] [1;32muart:~$ [m[8D[J[00:48:18.027,000] [1;31m<err> llss: Poll error 502[0m
[21:31:12.489] [1;32muart:~$ [m[8D[J[1;32muart:~$ [m[8D[J[00:48:23.133,000] [1;31m<err> llss_client: device state HTTP 502[0m
[21:31:17.594] [1;32muart:~$ [m[8D[J[00:48:23.133,000] [1;31m<err> llss: Poll error 502[0m
[21:31:17.595] [1;32muart:~$ [m[8D[J[1;32muart:~$ [m[8D[J[00:48:28.239,000] [1;31m<err> llss_client: device state HTTP 502[0m
[21:31:22.702] [1;32muart:~$ [m[8D[J[00:48:28.239,000] [1;31m<err> llss: Poll error 502[0m
[21:31:22.703] [1;32muart:~$ [m[8D[J[1;32muart:~$ [m[8D[JNETMEM up=2910s pktRX=33/40 pktTX=15/16 bufRX=153/160/m102 bufTX=79/80/m5 sysheap_free=11208 alloc=21380 max=24080
[21:31:25.200] [1;32muart:~$ [m[8D[J[1;32muart:~$ [m[8D[J[00:48:33.340,000] [1;31m<err> llss_client: device state HTTP 502[0m
[21:31:27.801] [1;32muart:~$ [m[8D[J[00:48:33.340,000] [1;31m<err> llss: Poll error 502[0m
[21:31:27.802] [1;32muart:~$ [m[8D[J[1;32muart:~$ [m[8D[J[00:48:38.445,000] [1;31m<err> llss_client: device state HTTP 502[0m
[21:31:32.906] [1;32muart:~$ [m[8D[J[00:48:38.445,000] [1;31m<err> llss: Poll error 502[0m
[21:31:32.907] [1;32muart:~$ [m[8D[J[1;32muart:~$ [m[8D[J[00:48:43.604,000] [1;31m<err> llss_client: device state HTTP 502[0m
[21:31:38.066] [1;32muart:~$ [m[8D[J[00:48:43.604,000] [1;31m<err> llss: Poll error 502[0m
[21:31:38.066] [1;32muart:~$ [m[8D[J[1;32muart:~$ [m[8D[J[00:48:48.713,000] [1;31m<err> llss_client: device state HTTP 502[0m
[21:31:43.174] [1;32muart:~$ [m[8D[J[00:48:48.713,000] [1;31m<err> llss: Poll error 502[0m
[21:31:43.175] [1;32muart:~$ [m[8D[J[1;32muart:~$ [m[8D[J[00:48:53.825,000] [1;31m<err> llss_client: device state HTTP 502[0m
[21:31:48.286] [1;32muart:~$ [m[8D[J[00:48:53.825,000] [1;31m<err> llss: Poll error 502[0m
[21:31:48.287] [1;32muart:~$ [m[8D[J[1;32muart:~$ [m[8D[J[00:48:58.930,000] [1;31m<err> llss_client: device state HTTP 502[0m
[21:31:53.391] [1;32muart:~$ [m[8D[J[00:48:58.930,000] [1;31m<err> llss: Poll error 502[0m
[21:31:53.392] [1;32muart:~$ [m[8D[J[1;32muart:~$ [m[8D[J[00:49:00.500,000] [0m<inf> shtc3: SHTC3: temperature=22.22 C humidity=46.96 %[0m
[21:31:54.962] [1;32muart:~$ [m[8D[JNETMEM up=2940s pktRX=33/40 pktTX=15/16 bufRX=153/160/m102 bufTX=79/80/m5 sysheap_free=11208 alloc=21380 max=24080
[21:31:54.963] [1;32muart:~$ [m[8D[J[1;32muart:~$ [m[8D[J[00:49:04.043,000] [1;31m<err> llss_client: device state HTTP 502[0m
[21:31:58.505] [1;32muart:~$ [m[8D[J[00:49:04.043,000] [1;31m<err> llss: Poll error 502[0m
[21:31:58.505] [1;32muart:~$ [m[8D[J[1;32muart:~$ [m[8D[J[00:49:09.156,000] [1;31m<err> llss_client: device state HTTP 502[0m
[21:32:03.617] [1;32muart:~$ [m[8D[J[00:49:09.156,000] [1;31m<err> llss: Poll error 502[0m
[21:32:03.618] [1;32muart:~$ [m[8D[J[1;32muart:~$ [mn[9D[J[00:49:14.265,000] [1;31m<err> llss_client: device state HTTP 502[0m
[21:32:08.726] [1;32muart:~$ [mn[9D[J[00:49:14.265,000] [1;31m<err> llss: Poll error 502[0m
[21:32:08.742] [1;32muart:~$ [mn[9D[J[1;32muart:~$ [mnet allocs
[21:32:10.610] Network memory allocations

[21:32:10.610] memory		Status	Pool	Function alloc -> freed
[21:32:10.611] 0x3c1733f0/1	 used	   RX	eth_esp32_rx():153
[21:32:10.611] 0x3c1735e8/1	 used	   RX	eth_esp32_rx():153
[21:32:10.612] 0x3c173c60/1	 used	   RX	eth_esp32_rx():153
[21:32:10.612] 0x3c173cf0/1	 used	   RX	eth_esp32_rx():153
[21:32:10.612] 0x3c172f70/1	 used	   TX	net_ipv6_send_ns():2094
[21:32:10.613] 0x3c173e10/1	 used	   RX	eth_esp32_rx():153
[21:32:10.613] 0x3c1733a8/1	 used	   RX	eth_esp32_rx():153
[21:32:10.613] 0x3c173ab0/1	 used	   RX	eth_esp32_rx():153
[21:32:10.614] 0x3c173480	 free	   RX	eth_esp32_rx():153 -> processing_data():157
[21:32:10.614] 0x3c173a68	 free	   RX	eth_esp32_rx():153 -> tcp_in():3635
[21:32:10.615] 0x3c172ee0	 free	   TX	tcp_out_ext():1573 -> tcp_send():472
[21:32:10.615] 0x3c15d4bc	 free	TDATA	ethernet_fill_header():610 -> tcp_send():472
[21:32:10.616] 0x3c1734c8	 free	   RX	eth_esp32_rx():153 -> processing_data():157
[21:32:10.616] 0x3c173708	 free	   RX	eth_esp32_rx():153 -> processing_data():157
[21:32:10.617] 0x3c1736c0	 free	   RX	eth_esp32_rx():153 -> processing_data():157
[21:32:10.617] 0x3c173750	 free	   RX	eth_esp32_rx():153 -> processing_data():157
[21:32:10.618] 0x3c173798	 free	   RX	eth_esp32_rx():153 -> processing_data():157
[21:32:10.618] 0x3c1737e0	 free	   RX	eth_esp32_rx():153 -> processing_data():157
[21:32:10.620] 0x3c173828	 free	   RX	eth_esp32_rx():153 -> processing_data():157
[21:32:10.620] 0x3c173870	 free	   RX	eth_esp32_rx():153 -> processing_data():157
[21:32:10.621] 0x3c1738b8	 free	   RX	eth_esp32_rx():153 -> processing_data():157
[21:32:10.622] 0x3c173900	 free	   RX	eth_esp32_rx():153 -> processing_data():157
[21:32:10.622] 0x3c173948	 free	   RX	eth_esp32_rx():153 -> processing_data():157
[21:32:10.622] 0x3c173c18	 free	   RX	eth_esp32_rx():153 -> processing_data():157
[21:32:10.624] 0x3c173ca8	 free	   RX	eth_esp32_rx():153 -> processing_data():157
[21:32:10.624] 0x3c173a68	 free	   RX	eth_esp32_rx():153 -> processing_data():157
[21:32:10.625] 0x3c173ab0	 free	   RX	eth_esp32_rx():153 -> processing_data():157
[21:32:10.625] 0x3c173480	 free	   RX	eth_esp32_rx():153 -> processing_data():157
[21:32:10.626] 0x3c15d4bc	 free	TDATA	ethernet_fill_header():610 -> tcp_send():472
[21:32:10.627] 0x3c15d4bc	 free	TDATA	ethernet_fill_header():610 -> tcp_send():472
[21:32:10.627] 0x3c173678	 free	   RX	eth_esp32_rx():153 -> processing_data():157
[21:32:10.628] 0x3c173630	 free	   RX	eth_esp32_rx():153 -> processing_data():157
[21:32:10.628] 0x3c1733a8	 free	   RX	eth_esp32_rx():153 -> processing_data():157
[21:32:10.629] 0x3c172f28	 free	   TX	tcp_out_ext():1573 -> tcp_send():472
[21:32:10.629] 0x3c15d4a0	 free	TDATA	ethernet_fill_header():610 -> tcp_send():472
[21:32:10.630] 0x3c173438	 free	   RX	eth_esp32_rx():153 -> processing_data():157
[21:32:10.630] 0x3c173d38	 free	   RX	eth_esp32_rx():153 -> processing_data():157
[21:32:10.631] 0x3c173d80	 free	   RX	eth_esp32_rx():153 -> processing_data():157
[21:32:10.631] 0x3c173dc8	 free	   RX	eth_esp32_rx():153 -> processing_data():157
[21:32:10.632] 0x3c173e10	 free	   RX	eth_esp32_rx():153 -> processing_data():157
[21:32:10.632] 0x3c173e58	 free	   RX	eth_esp32_rx():153 -> processing_data():157
[21:32:10.633] 0x3c15d4a0	 free	TDATA	ethernet_fill_header():610 -> tcp_send():472
[21:32:10.633] 0x3c15d4a0	 free	TDATA	ethernet_fill_header():610 -> tcp_send():472
[21:32:10.634] [1;32muart:~$ [m[8D[J[00:49:19.366,000] [1;31m<err> llss_client: device state HTTP 502[0m
[21:32:13.828] [1;32muart:~$ [m[8D[J[00:49:19.366,000] [1;31m<err> llss: Poll error 502[0m
[21:32:13.829] [1;32muart:~$ [m[8D[J[1;32muart:~$ [m[8D[J[00:49:24.463,000] [1;31m<err> llss_client: device state HTTP 502[0m
[21:32:18.924] [1;32muart:~$ [m[8D[J[00:49:24.463,000] [1;31m<err> llss: Poll error 502[0m
[21:32:18.925] [1;32muart:~$ [m[8D[J[1;32muart:~$ [m[8D[J[00:49:29.562,000] [1;31m<err> llss_client: device state HTTP 502[0m
[21:32:24.024] [1;32muart:~$ [m[8D[J[00:49:29.562,000] [1;31m<err> llss: Poll error 502[0m
[21:32:24.024] [1;32muart:~$ [m[8D[J[1;32muart:~$ [m[8D[JNETMEM up=2970s pktRX=33/40 pktTX=15/16 bufRX=153/160/m102 bufTX=79/80/m5 sysheap_free=11208 alloc=21380 max=24080
[21:32:25.201] [1;32muart:~$ [m[8D[J[1;32muart:~$ [m[8D[J[00:49:34.672,000] [1;31m<err> llss_client: device state HTTP 502[0m
[21:32:29.134] [1;32muart:~$ [m[8D[J[00:49:34.672,000] [1;31m<err> llss: Poll error 502[0m
[21:32:29.134] [1;32muart:~$ [m[8D[J[1;32muart:~$ [m[8D[J[00:49:39.774,000] [1;31m<err> llss_client: device state HTTP 502[0m
[21:32:34.236] [1;32muart:~$ [m[8D[J[00:49:39.774,000] [1;31m<err> llss: Poll error 502[0m
[21:32:34.237] [1;32muart:~$ [m[8D[J[1;32muart:~$ [m[8D[J[00:49:44.884,000] [1;31m<err> llss_client: device state HTTP 502[0m
[21:32:39.346] [1;32muart:~$ [m[8D[J[00:49:44.884,000] [1;31m<err> llss: Poll error 502[0m
[21:32:39.347] [1;32muart:~$ [m[8D[J[1;32muart:~$ [m[8D[J[00:49:50.015,000] [1;31m<err> llss_client: device state HTTP 502[0m
[21:32:44.476] [1;32muart:~$ [m[8D[J[00:49:50.015,000] [1;31m<err> llss: Poll error 502[0m
[21:32:44.477] [1;32muart:~$ [m[8D[J[1;32muart:~$ [m[8D[J[00:49:55.126,000] [1;31m<err> llss_client: device state HTTP 502[0m
[21:32:49.588] [1;32muart:~$ [m[8D[J[00:49:55.126,000] [1;31m<err> llss: Poll error 502[0m
[21:32:49.588] [1;32muart:~$ [m[8D[J[1;32muart:~$ [m[8D[J[00:50:00.229,000] [1;31m<err> llss_client: device state HTTP 502[0m
[21:32:53.723] [1;32muart:~$ [m[8D[J[00:50:00.229,000] [1;31m<err> llss: Poll error 502[0m
[21:32:53.723] [1;32muart:~$ [m[8D[JThread analyze:
[21:32:53.724] [1;32muart:~$ [m[8D[J wdt_sentinel_tid    : STACK: unused 432 usage 336 / 768 (43 %); CPU: 0 %
[21:32:53.725] [1;32muart:~$ [m[8D[J                     : Total CPU cycles used: 22223689
[21:32:53.725] [1;32muart:~$ [m[8D[J thread_analyzer     : STACK: unused 80 usage 944 / 1024 (92 %); CPU: 0 %
[21:32:53.726] [1;32muart:~$ [m[8D[J                     : Total CPU cycles used: 6768785
[21:32:53.726] [1;32muart:~$ [m[8D[J sys_wdt_tid         : STACK: unused 704 usage 320 / 1024 (31 %); CPU: 0 %
[21:32:53.727] [1;32muart:~$ [m[8D[J                     : Total CPU cycles used: 4478886
[21:32:53.728] [1;32muart:~$ [m[8D[J shtc3_thread        : STACK: unused 1360 usage 688 / 2048 (33 %); CPU: 0 %
[21:32:53.729] [1;32muart:~$ [m[8D[J                     : Total CPU cycles used: 3599546
[21:32:53.729] [1;32muart:~$ [m[8D[J ntp_thread          : STACK: unused 2464 usage 1632 / 4096 (39 %); CPU: 0 %
[21:32:53.730] [1;32muart:~$ [m[8D[J                     : Total CPU cycles used: 1936297
[21:32:53.731] [1;32muart:~$ [m[8D[J netmem_tid          : STACK: unused 624 usage 656 / 1280 (51 %); CPU: 0 %
[21:32:53.732] [1;32muart:~$ [m[8D[J                     : Total CPU cycles used: 2956423
[21:32:53.732] [1;32muart:~$ [m[8D[J llss_thread         : STACK: unused 11584 usage 4800 / 16384 (29 %); CPU: 1 %
[21:32:53.733] [1;32muart:~$ [m[8D[J                     : Total CPU cycles used: 9922501803
[21:32:53.734] [1;32muart:~$ [m[8D[J input               : STACK: unused 560 usage 464 / 1024 (45 %); CPU: 0 %
[21:32:53.735] [1;32muart:~$ [m[8D[J                     : Total CPU cycles used: 80945
[21:32:53.735] [1;32muart:~$ [m[8D[J display_thread      : STACK: unused 8640 usage 3648 / 12288 (29 %); CPU: 0 %
[21:32:53.736] [1;32muart:~$ [m[8D[J                     : Total CPU cycles used: 541736195
[21:32:53.737] [1;32muart:~$ [m[8D[J device_ui_thread    : STACK: unused 4496 usage 3696 / 8192 (45 %); CPU: 0 %
[21:32:53.737] [1;32muart:~$ [m[8D[J                     : Total CPU cycles used: 4359642225
[21:32:53.738] [1;32muart:~$ [m[8D[J conn_mgr_monitor    : STACK: unused 176 usage 336 / 512 (65 %); CPU: 0 %
[21:32:53.739] [1;32muart:~$ [m[8D[J                     : Total CPU cycles used: 86197
[21:32:53.739] [1;32muart:~$ [m[8D[J net_socket_service  : STACK: unused 3344 usage 752 / 4096 (18 %); CPU: 0 %
[21:32:53.740] [1;32muart:~$ [m[8D[J                     : Total CPU cycles used: 6453305
[21:32:53.741] [1;32muart:~$ [m[8D[J rx_q[0]             : STACK: unused 496 usage 1552 / 2048 (75 %); CPU: 0 %
[21:32:53.742] [1;32muart:~$ [m[8D[J                     : Total CPU cycles used: 2081778786
[21:32:53.742] [1;32muart:~$ [m[8D[J net_mgmt            : STACK: unused 3424 usage 672 / 4096 (16 %); CPU: 0 %
[21:32:53.743] [1;32muart:~$ [m[8D[J                     : Total CPU cycles used: 1630799
[21:32:53.744] [1;32muart:~$ [m[8D[J tcp_work            : STACK: unused 1168 usage 880 / 2048 (42 %); CPU: 0 %
[21:32:53.745] [1;32muart:~$ [m[8D[J                     : Total CPU cycles used: 37424386
[21:32:53.745] [1;32muart:~$ [m[8D[J shell_uart          : STACK: unused 2384 usage 1712 / 4096 (41 %); CPU: 0 %
[21:32:53.746] [1;32muart:~$ [m[8D[J                     : Total CPU cycles used: 158372695
[21:32:53.747] [1;32muart:~$ [m[8D[J wifi                : STACK: unused 1440 usage 2144 / 3584 (59 %); CPU: 1 %
[21:32:53.747] [1;32muart:~$ [m[8D[J                     : Total CPU cycles used: 7425183723
[21:32:53.749] [1;32muart:~$ [m[8D[J sysworkq            : STACK: unused 3232 usage 864 / 4096 (21 %); CPU: 0 %
[21:32:53.751] [1;32muart:~$ [m[8D[J                     : Total CPU cycles used: 69131367
[21:32:53.751] [1;32muart:~$ [m[8D[J esp_timer           : STACK: unused 3536 usage 560 / 4096 (13 %); CPU: 0 %
[21:32:53.752] [1;32muart:~$ [m[8D[J                     : Total CPU cycles used: 296546703
[21:32:53.753] [1;32muart:~$ [m[8D[J logging             : STACK: unused 544 usage 480 / 1024 (46 %); CPU: 0 %
[21:32:53.754] [1;32muart:~$ [m[8D[J                     : Total CPU cycles used: 24471708
[21:32:53.754] [1;32muart:~$ [m[8D[J idle                : STACK: unused 816 usage 208 / 1024 (20 %); CPU: 96 %
[21:32:53.756] [1;32muart:~$ [m[8D[J                     : Total CPU cycles used: 694514140488
[21:32:53.756] [1;32muart:~$ [m[8D[J ISR0                : STACK: unused 1520 usage 528 / 2048 (25 %); CPU: 0 %
[21:32:53.757] [1;32muart:~$ [m[8D[J                     : Total CPU cycles used: 0
[21:32:53.758] [1;32muart:~$ [m[8D[J[1;32muart:~$ [m[8D[J[1;32muart:~$ [m[8D[J[00:50:00.503,000] [0m<inf> shtc3: SHTC3: temperature=22.22 C humidity=46.74 %[0m
[21:32:54.965] [1;32muart:~$ [m[8D[JNETMEM up=3000s pktRX=33/40 pktTX=15/16 bufRX=153/160/m102 bufTX=79/80/m5 sysheap_free=11208 alloc=21380 max=24080
[21:32:54.966] [1;32muart:~$ [m[8D[J[1;32muart:~$ [m[8D[J[00:50:05.340,000] [1;31m<err> llss_client: device state HTTP 502[0m
[21:32:59.802] [1;32muart:~$ [m[8D[J[00:50:05.340,000] [1;31m<err> llss: Poll error 502[0m
[21:32:59.803] [1;32muart:~$ [m[8D[J[1;32muart:~$ [m[8D[J[00:50:10.441,000] [1;31m<err> llss_client: device state HTTP 502[0m
[21:33:04.903] [1;32muart:~$ [m[8D[J[00:50:10.441,000] [1;31m<err> llss: Poll error 502[0m
[21:33:04.904] [1;32muart:~$ [m[8D[J[1;32muart:~$ [m[8D[J[00:50:15.547,000] [1;31m<err> llss_client: device state HTTP 502[0m
[21:33:10.009] [1;32muart:~$ [m[8D[J[00:50:15.547,000] [1;31m<err> llss: Poll error 502[0m
[21:33:10.009] [1;32muart:~$ [m[8D[J[1;32muart:~$ [m[8D[J[00:50:20.655,000] [1;31m<err> llss_client: device state HTTP 502[0m
[21:33:15.117] [1;32muart:~$ [m[8D[J[00:50:20.655,000] [1;31m<err> llss: Poll error 502[0m
[21:33:15.118] [1;32muart:~$ [m[8D[J[1;32muart:~$ [m[8D[J[00:50:25.764,000] [1;31m<err> llss_client: device state HTTP 502[0m
[21:33:20.226] [1;32muart:~$ [m[8D[J[00:50:25.764,000] [1;31m<err> llss: Poll error 502[0m
[21:33:20.226] [1;32muart:~$ [m[8D[J[1;32muart:~$ [m[8D[JNETMEM up=3030s pktRX=33/40 pktTX=15/16 bufRX=153/160/m102 bufTX=79/80/m5 sysheap_free=11208 alloc=21380 max=24080
[21:33:25.202] [1;32muart:~$ [m[8D[J[00:50:30.883,000] [1;31m<err> llss_client: device state HTTP 502[0m
[21:33:25.203] [1;32muart:~$ [m[8D[J[00:50:30.883,000] [1;31m<err> llss: Poll error 502[0m
[21:33:25.203] [1;32muart:~$ [m[8D[J[1;32muart:~$ [m[8D[J[00:50:35.995,000] [1;31m<err> llss_client: device state HTTP 502[0m
[21:33:30.457] [1;32muart:~$ [m[8D[J[00:50:35.995,000] [1;31m<err> llss: Poll error 502[0m
[21:33:30.457] [1;32muart:~$ [m[8D[J[1;32muart:~$ [m[8D[J[00:50:41.111,000] [1;31m<err> llss_client: device state HTTP 502[0m
[21:33:35.573] [1;32muart:~$ [m[8D[J[00:50:41.111,000] [1;31m<err> llss: Poll error 502[0m
[21:33:35.573] [1;32muart:~$ [m[8D[J[1;32muart:~$ [m[8D[J[00:50:46.226,000] [1;31m<err> llss_client: device state HTTP 502[0m
[21:33:40.688] [1;32muart:~$ [m[8D[J[00:50:46.226,000] [1;31m<err> llss: Poll error 502[0m
[21:33:40.689] [1;32muart:~$ [m[8D[J[1;32muart:~$ [m[8D[J[00:50:51.339,000] [1;31m<err> llss_client: device state HTTP 502[0m
[21:33:45.801] [1;32muart:~$ [m[8D[J[00:50:51.339,000] [1;31m<err> llss: Poll error 502[0m
[21:33:45.801] [1;32muart:~$ [m[8D[J[1;32muart:~$ [m[8D[J[00:50:56.513,000] [1;31m<err> llss_client: device state HTTP 502[0m
[21:33:50.976] [1;32muart:~$ [m[8D[J[00:50:56.513,000] [1;31m<err> llss: Poll error 502[0m
[21:33:50.977] [1;32muart:~$ [m[8D[J[1;32muart:~$ [m[8D[J[00:51:00.506,000] [0m<inf> shtc3: SHTC3: temperature=21.99 C humidity=47.56 %[0m
[21:33:54.969] [1;32muart:~$ [m[8D[JNETMEM up=3060s pktRX=33/40 pktTX=15/16 bufRX=153/160/m102 bufTX=79/80/m5 sysheap_free=11208 alloc=21380 max=24080
[21:33:54.970] [1;32muart:~$ [m[8D[J[1;32muart:~$ [m[8D[J[00:51:01.648,000] [1;31m<err> llss_client: device state HTTP 502[0m
[21:33:56.110] [1;32muart:~$ [m[8D[J[00:51:01.648,000] [1;31m<err> llss: Poll error 502[0m
[21:33:56.110] [1;32muart:~$ [m[8D[J[1;32muart:~$ [m[8D[J[00:51:06.759,000] [1;31m<err> llss_client: device state HTTP 502[0m
[21:34:01.221] [1;32muart:~$ [m[8D[J[00:51:06.759,000] [1;31m<err> llss: Poll error 502[0m
[21:34:01.221] [1;32muart:~$ [m[8D[J[1;32muart:~$ [m[8D[J[00:51:11.882,000] [1;31m<err> llss_client: device state HTTP 502[0m
[21:34:06.345] [1;32muart:~$ [m[8D[J[00:51:11.882,000] [1;31m<err> llss: Poll error 502[0m
[21:34:06.345] [1;32muart:~$ [m[8D[J[1;32muart:~$ [m[8D[J[00:51:17.006,000] [1;31m<err> llss_client: device state HTTP 502[0m
[21:34:11.468] [1;32muart:~$ [m[8D[J[00:51:17.006,000] [1;31m<err> llss: Poll error 502[0m
[21:34:11.468] [1;32muart:~$ [m[8D[J[1;32muart:~$ [m[8D[J[00:51:22.127,000] [1;31m<err> llss_client: device state HTTP 502[0m
[21:34:16.590] [1;32muart:~$ [m[8D[J[00:51:22.127,000] [1;31m<err> llss: Poll error 502[0m
[21:34:16.590] [1;32muart:~$ [m[8D[J[1;32muart:~$ [m[8D[J[00:51:27.250,000] [1;31m<err> llss_client: device state HTTP 502[0m
[21:34:21.712] [1;32muart:~$ [m[8D[J[00:51:27.250,000] [1;31m<err> llss: Poll error 502[0m
[21:34:21.712] [1;32muart:~$ [m[8D[J[1;32muart:~$ [m[8D[JNETMEM up=3090s pktRX=33/40 pktTX=15/16 bufRX=153/160/m102 bufTX=79/80/m5 sysheap_free=11208 alloc=21380 max=24080
[21:34:25.202] [1;32muart:~$ [m[8D[J[1;32muart:~$ [m[8D[J[00:51:32.370,000] [1;31m<err> llss_client: device state HTTP 502[0m
[21:34:26.832] [1;32muart:~$ [m[8D[J[00:51:32.370,000] [1;31m<err> llss: Poll error 502[0m
[21:34:26.833] [1;32muart:~$ [m[8D[J[1;32muart:~$ [m