[12:37:43.613] art:~$ [m^[[1;32muart:~$ ^[25D[J[1;31m[1;31m--- 43 messages dropped ---
[12:37:43.613] [0m[m[00:00:00.064,000] [1;31m<err> gpio_mcp230xx: i2c_write failed![0m
[12:37:43.614] [1;32muart:~$ [m^[[1;32muart:~$ ^[25D[J[1;31m[1;31m--- 12 messages dropped ---
[12:37:44.814] [0m[m[00:00:00.064,000] [1;31m<err> gpio_mcp23xxx: Failed to enable mirrored IRQ pins: -14[0m
[12:37:44.815] [1;32muart:~$ [m^[[1;32muart:~$ ^[25D[J[00:00:00.098,000] [1;31m<err> gpio_keys: mcp23017@20 device not ready[0m
[12:37:44.831] [1;32muart:~$ [m^[[1;32muart:~$ ^[25D[J[00:00:00.098,000] [0m<inf> esp32_aes: ESP32 AES hardware accelerator initialized[0m
[12:37:44.847] [1;32muart:~$ [m^[[1;32muart:~$ ^[25D[J*** Booting Zephyr OS build v4.4.0-2951-gfbfc5f19636d ***
[12:37:44.864] [1;32muart:~$ [m^[[1;32muart:~$ ^[25D[J[00:00:00.110,000] [0m<inf> fs_nvs: 8 Sectors of 4096 bytes[0m
[12:37:44.880] [1;32muart:~$ [m^[[1;32muart:~$ ^[25D[J[00:00:00.110,000] [0m<inf> fs_nvs: alloc wra: 0, f70[0m
[12:37:44.896] [1;32muart:~$ [m^[[1;32muart:~$ ^[25D[J[00:00:00.110,000] [0m<inf> fs_nvs: data wra: 0, db0[0m
[12:37:44.912] [1;32muart:~$ [m^[[1;32muart:~$ ^[25D[J[00:00:00.155,000] [0m<inf> sys_wdt: system watchdog supervisor up (DRY-RUN, no reset, check 5000 ms)[0m
[12:37:44.928] [1;32muart:~$ [m^[[1;32muart:~$ ^[25D[J[00:00:00.196,000] [0m<inf> llss_storage: LLSS storage loaded from NVS. device_id=dev_7380c1e5ca58[0m
[12:37:44.945] [1;32muart:~$ [m^[[1;32muart:~$ ^[25D[J[00:00:00.196,000] [0m<inf> llss: Stored device_id: dev_7380c1e5ca58[0m
[12:37:44.961] [1;32muart:~$ [m^[[1;32muart:~$ ^[25D[J[00:00:00.196,000] [0m<inf> llss: Hardware ID: 9c139eb13dd8[0m
[12:37:44.977] [1;32muart:~$ [m^[[1;32muart:~$ ^[25D[J[00:00:00.196,000] [0m<inf> llss_client: LLSS client ready: host=eink.tutu.eng.br port=9608 base=/api[0m
[12:37:44.993] [1;32muart:~$ [m^[[1;32muart:~$ ^[25D[J[00:00:01.655,000] [0m<inf> main: === LLSS e-Ink Client v0.1.0 ===[0m
[12:37:45.009] [1;32muart:~$ [m^[[1;32muart:~$ ^[25D[J[00:00:03.964,000] [0m<inf> wifi_prov: Stored creds SSID=tutu, trying STA...[0m
[12:37:45.025] [1;32muart:~$ [m^[[1;32muart:~$ ^[25D[J[00:00:03.964,000] [0m<inf> llss: WiFi connecting: tutu[0m
[12:37:45.042] [1;32muart:~$ [m^[[1;32muart:~$ ^[25D[J[1;32muart:~$ [m^[[1;32muart:~$ ^[25D[J[1;32muart:~$ [m^[[1;32muart:~$ ^[25D[J[00:00:09.680,000] [0m<inf> net_dhcpv4: Received: 192.168.213.15[0m
[12:37:48.444] [1;32muart:~$ [m^[[1;32muart:~$ ^[25D[J[00:00:09.680,000] [0m<inf> wifi_prov: Got IPv4: 192.168.213.15[0m
[12:37:48.460] [1;32muart:~$ [m^[[1;32muart:~$ ^[25D[J[00:00:09.680,000] [0m<inf> wifi_prov: WiFi STA connected: tutu[0m
[12:37:48.476] [1;32muart:~$ [m^[[1;32muart:~$ ^[25D[J[00:00:09.680,000] [0m<inf> wifi_prov: Waiting for first IP (v4 or v6) up to 25 s...[0m
[12:37:48.493] [1;32muart:~$ [m^[[1;32muart:~$ ^[25D[J[00:00:09.680,000] [0m<inf> wifi_prov: Got v4 — waiting up to 5 s for the other family[0m
[12:37:48.509] [1;32muart:~$ [m^[[1;32muart:~$ ^[25D[J[1;32muart:~$ [m^[[1;32muart:~$ ^[25D[J[00:00:14.680,000] [0m<inf> wifi_prov: DNS server [0]: 192.168.213.1 (source: DHCP)[0m
[12:37:53.459] [1;32muart:~$ [m^[[1;32muart:~$ ^[25D[J[00:00:14.680,000] [0m<inf> llss: WiFi connected: 192.168.213.15[0m
[12:37:53.477] [1;32muart:~$ [m^[[1;32muart:~$ ^[25D[J[1;32muart:~$ [m^[[1;32muart:~$ ^[25D[J[00:00:16.378,000] [0m<inf> llss: Token refreshed — polling[0m
[12:37:55.221] [1;32muart:~$ [m^[[1;32muart:~$ ^[25D[J[00:00:17.080,000] [0m<inf> ntp_sync: NTP synced: 2026-06-18 15:37:54 UTC[0m
[12:37:55.238] [1;32muart:~$ [m^[[1;32muart:~$ ^[25D[J[1;32muart:~$ [m^[[1;32muart:~$ ^[25D[J[00:00:18.482,000] [0m<inf> llss_client: DIAG http frames: path=/devices/dev_7380c1e5ca58/frames/frame_b9069d0f8774?raw=true reuse=1 total=502ms first_body=398ms tail=104ms max_gap=24ms frag_count=10 frag_bytes=48000 status=200 rc=321 body=48000[0m
[12:37:57.248] [1;32muart:~$ [m^[[1;32muart:~$ ^[25D[JDIAG fetch: write_buf=0ms http_fetch=502ms rc=0 png_len=48000
[12:37:57.263] [1;32muart:~$ [m^[[1;32muart:~$ ^[25D[JDIAG submit: 0ms drc=0
[12:37:57.279] [1;32muart:~$ [m^[[1;32muart:~$ ^[25D[J[00:00:18.491,000] [0m<inf> display: Displaying frame (48000 bytes)[0m
[12:37:57.296] [1;32muart:~$ [m^[[1;32muart:~$ ^[25D[J[1;32muart:~$ [m^[[1;32muart:~$ ^[25D[JNETMEM up=30s pktRX=40/40 pktTX=16/16 bufRX=160/160/m102 bufTX=80/80/m4 sysheap_free=11208 alloc=21380 max=23396
[12:38:08.962] [1;32muart:~$ [m^[[1;32muart:~$ ^[25D[J[1;32muart:~$ [m^[[1;32muart:~$ ^[25D[JNETMEM up=60s pktRX=40/40 pktTX=16/16 bufRX=160/160/m102 bufTX=80/80/m4 sysheap_free=11208 alloc=21380 max=23396
[12:38:38.962] [1;32muart:~$ [m^[[1;32muart:~$ ^[25D[J[00:01:00.203,000] [0m<inf> shtc3: SHTC3: temperature=24.11 C humidity=35.30 %[0m
[12:38:38.979] [1;32muart:~$ [m^[[1;32muart:~$ ^[25D[J[1;32muart:~$ [m^[[1;32muart:~$ ^[25D[JNETMEM up=90s pktRX=40/40 pktTX=16/16 bufRX=160/160/m102 bufTX=80/80/m4 sysheap_free=11208 alloc=21380 max=23396
[12:39:08.963] [1;32muart:~$ [m^[[1;32muart:~$ ^[25D[J[1;32muart:~$ [m^[[1;32muart:~$ ^
[12:39:30.743] [1;31m^[[1;32muart:~$: command not found
[12:39:30.743] [m[1;32muart:~$ [mb 7
[12:39:36.864] Injected PRESS on 7
[12:39:36.881] [1;32muart:~$ [m[8D[J[00:01:59.101,000] [0m<inf> llss: Button: BTN_7 PRESS[0m
[12:39:38.118] [1;32muart:~$ [m[8D[JDIAG send_input rc=0 status=0 frame_id='frame_310694611500' poll_after=5000
[12:39:38.119] [1;32muart:~$ [m[8D[J[00:01:59.854,000] [0m<inf> llss_client: DIAG http frames: path=/devices/dev_7380c1e5ca58/frames/frame_310694611500?raw=true reuse=1 total=382ms first_body=283ms tail=99ms max_gap=26ms frag_count=8 frag_bytes=48000 status=200 rc=321 body=48000[0m
[12:39:38.121] [1;32muart:~$ [m[8D[JDIAG fetch: write_buf=0ms http_fetch=382ms rc=0 png_len=48000
[12:39:38.122] [1;32muart:~$ [m[8D[JDIAG submit: 0ms drc=0
[12:39:38.122] [1;32muart:~$ [m[8D[J[00:01:59.865,000] [0m<inf> display: Displaying frame (48000 bytes)[0m
[12:39:38.123] [1;32muart:~$ [m[8D[J[00:02:00.206,000] [0m<inf> shtc3: SHTC3: temperature=23.98 C humidity=39.49 %[0m
[12:39:38.124] [1;32muart:~$ [m[8D[J[1;32muart:~$ [m[8D[JNETMEM up=120s pktRX=40/40 pktTX=16/16 bufRX=160/160/m102 bufTX=80/80/m5 sysheap_free=11208 alloc=21380 max=23836
[12:39:39.119] [1;32muart:~$ [m[8D[J[1;32muart:~$ [mb 1
[12:39:47.297] Injected PRESS on 1
[12:39:47.304] [1;32muart:~$ [m[8D[J[00:02:09.534,000] [0m<inf> llss: Button: BTN_1 PRESS[0m
[12:39:48.768] [1;32muart:~$ [m[8D[JDIAG send_input rc=0 status=0 frame_id='frame_d818d09ce1ce' poll_after=5000
[12:39:48.769] [1;32muart:~$ [m[8D[J[00:02:10.507,000] [0m<inf> llss_client: DIAG http frames: path=/devices/dev_7380c1e5ca58/frames/frame_d818d09ce1ce?raw=true reuse=1 total=387ms first_body=288ms tail=99ms max_gap=35ms frag_count=9 frag_bytes=48000 status=200 rc=321 body=48000[0m
[12:39:48.771] [1;32muart:~$ [m[8D[JDIAG fetch: write_buf=0ms http_fetch=388ms rc=0 png_len=48000
[12:39:48.772] [1;32muart:~$ [m[8D[JDIAG submit: 0ms drc=0
[12:39:48.772] [1;32muart:~$ [m[8D[J[00:02:10.516,000] [0m<inf> display: Displaying frame (48000 bytes)[0m
[12:39:48.773] [1;32muart:~$ [m[8D[J[1;32muart:~$ [m[8D[J[1;32muart:~$ [m[8D[JNETMEM up=150s pktRX=40/40 pktTX=16/16 bufRX=160/160/m102 bufTX=80/80/m5 sysheap_free=11208 alloc=21380 max=24056
[12:40:09.119] [1;32muart:~$ [m[8D[J[1;32muart:~$ [m[8D[J[00:03:00.209,000] [0m<inf> shtc3: SHTC3: temperature=23.96 C humidity=35.03 %[0m
[12:40:38.974] [1;32muart:~$ [m[8D[JNETMEM up=180s pktRX=40/40 pktTX=16/16 bufRX=160/160/m102 bufTX=80/80/m5 sysheap_free=11208 alloc=21380 max=24056
[12:40:38.975] [1;32muart:~$ [m[8D[J[1;32muart:~$ [m[8D[JNETMEM up=210s pktRX=40/40 pktTX=16/16 bufRX=160/160/m102 bufTX=80/80/m5 sysheap_free=11208 alloc=21380 max=24056
[12:41:09.120] [1;32muart:~$ [m[8D[J[1;32muart:~$ [m[8D[J[00:04:00.212,000] [0m<inf> shtc3: SHTC3: temperature=23.92 C humidity=34.70 %[0m
[12:41:38.977] [1;32muart:~$ [m[8D[JNETMEM up=240s pktRX=40/40 pktTX=16/16 bufRX=160/160/m102 bufTX=80/80/m5 sysheap_free=11208 alloc=21380 max=24056
[12:41:38.979] [1;32muart:~$ [m[8D[J[1;32muart:~$ [m[8D[JNETMEM up=270s pktRX=40/40 pktTX=16/16 bufRX=160/160/m102 bufTX=80/80/m5 sysheap_free=11208 alloc=21380 max=24056
[12:42:09.120] [1;32muart:~$ [m[8D[J[1;32muart:~$ [m[8D[JThread analyze:
[12:42:37.970] [1;32muart:~$ [m[8D[J wdt_sentinel_tid    : STACK: unused 432 usage 336 / 768 (43 %); CPU: 0 %
[12:42:37.970] [1;32muart:~$ [m[8D[J                     : Total CPU cycles used: 2264065
[12:42:37.971] [1;32muart:~$ [m[8D[J thread_analyzer     : STACK: unused 112 usage 912 / 1024 (89 %); CPU: 0 %
[12:42:37.972] [1;32muart:~$ [m[8D[J                     : Total CPU cycles used: 909890
[12:42:37.972] [1;32muart:~$ [m[8D[J sys_wdt_tid         : STACK: unused 704 usage 320 / 1024 (31 %); CPU: 0 %
[12:42:37.973] [1;32muart:~$ [m[8D[J                     : Total CPU cycles used: 371380
[12:42:37.974] [1;32muart:~$ [m[8D[J shtc3_thread        : STACK: unused 1360 usage 688 / 2048 (33 %); CPU: 0 %
[12:42:37.974] [1;32muart:~$ [m[8D[J                     : Total CPU cycles used: 340520
[12:42:37.975] [1;32muart:~$ [m[8D[J ntp_thread          : STACK: unused 2480 usage 1616 / 4096 (39 %); CPU: 0 %
[12:42:37.976] [1;32muart:~$ [m[8D[J                     : Total CPU cycles used: 1422554
[12:42:37.977] [1;32muart:~$ [m[8D[J netmem_tid          : STACK: unused 624 usage 656 / 1280 (51 %); CPU: 0 %
[12:42:37.977] [1;32muart:~$ [m[8D[J                     : Total CPU cycles used: 247828
[12:42:37.978] [1;32muart:~$ [m[8D[J llss_thread         : STACK: unused 11584 usage 4800 / 16384 (29 %); CPU: 0 %
[12:42:37.979] [1;32muart:~$ [m[8D[J                     : Total CPU cycles used: 437476775
[12:42:37.980] [1;32muart:~$ [m[8D[J input               : STACK: unused 560 usage 464 / 1024 (45 %); CPU: 0 %
[12:42:37.980] [1;32muart:~$ [m[8D[J                     : Total CPU cycles used: 72962
[12:42:37.981] [1;32muart:~$ [m[8D[J display_thread      : STACK: unused 8640 usage 3648 / 12288 (29 %); CPU: 0 %
[12:42:37.982] [1;32muart:~$ [m[8D[J                     : Total CPU cycles used: 400393757
[12:42:37.982] [1;32muart:~$ [m[8D[J device_ui_thread    : STACK: unused 7584 usage 608 / 8192 (7 %); CPU: 0 %
[12:42:37.983] [1;32muart:~$ [m[8D[J                     : Total CPU cycles used: 171445
[12:42:37.984] [1;32muart:~$ [m[8D[J conn_mgr_monitor    : STACK: unused 176 usage 336 / 512 (65 %); CPU: 0 %
[12:42:37.985] [1;32muart:~$ [m[8D[J                     : Total CPU cycles used: 86568
[12:42:37.985] [1;32muart:~$ [m[8D[J net_socket_service  : STACK: unused 3344 usage 752 / 4096 (18 %); CPU: 0 %
[12:42:37.986] [1;32muart:~$ [m[8D[J                     : Total CPU cycles used: 1053291
[12:42:37.987] [1;32muart:~$ [m[8D[J rx_q[0]             : STACK: unused 528 usage 1520 / 2048 (74 %); CPU: 0 %
[12:42:37.987] [1;32muart:~$ [m[8D[J                     : Total CPU cycles used: 96156776
[12:42:37.988] [1;32muart:~$ [m[8D[J net_mgmt            : STACK: unused 3424 usage 672 / 4096 (16 %); CPU: 0 %
[12:42:37.989] [1;32muart:~$ [m[8D[J                     : Total CPU cycles used: 301526
[12:42:37.989] [1;32muart:~$ [m[8D[J tcp_work            : STACK: unused 1728 usage 320 / 2048 (15 %); CPU: 0 %
[12:42:37.990] [1;32muart:~$ [m[8D[J                     : Total CPU cycles used: 2072
[12:42:37.991] [1;32muart:~$ [m[8D[J shell_uart          : STACK: unused 2624 usage 1472 / 4096 (35 %); CPU: 0 %
[12:42:37.992] [1;32muart:~$ [m[8D[J                     : Total CPU cycles used: 6640294
[12:42:37.992] [1;32muart:~$ [m[8D[J wifi                : STACK: unused 1456 usage 2128 / 3584 (59 %); CPU: 1 %
[12:42:37.993] [1;32muart:~$ [m[8D[J                     : Total CPU cycles used: 720780071
[12:42:37.994] [1;32muart:~$ [m[8D[J sysworkq            : STACK: unused 3248 usage 848 / 4096 (20 %); CPU: 0 %
[12:42:37.995] [1;32muart:~$ [m[8D[J                     : Total CPU cycles used: 7429075
[12:42:37.995] [1;32muart:~$ [m[8D[J esp_timer           : STACK: unused 3664 usage 432 / 4096 (10 %); CPU: 0 %
[12:42:37.996] [1;32muart:~$ [m[8D[J                     : Total CPU cycles used: 27683137
[12:42:37.997] [1;32muart:~$ [m[8D[J logging             : STACK: unused 544 usage 480 / 1024 (46 %); CPU: 0 %
[12:42:37.997] [1;32muart:~$ [m[8D[J                     : Total CPU cycles used: 970548
[12:42:37.998] [1;32muart:~$ [m[8D[J idle                : STACK: unused 816 usage 208 / 1024 (20 %); CPU: 97 %
[12:42:37.999] [1;32muart:~$ [m[8D[J                     : Total CPU cycles used: 69995013020
[12:42:37.999] [1;32muart:~$ [m[8D[J ISR0                : STACK: unused 1520 usage 528 / 2048 (25 %); CPU: 0 %
[12:42:38.000] [1;32muart:~$ [m[8D[J                     : Total CPU cycles used: 0
[12:42:38.001] [1;32muart:~$ [m[8D[J[00:05:00.215,000] [0m<inf> shtc3: SHTC3: temperature=23.92 C humidity=34.29 %[0m
[12:42:38.002] [1;32muart:~$ [m[8D[J[1;32muart:~$ [m[8D[J[1;32muart:~$ [m[8D[JNETMEM up=300s pktRX=40/40 pktTX=16/16 bufRX=160/160/m102 bufTX=80/80/m5 sysheap_free=11208 alloc=21380 max=24056
[12:42:39.121] [1;32muart:~$ [m[8D[J[1;32muart:~$ [m[8D[JNETMEM up=330s pktRX=40/40 pktTX=16/16 bufRX=160/160/m102 bufTX=80/80/m5 sysheap_free=11172 alloc=21416 max=24056
[12:43:09.121] [1;32muart:~$ [m[8D[J[1;32muart:~$ [m[8D[J[00:06:00.218,000] [0m<inf> shtc3: SHTC3: temperature=24.35 C humidity=33.47 %[0m
[12:43:38.984] [1;32muart:~$ [m[8D[JNETMEM up=360s pktRX=40/40 pktTX=16/16 bufRX=160/160/m102 bufTX=80/80/m5 sysheap_free=11208 alloc=21380 max=24056
[12:43:38.987] [1;32muart:~$ [m[8D[J[1;32muart:~$ [m[8D[JNETMEM up=390s pktRX=40/40 pktTX=16/16 bufRX=160/160/m102 bufTX=80/80/m5 sysheap_free=11208 alloc=21380 max=24056
[12:44:09.123] [1;32muart:~$ [m[8D[J[1;32muart:~$ [m[8D[J[00:07:00.221,000] [0m<inf> shtc3: SHTC3: temperature=24.36 C humidity=33.81 %[0m
[12:44:38.987] [1;32muart:~$ [m[8D[JNETMEM up=420s pktRX=40/40 pktTX=16/16 bufRX=160/160/m102 bufTX=80/80/m5 sysheap_free=11208 alloc=21380 max=24056
[12:44:38.988] [1;32muart:~$ [m[8D[J[1;32muart:~$ [m[8D[JNETMEM up=450s pktRX=40/40 pktTX=16/16 bufRX=160/160/m102 bufTX=80/80/m5 sysheap_free=11208 alloc=21380 max=24056
[12:45:09.123] [1;32muart:~$ [m[8D[J[1;32muart:~$ [m[8D[J[00:08:00.223,000] [0m<inf> shtc3: SHTC3: temperature=24.24 C humidity=33.34 %[0m
[12:45:38.990] [1;32muart:~$ [m[8D[JNETMEM up=480s pktRX=40/40 pktTX=16/16 bufRX=160/160/m102 bufTX=80/80/m5 sysheap_free=11208 alloc=21380 max=24056
[12:45:38.992] [1;32muart:~$ [m[8D[J[1;32muart:~$ [m[8D[JNETMEM up=510s pktRX=40/40 pktTX=16/16 bufRX=160/160/m102 bufTX=80/80/m5 sysheap_free=11208 alloc=21380 max=24056
[12:46:09.123] [1;32muart:~$ [m[8D[J[1;32muart:~$ [m[8D[J[00:09:00.226,000] [0m<inf> shtc3: SHTC3: temperature=24.23 C humidity=33.75 %[0m
[12:46:38.994] [1;32muart:~$ [m[8D[JNETMEM up=540s pktRX=40/40 pktTX=16/16 bufRX=160/160/m102 bufTX=80/80/m5 sysheap_free=11208 alloc=21380 max=24056
[12:46:38.995] [1;32muart:~$ [m[8D[J[1;32muart:~$ [m[8D[JNETMEM up=570s pktRX=40/40 pktTX=16/16 bufRX=160/160/m102 bufTX=80/80/m5 sysheap_free=11208 alloc=21380 max=24056
[12:47:09.124] [1;32muart:~$ [m[8D[J[1;32muart:~$ [m[8D[JThread analyze:
[12:47:37.974] [1;32muart:~$ [m[8D[J wdt_sentinel_tid    : STACK: unused 432 usage 336 / 768 (43 %); CPU: 0 %
[12:47:37.975] [1;32muart:~$ [m[8D[J                     : Total CPU cycles used: 4568900
[12:47:37.976] [1;32muart:~$ [m[8D[J thread_analyzer     : STACK: unused 112 usage 912 / 1024 (89 %); CPU: 0 %
[12:47:37.976] [1;32muart:~$ [m[8D[J                     : Total CPU cycles used: 1585617
[12:47:37.977] [1;32muart:~$ [m[8D[J sys_wdt_tid         : STACK: unused 704 usage 320 / 1024 (31 %); CPU: 0 %
[12:47:37.978] [1;32muart:~$ [m[8D[J                     : Total CPU cycles used: 708404
[12:47:37.978] [1;32muart:~$ [m[8D[J shtc3_thread        : STACK: unused 1360 usage 688 / 2048 (33 %); CPU: 0 %
[12:47:37.979] [1;32muart:~$ [m[8D[J                     : Total CPU cycles used: 661826
[12:47:37.980] [1;32muart:~$ [m[8D[J ntp_thread          : STACK: unused 2480 usage 1616 / 4096 (39 %); CPU: 0 %
[12:47:37.981] [1;32muart:~$ [m[8D[J                     : Total CPU cycles used: 1422554
[12:47:37.981] [1;32muart:~$ [m[8D[J netmem_tid          : STACK: unused 624 usage 656 / 1280 (51 %); CPU: 0 %
[12:47:37.982] [1;32muart:~$ [m[8D[J                     : Total CPU cycles used: 491147
[12:47:37.983] [1;32muart:~$ [m[8D[J llss_thread         : STACK: unused 11584 usage 4800 / 16384 (29 %); CPU: 0 %
[12:47:37.983] [1;32muart:~$ [m[8D[J                     : Total CPU cycles used: 506196592
[12:47:37.984] [1;32muart:~$ [m[8D[J input               : STACK: unused 560 usage 464 / 1024 (45 %); CPU: 0 %
[12:47:37.985] [1;32muart:~$ [m[8D[J                     : Total CPU cycles used: 72962
[12:47:37.986] [1;32muart:~$ [m[8D[J display_thread      : STACK: unused 8640 usage 3648 / 12288 (29 %); CPU: 0 %
[12:47:37.986] [1;32muart:~$ [m[8D[J                     : Total CPU cycles used: 400393757
[12:47:37.987] [1;32muart:~$ [m[8D[J device_ui_thread    : STACK: unused 7584 usage 608 / 8192 (7 %); CPU: 0 %
[12:47:37.988] [1;32muart:~$ [m[8D[J                     : Total CPU cycles used: 337202
[12:47:37.988] [1;32muart:~$ [m[8D[J conn_mgr_monitor    : STACK: unused 176 usage 336 / 512 (65 %); CPU: 0 %
[12:47:37.989] [1;32muart:~$ [m[8D[J                     : Total CPU cycles used: 86568
[12:47:37.990] [1;32muart:~$ [m[8D[J net_socket_service  : STACK: unused 3344 usage 752 / 4096 (18 %); CPU: 0 %
[12:47:37.991] [1;32muart:~$ [m[8D[J                     : Total CPU cycles used: 1053291
[12:47:37.991] [1;32muart:~$ [m[8D[J rx_q[0]             : STACK: unused 528 usage 1520 / 2048 (74 %); CPU: 0 %
[12:47:37.992] [1;32muart:~$ [m[8D[J                     : Total CPU cycles used: 157618755
[12:47:37.993] [1;32muart:~$ [m[8D[J net_mgmt            : STACK: unused 3424 usage 672 / 4096 (16 %); CPU: 0 %
[12:47:37.994] [1;32muart:~$ [m[8D[J                     : Total CPU cycles used: 417632
[12:47:37.994] [1;32muart:~$ [m[8D[J tcp_work            : STACK: unused 1728 usage 320 / 2048 (15 %); CPU: 0 %
[12:47:37.995] [1;32muart:~$ [m[8D[J                     : Total CPU cycles used: 2072
[12:47:37.996] [1;32muart:~$ [m[8D[J shell_uart          : STACK: unused 2624 usage 1472 / 4096 (35 %); CPU: 0 %
[12:47:37.996] [1;32muart:~$ [m[8D[J                     : Total CPU cycles used: 10260445
[12:47:37.997] [1;32muart:~$ [m[8D[J wifi                : STACK: unused 1456 usage 2128 / 3584 (59 %); CPU: 0 %
[12:47:37.998] [1;32muart:~$ [m[8D[J                     : Total CPU cycles used: 1241401736
[12:47:37.998] [1;32muart:~$ [m[8D[J sysworkq            : STACK: unused 3248 usage 848 / 4096 (20 %); CPU: 0 %
[12:47:37.999] [1;32muart:~$ [m[8D[J                     : Total CPU cycles used: 14348813
[12:47:38.000] [1;32muart:~$ [m[8D[J esp_timer           : STACK: unused 3616 usage 480 / 4096 (11 %); CPU: 0 %
[12:47:38.001] [1;32muart:~$ [m[8D[J                     : Total CPU cycles used: 54683440
[12:47:38.001] [1;32muart:~$ [m[8D[J logging             : STACK: unused 544 usage 480 / 1024 (46 %); CPU: 0 %
[12:47:38.002] [1;32muart:~$ [m[8D[J                     : Total CPU cycles used: 1465177
[12:47:38.003] [1;32muart:~$ [m[8D[J idle                : STACK: unused 816 usage 208 / 1024 (20 %); CPU: 98 %
[12:47:38.003] [1;32muart:~$ [m[8D[J                     : Total CPU cycles used: 141287658397
[12:47:38.004] [1;32muart:~$ [m[8D[J ISR0                : STACK: unused 1520 usage 528 / 2048 (25 %); CPU: 0 %
[12:47:38.005] [1;32muart:~$ [m[8D[J                     : Total CPU cycles used: 0
[12:47:38.006] [1;32muart:~$ [m[8D[J[00:10:00.229,000] [0m<inf> shtc3: SHTC3: temperature=24.21 C humidity=33.58 %[0m
[12:47:38.006] [1;32muart:~$ [m[8D[J[1;32muart:~$ [m[8D[J[1;32muart:~$ [m[8D[JNETMEM up=600s pktRX=40/40 pktTX=16/16 bufRX=160/160/m102 bufTX=80/80/m5 sysheap_free=11208 alloc=21380 max=24056
[12:47:39.124] [1;32muart:~$ [m[8D[J[1;32muart:~$ [m[8D[JNETMEM up=630s pktRX=40/40 pktTX=16/16 bufRX=160/160/m102 bufTX=80/80/m5 sysheap_free=11208 alloc=21380 max=24056
[12:48:09.125] [1;32muart:~$ [m[8D[J[1;32muart:~$ [m[8D[J[00:11:00.232,000] [0m<inf> shtc3: SHTC3: temperature=24.10 C humidity=33.76 %[0m
[12:48:39.000] [1;32muart:~$ [m[8D[JNETMEM up=660s pktRX=40/40 pktTX=16/16 bufRX=160/160/m102 bufTX=80/80/m5 sysheap_free=11208 alloc=21380 max=24056
[12:48:39.001] [1;32muart:~$ [m[8D[J[1;32muart:~$ [m[8D[JNETMEM up=690s pktRX=40/40 pktTX=16/16 bufRX=160/160/m102 bufTX=80/80/m5 sysheap_free=11208 alloc=21380 max=24056
[12:49:09.125] [1;32muart:~$ [m[8D[J[1;32muart:~$ [m[8D[J[00:12:00.235,000] [0m<inf> shtc3: SHTC3: temperature=24.10 C humidity=33.57 %[0m
[12:49:39.003] [1;32muart:~$ [m[8D[JNETMEM up=720s pktRX=40/40 pktTX=16/16 bufRX=160/160/m102 bufTX=80/80/m5 sysheap_free=11208 alloc=21380 max=24056
[12:49:39.004] [1;32muart:~$ [m[8D[J[1;32muart:~$ [m[8D[JNETMEM up=750s pktRX=40/40 pktTX=16/16 bufRX=160/160/m102 bufTX=80/80/m5 sysheap_free=11208 alloc=21380 max=24056
[12:50:09.126] [1;32muart:~$ [m[8D[J[1;32muart:~$ [m[8D[J[00:13:00.238,000] [0m<inf> shtc3: SHTC3: temperature=24.24 C humidity=33.40 %[0m
[12:50:39.006] [1;32muart:~$ [m[8D[JNETMEM up=780s pktRX=40/40 pktTX=16/16 bufRX=160/160/m102 bufTX=80/80/m5 sysheap_free=11172 alloc=21416 max=24056
[12:50:39.007] [1;32muart:~$ [m[8D[J[1;32muart:~$ [m[8D[JNETMEM up=810s pktRX=40/40 pktTX=16/16 bufRX=160/160/m102 bufTX=80/80/m5 sysheap_free=11172 alloc=21416 max=24056
[12:51:09.127] [1;32muart:~$ [m[8D[J[1;32muart:~$ [m[8D[J[00:14:00.241,000] [0m<inf> shtc3: SHTC3: temperature=24.11 C humidity=33.98 %[0m
[12:51:39.010] [1;32muart:~$ [m[8D[JNETMEM up=840s pktRX=40/40 pktTX=16/16 bufRX=160/160/m102 bufTX=80/80/m5 sysheap_free=11172 alloc=21416 max=24056
[12:51:39.011] [1;32muart:~$ [m[8D[J[1;32muart:~$ [m[8D[JNETMEM up=870s pktRX=40/40 pktTX=16/16 bufRX=160/160/m102 bufTX=80/80/m5 sysheap_free=11208 alloc=21380 max=24056
[12:52:09.128] [1;32muart:~$ [m[8D[J[1;32muart:~$ [m[8D[JThread analyze:
[12:52:37.978] [1;32muart:~$ [m[8D[J wdt_sentinel_tid    : STACK: unused 432 usage 336 / 768 (43 %); CPU: 0 %
[12:52:37.979] [1;32muart:~$ [m[8D[J                     : Total CPU cycles used: 6861417
[12:52:37.979] [1;32muart:~$ [m[8D[J thread_analyzer     : STACK: unused 112 usage 912 / 1024 (89 %); CPU: 0 %
[12:52:37.980] [1;32muart:~$ [m[8D[J                     : Total CPU cycles used: 2223147
[12:52:37.981] [1;32muart:~$ [m[8D[J sys_wdt_tid         : STACK: unused 704 usage 320 / 1024 (31 %); CPU: 0 %
[12:52:37.982] [1;32muart:~$ [m[8D[J                     : Total CPU cycles used: 1042772
[12:52:37.982] [1;32muart:~$ [m[8D[J shtc3_thread        : STACK: unused 1360 usage 688 / 2048 (33 %); CPU: 0 %
[12:52:37.983] [1;32muart:~$ [m[8D[J                     : Total CPU cycles used: 986915
[12:52:37.984] [1;32muart:~$ [m[8D[J ntp_thread          : STACK: unused 2480 usage 1616 / 4096 (39 %); CPU: 0 %
[12:52:37.986] [1;32muart:~$ [m[8D[J                     : Total CPU cycles used: 1422554
[12:52:37.987] [1;32muart:~$ [m[8D[J netmem_tid          : STACK: unused 624 usage 656 / 1280 (51 %); CPU: 0 %
[12:52:37.988] [1;32muart:~$ [m[8D[J                     : Total CPU cycles used: 743676
[12:52:37.988] [1;32muart:~$ [m[8D[J llss_thread         : STACK: unused 11584 usage 4800 / 16384 (29 %); CPU: 0 %
[12:52:37.989] [1;32muart:~$ [m[8D[J                     : Total CPU cycles used: 577777769
[12:52:37.990] [1;32muart:~$ [m[8D[J input               : STACK: unused 560 usage 464 / 1024 (45 %); CPU: 0 %
[12:52:37.991] [1;32muart:~$ [m[8D[J                     : Total CPU cycles used: 72962
[12:52:37.992] [1;32muart:~$ [m[8D[J display_thread      : STACK: unused 8640 usage 3648 / 12288 (29 %); CPU: 0 %
[12:52:37.993] [1;32muart:~$ [m[8D[J                     : Total CPU cycles used: 400393757
[12:52:37.993] [1;32muart:~$ [m[8D[J device_ui_thread    : STACK: unused 4496 usage 3696 / 8192 (45 %); CPU: 0 %
[12:52:37.994] [1;32muart:~$ [m[8D[J                     : Total CPU cycles used: 314243830
[12:52:37.995] [1;32muart:~$ [m[8D[J conn_mgr_monitor    : STACK: unused 176 usage 336 / 512 (65 %); CPU: 0 %
[12:52:37.996] [1;32muart:~$ [m[8D[J                     : Total CPU cycles used: 86568
[12:52:37.996] [1;32muart:~$ [m[8D[J net_socket_service  : STACK: unused 3344 usage 752 / 4096 (18 %); CPU: 0 %
[12:52:37.997] [1;32muart:~$ [m[8D[J                     : Total CPU cycles used: 1053291
[12:52:37.998] [1;32muart:~$ [m[8D[J rx_q[0]             : STACK: unused 528 usage 1520 / 2048 (74 %); CPU: 0 %
[12:52:37.998] [1;32muart:~$ [m[8D[J                     : Total CPU cycles used: 219399391
[12:52:37.999] [1;32muart:~$ [m[8D[J net_mgmt            : STACK: unused 3424 usage 672 / 4096 (16 %); CPU: 0 %
[12:52:38.000] [1;32muart:~$ [m[8D[J                     : Total CPU cycles used: 541150
[12:52:38.000] [1;32muart:~$ [m[8D[J tcp_work            : STACK: unused 1728 usage 320 / 2048 (15 %); CPU: 0 %
[12:52:38.001] [1;32muart:~$ [m[8D[J                     : Total CPU cycles used: 2072
[12:52:38.002] [1;32muart:~$ [m[8D[J shell_uart          : STACK: unused 2624 usage 1472 / 4096 (35 %); CPU: 0 %
[12:52:38.003] [1;32muart:~$ [m[8D[J                     : Total CPU cycles used: 13863865
[12:52:38.003] [1;32muart:~$ [m[8D[J wifi                : STACK: unused 1456 usage 2128 / 3584 (59 %); CPU: 0 %
[12:52:38.004] [1;32muart:~$ [m[8D[J                     : Total CPU cycles used: 1765967755
[12:52:38.005] [1;32muart:~$ [m[8D[J sysworkq            : STACK: unused 3248 usage 848 / 4096 (20 %); CPU: 0 %
[12:52:38.006] [1;32muart:~$ [m[8D[J                     : Total CPU cycles used: 21206412
[12:52:38.006] [1;32muart:~$ [m[8D[J esp_timer           : STACK: unused 3616 usage 480 / 4096 (11 %); CPU: 0 %
[12:52:38.007] [1;32muart:~$ [m[8D[J                     : Total CPU cycles used: 81971090
[12:52:38.008] [1;32muart:~$ [m[8D[J logging             : STACK: unused 544 usage 480 / 1024 (46 %); CPU: 0 %
[12:52:38.008] [1;32muart:~$ [m[8D[J                     : Total CPU cycles used: 1949637
[12:52:38.009] [1;32muart:~$ [m[8D[J idle                : STACK: unused 816 usage 208 / 1024 (20 %); CPU: 98 %
[12:52:38.010] [1;32muart:~$ [m[8D[J                     : Total CPU cycles used: 212258296147
[12:52:38.011] [1;32muart:~$ [m[8D[J ISR0                : STACK: unused 1520 usage 528 / 2048 (25 %); CPU: 0 %
[12:52:38.011] [1;32muart:~$ [m[8D[J                     : Total CPU cycles used: 0
[12:52:38.012] [1;32muart:~$ [m[8D[J[1;32muart:~$ [m[8D[J[1;32muart:~$ [m[8D[J[00:15:00.244,000] [0m<inf> shtc3: SHTC3: temperature=23.98 C humidity=34.09 %[0m
[12:52:39.013] [1;32muart:~$ [m[8D[JNETMEM up=900s pktRX=40/40 pktTX=16/16 bufRX=160/160/m102 bufTX=80/80/m5 sysheap_free=11172 alloc=21416 max=24056
[12:52:39.014] [1;32muart:~$ [m[8D[J[1;32muart:~$ [m[8D[JNETMEM up=930s pktRX=40/40 pktTX=16/16 bufRX=160/160/m102 bufTX=80/80/m5 sysheap_free=11208 alloc=21380 max=24056
[12:53:09.129] [1;32muart:~$ [m[8D[J[1;32muart:~$ [m[8D[J[00:16:00.247,000] [0m<inf> shtc3: SHTC3: temperature=23.54 C humidity=34.97 %[0m
[12:53:39.016] [1;32muart:~$ [m[8D[JNETMEM up=960s pktRX=40/40 pktTX=16/16 bufRX=160/160/m102 bufTX=80/80/m5 sysheap_free=11208 alloc=21380 max=24056
[12:53:39.017] [1;32muart:~$ [m[8D[J[1;32muart:~$ [m[8D[JNETMEM up=990s pktRX=40/40 pktTX=16/16 bufRX=160/160/m102 bufTX=80/80/m5 sysheap_free=11208 alloc=21380 max=24056
[12:54:09.129] [1;32muart:~$ [m[8D[J[1;32muart:~$ [m[8D[J[00:17:00.091,000] [1;31m<err> llss_client: device state HTTP 502[0m
[12:54:38.861] [1;32muart:~$ [m[8D[J[00:17:00.091,000] [1;31m<err> llss: Poll error 502[0m
[12:54:38.862] [1;32muart:~$ [m[8D[J[00:17:00.091,000] [1;33m<wrn> net_watchdog: Server offline — soft reset in 60 s, would-reset in 300 s[0m
[12:54:38.863] [1;32muart:~$ [m[8D[J[00:17:00.250,000] [0m<inf> shtc3: SHTC3: temperature=23.76 C humidity=35.10 %[0m
[12:54:38.864] [1;32muart:~$ [m[8D[JNETMEM up=1020s pktRX=40/40 pktTX=16/16 bufRX=160/160/m102 bufTX=80/80/m5 sysheap_free=11208 alloc=21380 max=24056
[12:54:38.865] [1;32muart:~$ [m[8D[J[1;32muart:~$ [m[8D[J[00:17:05.211,000] [1;31m<err> llss_client: device state HTTP 502[0m
[12:54:43.981] [1;32muart:~$ [m[8D[J[00:17:05.211,000] [1;31m<err> llss: Poll error 502[0m
[12:54:43.981] [1;32muart:~$ [m[8D[J[1;32muart:~$ [m[8D[J[00:17:10.332,000] [1;31m<err> llss_client: device state HTTP 502[0m
[12:54:49.101] [1;32muart:~$ [m[8D[J[00:17:10.332,000] [1;31m<err> llss: Poll error 502[0m
[12:54:49.102] [1;32muart:~$ [m[8D[J[1;32muart:~$ [m[8D[J[00:17:15.447,000] [1;31m<err> llss_client: device state HTTP 502[0m
[12:54:54.217] [1;32muart:~$ [m[8D[J[00:17:15.447,000] [1;31m<err> llss: Poll error 502[0m
[12:54:54.217] [1;32muart:~$ [m[8D[J[1;32muart:~$ [m[8D[J[00:17:20.567,000] [1;31m<err> llss_client: device state HTTP 502[0m
[12:54:59.336] [1;32muart:~$ [m[8D[J[00:17:20.567,000] [1;31m<err> llss: Poll error 502[0m
[12:54:59.337] [1;32muart:~$ [m[8D[J[1;32muart:~$ [m[8D[J[00:17:25.691,000] [1;31m<err> llss_client: device state HTTP 502[0m
[12:55:04.460] [1;32muart:~$ [m[8D[J[00:17:25.691,000] [1;31m<err> llss: Poll error 502[0m
[12:55:04.461] [1;32muart:~$ [m[8D[J[1;32muart:~$ [m[8D[JNETMEM up=1050s pktRX=40/40 pktTX=16/16 bufRX=160/160/m102 bufTX=80/80/m5 sysheap_free=11208 alloc=21380 max=24056
[12:55:09.130] [1;32muart:~$ [m[8D[J[00:17:30.817,000] [1;31m<err> llss_client: device state HTTP 502[0m
[12:55:09.131] [1;32muart:~$ [m[8D[J[00:17:30.817,000] [1;31m<err> llss: Poll error 502[0m
[12:55:09.131] [1;32muart:~$ [m[8D[J[1;32muart:~$ [m[8D[J[00:17:35.939,000] [1;31m<err> llss_client: device state HTTP 502[0m
[12:55:14.709] [1;32muart:~$ [m[8D[J[00:17:35.939,000] [1;31m<err> llss: Poll error 502[0m
[12:55:14.710] [1;32muart:~$ [m[8D[J[1;32muart:~$ [m[8D[J[00:17:41.085,000] [1;31m<err> llss_client: device state HTTP 502[0m
[12:55:19.855] [1;32muart:~$ [m[8D[J[00:17:41.085,000] [1;31m<err> llss: Poll error 502[0m
[12:55:19.856] [1;32muart:~$ [m[8D[J[1;32muart:~$ [m[8D[J[00:17:46.214,000] [1;31m<err> llss_client: device state HTTP 502[0m
[12:55:24.983] [1;32muart:~$ [m[8D[J[00:17:46.214,000] [1;31m<err> llss: Poll error 502[0m
[12:55:24.984] [1;32muart:~$ [m[8D[J[1;32muart:~$ [m[8D[J[00:17:51.336,000] [1;31m<err> llss_client: device state HTTP 502[0m
[12:55:30.106] [1;32muart:~$ [m[8D[J[00:17:51.336,000] [1;31m<err> llss: Poll error 502[0m
[12:55:30.107] [1;32muart:~$ [m[8D[J[1;32muart:~$ [m[8D[J[00:17:56.463,000] [1;31m<err> llss_client: device state HTTP 502[0m
[12:55:35.233] [1;32muart:~$ [m[8D[J[00:17:56.463,000] [1;31m<err> llss: Poll error 502[0m
[12:55:35.233] [1;32muart:~$ [m[8D[J[1;32muart:~$ [m[8D[J[00:18:00.253,000] [0m<inf> shtc3: SHTC3: temperature=23.99 C humidity=35.35 %[0m
[12:55:39.022] [1;32muart:~$ [m[8D[JNETMEM up=1080s pktRX=40/40 pktTX=16/16 bufRX=160/160/m102 bufTX=80/80/m5 sysheap_free=11208 alloc=21380 max=24056
[12:55:39.023] [1;32muart:~$ [m[8D[J[1;32muart:~$ [m[8D[J[00:18:01.585,000] [1;31m<err> llss_client: device state HTTP 502[0m
[12:55:40.355] [1;32muart:~$ [m[8D[J[00:18:01.585,000] [1;31m<err> llss: Poll error 502[0m
[12:55:40.356] [1;32muart:~$ [m[8D[J[00:18:01.586,000] [1;33m<wrn> net_watchdog: Watchdog soft reset (offline 61s) — session + DNS[0m
[12:55:40.357] [1;32muart:~$ [m[8D[J[00:18:01.592,000] [1;33m<wrn> llss_client: DNS resolver reset (1 server)[0m
[12:55:40.358] [1;32muart:~$ [m[8D[J[1;32muart:~$ [m[8D[J[00:18:06.747,000] [1;31m<err> llss_client: device state HTTP 502[0m
[12:55:45.519] [1;32muart:~$ [m[8D[J[00:18:06.749,000] [1;31m<err> llss: Poll error 502[0m
[12:55:45.519] [1;32muart:~$ [m[8D[J[1;32muart:~$ [m[8D[J[00:18:11.876,000] [1;31m<err> llss_client: device state HTTP 502[0m
[12:55:50.646] [1;32muart:~$ [m[8D[J[00:18:11.876,000] [1;31m<err> llss: Poll error 502[0m
[12:55:50.646] [1;32muart:~$ [m[8D[J[1;32muart:~$ [m[8D[J[00:18:17.014,000] [1;31m<err> llss_client: device state HTTP 502[0m
[12:55:55.784] [1;32muart:~$ [m[8D[J[00:18:17.014,000] [1;31m<err> llss: Poll error 502[0m
[12:55:55.785] [1;32muart:~$ [m[8D[J[1;32muart:~$ [m[8D[J[00:18:22.136,000] [1;31m<err> llss_client: device state HTTP 502[0m
[12:56:00.988] [1;32muart:~$ [m[8D[J[00:18:22.136,000] [1;31m<err> llss: Poll error 502[0m
[12:56:00.989] [1;32muart:~$ [m[8D[J[1;32muart:~$ [m[8D[J[00:18:27.258,000] [1;31m<err> llss_client: device state HTTP 502[0m
[12:56:06.028] [1;32muart:~$ [m[8D[J[00:18:27.258,000] [1;31m<err> llss: Poll error 502[0m
[12:56:06.028] [1;32muart:~$ [m[8D[J[1;32muart:~$ [m[8D[JNETMEM up=1110s pktRX=40/40 pktTX=16/16 bufRX=160/160/m102 bufTX=80/80/m5 sysheap_free=11208 alloc=21380 max=24056
[12:56:09.131] [1;32muart:~$ [m[8D[J[1;32muart:~$ [m[8D[J[00:18:32.390,000] [1;31m<err> llss_client: device state HTTP 502[0m
[12:56:11.160] [1;32muart:~$ [m[8D[J[00:18:32.390,000] [1;31m<err> llss: Poll error 502[0m
[12:56:11.161] [1;32muart:~$ [m[8D[J[1;32muart:~$ [m[8D[J[00:18:37.510,000] [1;31m<err> llss_client: device state HTTP 502[0m
[12:56:16.280] [1;32muart:~$ [m[8D[J[00:18:37.510,000] [1;31m<err> llss: Poll error 502[0m
[12:56:16.280] [1;32muart:~$ [m[8D[J[1;32muart:~$ [m[8D[J[00:18:42.638,000] [1;31m<err> llss_client: device state HTTP 502[0m
[12:56:21.408] [1;32muart:~$ [m[8D[J[00:18:42.638,000] [1;31m<err> llss: Poll error 502[0m
[12:56:21.408] [1;32muart:~$ [m[8D[J[1;32muart:~$ [m[8D[J[00:18:47.770,000] [1;31m<err> llss_client: device state HTTP 502[0m
[12:56:26.540] [1;32muart:~$ [m[8D[J[00:18:47.772,000] [1;31m<err> llss: Poll error 502[0m
[12:56:26.541] [1;32muart:~$ [m[8D[J[1;32muart:~$ [m[8D[J[00:18:52.901,000] [1;31m<err> llss_client: device state HTTP 502[0m
[12:56:31.671] [1;32muart:~$ [m[8D[J[00:18:52.901,000] [1;31m<err> llss: Poll error 502[0m
[12:56:31.671] [1;32muart:~$ [m[8D[J[1;32muart:~$ [m[8D[J[00:18:58.032,000] [1;31m<err> llss_client: device state HTTP 502[0m
[12:56:36.802] [1;32muart:~$ [m[8D[J[00:18:58.032,000] [1;31m<err> llss: Poll error 502[0m
[12:56:36.803] [1;32muart:~$ [m[8D[J[1;32muart:~$ [m[8D[J[00:19:00.256,000] [0m<inf> shtc3: SHTC3: temperature=23.76 C humidity=35.21 %[0m
[12:56:39.026] [1;32muart:~$ [m[8D[JNETMEM up=1140s pktRX=40/40 pktTX=16/16 bufRX=160/160/m102 bufTX=80/80/m5 sysheap_free=11208 alloc=21380 max=24056
[12:56:39.027] [1;32muart:~$ [m[8D[J[1;32muart:~$ [m[8D[J[00:19:03.158,000] [1;31m<err> llss_client: device state HTTP 502[0m
[12:56:41.929] [1;32muart:~$ [m[8D[J[00:19:03.158,000] [1;31m<err> llss: Poll error 502[0m
[12:56:41.929] [1;32muart:~$ [m[8D[J[1;32muart:~$ [m[8D[J[00:19:08.293,000] [1;31m<err> llss_client: device state HTTP 502[0m
[12:56:47.063] [1;32muart:~$ [m[8D[J[00:19:08.293,000] [1;31m<err> llss: Poll error 502[0m
[12:56:47.063] [1;32muart:~$ [m[8D[J[1;32muart:~$ [m[8D[J[00:19:13.419,000] [1;31m<err> llss_client: device state HTTP 502[0m
[12:56:52.189] [1;32muart:~$ [m[8D[J[00:19:13.419,000] [1;31m<err> llss: Poll error 502[0m
[12:56:52.189] [1;32muart:~$ [m[8D[J[1;32muart:~$ [m[8D[J[00:19:18.547,000] [1;31m<err> llss_client: device state HTTP 502[0m
[12:56:57.317] [1;32muart:~$ [m[8D[J[00:19:18.547,000] [1;31m<err> llss: Poll error 502[0m
[12:56:57.318] [1;32muart:~$ [m[8D[J[1;32muart:~$ [m[8D[J[00:19:23.678,000] [1;31m<err> llss_client: device state HTTP 502[0m
[12:57:02.449] [1;32muart:~$ [m[8D[J[00:19:23.678,000] [1;31m<err> llss: Poll error 502[0m
[12:57:02.449] [1;32muart:~$ [m[8D[J[1;32muart:~$ [m[8D[J[00:19:28.859,000] [1;31m<err> llss_client: device state HTTP 502[0m
[12:57:07.629] [1;32muart:~$ [m[8D[J[00:19:28.859,000] [1;31m<err> llss: Poll error 502[0m
[12:57:07.630] [1;32muart:~$ [m[8D[J[1;32muart:~$ [m[8D[JNETMEM up=1170s pktRX=40/40 pktTX=16/16 bufRX=160/160/m102 bufTX=80/80/m5 sysheap_free=11208 alloc=21380 max=24056
[12:57:09.131] [1;32muart:~$ [m[8D[J[1;32muart:~$ [m[8D[J[00:19:33.964,000] [1;31m<err> llss_client: device state HTTP 502[0m
[12:57:12.734] [1;32muart:~$ [m[8D[J[00:19:33.964,000] [1;31m<err> llss: Poll error 502[0m
[12:57:12.735] [1;32muart:~$ [m[8D[J[1;32muart:~$ [m[8D[J[00:19:39.068,000] [1;31m<err> llss_client: device state HTTP 502[0m
[12:57:17.838] [1;32muart:~$ [m[8D[J[00:19:39.068,000] [1;31m<err> llss: Poll error 502[0m
[12:57:17.839] [1;32muart:~$ [m[8D[J[1;32muart:~$ [m[8D[J[00:19:44.203,000] [1;31m<err> llss_client: device state HTTP 502[0m
[12:57:22.974] [1;32muart:~$ [m[8D[J[00:19:44.203,000] [1;31m<err> llss: Poll error 502[0m
[12:57:22.974] [1;32muart:~$ [m[8D[J[1;32muart:~$ [m[8D[J[00:19:49.307,000] [1;31m<err> llss_client: device state HTTP 502[0m
[12:57:28.077] [1;32muart:~$ [m[8D[J[00:19:49.307,000] [1;31m<err> llss: Poll error 502[0m
[12:57:28.078] [1;32muart:~$ [m[8D[J[1;32muart:~$ [m[8D[J[00:19:54.414,000] [1;31m<err> llss_client: device state HTTP 502[0m
[12:57:33.185] [1;32muart:~$ [m[8D[J[00:19:54.414,000] [1;31m<err> llss: Poll error 502[0m
[12:57:33.185] [1;32muart:~$ [m[8D[J[1;32muart:~$ [m[8D[J[00:19:59.512,000] [1;31m<err> llss_client: device state HTTP 502[0m
[12:57:37.983] [1;32muart:~$ [m[8D[J[00:19:59.512,000] [1;31m<err> llss: Poll error 502[0m
[12:57:37.984] [1;32muart:~$ [m[8D[JThread analyze:
[12:57:37.984] [1;32muart:~$ [m[8D[J wdt_sentinel_tid    : STACK: unused 432 usage 336 / 768 (43 %); CPU: 0 %
[12:57:37.985] [1;32muart:~$ [m[8D[J                     : Total CPU cycles used: 9159709
[12:57:37.986] [1;32muart:~$ [m[8D[J thread_analyzer     : STACK: unused 112 usage 912 / 1024 (89 %); CPU: 0 %
[12:57:37.986] [1;32muart:~$ [m[8D[J                     : Total CPU cycles used: 2876066
[12:57:37.987] [1;32muart:~$ [m[8D[J sys_wdt_tid         : STACK: unused 704 usage 320 / 1024 (31 %); CPU: 0 %
[12:57:37.988] [1;32muart:~$ [m[8D[J                     : Total CPU cycles used: 1372556
[12:57:37.988] [1;32muart:~$ [m[8D[J shtc3_thread        : STACK: unused 1360 usage 688 / 2048 (33 %); CPU: 0 %
[12:57:37.989] [1;32muart:~$ [m[8D[J                     : Total CPU cycles used: 1329555
[12:57:37.990] [1;32muart:~$ [m[8D[J ntp_thread          : STACK: unused 2480 usage 1616 / 4096 (39 %); CPU: 0 %
[12:57:37.991] [1;32muart:~$ [m[8D[J                     : Total CPU cycles used: 1422554
[12:57:37.991] [1;32muart:~$ [m[8D[J netmem_tid          : STACK: unused 624 usage 656 / 1280 (51 %); CPU: 0 %
[12:57:37.992] [1;32muart:~$ [m[8D[J                     : Total CPU cycles used: 982787
[12:57:37.993] [1;32muart:~$ [m[8D[J llss_thread         : STACK: unused 11584 usage 4800 / 16384 (29 %); CPU: 0 %
[12:57:37.994] [1;32muart:~$ [m[8D[J                     : Total CPU cycles used: 1324317021
[12:57:37.994] [1;32muart:~$ [m[8D[J input               : STACK: unused 560 usage 464 / 1024 (45 %); CPU: 0 %
[12:57:37.995] [1;32muart:~$ [m[8D[J                     : Total CPU cycles used: 72962
[12:57:37.996] [1;32muart:~$ [m[8D[J display_thread      : STACK: unused 8640 usage 3648 / 12288 (29 %); CPU: 0 %
[12:57:37.996] [1;32muart:~$ [m[8D[J                     : Total CPU cycles used: 400393757
[12:57:37.997] [1;32muart:~$ [m[8D[J device_ui_thread    : STACK: unused 4496 usage 3696 / 8192 (45 %); CPU: 0 %
[12:57:37.998] [1;32muart:~$ [m[8D[J                     : Total CPU cycles used: 863622974
[12:57:37.998] [1;32muart:~$ [m[8D[J conn_mgr_monitor    : STACK: unused 176 usage 336 / 512 (65 %); CPU: 0 %
[12:57:37.999] [1;32muart:~$ [m[8D[J                     : Total CPU cycles used: 86568
[12:57:38.000] [1;32muart:~$ [m[8D[J net_socket_service  : STACK: unused 3344 usage 752 / 4096 (18 %); CPU: 0 %
[12:57:38.001] [1;32muart:~$ [m[8D[J                     : Total CPU cycles used: 1470454
[12:57:38.001] [1;32muart:~$ [m[8D[J rx_q[0]             : STACK: unused 528 usage 1520 / 2048 (74 %); CPU: 0 %
[12:57:38.002] [1;32muart:~$ [m[8D[J                     : Total CPU cycles used: 368180260
[12:57:38.003] [1;32muart:~$ [m[8D[J net_mgmt            : STACK: unused 3424 usage 672 / 4096 (16 %); CPU: 0 %
[12:57:38.004] [1;32muart:~$ [m[8D[J                     : Total CPU cycles used: 701446
[12:57:38.004] [1;32muart:~$ [m[8D[J tcp_work            : STACK: unused 1680 usage 368 / 2048 (17 %); CPU: 0 %
[12:57:38.005] [1;32muart:~$ [m[8D[J                     : Total CPU cycles used: 1230530
[12:57:38.006] [1;32muart:~$ [m[8D[J shell_uart          : STACK: unused 2624 usage 1472 / 4096 (35 %); CPU: 0 %
[12:57:38.006] [1;32muart:~$ [m[8D[J                     : Total CPU cycles used: 24040314
[12:57:38.007] [1;32muart:~$ [m[8D[J wifi                : STACK: unused 1456 usage 2128 / 3584 (59 %); CPU: 0 %
[12:57:38.008] [1;32muart:~$ [m[8D[J                     : Total CPU cycles used: 2450027782
[12:57:38.008] [1;32muart:~$ [m[8D[J sysworkq            : STACK: unused 3248 usage 848 / 4096 (20 %); CPU: 0 %
[12:57:38.009] [1;32muart:~$ [m[8D[J                     : Total CPU cycles used: 28780113
[12:57:38.010] [1;32muart:~$ [m[8D[J esp_timer           : STACK: unused 3616 usage 480 / 4096 (11 %); CPU: 0 %
[12:57:38.011] [1;32muart:~$ [m[8D[J                     : Total CPU cycles used: 109107252
[12:57:38.011] [1;32muart:~$ [m[8D[J logging             : STACK: unused 544 usage 480 / 1024 (46 %); CPU: 0 %
[12:57:38.012] [1;32muart:~$ [m[8D[J                     : Total CPU cycles used: 3742418
[12:57:38.013] [1;32muart:~$ [m[8D[J idle                : STACK: unused 816 usage 208 / 1024 (20 %); CPU: 97 %
[12:57:38.014] [1;32muart:~$ [m[8D[J                     : Total CPU cycles used: 282057839690
[12:57:38.014] [1;32muart:~$ [m[8D[J ISR0                : STACK: unused 1520 usage 528 / 2048 (25 %); CPU: 0 %
[12:57:38.015] [1;32muart:~$ [m[8D[J                     : Total CPU cycles used: 0
[12:57:38.016] [1;32muart:~$ [m[8D[J[1;32muart:~$ [m[8D[J[1;32muart:~$ [m[8D[J[00:20:00.258,000] [0m<inf> shtc3: SHTC3: temperature=23.96 C humidity=35.12 %[0m
[12:57:39.029] [1;32muart:~$ [m[8D[JNETMEM up=1200s pktRX=40/40 pktTX=16/16 bufRX=160/160/m102 bufTX=80/80/m5 sysheap_free=11208 alloc=21380 max=24056
[12:57:39.030] [1;32muart:~$ [m[8D[J[1;32muart:~$ [m[8D[J[00:20:04.619,000] [1;31m<err> llss_client: device state HTTP 502[0m
[12:57:43.390] [1;32muart:~$ [m[8D[J[00:20:04.619,000] [1;31m<err> llss: Poll error 502[0m
[12:57:43.390] [1;32muart:~$ [m[8D[J[00:20:04.619,000] [1;33m<wrn> net_watchdog: Watchdog soft reset (offline 184s) — session + DNS[0m
[12:57:43.391] [1;32muart:~$ [m[8D[J[00:20:04.620,000] [1;33m<wrn> llss_client: DNS resolver reset (1 server)[0m
[12:57:43.391] [1;32muart:~$ [m[8D[J[1;32muart:~$ [m[8D[J[00:20:09.737,000] [1;31m<err> llss_client: device state HTTP 502[0m
[12:57:48.508] [1;32muart:~$ [m[8D[J[00:20:09.737,000] [1;31m<err> llss: Poll error 502[0m
[12:57:48.508] [1;32muart:~$ [m[8D[J[1;32muart:~$ [m[8D[J[00:20:14.837,000] [1;31m<err> llss_client: device state HTTP 502[0m
[12:57:53.607] [1;32muart:~$ [m[8D[J[00:20:14.837,000] [1;31m<err> llss: Poll error 502[0m
[12:57:53.608] [1;32muart:~$ [m[8D[J[1;32muart:~$ [m[8D[J[00:20:19.944,000] [1;31m<err> llss_client: device state HTTP 502[0m
[12:57:58.715] [1;32muart:~$ [m[8D[J[00:20:19.944,000] [1;31m<err> llss: Poll error 502[0m
[12:57:58.715] [1;32muart:~$ [m[8D[J[1;32muart:~$ [m[8D[J[00:20:25.063,000] [1;31m<err> llss_client: device state HTTP 502[0m
[12:58:03.833] [1;32muart:~$ [m[8D[J[00:20:25.063,000] [1;31m<err> llss: Poll error 502[0m
[12:58:03.834] [1;32muart:~$ [m[8D[J[1;32muart:~$ [m[8D[J[00:20:30.179,000] [1;31m<err> llss_client: device state HTTP 502[0m
[12:58:08.950] [1;32muart:~$ [m[8D[J[00:20:30.179,000] [1;31m<err> llss: Poll error 502[0m
[12:58:08.951] [1;32muart:~$ [m[8D[JNETMEM up=1230s pktRX=40/40 pktTX=16/16 bufRX=160/160/m102 bufTX=80/80/m5 sysheap_free=11208 alloc=21380 max=24056
[12:58:08.952] [1;32muart:~$ [m[8D[J[1;32muart:~$ [m[8D[J[00:20:35.318,000] [1;31m<err> llss_client: device state HTTP 502[0m
[12:58:14.089] [1;32muart:~$ [m[8D[J[00:20:35.318,000] [1;31m<err> llss: Poll error 502[0m
[12:58:14.089] [1;32muart:~$ [m[8D[J[1;32muart:~$ [m[8D[J[00:20:40.428,000] [1;31m<err> llss_client: device state HTTP 502[0m
[12:58:19.199] [1;32muart:~$ [m[8D[J[00:20:40.428,000] [1;31m<err> llss: Poll error 502[0m
[12:58:19.199] [1;32muart:~$ [m[8D[J[1;32muart:~$ [m[8D[J[00:20:45.541,000] [1;31m<err> llss_client: device state HTTP 502[0m
[12:58:24.312] [1;32muart:~$ [m[8D[J[00:20:45.541,000] [1;31m<err> llss: Poll error 502[0m
[12:58:24.312] [1;32muart:~$ [m[8D[J[1;32muart:~$ [m[8D[J[00:20:50.651,000] [1;31m<err> llss_client: device state HTTP 502[0m
[12:58:29.422] [1;32muart:~$ [m[8D[J[00:20:50.651,000] [1;31m<err> llss: Poll error 502[0m
[12:58:29.422] [1;32muart:~$ [m[8D[J[1;32muart:~$ [m[8D[J[00:20:55.754,000] [1;31m<err> llss_client: device state HTTP 502[0m
[12:58:34.525] [1;32muart:~$ [m[8D[J[00:20:55.754,000] [1;31m<err> llss: Poll error 502[0m
[12:58:34.525] [1;32muart:~$ [m[8D[J[1;32muart:~$ [m[8D[J[00:21:00.261,000] [0m<inf> shtc3: SHTC3: temperature=23.92 C humidity=35.04 %[0m
[12:58:39.032] [1;32muart:~$ [m[8D[JNETMEM up=1260s pktRX=40/40 pktTX=16/16 bufRX=160/160/m102 bufTX=80/80/m5 sysheap_free=11208 alloc=21380 max=24056
[12:58:39.033] [1;32muart:~$ [m[8D[J[00:21:00.852,000] [1;31m<err> llss_client: device state HTTP 502[0m
[12:58:39.034] [1;32muart:~$ [m[8D[J[00:21:00.852,000] [1;31m<err> llss: Poll error 502[0m
[12:58:39.035] [1;32muart:~$ [m[8D[J[1;32muart:~$ [m[8D[J[00:21:05.955,000] [1;31m<err> llss_client: device state HTTP 502[0m
[12:58:44.726] [1;32muart:~$ [m[8D[J[00:21:05.955,000] [1;31m<err> llss: Poll error 502[0m
[12:58:44.727] [1;32muart:~$ [m[8D[J[1;32muart:~$ [m[8D[J[00:21:11.054,000] [1;31m<err> llss_client: device state HTTP 502[0m
[12:58:49.824] [1;32muart:~$ [m[8D[J[00:21:11.054,000] [1;31m<err> llss: Poll error 502[0m
[12:58:49.825] [1;32muart:~$ [m[8D[J[1;32muart:~$ [m[8D[J[00:21:16.171,000] [1;31m<err> llss_client: device state HTTP 502[0m
[12:58:54.943] [1;32muart:~$ [m[8D[J[00:21:16.172,000] [1;31m<err> llss: Poll error 502[0m
[12:58:54.943] [1;32muart:~$ [m[8D[J[1;32muart:~$ [m[8D[J[00:21:21.277,000] [1;31m<err> llss_client: device state HTTP 502[0m
[12:59:00.048] [1;32muart:~$ [m[8D[J[00:21:21.277,000] [1;31m<err> llss: Poll error 502[0m
[12:59:00.049] [1;32muart:~$ [m[8D[J[1;32muart:~$ [m[8D[J[00:21:26.382,000] [1;31m<err> llss_client: device state HTTP 502[0m
[12:59:05.153] [1;32muart:~$ [m[8D[J[00:21:26.382,000] [1;31m<err> llss: Poll error 502[0m
[12:59:05.154] [1;32muart:~$ [m[8D[J[1;32muart:~$ [m[8D[JNETMEM up=1290s pktRX=40/40 pktTX=16/16 bufRX=160/160/m102 bufTX=80/80/m5 sysheap_free=11208 alloc=21380 max=24056
[12:59:09.132] [1;32muart:~$ [m[8D[J[1;32muart:~$ [m[8D[J[00:21:31.493,000] [1;31m<err> llss_client: device state HTTP 502[0m
[12:59:10.264] [1;32muart:~$ [m[8D[J[00:21:31.493,000] [1;31m<err> llss: Poll error 502[0m
[12:59:10.265] [1;32muart:~$ [m[8D[J[1;32muart:~$ [m[8D[J[00:21:36.610,000] [1;31m<err> llss_client: device state HTTP 502[0m
[12:59:15.381] [1;32muart:~$ [m[8D[J[00:21:36.610,000] [1;31m<err> llss: Poll error 502[0m
[12:59:15.382] [1;32muart:~$ [m[8D[J[1;32muart:~$ [m[8D[J[00:21:41.737,000] [1;31m<err> llss_client: device state HTTP 502[0m
[12:59:20.508] [1;32muart:~$ [m[8D[J[00:21:41.737,000] [1;31m<err> llss: Poll error 502[0m
[12:59:20.509] [1;32muart:~$ [m[8D[J[1;32muart:~$ [m[8D[J[00:21:46.845,000] [1;31m<err> llss_client: device state HTTP 502[0m
[12:59:25.615] [1;32muart:~$ [m[8D[J[00:21:46.845,000] [1;31m<err> llss: Poll error 502[0m
[12:59:25.616] [1;32muart:~$ [m[8D[J[1;32muart:~$ [m[8D[J[00:21:51.943,000] [1;31m<err> llss_client: device state HTTP 502[0m
[12:59:30.714] [1;32muart:~$ [m[8D[J[00:21:51.943,000] [1;31m<err> llss: Poll error 502[0m
[12:59:30.714] [1;32muart:~$ [m[8D[J[1;32muart:~$ [m[8D[J[00:21:57.058,000] [1;31m<err> llss_client: device state HTTP 502[0m
[12:59:35.829] [1;32muart:~$ [m[8D[J[00:21:57.058,000] [1;31m<err> llss: Poll error 502[0m
[12:59:35.829] [1;32muart:~$ [m[8D[J[1;32muart:~$ [m[8D[J[00:22:00.264,000] [0m<inf> shtc3: SHTC3: temperature=23.99 C humidity=34.80 %[0m
[12:59:39.035] [1;32muart:~$ [m[8D[JNETMEM up=1320s pktRX=40/40 pktTX=16/16 bufRX=160/160/m102 bufTX=80/80/m5 sysheap_free=11208 alloc=21380 max=24056
[12:59:39.036] [1;32muart:~$ [m[8D[J[1;32muart:~$ [m[8D[J[00:22:02.174,000] [1;31m<err> llss_client: device state HTTP 502[0m
[12:59:40.945] [1;32muart:~$ [m[8D[J[00:22:02.174,000] [1;31m<err> llss: Poll error 502[0m
[12:59:40.946] [1;32muart:~$ [m[8D[J[00:22:02.174,000] [1;31m<err> net_watchdog: WATCHDOG: would reset now (offline 302s); next would-reset in 600 s[0m
[12:59:40.947] [1;32muart:~$ [m[8D[J[1;32muart:~$ [m[8D[J[00:22:07.281,000] [1;31m<err> llss_client: device state HTTP 502[0m
[12:59:46.052] [1;32muart:~$ [m[8D[J[00:22:07.281,000] [1;31m<err> llss: Poll error 502[0m
[12:59:46.053] [1;32muart:~$ [m[8D[J[1;32muart:~$ [m[8D[J[00:22:12.385,000] [1;31m<err> llss_client: device state HTTP 502[0m
[12:59:51.156] [1;32muart:~$ [m[8D[J[00:22:12.385,000] [1;31m<err> llss: Poll error 502[0m
[12:59:51.157] [1;32muart:~$ [m[8D[J[1;32muart:~$ [m[8D[J[00:22:17.496,000] [1;31m<err> llss_client: device state HTTP 502[0m
[12:59:56.267] [1;32muart:~$ [m[8D[J[00:22:17.496,000] [1;31m<err> llss: Poll error 502[0m
[12:59:56.267] [1;32muart:~$ [m[8D[J[1;32muart:~$ [m[8D[J[00:22:22.605,000] [1;31m<err> llss_client: device state HTTP 502[0m
[13:00:01.376] [1;32muart:~$ [m[8D[J[00:22:22.605,000] [1;31m<err> llss: Poll error 502[0m
[13:00:01.376] [1;32muart:~$ [m[8D[J[1;32muart:~$ [m[8D[J[00:22:27.709,000] [1;31m<err> llss_client: device state HTTP 502[0m
[13:00:06.480] [1;32muart:~$ [m[8D[J[00:22:27.709,000] [1;31m<err> llss: Poll error 502[0m
[13:00:06.480] [1;32muart:~$ [m[8D[J[1;32muart:~$ [m[8D[JNETMEM up=1350s pktRX=40/40 pktTX=16/16 bufRX=160/160/m102 bufTX=80/80/m5 sysheap_free=11208 alloc=21380 max=24056
[13:00:09.133] [1;32muart:~$ [m[8D[J[1;32muart:~$ [m[8D[J[00:22:32.812,000] [1;31m<err> llss_client: device state HTTP 502[0m
[13:00:11.583] [1;32muart:~$ [m[8D[J[00:22:32.812,000] [1;31m<err> llss: Poll error 502[0m
[13:00:11.584] [1;32muart:~$ [m[8D[J[1;32muart:~$ [m[8D[J[00:22:37.916,000] [1;31m<err> llss_client: device state HTTP 502[0m
[13:00:16.687] [1;32muart:~$ [m[8D[J[00:22:37.916,000] [1;31m<err> llss: Poll error 502[0m
[13:00:16.688] [1;32muart:~$ [m[8D[J[1;32muart:~$ [m[8D[J[00:22:43.031,000] [1;31m<err> llss_client: device state HTTP 502[0m
[13:00:21.803] [1;32muart:~$ [m[8D[J[00:22:43.031,000] [1;31m<err> llss: Poll error 502[0m
[13:00:21.803] [1;32muart:~$ [m[8D[J[1;32muart:~$ [m[8D[J[00:22:48.137,000] [1;31m<err> llss_client: device state HTTP 502[0m
[13:00:26.909] [1;32muart:~$ [m[8D[J[00:22:48.138,000] [1;31m<err> llss: Poll error 502[0m
[13:00:26.909] [1;32muart:~$ [m[8D[J[1;32muart:~$ [m[8D[J[00:22:53.264,000] [1;31m<err> llss_client: device state HTTP 502[0m
[13:00:32.035] [1;32muart:~$ [m[8D[J[00:22:53.264,000] [1;31m<err> llss: Poll error 502[0m
[13:00:32.035] [1;32muart:~$ [m[8D[J[1;32muart:~$ [m[8D[J[00:22:58.382,000] [1;31m<err> llss_client: device state HTTP 502[0m
[13:00:37.155] [1;32muart:~$ [m[8D[J[00:22:58.387,000] [1;31m<err> llss: Poll error 502[0m
[13:00:37.155] [1;32muart:~$ [m[8D[J[1;32muart:~$ [m[8D[J[00:23:00.267,000] [0m<inf> shtc3: SHTC3: temperature=24.01 C humidity=34.79 %[0m
[13:00:39.038] [1;32muart:~$ [m[8D[JNETMEM up=1380s pktRX=40/40 pktTX=16/16 bufRX=160/160/m102 bufTX=80/80/m5 sysheap_free=11208 alloc=21380 max=24056
[13:00:39.039] [1;32muart:~$ [m[8D[J[1;32muart:~$ [m[8D[J[00:23:03.490,000] [1;31m<err> llss_client: device state HTTP 502[0m
[13:00:42.261] [1;32muart:~$ [m[8D[J[00:23:03.490,000] [1;31m<err> llss: Poll error 502[0m
[13:00:42.262] [1;32muart:~$ [m[8D[J[1;32muart:~$ [m[8D[J[00:23:08.634,000] [1;31m<err> llss_client: device state HTTP 502[0m
[13:00:47.405] [1;32muart:~$ [m[8D[J[00:23:08.634,000] [1;31m<err> llss: Poll error 502[0m
[13:00:47.406] [1;32muart:~$ [m[8D[J[1;32muart:~$ [m[8D[J[00:23:13.732,000] [1;31m<err> llss_client: device state HTTP 502[0m
[13:00:52.503] [1;32muart:~$ [m[8D[J[00:23:13.732,000] [1;31m<err> llss: Poll error 502[0m
[13:00:52.504] [1;32muart:~$ [m[8D[J[1;32muart:~$ [m[8D[J[00:23:18.848,000] [1;31m<err> llss_client: device state HTTP 502[0m
[13:00:57.619] [1;32muart:~$ [m[8D[J[00:23:18.848,000] [1;31m<err> llss: Poll error 502[0m
[13:00:57.620] [1;32muart:~$ [m[8D[J[1;32muart:~$ [m[8D[J[00:23:23.961,000] [1;31m<err> llss_client: device state HTTP 502[0m
[13:01:02.733] [1;32muart:~$ [m[8D[J[00:23:23.961,000] [1;31m<err> llss: Poll error 502[0m
[13:01:02.733] [1;32muart:~$ [m[8D[J[1;32muart:~$ [m[8D[J[00:23:29.101,000] [1;31m<err> llss_client: device state HTTP 502[0m
[13:01:07.873] [1;32muart:~$ [m[8D[J[00:23:29.101,000] [1;31m<err> llss: Poll error 502[0m
[13:01:07.874] [1;32muart:~$ [m[8D[J[1;32muart:~$ [m[8D[JNETMEM up=1410s pktRX=40/40 pktTX=16/16 bufRX=160/160/m102 bufTX=80/80/m5 sysheap_free=11208 alloc=21380 max=24056
[13:01:09.133] [1;32muart:~$ [m[8D[J[1;32muart:~$ [m[8D[J[00:23:34.206,000] [1;31m<err> llss_client: device state HTTP 502[0m
[13:01:12.977] [1;32muart:~$ [m[8D[J[00:23:34.206,000] [1;31m<err> llss: Poll error 502[0m
[13:01:12.978] [1;32muart:~$ [m[8D[J[1;32muart:~$ [m[8D[J[00:23:39.324,000] [1;31m<err> llss_client: device state HTTP 502[0m
[13:01:18.096] [1;32muart:~$ [m[8D[J[00:23:39.324,000] [1;31m<err> llss: Poll error 502[0m
[13:01:18.096] [1;32muart:~$ [m[8D[J[1;32muart:~$ [m[8D[J[00:23:44.449,000] [1;31m<err> llss_client: device state HTTP 502[0m
[13:01:23.220] [1;32muart:~$ [m[8D[J[00:23:44.449,000] [1;31m<err> llss: Poll error 502[0m
[13:01:23.221] [1;32muart:~$ [m[8D[J[1;32muart:~$ [m[8D[J[00:23:49.556,000] [1;31m<err> llss_client: device state HTTP 502[0m
[13:01:28.327] [1;32muart:~$ [m[8D[J[00:23:49.556,000] [1;31m<err> llss: Poll error 502[0m
[13:01:28.328] [1;32muart:~$ [m[8D[J[1;32muart:~$ [m[8D[J[00:23:54.661,000] [1;31m<err> llss_client: device state HTTP 502[0m
[13:01:33.432] [1;32muart:~$ [m[8D[J[00:23:54.661,000] [1;31m<err> llss: Poll error 502[0m
[13:01:33.433] [1;32muart:~$ [m[8D[J[1;32muart:~$ [m[8D[J[00:23:59.797,000] [1;31m<err> llss_client: device state HTTP 502[0m
[13:01:38.568] [1;32muart:~$ [m[8D[J[00:23:59.797,000] [1;31m<err> llss: Poll error 502[0m
[13:01:38.569] [1;32muart:~$ [m[8D[J[00:24:00.270,000] [0m<inf> shtc3: SHTC3: temperature=24.10 C humidity=35.23 %[0m
[13:01:38.570] [1;32muart:~$ [m[8D[JNETMEM up=1440s pktRX=40/40 pktTX=16/16 bufRX=160/160/m102 bufTX=80/80/m5 sysheap_free=11208 alloc=21380 max=24056
[13:01:38.571] [1;32muart:~$ [m[8D[J[1;32muart:~$ [m[8D[J[00:24:04.905,000] [1;31m<err> llss_client: device state HTTP 502[0m
[13:01:43.677] [1;32muart:~$ [m[8D[J[00:24:04.905,000] [1;31m<err> llss: Poll error 502[0m
[13:01:43.678] [1;32muart:~$ [m[8D[J[00:24:04.905,000] [1;33m<wrn> net_watchdog: Watchdog soft reset (offline 424s) — session + DNS[0m
[13:01:43.679] [1;32muart:~$ [m[8D[J[00:24:04.906,000] [1;33m<wrn> llss_client: DNS resolver reset (1 server)[0m
[13:01:43.680] [1;32muart:~$ [m[8D[J[1;32muart:~$ [m[8D[J[00:24:10.046,000] [1;31m<err> llss_client: device state HTTP 502[0m
[13:01:48.817] [1;32muart:~$ [m[8D[J[00:24:10.046,000] [1;31m<err> llss: Poll error 502[0m
[13:01:48.818] [1;32muart:~$ [m[8D[J[1;32muart:~$ [m[8D[J[00:24:15.162,000] [1;31m<err> llss_client: device state HTTP 502[0m
[13:01:53.934] [1;32muart:~$ [m[8D[J[00:24:15.162,000] [1;31m<err> llss: Poll error 502[0m
[13:01:53.934] [1;32muart:~$ [m[8D[J[1;32muart:~$ [m[8D[J[00:24:20.282,000] [1;31m<err> llss_client: device state HTTP 502[0m
[13:01:59.054] [1;32muart:~$ [m[8D[J[00:24:20.282,000] [1;31m<err> llss: Poll error 502[0m
[13:01:59.054] [1;32muart:~$ [m[8D[J[1;32muart:~$ [m[8D[J[00:24:25.399,000] [1;31m<err> llss_client: device state HTTP 502[0m
[13:02:04.170] [1;32muart:~$ [m[8D[J[00:24:25.399,000] [1;31m<err> llss: Poll error 502[0m
[13:02:04.171] [1;32muart:~$ [m[8D[J[1;32muart:~$ [m[8D[JNETMEM up=1470s pktRX=40/40 pktTX=16/16 bufRX=160/160/m102 bufTX=80/80/m5 sysheap_free=11208 alloc=21380 max=24056
[13:02:09.134] [1;32muart:~$ [m[8D[J[00:24:30.510,000] [1;31m<err> llss_client: device state HTTP 502[0m
[13:02:09.135] [1;32muart:~$ [m[8D[J[00:24:30.510,000] [1;31m<err> llss: Poll error 502[0m
[13:02:09.135] [1;32muart:~$ [m[8D[J[1;32muart:~$ [m[8D[J[00:24:35.629,000] [1;31m<err> llss_client: device state HTTP 502[0m
[13:02:14.401] [1;32muart:~$ [m[8D[J[00:24:35.629,000] [1;31m<err> llss: Poll error 502[0m
[13:02:14.401] [1;32muart:~$ [m[8D[J[1;32muart:~$ [m[8D[J[00:24:40.787,000] [1;31m<err> llss_client: device state HTTP 502[0m
[13:02:19.558] [1;32muart:~$ [m[8D[J[00:24:40.787,000] [1;31m<err> llss: Poll error 502[0m
[13:02:19.561] [1;32muart:~$ [m[8D[J[1;32muart:~$ [m[8D[J[00:24:45.892,000] [1;31m<err> llss_client: device state HTTP 502[0m
[13:02:24.664] [1;32muart:~$ [m[8D[J[00:24:45.892,000] [1;31m<err> llss: Poll error 502[0m
[13:02:24.665] [1;32muart:~$ [m[8D[J[1;32muart:~$ [m[8D[J[00:24:51.002,000] [1;31m<err> llss_client: device state HTTP 502[0m
[13:02:29.774] [1;32muart:~$ [m[8D[J[00:24:51.002,000] [1;31m<err> llss: Poll error 502[0m
[13:02:29.775] [1;32muart:~$ [m[8D[J[1;32muart:~$ [m[8D[J[00:24:56.144,000] [1;31m<err> llss_client: device state HTTP 502[0m
[13:02:34.916] [1;32muart:~$ [m[8D[J[00:24:56.144,000] [1;31m<err> llss: Poll error 502[0m
[13:02:34.917] [1;32muart:~$ [m[8D[J[1;32muart:~$ [m[8D[JThread analyze:
[13:02:37.987] [1;32muart:~$ [m[8D[J wdt_sentinel_tid    : STACK: unused 432 usage 336 / 768 (43 %); CPU: 0 %
[13:02:37.988] [1;32muart:~$ [m[8D[J                     : Total CPU cycles used: 11332526
[13:02:37.989] [1;32muart:~$ [m[8D[J thread_analyzer     : STACK: unused 112 usage 912 / 1024 (89 %); CPU: 0 %
[13:02:37.990] [1;32muart:~$ [m[8D[J                     : Total CPU cycles used: 3528235
[13:02:37.991] [1;32muart:~$ [m[8D[J sys_wdt_tid         : STACK: unused 704 usage 320 / 1024 (31 %); CPU: 0 %
[13:02:37.991] [1;32muart:~$ [m[8D[J                     : Total CPU cycles used: 1814473
[13:02:37.992] [1;32muart:~$ [m[8D[J shtc3_thread        : STACK: unused 1360 usage 688 / 2048 (33 %); CPU: 0 %
[13:02:37.993] [1;32muart:~$ [m[8D[J                     : Total CPU cycles used: 1660193
[13:02:37.993] [1;32muart:~$ [m[8D[J ntp_thread          : STACK: unused 2480 usage 1616 / 4096 (39 %); CPU: 0 %
[13:02:37.994] [1;32muart:~$ [m[8D[J                     : Total CPU cycles used: 1422554
[13:02:37.995] [1;32muart:~$ [m[8D[J netmem_tid          : STACK: unused 624 usage 656 / 1280 (51 %); CPU: 0 %
[13:02:37.996] [1;32muart:~$ [m[8D[J                     : Total CPU cycles used: 1226794
[13:02:37.996] [1;32muart:~$ [m[8D[J llss_thread         : STACK: unused 11584 usage 4800 / 16384 (29 %); CPU: 0 %
[13:02:37.997] [1;32muart:~$ [m[8D[J                     : Total CPU cycles used: 2226139932
[13:02:37.998] [1;32muart:~$ [m[8D[J input               : STACK: unused 560 usage 464 / 1024 (45 %); CPU: 0 %
[13:02:37.999] [1;32muart:~$ [m[8D[J                     : Total CPU cycles used: 72962
[13:02:37.999] [1;32muart:~$ [m[8D[J display_thread      : STACK: unused 8640 usage 3648 / 12288 (29 %); CPU: 0 %
[13:02:38.000] [1;32muart:~$ [m[8D[J                     : Total CPU cycles used: 400393757
[13:02:38.001] [1;32muart:~$ [m[8D[J device_ui_thread    : STACK: unused 4496 usage 3696 / 8192 (45 %); CPU: 0 %
[13:02:38.001] [1;32muart:~$ [m[8D[J                     : Total CPU cycles used: 1389106885
[13:02:38.002] [1;32muart:~$ [m[8D[J conn_mgr_monitor    : STACK: unused 176 usage 336 / 512 (65 %); CPU: 0 %
[13:02:38.003] [1;32muart:~$ [m[8D[J                     : Total CPU cycles used: 86568
[13:02:38.003] [1;32muart:~$ [m[8D[J net_socket_service  : STACK: unused 3344 usage 752 / 4096 (18 %); CPU: 0 %
[13:02:38.004] [1;32muart:~$ [m[8D[J                     : Total CPU cycles used: 2255339
[13:02:38.005] [1;32muart:~$ [m[8D[J rx_q[0]             : STACK: unused 528 usage 1520 / 2048 (74 %); CPU: 0 %
[13:02:38.006] [1;32muart:~$ [m[8D[J                     : Total CPU cycles used: 546627462
[13:02:38.006] [1;32muart:~$ [m[8D[J net_mgmt            : STACK: unused 3424 usage 672 / 4096 (16 %); CPU: 0 %
[13:02:38.007] [1;32muart:~$ [m[8D[J                     : Total CPU cycles used: 857641
[13:02:38.008] [1;32muart:~$ [m[8D[J tcp_work            : STACK: unused 1680 usage 368 / 2048 (17 %); CPU: 0 %
[13:02:38.008] [1;32muart:~$ [m[8D[J                     : Total CPU cycles used: 3475002
[13:02:38.009] [1;32muart:~$ [m[8D[J shell_uart          : STACK: unused 2624 usage 1472 / 4096 (35 %); CPU: 0 %
[13:02:38.010] [1;32muart:~$ [m[8D[J                     : Total CPU cycles used: 38500305
[13:02:38.011] [1;32muart:~$ [m[8D[J wifi                : STACK: unused 1456 usage 2128 / 3584 (59 %); CPU: 0 %
[13:02:38.011] [1;32muart:~$ [m[8D[J                     : Total CPU cycles used: 3166247528
[13:02:38.012] [1;32muart:~$ [m[8D[J sysworkq            : STACK: unused 3248 usage 848 / 4096 (20 %); CPU: 0 %
[13:02:38.013] [1;32muart:~$ [m[8D[J                     : Total CPU cycles used: 35575485
[13:02:38.013] [1;32muart:~$ [m[8D[J esp_timer           : STACK: unused 3616 usage 480 / 4096 (11 %); CPU: 0 %
[13:02:38.014] [1;32muart:~$ [m[8D[J                     : Total CPU cycles used: 134939627
[13:02:38.015] [1;32muart:~$ [m[8D[J logging             : STACK: unused 544 usage 480 / 1024 (46 %); CPU: 0 %
[13:02:38.016] [1;32muart:~$ [m[8D[J                     : Total CPU cycles used: 6341529
[13:02:38.016] [1;32muart:~$ [m[8D[J idle                : STACK: unused 816 usage 208 / 1024 (20 %); CPU: 97 %
[13:02:38.017] [1;32muart:~$ [m[8D[J                     : Total CPU cycles used: 351657678155
[13:02:38.018] [1;32muart:~$ [m[8D[J ISR0                : STACK: unused 1520 usage 528 / 2048 (25 %); CPU: 0 %
[13:02:38.019] [1;32muart:~$ [m[8D[J                     : Total CPU cycles used: 0
[13:02:38.019] [1;32muart:~$ [m[8D[J[1;32muart:~$ [m[8D[J[1;32muart:~$ [m[8D[J[00:25:00.273,000] [0m<inf> shtc3: SHTC3: temperature=24.26 C humidity=35.70 %[0m
[13:02:39.045] [1;32muart:~$ [m[8D[JNETMEM up=1500s pktRX=40/40 pktTX=16/16 bufRX=160/160/m102 bufTX=80/80/m5 sysheap_free=11208 alloc=21380 max=24056
[13:02:39.046] [1;32muart:~$ [m[8D[J[00:25:01.269,000] [1;31m<err> llss_client: device state HTTP 502[0m
[13:02:39.047] [1;32muart:~$ [m[8D[J[00:25:01.269,000] [1;31m<err> llss: Poll error 502[0m
[13:02:39.047] [1;32muart:~$ [m[8D[J[1;32muart:~$ [m[8D[J[00:25:06.392,000] [1;31m<err> llss_client: device state HTTP 502[0m
[13:02:45.164] [1;32muart:~$ [m[8D[J[00:25:06.392,000] [1;31m<err> llss: Poll error 502[0m
[13:02:45.164] [1;32muart:~$ [m[8D[J[1;32muart:~$ [m[8D[J[00:25:11.526,000] [1;31m<err> llss_client: device state HTTP 502[0m
[13:02:50.298] [1;32muart:~$ [m[8D[J[00:25:11.526,000] [1;31m<err> llss: Poll error 502[0m
[13:02:50.299] [1;32muart:~$ [m[8D[J[1;32muart:~$ [m[8D[J[00:25:16.633,000] [1;31m<err> llss_client: device state HTTP 502[0m
[13:02:55.405] [1;32muart:~$ [m[8D[J[00:25:16.633,000] [1;31m<err> llss: Poll error 502[0m
[13:02:55.405] [1;32muart:~$ [m[8D[J[1;32muart:~$ [m[8D[J[00:25:21.757,000] [1;31m<err> llss_client: device state HTTP 502[0m
[13:03:00.529] [1;32muart:~$ [m[8D[J[00:25:21.757,000] [1;31m<err> llss: Poll error 502[0m
[13:03:00.530] [1;32muart:~$ [m[8D[J[1;32muart:~$ [m[8D[J[00:25:26.877,000] [1;31m<err> llss_client: device state HTTP 502[0m
[13:03:05.649] [1;32muart:~$ [m[8D[J[00:25:26.877,000] [1;31m<err> llss: Poll error 502[0m
[13:03:05.650] [1;32muart:~$ [m[8D[J[1;32muart:~$ [m[8D[JNETMEM up=1530s pktRX=39/40 pktTX=16/16 bufRX=159/160/m102 bufTX=80/80/m5 sysheap_free=11208 alloc=21380 max=24056
[13:03:09.135] [1;32muart:~$ [m[8D[J[1;32muart:~$ [m[8D[J[00:25:31.993,000] [1;31m<err> llss_client: device state HTTP 502[0m
[13:03:10.766] [1;32muart:~$ [m[8D[J[00:25:31.993,000] [1;31m<err> llss: Poll error 502[0m
[13:03:10.766] [1;32muart:~$ [m[8D[J[1;32muart:~$ [m[8D[J[00:25:37.111,000] [1;31m<err> llss_client: device state HTTP 502[0m
[13:03:15.883] [1;32muart:~$ [m[8D[J[00:25:37.111,000] [1;31m<err> llss: Poll error 502[0m
[13:03:15.883] [1;32muart:~$ [m[8D[J[1;32muart:~$ [m[8D[J[00:25:42.232,000] [1;31m<err> llss_client: device state HTTP 502[0m
[13:03:21.004] [1;32muart:~$ [m[8D[J[00:25:42.232,000] [1;31m<err> llss: Poll error 502[0m
[13:03:21.004] [1;32muart:~$ [m[8D[J[1;32muart:~$ [m[8D[J[00:25:47.355,000] [1;31m<err> llss_client: device state HTTP 502[0m
[13:03:26.127] [1;32muart:~$ [m[8D[J[00:25:47.355,000] [1;31m<err> llss: Poll error 502[0m
[13:03:26.128] [1;32muart:~$ [m[8D[J[1;32muart:~$ [m[8D[J[00:25:52.489,000] [1;31m<err> llss_client: device state HTTP 502[0m
[13:03:31.262] [1;32muart:~$ [m[8D[J[00:25:52.489,000] [1;31m<err> llss: Poll error 502[0m
[13:03:31.262] [1;32muart:~$ [m[8D[J[1;32muart:~$ [m[8D[J[00:25:57.607,000] [1;31m<err> llss_client: device state HTTP 502[0m
[13:03:36.379] [1;32muart:~$ [m[8D[J[00:25:57.607,000] [1;31m<err> llss: Poll error 502[0m
[13:03:36.380] [1;32muart:~$ [m[8D[J[1;32muart:~$ [m[8D[J[00:26:00.276,000] [0m<inf> shtc3: SHTC3: temperature=24.17 C humidity=36.22 %[0m
[13:03:39.048] [1;32muart:~$ [m[8D[JNETMEM up=1560s pktRX=39/40 pktTX=16/16 bufRX=159/160/m102 bufTX=80/80/m5 sysheap_free=11208 alloc=21380 max=24056
[13:03:39.049] [1;32muart:~$ [m[8D[J[1;32muart:~$ [m[8D[J[00:26:02.753,000] [1;31m<err> llss_client: device state HTTP 502[0m
[13:03:41.525] [1;32muart:~$ [m[8D[J[00:26:02.753,000] [1;31m<err> llss: Poll error 502[0m
[13:03:41.526] [1;32muart:~$ [m[8D[J[1;32muart:~$ [m[8D[J[00:26:07.872,000] [1;31m<err> llss_client: device state HTTP 502[0m
[13:03:46.644] [1;32muart:~$ [m[8D[J[00:26:07.872,000] [1;31m<err> llss: Poll error 502[0m
[13:03:46.645] [1;32muart:~$ [m[8D[J[1;32muart:~$ [m[8D[J[00:26:12.996,000] [1;31m<err> llss_client: device state HTTP 502[0m
[13:03:51.769] [1;32muart:~$ [m[8D[J[00:26:12.996,000] [1;31m<err> llss: Poll error 502[0m
[13:03:51.770] [1;32muart:~$ [m[8D[J[1;32muart:~$ [m[8D[J[00:26:18.124,000] [1;31m<err> llss_client: device state HTTP 502[0m
[13:03:56.897] [1;32muart:~$ [m[8D[J[00:26:18.124,000] [1;31m<err> llss: Poll error 502[0m
[13:03:56.897] [1;32muart:~$ [m[8D[J[1;32muart:~$ [m[8D[J[00:26:23.269,000] [1;31m<err> llss_client: device state HTTP 502[0m
[13:04:02.042] [1;32muart:~$ [m[8D[J[00:26:23.270,000] [1;31m<err> llss: Poll error 502[0m
[13:04:02.042] [1;32muart:~$ [m[8D[J[1;32muart:~$ [m[8D[J[00:26:28.393,000] [1;31m<err> llss_client: device state HTTP 502[0m
[13:04:07.166] [1;32muart:~$ [m[8D[J[00:26:28.393,000] [1;31m<err> llss: Poll error 502[0m
[13:04:07.166] [1;32muart:~$ [m[8D[J[1;32muart:~$ [m[8D[JNETMEM up=1590s pktRX=39/40 pktTX=16/16 bufRX=159/160/m102 bufTX=80/80/m5 sysheap_free=11208 alloc=21380 max=24056
[13:04:09.135] [1;32muart:~$ [m[8D[J[1;32muart:~$ [m[8D[J[00:26:33.513,000] [1;31m<err> llss_client: device state HTTP 502[0m
[13:04:12.285] [1;32muart:~$ [m[8D[J[00:26:33.513,000] [1;31m<err> llss: Poll error 502[0m
[13:04:12.286] [1;32muart:~$ [m[8D[J[1;32muart:~$ [m[8D[J[00:26:38.653,000] [1;31m<err> llss_client: device state HTTP 502[0m
[13:04:17.426] [1;32muart:~$ [m[8D[J[00:26:38.653,000] [1;31m<err> llss: Poll error 502[0m
[13:04:17.426] [1;32muart:~$ [m[8D[J[1;32muart:~$ [m[8D[J[00:26:43.796,000] [1;31m<err> llss_client: device state HTTP 502[0m
[13:04:22.569] [1;32muart:~$ [m[8D[J[00:26:43.796,000] [1;31m<err> llss: Poll error 502[0m
[13:04:22.569] [1;32muart:~$ [m[8D[J[1;32muart:~$ [m[8D[J[00:26:48.924,000] [1;31m<err> llss_client: device state HTTP 502[0m
[13:04:27.697] [1;32muart:~$ [m[8D[J[00:26:48.924,000] [1;31m<err> llss: Poll error 502[0m
[13:04:27.697] [1;32muart:~$ [m[8D[J[1;32muart:~$ [m[8D[J[00:26:54.053,000] [1;31m<err> llss_client: device state HTTP 502[0m
[13:04:32.826] [1;32muart:~$ [m[8D[J[00:26:54.053,000] [1;31m<err> llss: Poll error 502[0m
[13:04:32.827] [1;32muart:~$ [m[8D[J[1;32muart:~$ [m[8D[J[00:26:59.182,000] [1;31m<err> llss_client: device state HTTP 502[0m
[13:04:37.955] [1;32muart:~$ [m[8D[J[00:26:59.182,000] [1;31m<err> llss: Poll error 502[0m
[13:04:37.955] [1;32muart:~$ [m[8D[J[1;32muart:~$ [m[8D[J[00:27:00.279,000] [0m<inf> shtc3: SHTC3: temperature=24.14 C humidity=35.90 %[0m
[13:04:39.051] [1;32muart:~$ [m[8D[JNETMEM up=1620s pktRX=39/40 pktTX=16/16 bufRX=159/160/m102 bufTX=80/80/m5 sysheap_free=11208 alloc=21380 max=24056
[13:04:39.052] [1;32muart:~$ [m[8D[J[1;32muart:~$ [m[8D[J[00:27:04.353,000] [1;31m<err> llss_client: device state HTTP 502[0m
[13:04:43.126] [1;32muart:~$ [m[8D[J[00:27:04.353,000] [1;31m<err> llss: Poll error 502[0m
[13:04:43.127] [1;32muart:~$ [m[8D[J[1;32muart:~$ [m[8D[J[00:27:09.478,000] [1;31m<err> llss_client: device state HTTP 502[0m
[13:04:48.250] [1;32muart:~$ [m[8D[J[00:27:09.478,000] [1;31m<err> llss: Poll error 502[0m
[13:04:48.251] [1;32muart:~$ [m[8D[J[1;32muart:~$ [m[8D[J[00:27:14.609,000] [1;31m<err> llss_client: device state HTTP 502[0m
[13:04:53.381] [1;32muart:~$ [m[8D[J[00:27:14.609,000] [1;31m<err> llss: Poll error 502[0m
[13:04:53.382] [1;32muart:~$ [m[8D[J[1;32muart:~$ [m[8D[J[00:27:19.772,000] [1;31m<err> llss_client: device state HTTP 502[0m
[13:04:58.544] [1;32muart:~$ [m[8D[J[00:27:19.772,000] [1;31m<err> llss: Poll error 502[0m
[13:04:58.545] [1;32muart:~$ [m[8D[J[1;32muart:~$ [m[8D[J[00:27:24.909,000] [1;31m<err> llss_client: device state HTTP 502[0m
[13:05:03.682] [1;32muart:~$ [m[8D[J[00:27:24.909,000] [1;31m<err> llss: Poll error 502[0m
[13:05:03.683] [1;32muart:~$ [m[8D[J[1;32muart:~$ [m[8D[J[00:27:30.040,000] [1;31m<err> llss_client: device state HTTP 502[0m
[13:05:08.813] [1;32muart:~$ [m[8D[J[00:27:30.040,000] [1;31m<err> llss: Poll error 502[0m
[13:05:08.814] [1;32muart:~$ [m[8D[JNETMEM up=1650s pktRX=39/40 pktTX=16/16 bufRX=159/160/m102 bufTX=80/80/m5 sysheap_free=11172 alloc=21416 max=24056
[13:05:08.815] [1;32muart:~$ [m[8D[J[1;32muart:~$ [m[8D[J[00:27:35.224,000] [1;31m<err> llss_client: device state HTTP 502[0m
[13:05:13.996] [1;32muart:~$ [m[8D[J[00:27:35.224,000] [1;31m<err> llss: Poll error 502[0m
[13:05:13.997] [1;32muart:~$ [m[8D[J[1;32muart:~$ [m[8D[J[00:27:40.325,000] [1;31m<err> llss_client: device state HTTP 502[0m
[13:05:19.098] [1;32muart:~$ [m[8D[J[00:27:40.325,000] [1;31m<err> llss: Poll error 502[0m
[13:05:19.098] [1;32muart:~$ [m[8D[J[1;32muart:~$ [m[8D[J[00:27:45.431,000] [1;31m<err> llss_client: device state HTTP 502[0m
[13:05:24.204] [1;32muart:~$ [m[8D[J[00:27:45.431,000] [1;31m<err> llss: Poll error 502[0m
[13:05:24.205] [1;32muart:~$ [m[8D[J[1;32muart:~$ [m[8D[J[00:27:50.533,000] [1;31m<err> llss_client: device state HTTP 502[0m
[13:05:29.306] [1;32muart:~$ [m[8D[J[00:27:50.537,000] [1;31m<err> llss: Poll error 502[0m
[13:05:29.306] [1;32muart:~$ [m[8D[J[1;32muart:~$ [m[8D[J[00:27:55.798,000] [1;31m<err> llss_client: device state HTTP 502[0m
[13:05:34.571] [1;32muart:~$ [m[8D[J[00:27:55.798,000] [1;31m<err> llss: Poll error 502[0m
[13:05:34.572] [1;32muart:~$ [m[8D[J[1;32muart:~$ [m[8D[J[00:28:00.282,000] [0m<inf> shtc3: SHTC3: temperature=24.04 C humidity=35.96 %[0m
[13:05:39.056] [1;32muart:~$ [m[8D[JNETMEM up=1680s pktRX=39/40 pktTX=16/16 bufRX=159/160/m102 bufTX=80/80/m5 sysheap_free=11208 alloc=21380 max=24056
[13:05:39.056] [1;32muart:~$ [m[8D[J[00:28:01.087,000] [1;31m<err> llss_client: device state HTTP 502[0m
[13:05:39.057] [1;32muart:~$ [m[8D[J[00:28:01.087,000] [1;31m<err> llss: Poll error 502[0m
[13:05:39.057] [1;32muart:~$ [m[8D[J[1;32muart:~$ [m[8D[J[00:28:06.190,000] [1;31m<err> llss_client: device state HTTP 502[0m
[13:05:44.964] [1;32muart:~$ [m[8D[J[00:28:06.190,000] [1;31m<err> llss: Poll error 502[0m
[13:05:44.964] [1;32muart:~$ [m[8D[J[1;32muart:~$ [m[8D[J[00:28:11.301,000] [1;31m<err> llss_client: device state HTTP 502[0m
[13:05:50.074] [1;32muart:~$ [m[8D[J[00:28:11.301,000] [1;31m<err> llss: Poll error 502[0m
[13:05:50.075] [1;32muart:~$ [m[8D[J[1;32muart:~$ [m[8D[J[00:28:16.401,000] [1;31m<err> llss_client: device state HTTP 502[0m
[13:05:55.174] [1;32muart:~$ [m[8D[J[00:28:16.401,000] [1;31m<err> llss: Poll error 502[0m
[13:05:55.174] [1;32muart:~$ [m[8D[J[1;32muart:~$ [m[8D[J[00:28:21.504,000] [1;31m<err> llss_client: device state HTTP 502[0m
[13:06:00.437] [1;32muart:~$ [m[8D[J[00:28:21.505,000] [1;31m<err> llss: Poll error 502[0m
[13:06:00.467] [1;32muart:~$ [m[8D[J[1;32muart:~$ [m[8D[J[00:28:26.701,000] [1;31m<err> llss_client: device state HTTP 502[0m
[13:06:05.475] [1;32muart:~$ [m[8D[J[00:28:26.701,000] [1;31m<err> llss: Poll error 502[0m
[13:06:05.475] [1;32muart:~$ [m[8D[J[1;32muart:~$ [m[8D[JNETMEM up=1710s pktRX=39/40 pktTX=16/16 bufRX=159/160/m102 bufTX=80/80/m5 sysheap_free=11208 alloc=21380 max=24056
[13:06:09.137] [1;32muart:~$ [m[8D[J[1;32muart:~$ [m[8D[J[00:28:31.836,000] [1;31m<err> llss_client: device state HTTP 502[0m
[13:06:10.609] [1;32muart:~$ [m[8D[J[00:28:31.836,000] [1;31m<err> llss: Poll error 502[0m
[13:06:10.609] [1;32muart:~$ [m[8D[J[1;32muart:~$ [m[8D[J[00:28:36.943,000] [1;31m<err> llss_client: device state HTTP 502[0m
[13:06:15.716] [1;32muart:~$ [m[8D[J[00:28:36.943,000] [1;31m<err> llss: Poll error 502[0m
[13:06:15.717] [1;32muart:~$ [m[8D[J[1;32muart:~$ [m[8D[J[00:28:42.099,000] [1;31m<err> llss_client: device state HTTP 502[0m
[13:06:20.873] [1;32muart:~$ [m[8D[J[00:28:42.099,000] [1;31m<err> llss: Poll error 502[0m
[13:06:20.874] [1;32muart:~$ [m[8D[J[1;32muart:~$ [m[8D[J[00:28:47.207,000] [1;31m<err> llss_client: device state HTTP 502[0m
[13:06:25.981] [1;32muart:~$ [m[8D[J[00:28:47.207,000] [1;31m<err> llss: Poll error 502[0m
[13:06:25.981] [1;32muart:~$ [m[8D[J[1;32muart:~$ [m[8D[J[00:28:52.331,000] [1;31m<err> llss_client: device state HTTP 502[0m
[13:06:31.105] [1;32muart:~$ [m[8D[J[00:28:52.331,000] [1;31m<err> llss: Poll error 502[0m
[13:06:31.105] [1;32muart:~$ [m[8D[J[1;32muart:~$ [m[8D[J[00:28:57.467,000] [1;31m<err> llss_client: device state HTTP 502[0m
[13:06:36.242] [1;32muart:~$ [m[8D[J[00:28:57.467,000] [1;31m<err> llss: Poll error 502[0m
[13:06:36.242] [1;32muart:~$ [m[8D[J[1;32muart:~$ [m[8D[J[00:29:00.285,000] [0m<inf> shtc3: SHTC3: temperature=23.74 C humidity=36.32 %[0m
[13:06:39.058] [1;32muart:~$ [m[8D[JNETMEM up=1740s pktRX=39/40 pktTX=16/16 bufRX=159/160/m102 bufTX=80/80/m5 sysheap_free=11208 alloc=21380 max=24056
[13:06:39.059] [1;32muart:~$ [m[8D[J[1;32muart:~$ [m[8D[J[00:29:02.573,000] [1;31m<err> llss_client: device state HTTP 502[0m
[13:06:41.347] [1;32muart:~$ [m[8D[J[00:29:02.573,000] [1;31m<err> llss: Poll error 502[0m
[13:06:41.347] [1;32muart:~$ [m[8D[J[1;32muart:~$ [m[8D[J[00:29:07.675,000] [1;31m<err> llss_client: device state HTTP 502[0m
[13:06:46.449] [1;32muart:~$ [m[8D[J[00:29:07.675,000] [1;31m<err> llss: Poll error 502[0m
[13:06:46.450] [1;32muart:~$ [m[8D[J[1;32muart:~$ [m[8D[J[00:29:12.780,000] [1;31m<err> llss_client: device state HTTP 502[0m
[13:06:51.554] [1;32muart:~$ [m[8D[J[00:29:12.780,000] [1;31m<err> llss: Poll error 502[0m
[13:06:51.554] [1;32muart:~$ [m[8D[J[1;32muart:~$ [m[8D[J[00:29:17.913,000] [1;31m<err> llss_client: device state HTTP 502[0m
[13:06:56.686] [1;32muart:~$ [m[8D[J[00:29:17.913,000] [1;31m<err> llss: Poll error 502[0m
[13:06:56.687] [1;32muart:~$ [m[8D[J[1;32muart:~$ [m[8D[J[00:29:23.037,000] [1;31m<err> llss_client: device state HTTP 502[0m
[13:07:01.811] [1;32muart:~$ [m[8D[J[00:29:23.037,000] [1;31m<err> llss: Poll error 502[0m
[13:07:01.811] [1;32muart:~$ [m[8D[J[1;32muart:~$ [m[8D[J[00:29:28.147,000] [1;31m<err> llss_client: device state HTTP 502[0m
[13:07:06.921] [1;32muart:~$ [m[8D[J[00:29:28.147,000] [1;31m<err> llss: Poll error 502[0m
[13:07:06.921] [1;32muart:~$ [m[8D[J[1;32muart:~$ [m[8D[JNETMEM up=1770s pktRX=39/40 pktTX=16/16 bufRX=159/160/m102 bufTX=80/80/m5 sysheap_free=11208 alloc=21380 max=24056
[13:07:09.137] [1;32muart:~$ [m[8D[J[1;32muart:~$ [m[8D[J[00:29:33.250,000] [1;31m<err> llss_client: device state HTTP 502[0m
[13:07:12.023] [1;32muart:~$ [m[8D[J[00:29:33.250,000] [1;31m<err> llss: Poll error 502[0m
[13:07:12.024] [1;32muart:~$ [m[8D[J[1;32muart:~$ [m[8D[J[00:29:38.349,000] [1;31m<err> llss_client: device state HTTP 502[0m
[13:07:17.123] [1;32muart:~$ [m[8D[J[00:29:38.349,000] [1;31m<err> llss: Poll error 502[0m
[13:07:17.123] [1;32muart:~$ [m[8D[J[1;32muart:~$ [m[8D[J[00:29:43.473,000] [1;31m<err> llss_client: device state HTTP 502[0m
[13:07:22.247] [1;32muart:~$ [m[8D[J[00:29:43.473,000] [1;31m<err> llss: Poll error 502[0m
[13:07:22.247] [1;32muart:~$ [m[8D[J[1;32muart:~$ [m[8D[J[00:29:48.583,000] [1;31m<err> llss_client: device state HTTP 502[0m
[13:07:27.357] [1;32muart:~$ [m[8D[J[00:29:48.583,000] [1;31m<err> llss: Poll error 502[0m
[13:07:27.358] [1;32muart:~$ [m[8D[J[1;32muart:~$ [m[8D[J[00:29:53.682,000] [1;31m<err> llss_client: device state HTTP 502[0m
[13:07:32.455] [1;32muart:~$ [m[8D[J[00:29:53.682,000] [1;31m<err> llss: Poll error 502[0m
[13:07:32.456] [1;32muart:~$ [m[8D[J[1;32muart:~$ [m[8D[J[00:29:58.778,000] [1;31m<err> llss_client: device state HTTP 502[0m
[13:07:37.551] [1;32muart:~$ [m[8D[J[00:29:58.778,000] [1;31m<err> llss: Poll error 502[0m
[13:07:37.552] [1;32muart:~$ [m[8D[J[1;32muart:~$ [m[8D[JThread analyze:
[13:07:37.992] [1;32muart:~$ [m[8D[J wdt_sentinel_tid    : STACK: unused 432 usage 336 / 768 (43 %); CPU: 0 %
[13:07:37.992] [1;32muart:~$ [m[8D[J                     : Total CPU cycles used: 13520366
[13:07:37.993] [1;32muart:~$ [m[8D[J thread_analyzer     : STACK: unused 112 usage 912 / 1024 (89 %); CPU: 0 %
[13:07:37.994] [1;32muart:~$ [m[8D[J                     : Total CPU cycles used: 4181311
[13:07:37.995] [1;32muart:~$ [m[8D[J sys_wdt_tid         : STACK: unused 704 usage 320 / 1024 (31 %); CPU: 0 %
[13:07:37.995] [1;32muart:~$ [m[8D[J                     : Total CPU cycles used: 2261718
[13:07:37.996] [1;32muart:~$ [m[8D[J shtc3_thread        : STACK: unused 1360 usage 688 / 2048 (33 %); CPU: 0 %
[13:07:37.997] [1;32muart:~$ [m[8D[J                     : Total CPU cycles used: 2005867
[13:07:37.997] [1;32muart:~$ [m[8D[J ntp_thread          : STACK: unused 2480 usage 1616 / 4096 (39 %); CPU: 0 %
[13:07:37.998] [1;32muart:~$ [m[8D[J                     : Total CPU cycles used: 1422554
[13:07:37.999] [1;32muart:~$ [m[8D[J netmem_tid          : STACK: unused 624 usage 656 / 1280 (51 %); CPU: 0 %
[13:07:38.000] [1;32muart:~$ [m[8D[J                     : Total CPU cycles used: 1466812
[13:07:38.000] [1;32muart:~$ [m[8D[J llss_thread         : STACK: unused 11584 usage 4800 / 16384 (29 %); CPU: 0 %
[13:07:38.001] [1;32muart:~$ [m[8D[J                     : Total CPU cycles used: 3309101792
[13:07:38.002] [1;32muart:~$ [m[8D[J input               : STACK: unused 560 usage 464 / 1024 (45 %); CPU: 0 %
[13:07:38.002] [1;32muart:~$ [m[8D[J                     : Total CPU cycles used: 72962
[13:07:38.003] [1;32muart:~$ [m[8D[J display_thread      : STACK: unused 8640 usage 3648 / 12288 (29 %); CPU: 0 %
[13:07:38.004] [1;32muart:~$ [m[8D[J                     : Total CPU cycles used: 400393757
[13:07:38.005] [1;32muart:~$ [m[8D[J device_ui_thread    : STACK: unused 4496 usage 3696 / 8192 (45 %); CPU: 0 %
[13:07:38.005] [1;32muart:~$ [m[8D[J                     : Total CPU cycles used: 1940821516
[13:07:38.006] [1;32muart:~$ [m[8D[J conn_mgr_monitor    : STACK: unused 176 usage 336 / 512 (65 %); CPU: 0 %
[13:07:38.007] [1;32muart:~$ [m[8D[J                     : Total CPU cycles used: 86568
[13:07:38.007] [1;32muart:~$ [m[8D[J net_socket_service  : STACK: unused 3344 usage 752 / 4096 (18 %); CPU: 0 %
[13:07:38.008] [1;32muart:~$ [m[8D[J                     : Total CPU cycles used: 2255339
[13:07:38.009] [1;32muart:~$ [m[8D[J rx_q[0]             : STACK: unused 528 usage 1520 / 2048 (74 %); CPU: 0 %
[13:07:38.010] [1;32muart:~$ [m[8D[J                     : Total CPU cycles used: 741347143
[13:07:38.010] [1;32muart:~$ [m[8D[J net_mgmt            : STACK: unused 3424 usage 672 / 4096 (16 %); CPU: 0 %
[13:07:38.011] [1;32muart:~$ [m[8D[J                     : Total CPU cycles used: 1026897
[13:07:38.012] [1;32muart:~$ [m[8D[J tcp_work            : STACK: unused 1680 usage 368 / 2048 (17 %); CPU: 0 %
[13:07:38.012] [1;32muart:~$ [m[8D[J                     : Total CPU cycles used: 5790902
[13:07:38.013] [1;32muart:~$ [m[8D[J shell_uart          : STACK: unused 2624 usage 1472 / 4096 (35 %); CPU: 0 %
[13:07:38.014] [1;32muart:~$ [m[8D[J                     : Total CPU cycles used: 52881482
[13:07:38.015] [1;32muart:~$ [m[8D[J wifi                : STACK: unused 1456 usage 2128 / 3584 (59 %); CPU: 0 %
[13:07:38.015] [1;32muart:~$ [m[8D[J                     : Total CPU cycles used: 3927433943
[13:07:38.016] [1;32muart:~$ [m[8D[J sysworkq            : STACK: unused 3248 usage 848 / 4096 (20 %); CPU: 0 %
[13:07:38.017] [1;32muart:~$ [m[8D[J                     : Total CPU cycles used: 43043386
[13:07:38.017] [1;32muart:~$ [m[8D[J esp_timer           : STACK: unused 3616 usage 480 / 4096 (11 %); CPU: 0 %
[13:07:38.018] [1;32muart:~$ [m[8D[J                     : Total CPU cycles used: 162099656
[13:07:38.020] [1;32muart:~$ [m[8D[J logging             : STACK: unused 544 usage 480 / 1024 (46 %); CPU: 0 %
[13:07:38.020] [1;32muart:~$ [m[8D[J                     : Total CPU cycles used: 9003823
[13:07:38.021] [1;32muart:~$ [m[8D[J idle                : STACK: unused 816 usage 208 / 1024 (20 %); CPU: 97 %
[13:07:38.022] [1;32muart:~$ [m[8D[J                     : Total CPU cycles used: 420987510809
[13:07:38.023] [1;32muart:~$ [m[8D[J ISR0                : STACK: unused 1520 usage 528 / 2048 (25 %); CPU: 0 %
[13:07:38.024] [1;32muart:~$ [m[8D[J                     : Total CPU cycles used: 0
[13:07:38.025] [1;32muart:~$ [m[8D[J[1;32muart:~$ [m[8D[J[1;32muart:~$ [m[8D[J[00:30:00.287,000] [0m<inf> shtc3: SHTC3: temperature=24.04 C humidity=36.01 %[0m
[13:07:39.061] [1;32muart:~$ [m[8D[JNETMEM up=1800s pktRX=38/40 pktTX=16/16 bufRX=158/160/m102 bufTX=80/80/m5 sysheap_free=11208 alloc=21380 max=24056
[13:07:39.062] [1;32muart:~$ [m[8D[J[1;32muart:~$ [m[8D[J[00:30:03.881,000] [1;31m<err> llss_client: device state HTTP 502[0m
[13:07:42.655] [1;32muart:~$ [m[8D[J[00:30:03.881,000] [1;31m<err> llss: Poll error 502[0m
[13:07:42.655] [1;32muart:~$ [m[8D[J[1;32muart:~$ [m[8D[J[00:30:08.985,000] [1;31m<err> llss_client: device state HTTP 502[0m
[13:07:47.759] [1;32muart:~$ [m[8D[J[00:30:08.985,000] [1;31m<err> llss: Poll error 502[0m
[13:07:47.759] [1;32muart:~$ [m[8D[J[1;32muart:~$ [m[8D[J[00:30:14.102,000] [1;31m<err> llss_client: device state HTTP 502[0m
[13:07:52.876] [1;32muart:~$ [m[8D[J[00:30:14.102,000] [1;31m<err> llss: Poll error 502[0m
[13:07:52.877] [1;32muart:~$ [m[8D[J[1;32muart:~$ [m[8D[J[00:30:19.203,000] [1;31m<err> llss_client: device state HTTP 502[0m
[13:07:57.977] [1;32muart:~$ [m[8D[J[00:30:19.203,000] [1;31m<err> llss: Poll error 502[0m
[13:07:57.978] [1;32muart:~$ [m[8D[J[1;32muart:~$ [m[8D[J[00:30:24.319,000] [1;31m<err> llss_client: device state HTTP 502[0m
[13:08:03.092] [1;32muart:~$ [m[8D[J[00:30:24.319,000] [1;31m<err> llss: Poll error 502[0m
[13:08:03.093] [1;32muart:~$ [m[8D[J[1;32muart:~$ [m[8D[J[00:30:29.436,000] [1;31m<err> llss_client: device state HTTP 502[0m
[13:08:08.210] [1;32muart:~$ [m[8D[J[00:30:29.436,000] [1;31m<err> llss: Poll error 502[0m
[13:08:08.210] [1;32muart:~$ [m[8D[JNETMEM up=1830s pktRX=38/40 pktTX=16/16 bufRX=158/160/m102 bufTX=80/80/m5 sysheap_free=11208 alloc=21380 max=24056
[13:08:08.212] [1;32muart:~$ [m[8D[J[1;32muart:~$ [m[8D[J[00:30:34.556,000] [1;31m<err> llss_client: device state HTTP 502[0m
[13:08:13.329] [1;32muart:~$ [m[8D[J[00:30:34.556,000] [1;31m<err> llss: Poll error 502[0m
[13:08:13.330] [1;32muart:~$ [m[8D[J[1;32muart:~$ [m[8D[J[00:30:39.670,000] [1;31m<err> llss_client: device state HTTP 502[0m
[13:08:18.443] [1;32muart:~$ [m[8D[J[00:30:39.670,000] [1;31m<err> llss: Poll error 502[0m
[13:08:18.444] [1;32muart:~$ [m[8D[J[1;32muart:~$ [m[8D[J[00:30:44.787,000] [1;31m<err> llss_client: device state HTTP 502[0m
[13:08:23.562] [1;32muart:~$ [m[8D[J[00:30:44.789,000] [1;31m<err> llss: Poll error 502[0m
[13:08:23.562] [1;32muart:~$ [m[8D[J[1;32muart:~$ [m[8D[J[00:30:49.894,000] [1;31m<err> llss_client: device state HTTP 502[0m
[13:08:28.668] [1;32muart:~$ [m[8D[J[00:30:49.894,000] [1;31m<err> llss: Poll error 502[0m
[13:08:28.669] [1;32muart:~$ [m[8D[J[1;32muart:~$ [m[8D[J[00:30:54.995,000] [1;31m<err> llss_client: device state HTTP 502[0m
[13:08:33.769] [1;32muart:~$ [m[8D[J[00:30:54.995,000] [1;31m<err> llss: Poll error 502[0m
[13:08:33.770] [1;32muart:~$ [m[8D[J[1;32muart:~$ [m[8D[J[00:31:00.108,000] [1;31m<err> llss_client: device state HTTP 502[0m
[13:08:38.882] [1;32muart:~$ [m[8D[J[00:31:00.108,000] [1;31m<err> llss: Poll error 502[0m
[13:08:38.883] [1;32muart:~$ [m[8D[J[00:31:00.290,000] [0m<inf> shtc3: SHTC3: temperature=23.98 C humidity=36.34 %[0m
[13:08:38.884] [1;32muart:~$ [m[8D[JNETMEM up=1860s pktRX=38/40 pktTX=16/16 bufRX=158/160/m102 bufTX=80/80/m5 sysheap_free=11208 alloc=21380 max=24056
[13:08:38.885] [1;32muart:~$ [m[8D[J[1;32muart:~$ [m[8D[J[00:31:05.204,000] [1;31m<err> llss_client: device state HTTP 502[0m
[13:08:43.978] [1;32muart:~$ [m[8D[J[00:31:05.204,000] [1;31m<err> llss: Poll error 502[0m
[13:08:43.979] [1;32muart:~$ [m[8D[J[1;32muart:~$ [m[8D[J[00:31:10.305,000] [1;31m<err> llss_client: device state HTTP 502[0m
[13:08:49.079] [1;32muart:~$ [m[8D[J[00:31:10.305,000] [1;31m<err> llss: Poll error 502[0m
[13:08:49.080] [1;32muart:~$ [m[8D[J[1;32muart:~$ [m[8D[J[00:31:15.417,000] [1;31m<err> llss_client: device state HTTP 502[0m
[13:08:54.191] [1;32muart:~$ [m[8D[J[00:31:15.417,000] [1;31m<err> llss: Poll error 502[0m
[13:08:54.191] [1;32muart:~$ [m[8D[J[1;32muart:~$ [m[8D[J[00:31:20.521,000] [1;31m<err> llss_client: device state HTTP 502[0m
[13:08:59.295] [1;32muart:~$ [m[8D[J[00:31:20.521,000] [1;31m<err> llss: Poll error 502[0m
[13:08:59.296] [1;32muart:~$ [m[8D[J[1;32muart:~$ [m[8D[J[00:31:25.620,000] [1;31m<err> llss_client: device state HTTP 502[0m
[13:09:04.394] [1;32muart:~$ [m[8D[J[00:31:25.620,000] [1;31m<err> llss: Poll error 502[0m
[13:09:04.395] [1;32muart:~$ [m[8D[J[1;32muart:~$ [m[8D[JNETMEM up=1890s pktRX=38/40 pktTX=16/16 bufRX=158/160/m102 bufTX=80/80/m5 sysheap_free=11208 alloc=21380 max=24056
[13:09:09.139] [1;32muart:~$ [m[8D[J[00:31:30.728,000] [1;31m<err> llss_client: device state HTTP 502[0m
[13:09:09.139] [1;32muart:~$ [m[8D[J[00:31:30.728,000] [1;31m<err> llss: Poll error 502[0m
[13:09:09.140] [1;32muart:~$ [m[8D[J[1;32muart:~$ [m[8D[J[00:31:35.835,000] [1;31m<err> llss_client: device state HTTP 502[0m
[13:09:14.609] [1;32muart:~$ [m[8D[J[00:31:35.835,000] [1;31m<err> llss: Poll error 502[0m
[13:09:14.610] [1;32muart:~$ [m[8D[J[1;32muart:~$ [m[8D[J[00:31:40.941,000] [1;31m<err> llss_client: device state HTTP 502[0m
[13:09:19.715] [1;32muart:~$ [m[8D[J[00:31:40.941,000] [1;31m<err> llss: Poll error 502[0m
[13:09:19.716] [1;32muart:~$ [m[8D[J[1;32muart:~$ [m[8D[J[00:31:46.054,000] [1;31m<err> llss_client: device state HTTP 502[0m
[13:09:24.828] [1;32muart:~$ [m[8D[J[00:31:46.054,000] [1;31m<err> llss: Poll error 502[0m
[13:09:24.829] [1;32muart:~$ [m[8D[J[1;32muart:~$ [m[8D[J[00:31:51.163,000] [1;31m<err> llss_client: device state HTTP 502[0m
[13:09:29.937] [1;32muart:~$ [m[8D[J[00:31:51.163,000] [1;31m<err> llss: Poll error 502[0m
[13:09:29.938] [1;32muart:~$ [m[8D[J[1;32muart:~$ [m[8D[J[00:31:56.275,000] [1;31m<err> llss_client: device state HTTP 502[0m
[13:09:35.050] [1;32muart:~$ [m[8D[J[00:31:56.275,000] [1;31m<err> llss: Poll error 502[0m
[13:09:35.050] [1;32muart:~$ [m[8D[J[1;32muart:~$ [m[8D[J[00:32:00.293,000] [0m<inf> shtc3: SHTC3: temperature=23.85 C humidity=36.11 %[0m
[13:09:39.125] [1;32muart:~$ [m[8D[JNETMEM up=1920s pktRX=38/40 pktTX=16/16 bufRX=158/160/m102 bufTX=80/80/m5 sysheap_free=11208 alloc=21380 max=24056
[13:09:39.126] [1;32muart:~$ [m[8D[J[1;32muart:~$ [m[8D[J[00:32:01.378,000] [1;31m<err> llss_client: device state HTTP 502[0m
[13:09:40.153] [1;32muart:~$ [m[8D[J[00:32:01.378,000] [1;31m<err> llss: Poll error 502[0m
[13:09:40.153] [1;32muart:~$ [m[8D[J[1;32muart:~$ [m[8D[J[00:32:06.512,000] [1;31m<err> llss_client: device state HTTP 502[0m
[13:09:45.286] [1;32muart:~$ [m[8D[J[00:32:06.512,000] [1;31m<err> llss: Poll error 502[0m
[13:09:45.287] [1;32muart:~$ [m[8D[J[00:32:06.512,000] [1;33m<wrn> net_watchdog: Watchdog soft reset (offline 906s) — session + DNS[0m
[13:09:45.288] [1;32muart:~$ [m[8D[J[00:32:06.513,000] [1;33m<wrn> llss_client: DNS resolver reset (1 server)[0m
[13:09:45.289] [1;32muart:~$ [m[8D[J[00:32:06.513,000] [1;31m<err> net_watchdog: WATCHDOG: would reset now (offline 906s); next would-reset in 1200 s[0m
[13:09:45.290] [1;32muart:~$ [m[8D[J[1;32muart:~$ [m[8D[J[00:32:11.669,000] [1;31m<err> llss_client: device state HTTP 502[0m
[13:09:50.443] [1;32muart:~$ [m[8D[J[00:32:11.669,000] [1;31m<err> llss: Poll error 502[0m
[13:09:50.444] [1;32muart:~$ [m[8D[J[1;32muart:~$ [m[8D[J[00:32:16.776,000] [1;31m<err> llss_client: device state HTTP 502[0m
[13:09:55.551] [1;32muart:~$ [m[8D[J[00:32:16.776,000] [1;31m<err> llss: Poll error 502[0m
[13:09:55.551] [1;32muart:~$ [m[8D[J[1;32muart:~$ [m[8D[J[00:32:21.916,000] [1;31m<err> llss_client: device state HTTP 502[0m
[13:10:00.690] [1;32muart:~$ [m[8D[J[00:32:21.916,000] [1;31m<err> llss: Poll error 502[0m
[13:10:00.691] [1;32muart:~$ [m[8D[J[1;32muart:~$ [m[8D[J[00:32:27.017,000] [1;31m<err> llss_client: device state HTTP 502[0m
[13:10:05.792] [1;32muart:~$ [m[8D[J[00:32:27.017,000] [1;31m<err> llss: Poll error 502[0m
[13:10:05.792] [1;32muart:~$ [m[8D[J[1;32muart:~$ [m[8D[JNETMEM up=1950s pktRX=38/40 pktTX=15/16 bufRX=158/160/m102 bufTX=79/80/m5 sysheap_free=11172 alloc=21416 max=24056
[13:10:09.140] [1;32muart:~$ [m[8D[J[1;32muart:~$ [m[8D[J[00:32:32.131,000] [1;31m<err> llss_client: device state HTTP 502[0m
[13:10:10.905] [1;32muart:~$ [m[8D[J[00:32:32.131,000] [1;31m<err> llss: Poll error 502[0m
[13:10:10.906] [1;32muart:~$ [m[8D[J[1;32muart:~$ [m[8D[J[00:32:37.253,000] [1;31m<err> llss_client: device state HTTP 502[0m
[13:10:16.028] [1;32muart:~$ [m[8D[J[00:32:37.253,000] [1;31m<err> llss: Poll error 502[0m
[13:10:16.029] [1;32muart:~$ [m[8D[J[1;32muart:~$ [m[8D[J[00:32:42.357,000] [1;31m<err> llss_client: device state HTTP 502[0m
[13:10:21.131] [1;32muart:~$ [m[8D[J[00:32:42.357,000] [1;31m<err> llss: Poll error 502[0m
[13:10:21.132] [1;32muart:~$ [m[8D[J[1;32muart:~$ [m[8D[J[00:32:47.472,000] [1;31m<err> llss_client: device state HTTP 502[0m
[13:10:26.246] [1;32muart:~$ [m[8D[J[00:32:47.472,000] [1;31m<err> llss: Poll error 502[0m
[13:10:26.247] [1;32muart:~$ [m[8D[J[1;32muart:~$ [m[8D[J[00:32:52.586,000] [1;31m<err> llss_client: device state HTTP 502[0m
[13:10:31.360] [1;32muart:~$ [m[8D[J[00:32:52.586,000] [1;31m<err> llss: Poll error 502[0m
[13:10:31.361] [1;32muart:~$ [m[8D[J[1;32muart:~$ [m[8D[J[00:32:57.735,000] [1;31m<err> llss_client: device state HTTP 502[0m
[13:10:36.510] [1;32muart:~$ [m[8D[J[00:32:57.735,000] [1;31m<err> llss: Poll error 502[0m
[13:10:36.510] [1;32muart:~$ [m[8D[J[1;32muart:~$ [m[8D[J[00:33:00.296,000] [0m<inf> shtc3: SHTC3: temperature=24.18 C humidity=35.69 %[0m
[13:10:39.072] [1;32muart:~$ [m[8D[JNETMEM up=1980s pktRX=38/40 pktTX=15/16 bufRX=158/160/m102 bufTX=79/80/m5 sysheap_free=11208 alloc=21380 max=24056
[13:10:39.073] [1;32muart:~$ [m[8D[J[1;32muart:~$ [m[8D[J[00:33:02.836,000] [1;31m<err> llss_client: device state HTTP 502[0m
[13:10:41.611] [1;32muart:~$ [m[8D[J[00:33:02.836,000] [1;31m<err> llss: Poll error 502[0m
[13:10:41.612] [1;32muart:~$ [m[8D[J[1;32muart:~$ [m[8D[J[00:33:07.953,000] [1;31m<err> llss_client: device state HTTP 502[0m
[13:10:46.728] [1;32muart:~$ [m[8D[J[00:33:07.953,000] [1;31m<err> llss: Poll error 502[0m
[13:10:46.728] [1;32muart:~$ [m[8D[J[1;32muart:~$ [m[8D[J[00:33:13.069,000] [1;31m<err> llss_client: device state HTTP 502[0m
[13:10:51.843] [1;32muart:~$ [m[8D[J[00:33:13.069,000] [1;31m<err> llss: Poll error 502[0m
[13:10:51.844] [1;32muart:~$ [m[8D[J[1;32muart:~$ [m[8D[J[00:33:18.202,000] [1;31m<err> llss_client: device state HTTP 502[0m
[13:10:56.977] [1;32muart:~$ [m[8D[J[00:33:18.202,000] [1;31m<err> llss: Poll error 502[0m
[13:10:56.977] [1;32muart:~$ [m[8D[J[1;32muart:~$ [m[8D[J[00:33:23.314,000] [1;31m<err> llss_client: device state HTTP 502[0m
[13:11:02.089] [1;32muart:~$ [m[8D[J[00:33:23.314,000] [1;31m<err> llss: Poll error 502[0m
[13:11:02.090] [1;32muart:~$ [m[8D[J[1;32muart:~$ [m[8D[J[00:33:28.560,000] [1;31m<err> llss_client: device state HTTP 502[0m
[13:11:07.334] [1;32muart:~$ [m[8D[J[00:33:28.560,000] [1;31m<err> llss: Poll error 502[0m
[13:11:07.335] [1;32muart:~$ [m[8D[J[1;32muart:~$ [m[8D[JNETMEM up=2010s pktRX=38/40 pktTX=15/16 bufRX=158/160/m102 bufTX=79/80/m5 sysheap_free=11208 alloc=21380 max=24056
[13:11:09.140] [1;32muart:~$ [m[8D[J[1;32muart:~$ [m[8D[J[00:33:33.681,000] [1;31m<err> llss_client: device state HTTP 502[0m
[13:11:12.456] [1;32muart:~$ [m[8D[J[00:33:33.681,000] [1;31m<err> llss: Poll error 502[0m
[13:11:12.457] [1;32muart:~$ [m[8D[J[1;32muart:~$ [m[8D[J[00:33:38.799,000] [1;31m<err> llss_client: device state HTTP 502[0m
[13:11:17.573] [1;32muart:~$ [m[8D[J[00:33:38.800,000] [1;31m<err> llss: Poll error 502[0m
[13:11:17.574] [1;32muart:~$ [m[8D[J[1;32muart:~$ [m[8D[J[00:33:43.936,000] [1;31m<err> llss_client: device state HTTP 502[0m
[13:11:22.711] [1;32muart:~$ [m[8D[J[00:33:43.936,000] [1;31m<err> llss: Poll error 502[0m
[13:11:22.712] [1;32muart:~$ [m[8D[J[1;32muart:~$ [m[8D[J[00:33:49.053,000] [1;31m<err> llss_client: device state HTTP 502[0m
[13:11:27.828] [1;32muart:~$ [m[8D[J[00:33:49.053,000] [1;31m<err> llss: Poll error 502[0m
[13:11:27.829] [1;32muart:~$ [m[8D[J[1;32muart:~$ [m[8D[J[00:33:54.172,000] [1;31m<err> llss_client: device state HTTP 502[0m
[13:11:32.947] [1;32muart:~$ [m[8D[J[00:33:54.172,000] [1;31m<err> llss: Poll error 502[0m
[13:11:32.948] [1;32muart:~$ [m[8D[J[1;32muart:~$ [m[8D[J[00:33:59.292,000] [1;31m<err> llss_client: device state HTTP 502[0m
[13:11:38.067] [1;32muart:~$ [m[8D[J[00:33:59.292,000] [1;31m<err> llss: Poll error 502[0m
[13:11:38.068] [1;32muart:~$ [m[8D[J[1;32muart:~$ [m[8D[J[00:34:00.299,000] [0m<inf> shtc3: SHTC3: temperature=23.96 C humidity=35.45 %[0m
[13:11:39.074] [1;32muart:~$ [m[8D[JNETMEM up=2040s pktRX=38/40 pktTX=15/16 bufRX=158/160/m102 bufTX=79/80/m5 sysheap_free=11208 alloc=21380 max=24056
[13:11:39.075] [1;32muart:~$ [m[8D[J[1;32muart:~$ [m[8D[J[00:34:04.417,000] [1;31m<err> llss_client: device state HTTP 502[0m
[13:11:43.192] [1;32muart:~$ [m[8D[J[00:34:04.417,000] [1;31m<err> llss: Poll error 502[0m
[13:11:43.192] [1;32muart:~$ [m[8D[J[1;32muart:~$ [m[8D[J[00:34:09.535,000] [1;31m<err> llss_client: device state HTTP 502[0m
[13:11:48.310] [1;32muart:~$ [m[8D[J[00:34:09.535,000] [1;31m<err> llss: Poll error 502[0m
[13:11:48.311] [1;32muart:~$ [m[8D[J[1;32muart:~$ [m[8D[J[00:34:14.659,000] [1;31m<err> llss_client: device state HTTP 502[0m
[13:11:53.434] [1;32muart:~$ [m[8D[J[00:34:14.659,000] [1;31m<err> llss: Poll error 502[0m
[13:11:53.434] [1;32muart:~$ [m[8D[J[1;32muart:~$ [m[8D[J[00:34:19.783,000] [1;31m<err> llss_client: device state HTTP 502[0m
[13:11:58.558] [1;32muart:~$ [m[8D[J[00:34:19.783,000] [1;31m<err> llss: Poll error 502[0m
[13:11:58.559] [1;32muart:~$ [m[8D[J[1;32muart:~$ [m[8D[J[00:34:24.906,000] [1;31m<err> llss_client: device state HTTP 502[0m
[13:12:03.681] [1;32muart:~$ [m[8D[J[00:34:24.906,000] [1;31m<err> llss: Poll error 502[0m
[13:12:03.682] [1;32muart:~$ [m[8D[J[1;32muart:~$ [m[8D[J[00:34:30.041,000] [1;31m<err> llss_client: device state HTTP 502[0m
[13:12:08.817] [1;32muart:~$ [m[8D[J[00:34:30.042,000] [1;31m<err> llss: Poll error 502[0m
[13:12:08.817] [1;32muart:~$ [m[8D[JNETMEM up=2070s pktRX=38/40 pktTX=15/16 bufRX=158/160/m102 bufTX=79/80/m5 sysheap_free=11208 alloc=21380 max=24056
[13:12:08.818] [1;32muart:~$ [m[8D[J[1;32muart:~$ [m[8D[J[00:34:35.165,000] [1;31m<err> llss_client: device state HTTP 502[0m
[13:12:13.940] [1;32muart:~$ [m[8D[J[00:34:35.165,000] [1;31m<err> llss: Poll error 502[0m
[13:12:13.941] [1;32muart:~$ [m[8D[J[1;32muart:~$ [m[8D[J[00:34:40.287,000] [1;31m<err> llss_client: device state HTTP 502[0m
[13:12:19.062] [1;32muart:~$ [m[8D[J[00:34:40.287,000] [1;31m<err> llss: Poll error 502[0m
[13:12:19.063] [1;32muart:~$ [m[8D[J[1;32muart:~$ [m[8D[J[00:34:45.416,000] [1;31m<err> llss_client: device state HTTP 502[0m
[13:12:24.191] [1;32muart:~$ [m[8D[J[00:34:45.416,000] [1;31m<err> llss: Poll error 502[0m
[13:12:24.192] [1;32muart:~$ [m[8D[J[1;32muart:~$ [m[8D[J[00:34:50.542,000] [1;31m<err> llss_client: device state HTTP 502[0m
[13:12:29.318] [1;32muart:~$ [m[8D[J[00:34:50.542,000] [1;31m<err> llss: Poll error 502[0m
[13:12:29.318] [1;32muart:~$ [m[8D[J[1;32muart:~$ [m[8D[J[00:34:55.673,000] [1;31m<err> llss_client: device state HTTP 502[0m
[13:12:34.449] [1;32muart:~$ [m[8D[J[00:34:55.673,000] [1;31m<err> llss: Poll error 502[0m
[13:12:34.449] [1;32muart:~$ [m[8D[J[1;32muart:~$ [m[8D[JThread analyze:
[13:12:37.996] [1;32muart:~$ [m[8D[J wdt_sentinel_tid    : STACK: unused 432 usage 336 / 768 (43 %); CPU: 0 %
[13:12:37.997] [1;32muart:~$ [m[8D[J                     : Total CPU cycles used: 15769952
[13:12:37.998] [1;32muart:~$ [m[8D[J thread_analyzer     : STACK: unused 112 usage 912 / 1024 (89 %); CPU: 0 %
[13:12:37.998] [1;32muart:~$ [m[8D[J                     : Total CPU cycles used: 4833366
[13:12:37.999] [1;32muart:~$ [m[8D[J sys_wdt_tid         : STACK: unused 704 usage 320 / 1024 (31 %); CPU: 0 %
[13:12:38.000] [1;32muart:~$ [m[8D[J                     : Total CPU cycles used: 2690108
[13:12:38.000] [1;32muart:~$ [m[8D[J shtc3_thread        : STACK: unused 1360 usage 688 / 2048 (33 %); CPU: 0 %
[13:12:38.001] [1;32muart:~$ [m[8D[J                     : Total CPU cycles used: 2352387
[13:12:38.002] [1;32muart:~$ [m[8D[J ntp_thread          : STACK: unused 2480 usage 1616 / 4096 (39 %); CPU: 0 %
[13:12:38.003] [1;32muart:~$ [m[8D[J                     : Total CPU cycles used: 1422554
[13:12:38.003] [1;32muart:~$ [m[8D[J netmem_tid          : STACK: unused 624 usage 656 / 1280 (51 %); CPU: 0 %
[13:12:38.004] [1;32muart:~$ [m[8D[J                     : Total CPU cycles used: 1707559
[13:12:38.005] [1;32muart:~$ [m[8D[J llss_thread         : STACK: unused 11584 usage 4800 / 16384 (29 %); CPU: 0 %
[13:12:38.005] [1;32muart:~$ [m[8D[J                     : Total CPU cycles used: 4331976924
[13:12:38.006] [1;32muart:~$ [m[8D[J input               : STACK: unused 560 usage 464 / 1024 (45 %); CPU: 0 %
[13:12:38.007] [1;32muart:~$ [m[8D[J                     : Total CPU cycles used: 72962
[13:12:38.007] [1;32muart:~$ [m[8D[J display_thread      : STACK: unused 8640 usage 3648 / 12288 (29 %); CPU: 0 %
[13:12:38.008] [1;32muart:~$ [m[8D[J                     : Total CPU cycles used: 400393757
[13:12:38.009] [1;32muart:~$ [m[8D[J device_ui_thread    : STACK: unused 4496 usage 3696 / 8192 (45 %); CPU: 0 %
[13:12:38.010] [1;32muart:~$ [m[8D[J                     : Total CPU cycles used: 2485782007
[13:12:38.010] [1;32muart:~$ [m[8D[J conn_mgr_monitor    : STACK: unused 176 usage 336 / 512 (65 %); CPU: 0 %
[13:12:38.011] [1;32muart:~$ [m[8D[J                     : Total CPU cycles used: 86568
[13:12:38.012] [1;32muart:~$ [m[8D[J net_socket_service  : STACK: unused 3344 usage 752 / 4096 (18 %); CPU: 0 %
[13:12:38.013] [1;32muart:~$ [m[8D[J                     : Total CPU cycles used: 2669042
[13:12:38.013] [1;32muart:~$ [m[8D[J rx_q[0]             : STACK: unused 528 usage 1520 / 2048 (74 %); CPU: 0 %
[13:12:38.014] [1;32muart:~$ [m[8D[J                     : Total CPU cycles used: 933520562
[13:12:38.015] [1;32muart:~$ [m[8D[J net_mgmt            : STACK: unused 3424 usage 672 / 4096 (16 %); CPU: 0 %
[13:12:38.015] [1;32muart:~$ [m[8D[J                     : Total CPU cycles used: 1176736
[13:12:38.016] [1;32muart:~$ [m[8D[J tcp_work            : STACK: unused 1680 usage 368 / 2048 (17 %); CPU: 0 %
[13:12:38.017] [1;32muart:~$ [m[8D[J                     : Total CPU cycles used: 8055360
[13:12:38.017] [1;32muart:~$ [m[8D[J shell_uart          : STACK: unused 2624 usage 1472 / 4096 (35 %); CPU: 0 %
[13:12:38.018] [1;32muart:~$ [m[8D[J                     : Total CPU cycles used: 67200853
[13:12:38.019] [1;32muart:~$ [m[8D[J wifi                : STACK: unused 1456 usage 2128 / 3584 (59 %); CPU: 0 %
[13:12:38.020] [1;32muart:~$ [m[8D[J                     : Total CPU cycles used: 4700580687
[13:12:38.020] [1;32muart:~$ [m[8D[J sysworkq            : STACK: unused 3248 usage 848 / 4096 (20 %); CPU: 0 %
[13:12:38.021] [1;32muart:~$ [m[8D[J                     : Total CPU cycles used: 49869350
[13:12:38.022] [1;32muart:~$ [m[8D[J esp_timer           : STACK: unused 3616 usage 480 / 4096 (11 %); CPU: 0 %
[13:12:38.023] [1;32muart:~$ [m[8D[J                     : Total CPU cycles used: 189873348
[13:12:38.023] [1;32muart:~$ [m[8D[J logging             : STACK: unused 544 usage 480 / 1024 (46 %); CPU: 0 %
[13:12:38.024] [1;32muart:~$ [m[8D[J                     : Total CPU cycles used: 11600422
[13:12:38.025] [1;32muart:~$ [m[8D[J idle                : STACK: unused 816 usage 208 / 1024 (20 %); CPU: 97 %
[13:12:38.025] [1;32muart:~$ [m[8D[J                     : Total CPU cycles used: 490374415632
[13:12:38.026] [1;32muart:~$ [m[8D[J ISR0                : STACK: unused 1520 usage 528 / 2048 (25 %); CPU: 0 %
[13:12:38.027] [1;32muart:~$ [m[8D[J                     : Total CPU cycles used: 0
[13:12:38.028] [1;32muart:~$ [m[8D[J[1;32muart:~$ [m[8D[J[1;32muart:~$ [m[8D[J[00:35:00.302,000] [0m<inf> shtc3: SHTC3: temperature=24.01 C humidity=35.32 %[0m
[13:12:39.077] [1;32muart:~$ [m[8D[JNETMEM up=2100s pktRX=38/40 pktTX=15/16 bufRX=158/160/m102 bufTX=79/80/m5 sysheap_free=11208 alloc=21380 max=24056
[13:12:39.078] [1;32muart:~$ [m[8D[J[00:35:00.805,000] [1;31m<err> llss_client: device state HTTP 502[0m
[13:12:39.080] [1;32muart:~$ [m[8D[J[00:35:00.805,000] [1;31m<err> llss: Poll error 502[0m
[13:12:39.080] [1;32muart:~$ [m[8D[J[1;32muart:~$ [m[8D[J[00:35:05.941,000] [1;31m<err> llss_client: device state HTTP 502[0m
[13:12:44.717] [1;32muart:~$ [m[8D[J[00:35:05.942,000] [1;31m<err> llss: Poll error 502[0m
[13:12:44.718] [1;32muart:~$ [m[8D[J[1;32muart:~$ [m[8D[J[00:35:11.064,000] [1;31m<err> llss_client: device state HTTP 502[0m
[13:12:49.839] [1;32muart:~$ [m[8D[J[00:35:11.064,000] [1;31m<err> llss: Poll error 502[0m
[13:12:49.840] [1;32muart:~$ [m[8D[J[1;32muart:~$ [m[8D[J[00:35:16.198,000] [1;31m<err> llss_client: device state HTTP 502[0m
[13:12:54.974] [1;32muart:~$ [m[8D[J[00:35:16.198,000] [1;31m<err> llss: Poll error 502[0m
[13:12:54.974] [1;32muart:~$ [m[8D[J[1;32muart:~$ [m[8D[J[00:35:21.332,000] [1;31m<err> llss_client: device state HTTP 502[0m
[13:13:00.108] [1;32muart:~$ [m[8D[J[00:35:21.333,000] [1;31m<err> llss: Poll error 502[0m
[13:13:00.108] [1;32muart:~$ [m[8D[J[1;32muart:~$ [m[8D[J[00:35:26.461,000] [1;31m<err> llss_client: device state HTTP 502[0m
[13:13:05.237] [1;32muart:~$ [m[8D[J[00:35:26.461,000] [1;31m<err> llss: Poll error 502[0m
[13:13:05.237] [1;32muart:~$ [m[8D[J[1;32muart:~$ [m[8D[JNETMEM up=2130s pktRX=38/40 pktTX=15/16 bufRX=158/160/m102 bufTX=79/80/m5 sysheap_free=11208 alloc=21380 max=24056
[13:13:09.141] [1;32muart:~$ [m[8D[J[1;32muart:~$ [m[8D[J[00:35:31.593,000] [1;31m<err> llss_client: device state HTTP 502[0m
[13:13:10.369] [1;32muart:~$ [m[8D[J[00:35:31.594,000] [1;31m<err> llss: Poll error 502[0m
[13:13:10.370] [1;32muart:~$ [m[8D[J[1;32muart:~$ [m[8D[J[00:35:36.727,000] [1;31m<err> llss_client: device state HTTP 502[0m
[13:13:15.503] [1;32muart:~$ [m[8D[J[00:35:36.728,000] [1;31m<err> llss: Poll error 502[0m
[13:13:15.504] [1;32muart:~$ [m[8D[J[1;32muart:~$ [m[8D[J[00:35:41.920,000] [1;31m<err> llss_client: device state HTTP 502[0m
[13:13:20.696] [1;32muart:~$ [m[8D[J[00:35:41.920,000] [1;31m<err> llss: Poll error 502[0m
[13:13:20.696] [1;32muart:~$ [m[8D[J[1;32muart:~$ [m[8D[J[00:35:47.019,000] [1;31m<err> llss_client: device state HTTP 502[0m
[13:13:25.795] [1;32muart:~$ [m[8D[J[00:35:47.019,000] [1;31m<err> llss: Poll error 502[0m
[13:13:25.795] [1;32muart:~$ [m[8D[J[1;32muart:~$ [m[8D[J[00:35:52.133,000] [1;31m<err> llss_client: device state HTTP 502[0m
[13:13:30.909] [1;32muart:~$ [m[8D[J[00:35:52.133,000] [1;31m<err> llss: Poll error 502[0m
[13:13:30.909] [1;32muart:~$ [m[8D[J[1;32muart:~$ [m[8D[J[00:35:57.242,000] [1;31m<err> llss_client: device state HTTP 502[0m
[13:13:36.018] [1;32muart:~$ [m[8D[J[00:35:57.242,000] [1;31m<err> llss: Poll error 502[0m
[13:13:36.019] [1;32muart:~$ [m[8D[J[1;32muart:~$ [m[8D[J[00:36:00.305,000] [0m<inf> shtc3: SHTC3: temperature=23.98 C humidity=35.28 %[0m
[13:13:39.081] [1;32muart:~$ [m[8D[JNETMEM up=2160s pktRX=38/40 pktTX=15/16 bufRX=158/160/m102 bufTX=79/80/m5 sysheap_free=11208 alloc=21380 max=24056
[13:13:39.082] [1;32muart:~$ [m[8D[J[1;32muart:~$ [m[8D[J[00:36:02.347,000] [1;31m<err> llss_client: device state HTTP 502[0m
[13:13:41.123] [1;32muart:~$ [m[8D[J[00:36:02.347,000] [1;31m<err> llss: Poll error 502[0m
[13:13:41.124] [1;32muart:~$ [m[8D[J[1;32muart:~$ [m[8D[J[00:36:07.456,000] [1;31m<err> llss_client: device state HTTP 502[0m
[13:13:46.232] [1;32muart:~$ [m[8D[J[00:36:07.456,000] [1;31m<err> llss: Poll error 502[0m
[13:13:46.233] [1;32muart:~$ [m[8D[J[1;32muart:~$ [m[8D[J[00:36:12.570,000] [1;31m<err> llss_client: device state HTTP 502[0m
[13:13:51.346] [1;32muart:~$ [m[8D[J[00:36:12.570,000] [1;31m<err> llss: Poll error 502[0m
[13:13:51.347] [1;32muart:~$ [m[8D[J[1;32muart:~$ [m[8D[J[00:36:17.672,000] [1;31m<err> llss_client: device state HTTP 502[0m
[13:13:56.448] [1;32muart:~$ [m[8D[J[00:36:17.672,000] [1;31m<err> llss: Poll error 502[0m
[13:13:56.449] [1;32muart:~$ [m[8D[J[1;32muart:~$ [m[8D[J[00:36:22.782,000] [1;31m<err> llss_client: device state HTTP 502[0m
[13:14:01.558] [1;32muart:~$ [m[8D[J[00:36:22.782,000] [1;31m<err> llss: Poll error 502[0m
[13:14:01.559] [1;32muart:~$ [m[8D[J[1;32muart:~$ [m[8D[J[00:36:27.920,000] [1;31m<err> llss_client: device state HTTP 502[0m
[13:14:06.696] [1;32muart:~$ [m[8D[J[00:36:27.920,000] [1;31m<err> llss: Poll error 502[0m
[13:14:06.696] [1;32muart:~$ [m[8D[J[1;32muart:~$ [m[8D[JNETMEM up=2190s pktRX=38/40 pktTX=15/16 bufRX=158/160/m102 bufTX=79/80/m5 sysheap_free=11208 alloc=21380 max=24056
[13:14:09.142] [1;32muart:~$ [m[8D[J[1;32muart:~$ [m[8D[J[00:36:33.025,000] [1;31m<err> llss_client: device state HTTP 502[0m
[13:14:11.801] [1;32muart:~$ [m[8D[J[00:36:33.025,000] [1;31m<err> llss: Poll error 502[0m
[13:14:11.801] [1;32muart:~$ [m[8D[J[1;32muart:~$ [m[8D[J[00:36:40.230,000] [0m<inf> net_watchdog: Connectivity restored after 1180 s offline[0m
[13:14:19.006] [1;32muart:~$ [m[8D[J[1;32muart:~$ [m[8D[J[00:37:00.308,000] [0m<inf> shtc3: SHTC3: temperature=23.60 C humidity=35.58 %[0m
[13:14:39.084] [1;32muart:~$ [m[8D[JNETMEM up=2220s pktRX=38/40 pktTX=15/16 bufRX=158/160/m102 bufTX=79/80/m5 sysheap_free=11208 alloc=21380 max=24056
[13:14:39.085] [1;32muart:~$ [m[8D[J[1;32muart:~$ [m[8D[JNETMEM up=2250s pktRX=38/40 pktTX=15/16 bufRX=158/160/m102 bufTX=79/80/m5 sysheap_free=11208 alloc=21380 max=24056
[13:15:09.143] [1;32muart:~$ [m[8D[J[1;32muart:~$ [m[8D[J[00:38:00.311,000] [0m<inf> shtc3: SHTC3: temperature=23.86 C humidity=36.22 %[0m
[13:15:39.088] [1;32muart:~$ [m[8D[JNETMEM up=2280s pktRX=38/40 pktTX=15/16 bufRX=158/160/m102 bufTX=79/80/m5 sysheap_free=11208 alloc=21380 max=24056
[13:15:39.089] [1;32muart:~$ [m[8D[J[1;32muart:~$ [m[8D[JNETMEM up=2310s pktRX=38/40 pktTX=15/16 bufRX=158/160/m102 bufTX=79/80/m5 sysheap_free=11208 alloc=21380 max=24056
[13:16:09.144] [1;32muart:~$ [m[8D[J[1;32muart:~$ [m[8D[J[00:39:00.314,000] [0m<inf> shtc3: SHTC3: temperature=23.86 C humidity=36.11 %[0m
[13:16:39.092] [1;32muart:~$ [m[8D[JNETMEM up=2340s pktRX=38/40 pktTX=15/16 bufRX=158/160/m102 bufTX=79/80/m5 sysheap_free=11208 alloc=21380 max=24056
[13:16:39.093] [1;32muart:~$ [m[8D[J[1;32muart:~$ [m[8D[JNETMEM up=2370s pktRX=38/40 pktTX=15/16 bufRX=158/160/m102 bufTX=79/80/m5 sysheap_free=11208 alloc=21380 max=24056
[13:17:09.145] [1;32muart:~$ [m[8D[J[1;32muart:~$ [m[8D[JThread analyze:
[13:17:38.002] [1;32muart:~$ [m[8D[J wdt_sentinel_tid    : STACK: unused 432 usage 336 / 768 (43 %); CPU: 0 %
[13:17:38.003] [1;32muart:~$ [m[8D[J                     : Total CPU cycles used: 18005344
[13:17:38.003] [1;32muart:~$ [m[8D[J thread_analyzer     : STACK: unused 112 usage 912 / 1024 (89 %); CPU: 0 %
[13:17:38.004] [1;32muart:~$ [m[8D[J                     : Total CPU cycles used: 5483220
[13:17:38.005] [1;32muart:~$ [m[8D[J sys_wdt_tid         : STACK: unused 704 usage 320 / 1024 (31 %); CPU: 0 %
[13:17:38.005] [1;32muart:~$ [m[8D[J                     : Total CPU cycles used: 3063017
[13:17:38.006] [1;32muart:~$ [m[8D[J shtc3_thread        : STACK: unused 1360 usage 688 / 2048 (33 %); CPU: 0 %
[13:17:38.007] [1;32muart:~$ [m[8D[J                     : Total CPU cycles used: 2700756
[13:17:38.008] [1;32muart:~$ [m[8D[J ntp_thread          : STACK: unused 2480 usage 1616 / 4096 (39 %); CPU: 0 %
[13:17:38.008] [1;32muart:~$ [m[8D[J                     : Total CPU cycles used: 1422554
[13:17:38.009] [1;32muart:~$ [m[8D[J netmem_tid          : STACK: unused 624 usage 656 / 1280 (51 %); CPU: 0 %
[13:17:38.010] [1;32muart:~$ [m[8D[J                     : Total CPU cycles used: 1938072
[13:17:38.010] [1;32muart:~$ [m[8D[J llss_thread         : STACK: unused 11584 usage 4800 / 16384 (29 %); CPU: 0 %
[13:17:38.011] [1;32muart:~$ [m[8D[J                     : Total CPU cycles used: 4765711819
[13:17:38.012] [1;32muart:~$ [m[8D[J input               : STACK: unused 560 usage 464 / 1024 (45 %); CPU: 0 %
[13:17:38.013] [1;32muart:~$ [m[8D[J                     : Total CPU cycles used: 72962
[13:17:38.013] [1;32muart:~$ [m[8D[J display_thread      : STACK: unused 8640 usage 3648 / 12288 (29 %); CPU: 0 %
[13:17:38.014] [1;32muart:~$ [m[8D[J                     : Total CPU cycles used: 400393757
[13:17:38.015] [1;32muart:~$ [m[8D[J device_ui_thread    : STACK: unused 4496 usage 3696 / 8192 (45 %); CPU: 0 %
[13:17:38.015] [1;32muart:~$ [m[8D[J                     : Total CPU cycles used: 3026270872
[13:17:38.016] [1;32muart:~$ [m[8D[J conn_mgr_monitor    : STACK: unused 176 usage 336 / 512 (65 %); CPU: 0 %
[13:17:38.017] [1;32muart:~$ [m[8D[J                     : Total CPU cycles used: 86568
[13:17:38.018] [1;32muart:~$ [m[8D[J net_socket_service  : STACK: unused 3344 usage 752 / 4096 (18 %); CPU: 0 %
[13:17:38.018] [1;32muart:~$ [m[8D[J                     : Total CPU cycles used: 2669042
[13:17:38.019] [1;32muart:~$ [m[8D[J rx_q[0]             : STACK: unused 528 usage 1520 / 2048 (74 %); CPU: 0 %
[13:17:38.020] [1;32muart:~$ [m[8D[J                     : Total CPU cycles used: 1037514862
[13:17:38.020] [1;32muart:~$ [m[8D[J net_mgmt            : STACK: unused 3424 usage 672 / 4096 (16 %); CPU: 0 %
[13:17:38.021] [1;32muart:~$ [m[8D[J                     : Total CPU cycles used: 1326613
[13:17:38.022] [1;32muart:~$ [m[8D[J tcp_work            : STACK: unused 1680 usage 368 / 2048 (17 %); CPU: 0 %
[13:17:38.023] [1;32muart:~$ [m[8D[J                     : Total CPU cycles used: 8802282
[13:17:38.023] [1;32muart:~$ [m[8D[J shell_uart          : STACK: unused 2624 usage 1472 / 4096 (35 %); CPU: 0 %
[13:17:38.024] [1;32muart:~$ [m[8D[J                     : Total CPU cycles used: 74498046
[13:17:38.026] [1;32muart:~$ [m[8D[J wifi                : STACK: unused 1456 usage 2128 / 3584 (59 %); CPU: 0 %
[13:17:38.027] [1;32muart:~$ [m[8D[J                     : Total CPU cycles used: 5311418008
[13:17:38.027] [1;32muart:~$ [m[8D[J sysworkq            : STACK: unused 3248 usage 848 / 4096 (20 %); CPU: 0 %
[13:17:38.027] [1;32muart:~$ [m[8D[J                     : Total CPU cycles used: 57431237
[13:17:38.028] [1;32muart:~$ [m[8D[J esp_timer           : STACK: unused 3616 usage 480 / 4096 (11 %); CPU: 0 %
[13:17:38.028] [1;32muart:~$ [m[8D[J                     : Total CPU cycles used: 217344594
[13:17:38.029] [1;32muart:~$ [m[8D[J logging             : STACK: unused 544 usage 480 / 1024 (46 %); CPU: 0 %
[13:17:38.030] [1;32muart:~$ [m[8D[J                     : Total CPU cycles used: 12839378
[13:17:38.030] [1;32muart:~$ [m[8D[J idle                : STACK: unused 816 usage 208 / 1024 (20 %); CPU: 97 %
[13:17:38.031] [1;32muart:~$ [m[8D[J                     : Total CPU cycles used: 560619668918
[13:17:38.032] [1;32muart:~$ [m[8D[J ISR0                : STACK: unused 1520 usage 528 / 2048 (25 %); CPU: 0 %
[13:17:38.033] [1;32muart:~$ [m[8D[J                     : Total CPU cycles used: 0
[13:17:38.033] [1;32muart:~$ [m[8D[J[1;32muart:~$ [m[8D[J[1;32muart:~$ [m[8D[J[00:40:00.316,000] [0m<inf> shtc3: SHTC3: temperature=23.85 C humidity=36.39 %[0m
[13:17:39.095] [1;32muart:~$ [m[8D[JNETMEM up=2400s pktRX=38/40 pktTX=15/16 bufRX=158/160/m102 bufTX=79/80/m5 sysheap_free=11208 alloc=21380 max=24056
[13:17:39.096] [1;32muart:~$ [m[8D[J[1;32muart:~$ [m[8D[JNETMEM up=2430s pktRX=38/40 pktTX=15/16 bufRX=158/160/m102 bufTX=79/80/m5 sysheap_free=11208 alloc=21380 max=24056
[13:18:09.146] [1;32muart:~$ [m[8D[J[1;32muart:~$ [m[8D[J[00:41:00.321,000] [0m<inf> shtc3: SHTC3: temperature=23.92 C humidity=36.33 %[0m
[13:18:39.100] [1;32muart:~$ [m[8D[JNETMEM up=2460s pktRX=38/40 pktTX=15/16 bufRX=158/160/m102 bufTX=79/80/m5 sysheap_free=11208 alloc=21380 max=24056
[13:18:39.101] [1;32muart:~$ [m[8D[J[1;32muart:~$ [m[8D[JNETMEM up=2490s pktRX=38/40 pktTX=15/16 bufRX=158/160/m102 bufTX=79/80/m5 sysheap_free=11208 alloc=21380 max=24056
[13:19:09.147] [1;32muart:~$ [m[8D[J[1;32muart:~$ [m[8D[J[00:42:00.324,000] [0m<inf> shtc3: SHTC3: temperature=24.04 C humidity=36.14 %[0m
[13:19:39.103] [1;32muart:~$ [m[8D[JNETMEM up=2520s pktRX=38/40 pktTX=15/16 bufRX=158/160/m102 bufTX=79/80/m5 sysheap_free=11208 alloc=21380 max=24056
[13:19:39.105] [1;32muart:~$ [m[8D[J[1;32muart:~$ [m[8D[JNETMEM up=2550s pktRX=38/40 pktTX=15/16 bufRX=158/160/m102 bufTX=79/80/m5 sysheap_free=11208 alloc=21380 max=24056
[13:20:09.147] [1;32muart:~$ [m[8D[J[1;32muart:~$ [m[8D[J[00:43:00.327,000] [0m<inf> shtc3: SHTC3: temperature=23.99 C humidity=36.15 %[0m
[13:20:39.107] [1;32muart:~$ [m[8D[JNETMEM up=2580s pktRX=38/40 pktTX=15/16 bufRX=158/160/m102 bufTX=79/80/m5 sysheap_free=11208 alloc=21380 max=24056
[13:20:39.108] [1;32muart:~$ [m[8D[J[1;32muart:~$ [m[8D[JNETMEM up=2610s pktRX=38/40 pktTX=15/16 bufRX=158/160/m102 bufTX=79/80/m5 sysheap_free=11208 alloc=21380 max=24056
[13:21:09.148] [1;32muart:~$ [m[8D[J[1;32muart:~$ [m[8D[J[00:44:00.330,000] [0m<inf> shtc3: SHTC3: temperature=23.98 C humidity=36.51 %[0m
[13:21:39.111] [1;32muart:~$ [m[8D[JNETMEM up=2640s pktRX=38/40 pktTX=15/16 bufRX=158/160/m102 bufTX=79/80/m5 sysheap_free=11208 alloc=21380 max=24056
[13:21:39.112] [1;32muart:~$ [m[8D[J[1;32muart:~$ [m[8D[JNETMEM up=2670s pktRX=38/40 pktTX=15/16 bufRX=158/160/m102 bufTX=79/80/m5 sysheap_free=11208 alloc=21380 max=24056
[13:22:09.149] [1;32muart:~$ [m[8D[J[1;32muart:~$ [m[8D[JThread analyze:
[13:22:38.007] [1;32muart:~$ [m[8D[J wdt_sentinel_tid    : STACK: unused 432 usage 336 / 768 (43 %); CPU: 0 %
[13:22:38.008] [1;32muart:~$ [m[8D[J                     : Total CPU cycles used: 20253345
[13:22:38.009] [1;32muart:~$ [m[8D[J thread_analyzer     : STACK: unused 112 usage 912 / 1024 (89 %); CPU: 0 %
[13:22:38.010] [1;32muart:~$ [m[8D[J                     : Total CPU cycles used: 6134640
[13:22:38.010] [1;32muart:~$ [m[8D[J sys_wdt_tid         : STACK: unused 704 usage 320 / 1024 (31 %); CPU: 0 %
[13:22:38.011] [1;32muart:~$ [m[8D[J                     : Total CPU cycles used: 3412022
[13:22:38.012] [1;32muart:~$ [m[8D[J shtc3_thread        : STACK: unused 1360 usage 688 / 2048 (33 %); CPU: 0 %
[13:22:38.015] [1;32muart:~$ [m[8D[J                     : Total CPU cycles used: 3059392
[13:22:38.015] [1;32muart:~$ [m[8D[J ntp_thread          : STACK: unused 2480 usage 1616 / 4096 (39 %); CPU: 0 %
[13:22:38.016] [1;32muart:~$ [m[8D[J                     : Total CPU cycles used: 1422554
[13:22:38.016] [1;32muart:~$ [m[8D[J netmem_tid          : STACK: unused 624 usage 656 / 1280 (51 %); CPU: 0 %
[13:22:38.016] [1;32muart:~$ [m[8D[J                     : Total CPU cycles used: 2165547
[13:22:38.017] [1;32muart:~$ [m[8D[J llss_thread         : STACK: unused 11584 usage 4800 / 16384 (29 %); CPU: 0 %
[13:22:38.018] [1;32muart:~$ [m[8D[J                     : Total CPU cycles used: 4832290465
[13:22:38.018] [1;32muart:~$ [m[8D[J input               : STACK: unused 560 usage 464 / 1024 (45 %); CPU: 0 %
[13:22:38.018] [1;32muart:~$ [m[8D[J                     : Total CPU cycles used: 72962
[13:22:38.019] [1;32muart:~$ [m[8D[J display_thread      : STACK: unused 8640 usage 3648 / 12288 (29 %); CPU: 0 %
[13:22:38.020] [1;32muart:~$ [m[8D[J                     : Total CPU cycles used: 400393757
[13:22:38.020] [1;32muart:~$ [m[8D[J device_ui_thread    : STACK: unused 4496 usage 3696 / 8192 (45 %); CPU: 0 %
[13:22:38.021] [1;32muart:~$ [m[8D[J                     : Total CPU cycles used: 3571879571
[13:22:38.022] [1;32muart:~$ [m[8D[J conn_mgr_monitor    : STACK: unused 176 usage 336 / 512 (65 %); CPU: 0 %
[13:22:38.022] [1;32muart:~$ [m[8D[J                     : Total CPU cycles used: 86568
[13:22:38.023] [1;32muart:~$ [m[8D[J net_socket_service  : STACK: unused 3344 usage 752 / 4096 (18 %); CPU: 0 %
[13:22:38.024] [1;32muart:~$ [m[8D[J                     : Total CPU cycles used: 2669042
[13:22:38.025] [1;32muart:~$ [m[8D[J rx_q[0]             : STACK: unused 528 usage 1520 / 2048 (74 %); CPU: 0 %
[13:22:38.025] [1;32muart:~$ [m[8D[J                     : Total CPU cycles used: 1089537054
[13:22:38.026] [1;32muart:~$ [m[8D[J net_mgmt            : STACK: unused 3424 usage 672 / 4096 (16 %); CPU: 0 %
[13:22:38.027] [1;32muart:~$ [m[8D[J                     : Total CPU cycles used: 1462880
[13:22:38.027] [1;32muart:~$ [m[8D[J tcp_work            : STACK: unused 1680 usage 368 / 2048 (17 %); CPU: 0 %
[13:22:38.028] [1;32muart:~$ [m[8D[J                     : Total CPU cycles used: 8802282
[13:22:38.029] [1;32muart:~$ [m[8D[J shell_uart          : STACK: unused 2624 usage 1472 / 4096 (35 %); CPU: 0 %
[13:22:38.030] [1;32muart:~$ [m[8D[J                     : Total CPU cycles used: 78175280
[13:22:38.030] [1;32muart:~$ [m[8D[J wifi                : STACK: unused 1456 usage 2128 / 3584 (59 %); CPU: 0 %
[13:22:38.031] [1;32muart:~$ [m[8D[J                     : Total CPU cycles used: 5822650796
[13:22:38.032] [1;32muart:~$ [m[8D[J sysworkq            : STACK: unused 3248 usage 848 / 4096 (20 %); CPU: 0 %
[13:22:38.032] [1;32muart:~$ [m[8D[J                     : Total CPU cycles used: 64344846
[13:22:38.033] [1;32muart:~$ [m[8D[J esp_timer           : STACK: unused 3616 usage 480 / 4096 (11 %); CPU: 0 %
[13:22:38.034] [1;32muart:~$ [m[8D[J                     : Total CPU cycles used: 243731266
[13:22:38.035] [1;32muart:~$ [m[8D[J logging             : STACK: unused 544 usage 480 / 1024 (46 %); CPU: 0 %
[13:22:38.035] [1;32muart:~$ [m[8D[J                     : Total CPU cycles used: 13350476
[13:22:38.036] [1;32muart:~$ [m[8D[J idle                : STACK: unused 816 usage 208 / 1024 (20 %); CPU: 97 %
[13:22:38.037] [1;32muart:~$ [m[8D[J                     : Total CPU cycles used: 631387975620
[13:22:38.037] [1;32muart:~$ [m[8D[J ISR0                : STACK: unused 1520 usage 528 / 2048 (25 %); CPU: 0 %
[13:22:38.038] [1;32muart:~$ [m[8D[J                     : Total CPU cycles used: 0
[13:22:38.039] [1;32muart:~$ [m[8D[J[1;32muart:~$ [m[8D[J[1;32muart:~$ [m[8D[J[00:45:00.333,000] [0m<inf> shtc3: SHTC3: temperature=24.17 C humidity=36.80 %[0m
[13:22:39.114] [1;32muart:~$ [m[8D[JNETMEM up=2700s pktRX=38/40 pktTX=15/16 bufRX=158/160/m102 bufTX=79/80/m5 sysheap_free=11208 alloc=21380 max=24056
[13:22:39.115] [1;32muart:~$ [m[8D[J[1;32muart:~$ [m[8D[JNETMEM up=2730s pktRX=38/40 pktTX=15/16 bufRX=158/160/m102 bufTX=79/80/m5 sysheap_free=11208 alloc=21380 max=24056
[13:23:09.150] [1;32muart:~$ [m[8D[J[1;32muart:~$ [m[8D[J[00:46:00.336,000] [0m<inf> shtc3: SHTC3: temperature=24.26 C humidity=36.43 %[0m
[13:23:39.118] [1;32muart:~$ [m[8D[JNETMEM up=2760s pktRX=38/40 pktTX=15/16 bufRX=158/160/m102 bufTX=79/80/m5 sysheap_free=11208 alloc=21380 max=24056
[13:23:39.119] [1;32muart:~$ [m[8D[J[1;32muart:~$ [m[8D[JNETMEM up=2790s pktRX=38/40 pktTX=15/16 bufRX=158/160/m102 bufTX=79/80/m6 sysheap_free=11208 alloc=21380 max=24056
[13:24:09.151] [1;32muart:~$ [m[8D[J[1;32muart:~$ [m[8D[J[00:47:00.339,000] [0m<inf> shtc3: SHTC3: temperature=23.98 C humidity=35.92 %[0m
[13:24:39.121] [1;32muart:~$ [m[8D[JNETMEM up=2820s pktRX=38/40 pktTX=15/16 bufRX=158/160/m102 bufTX=79/80/m6 sysheap_free=11208 alloc=21380 max=24056
[13:24:39.122] [1;32muart:~$ [m[8D[J[1;32muart:~$ [m[8D[JNETMEM up=2850s pktRX=38/40 pktTX=15/16 bufRX=158/160/m102 bufTX=79/80/m6 sysheap_free=11208 alloc=21380 max=24056
[13:25:09.152] [1;32muart:~$ [m[8D[J[1;32muart:~$ [m[8D[J[00:48:00.342,000] [0m<inf> shtc3: SHTC3: temperature=24.47 C humidity=35.83 %[0m
[13:25:39.124] [1;32muart:~$ [m[8D[JNETMEM up=2880s pktRX=38/40 pktTX=15/16 bufRX=158/160/m102 bufTX=79/80/m6 sysheap_free=11208 alloc=21380 max=24056
[13:25:39.125] [1;32muart:~$ [m[8D[J[1;32muart:~$ [m[8D[JNETMEM up=2910s pktRX=38/40 pktTX=15/16 bufRX=158/160/m102 bufTX=79/80/m6 sysheap_free=11208 alloc=21380 max=24056
[13:26:09.153] [1;32muart:~$ [m[8D[J[1;32muart:~$ [m[8D[J[00:49:00.345,000] [0m<inf> shtc3: SHTC3: temperature=24.39 C humidity=35.27 %[0m
[13:26:39.128] [1;32muart:~$ [m[8D[JNETMEM up=2940s pktRX=38/40 pktTX=15/16 bufRX=158/160/m102 bufTX=79/80/m6 sysheap_free=11172 alloc=21416 max=24056
[13:26:39.129] [1;32muart:~$ [m[8D[J[1;32muart:~$ [m[8D[JNETMEM up=2970s pktRX=38/40 pktTX=15/16 bufRX=158/160/m102 bufTX=79/80/m6 sysheap_free=11208 alloc=21380 max=24056
[13:27:09.154] [1;32muart:~$ [m[8D[J[1;32muart:~$ [m[8D[JThread analyze:
[13:27:38.013] [1;32muart:~$ [m[8D[J wdt_sentinel_tid    : STACK: unused 432 usage 336 / 768 (43 %); CPU: 0 %
[13:27:38.013] [1;32muart:~$ [m[8D[J                     : Total CPU cycles used: 22547327
[13:27:38.014] [1;32muart:~$ [m[8D[J thread_analyzer     : STACK: unused 112 usage 912 / 1024 (89 %); CPU: 0 %
[13:27:38.015] [1;32muart:~$ [m[8D[J                     : Total CPU cycles used: 6784733
[13:27:38.016] [1;32muart:~$ [m[8D[J sys_wdt_tid         : STACK: unused 704 usage 320 / 1024 (31 %); CPU: 0 %
[13:27:38.016] [1;32muart:~$ [m[8D[J                     : Total CPU cycles used: 3775433
[13:27:38.017] [1;32muart:~$ [m[8D[J shtc3_thread        : STACK: unused 1360 usage 688 / 2048 (33 %); CPU: 0 %
[13:27:38.018] [1;32muart:~$ [m[8D[J                     : Total CPU cycles used: 3389428
[13:27:38.018] [1;32muart:~$ [m[8D[J ntp_thread          : STACK: unused 2480 usage 1616 / 4096 (39 %); CPU: 0 %
[13:27:38.019] [1;32muart:~$ [m[8D[J                     : Total CPU cycles used: 1422554
[13:27:38.020] [1;32muart:~$ [m[8D[J netmem_tid          : STACK: unused 624 usage 656 / 1280 (51 %); CPU: 0 %
[13:27:38.021] [1;32muart:~$ [m[8D[J                     : Total CPU cycles used: 2424437
[13:27:38.021] [1;32muart:~$ [m[8D[J llss_thread         : STACK: unused 11584 usage 4800 / 16384 (29 %); CPU: 0 %
[13:27:38.022] [1;32muart:~$ [m[8D[J                     : Total CPU cycles used: 4891841013
[13:27:38.023] [1;32muart:~$ [m[8D[J input               : STACK: unused 560 usage 464 / 1024 (45 %); CPU: 0 %
[13:27:38.023] [1;32muart:~$ [m[8D[J                     : Total CPU cycles used: 72962
[13:27:38.024] [1;32muart:~$ [m[8D[J display_thread      : STACK: unused 8640 usage 3648 / 12288 (29 %); CPU: 0 %
[13:27:38.025] [1;32muart:~$ [m[8D[J                     : Total CPU cycles used: 400393757
[13:27:38.026] [1;32muart:~$ [m[8D[J device_ui_thread    : STACK: unused 4496 usage 3696 / 8192 (45 %); CPU: 0 %
[13:27:38.026] [1;32muart:~$ [m[8D[J                     : Total CPU cycles used: 4121799408
[13:27:38.027] [1;32muart:~$ [m[8D[J conn_mgr_monitor    : STACK: unused 176 usage 336 / 512 (65 %); CPU: 0 %
[13:27:38.028] [1;32muart:~$ [m[8D[J                     : Total CPU cycles used: 86568
[13:27:38.028] [1;32muart:~$ [m[8D[J net_socket_service  : STACK: unused 3344 usage 752 / 4096 (18 %); CPU: 0 %
[13:27:38.029] [1;32muart:~$ [m[8D[J                     : Total CPU cycles used: 2669042
[13:27:38.030] [1;32muart:~$ [m[8D[J rx_q[0]             : STACK: unused 528 usage 1520 / 2048 (74 %); CPU: 0 %
[13:27:38.031] [1;32muart:~$ [m[8D[J                     : Total CPU cycles used: 1147211840
[13:27:38.031] [1;32muart:~$ [m[8D[J net_mgmt            : STACK: unused 3424 usage 672 / 4096 (16 %); CPU: 0 %
[13:27:38.032] [1;32muart:~$ [m[8D[J                     : Total CPU cycles used: 1615764
[13:27:38.033] [1;32muart:~$ [m[8D[J tcp_work            : STACK: unused 1680 usage 368 / 2048 (17 %); CPU: 0 %
[13:27:38.033] [1;32muart:~$ [m[8D[J                     : Total CPU cycles used: 8802282
[13:27:38.034] [1;32muart:~$ [m[8D[J shell_uart          : STACK: unused 2624 usage 1472 / 4096 (35 %); CPU: 0 %
[13:27:38.035] [1;32muart:~$ [m[8D[J                     : Total CPU cycles used: 81854667
[13:27:38.036] [1;32muart:~$ [m[8D[J wifi                : STACK: unused 1456 usage 2128 / 3584 (59 %); CPU: 0 %
[13:27:38.036] [1;32muart:~$ [m[8D[J                     : Total CPU cycles used: 6354353231
[13:27:38.037] [1;32muart:~$ [m[8D[J sysworkq            : STACK: unused 3248 usage 848 / 4096 (20 %); CPU: 0 %
[13:27:38.038] [1;32muart:~$ [m[8D[J                     : Total CPU cycles used: 71893486
[13:27:38.038] [1;32muart:~$ [m[8D[J esp_timer           : STACK: unused 3472 usage 624 / 4096 (15 %); CPU: 0 %
[13:27:38.039] [1;32muart:~$ [m[8D[J                     : Total CPU cycles used: 271256012
[13:27:38.040] [1;32muart:~$ [m[8D[J logging             : STACK: unused 544 usage 480 / 1024 (46 %); CPU: 0 %
[13:27:38.041] [1;32muart:~$ [m[8D[J                     : Total CPU cycles used: 13856602
[13:27:38.041] [1;32muart:~$ [m[8D[J idle                : STACK: unused 816 usage 208 / 1024 (20 %); CPU: 97 %
[13:27:38.042] [1;32muart:~$ [m[8D[J                     : Total CPU cycles used: 702130822252
[13:27:38.043] [1;32muart:~$ [m[8D[J ISR0                : STACK: unused 1520 usage 528 / 2048 (25 %); CPU: 0 %
[13:27:38.044] [1;32muart:~$ [m[8D[J                     : Total CPU cycles used: 0
[13:27:38.044] [1;32muart:~$ [m[8D[J[1;32muart:~$ [m[8D[J[1;32muart:~$ [m[8D[J[00:50:00.347,000] [0m<inf> shtc3: SHTC3: temperature=24.49 C humidity=35.73 %[0m
[13:27:39.131] [1;32muart:~$ [m[8D[JNETMEM up=3000s pktRX=38/40 pktTX=15/16 bufRX=158/160/m102 bufTX=79/80/m6 sysheap_free=11172 alloc=21416 max=24056
[13:27:39.132] [1;32muart:~$ [m[8D[J[1;32muart:~$ [m[8D[JNETMEM up=3030s pktRX=38/40 pktTX=15/16 bufRX=158/160/m102 bufTX=79/80/m6 sysheap_free=11208 alloc=21380 max=24056
[13:28:09.155] [1;32muart:~$ [m[8D[J[1;32muart:~$ [m[8D[J[00:51:00.350,000] [0m<inf> shtc3: SHTC3: temperature=24.23 C humidity=35.26 %[0m
[13:28:39.134] [1;32muart:~$ [m[8D[JNETMEM up=3060s pktRX=38/40 pktTX=15/16 bufRX=158/160/m102 bufTX=79/80/m6 sysheap_free=11208 alloc=21380 max=24056
[13:28:39.135] [1;32muart:~$ [m[8D[J[1;32muart:~$ [m[8D[JNETMEM up=3090s pktRX=38/40 pktTX=15/16 bufRX=158/160/m102 bufTX=79/80/m6 sysheap_free=11208 alloc=21380 max=24056
[13:29:09.156] [1;32muart:~$ [m[8D[J[1;32muart:~$ [m[8D[J[00:52:00.353,000] [0m<inf> shtc3: SHTC3: temperature=24.26 C humidity=35.36 %[0m
[13:29:39.138] [1;32muart:~$ [m[8D[JNETMEM up=3120s pktRX=38/40 pktTX=15/16 bufRX=158/160/m102 bufTX=79/80/m6 sysheap_free=11208 alloc=21380 max=24056
[13:29:39.139] [1;32muart:~$ [m[8D[J[1;32muart:~$ [m[8D[JNETMEM up=3150s pktRX=38/40 pktTX=15/16 bufRX=158/160/m102 bufTX=79/80/m6 sysheap_free=11208 alloc=21380 max=24056
[13:30:09.156] [1;32muart:~$ [m[8D[J[1;32muart:~$ [m[8D[J[00:53:00.356,000] [0m<inf> shtc3: SHTC3: temperature=23.92 C humidity=35.33 %[0m
[13:30:39.141] [1;32muart:~$ [m[8D[JNETMEM up=3180s pktRX=38/40 pktTX=15/16 bufRX=158/160/m102 bufTX=79/80/m6 sysheap_free=11208 alloc=21380 max=24056
[13:30:39.142] [1;32muart:~$ [m[8D[J[1;32muart:~$ [m[8D[JNETMEM up=3210s pktRX=38/40 pktTX=15/16 bufRX=158/160/m102 bufTX=79/80/m6 sysheap_free=11208 alloc=21380 max=24056
[13:31:09.157] [1;32muart:~$ [m[8D[J[1;32muart:~$ [m[8D[J[00:54:00.359,000] [0m<inf> shtc3: SHTC3: temperature=24.36 C humidity=35.04 %[0m
[13:31:39.144] [1;32muart:~$ [m[8D[JNETMEM up=3240s pktRX=38/40 pktTX=15/16 bufRX=158/160/m102 bufTX=79/80/m6 sysheap_free=11208 alloc=21380 max=24056
[13:31:39.145] [1;32muart:~$ [m[8D[J[1;32muart:~$ [m[8D[JNETMEM up=3270s pktRX=38/40 pktTX=15/16 bufRX=158/160/m102 bufTX=79/80/m6 sysheap_free=11208 alloc=21380 max=24056
[13:32:09.158] [1;32muart:~$ [m[8D[J[1;32muart:~$ [m[8D[JThread analyze:
[13:32:38.018] [1;32muart:~$ [m[8D[J wdt_sentinel_tid    : STACK: unused 432 usage 336 / 768 (43 %); CPU: 0 %
[13:32:38.018] [1;32muart:~$ [m[8D[J                     : Total CPU cycles used: 24852124
[13:32:38.019] [1;32muart:~$ [m[8D[J thread_analyzer     : STACK: unused 112 usage 912 / 1024 (89 %); CPU: 0 %
[13:32:38.020] [1;32muart:~$ [m[8D[J                     : Total CPU cycles used: 7434245
[13:32:38.020] [1;32muart:~$ [m[8D[J sys_wdt_tid         : STACK: unused 704 usage 320 / 1024 (31 %); CPU: 0 %
[13:32:38.021] [1;32muart:~$ [m[8D[J                     : Total CPU cycles used: 4159440
[13:32:38.022] [1;32muart:~$ [m[8D[J shtc3_thread        : STACK: unused 1360 usage 688 / 2048 (33 %); CPU: 0 %
[13:32:38.023] [1;32muart:~$ [m[8D[J                     : Total CPU cycles used: 3713879
[13:32:38.023] [1;32muart:~$ [m[8D[J ntp_thread          : STACK: unused 2480 usage 1616 / 4096 (39 %); CPU: 0 %
[13:32:38.024] [1;32muart:~$ [m[8D[J                     : Total CPU cycles used: 1422554
[13:32:38.025] [1;32muart:~$ [m[8D[J netmem_tid          : STACK: unused 624 usage 656 / 1280 (51 %); CPU: 0 %
[13:32:38.025] [1;32muart:~$ [m[8D[J                     : Total CPU cycles used: 2654254
[13:32:38.026] [1;32muart:~$ [m[8D[J llss_thread         : STACK: unused 11584 usage 4800 / 16384 (29 %); CPU: 0 %
[13:32:38.027] [1;32muart:~$ [m[8D[J                     : Total CPU cycles used: 4968241215
[13:32:38.028] [1;32muart:~$ [m[8D[J input               : STACK: unused 560 usage 464 / 1024 (45 %); CPU: 0 %
[13:32:38.028] [1;32muart:~$ [m[8D[J                     : Total CPU cycles used: 72962
[13:32:38.029] [1;32muart:~$ [m[8D[J display_thread      : STACK: unused 8640 usage 3648 / 12288 (29 %); CPU: 0 %
[13:32:38.030] [1;32muart:~$ [m[8D[J                     : Total CPU cycles used: 400393757
[13:32:38.030] [1;32muart:~$ [m[8D[J device_ui_thread    : STACK: unused 4496 usage 3696 / 8192 (45 %); CPU: 0 %
[13:32:38.031] [1;32muart:~$ [m[8D[J                     : Total CPU cycles used: 4646367985
[13:32:38.032] [1;32muart:~$ [m[8D[J conn_mgr_monitor    : STACK: unused 176 usage 336 / 512 (65 %); CPU: 0 %
[13:32:38.033] [1;32muart:~$ [m[8D[J                     : Total CPU cycles used: 86568
[13:32:38.033] [1;32muart:~$ [m[8D[J net_socket_service  : STACK: unused 3344 usage 752 / 4096 (18 %); CPU: 0 %
[13:32:38.034] [1;32muart:~$ [m[8D[J                     : Total CPU cycles used: 2669042
[13:32:38.035] [1;32muart:~$ [m[8D[J rx_q[0]             : STACK: unused 528 usage 1520 / 2048 (74 %); CPU: 0 %
[13:32:38.035] [1;32muart:~$ [m[8D[J                     : Total CPU cycles used: 1205091046
[13:32:38.036] [1;32muart:~$ [m[8D[J net_mgmt            : STACK: unused 3424 usage 672 / 4096 (16 %); CPU: 0 %
[13:32:38.037] [1;32muart:~$ [m[8D[J                     : Total CPU cycles used: 1759307
[13:32:38.038] [1;32muart:~$ [m[8D[J tcp_work            : STACK: unused 1680 usage 368 / 2048 (17 %); CPU: 0 %
[13:32:38.038] [1;32muart:~$ [m[8D[J                     : Total CPU cycles used: 8802282
[13:32:38.039] [1;32muart:~$ [m[8D[J shell_uart          : STACK: unused 2624 usage 1472 / 4096 (35 %); CPU: 0 %
[13:32:38.040] [1;32muart:~$ [m[8D[J                     : Total CPU cycles used: 85505680
[13:32:38.040] [1;32muart:~$ [m[8D[J wifi                : STACK: unused 1456 usage 2128 / 3584 (59 %); CPU: 0 %
[13:32:38.041] [1;32muart:~$ [m[8D[J                     : Total CPU cycles used: 6874160101
[13:32:38.042] [1;32muart:~$ [m[8D[J sysworkq            : STACK: unused 3248 usage 848 / 4096 (20 %); CPU: 0 %
[13:32:38.043] [1;32muart:~$ [m[8D[J                     : Total CPU cycles used: 78818963
[13:32:38.043] [1;32muart:~$ [m[8D[J esp_timer           : STACK: unused 3472 usage 624 / 4096 (15 %); CPU: 0 %
[13:32:38.044] [1;32muart:~$ [m[8D[J                     : Total CPU cycles used: 298233534
[13:32:38.045] [1;32muart:~$ [m[8D[J logging             : STACK: unused 544 usage 480 / 1024 (46 %); CPU: 0 %
[13:32:38.046] [1;32muart:~$ [m[8D[J                     : Total CPU cycles used: 14358798
[13:32:38.046] [1;32muart:~$ [m[8D[J idle                : STACK: unused 816 usage 208 / 1024 (20 %); CPU: 97 %
[13:32:38.047] [1;32muart:~$ [m[8D[J                     : Total CPU cycles used: 772894597318
[13:32:38.048] [1;32muart:~$ [m[8D[J ISR0                : STACK: unused 1520 usage 528 / 2048 (25 %); CPU: 0 %
[13:32:38.048] [1;32muart:~$ [m[8D[J                     : Total CPU cycles used: 0
[13:32:38.049] [1;32muart:~$ [m[8D[J[1;32muart:~$ [m[8D[J[1;32muart:~$ [m[8D[J[00:55:00.362,000] [0m<inf> shtc3: SHTC3: temperature=24.43 C humidity=35.16 %[0m
[13:32:39.147] [1;32muart:~$ [m[8D[JNETMEM up=3300s pktRX=38/40 pktTX=15/16 bufRX=158/160/m102 bufTX=79/80/m6 sysheap_free=11208 alloc=21380 max=24056
[13:32:39.148] [1;32muart:~$ [m[8D[J[1;32muart:~$ [m[8D[JNETMEM up=3330s pktRX=38/40 pktTX=15/16 bufRX=158/160/m102 bufTX=79/80/m6 sysheap_free=11208 alloc=21380 max=24056
[13:33:09.159] [1;32muart:~$ [m[8D[J[1;32muart:~$ [m[8D[J[00:56:00.365,000] [0m<inf> shtc3: SHTC3: temperature=24.23 C humidity=35.66 %[0m
[13:33:39.150] [1;32muart:~$ [m[8D[JNETMEM up=3360s pktRX=38/40 pktTX=15/16 bufRX=158/160/m102 bufTX=79/80/m6 sysheap_free=11208 alloc=21380 max=24056
[13:33:39.152] [1;32muart:~$ [m[8D[J[1;32muart:~$ [m[8D[JNETMEM up=3390s pktRX=38/40 pktTX=15/16 bufRX=158/160/m102 bufTX=79/80/m6 sysheap_free=11208 alloc=21380 max=24056
[13:34:09.159] [1;32muart:~$ [m[8D[J[1;32muart:~$ [m[8D[J[00:57:00.368,000] [0m<inf> shtc3: SHTC3: temperature=24.37 C humidity=36.28 %[0m
[13:34:39.154] [1;32muart:~$ [m[8D[JNETMEM up=3420s pktRX=38/40 pktTX=15/16 bufRX=158/160/m102 bufTX=79/80/m6 sysheap_free=11172 alloc=21416 max=24056
[13:34:39.155] [1;32muart:~$ [m[8D[J[1;32muart:~$ [m[8D[JNETMEM up=3450s pktRX=38/40 pktTX=15/16 bufRX=158/160/m102 bufTX=79/80/m6 sysheap_free=11208 alloc=21380 max=24056
[13:35:09.160] [1;32muart:~$ [m[8D[J[1;32muart:~$ [m[8D[J[00:58:00.371,000] [0m<inf> shtc3: SHTC3: temperature=24.17 C humidity=36.36 %[0m
[13:35:39.157] [1;32muart:~$ [m[8D[JNETMEM up=3480s pktRX=38/40 pktTX=15/16 bufRX=158/160/m102 bufTX=79/80/m6 sysheap_free=11208 alloc=21380 max=24056
[13:35:39.158] [1;32muart:~$ [m[8D[J[1;32muart:~$ [m[8D[JNETMEM up=3510s pktRX=38/40 pktTX=15/16 bufRX=158/160/m102 bufTX=79/80/m6 sysheap_free=11208 alloc=21380 max=24056
[13:36:09.160] [1;32muart:~$ [m[8D[J[1;32muart:~$ [m[8D[J[00:59:00.373,000] [0m<inf> shtc3: SHTC3: temperature=24.27 C humidity=36.65 %[0m
[13:36:39.160] [1;32muart:~$ [m[8D[JNETMEM up=3540s pktRX=38/40 pktTX=15/16 bufRX=158/160/m102 bufTX=79/80/m6 sysheap_free=11208 alloc=21380 max=24056
[13:36:39.161] [1;32muart:~$ [m[8D[J[1;32muart:~$ [m[8D[JNETMEM up=3570s pktRX=38/40 pktTX=15/16 bufRX=158/160/m102 bufTX=79/80/m6 sysheap_free=11208 alloc=21380 max=24056
[13:37:09.161] [1;32muart:~$ [m[8D[J[1;32muart:~$ [m[8D[JThread analyze:
[13:37:38.022] [1;32muart:~$ [m[8D[J wdt_sentinel_tid    : STACK: unused 432 usage 336 / 768 (43 %); CPU: 0 %
[13:37:38.023] [1;32muart:~$ [m[8D[J                     : Total CPU cycles used: 27151490
[13:37:38.025] [1;32muart:~$ [m[8D[J thread_analyzer     : STACK: unused 112 usage 912 / 1024 (89 %); CPU: 0 %
[13:37:38.025] [1;32muart:~$ [m[8D[J                     : Total CPU cycles used: 8081812
[13:37:38.026] [1;32muart:~$ [m[8D[J sys_wdt_tid         : STACK: unused 704 usage 320 / 1024 (31 %); CPU: 0 %
[13:37:38.027] [1;32muart:~$ [m[8D[J                     : Total CPU cycles used: 4528347
[13:37:38.027] [1;32muart:~$ [m[8D[J shtc3_thread        : STACK: unused 1360 usage 688 / 2048 (33 %); CPU: 0 %
[13:37:38.028] [1;32muart:~$ [m[8D[J                     : Total CPU cycles used: 4034275
[13:37:38.029] [1;32muart:~$ [m[8D[J ntp_thread          : STACK: unused 2480 usage 1616 / 4096 (39 %); CPU: 0 %
[13:37:38.030] [1;32muart:~$ [m[8D[J                     : Total CPU cycles used: 1422554
[13:37:38.030] [1;32muart:~$ [m[8D[J netmem_tid          : STACK: unused 624 usage 656 / 1280 (51 %); CPU: 0 %
[13:37:38.031] [1;32muart:~$ [m[8D[J                     : Total CPU cycles used: 2879335
[13:37:38.032] [1;32muart:~$ [m[8D[J llss_thread         : STACK: unused 11584 usage 4800 / 16384 (29 %); CPU: 0 %
[13:37:38.032] [1;32muart:~$ [m[8D[J                     : Total CPU cycles used: 5043050188
[13:37:38.033] [1;32muart:~$ [m[8D[J input               : STACK: unused 560 usage 464 / 1024 (45 %); CPU: 0 %
[13:37:38.034] [1;32muart:~$ [m[8D[J                     : Total CPU cycles used: 72962
[13:37:38.034] [1;32muart:~$ [m[8D[J display_thread      : STACK: unused 8640 usage 3648 / 12288 (29 %); CPU: 0 %
[13:37:38.035] [1;32muart:~$ [m[8D[J                     : Total CPU cycles used: 400393757
[13:37:38.036] [1;32muart:~$ [m[8D[J device_ui_thread    : STACK: unused 4496 usage 3696 / 8192 (45 %); CPU: 0 %
[13:37:38.037] [1;32muart:~$ [m[8D[J                     : Total CPU cycles used: 5195939224
[13:37:38.037] [1;32muart:~$ [m[8D[J conn_mgr_monitor    : STACK: unused 176 usage 336 / 512 (65 %); CPU: 0 %
[13:37:38.038] [1;32muart:~$ [m[8D[J                     : Total CPU cycles used: 86568
[13:37:38.039] [1;32muart:~$ [m[8D[J net_socket_service  : STACK: unused 3344 usage 752 / 4096 (18 %); CPU: 0 %
[13:37:38.040] [1;32muart:~$ [m[8D[J                     : Total CPU cycles used: 2669042
[13:37:38.040] [1;32muart:~$ [m[8D[J rx_q[0]             : STACK: unused 528 usage 1520 / 2048 (74 %); CPU: 0 %
[13:37:38.041] [1;32muart:~$ [m[8D[J                     : Total CPU cycles used: 1264609699
[13:37:38.042] [1;32muart:~$ [m[8D[J net_mgmt            : STACK: unused 3424 usage 672 / 4096 (16 %); CPU: 0 %
[13:37:38.043] [1;32muart:~$ [m[8D[J                     : Total CPU cycles used: 1914069
[13:37:38.043] [1;32muart:~$ [m[8D[J tcp_work            : STACK: unused 1680 usage 368 / 2048 (17 %); CPU: 0 %
[13:37:38.044] [1;32muart:~$ [m[8D[J                     : Total CPU cycles used: 8802282
[13:37:38.045] [1;32muart:~$ [m[8D[J shell_uart          : STACK: unused 2624 usage 1472 / 4096 (35 %); CPU: 0 %
[13:37:38.045] [1;32muart:~$ [m[8D[J                     : Total CPU cycles used: 89145057
[13:37:38.046] [1;32muart:~$ [m[8D[J wifi                : STACK: unused 1456 usage 2128 / 3584 (59 %); CPU: 0 %
[13:37:38.047] [1;32muart:~$ [m[8D[J                     : Total CPU cycles used: 7398623474
[13:37:38.047] [1;32muart:~$ [m[8D[J sysworkq            : STACK: unused 3248 usage 848 / 4096 (20 %); CPU: 0 %
[13:37:38.048] [1;32muart:~$ [m[8D[J                     : Total CPU cycles used: 86465528
[13:37:38.049] [1;32muart:~$ [m[8D[J esp_timer           : STACK: unused 3472 usage 624 / 4096 (15 %); CPU: 0 %
[13:37:38.050] [1;32muart:~$ [m[8D[J                     : Total CPU cycles used: 325620986
[13:37:38.050] [1;32muart:~$ [m[8D[J logging             : STACK: unused 544 usage 480 / 1024 (46 %); CPU: 0 %
[13:37:38.051] [1;32muart:~$ [m[8D[J                     : Total CPU cycles used: 14855548
[13:37:38.052] [1;32muart:~$ [m[8D[J idle                : STACK: unused 816 usage 208 / 1024 (20 %); CPU: 97 %
[13:37:38.052] [1;32muart:~$ [m[8D[J                     : Total CPU cycles used: 843627950303
[13:37:38.053] [1;32muart:~$ [m[8D[J ISR0                : STACK: unused 1520 usage 528 / 2048 (25 %); CPU: 0 %
[13:37:38.054] [1;32muart:~$ [m[8D[J                     : Total CPU cycles used: 0
[13:37:38.055] [1;32muart:~$ [m[8D[J[1;32muart:~$ [m[8D[J[1;32muart:~$ [m[8D[JNETMEM up=3600s pktRX=38/40 pktTX=15/16 bufRX=158/160/m102 bufTX=79/80/m6 sysheap_free=11208 alloc=21380 max=24056
[13:37:39.162] [1;32muart:~$ [m[8D[J[01:00:00.376,000] [0m<inf> shtc3: SHTC3: temperature=24.00 C humidity=36.18 %[0m
[13:37:39.162] [1;32muart:~$ [m[8D[J[1;32muart:~$ [m[8D[J[01:00:09.699,000] [0m<inf> wifi_prov: WiFi STA connected: tutu[0m
[13:37:48.486] [1;32muart:~$ [m[8D[J[1;32muart:~$ [m[8D[J[01:00:22.646,000] [1;33m<wrn> ntp_sync: NTP DNS resolve 'pool.ntp.org' failed: -118[0m
[13:38:01.433] [1;32muart:~$ [m[8D[J[1;32muart:~$ [m[8D[J[01:00:27.669,000] [0m<inf> ntp_sync: NTP synced: 2026-06-18 16:38:05 UTC[0m
[13:38:06.457] [1;32muart:~$ [m[8D[J[1;32muart:~$ [m[8D[JNETMEM up=3630s pktRX=38/40 pktTX=15/16 bufRX=158/160/m102 bufTX=79/80/m6 sysheap_free=11208 alloc=21380 max=24056
[13:38:09.162] [1;32muart:~$ [m[8D[J[1;32muart:~$ [m[8D[JNETMEM up=3660s pktRX=38/40 pktTX=15/16 bufRX=158/160/m102 bufTX=79/80/m6 sysheap_free=11208 alloc=21380 max=24056
[13:38:39.162] [1;32muart:~$ [m[8D[J[01:01:00.379,000] [0m<inf> shtc3: SHTC3: temperature=23.99 C humidity=35.92 %[0m
[13:38:39.163] [1;32muart:~$ [m[8D[J[1;32muart:~$ [m[8D[JNETMEM up=3690s pktRX=38/40 pktTX=15/16 bufRX=158/160/m102 bufTX=79/80/m6 sysheap_free=11208 alloc=21380 max=24056
[13:39:09.162] [1;32muart:~$ [m[8D[J[1;32muart:~$ [m[8D[JNETMEM up=3720s pktRX=38/40 pktTX=15/16 bufRX=158/160/m102 bufTX=79/80/m6 sysheap_free=11208 alloc=21380 max=24056
[13:39:39.163] [1;32muart:~$ [m[8D[J[01:02:00.382,000] [0m<inf> shtc3: SHTC3: temperature=24.10 C humidity=36.35 %[0m
[13:39:39.164] [1;32muart:~$ [m[8D[J[1;32muart:~$ [m[8D[JNETMEM up=3750s pktRX=38/40 pktTX=15/16 bufRX=158/160/m102 bufTX=79/80/m6 sysheap_free=11208 alloc=21380 max=24056
[13:40:09.164] [1;32muart:~$ [m[8D[J[1;32muart:~$ [m[8D[JNETMEM up=3780s pktRX=38/40 pktTX=15/16 bufRX=158/160/m102 bufTX=79/80/m6 sysheap_free=11208 alloc=21380 max=24056
[13:40:39.164] [1;32muart:~$ [m[8D[J[01:03:00.385,000] [0m<inf> shtc3: SHTC3: temperature=24.23 C humidity=36.59 %[0m
[13:40:39.165] [1;32muart:~$ [m[8D[J[1;32muart:~$ [m[8D[JNETMEM up=3810s pktRX=38/40 pktTX=15/16 bufRX=158/160/m102 bufTX=79/80/m6 sysheap_free=11208 alloc=21380 max=24056
[13:41:09.165] [1;32muart:~$ [m[8D[J[1;32muart:~$ [m[8D[JNETMEM up=3840s pktRX=38/40 pktTX=15/16 bufRX=158/160/m102 bufTX=79/80/m6 sysheap_free=11208 alloc=21380 max=24056
[13:41:39.164] [1;32muart:~$ [m[8D[J[01:04:00.388,000] [0m<inf> shtc3: SHTC3: temperature=24.10 C humidity=37.02 %[0m
[13:41:39.165] [1;32muart:~$ [m[8D[J[1;32muart:~$ [m[8D[JNETMEM up=3870s pktRX=38/40 pktTX=15/16 bufRX=158/160/m102 bufTX=79/80/m6 sysheap_free=11208 alloc=21380 max=24056
[13:42:09.165] [1;32muart:~$ [m[8D[J[1;32muart:~$ [m[8D[JThread analyze:
[13:42:38.027] [1;32muart:~$ [m[8D[J wdt_sentinel_tid    : STACK: unused 432 usage 336 / 768 (43 %); CPU: 0 %
[13:42:38.027] [1;32muart:~$ [m[8D[J                     : Total CPU cycles used: 29446476
[13:42:38.028] [1;32muart:~$ [m[8D[J thread_analyzer     : STACK: unused 112 usage 912 / 1024 (89 %); CPU: 0 %
[13:42:38.029] [1;32muart:~$ [m[8D[J                     : Total CPU cycles used: 8732384
[13:42:38.029] [1;32muart:~$ [m[8D[J sys_wdt_tid         : STACK: unused 704 usage 320 / 1024 (31 %); CPU: 0 %
[13:42:38.030] [1;32muart:~$ [m[8D[J                     : Total CPU cycles used: 4904543
[13:42:38.031] [1;32muart:~$ [m[8D[J shtc3_thread        : STACK: unused 1360 usage 688 / 2048 (33 %); CPU: 0 %
[13:42:38.032] [1;32muart:~$ [m[8D[J                     : Total CPU cycles used: 4338778
[13:42:38.032] [1;32muart:~$ [m[8D[J ntp_thread          : STACK: unused 2480 usage 1616 / 4096 (39 %); CPU: 0 %
[13:42:38.033] [1;32muart:~$ [m[8D[J                     : Total CPU cycles used: 3513507
[13:42:38.034] [1;32muart:~$ [m[8D[J netmem_tid          : STACK: unused 624 usage 656 / 1280 (51 %); CPU: 0 %
[13:42:38.035] [1;32muart:~$ [m[8D[J                     : Total CPU cycles used: 3136078
[13:42:38.035] [1;32muart:~$ [m[8D[J llss_thread         : STACK: unused 11584 usage 4800 / 16384 (29 %); CPU: 0 %
[13:42:38.036] [1;32muart:~$ [m[8D[J                     : Total CPU cycles used: 5117258347
[13:42:38.037] [1;32muart:~$ [m[8D[J input               : STACK: unused 560 usage 464 / 1024 (45 %); CPU: 0 %
[13:42:38.037] [1;32muart:~$ [m[8D[J                     : Total CPU cycles used: 72962
[13:42:38.038] [1;32muart:~$ [m[8D[J display_thread      : STACK: unused 8640 usage 3648 / 12288 (29 %); CPU: 0 %
[13:42:38.039] [1;32muart:~$ [m[8D[J                     : Total CPU cycles used: 400393757
[13:42:38.039] [1;32muart:~$ [m[8D[J device_ui_thread    : STACK: unused 4496 usage 3696 / 8192 (45 %); CPU: 0 %
[13:42:38.040] [1;32muart:~$ [m[8D[J                     : Total CPU cycles used: 5745149398
[13:42:38.041] [1;32muart:~$ [m[8D[J conn_mgr_monitor    : STACK: unused 176 usage 336 / 512 (65 %); CPU: 0 %
[13:42:38.042] [1;32muart:~$ [m[8D[J                     : Total CPU cycles used: 86568
[13:42:38.042] [1;32muart:~$ [m[8D[J net_socket_service  : STACK: unused 3344 usage 752 / 4096 (18 %); CPU: 0 %
[13:42:38.043] [1;32muart:~$ [m[8D[J                     : Total CPU cycles used: 3215068
[13:42:38.044] [1;32muart:~$ [m[8D[J rx_q[0]             : STACK: unused 528 usage 1520 / 2048 (74 %); CPU: 0 %
[13:42:38.045] [1;32muart:~$ [m[8D[J                     : Total CPU cycles used: 1323851414
[13:42:38.045] [1;32muart:~$ [m[8D[J net_mgmt            : STACK: unused 3424 usage 672 / 4096 (16 %); CPU: 0 %
[13:42:38.046] [1;32muart:~$ [m[8D[J                     : Total CPU cycles used: 2089770
[13:42:38.047] [1;32muart:~$ [m[8D[J tcp_work            : STACK: unused 1680 usage 368 / 2048 (17 %); CPU: 0 %
[13:42:38.048] [1;32muart:~$ [m[8D[J                     : Total CPU cycles used: 8802282
[13:42:38.049] [1;32muart:~$ [m[8D[J shell_uart          : STACK: unused 2624 usage 1472 / 4096 (35 %); CPU: 0 %
[13:42:38.050] [1;32muart:~$ [m[8D[J                     : Total CPU cycles used: 93293593
[13:42:38.053] [1;32muart:~$ [m[8D[J wifi                : STACK: unused 1456 usage 2128 / 3584 (59 %); CPU: 0 %
[13:42:38.054] [1;32muart:~$ [m[8D[J                     : Total CPU cycles used: 7924175362
[13:42:38.054] [1;32muart:~$ [m[8D[J sysworkq            : STACK: unused 3248 usage 848 / 4096 (20 %); CPU: 0 %
[13:42:38.055] [1;32muart:~$ [m[8D[J                     : Total CPU cycles used: 93539085
[13:42:38.056] [1;32muart:~$ [m[8D[J esp_timer           : STACK: unused 3472 usage 624 / 4096 (15 %); CPU: 0 %
[13:42:38.057] [1;32muart:~$ [m[8D[J                     : Total CPU cycles used: 353083414
[13:42:38.058] [1;32muart:~$ [m[8D[J logging             : STACK: unused 544 usage 480 / 1024 (46 %); CPU: 0 %
[13:42:38.059] [1;32muart:~$ [m[8D[J                     : Total CPU cycles used: 15450605
[13:42:38.060] [1;32muart:~$ [m[8D[J idle                : STACK: unused 816 usage 208 / 1024 (20 %); CPU: 97 %
[13:42:38.060] [1;32muart:~$ [m[8D[J                     : Total CPU cycles used: 914358477369
[13:42:38.061] [1;32muart:~$ [m[8D[J ISR0                : STACK: unused 1520 usage 528 / 2048 (25 %); CPU: 0 %
[13:42:38.062] [1;32muart:~$ [m[8D[J                     : Total CPU cycles used: 0
[13:42:38.062] [1;32muart:~$ [m[8D[J[1;32muart:~$ [m[8D[J[1;32muart:~$ [m[8D[JNETMEM up=3900s pktRX=38/40 pktTX=15/16 bufRX=158/160/m102 bufTX=79/80/m6 sysheap_free=11208 alloc=21380 max=24056
[13:42:39.165] [1;32muart:~$ [m[8D[J[01:05:00.390,000] [0m<inf> shtc3: SHTC3: temperature=23.98 C humidity=37.13 %[0m
[13:42:39.166] [1;32muart:~$ [m[8D[J[1;32muart:~$ [m[8D[JNETMEM up=3930s pktRX=38/40 pktTX=15/16 bufRX=158/160/m102 bufTX=79/80/m6 sysheap_free=11208 alloc=21380 max=24056
[13:43:09.166] [1;32muart:~$ [m[8D[J[1;32muart:~$ [m[8D[JNETMEM up=3960s pktRX=38/40 pktTX=15/16 bufRX=158/160/m102 bufTX=79/80/m6 sysheap_free=11208 alloc=21380 max=24056
[13:43:39.166] [1;32muart:~$ [m[8D[J[01:06:00.393,000] [0m<inf> shtc3: SHTC3: temperature=23.98 C humidity=37.35 %[0m
[13:43:39.167] [1;32muart:~$ [m[8D[J[1;32muart:~$ [m[8D[JNETMEM up=3990s pktRX=38/40 pktTX=15/16 bufRX=158/160/m102 bufTX=79/80/m6 sysheap_free=11172 alloc=21416 max=24056
[13:44:09.172] [1;32muart:~$ [m[8D[J[1;32muart:~$ [m[8D[JNETMEM up=4020s pktRX=38/40 pktTX=15/16 bufRX=158/160/m102 bufTX=79/80/m6 sysheap_free=11208 alloc=21380 max=24056
[13:44:39.173] [1;32muart:~$ [m[8D[J[01:07:00.396,000] [0m<inf> shtc3: SHTC3: temperature=23.88 C humidity=37.08 %[0m
[13:44:39.173] [1;32muart:~$ [m[8D[J[1;32muart:~$ [m[8D[JNETMEM up=4050s pktRX=38/40 pktTX=15/16 bufRX=158/160/m102 bufTX=79/80/m6 sysheap_free=11172 alloc=21416 max=24056
[13:45:09.173] [1;32muart:~$ [m[8D[J[1;32muart:~$ [m[8D[JNETMEM up=4080s pktRX=38/40 pktTX=15/16 bufRX=158/160/m102 bufTX=79/80/m6 sysheap_free=11208 alloc=21380 max=24056
[13:45:39.174] [1;32muart:~$ [m[8D[J[01:08:00.399,000] [0m<inf> shtc3: SHTC3: temperature=23.98 C humidity=37.09 %[0m
[13:45:39.175] [1;32muart:~$ [m[8D[J[1;32muart:~$ [m[8D[JNETMEM up=4110s pktRX=38/40 pktTX=15/16 bufRX=158/160/m102 bufTX=79/80/m6 sysheap_free=11172 alloc=21416 max=24056
[13:46:09.174] [1;32muart:~$ [m[8D[J[1;32muart:~$ [m[8D[JNETMEM up=4140s pktRX=38/40 pktTX=15/16 bufRX=158/160/m102 bufTX=79/80/m6 sysheap_free=11208 alloc=21380 max=24056
[13:46:39.174] [1;32muart:~$ [m[8D[J[01:09:00.402,000] [0m<inf> shtc3: SHTC3: temperature=23.93 C humidity=36.78 %[0m
[13:46:39.175] [1;32muart:~$ [m[8D[J[1;32muart:~$ [m[8D[JNETMEM up=4170s pktRX=38/40 pktTX=15/16 bufRX=158/160/m102 bufTX=79/80/m6 sysheap_free=11208 alloc=21380 max=24056
[13:47:09.175] [1;32muart:~$ [m[8D[J[1;32muart:~$ [m[8D[JThread analyze:
[13:47:38.031] [1;32muart:~$ [m[8D[J wdt_sentinel_tid    : STACK: unused 432 usage 336 / 768 (43 %); CPU: 0 %
[13:47:38.032] [1;32muart:~$ [m[8D[J                     : Total CPU cycles used: 31746985
[13:47:38.033] [1;32muart:~$ [m[8D[J thread_analyzer     : STACK: unused 112 usage 912 / 1024 (89 %); CPU: 0 %
[13:47:38.033] [1;32muart:~$ [m[8D[J                     : Total CPU cycles used: 9379596
[13:47:38.034] [1;32muart:~$ [m[8D[J sys_wdt_tid         : STACK: unused 704 usage 320 / 1024 (31 %); CPU: 0 %
[13:47:38.035] [1;32muart:~$ [m[8D[J                     : Total CPU cycles used: 5242183
[13:47:38.035] [1;32muart:~$ [m[8D[J shtc3_thread        : STACK: unused 1360 usage 688 / 2048 (33 %); CPU: 0 %
[13:47:38.036] [1;32muart:~$ [m[8D[J                     : Total CPU cycles used: 4647310
[13:47:38.037] [1;32muart:~$ [m[8D[J ntp_thread          : STACK: unused 2480 usage 1616 / 4096 (39 %); CPU: 0 %
[13:47:38.038] [1;32muart:~$ [m[8D[J                     : Total CPU cycles used: 3513507
[13:47:38.038] [1;32muart:~$ [m[8D[J netmem_tid          : STACK: unused 624 usage 656 / 1280 (51 %); CPU: 0 %
[13:47:38.039] [1;32muart:~$ [m[8D[J                     : Total CPU cycles used: 3400964
[13:47:38.040] [1;32muart:~$ [m[8D[J llss_thread         : STACK: unused 11584 usage 4800 / 16384 (29 %); CPU: 0 %
[13:47:38.040] [1;32muart:~$ [m[8D[J                     : Total CPU cycles used: 5194374017
[13:47:38.041] [1;32muart:~$ [m[8D[J input               : STACK: unused 560 usage 464 / 1024 (45 %); CPU: 0 %
[13:47:38.042] [1;32muart:~$ [m[8D[J                     : Total CPU cycles used: 72962
[13:47:38.043] [1;32muart:~$ [m[8D[J display_thread      : STACK: unused 8640 usage 3648 / 12288 (29 %); CPU: 0 %
[13:47:38.043] [1;32muart:~$ [m[8D[J                     : Total CPU cycles used: 400393757
[13:47:38.044] [1;32muart:~$ [m[8D[J device_ui_thread    : STACK: unused 4496 usage 3696 / 8192 (45 %); CPU: 0 %
[13:47:38.045] [1;32muart:~$ [m[8D[J                     : Total CPU cycles used: 6293965817
[13:47:38.045] [1;32muart:~$ [m[8D[J conn_mgr_monitor    : STACK: unused 176 usage 336 / 512 (65 %); CPU: 0 %
[13:47:38.046] [1;32muart:~$ [m[8D[J                     : Total CPU cycles used: 86568
[13:47:38.047] [1;32muart:~$ [m[8D[J net_socket_service  : STACK: unused 3344 usage 752 / 4096 (18 %); CPU: 0 %
[13:47:38.048] [1;32muart:~$ [m[8D[J                     : Total CPU cycles used: 3273706
[13:47:38.048] [1;32muart:~$ [m[8D[J rx_q[0]             : STACK: unused 528 usage 1520 / 2048 (74 %); CPU: 0 %
[13:47:38.049] [1;32muart:~$ [m[8D[J                     : Total CPU cycles used: 1381236802
[13:47:38.050] [1;32muart:~$ [m[8D[J net_mgmt            : STACK: unused 3424 usage 672 / 4096 (16 %); CPU: 0 %
[13:47:38.050] [1;32muart:~$ [m[8D[J                     : Total CPU cycles used: 2233482
[13:47:38.051] [1;32muart:~$ [m[8D[J tcp_work            : STACK: unused 1680 usage 368 / 2048 (17 %); CPU: 0 %
[13:47:38.052] [1;32muart:~$ [m[8D[J                     : Total CPU cycles used: 8802282
[13:47:38.053] [1;32muart:~$ [m[8D[J shell_uart          : STACK: unused 2624 usage 1472 / 4096 (35 %); CPU: 0 %
[13:47:38.053] [1;32muart:~$ [m[8D[J                     : Total CPU cycles used: 97096171
[13:47:38.054] [1;32muart:~$ [m[8D[J wifi                : STACK: unused 1456 usage 2128 / 3584 (59 %); CPU: 0 %
[13:47:38.055] [1;32muart:~$ [m[8D[J                     : Total CPU cycles used: 8443319159
[13:47:38.056] [1;32muart:~$ [m[8D[J sysworkq            : STACK: unused 3248 usage 848 / 4096 (20 %); CPU: 0 %
[13:47:38.056] [1;32muart:~$ [m[8D[J                     : Total CPU cycles used: 100492709
[13:47:38.057] [1;32muart:~$ [m[8D[J esp_timer           : STACK: unused 3472 usage 624 / 4096 (15 %); CPU: 0 %
[13:47:38.058] [1;32muart:~$ [m[8D[J                     : Total CPU cycles used: 380234029
[13:47:38.058] [1;32muart:~$ [m[8D[J logging             : STACK: unused 544 usage 480 / 1024 (46 %); CPU: 0 %
[13:47:38.059] [1;32muart:~$ [m[8D[J                     : Total CPU cycles used: 15975949
[13:47:38.060] [1;32muart:~$ [m[8D[J idle                : STACK: unused 816 usage 208 / 1024 (20 %); CPU: 97 %
[13:47:38.061] [1;32muart:~$ [m[8D[J                     : Total CPU cycles used: 985098444615
[13:47:38.061] [1;32muart:~$ [m[8D[J ISR0                : STACK: unused 1520 usage 528 / 2048 (25 %); CPU: 0 %
[13:47:38.062] [1;32muart:~$ [m[8D[J                     : Total CPU cycles used: 0
[13:47:38.063] [1;32muart:~$ [m[8D[J[1;32muart:~$ [m[8D[J[1;32muart:~$ [m[8D[JNETMEM up=4200s pktRX=38/40 pktTX=15/16 bufRX=158/160/m102 bufTX=79/80/m6 sysheap_free=11208 alloc=21380 max=24056
[13:47:39.175] [1;32muart:~$ [m[8D[J[01:10:00.404,000] [0m<inf> shtc3: SHTC3: temperature=23.74 C humidity=36.98 %[0m
[13:47:39.176] [1;32muart:~$ [m[8D[J[1;32muart:~$ [m[8D[JNETMEM up=4230s pktRX=38/40 pktTX=15/16 bufRX=158/160/m102 bufTX=79/80/m6 sysheap_free=11208 alloc=21380 max=24056
[13:48:09.176] [1;32muart:~$ [m[8D[J[1;32muart:~$ [m[8D[JNETMEM up=4260s pktRX=38/40 pktTX=15/16 bufRX=158/160/m102 bufTX=79/80/m6 sysheap_free=11208 alloc=21380 max=24056
[13:48:39.176] [1;32muart:~$ [m[8D[J[01:11:00.407,000] [0m<inf> shtc3: SHTC3: temperature=23.89 C humidity=37.44 %[0m
[13:48:39.177] [1;32muart:~$ [m[8D[J[1;32muart:~$ [m[8D[JNETMEM up=4290s pktRX=38/40 pktTX=15/16 bufRX=158/160/m102 bufTX=79/80/m6 sysheap_free=11208 alloc=21380 max=24056
[13:49:09.176] [1;32muart:~$ [m[8D[J[1;32muart:~$ [m[8D[JNETMEM up=4320s pktRX=38/40 pktTX=15/16 bufRX=158/160/m102 bufTX=79/80/m6 sysheap_free=11208 alloc=21380 max=24056
[13:49:39.177] [1;32muart:~$ [m[8D[J[01:12:00.410,000] [0m<inf> shtc3: SHTC3: temperature=23.98 C humidity=37.54 %[0m
[13:49:39.177] [1;32muart:~$ [m[8D[J[1;32muart:~$ [m[8D[JNETMEM up=4350s pktRX=38/40 pktTX=15/16 bufRX=158/160/m102 bufTX=79/80/m6 sysheap_free=11208 alloc=21380 max=24056
[13:50:09.177] [1;32muart:~$ [m[8D[J[1;32muart:~$ [m[8D[JNETMEM up=4380s pktRX=38/40 pktTX=15/16 bufRX=158/160/m102 bufTX=79/80/m6 sysheap_free=11208 alloc=21380 max=24056
[13:50:39.177] [1;32muart:~$ [m[8D[J[01:13:00.413,000] [0m<inf> shtc3: SHTC3: temperature=23.61 C humidity=37.68 %[0m
[13:50:39.178] [1;32muart:~$ [m[8D[J[1;32muart:~$ [m[8D[JNETMEM up=4410s pktRX=38/40 pktTX=15/16 bufRX=158/160/m102 bufTX=79/80/m6 sysheap_free=11208 alloc=21380 max=24056
[13:51:09.178] [1;32muart:~$ [m[8D[J[1;32muart:~$ [m[8D[JNETMEM up=4440s pktRX=38/40 pktTX=15/16 bufRX=158/160/m102 bufTX=79/80/m6 sysheap_free=11208 alloc=21380 max=24056
[13:51:39.178] [1;32muart:~$ [m[8D[J[01:14:00.416,000] [0m<inf> shtc3: SHTC3: temperature=24.00 C humidity=38.29 %[0m
[13:51:39.179] [1;32muart:~$ [m[8D[J[1;32muart:~$ [m[8D[JNETMEM up=4470s pktRX=38/40 pktTX=15/16 bufRX=158/160/m102 bufTX=79/80/m6 sysheap_free=11208 alloc=21380 max=24056
[13:52:09.179] [1;32muart:~$ [m[8D[J[1;32muart:~$ [m[8D[JThread analyze:
[13:52:38.036] [1;32muart:~$ [m[8D[J wdt_sentinel_tid    : STACK: unused 432 usage 336 / 768 (43 %); CPU: 0 %
[13:52:38.037] [1;32muart:~$ [m[8D[J                     : Total CPU cycles used: 34054096
[13:52:38.037] [1;32muart:~$ [m[8D[J thread_analyzer     : STACK: unused 112 usage 912 / 1024 (89 %); CPU: 0 %
[13:52:38.038] [1;32muart:~$ [m[8D[J                     : Total CPU cycles used: 10027099
[13:52:38.039] [1;32muart:~$ [m[8D[J sys_wdt_tid         : STACK: unused 704 usage 320 / 1024 (31 %); CPU: 0 %
[13:52:38.039] [1;32muart:~$ [m[8D[J                     : Total CPU cycles used: 5560176
[13:52:38.041] [1;32muart:~$ [m[8D[J shtc3_thread        : STACK: unused 1360 usage 688 / 2048 (33 %); CPU: 0 %
[13:52:38.042] [1;32muart:~$ [m[8D[J                     : Total CPU cycles used: 4948572
[13:52:38.042] [1;32muart:~$ [m[8D[J ntp_thread          : STACK: unused 2480 usage 1616 / 4096 (39 %); CPU: 0 %
[13:52:38.043] [1;32muart:~$ [m[8D[J                     : Total CPU cycles used: 3513507
[13:52:38.043] [1;32muart:~$ [m[8D[J netmem_tid          : STACK: unused 624 usage 656 / 1280 (51 %); CPU: 0 %
[13:52:38.044] [1;32muart:~$ [m[8D[J                     : Total CPU cycles used: 3673107
[13:52:38.044] [1;32muart:~$ [m[8D[J llss_thread         : STACK: unused 11584 usage 4800 / 16384 (29 %); CPU: 0 %
[13:52:38.045] [1;32muart:~$ [m[8D[J                     : Total CPU cycles used: 5271112412
[13:52:38.046] [1;32muart:~$ [m[8D[J input               : STACK: unused 560 usage 464 / 1024 (45 %); CPU: 0 %
[13:52:38.047] [1;32muart:~$ [m[8D[J                     : Total CPU cycles used: 72962
[13:52:38.047] [1;32muart:~$ [m[8D[J display_thread      : STACK: unused 8640 usage 3648 / 12288 (29 %); CPU: 0 %
[13:52:38.048] [1;32muart:~$ [m[8D[J                     : Total CPU cycles used: 400393757
[13:52:38.049] [1;32muart:~$ [m[8D[J device_ui_thread    : STACK: unused 4496 usage 3696 / 8192 (45 %); CPU: 0 %
[13:52:38.049] [1;32muart:~$ [m[8D[J                     : Total CPU cycles used: 6841955883
[13:52:38.050] [1;32muart:~$ [m[8D[J conn_mgr_monitor    : STACK: unused 176 usage 336 / 512 (65 %); CPU: 0 %
[13:52:38.051] [1;32muart:~$ [m[8D[J                     : Total CPU cycles used: 86568
[13:52:38.052] [1;32muart:~$ [m[8D[J net_socket_service  : STACK: unused 3344 usage 752 / 4096 (18 %); CPU: 0 %
[13:52:38.052] [1;32muart:~$ [m[8D[J                     : Total CPU cycles used: 3273706
[13:52:38.053] [1;32muart:~$ [m[8D[J rx_q[0]             : STACK: unused 528 usage 1520 / 2048 (74 %); CPU: 0 %
[13:52:38.054] [1;32muart:~$ [m[8D[J                     : Total CPU cycles used: 1437996694
[13:52:38.054] [1;32muart:~$ [m[8D[J net_mgmt            : STACK: unused 3424 usage 672 / 4096 (16 %); CPU: 0 %
[13:52:38.055] [1;32muart:~$ [m[8D[J                     : Total CPU cycles used: 2369411
[13:52:38.056] [1;32muart:~$ [m[8D[J tcp_work            : STACK: unused 1680 usage 368 / 2048 (17 %); CPU: 0 %
[13:52:38.057] [1;32muart:~$ [m[8D[J                     : Total CPU cycles used: 8802282
[13:52:38.059] [1;32muart:~$ [m[8D[J shell_uart          : STACK: unused 2624 usage 1472 / 4096 (35 %); CPU: 0 %
[13:52:38.059] [1;32muart:~$ [m[8D[J                     : Total CPU cycles used: 100707327
[13:52:38.059] [1;32muart:~$ [m[8D[J wifi                : STACK: unused 1456 usage 2128 / 3584 (59 %); CPU: 0 %
[13:52:38.060] [1;32muart:~$ [m[8D[J                     : Total CPU cycles used: 8958649830
[13:52:38.060] [1;32muart:~$ [m[8D[J sysworkq            : STACK: unused 3248 usage 848 / 4096 (20 %); CPU: 0 %
[13:52:38.061] [1;32muart:~$ [m[8D[J                     : Total CPU cycles used: 107353432
[13:52:38.061] [1;32muart:~$ [m[8D[J esp_timer           : STACK: unused 3472 usage 624 / 4096 (15 %); CPU: 0 %
[13:52:38.062] [1;32muart:~$ [m[8D[J                     : Total CPU cycles used: 406851974
[13:52:38.063] [1;32muart:~$ [m[8D[J logging             : STACK: unused 544 usage 480 / 1024 (46 %); CPU: 0 %
[13:52:38.064] [1;32muart:~$ [m[8D[J                     : Total CPU cycles used: 16473367
[13:52:38.064] [1;32muart:~$ [m[8D[J idle                : STACK: unused 816 usage 208 / 1024 (20 %); CPU: 97 %
[13:52:38.065] [1;32muart:~$ [m[8D[J                     : Total CPU cycles used: 1055845057878
[13:52:38.066] [1;32muart:~$ [m[8D[J ISR0                : STACK: unused 1520 usage 528 / 2048 (25 %); CPU: 0 %
[13:52:38.067] [1;32muart:~$ [m[8D[J                     : Total CPU cycles used: 0
[13:52:38.067] [1;32muart:~$ [m[8D[J[1;32muart:~$ [m[8D[J[1;32muart:~$ [m[8D[JNETMEM up=4500s pktRX=38/40 pktTX=15/16 bufRX=158/160/m102 bufTX=79/80/m6 sysheap_free=11208 alloc=21380 max=24056
[13:52:39.179] [1;32muart:~$ [m[8D[J[01:15:00.418,000] [0m<inf> shtc3: SHTC3: temperature=23.92 C humidity=38.34 %[0m
[13:52:39.180] [1;32muart:~$ [m[8D[J[1;32muart:~$ [m[8D[JNETMEM up=4530s pktRX=38/40 pktTX=15/16 bufRX=158/160/m102 bufTX=79/80/m6 sysheap_free=11172 alloc=21416 max=24056
[13:53:09.179] [1;32muart:~$ [m[8D[J[1;32muart:~$ [m[8D[JNETMEM up=4560s pktRX=38/40 pktTX=15/16 bufRX=158/160/m102 bufTX=79/80/m6 sysheap_free=11208 alloc=21380 max=24056
[13:53:39.180] [1;32muart:~$ [m[8D[J[01:16:00.421,000] [0m<inf> shtc3: SHTC3: temperature=23.74 C humidity=38.28 %[0m
[13:53:39.180] [1;32muart:~$ [m[8D[J[1;32muart:~$ [m[8D[JNETMEM up=4590s pktRX=38/40 pktTX=15/16 bufRX=158/160/m102 bufTX=79/80/m6 sysheap_free=11208 alloc=21380 max=24056
[13:54:09.180] [1;32muart:~$ [m[8D[J[1;32muart:~$ [m[8D[JNETMEM up=4620s pktRX=38/40 pktTX=15/16 bufRX=158/160/m102 bufTX=79/80/m6 sysheap_free=11208 alloc=21380 max=24056
[13:54:39.181] [1;32muart:~$ [m[8D[J[01:17:00.424,000] [0m<inf> shtc3: SHTC3: temperature=23.97 C humidity=38.34 %[0m
[13:54:39.182] [1;32muart:~$ [m[8D[J[1;32muart:~$ [m[8D[JNETMEM up=4650s pktRX=38/40 pktTX=15/16 bufRX=158/160/m102 bufTX=79/80/m6 sysheap_free=11208 alloc=21380 max=24056
[13:55:09.181] [1;32muart:~$ [m[8D[J[1;32muart:~$ [m[8D[JNETMEM up=4680s pktRX=38/40 pktTX=15/16 bufRX=158/160/m102 bufTX=79/80/m6 sysheap_free=11208 alloc=21380 max=24056
[13:55:39.182] [1;32muart:~$ [m[8D[J[01:18:00.427,000] [0m<inf> shtc3: SHTC3: temperature=23.86 C humidity=37.84 %[0m
[13:55:39.182] [1;32muart:~$ [m[8D[J[1;32muart:~$ [m[8D[JNETMEM up=4710s pktRX=38/40 pktTX=15/16 bufRX=158/160/m102 bufTX=79/80/m6 sysheap_free=11208 alloc=21380 max=24056
[13:56:09.182] [1;32muart:~$ [m[8D[J[1;32muart:~$ [m[8D[JNETMEM up=4740s pktRX=38/40 pktTX=15/16 bufRX=158/160/m102 bufTX=79/80/m6 sysheap_free=11208 alloc=21380 max=24056
[13:56:39.182] [1;32muart:~$ [m[8D[J[01:19:00.430,000] [0m<inf> shtc3: SHTC3: temperature=23.59 C humidity=38.09 %[0m
[13:56:39.183] [1;32muart:~$ [m[8D[J[1;32muart:~$ [m[8D[JNETMEM up=4770s pktRX=38/40 pktTX=15/16 bufRX=158/160/m102 bufTX=79/80/m6 sysheap_free=11208 alloc=21380 max=24056
[13:57:09.182] [1;32muart:~$ [m[8D[J[1;32muart:~$ [m[8D[JThread analyze:
[13:57:38.041] [1;32muart:~$ [m[8D[J wdt_sentinel_tid    : STACK: unused 432 usage 336 / 768 (43 %); CPU: 0 %
[13:57:38.041] [1;32muart:~$ [m[8D[J                     : Total CPU cycles used: 36353271
[13:57:38.042] [1;32muart:~$ [m[8D[J thread_analyzer     : STACK: unused 112 usage 912 / 1024 (89 %); CPU: 0 %
[13:57:38.043] [1;32muart:~$ [m[8D[J                     : Total CPU cycles used: 10675391
[13:57:38.043] [1;32muart:~$ [m[8D[J sys_wdt_tid         : STACK: unused 704 usage 320 / 1024 (31 %); CPU: 0 %
[13:57:38.044] [1;32muart:~$ [m[8D[J                     : Total CPU cycles used: 5873728
[13:57:38.045] [1;32muart:~$ [m[8D[J shtc3_thread        : STACK: unused 1360 usage 688 / 2048 (33 %); CPU: 0 %
[13:57:38.046] [1;32muart:~$ [m[8D[J                     : Total CPU cycles used: 5242295
[13:57:38.046] [1;32muart:~$ [m[8D[J ntp_thread          : STACK: unused 2480 usage 1616 / 4096 (39 %); CPU: 0 %
[13:57:38.047] [1;32muart:~$ [m[8D[J                     : Total CPU cycles used: 3513507
[13:57:38.048] [1;32muart:~$ [m[8D[J netmem_tid          : STACK: unused 624 usage 656 / 1280 (51 %); CPU: 0 %
[13:57:38.048] [1;32muart:~$ [m[8D[J                     : Total CPU cycles used: 3945082
[13:57:38.049] [1;32muart:~$ [m[8D[J llss_thread         : STACK: unused 11584 usage 4800 / 16384 (29 %); CPU: 0 %
[13:57:38.050] [1;32muart:~$ [m[8D[J                     : Total CPU cycles used: 5346608020
[13:57:38.050] [1;32muart:~$ [m[8D[J input               : STACK: unused 560 usage 464 / 1024 (45 %); CPU: 0 %
[13:57:38.051] [1;32muart:~$ [m[8D[J                     : Total CPU cycles used: 72962
[13:57:38.052] [1;32muart:~$ [m[8D[J display_thread      : STACK: unused 8640 usage 3648 / 12288 (29 %); CPU: 0 %
[13:57:38.053] [1;32muart:~$ [m[8D[J                     : Total CPU cycles used: 400393757
[13:57:38.053] [1;32muart:~$ [m[8D[J device_ui_thread    : STACK: unused 4496 usage 3696 / 8192 (45 %); CPU: 0 %
[13:57:38.054] [1;32muart:~$ [m[8D[J                     : Total CPU cycles used: 7390388434
[13:57:38.055] [1;32muart:~$ [m[8D[J conn_mgr_monitor    : STACK: unused 176 usage 336 / 512 (65 %); CPU: 0 %
[13:57:38.056] [1;32muart:~$ [m[8D[J                     : Total CPU cycles used: 86568
[13:57:38.056] [1;32muart:~$ [m[8D[J net_socket_service  : STACK: unused 3344 usage 752 / 4096 (18 %); CPU: 0 %
[13:57:38.057] [1;32muart:~$ [m[8D[J                     : Total CPU cycles used: 3273706
[13:57:38.058] [1;32muart:~$ [m[8D[J rx_q[0]             : STACK: unused 528 usage 1520 / 2048 (74 %); CPU: 0 %
[13:57:38.058] [1;32muart:~$ [m[8D[J                     : Total CPU cycles used: 1495396463
[13:57:38.059] [1;32muart:~$ [m[8D[J net_mgmt            : STACK: unused 3424 usage 672 / 4096 (16 %); CPU: 0 %
[13:57:38.060] [1;32muart:~$ [m[8D[J                     : Total CPU cycles used: 2516426
[13:57:38.060] [1;32muart:~$ [m[8D[J tcp_work            : STACK: unused 1680 usage 368 / 2048 (17 %); CPU: 0 %
[13:57:38.061] [1;32muart:~$ [m[8D[J                     : Total CPU cycles used: 8802282
[13:57:38.062] [1;32muart:~$ [m[8D[J shell_uart          : STACK: unused 2624 usage 1472 / 4096 (35 %); CPU: 0 %
[13:57:38.063] [1;32muart:~$ [m[8D[J                     : Total CPU cycles used: 104327311
[13:57:38.063] [1;32muart:~$ [m[8D[J wifi                : STACK: unused 1456 usage 2128 / 3584 (59 %); CPU: 0 %
[13:57:38.064] [1;32muart:~$ [m[8D[J                     : Total CPU cycles used: 9478186518
[13:57:38.065] [1;32muart:~$ [m[8D[J sysworkq            : STACK: unused 3248 usage 848 / 4096 (20 %); CPU: 0 %
[13:57:38.066] [1;32muart:~$ [m[8D[J                     : Total CPU cycles used: 114310842
[13:57:38.066] [1;32muart:~$ [m[8D[J esp_timer           : STACK: unused 3472 usage 624 / 4096 (15 %); CPU: 0 %
[13:57:38.067] [1;32muart:~$ [m[8D[J                     : Total CPU cycles used: 433861171
[13:57:38.068] [1;32muart:~$ [m[8D[J logging             : STACK: unused 544 usage 480 / 1024 (46 %); CPU: 0 %
[13:57:38.068] [1;32muart:~$ [m[8D[J                     : Total CPU cycles used: 16968077
[13:57:38.069] [1;32muart:~$ [m[8D[J idle                : STACK: unused 816 usage 208 / 1024 (20 %); CPU: 97 %
[13:57:38.070] [1;32muart:~$ [m[8D[J                     : Total CPU cycles used: 1126587090019
[13:57:38.070] [1;32muart:~$ [m[8D[J ISR0                : STACK: unused 1520 usage 528 / 2048 (25 %); CPU: 0 %
[13:57:38.071] [1;32muart:~$ [m[8D[J                     : Total CPU cycles used: 0
[13:57:38.072] [1;32muart:~$ [m[8D[J[1;32muart:~$ [m[8D[J[1;32muart:~$ [m[8D[JNETMEM up=4800s pktRX=38/40 pktTX=15/16 bufRX=158/160/m102 bufTX=79/80/m6 sysheap_free=11208 alloc=21380 max=24056
[13:57:39.183] [1;32muart:~$ [m[8D[J[01:20:00.432,000] [0m<inf> shtc3: SHTC3: temperature=23.74 C humidity=37.26 %[0m
[13:57:39.184] [1;32muart:~$ [m[8D[J[1;32muart:~$ [m[8D[JNETMEM up=4830s pktRX=38/40 pktTX=15/16 bufRX=158/160/m102 bufTX=79/80/m6 sysheap_free=11208 alloc=21380 max=24056
[13:58:09.183] [1;32muart:~$ [m[8D[J[1;32muart:~$ [m[8D[JNETMEM up=4860s pktRX=38/40 pktTX=15/16 bufRX=158/160/m102 bufTX=79/80/m6 sysheap_free=11208 alloc=21380 max=24056
[13:58:39.184] [1;32muart:~$ [m[8D[J[01:21:00.435,000] [0m<inf> shtc3: SHTC3: temperature=23.74 C humidity=37.37 %[0m
[13:58:39.184] [1;32muart:~$ [m[8D[J[1;32muart:~$ [m[8D[JNETMEM up=4890s pktRX=38/40 pktTX=15/16 bufRX=158/160/m102 bufTX=79/80/m6 sysheap_free=11208 alloc=21380 max=24056
[13:59:09.184] [1;32muart:~$ [m[8D[J[1;32muart:~$ [m[8D[JNETMEM up=4920s pktRX=38/40 pktTX=15/16 bufRX=158/160/m102 bufTX=79/80/m6 sysheap_free=11208 alloc=21380 max=24056
[13:59:39.185] [1;32muart:~$ [m[8D[J[01:22:00.438,000] [0m<inf> shtc3: SHTC3: temperature=23.49 C humidity=38.08 %[0m
[13:59:39.186] [1;32muart:~$ [m[8D[J[1;32muart:~$ [m[8D[JNETMEM up=4950s pktRX=38/40 pktTX=15/16 bufRX=158/160/m102 bufTX=79/80/m6 sysheap_free=11208 alloc=21380 max=24056
[14:00:09.185] [1;32muart:~$ [m[8D[J[1;32muart:~$ [m[8D[JNETMEM up=4980s pktRX=38/40 pktTX=15/16 bufRX=158/160/m102 bufTX=79/80/m6 sysheap_free=11208 alloc=21380 max=24056
[14:00:39.185] [1;32muart:~$ [m[8D[J[01:23:00.441,000] [0m<inf> shtc3: SHTC3: temperature=23.62 C humidity=38.26 %[0m
[14:00:39.186] [1;32muart:~$ [m[8D[J[1;32muart:~$ [m[8D[JNETMEM up=5010s pktRX=38/40 pktTX=15/16 bufRX=158/160/m102 bufTX=79/80/m6 sysheap_free=11208 alloc=21380 max=24056
[14:01:09.186] [1;32muart:~$ [m[8D[J[1;32muart:~$ [m[8D[JNETMEM up=5040s pktRX=38/40 pktTX=15/16 bufRX=158/160/m102 bufTX=79/80/m6 sysheap_free=11208 alloc=21380 max=24056
[14:01:39.186] [1;32muart:~$ [m[8D[J[01:24:00.444,000] [0m<inf> shtc3: SHTC3: temperature=23.60 C humidity=38.38 %[0m
[14:01:39.187] [1;32muart:~$ [m[8D[J[1;32muart:~$ [m[8D[JNETMEM up=5070s pktRX=38/40 pktTX=15/16 bufRX=158/160/m102 bufTX=79/80/m6 sysheap_free=11208 alloc=21380 max=24056
[14:02:09.186] [1;32muart:~$ [m[8D[J[1;32muart:~$ [m[8D[JThread analyze:
[14:02:38.045] [1;32muart:~$ [m[8D[J wdt_sentinel_tid    : STACK: unused 432 usage 336 / 768 (43 %); CPU: 0 %
[14:02:38.046] [1;32muart:~$ [m[8D[J                     : Total CPU cycles used: 38514752
[14:02:38.046] [1;32muart:~$ [m[8D[J thread_analyzer     : STACK: unused 112 usage 912 / 1024 (89 %); CPU: 0 %
[14:02:38.047] [1;32muart:~$ [m[8D[J                     : Total CPU cycles used: 11324960
[14:02:38.048] [1;32muart:~$ [m[8D[J sys_wdt_tid         : STACK: unused 704 usage 320 / 1024 (31 %); CPU: 0 %
[14:02:38.049] [1;32muart:~$ [m[8D[J                     : Total CPU cycles used: 6323468
[14:02:38.049] [1;32muart:~$ [m[8D[J shtc3_thread        : STACK: unused 1360 usage 688 / 2048 (33 %); CPU: 0 %
[14:02:38.050] [1;32muart:~$ [m[8D[J                     : Total CPU cycles used: 5537857
[14:02:38.051] [1;32muart:~$ [m[8D[J ntp_thread          : STACK: unused 2480 usage 1616 / 4096 (39 %); CPU: 0 %
[14:02:38.052] [1;32muart:~$ [m[8D[J                     : Total CPU cycles used: 3513507
[14:02:38.052] [1;32muart:~$ [m[8D[J netmem_tid          : STACK: unused 624 usage 656 / 1280 (51 %); CPU: 0 %
[14:02:38.053] [1;32muart:~$ [m[8D[J                     : Total CPU cycles used: 4218947
[14:02:38.054] [1;32muart:~$ [m[8D[J llss_thread         : STACK: unused 11584 usage 4800 / 16384 (29 %); CPU: 0 %
[14:02:38.054] [1;32muart:~$ [m[8D[J                     : Total CPU cycles used: 5424568828
[14:02:38.055] [1;32muart:~$ [m[8D[J input               : STACK: unused 560 usage 464 / 1024 (45 %); CPU: 0 %
[14:02:38.056] [1;32muart:~$ [m[8D[J                     : Total CPU cycles used: 72962
[14:02:38.056] [1;32muart:~$ [m[8D[J display_thread      : STACK: unused 8640 usage 3648 / 12288 (29 %); CPU: 0 %
[14:02:38.057] [1;32muart:~$ [m[8D[J                     : Total CPU cycles used: 400393757
[14:02:38.058] [1;32muart:~$ [m[8D[J device_ui_thread    : STACK: unused 4496 usage 3696 / 8192 (45 %); CPU: 0 %
[14:02:38.059] [1;32muart:~$ [m[8D[J                     : Total CPU cycles used: 7914654947
[14:02:38.059] [1;32muart:~$ [m[8D[J conn_mgr_monitor    : STACK: unused 176 usage 336 / 512 (65 %); CPU: 0 %
[14:02:38.060] [1;32muart:~$ [m[8D[J                     : Total CPU cycles used: 86568
[14:02:38.061] [1;32muart:~$ [m[8D[J net_socket_service  : STACK: unused 3344 usage 752 / 4096 (18 %); CPU: 0 %
[14:02:38.062] [1;32muart:~$ [m[8D[J                     : Total CPU cycles used: 3273706
[14:02:38.062] [1;32muart:~$ [m[8D[J rx_q[0]             : STACK: unused 528 usage 1520 / 2048 (74 %); CPU: 0 %
[14:02:38.063] [1;32muart:~$ [m[8D[J                     : Total CPU cycles used: 1553848740
[14:02:38.064] [1;32muart:~$ [m[8D[J net_mgmt            : STACK: unused 3424 usage 672 / 4096 (16 %); CPU: 0 %
[14:02:38.064] [1;32muart:~$ [m[8D[J                     : Total CPU cycles used: 2666448
[14:02:38.065] [1;32muart:~$ [m[8D[J tcp_work            : STACK: unused 1680 usage 368 / 2048 (17 %); CPU: 0 %
[14:02:38.066] [1;32muart:~$ [m[8D[J                     : Total CPU cycles used: 8802282
[14:02:38.066] [1;32muart:~$ [m[8D[J shell_uart          : STACK: unused 2624 usage 1472 / 4096 (35 %); CPU: 0 %
[14:02:38.067] [1;32muart:~$ [m[8D[J                     : Total CPU cycles used: 107931408
[14:02:38.068] [1;32muart:~$ [m[8D[J wifi                : STACK: unused 1456 usage 2128 / 3584 (59 %); CPU: 0 %
[14:02:38.069] [1;32muart:~$ [m[8D[J                     : Total CPU cycles used: 10001404064
[14:02:38.069] [1;32muart:~$ [m[8D[J sysworkq            : STACK: unused 3248 usage 848 / 4096 (20 %); CPU: 0 %
[14:02:38.070] [1;32muart:~$ [m[8D[J                     : Total CPU cycles used: 121196372
[14:02:38.071] [1;32muart:~$ [m[8D[J esp_timer           : STACK: unused 3472 usage 624 / 4096 (15 %); CPU: 0 %
[14:02:38.072] [1;32muart:~$ [m[8D[J                     : Total CPU cycles used: 460865467
[14:02:38.072] [1;32muart:~$ [m[8D[J logging             : STACK: unused 544 usage 480 / 1024 (46 %); CPU: 0 %
[14:02:38.073] [1;32muart:~$ [m[8D[J                     : Total CPU cycles used: 17460544
[14:02:38.074] [1;32muart:~$ [m[8D[J idle                : STACK: unused 816 usage 208 / 1024 (20 %); CPU: 97 %
[14:02:38.074] [1;32muart:~$ [m[8D[J                     : Total CPU cycles used: 1197345722564
[14:02:38.075] [1;32muart:~$ [m[8D[J ISR0                : STACK: unused 1520 usage 528 / 2048 (25 %); CPU: 0 %
[14:02:38.076] [1;32muart:~$ [m[8D[J                     : Total CPU cycles used: 0
[14:02:38.076] [1;32muart:~$ [m[8D[J[1;32muart:~$ [m[8D[J[1;32muart:~$ [m[8D[JNETMEM up=5100s pktRX=38/40 pktTX=15/16 bufRX=158/160/m102 bufTX=79/80/m6 sysheap_free=11208 alloc=21380 max=24056
[14:02:39.186] [1;32muart:~$ [m[8D[J[01:25:00.446,000] [0m<inf> shtc3: SHTC3: temperature=23.51 C humidity=38.52 %[0m
[14:02:39.187] [1;32muart:~$ [m[8D[J[1;32muart:~$ [m[8D[JNETMEM up=5130s pktRX=38/40 pktTX=15/16 bufRX=158/160/m102 bufTX=79/80/m6 sysheap_free=11208 alloc=21380 max=24056
[14:03:09.187] [1;32muart:~$ [m[8D[J[1;32muart:~$ [m[8D[JNETMEM up=5160s pktRX=38/40 pktTX=15/16 bufRX=158/160/m102 bufTX=79/80/m6 sysheap_free=11172 alloc=21416 max=24056
[14:03:39.187] [1;32muart:~$ [m[8D[J[01:26:00.449,000] [0m<inf> shtc3: SHTC3: temperature=23.36 C humidity=38.10 %[0m
[14:03:39.188] [1;32muart:~$ [m[8D[J[1;32muart:~$ [m[8D[JNETMEM up=5190s pktRX=38/40 pktTX=15/16 bufRX=158/160/m102 bufTX=79/80/m6 sysheap_free=11208 alloc=21380 max=24056
[14:04:09.188] [1;32muart:~$ [m[8D[J[1;32muart:~$ [m[8D[JNETMEM up=5220s pktRX=38/40 pktTX=15/16 bufRX=158/160/m102 bufTX=79/80/m6 sysheap_free=11208 alloc=21380 max=24056
[14:04:39.188] [1;32muart:~$ [m[8D[J[01:27:00.452,000] [0m<inf> shtc3: SHTC3: temperature=23.23 C humidity=38.20 %[0m
[14:04:39.189] [1;32muart:~$ [m[8D[J[1;32muart:~$ [m[8D[JNETMEM up=5250s pktRX=38/40 pktTX=15/16 bufRX=158/160/m102 bufTX=79/80/m6 sysheap_free=11208 alloc=21380 max=24056
[14:05:09.189] [1;32muart:~$ [m[8D[J[1;32muart:~$ [m[8D[JNETMEM up=5280s pktRX=38/40 pktTX=15/16 bufRX=158/160/m102 bufTX=79/80/m6 sysheap_free=11208 alloc=21380 max=24056
[14:05:39.189] [1;32muart:~$ [m[8D[J[01:28:00.455,000] [0m<inf> shtc3: SHTC3: temperature=23.49 C humidity=37.96 %[0m
[14:05:39.190] [1;32muart:~$ [m[8D[J[1;32muart:~$ [m[8D[JNETMEM up=5310s pktRX=38/40 pktTX=15/16 bufRX=158/160/m102 bufTX=79/80/m6 sysheap_free=11208 alloc=21380 max=24056
[14:06:09.189] [1;32muart:~$ [m[8D[J[1;32muart:~$ [m[8D[JNETMEM up=5340s pktRX=38/40 pktTX=15/16 bufRX=158/160/m102 bufTX=79/80/m6 sysheap_free=11208 alloc=21380 max=24056
[14:06:39.190] [1;32muart:~$ [m[8D[J[01:29:00.458,000] [0m<inf> shtc3: SHTC3: temperature=23.38 C humidity=38.51 %[0m
[14:06:39.191] [1;32muart:~$ [m[8D[J[1;32muart:~$ [m[8D[JNETMEM up=5370s pktRX=38/40 pktTX=15/16 bufRX=158/160/m102 bufTX=79/80/m6 sysheap_free=11208 alloc=21380 max=24056
[14:07:09.190] [1;32muart:~$ [m[8D[J[1;32muart:~$ [m[8D[JThread analyze:
[14:07:38.050] [1;32muart:~$ [m[8D[J wdt_sentinel_tid    : STACK: unused 432 usage 336 / 768 (43 %); CPU: 0 %
[14:07:38.050] [1;32muart:~$ [m[8D[J                     : Total CPU cycles used: 40656581
[14:07:38.051] [1;32muart:~$ [m[8D[J thread_analyzer     : STACK: unused 112 usage 912 / 1024 (89 %); CPU: 0 %
[14:07:38.052] [1;32muart:~$ [m[8D[J                     : Total CPU cycles used: 11972685
[14:07:38.052] [1;32muart:~$ [m[8D[J sys_wdt_tid         : STACK: unused 704 usage 320 / 1024 (31 %); CPU: 0 %
[14:07:38.053] [1;32muart:~$ [m[8D[J                     : Total CPU cycles used: 6813679
[14:07:38.054] [1;32muart:~$ [m[8D[J shtc3_thread        : STACK: unused 1360 usage 688 / 2048 (33 %); CPU: 0 %
[14:07:38.055] [1;32muart:~$ [m[8D[J                     : Total CPU cycles used: 5856000
[14:07:38.055] [1;32muart:~$ [m[8D[J ntp_thread          : STACK: unused 2480 usage 1616 / 4096 (39 %); CPU: 0 %
[14:07:38.056] [1;32muart:~$ [m[8D[J                     : Total CPU cycles used: 3513507
[14:07:38.057] [1;32muart:~$ [m[8D[J netmem_tid          : STACK: unused 624 usage 656 / 1280 (51 %); CPU: 0 %
[14:07:38.057] [1;32muart:~$ [m[8D[J                     : Total CPU cycles used: 4488856
[14:07:38.058] [1;32muart:~$ [m[8D[J llss_thread         : STACK: unused 11584 usage 4800 / 16384 (29 %); CPU: 0 %
[14:07:38.059] [1;32muart:~$ [m[8D[J                     : Total CPU cycles used: 5499211282
[14:07:38.060] [1;32muart:~$ [m[8D[J input               : STACK: unused 560 usage 464 / 1024 (45 %); CPU: 0 %
[14:07:38.060] [1;32muart:~$ [m[8D[J                     : Total CPU cycles used: 72962
[14:07:38.061] [1;32muart:~$ [m[8D[J display_thread      : STACK: unused 8640 usage 3648 / 12288 (29 %); CPU: 0 %
[14:07:38.062] [1;32muart:~$ [m[8D[J                     : Total CPU cycles used: 400393757
[14:07:38.062] [1;32muart:~$ [m[8D[J device_ui_thread    : STACK: unused 4496 usage 3696 / 8192 (45 %); CPU: 0 %
[14:07:38.063] [1;32muart:~$ [m[8D[J                     : Total CPU cycles used: 8464809688
[14:07:38.064] [1;32muart:~$ [m[8D[J conn_mgr_monitor    : STACK: unused 176 usage 336 / 512 (65 %); CPU: 0 %
[14:07:38.065] [1;32muart:~$ [m[8D[J                     : Total CPU cycles used: 86568
[14:07:38.065] [1;32muart:~$ [m[8D[J net_socket_service  : STACK: unused 3344 usage 752 / 4096 (18 %); CPU: 0 %
[14:07:38.066] [1;32muart:~$ [m[8D[J                     : Total CPU cycles used: 3273706
[14:07:38.067] [1;32muart:~$ [m[8D[J rx_q[0]             : STACK: unused 528 usage 1520 / 2048 (74 %); CPU: 0 %
[14:07:38.067] [1;32muart:~$ [m[8D[J                     : Total CPU cycles used: 1612045129
[14:07:38.068] [1;32muart:~$ [m[8D[J net_mgmt            : STACK: unused 3424 usage 672 / 4096 (16 %); CPU: 0 %
[14:07:38.069] [1;32muart:~$ [m[8D[J                     : Total CPU cycles used: 2792222
[14:07:38.069] [1;32muart:~$ [m[8D[J tcp_work            : STACK: unused 1680 usage 368 / 2048 (17 %); CPU: 0 %
[14:07:38.071] [1;32muart:~$ [m[8D[J                     : Total CPU cycles used: 8802282
[14:07:38.071] [1;32muart:~$ [m[8D[J shell_uart          : STACK: unused 2624 usage 1472 / 4096 (35 %); CPU: 0 %
[14:07:38.072] [1;32muart:~$ [m[8D[J                     : Total CPU cycles used: 111544056
[14:07:38.072] [1;32muart:~$ [m[8D[J wifi                : STACK: unused 1456 usage 2128 / 3584 (59 %); CPU: 0 %
[14:07:38.073] [1;32muart:~$ [m[8D[J                     : Total CPU cycles used: 10519734803
[14:07:38.074] [1;32muart:~$ [m[8D[J sysworkq            : STACK: unused 3248 usage 848 / 4096 (20 %); CPU: 0 %
[14:07:38.075] [1;32muart:~$ [m[8D[J                     : Total CPU cycles used: 128154931
[14:07:38.075] [1;32muart:~$ [m[8D[J esp_timer           : STACK: unused 3472 usage 624 / 4096 (15 %); CPU: 0 %
[14:07:38.076] [1;32muart:~$ [m[8D[J                     : Total CPU cycles used: 487766476
[14:07:38.077] [1;32muart:~$ [m[8D[J logging             : STACK: unused 544 usage 480 / 1024 (46 %); CPU: 0 %
[14:07:38.077] [1;32muart:~$ [m[8D[J                     : Total CPU cycles used: 17961292
[14:07:38.078] [1;32muart:~$ [m[8D[J idle                : STACK: unused 816 usage 208 / 1024 (20 %); CPU: 97 %
[14:07:38.079] [1;32muart:~$ [m[8D[J                     : Total CPU cycles used: 1268087388943
[14:07:38.080] [1;32muart:~$ [m[8D[J ISR0                : STACK: unused 1520 usage 528 / 2048 (25 %); CPU: 0 %
[14:07:38.080] [1;32muart:~$ [m[8D[J                     : Total CPU cycles used: 0
[14:07:38.081] [1;32muart:~$ [m[8D[J[1;32muart:~$ [m[8D[J[1;32muart:~$ [m[8D[JNETMEM up=5400s pktRX=38/40 pktTX=15/16 bufRX=158/160/m102 bufTX=79/80/m6 sysheap_free=11208 alloc=21380 max=24056
[14:07:39.190] [1;32muart:~$ [m[8D[J[01:30:00.461,000] [0m<inf> shtc3: SHTC3: temperature=23.40 C humidity=37.62 %[0m
[14:07:39.191] [1;32muart:~$ [m[8D[J[1;32muart:~$ [m[8D[JNETMEM up=5430s pktRX=38/40 pktTX=15/16 bufRX=158/160/m102 bufTX=79/80/m6 sysheap_free=11208 alloc=21380 max=24056
[14:08:09.191] [1;32muart:~$ [m[8D[J[1;32muart:~$ [m[8D[JNETMEM up=5460s pktRX=38/40 pktTX=15/16 bufRX=158/160/m102 bufTX=79/80/m6 sysheap_free=11208 alloc=21380 max=24056
[14:08:39.191] [1;32muart:~$ [m[8D[J[01:31:00.464,000] [0m<inf> shtc3: SHTC3: temperature=23.23 C humidity=37.62 %[0m
[14:08:39.192] [1;32muart:~$ [m[8D[J[1;32muart:~$ [m[8D[JNETMEM up=5490s pktRX=38/40 pktTX=15/16 bufRX=158/160/m102 bufTX=79/80/m6 sysheap_free=11208 alloc=21380 max=24056
[14:09:09.191] [1;32muart:~$ [m[8D[J[1;32muart:~$ [m[8D[JNETMEM up=5520s pktRX=38/40 pktTX=15/16 bufRX=158/160/m102 bufTX=79/80/m6 sysheap_free=11208 alloc=21380 max=24056
[14:09:39.192] [1;32muart:~$ [m[8D[J[01:32:00.467,000] [0m<inf> shtc3: SHTC3: temperature=23.22 C humidity=37.60 %[0m
[14:09:39.193] [1;32muart:~$ [m[8D[J[1;32muart:~$ [m[8D[JNETMEM up=5550s pktRX=38/40 pktTX=15/16 bufRX=158/160/m102 bufTX=79/80/m6 sysheap_free=11208 alloc=21380 max=24056
[14:10:09.192] [1;32muart:~$ [m[8D[J[1;32muart:~$ [m[8D[JNETMEM up=5580s pktRX=38/40 pktTX=15/16 bufRX=158/160/m102 bufTX=79/80/m6 sysheap_free=11208 alloc=21380 max=24056
[14:10:39.193] [1;32muart:~$ [m[8D[J[01:33:00.470,000] [0m<inf> shtc3: SHTC3: temperature=23.24 C humidity=37.89 %[0m
[14:10:39.193] [1;32muart:~$ [m[8D[J[1;32muart:~$ [m[8D[JNETMEM up=5610s pktRX=38/40 pktTX=15/16 bufRX=158/160/m102 bufTX=79/80/m6 sysheap_free=11208 alloc=21380 max=24056
[14:11:09.193] [1;32muart:~$ [m[8D[J[1;32muart:~$ [m[8D[JNETMEM up=5640s pktRX=38/40 pktTX=15/16 bufRX=158/160/m102 bufTX=79/80/m6 sysheap_free=11208 alloc=21380 max=24056
[14:11:39.194] [1;32muart:~$ [m[8D[J[01:34:00.473,000] [0m<inf> shtc3: SHTC3: temperature=23.21 C humidity=37.61 %[0m
[14:11:39.194] [1;32muart:~$ [m[8D[J[1;32muart:~$ [m[8D[JNETMEM up=5670s pktRX=38/40 pktTX=15/16 bufRX=158/160/m102 bufTX=79/80/m6 sysheap_free=11208 alloc=21380 max=24056
[14:12:09.194] [1;32muart:~$ [m[8D[J[1;32muart:~$ [m[8D[JThread analyze:
[14:12:38.055] [1;32muart:~$ [m[8D[J wdt_sentinel_tid    : STACK: unused 432 usage 336 / 768 (43 %); CPU: 0 %
[14:12:38.055] [1;32muart:~$ [m[8D[J                     : Total CPU cycles used: 42817503
[14:12:38.056] [1;32muart:~$ [m[8D[J thread_analyzer     : STACK: unused 112 usage 912 / 1024 (89 %); CPU: 0 %
[14:12:38.057] [1;32muart:~$ [m[8D[J                     : Total CPU cycles used: 12621559
[14:12:38.057] [1;32muart:~$ [m[8D[J sys_wdt_tid         : STACK: unused 704 usage 320 / 1024 (31 %); CPU: 0 %
[14:12:38.058] [1;32muart:~$ [m[8D[J                     : Total CPU cycles used: 7302411
[14:12:38.060] [1;32muart:~$ [m[8D[J shtc3_thread        : STACK: unused 1360 usage 688 / 2048 (33 %); CPU: 0 %
[14:12:38.060] [1;32muart:~$ [m[8D[J                     : Total CPU cycles used: 6188553
[14:12:38.060] [1;32muart:~$ [m[8D[J ntp_thread          : STACK: unused 2480 usage 1616 / 4096 (39 %); CPU: 0 %
[14:12:38.061] [1;32muart:~$ [m[8D[J                     : Total CPU cycles used: 3513507
[14:12:38.062] [1;32muart:~$ [m[8D[J netmem_tid          : STACK: unused 624 usage 656 / 1280 (51 %); CPU: 0 %
[14:12:38.062] [1;32muart:~$ [m[8D[J                     : Total CPU cycles used: 4750256
[14:12:38.063] [1;32muart:~$ [m[8D[J llss_thread         : STACK: unused 11584 usage 4800 / 16384 (29 %); CPU: 0 %
[14:12:38.064] [1;32muart:~$ [m[8D[J                     : Total CPU cycles used: 5575593649
[14:12:38.064] [1;32muart:~$ [m[8D[J input               : STACK: unused 560 usage 464 / 1024 (45 %); CPU: 0 %
[14:12:38.065] [1;32muart:~$ [m[8D[J                     : Total CPU cycles used: 72962
[14:12:38.066] [1;32muart:~$ [m[8D[J display_thread      : STACK: unused 8640 usage 3648 / 12288 (29 %); CPU: 0 %
[14:12:38.067] [1;32muart:~$ [m[8D[J                     : Total CPU cycles used: 400393757
[14:12:38.067] [1;32muart:~$ [m[8D[J device_ui_thread    : STACK: unused 4496 usage 3696 / 8192 (45 %); CPU: 0 %
[14:12:38.068] [1;32muart:~$ [m[8D[J                     : Total CPU cycles used: 9008671550
[14:12:38.069] [1;32muart:~$ [m[8D[J conn_mgr_monitor    : STACK: unused 176 usage 336 / 512 (65 %); CPU: 0 %
[14:12:38.070] [1;32muart:~$ [m[8D[J                     : Total CPU cycles used: 86568
[14:12:38.070] [1;32muart:~$ [m[8D[J net_socket_service  : STACK: unused 3344 usage 752 / 4096 (18 %); CPU: 0 %
[14:12:38.071] [1;32muart:~$ [m[8D[J                     : Total CPU cycles used: 3273706
[14:12:38.072] [1;32muart:~$ [m[8D[J rx_q[0]             : STACK: unused 528 usage 1520 / 2048 (74 %); CPU: 0 %
[14:12:38.072] [1;32muart:~$ [m[8D[J                     : Total CPU cycles used: 1669531996
[14:12:38.073] [1;32muart:~$ [m[8D[J net_mgmt            : STACK: unused 3424 usage 672 / 4096 (16 %); CPU: 0 %
[14:12:38.074] [1;32muart:~$ [m[8D[J                     : Total CPU cycles used: 2926682
[14:12:38.074] [1;32muart:~$ [m[8D[J tcp_work            : STACK: unused 1680 usage 368 / 2048 (17 %); CPU: 0 %
[14:12:38.075] [1;32muart:~$ [m[8D[J                     : Total CPU cycles used: 8802282
[14:12:38.076] [1;32muart:~$ [m[8D[J shell_uart          : STACK: unused 2624 usage 1472 / 4096 (35 %); CPU: 0 %
[14:12:38.077] [1;32muart:~$ [m[8D[J                     : Total CPU cycles used: 115154559
[14:12:38.077] [1;32muart:~$ [m[8D[J wifi                : STACK: unused 1456 usage 2128 / 3584 (59 %); CPU: 0 %
[14:12:38.078] [1;32muart:~$ [m[8D[J                     : Total CPU cycles used: 11040085776
[14:12:38.079] [1;32muart:~$ [m[8D[J sysworkq            : STACK: unused 3248 usage 848 / 4096 (20 %); CPU: 0 %
[14:12:38.080] [1;32muart:~$ [m[8D[J                     : Total CPU cycles used: 134999909
[14:12:38.080] [1;32muart:~$ [m[8D[J esp_timer           : STACK: unused 3472 usage 624 / 4096 (15 %); CPU: 0 %
[14:12:38.081] [1;32muart:~$ [m[8D[J                     : Total CPU cycles used: 514387380
[14:12:38.082] [1;32muart:~$ [m[8D[J logging             : STACK: unused 544 usage 480 / 1024 (46 %); CPU: 0 %
[14:12:38.082] [1;32muart:~$ [m[8D[J                     : Total CPU cycles used: 18456261
[14:12:38.083] [1;32muart:~$ [m[8D[J idle                : STACK: unused 816 usage 208 / 1024 (20 %); CPU: 97 %
[14:12:38.084] [1;32muart:~$ [m[8D[J                     : Total CPU cycles used: 1338832696134
[14:12:38.085] [1;32muart:~$ [m[8D[J ISR0                : STACK: unused 1520 usage 528 / 2048 (25 %); CPU: 0 %
[14:12:38.085] [1;32muart:~$ [m[8D[J                     : Total CPU cycles used: 0
[14:12:38.086] [1;32muart:~$ [m[8D[J[1;32muart:~$ [m[8D[J[1;32muart:~$ [m[8D[JNETMEM up=5700s pktRX=38/40 pktTX=15/16 bufRX=158/160/m102 bufTX=79/80/m6 sysheap_free=11208 alloc=21380 max=24056
[14:12:39.194] [1;32muart:~$ [m[8D[J[01:35:00.476,000] [0m<inf> shtc3: SHTC3: temperature=23.10 C humidity=37.87 %[0m
[14:12:39.195] [1;32muart:~$ [m[8D[J[1;32muart:~$ [m[8D[JNETMEM up=5730s pktRX=38/40 pktTX=15/16 bufRX=158/160/m102 bufTX=79/80/m6 sysheap_free=11208 alloc=21380 max=24056
[14:13:09.194] [1;32muart:~$ [m[8D[J[1;32muart:~$ [m[8D[JNETMEM up=5760s pktRX=38/40 pktTX=15/16 bufRX=158/160/m102 bufTX=79/80/m6 sysheap_free=11208 alloc=21380 max=24056
[14:13:39.195] [1;32muart:~$ [m[8D[J[01:36:00.478,000] [0m<inf> shtc3: SHTC3: temperature=23.36 C humidity=37.69 %[0m
[14:13:39.195] [1;32muart:~$ [m[8D[J[1;32muart:~$ [m[8D[JNETMEM up=5790s pktRX=38/40 pktTX=15/16 bufRX=158/160/m102 bufTX=79/80/m6 sysheap_free=11208 alloc=21380 max=24056
[14:14:09.196] [1;32muart:~$ [m[8D[J[1;32muart:~$ [m[8D[JNETMEM up=5820s pktRX=38/40 pktTX=15/16 bufRX=158/160/m102 bufTX=79/80/m6 sysheap_free=11208 alloc=21380 max=24056
[14:14:39.195] [1;32muart:~$ [m[8D[J[01:37:00.481,000] [0m<inf> shtc3: SHTC3: temperature=23.45 C humidity=37.96 %[0m
[14:14:39.196] [1;32muart:~$ [m[8D[J[1;32muart:~$ [m[8D[JNETMEM up=5850s pktRX=38/40 pktTX=15/16 bufRX=158/160/m102 bufTX=79/80/m6 sysheap_free=11172 alloc=21416 max=24056
[14:15:09.196] [1;32muart:~$ [m[8D[J[1;32muart:~$ [m[8D[JNETMEM up=5880s pktRX=38/40 pktTX=15/16 bufRX=158/160/m102 bufTX=79/80/m6 sysheap_free=11208 alloc=21380 max=24056
[14:15:39.196] [1;32muart:~$ [m[8D[J[01:38:00.484,000] [0m<inf> shtc3: SHTC3: temperature=23.16 C humidity=37.81 %[0m
[14:15:39.197] [1;32muart:~$ [m[8D[J[1;32muart:~$ [m[8D[JNETMEM up=5910s pktRX=38/40 pktTX=15/16 bufRX=158/160/m102 bufTX=79/80/m6 sysheap_free=11208 alloc=21380 max=24056
[14:16:09.197] [1;32muart:~$ [m[8D[J[1;32muart:~$ [m[8D[JNETMEM up=5940s pktRX=38/40 pktTX=15/16 bufRX=158/160/m102 bufTX=79/80/m6 sysheap_free=11208 alloc=21380 max=24056
[14:16:39.197] [1;32muart:~$ [m[8D[J[01:39:00.487,000] [0m<inf> shtc3: SHTC3: temperature=23.23 C humidity=37.92 %[0m
[14:16:39.197] [1;32muart:~$ [m[8D[J[1;32muart:~$ [m[8D[JNETMEM up=5970s pktRX=38/40 pktTX=15/16 bufRX=158/160/m102 bufTX=79/80/m6 sysheap_free=11208 alloc=21380 max=24056
[14:17:09.197] [1;32muart:~$ [m[8D[J[1;32muart:~$ [m[8D[JThread analyze:
[14:17:38.059] [1;32muart:~$ [m[8D[J wdt_sentinel_tid    : STACK: unused 432 usage 336 / 768 (43 %); CPU: 0 %
[14:17:38.059] [1;32muart:~$ [m[8D[J                     : Total CPU cycles used: 44997608
[14:17:38.060] [1;32muart:~$ [m[8D[J thread_analyzer     : STACK: unused 112 usage 912 / 1024 (89 %); CPU: 0 %
[14:17:38.061] [1;32muart:~$ [m[8D[J                     : Total CPU cycles used: 13271369
[14:17:38.061] [1;32muart:~$ [m[8D[J sys_wdt_tid         : STACK: unused 704 usage 320 / 1024 (31 %); CPU: 0 %
[14:17:38.062] [1;32muart:~$ [m[8D[J                     : Total CPU cycles used: 7789556
[14:17:38.063] [1;32muart:~$ [m[8D[J shtc3_thread        : STACK: unused 1360 usage 688 / 2048 (33 %); CPU: 0 %
[14:17:38.063] [1;32muart:~$ [m[8D[J                     : Total CPU cycles used: 6515898
[14:17:38.064] [1;32muart:~$ [m[8D[J ntp_thread          : STACK: unused 2480 usage 1616 / 4096 (39 %); CPU: 0 %
[14:17:38.065] [1;32muart:~$ [m[8D[J                     : Total CPU cycles used: 3513507
[14:17:38.066] [1;32muart:~$ [m[8D[J netmem_tid          : STACK: unused 624 usage 656 / 1280 (51 %); CPU: 0 %
[14:17:38.066] [1;32muart:~$ [m[8D[J                     : Total CPU cycles used: 5015290
[14:17:38.067] [1;32muart:~$ [m[8D[J llss_thread         : STACK: unused 11584 usage 4800 / 16384 (29 %); CPU: 0 %
[14:17:38.068] [1;32muart:~$ [m[8D[J                     : Total CPU cycles used: 5648963527
[14:17:38.068] [1;32muart:~$ [m[8D[J input               : STACK: unused 560 usage 464 / 1024 (45 %); CPU: 0 %
[14:17:38.069] [1;32muart:~$ [m[8D[J                     : Total CPU cycles used: 72962
[14:17:38.070] [1;32muart:~$ [m[8D[J display_thread      : STACK: unused 8640 usage 3648 / 12288 (29 %); CPU: 0 %
[14:17:38.071] [1;32muart:~$ [m[8D[J                     : Total CPU cycles used: 400393757
[14:17:38.071] [1;32muart:~$ [m[8D[J device_ui_thread    : STACK: unused 4496 usage 3696 / 8192 (45 %); CPU: 0 %
[14:17:38.073] [1;32muart:~$ [m[8D[J                     : Total CPU cycles used: 9548481259
[14:17:38.074] [1;32muart:~$ [m[8D[J conn_mgr_monitor    : STACK: unused 176 usage 336 / 512 (65 %); CPU: 0 %
[14:17:38.074] [1;32muart:~$ [m[8D[J                     : Total CPU cycles used: 86568
[14:17:38.075] [1;32muart:~$ [m[8D[J net_socket_service  : STACK: unused 3344 usage 752 / 4096 (18 %); CPU: 0 %
[14:17:38.078] [1;32muart:~$ [m[8D[J                     : Total CPU cycles used: 3273706
[14:17:38.079] [1;32muart:~$ [m[8D[J rx_q[0]             : STACK: unused 528 usage 1520 / 2048 (74 %); CPU: 0 %
[14:17:38.080] [1;32muart:~$ [m[8D[J                     : Total CPU cycles used: 1729324067
[14:17:38.080] [1;32muart:~$ [m[8D[J net_mgmt            : STACK: unused 3424 usage 672 / 4096 (16 %); CPU: 0 %
[14:17:38.081] [1;32muart:~$ [m[8D[J                     : Total CPU cycles used: 3070214
[14:17:38.082] [1;32muart:~$ [m[8D[J tcp_work            : STACK: unused 1680 usage 368 / 2048 (17 %); CPU: 0 %
[14:17:38.083] [1;32muart:~$ [m[8D[J                     : Total CPU cycles used: 8802282
[14:17:38.084] [1;32muart:~$ [m[8D[J shell_uart          : STACK: unused 2624 usage 1472 / 4096 (35 %); CPU: 0 %
[14:17:38.085] [1;32muart:~$ [m[8D[J                     : Total CPU cycles used: 118775149
[14:17:38.085] [1;32muart:~$ [m[8D[J wifi                : STACK: unused 1456 usage 2128 / 3584 (59 %); CPU: 0 %
[14:17:38.086] [1;32muart:~$ [m[8D[J                     : Total CPU cycles used: 11561965272
[14:17:38.087] [1;32muart:~$ [m[8D[J sysworkq            : STACK: unused 3248 usage 848 / 4096 (20 %); CPU: 0 %
[14:17:38.088] [1;32muart:~$ [m[8D[J                     : Total CPU cycles used: 141936891
[14:17:38.088] [1;32muart:~$ [m[8D[J esp_timer           : STACK: unused 3472 usage 624 / 4096 (15 %); CPU: 0 %
[14:17:38.089] [1;32muart:~$ [m[8D[J                     : Total CPU cycles used: 541549390
[14:17:38.090] [1;32muart:~$ [m[8D[J logging             : STACK: unused 544 usage 480 / 1024 (46 %); CPU: 0 %
[14:17:38.090] [1;32muart:~$ [m[8D[J                     : Total CPU cycles used: 18947504
[14:17:38.091] [1;32muart:~$ [m[8D[J idle                : STACK: unused 816 usage 208 / 1024 (20 %); CPU: 97 %
[14:17:38.092] [1;32muart:~$ [m[8D[J                     : Total CPU cycles used: 1409580537851
[14:17:38.092] [1;32muart:~$ [m[8D[J ISR0                : STACK: unused 1520 usage 528 / 2048 (25 %); CPU: 0 %
[14:17:38.093] [1;32muart:~$ [m[8D[J                     : Total CPU cycles used: 0
[14:17:38.094] [1;32muart:~$ [m[8D[J[1;32muart:~$ [m[8D[J[1;32muart:~$ [m[8D[JNETMEM up=6000s pktRX=38/40 pktTX=15/16 bufRX=158/160/m102 bufTX=79/80/m6 sysheap_free=11208 alloc=21380 max=24056
[14:17:39.197] [1;32muart:~$ [m[8D[J[01:40:00.490,000] [0m<inf> shtc3: SHTC3: temperature=23.26 C humidity=38.03 %[0m
[14:17:39.198] [1;32muart:~$ [m[8D[J[1;32muart:~$ [m[8D[JNETMEM up=6030s pktRX=38/40 pktTX=15/16 bufRX=158/160/m102 bufTX=79/80/m6 sysheap_free=11208 alloc=21380 max=24056
[14:18:09.198] [1;32muart:~$ [m[8D[J[1;32muart:~$ [m[8D[JNETMEM up=6060s pktRX=38/40 pktTX=15/16 bufRX=158/160/m102 bufTX=79/80/m6 sysheap_free=11208 alloc=21380 max=24056
[14:18:39.198] [1;32muart:~$ [m[8D[J[01:41:00.493,000] [0m<inf> shtc3: SHTC3: temperature=23.32 C humidity=38.39 %[0m
[14:18:39.199] [1;32muart:~$ [m[8D[J[1;32muart:~$ [m[8D[JNETMEM up=6090s pktRX=38/40 pktTX=15/16 bufRX=158/160/m102 bufTX=79/80/m6 sysheap_free=11208 alloc=21380 max=24056
[14:19:09.199] [1;32muart:~$ [m[8D[J[1;32muart:~$ [m[8D[JNETMEM up=6120s pktRX=38/40 pktTX=15/16 bufRX=158/160/m102 bufTX=79/80/m6 sysheap_free=11208 alloc=21380 max=24056
[14:19:39.199] [1;32muart:~$ [m[8D[J[01:42:00.496,000] [0m<inf> shtc3: SHTC3: temperature=23.19 C humidity=38.04 %[0m
[14:19:39.200] [1;32muart:~$ [m[8D[J[1;32muart:~$ [m[8D[JNETMEM up=6150s pktRX=38/40 pktTX=15/16 bufRX=158/160/m102 bufTX=79/80/m6 sysheap_free=11172 alloc=21416 max=24056
[14:20:09.199] [1;32muart:~$ [m[8D[J[1;32muart:~$ [m[8D[JNETMEM up=6180s pktRX=38/40 pktTX=15/16 bufRX=158/160/m102 bufTX=79/80/m6 sysheap_free=11208 alloc=21380 max=24056
[14:20:39.200] [1;32muart:~$ [m[8D[J[01:43:00.499,000] [0m<inf> shtc3: SHTC3: temperature=23.55 C humidity=38.20 %[0m
[14:20:39.201] [1;32muart:~$ [m[8D[J[1;32muart:~$ [m[8D[JNETMEM up=6210s pktRX=38/40 pktTX=15/16 bufRX=158/160/m102 bufTX=79/80/m6 sysheap_free=11172 alloc=21416 max=24056
[14:21:09.200] [1;32muart:~$ [m[8D[J[1;32muart:~$ [m[8D[JNETMEM up=6240s pktRX=38/40 pktTX=15/16 bufRX=158/160/m102 bufTX=79/80/m6 sysheap_free=11208 alloc=21380 max=24056
[14:21:39.200] [1;32muart:~$ [m[8D[J[01:44:00.502,000] [0m<inf> shtc3: SHTC3: temperature=23.38 C humidity=38.23 %[0m
[14:21:39.201] [1;32muart:~$ [m[8D[J[1;32muart:~$ [m[8D[JNETMEM up=6270s pktRX=38/40 pktTX=15/16 bufRX=158/160/m102 bufTX=79/80/m6 sysheap_free=11208 alloc=21380 max=24056
[14:22:09.201] [1;32muart:~$ [m[8D[J[1;32muart:~$ [m[8D[JThread analyze:
[14:22:38.064] [1;32muart:~$ [m[8D[J wdt_sentinel_tid    : STACK: unused 432 usage 336 / 768 (43 %); CPU: 0 %
[14:22:38.064] [1;32muart:~$ [m[8D[J                     : Total CPU cycles used: 47194303
[14:22:38.065] [1;32muart:~$ [m[8D[J thread_analyzer     : STACK: unused 112 usage 912 / 1024 (89 %); CPU: 0 %
[14:22:38.066] [1;32muart:~$ [m[8D[J                     : Total CPU cycles used: 13919142
[14:22:38.066] [1;32muart:~$ [m[8D[J sys_wdt_tid         : STACK: unused 704 usage 320 / 1024 (31 %); CPU: 0 %
[14:22:38.067] [1;32muart:~$ [m[8D[J                     : Total CPU cycles used: 8279318
[14:22:38.068] [1;32muart:~$ [m[8D[J shtc3_thread        : STACK: unused 1360 usage 688 / 2048 (33 %); CPU: 0 %
[14:22:38.069] [1;32muart:~$ [m[8D[J                     : Total CPU cycles used: 6832599
[14:22:38.069] [1;32muart:~$ [m[8D[J ntp_thread          : STACK: unused 2480 usage 1616 / 4096 (39 %); CPU: 0 %
[14:22:38.070] [1;32muart:~$ [m[8D[J                     : Total CPU cycles used: 3513507
[14:22:38.071] [1;32muart:~$ [m[8D[J netmem_tid          : STACK: unused 624 usage 656 / 1280 (51 %); CPU: 0 %
[14:22:38.071] [1;32muart:~$ [m[8D[J                     : Total CPU cycles used: 5273466
[14:22:38.072] [1;32muart:~$ [m[8D[J llss_thread         : STACK: unused 11584 usage 4800 / 16384 (29 %); CPU: 0 %
[14:22:38.073] [1;32muart:~$ [m[8D[J                     : Total CPU cycles used: 5721335673
[14:22:38.073] [1;32muart:~$ [m[8D[J input               : STACK: unused 560 usage 464 / 1024 (45 %); CPU: 0 %
[14:22:38.074] [1;32muart:~$ [m[8D[J                     : Total CPU cycles used: 72962
[14:22:38.075] [1;32muart:~$ [m[8D[J display_thread      : STACK: unused 8640 usage 3648 / 12288 (29 %); CPU: 0 %
[14:22:38.076] [1;32muart:~$ [m[8D[J                     : Total CPU cycles used: 400393757
[14:22:38.076] [1;32muart:~$ [m[8D[J device_ui_thread    : STACK: unused 4496 usage 3696 / 8192 (45 %); CPU: 0 %
[14:22:38.077] [1;32muart:~$ [m[8D[J                     : Total CPU cycles used: 10093235086
[14:22:38.078] [1;32muart:~$ [m[8D[J conn_mgr_monitor    : STACK: unused 176 usage 336 / 512 (65 %); CPU: 0 %
[14:22:38.079] [1;32muart:~$ [m[8D[J                     : Total CPU cycles used: 86568
[14:22:38.079] [1;32muart:~$ [m[8D[J net_socket_service  : STACK: unused 3344 usage 752 / 4096 (18 %); CPU: 0 %
[14:22:38.080] [1;32muart:~$ [m[8D[J                     : Total CPU cycles used: 3273706
[14:22:38.081] [1;32muart:~$ [m[8D[J rx_q[0]             : STACK: unused 528 usage 1520 / 2048 (74 %); CPU: 0 %
[14:22:38.081] [1;32muart:~$ [m[8D[J                     : Total CPU cycles used: 1788484740
[14:22:38.082] [1;32muart:~$ [m[8D[J net_mgmt            : STACK: unused 3424 usage 672 / 4096 (16 %); CPU: 0 %
[14:22:38.083] [1;32muart:~$ [m[8D[J                     : Total CPU cycles used: 3206784
[14:22:38.083] [1;32muart:~$ [m[8D[J tcp_work            : STACK: unused 1680 usage 368 / 2048 (17 %); CPU: 0 %
[14:22:38.084] [1;32muart:~$ [m[8D[J                     : Total CPU cycles used: 8802282
[14:22:38.085] [1;32muart:~$ [m[8D[J shell_uart          : STACK: unused 2624 usage 1472 / 4096 (35 %); CPU: 0 %
[14:22:38.086] [1;32muart:~$ [m[8D[J                     : Total CPU cycles used: 122593903
[14:22:38.086] [1;32muart:~$ [m[8D[J wifi                : STACK: unused 1456 usage 2128 / 3584 (59 %); CPU: 0 %
[14:22:38.087] [1;32muart:~$ [m[8D[J                     : Total CPU cycles used: 12081683835
[14:22:38.088] [1;32muart:~$ [m[8D[J sysworkq            : STACK: unused 3248 usage 848 / 4096 (20 %); CPU: 0 %
[14:22:38.089] [1;32muart:~$ [m[8D[J                     : Total CPU cycles used: 148138904
[14:22:38.089] [1;32muart:~$ [m[8D[J esp_timer           : STACK: unused 3472 usage 624 / 4096 (15 %); CPU: 0 %
[14:22:38.090] [1;32muart:~$ [m[8D[J                     : Total CPU cycles used: 568269875
[14:22:38.091] [1;32muart:~$ [m[8D[J logging             : STACK: unused 544 usage 480 / 1024 (46 %); CPU: 0 %
[14:22:38.091] [1;32muart:~$ [m[8D[J                     : Total CPU cycles used: 19465448
[14:22:38.092] [1;32muart:~$ [m[8D[J idle                : STACK: unused 816 usage 208 / 1024 (20 %); CPU: 97 %
[14:22:38.093] [1;32muart:~$ [m[8D[J                     : Total CPU cycles used: 1480328274458
[14:22:38.094] [1;32muart:~$ [m[8D[J ISR0                : STACK: unused 1520 usage 528 / 2048 (25 %); CPU: 0 %
[14:22:38.094] [1;32muart:~$ [m[8D[J                     : Total CPU cycles used: 0
[14:22:38.095] [1;32muart:~$ [m[8D[J[1;32muart:~$ [m[8D[J[1;32muart:~$ [m[8D[JNETMEM up=6300s pktRX=38/40 pktTX=15/16 bufRX=158/160/m102 bufTX=79/80/m6 sysheap_free=11208 alloc=21380 max=24056
[14:22:39.201] [1;32muart:~$ [m[8D[J[01:45:00.505,000] [0m<inf> shtc3: SHTC3: temperature=23.36 C humidity=38.61 %[0m
[14:22:39.202] [1;32muart:~$ [m[8D[J[1;32muart:~$ [m[8D[JNETMEM up=6330s pktRX=38/40 pktTX=15/16 bufRX=158/160/m102 bufTX=79/80/m6 sysheap_free=11208 alloc=21380 max=24056
[14:23:09.202] [1;32muart:~$ [m[8D[J[1;32muart:~$ [m[8D[JNETMEM up=6360s pktRX=38/40 pktTX=15/16 bufRX=158/160/m102 bufTX=79/80/m6 sysheap_free=11208 alloc=21380 max=24056
[14:23:39.203] [1;32muart:~$ [m[8D[J[01:46:00.507,000] [0m<inf> shtc3: SHTC3: temperature=23.02 C humidity=38.69 %[0m
[14:23:39.204] [1;32muart:~$ [m[8D[J[1;32muart:~$ [m[8D[JNETMEM up=6390s pktRX=38/40 pktTX=15/16 bufRX=158/160/m102 bufTX=79/80/m6 sysheap_free=11208 alloc=21380 max=24056
[14:24:09.203] [1;32muart:~$ [m[8D[J[1;32muart:~$ [m[8D[JNETMEM up=6420s pktRX=38/40 pktTX=15/16 bufRX=158/160/m102 bufTX=79/80/m6 sysheap_free=11208 alloc=21380 max=24056
[14:24:39.204] [1;32muart:~$ [m[8D[J[01:47:00.510,000] [0m<inf> shtc3: SHTC3: temperature=22.97 C humidity=38.90 %[0m
[14:24:39.205] [1;32muart:~$ [m[8D[J[1;32muart:~$ [m[8D[JNETMEM up=6450s pktRX=38/40 pktTX=15/16 bufRX=158/160/m102 bufTX=79/80/m6 sysheap_free=11208 alloc=21380 max=24056
[14:25:09.204] [1;32muart:~$ [m[8D[J[1;32muart:~$ [m[8D[JNETMEM up=6480s pktRX=38/40 pktTX=15/16 bufRX=158/160/m102 bufTX=79/80/m6 sysheap_free=11208 alloc=21380 max=24056
[14:25:39.205] [1;32muart:~$ [m[8D[J[01:48:00.513,000] [0m<inf> shtc3: SHTC3: temperature=22.98 C humidity=39.02 %[0m
[14:25:39.206] [1;32muart:~$ [m[8D[J[1;32muart:~$ [m[8D[JNETMEM up=6510s pktRX=38/40 pktTX=15/16 bufRX=158/160/m102 bufTX=79/80/m6 sysheap_free=11208 alloc=21380 max=24056
[14:26:09.206] [1;32muart:~$ [m[8D[J[1;32muart:~$ [m[8D[JNETMEM up=6540s pktRX=38/40 pktTX=15/16 bufRX=158/160/m102 bufTX=79/80/m6 sysheap_free=11208 alloc=21380 max=24056
[14:26:39.207] [1;32muart:~$ [m[8D[J[01:49:00.516,000] [0m<inf> shtc3: SHTC3: temperature=23.23 C humidity=38.79 %[0m
[14:26:39.207] [1;32muart:~$ [m[8D[J[1;32muart:~$ [m[8D[JNETMEM up=6570s pktRX=38/40 pktTX=15/16 bufRX=158/160/m102 bufTX=79/80/m6 sysheap_free=11208 alloc=21380 max=24056
[14:27:09.208] [1;32muart:~$ [m[8D[J[1;32muart:~$ [m[8D[JThread analyze:
[14:27:38.071] [1;32muart:~$ [m[8D[J wdt_sentinel_tid    : STACK: unused 432 usage 336 / 768 (43 %); CPU: 0 %
[14:27:38.072] [1;32muart:~$ [m[8D[J                     : Total CPU cycles used: 49409222
[14:27:38.072] [1;32muart:~$ [m[8D[J thread_analyzer     : STACK: unused 112 usage 912 / 1024 (89 %); CPU: 0 %
[14:27:38.073] [1;32muart:~$ [m[8D[J                     : Total CPU cycles used: 14570968
[14:27:38.074] [1;32muart:~$ [m[8D[J sys_wdt_tid         : STACK: unused 704 usage 320 / 1024 (31 %); CPU: 0 %
[14:27:38.074] [1;32muart:~$ [m[8D[J                     : Total CPU cycles used: 8764514
[14:27:38.075] [1;32muart:~$ [m[8D[J shtc3_thread        : STACK: unused 1360 usage 688 / 2048 (33 %); CPU: 0 %
[14:27:38.076] [1;32muart:~$ [m[8D[J                     : Total CPU cycles used: 7136071
[14:27:38.076] [1;32muart:~$ [m[8D[J ntp_thread          : STACK: unused 2480 usage 1616 / 4096 (39 %); CPU: 0 %
[14:27:38.077] [1;32muart:~$ [m[8D[J                     : Total CPU cycles used: 3513507
[14:27:38.078] [1;32muart:~$ [m[8D[J netmem_tid          : STACK: unused 624 usage 656 / 1280 (51 %); CPU: 0 %
[14:27:38.079] [1;32muart:~$ [m[8D[J                     : Total CPU cycles used: 5544532
[14:27:38.079] [1;32muart:~$ [m[8D[J llss_thread         : STACK: unused 11584 usage 4800 / 16384 (29 %); CPU: 0 %
[14:27:38.080] [1;32muart:~$ [m[8D[J                     : Total CPU cycles used: 5795632428
[14:27:38.081] [1;32muart:~$ [m[8D[J input               : STACK: unused 560 usage 464 / 1024 (45 %); CPU: 0 %
[14:27:38.082] [1;32muart:~$ [m[8D[J                     : Total CPU cycles used: 72962
[14:27:38.082] [1;32muart:~$ [m[8D[J display_thread      : STACK: unused 8640 usage 3648 / 12288 (29 %); CPU: 0 %
[14:27:38.083] [1;32muart:~$ [m[8D[J                     : Total CPU cycles used: 400393757
[14:27:38.084] [1;32muart:~$ [m[8D[J device_ui_thread    : STACK: unused 4496 usage 3696 / 8192 (45 %); CPU: 0 %
[14:27:38.084] [1;32muart:~$ [m[8D[J                     : Total CPU cycles used: 10642616501
[14:27:38.085] [1;32muart:~$ [m[8D[J conn_mgr_monitor    : STACK: unused 176 usage 336 / 512 (65 %); CPU: 0 %
[14:27:38.086] [1;32muart:~$ [m[8D[J                     : Total CPU cycles used: 86568
[14:27:38.086] [1;32muart:~$ [m[8D[J net_socket_service  : STACK: unused 3344 usage 752 / 4096 (18 %); CPU: 0 %
[14:27:38.087] [1;32muart:~$ [m[8D[J                     : Total CPU cycles used: 3273706
[14:27:38.088] [1;32muart:~$ [m[8D[J rx_q[0]             : STACK: unused 528 usage 1520 / 2048 (74 %); CPU: 0 %
[14:27:38.089] [1;32muart:~$ [m[8D[J                     : Total CPU cycles used: 1848602357
[14:27:38.089] [1;32muart:~$ [m[8D[J net_mgmt            : STACK: unused 3424 usage 672 / 4096 (16 %); CPU: 0 %
[14:27:38.090] [1;32muart:~$ [m[8D[J                     : Total CPU cycles used: 3336755
[14:27:38.091] [1;32muart:~$ [m[8D[J tcp_work            : STACK: unused 1680 usage 368 / 2048 (17 %); CPU: 0 %
[14:27:38.092] [1;32muart:~$ [m[8D[J                     : Total CPU cycles used: 8802282
[14:27:38.092] [1;32muart:~$ [m[8D[J shell_uart          : STACK: unused 2624 usage 1472 / 4096 (35 %); CPU: 0 %
[14:27:38.093] [1;32muart:~$ [m[8D[J                     : Total CPU cycles used: 126240752
[14:27:38.094] [1;32muart:~$ [m[8D[J wifi                : STACK: unused 1456 usage 2128 / 3584 (59 %); CPU: 0 %
[14:27:38.094] [1;32muart:~$ [m[8D[J                     : Total CPU cycles used: 12617006215
[14:27:38.095] [1;32muart:~$ [m[8D[J sysworkq            : STACK: unused 3248 usage 848 / 4096 (20 %); CPU: 0 %
[14:27:38.096] [1;32muart:~$ [m[8D[J                     : Total CPU cycles used: 155712410
[14:27:38.097] [1;32muart:~$ [m[8D[J esp_timer           : STACK: unused 3472 usage 624 / 4096 (15 %); CPU: 0 %
[14:27:38.097] [1;32muart:~$ [m[8D[J                     : Total CPU cycles used: 596018088
[14:27:38.098] [1;32muart:~$ [m[8D[J logging             : STACK: unused 544 usage 480 / 1024 (46 %); CPU: 0 %
[14:27:38.099] [1;32muart:~$ [m[8D[J                     : Total CPU cycles used: 19968114
[14:27:38.099] [1;32muart:~$ [m[8D[J idle                : STACK: unused 816 usage 208 / 1024 (20 %); CPU: 97 %
[14:27:38.100] [1;32muart:~$ [m[8D[J                     : Total CPU cycles used: 1551050439126
[14:27:38.101] [1;32muart:~$ [m[8D[J ISR0                : STACK: unused 1520 usage 528 / 2048 (25 %); CPU: 0 %
[14:27:38.102] [1;32muart:~$ [m[8D[J                     : Total CPU cycles used: 0
[14:27:38.102] [1;32muart:~$ [m[8D[J[1;32muart:~$ [m[8D[J[1;32muart:~$ [m[8D[JNETMEM up=6600s pktRX=38/40 pktTX=15/16 bufRX=158/160/m102 bufTX=79/80/m6 sysheap_free=11208 alloc=21380 max=24056
[14:27:39.208] [1;32muart:~$ [m[8D[J[01:50:00.519,000] [0m<inf> shtc3: SHTC3: temperature=22.98 C humidity=38.68 %[0m
[14:27:39.209] [1;32muart:~$ [m[8D[J[1;32muart:~$ [m[8D[JNETMEM up=6630s pktRX=38/40 pktTX=15/16 bufRX=158/160/m102 bufTX=79/80/m6 sysheap_free=11208 alloc=21380 max=24056
[14:28:09.208] [1;32muart:~$ [m[8D[J[1;32muart:~$ [m[8D[JNETMEM up=6660s pktRX=38/40 pktTX=15/16 bufRX=158/160/m102 bufTX=79/80/m6 sysheap_free=11208 alloc=21380 max=24056
[14:28:39.209] [1;32muart:~$ [m[8D[J[01:51:00.522,000] [0m<inf> shtc3: SHTC3: temperature=22.98 C humidity=38.57 %[0m
[14:28:39.210] [1;32muart:~$ [m[8D[J[1;32muart:~$ [m[8D[JNETMEM up=6690s pktRX=38/40 pktTX=15/16 bufRX=158/160/m102 bufTX=79/80/m6 sysheap_free=11208 alloc=21380 max=24056
[14:29:09.210] [1;32muart:~$ [m[8D[J[1;32muart:~$ [m[8D[JNETMEM up=6720s pktRX=38/40 pktTX=15/16 bufRX=158/160/m102 bufTX=79/80/m6 sysheap_free=11208 alloc=21380 max=24056
[14:29:39.210] [1;32muart:~$ [m[8D[J[01:52:00.524,000] [0m<inf> shtc3: SHTC3: temperature=22.92 C humidity=38.84 %[0m
[14:29:39.211] [1;32muart:~$ [m[8D[J[1;32muart:~$ [m[8D[JNETMEM up=6750s pktRX=38/40 pktTX=15/16 bufRX=158/160/m102 bufTX=79/80/m6 sysheap_free=11208 alloc=21380 max=24056
[14:30:09.211] [1;32muart:~$ [m[8D[J[1;32muart:~$ [m[8D[JNETMEM up=6780s pktRX=38/40 pktTX=15/16 bufRX=158/160/m102 bufTX=79/80/m6 sysheap_free=11208 alloc=21380 max=24056
[14:30:39.211] [1;32muart:~$ [m[8D[J[01:53:00.527,000] [0m<inf> shtc3: SHTC3: temperature=23.00 C humidity=38.44 %[0m
[14:30:39.212] [1;32muart:~$ [m[8D[J[1;32muart:~$ [m[8D[JNETMEM up=6810s pktRX=38/40 pktTX=15/16 bufRX=158/160/m102 bufTX=79/80/m6 sysheap_free=11208 alloc=21380 max=24056
[14:31:09.212] [1;32muart:~$ [m[8D[J[1;32muart:~$ [m[8D[JNETMEM up=6840s pktRX=38/40 pktTX=15/16 bufRX=158/160/m102 bufTX=79/80/m6 sysheap_free=11208 alloc=21380 max=24056
[14:31:39.212] [1;32muart:~$ [m[8D[J[01:54:00.530,000] [0m<inf> shtc3: SHTC3: temperature=22.94 C humidity=38.65 %[0m
[14:31:39.213] [1;32muart:~$ [m[8D[J[1;32muart:~$ [m[8D[JNETMEM up=6870s pktRX=38/40 pktTX=15/16 bufRX=158/160/m102 bufTX=79/80/m6 sysheap_free=11208 alloc=21380 max=24056
[14:32:09.213] [1;32muart:~$ [m[8D[J[1;32muart:~$ [m[8D[JThread analyze:
[14:32:38.077] [1;32muart:~$ [m[8D[J wdt_sentinel_tid    : STACK: unused 432 usage 336 / 768 (43 %); CPU: 0 %
[14:32:38.078] [1;32muart:~$ [m[8D[J                     : Total CPU cycles used: 51615014
[14:32:38.079] [1;32muart:~$ [m[8D[J thread_analyzer     : STACK: unused 112 usage 912 / 1024 (89 %); CPU: 0 %
[14:32:38.079] [1;32muart:~$ [m[8D[J                     : Total CPU cycles used: 15219785
[14:32:38.080] [1;32muart:~$ [m[8D[J sys_wdt_tid         : STACK: unused 704 usage 320 / 1024 (31 %); CPU: 0 %
[14:32:38.081] [1;32muart:~$ [m[8D[J                     : Total CPU cycles used: 9236176
[14:32:38.081] [1;32muart:~$ [m[8D[J shtc3_thread        : STACK: unused 1360 usage 688 / 2048 (33 %); CPU: 0 %
[14:32:38.082] [1;32muart:~$ [m[8D[J                     : Total CPU cycles used: 7435799
[14:32:38.083] [1;32muart:~$ [m[8D[J ntp_thread          : STACK: unused 2480 usage 1616 / 4096 (39 %); CPU: 0 %
[14:32:38.083] [1;32muart:~$ [m[8D[J                     : Total CPU cycles used: 3513507
[14:32:38.084] [1;32muart:~$ [m[8D[J netmem_tid          : STACK: unused 624 usage 656 / 1280 (51 %); CPU: 0 %
[14:32:38.085] [1;32muart:~$ [m[8D[J                     : Total CPU cycles used: 5817114
[14:32:38.086] [1;32muart:~$ [m[8D[J llss_thread         : STACK: unused 11584 usage 4800 / 16384 (29 %); CPU: 0 %
[14:32:38.086] [1;32muart:~$ [m[8D[J                     : Total CPU cycles used: 5871455466
[14:32:38.087] [1;32muart:~$ [m[8D[J input               : STACK: unused 560 usage 464 / 1024 (45 %); CPU: 0 %
[14:32:38.088] [1;32muart:~$ [m[8D[J                     : Total CPU cycles used: 72962
[14:32:38.088] [1;32muart:~$ [m[8D[J display_thread      : STACK: unused 8640 usage 3648 / 12288 (29 %); CPU: 0 %
[14:32:38.089] [1;32muart:~$ [m[8D[J                     : Total CPU cycles used: 400393757
[14:32:38.090] [1;32muart:~$ [m[8D[J device_ui_thread    : STACK: unused 4496 usage 3696 / 8192 (45 %); CPU: 0 %
[14:32:38.091] [1;32muart:~$ [m[8D[J                     : Total CPU cycles used: 11166571349
[14:32:38.091] [1;32muart:~$ [m[8D[J conn_mgr_monitor    : STACK: unused 176 usage 336 / 512 (65 %); CPU: 0 %
[14:32:38.092] [1;32muart:~$ [m[8D[J                     : Total CPU cycles used: 86568
[14:32:38.093] [1;32muart:~$ [m[8D[J net_socket_service  : STACK: unused 3344 usage 752 / 4096 (18 %); CPU: 0 %
[14:32:38.093] [1;32muart:~$ [m[8D[J                     : Total CPU cycles used: 3273706
[14:32:38.095] [1;32muart:~$ [m[8D[J rx_q[0]             : STACK: unused 528 usage 1520 / 2048 (74 %); CPU: 0 %
[14:32:38.095] [1;32muart:~$ [m[8D[J                     : Total CPU cycles used: 1906515146
[14:32:38.096] [1;32muart:~$ [m[8D[J net_mgmt            : STACK: unused 3424 usage 672 / 4096 (16 %); CPU: 0 %
[14:32:38.096] [1;32muart:~$ [m[8D[J                     : Total CPU cycles used: 3455237
[14:32:38.097] [1;32muart:~$ [m[8D[J tcp_work            : STACK: unused 1680 usage 368 / 2048 (17 %); CPU: 0 %
[14:32:38.098] [1;32muart:~$ [m[8D[J                     : Total CPU cycles used: 8802282
[14:32:38.098] [1;32muart:~$ [m[8D[J shell_uart          : STACK: unused 2624 usage 1472 / 4096 (35 %); CPU: 0 %
[14:32:38.099] [1;32muart:~$ [m[8D[J                     : Total CPU cycles used: 129903143
[14:32:38.100] [1;32muart:~$ [m[8D[J wifi                : STACK: unused 1456 usage 2128 / 3584 (59 %); CPU: 0 %
[14:32:38.101] [1;32muart:~$ [m[8D[J                     : Total CPU cycles used: 13143290873
[14:32:38.101] [1;32muart:~$ [m[8D[J sysworkq            : STACK: unused 3248 usage 848 / 4096 (20 %); CPU: 0 %
[14:32:38.102] [1;32muart:~$ [m[8D[J                     : Total CPU cycles used: 163308772
[14:32:38.103] [1;32muart:~$ [m[8D[J esp_timer           : STACK: unused 3472 usage 624 / 4096 (15 %); CPU: 0 %
[14:32:38.104] [1;32muart:~$ [m[8D[J                     : Total CPU cycles used: 623193380
[14:32:38.104] [1;32muart:~$ [m[8D[J logging             : STACK: unused 544 usage 480 / 1024 (46 %); CPU: 0 %
[14:32:38.105] [1;32muart:~$ [m[8D[J                     : Total CPU cycles used: 20480665
[14:32:38.106] [1;32muart:~$ [m[8D[J idle                : STACK: unused 816 usage 208 / 1024 (20 %); CPU: 97 %
[14:32:38.106] [1;32muart:~$ [m[8D[J                     : Total CPU cycles used: 1621808083344
[14:32:38.107] [1;32muart:~$ [m[8D[J ISR0                : STACK: unused 1520 usage 528 / 2048 (25 %); CPU: 0 %
[14:32:38.108] [1;32muart:~$ [m[8D[J                     : Total CPU cycles used: 0
[14:32:38.108] [1;32muart:~$ [m[8D[J[1;32muart:~$ [m[8D[J[1;32muart:~$ [m[8D[JNETMEM up=6900s pktRX=38/40 pktTX=15/16 bufRX=158/160/m102 bufTX=79/80/m6 sysheap_free=11172 alloc=21416 max=24056
[14:32:39.213] [1;32muart:~$ [m[8D[J[01:55:00.533,000] [0m<inf> shtc3: SHTC3: temperature=23.08 C humidity=38.69 %[0m
[14:32:39.214] [1;32muart:~$ [m[8D[J[1;32muart:~$ [m[8D[JNETMEM up=6930s pktRX=38/40 pktTX=15/16 bufRX=158/160/m102 bufTX=79/80/m6 sysheap_free=11208 alloc=21380 max=24056
[14:33:09.214] [1;32muart:~$ [m[8D[J[1;32muart:~$ [m[8D[JNETMEM up=6960s pktRX=38/40 pktTX=15/16 bufRX=158/160/m102 bufTX=79/80/m6 sysheap_free=11208 alloc=21380 max=24056
[14:33:39.214] [1;32muart:~$ [m[8D[J[01:56:00.536,000] [0m<inf> shtc3: SHTC3: temperature=23.04 C humidity=38.54 %[0m
[14:33:39.215] [1;32muart:~$ [m[8D[J[1;32muart:~$ [m[8D[JNETMEM up=6990s pktRX=38/40 pktTX=15/16 bufRX=158/160/m102 bufTX=79/80/m6 sysheap_free=11208 alloc=21380 max=24056
[14:34:09.215] [1;32muart:~$ [m[8D[J[1;32muart:~$ [m[8D[JNETMEM up=7020s pktRX=38/40 pktTX=15/16 bufRX=158/160/m102 bufTX=79/80/m6 sysheap_free=11208 alloc=21380 max=24056
[14:34:39.215] [1;32muart:~$ [m[8D[J[01:57:00.539,000] [0m<inf> shtc3: SHTC3: temperature=22.91 C humidity=38.68 %[0m
[14:34:39.217] [1;32muart:~$ [m[8D[J[1;32muart:~$ [m[8D[JNETMEM up=7050s pktRX=38/40 pktTX=15/16 bufRX=158/160/m102 bufTX=79/80/m6 sysheap_free=11208 alloc=21380 max=24056
[14:35:09.216] [1;32muart:~$ [m[8D[J[1;32muart:~$ [m[8D[JNETMEM up=7080s pktRX=38/40 pktTX=15/16 bufRX=158/160/m102 bufTX=79/80/m6 sysheap_free=11208 alloc=21380 max=24056
[14:35:39.216] [1;32muart:~$ [m[8D[J[01:58:00.541,000] [0m<inf> shtc3: SHTC3: temperature=22.86 C humidity=38.49 %[0m
[14:35:39.217] [1;32muart:~$ [m[8D[J[1;32muart:~$ [m[8D[JNETMEM up=7110s pktRX=38/40 pktTX=15/16 bufRX=158/160/m102 bufTX=79/80/m6 sysheap_free=11208 alloc=21380 max=24056
[14:36:09.217] [1;32muart:~$ [m[8D[J[1;32muart:~$ [m[8D[JNETMEM up=7140s pktRX=38/40 pktTX=15/16 bufRX=158/160/m102 bufTX=79/80/m6 sysheap_free=11208 alloc=21380 max=24056
[14:36:39.217] [1;32muart:~$ [m[8D[J[01:59:00.544,000] [0m<inf> shtc3: SHTC3: temperature=22.95 C humidity=38.32 %[0m
[14:36:39.218] [1;32muart:~$ [m[8D[J[1;32muart:~$ [m[8D[JNETMEM up=7170s pktRX=38/40 pktTX=15/16 bufRX=158/160/m102 bufTX=79/80/m6 sysheap_free=11208 alloc=21380 max=24056
[14:37:09.217] [1;32muart:~$ [m[8D[J[1;32muart:~$ [m[8D[JThread analyze:
[14:37:38.083] [1;32muart:~$ [m[8D[J wdt_sentinel_tid    : STACK: unused 432 usage 336 / 768 (43 %); CPU: 0 %
[14:37:38.083] [1;32muart:~$ [m[8D[J                     : Total CPU cycles used: 53836104
[14:37:38.084] [1;32muart:~$ [m[8D[J thread_analyzer     : STACK: unused 112 usage 912 / 1024 (89 %); CPU: 0 %
[14:37:38.085] [1;32muart:~$ [m[8D[J                     : Total CPU cycles used: 15871229
[14:37:38.085] [1;32muart:~$ [m[8D[J sys_wdt_tid         : STACK: unused 704 usage 320 / 1024 (31 %); CPU: 0 %
[14:37:38.086] [1;32muart:~$ [m[8D[J                     : Total CPU cycles used: 9681790
[14:37:38.087] [1;32muart:~$ [m[8D[J shtc3_thread        : STACK: unused 1360 usage 688 / 2048 (33 %); CPU: 0 %
[14:37:38.088] [1;32muart:~$ [m[8D[J                     : Total CPU cycles used: 7744582
[14:37:38.088] [1;32muart:~$ [m[8D[J ntp_thread          : STACK: unused 2480 usage 1616 / 4096 (39 %); CPU: 0 %
[14:37:38.089] [1;32muart:~$ [m[8D[J                     : Total CPU cycles used: 3513507
[14:37:38.090] [1;32muart:~$ [m[8D[J netmem_tid          : STACK: unused 624 usage 656 / 1280 (51 %); CPU: 0 %
[14:37:38.090] [1;32muart:~$ [m[8D[J                     : Total CPU cycles used: 6087112
[14:37:38.091] [1;32muart:~$ [m[8D[J llss_thread         : STACK: unused 11584 usage 4800 / 16384 (29 %); CPU: 0 %
[14:37:38.092] [1;32muart:~$ [m[8D[J                     : Total CPU cycles used: 5944759432
[14:37:38.093] [1;32muart:~$ [m[8D[J input               : STACK: unused 560 usage 464 / 1024 (45 %); CPU: 0 %
[14:37:38.093] [1;32muart:~$ [m[8D[J                     : Total CPU cycles used: 72962
[14:37:38.094] [1;32muart:~$ [m[8D[J display_thread      : STACK: unused 8640 usage 3648 / 12288 (29 %); CPU: 0 %
[14:37:38.095] [1;32muart:~$ [m[8D[J                     : Total CPU cycles used: 400393757
[14:37:38.095] [1;32muart:~$ [m[8D[J device_ui_thread    : STACK: unused 4496 usage 3696 / 8192 (45 %); CPU: 0 %
[14:37:38.096] [1;32muart:~$ [m[8D[J                     : Total CPU cycles used: 11715340106
[14:37:38.097] [1;32muart:~$ [m[8D[J conn_mgr_monitor    : STACK: unused 176 usage 336 / 512 (65 %); CPU: 0 %
[14:37:38.098] [1;32muart:~$ [m[8D[J                     : Total CPU cycles used: 86568
[14:37:38.098] [1;32muart:~$ [m[8D[J net_socket_service  : STACK: unused 3344 usage 752 / 4096 (18 %); CPU: 0 %
[14:37:38.099] [1;32muart:~$ [m[8D[J                     : Total CPU cycles used: 3273706
[14:37:38.100] [1;32muart:~$ [m[8D[J rx_q[0]             : STACK: unused 528 usage 1520 / 2048 (74 %); CPU: 0 %
[14:37:38.100] [1;32muart:~$ [m[8D[J                     : Total CPU cycles used: 1965560235
[14:37:38.101] [1;32muart:~$ [m[8D[J net_mgmt            : STACK: unused 3424 usage 672 / 4096 (16 %); CPU: 0 %
[14:37:38.102] [1;32muart:~$ [m[8D[J                     : Total CPU cycles used: 3582997
[14:37:38.103] [1;32muart:~$ [m[8D[J tcp_work            : STACK: unused 1680 usage 368 / 2048 (17 %); CPU: 0 %
[14:37:38.103] [1;32muart:~$ [m[8D[J                     : Total CPU cycles used: 8802282
[14:37:38.104] [1;32muart:~$ [m[8D[J shell_uart          : STACK: unused 2624 usage 1472 / 4096 (35 %); CPU: 0 %
[14:37:38.105] [1;32muart:~$ [m[8D[J                     : Total CPU cycles used: 133615451
[14:37:38.105] [1;32muart:~$ [m[8D[J wifi                : STACK: unused 1456 usage 2128 / 3584 (59 %); CPU: 0 %
[14:37:38.106] [1;32muart:~$ [m[8D[J                     : Total CPU cycles used: 13668986811
[14:37:38.107] [1;32muart:~$ [m[8D[J sysworkq            : STACK: unused 3248 usage 848 / 4096 (20 %); CPU: 0 %
[14:37:38.108] [1;32muart:~$ [m[8D[J                     : Total CPU cycles used: 169502383
[14:37:38.108] [1;32muart:~$ [m[8D[J esp_timer           : STACK: unused 3472 usage 624 / 4096 (15 %); CPU: 0 %
[14:37:38.109] [1;32muart:~$ [m[8D[J                     : Total CPU cycles used: 650066892
[14:37:38.110] [1;32muart:~$ [m[8D[J logging             : STACK: unused 544 usage 480 / 1024 (46 %); CPU: 0 %
[14:37:38.110] [1;32muart:~$ [m[8D[J                     : Total CPU cycles used: 20984162
[14:37:38.111] [1;32muart:~$ [m[8D[J idle                : STACK: unused 816 usage 208 / 1024 (20 %); CPU: 97 %
[14:37:38.112] [1;32muart:~$ [m[8D[J                     : Total CPU cycles used: 1692545003299
[14:37:38.113] [1;32muart:~$ [m[8D[J ISR0                : STACK: unused 1520 usage 528 / 2048 (25 %); CPU: 0 %
[14:37:38.113] [1;32muart:~$ [m[8D[J                     : Total CPU cycles used: 0
[14:37:38.114] [1;32muart:~$ [m[8D[J[1;32muart:~$ [m[8D[J[1;32muart:~$ [m[8D[JNETMEM up=7200s pktRX=38/40 pktTX=15/16 bufRX=158/160/m102 bufTX=79/80/m6 sysheap_free=11208 alloc=21380 max=24056
[14:37:39.218] [1;32muart:~$ [m[8D[J[02:00:00.547,000] [0m<inf> shtc3: SHTC3: temperature=22.92 C humidity=38.50 %[0m
[14:37:39.219] [1;32muart:~$ [m[8D[J[1;32muart:~$ [m[8D[J[02:00:09.716,000] [0m<inf> wifi_prov: WiFi STA connected: tutu[0m
[14:37:48.530] [1;32muart:~$ [m[8D[J[1;32muart:~$ [m[8D[J[02:00:28.045,000] [0m<inf> ntp_sync: NTP synced: 2026-06-18 17:38:05 UTC[0m
[14:38:06.859] [1;32muart:~$ [m[8D[J[1;32muart:~$ [m[8D[JNETMEM up=7230s pktRX=38/40 pktTX=15/16 bufRX=158/160/m102 bufTX=79/80/m6 sysheap_free=11208 alloc=21380 max=24056
[14:38:09.219] [1;32muart:~$ [m[8D[J[1;32muart:~$ [m[8D[JNETMEM up=7260s pktRX=38/40 pktTX=15/16 bufRX=158/160/m102 bufTX=79/80/m6 sysheap_free=11172 alloc=21416 max=24056
[14:38:39.219] [1;32muart:~$ [m[8D[J[02:01:00.550,000] [0m<inf> shtc3: SHTC3: temperature=22.95 C humidity=38.63 %[0m
[14:38:39.220] [1;32muart:~$ [m[8D[J[1;32muart:~$ [m[8D[JNETMEM up=7290s pktRX=38/40 pktTX=15/16 bufRX=158/160/m102 bufTX=79/80/m6 sysheap_free=11208 alloc=21380 max=24056
[14:39:09.219] [1;32muart:~$ [m[8D[J[1;32muart:~$ [m[8D[JNETMEM up=7320s pktRX=38/40 pktTX=15/16 bufRX=158/160/m102 bufTX=79/80/m6 sysheap_free=11208 alloc=21380 max=24056
[14:39:39.220] [1;32muart:~$ [m[8D[J[02:02:00.553,000] [0m<inf> shtc3: SHTC3: temperature=22.98 C humidity=39.13 %[0m
[14:39:39.221] [1;32muart:~$ [m[8D[J[1;32muart:~$ [m[8D[JNETMEM up=7350s pktRX=38/40 pktTX=15/16 bufRX=158/160/m102 bufTX=79/80/m6 sysheap_free=11208 alloc=21380 max=24056
[14:40:09.221] [1;32muart:~$ [m[8D[J[1;32muart:~$ [m[8D[JNETMEM up=7380s pktRX=38/40 pktTX=15/16 bufRX=158/160/m102 bufTX=79/80/m6 sysheap_free=11208 alloc=21380 max=24056
[14:40:39.221] [1;32muart:~$ [m[8D[J[02:03:00.556,000] [0m<inf> shtc3: SHTC3: temperature=22.90 C humidity=38.98 %[0m
[14:40:39.221] [1;32muart:~$ [m[8D[J[1;32muart:~$ [m[8D[JNETMEM up=7410s pktRX=38/40 pktTX=15/16 bufRX=158/160/m102 bufTX=79/80/m6 sysheap_free=11208 alloc=21380 max=24056
[14:41:09.221] [1;32muart:~$ [m[8D[J[1;32muart:~$ [m[8D[JNETMEM up=7440s pktRX=38/40 pktTX=15/16 bufRX=158/160/m102 bufTX=79/80/m6 sysheap_free=11208 alloc=21380 max=24056
[14:41:39.222] [1;32muart:~$ [m[8D[J[02:04:00.558,000] [0m<inf> shtc3: SHTC3: temperature=23.20 C humidity=38.93 %[0m
[14:41:39.222] [1;32muart:~$ [m[8D[J[1;32muart:~$ [m[8D[JNETMEM up=7470s pktRX=38/40 pktTX=15/16 bufRX=158/160/m102 bufTX=79/80/m6 sysheap_free=11208 alloc=21380 max=24056
[14:42:09.222] [1;32muart:~$ [m[8D[J[1;32muart:~$ [m[8D[JThread analyze:
[14:42:38.088] [1;32muart:~$ [m[8D[J wdt_sentinel_tid    : STACK: unused 432 usage 336 / 768 (43 %); CPU: 0 %
[14:42:38.089] [1;32muart:~$ [m[8D[J                     : Total CPU cycles used: 56055404
[14:42:38.089] [1;32muart:~$ [m[8D[J thread_analyzer     : STACK: unused 112 usage 912 / 1024 (89 %); CPU: 0 %
[14:42:38.090] [1;32muart:~$ [m[8D[J                     : Total CPU cycles used: 16518590
[14:42:38.091] [1;32muart:~$ [m[8D[J sys_wdt_tid         : STACK: unused 704 usage 320 / 1024 (31 %); CPU: 0 %
[14:42:38.092] [1;32muart:~$ [m[8D[J                     : Total CPU cycles used: 10141473
[14:42:38.092] [1;32muart:~$ [m[8D[J shtc3_thread        : STACK: unused 1360 usage 688 / 2048 (33 %); CPU: 0 %
[14:42:38.093] [1;32muart:~$ [m[8D[J                     : Total CPU cycles used: 8071508
[14:42:38.094] [1;32muart:~$ [m[8D[J ntp_thread          : STACK: unused 2480 usage 1616 / 4096 (39 %); CPU: 0 %
[14:42:38.094] [1;32muart:~$ [m[8D[J                     : Total CPU cycles used: 4850859
[14:42:38.095] [1;32muart:~$ [m[8D[J netmem_tid          : STACK: unused 624 usage 656 / 1280 (51 %); CPU: 0 %
[14:42:38.096] [1;32muart:~$ [m[8D[J                     : Total CPU cycles used: 6340659
[14:42:38.096] [1;32muart:~$ [m[8D[J llss_thread         : STACK: unused 11584 usage 4800 / 16384 (29 %); CPU: 0 %
[14:42:38.097] [1;32muart:~$ [m[8D[J                     : Total CPU cycles used: 6017099410
[14:42:38.098] [1;32muart:~$ [m[8D[J input               : STACK: unused 560 usage 464 / 1024 (45 %); CPU: 0 %
[14:42:38.099] [1;32muart:~$ [m[8D[J                     : Total CPU cycles used: 72962
[14:42:38.099] [1;32muart:~$ [m[8D[J display_thread      : STACK: unused 8640 usage 3648 / 12288 (29 %); CPU: 0 %
[14:42:38.100] [1;32muart:~$ [m[8D[J                     : Total CPU cycles used: 400393757
[14:42:38.101] [1;32muart:~$ [m[8D[J device_ui_thread    : STACK: unused 4496 usage 3696 / 8192 (45 %); CPU: 0 %
[14:42:38.102] [1;32muart:~$ [m[8D[J                     : Total CPU cycles used: 12263688489
[14:42:38.102] [1;32muart:~$ [m[8D[J conn_mgr_monitor    : STACK: unused 176 usage 336 / 512 (65 %); CPU: 0 %
[14:42:38.103] [1;32muart:~$ [m[8D[J                     : Total CPU cycles used: 86568
[14:42:38.104] [1;32muart:~$ [m[8D[J net_socket_service  : STACK: unused 3344 usage 752 / 4096 (18 %); CPU: 0 %
[14:42:38.104] [1;32muart:~$ [m[8D[J                     : Total CPU cycles used: 3725934
[14:42:38.105] [1;32muart:~$ [m[8D[J rx_q[0]             : STACK: unused 528 usage 1520 / 2048 (74 %); CPU: 0 %
[14:42:38.106] [1;32muart:~$ [m[8D[J                     : Total CPU cycles used: 2025299199
[14:42:38.106] [1;32muart:~$ [m[8D[J net_mgmt            : STACK: unused 3424 usage 672 / 4096 (16 %); CPU: 0 %
[14:42:38.107] [1;32muart:~$ [m[8D[J                     : Total CPU cycles used: 3739884
[14:42:38.108] [1;32muart:~$ [m[8D[J tcp_work            : STACK: unused 1680 usage 368 / 2048 (17 %); CPU: 0 %
[14:42:38.109] [1;32muart:~$ [m[8D[J                     : Total CPU cycles used: 8802282
[14:42:38.109] [1;32muart:~$ [m[8D[J shell_uart          : STACK: unused 2624 usage 1472 / 4096 (35 %); CPU: 0 %
[14:42:38.110] [1;32muart:~$ [m[8D[J                     : Total CPU cycles used: 137596684
[14:42:38.111] [1;32muart:~$ [m[8D[J wifi                : STACK: unused 1456 usage 2128 / 3584 (59 %); CPU: 0 %
[14:42:38.112] [1;32muart:~$ [m[8D[J                     : Total CPU cycles used: 14183544041
[14:42:38.112] [1;32muart:~$ [m[8D[J sysworkq            : STACK: unused 3248 usage 848 / 4096 (20 %); CPU: 0 %
[14:42:38.113] [1;32muart:~$ [m[8D[J                     : Total CPU cycles used: 176708896
[14:42:38.114] [1;32muart:~$ [m[8D[J esp_timer           : STACK: unused 3472 usage 624 / 4096 (15 %); CPU: 0 %
[14:42:38.114] [1;32muart:~$ [m[8D[J                     : Total CPU cycles used: 676949738
[14:42:38.115] [1;32muart:~$ [m[8D[J logging             : STACK: unused 544 usage 480 / 1024 (46 %); CPU: 0 %
[14:42:38.116] [1;32muart:~$ [m[8D[J                     : Total CPU cycles used: 21554294
[14:42:38.117] [1;32muart:~$ [m[8D[J idle                : STACK: unused 816 usage 208 / 1024 (20 %); CPU: 97 %
[14:42:38.117] [1;32muart:~$ [m[8D[J                     : Total CPU cycles used: 1763290342660
[14:42:38.118] [1;32muart:~$ [m[8D[J ISR0                : STACK: unused 1520 usage 528 / 2048 (25 %); CPU: 0 %
[14:42:38.119] [1;32muart:~$ [m[8D[J                     : Total CPU cycles used: 0
[14:42:38.119] [1;32muart:~$ [m[8D[J[1;32muart:~$ [m[8D[J[1;32muart:~$ [m[8D[JNETMEM up=7500s pktRX=38/40 pktTX=15/16 bufRX=158/160/m102 bufTX=79/80/m6 sysheap_free=11208 alloc=21380 max=24056
[14:42:39.222] [1;32muart:~$ [m[8D[J[02:05:00.561,000] [0m<inf> shtc3: SHTC3: temperature=23.01 C humidity=38.98 %[0m
[14:42:39.223] [1;32muart:~$ [m[8D[J[1;32muart:~$ [m[8D[JNETMEM up=7530s pktRX=38/40 pktTX=15/16 bufRX=158/160/m102 bufTX=79/80/m6 sysheap_free=11208 alloc=21380 max=24056
[14:43:09.223] [1;32muart:~$ [m[8D[J[1;32muart:~$ [m[8D[JNETMEM up=7560s pktRX=38/40 pktTX=15/16 bufRX=158/160/m102 bufTX=79/80/m6 sysheap_free=11208 alloc=21380 max=24056
[14:43:39.223] [1;32muart:~$ [m[8D[J[02:06:00.564,000] [0m<inf> shtc3: SHTC3: temperature=22.91 C humidity=38.98 %[0m
[14:43:39.224] [1;32muart:~$ [m[8D[J[1;32muart:~$ [m[8D[JNETMEM up=7590s pktRX=38/40 pktTX=15/16 bufRX=158/160/m102 bufTX=79/80/m6 sysheap_free=11208 alloc=21380 max=24056
[14:44:09.224] [1;32muart:~$ [m[8D[J[1;32muart:~$ [m[8D[JNETMEM up=7620s pktRX=38/40 pktTX=15/16 bufRX=158/160/m102 bufTX=79/80/m6 sysheap_free=11208 alloc=21380 max=24056
[14:44:39.224] [1;32muart:~$ [m[8D[J[02:07:00.567,000] [0m<inf> shtc3: SHTC3: temperature=22.89 C humidity=38.68 %[0m
[14:44:39.225] [1;32muart:~$ [m[8D[J[1;32muart:~$ [m[8D[JNETMEM up=7650s pktRX=38/40 pktTX=15/16 bufRX=158/160/m102 bufTX=79/80/m6 sysheap_free=11208 alloc=21380 max=24056
[14:45:09.225] [1;32muart:~$ [m[8D[J[1;32muart:~$ [m[8D[JNETMEM up=7680s pktRX=38/40 pktTX=15/16 bufRX=158/160/m102 bufTX=79/80/m6 sysheap_free=11208 alloc=21380 max=24056
[14:45:39.225] [1;32muart:~$ [m[8D[J[02:08:00.570,000] [0m<inf> shtc3: SHTC3: temperature=22.95 C humidity=39.05 %[0m
[14:45:39.226] [1;32muart:~$ [m[8D[J[1;32muart:~$ [m[8D[JNETMEM up=7710s pktRX=38/40 pktTX=15/16 bufRX=158/160/m102 bufTX=79/80/m6 sysheap_free=11208 alloc=21380 max=24056
[14:46:09.225] [1;32muart:~$ [m[8D[J[1;32muart:~$ [m[8D[JNETMEM up=7740s pktRX=38/40 pktTX=15/16 bufRX=158/160/m102 bufTX=79/80/m6 sysheap_free=11208 alloc=21380 max=24056
[14:46:39.226] [1;32muart:~$ [m[8D[J[02:09:00.573,000] [0m<inf> shtc3: SHTC3: temperature=22.83 C humidity=38.84 %[0m
[14:46:39.227] [1;32muart:~$ [m[8D[J[1;32muart:~$ [m[8D[JNETMEM up=7770s pktRX=38/40 pktTX=15/16 bufRX=158/160/m102 bufTX=79/80/m6 sysheap_free=11208 alloc=21380 max=24056
[14:47:09.227] [1;32muart:~$ [m[8D[J[1;32muart:~$ [m[8D[JThread analyze:
[14:47:38.093] [1;32muart:~$ [m[8D[J wdt_sentinel_tid    : STACK: unused 432 usage 336 / 768 (43 %); CPU: 0 %
[14:47:38.094] [1;32muart:~$ [m[8D[J                     : Total CPU cycles used: 58310417
[14:47:38.094] [1;32muart:~$ [m[8D[J thread_analyzer     : STACK: unused 112 usage 912 / 1024 (89 %); CPU: 0 %
[14:47:38.095] [1;32muart:~$ [m[8D[J                     : Total CPU cycles used: 17170196
[14:47:38.096] [1;32muart:~$ [m[8D[J sys_wdt_tid         : STACK: unused 704 usage 320 / 1024 (31 %); CPU: 0 %
[14:47:38.097] [1;32muart:~$ [m[8D[J                     : Total CPU cycles used: 10570444
[14:47:38.097] [1;32muart:~$ [m[8D[J shtc3_thread        : STACK: unused 1360 usage 688 / 2048 (33 %); CPU: 0 %
[14:47:38.098] [1;32muart:~$ [m[8D[J                     : Total CPU cycles used: 8412193
[14:47:38.099] [1;32muart:~$ [m[8D[J ntp_thread          : STACK: unused 2480 usage 1616 / 4096 (39 %); CPU: 0 %
[14:47:38.099] [1;32muart:~$ [m[8D[J                     : Total CPU cycles used: 4850859
[14:47:38.100] [1;32muart:~$ [m[8D[J netmem_tid          : STACK: unused 624 usage 656 / 1280 (51 %); CPU: 0 %
[14:47:38.101] [1;32muart:~$ [m[8D[J                     : Total CPU cycles used: 6603488
[14:47:38.101] [1;32muart:~$ [m[8D[J llss_thread         : STACK: unused 11584 usage 4800 / 16384 (29 %); CPU: 0 %
[14:47:38.102] [1;32muart:~$ [m[8D[J                     : Total CPU cycles used: 6095494572
[14:47:38.103] [1;32muart:~$ [m[8D[J input               : STACK: unused 560 usage 464 / 1024 (45 %); CPU: 0 %
[14:47:38.104] [1;32muart:~$ [m[8D[J                     : Total CPU cycles used: 72962
[14:47:38.104] [1;32muart:~$ [m[8D[J display_thread      : STACK: unused 8640 usage 3648 / 12288 (29 %); CPU: 0 %
[14:47:38.105] [1;32muart:~$ [m[8D[J                     : Total CPU cycles used: 400393757
[14:47:38.106] [1;32muart:~$ [m[8D[J device_ui_thread    : STACK: unused 4496 usage 3696 / 8192 (45 %); CPU: 0 %
[14:47:38.107] [1;32muart:~$ [m[8D[J                     : Total CPU cycles used: 12812033462
[14:47:38.107] [1;32muart:~$ [m[8D[J conn_mgr_monitor    : STACK: unused 176 usage 336 / 512 (65 %); CPU: 0 %
[14:47:38.108] [1;32muart:~$ [m[8D[J                     : Total CPU cycles used: 86568
[14:47:38.109] [1;32muart:~$ [m[8D[J net_socket_service  : STACK: unused 3344 usage 752 / 4096 (18 %); CPU: 0 %
[14:47:38.109] [1;32muart:~$ [m[8D[J                     : Total CPU cycles used: 3725934
[14:47:38.110] [1;32muart:~$ [m[8D[J rx_q[0]             : STACK: unused 528 usage 1520 / 2048 (74 %); CPU: 0 %
[14:47:38.111] [1;32muart:~$ [m[8D[J                     : Total CPU cycles used: 2082800498
[14:47:38.111] [1;32muart:~$ [m[8D[J net_mgmt            : STACK: unused 3424 usage 672 / 4096 (16 %); CPU: 0 %
[14:47:38.112] [1;32muart:~$ [m[8D[J                     : Total CPU cycles used: 3863708
[14:47:38.113] [1;32muart:~$ [m[8D[J tcp_work            : STACK: unused 1680 usage 368 / 2048 (17 %); CPU: 0 %
[14:47:38.114] [1;32muart:~$ [m[8D[J                     : Total CPU cycles used: 8802282
[14:47:38.114] [1;32muart:~$ [m[8D[J shell_uart          : STACK: unused 2624 usage 1472 / 4096 (35 %); CPU: 0 %
[14:47:38.115] [1;32muart:~$ [m[8D[J                     : Total CPU cycles used: 141262156
[14:47:38.116] [1;32muart:~$ [m[8D[J wifi                : STACK: unused 1456 usage 2128 / 3584 (59 %); CPU: 0 %
[14:47:38.117] [1;32muart:~$ [m[8D[J                     : Total CPU cycles used: 14696841533
[14:47:38.117] [1;32muart:~$ [m[8D[J sysworkq            : STACK: unused 3248 usage 848 / 4096 (20 %); CPU: 0 %
[14:47:38.118] [1;32muart:~$ [m[8D[J                     : Total CPU cycles used: 183517972
[14:47:38.119] [1;32muart:~$ [m[8D[J esp_timer           : STACK: unused 3472 usage 624 / 4096 (15 %); CPU: 0 %
[14:47:38.119] [1;32muart:~$ [m[8D[J                     : Total CPU cycles used: 703650622
[14:47:38.120] [1;32muart:~$ [m[8D[J logging             : STACK: unused 544 usage 480 / 1024 (46 %); CPU: 0 %
[14:47:38.121] [1;32muart:~$ [m[8D[J                     : Total CPU cycles used: 22061882
[14:47:38.122] [1;32muart:~$ [m[8D[J idle                : STACK: unused 816 usage 208 / 1024 (20 %); CPU: 97 %
[14:47:38.122] [1;32muart:~$ [m[8D[J                     : Total CPU cycles used: 1834036018873
[14:47:38.123] [1;32muart:~$ [m[8D[J ISR0                : STACK: unused 1520 usage 528 / 2048 (25 %); CPU: 0 %
[14:47:38.124] [1;32muart:~$ [m[8D[J                     : Total CPU cycles used: 0
[14:47:38.124] [1;32muart:~$ [m[8D[J[1;32muart:~$ [m[8D[J[1;32muart:~$ [m[8D[JNETMEM up=7800s pktRX=38/40 pktTX=15/16 bufRX=158/160/m102 bufTX=79/80/m6 sysheap_free=11208 alloc=21380 max=24056
[14:47:39.227] [1;32muart:~$ [m[8D[J[02:10:00.576,000] [0m<inf> shtc3: SHTC3: temperature=23.27 C humidity=39.16 %[0m
[14:47:39.228] [1;32muart:~$ [m[8D[J[1;32muart:~$ [m[8D[JNETMEM up=7830s pktRX=38/40 pktTX=15/16 bufRX=158/160/m102 bufTX=79/80/m6 sysheap_free=11208 alloc=21380 max=24056
[14:48:09.227] [1;32muart:~$ [m[8D[J[1;32muart:~$ [m[8D[JNETMEM up=7860s pktRX=38/40 pktTX=15/16 bufRX=158/160/m102 bufTX=79/80/m6 sysheap_free=11208 alloc=21380 max=24056
[14:48:39.228] [1;32muart:~$ [m[8D[J[02:11:00.579,000] [0m<inf> shtc3: SHTC3: temperature=23.04 C humidity=39.39 %[0m
[14:48:39.229] [1;32muart:~$ [m[8D[J[1;32muart:~$ [m[8D[JNETMEM up=7890s pktRX=38/40 pktTX=15/16 bufRX=158/160/m102 bufTX=79/80/m6 sysheap_free=11208 alloc=21380 max=24056
[14:49:09.228] [1;32muart:~$ [m[8D[J[1;32muart:~$ [m[8D[JNETMEM up=7920s pktRX=38/40 pktTX=15/16 bufRX=158/160/m102 bufTX=79/80/m6 sysheap_free=11208 alloc=21380 max=24056
[14:49:39.229] [1;32muart:~$ [m[8D[J[02:12:00.582,000] [0m<inf> shtc3: SHTC3: temperature=22.98 C humidity=39.00 %[0m
[14:49:39.229] [1;32muart:~$ [m[8D[J[1;32muart:~$ [m[8D[JNETMEM up=7950s pktRX=38/40 pktTX=15/16 bufRX=158/160/m102 bufTX=79/80/m6 sysheap_free=11208 alloc=21380 max=24056
[14:50:09.229] [1;32muart:~$ [m[8D[J[1;32muart:~$ [m[8D[JNETMEM up=7980s pktRX=38/40 pktTX=15/16 bufRX=158/160/m102 bufTX=79/80/m6 sysheap_free=11208 alloc=21380 max=24056
[14:50:39.230] [1;32muart:~$ [m[8D[J[02:13:00.585,000] [0m<inf> shtc3: SHTC3: temperature=22.91 C humidity=39.14 %[0m
[14:50:39.230] [1;32muart:~$ [m[8D[J[1;32muart:~$ [m[8D[JNETMEM up=8010s pktRX=38/40 pktTX=15/16 bufRX=158/160/m102 bufTX=79/80/m6 sysheap_free=11208 alloc=21380 max=24056
[14:51:09.230] [1;32muart:~$ [m[8D[J[1;32muart:~$ [m[8D[JNETMEM up=8040s pktRX=38/40 pktTX=15/16 bufRX=158/160/m102 bufTX=79/80/m6 sysheap_free=11208 alloc=21380 max=24056
[14:51:39.230] [1;32muart:~$ [m[8D[J[02:14:00.588,000] [0m<inf> shtc3: SHTC3: temperature=22.79 C humidity=39.11 %[0m
[14:51:39.231] [1;32muart:~$ [m[8D[J[1;32muart:~$ [m[8D[JNETMEM up=8070s pktRX=38/40 pktTX=15/16 bufRX=158/160/m102 bufTX=79/80/m6 sysheap_free=11208 alloc=21380 max=24056
[14:52:09.230] [1;32muart:~$ [m[8D[J[1;32muart:~$ [m[8D[JThread analyze:
[14:52:38.098] [1;32muart:~$ [m[8D[J wdt_sentinel_tid    : STACK: unused 432 usage 336 / 768 (43 %); CPU: 0 %
[14:52:38.099] [1;32muart:~$ [m[8D[J                     : Total CPU cycles used: 60605330
[14:52:38.099] [1;32muart:~$ [m[8D[J thread_analyzer     : STACK: unused 112 usage 912 / 1024 (89 %); CPU: 0 %
[14:52:38.100] [1;32muart:~$ [m[8D[J                     : Total CPU cycles used: 17819736
[14:52:38.101] [1;32muart:~$ [m[8D[J sys_wdt_tid         : STACK: unused 704 usage 320 / 1024 (31 %); CPU: 0 %
[14:52:38.102] [1;32muart:~$ [m[8D[J                     : Total CPU cycles used: 10960974
[14:52:38.102] [1;32muart:~$ [m[8D[J shtc3_thread        : STACK: unused 1360 usage 688 / 2048 (33 %); CPU: 0 %
[14:52:38.103] [1;32muart:~$ [m[8D[J                     : Total CPU cycles used: 8770417
[14:52:38.104] [1;32muart:~$ [m[8D[J ntp_thread          : STACK: unused 2480 usage 1616 / 4096 (39 %); CPU: 0 %
[14:52:38.105] [1;32muart:~$ [m[8D[J                     : Total CPU cycles used: 4850859
[14:52:38.106] [1;32muart:~$ [m[8D[J netmem_tid          : STACK: unused 624 usage 656 / 1280 (51 %); CPU: 0 %
[14:52:38.107] [1;32muart:~$ [m[8D[J                     : Total CPU cycles used: 6864615
[14:52:38.108] [1;32muart:~$ [m[8D[J llss_thread         : STACK: unused 11584 usage 4800 / 16384 (29 %); CPU: 0 %
[14:52:38.109] [1;32muart:~$ [m[8D[J                     : Total CPU cycles used: 6168421627
[14:52:38.109] [1;32muart:~$ [m[8D[J input               : STACK: unused 560 usage 464 / 1024 (45 %); CPU: 0 %
[14:52:38.110] [1;32muart:~$ [m[8D[J                     : Total CPU cycles used: 72962
[14:52:38.111] [1;32muart:~$ [m[8D[J display_thread      : STACK: unused 8640 usage 3648 / 12288 (29 %); CPU: 0 %
[14:52:38.112] [1;32muart:~$ [m[8D[J                     : Total CPU cycles used: 400393757
[14:52:38.112] [1;32muart:~$ [m[8D[J device_ui_thread    : STACK: unused 4496 usage 3696 / 8192 (45 %); CPU: 0 %
[14:52:38.113] [1;32muart:~$ [m[8D[J                     : Total CPU cycles used: 13359287806
[14:52:38.114] [1;32muart:~$ [m[8D[J conn_mgr_monitor    : STACK: unused 176 usage 336 / 512 (65 %); CPU: 0 %
[14:52:38.114] [1;32muart:~$ [m[8D[J                     : Total CPU cycles used: 86568
[14:52:38.115] [1;32muart:~$ [m[8D[J net_socket_service  : STACK: unused 3344 usage 752 / 4096 (18 %); CPU: 0 %
[14:52:38.116] [1;32muart:~$ [m[8D[J                     : Total CPU cycles used: 3725934
[14:52:38.117] [1;32muart:~$ [m[8D[J rx_q[0]             : STACK: unused 528 usage 1520 / 2048 (74 %); CPU: 0 %
[14:52:38.117] [1;32muart:~$ [m[8D[J                     : Total CPU cycles used: 2140748621
[14:52:38.118] [1;32muart:~$ [m[8D[J net_mgmt            : STACK: unused 3424 usage 672 / 4096 (16 %); CPU: 0 %
[14:52:38.119] [1;32muart:~$ [m[8D[J                     : Total CPU cycles used: 3972971
[14:52:38.119] [1;32muart:~$ [m[8D[J tcp_work            : STACK: unused 1680 usage 368 / 2048 (17 %); CPU: 0 %
[14:52:38.120] [1;32muart:~$ [m[8D[J                     : Total CPU cycles used: 8802282
[14:52:38.121] [1;32muart:~$ [m[8D[J shell_uart          : STACK: unused 2624 usage 1472 / 4096 (35 %); CPU: 0 %
[14:52:38.122] [1;32muart:~$ [m[8D[J                     : Total CPU cycles used: 145021441
[14:52:38.122] [1;32muart:~$ [m[8D[J wifi                : STACK: unused 1456 usage 2128 / 3584 (59 %); CPU: 0 %
[14:52:38.123] [1;32muart:~$ [m[8D[J                     : Total CPU cycles used: 15201605615
[14:52:38.124] [1;32muart:~$ [m[8D[J sysworkq            : STACK: unused 3248 usage 848 / 4096 (20 %); CPU: 0 %
[14:52:38.125] [1;32muart:~$ [m[8D[J                     : Total CPU cycles used: 190530043
[14:52:38.125] [1;32muart:~$ [m[8D[J esp_timer           : STACK: unused 3472 usage 624 / 4096 (15 %); CPU: 0 %
[14:52:38.126] [1;32muart:~$ [m[8D[J                     : Total CPU cycles used: 729783114
[14:52:38.127] [1;32muart:~$ [m[8D[J logging             : STACK: unused 544 usage 480 / 1024 (46 %); CPU: 0 %
[14:52:38.127] [1;32muart:~$ [m[8D[J                     : Total CPU cycles used: 22571596
[14:52:38.128] [1;32muart:~$ [m[8D[J idle                : STACK: unused 816 usage 208 / 1024 (20 %); CPU: 98 %
[14:52:38.129] [1;32muart:~$ [m[8D[J                     : Total CPU cycles used: 1904796676233
[14:52:38.130] [1;32muart:~$ [m[8D[J ISR0                : STACK: unused 1520 usage 528 / 2048 (25 %); CPU: 0 %
[14:52:38.130] [1;32muart:~$ [m[8D[J                     : Total CPU cycles used: 0
[14:52:38.131] [1;32muart:~$ [m[8D[J[1;32muart:~$ [m[8D[J[1;32muart:~$ [m[8D[JNETMEM up=8100s pktRX=38/40 pktTX=15/16 bufRX=158/160/m102 bufTX=79/80/m6 sysheap_free=11208 alloc=21380 max=24056
[14:52:39.231] [1;32muart:~$ [m[8D[J[02:15:00.591,000] [0m<inf> shtc3: SHTC3: temperature=22.92 C humidity=39.41 %[0m
[14:52:39.232] [1;32muart:~$ [m[8D[J[1;32muart:~$ [m[8D[JNETMEM up=8130s pktRX=38/40 pktTX=15/16 bufRX=158/160/m102 bufTX=79/80/m6 sysheap_free=11208 alloc=21380 max=24056
[14:53:09.231] [1;32muart:~$ [m[8D[J[1;32muart:~$ [m[8D[JNETMEM up=8160s pktRX=38/40 pktTX=15/16 bufRX=158/160/m102 bufTX=79/80/m6 sysheap_free=11208 alloc=21380 max=24056
[14:53:39.232] [1;32muart:~$ [m[8D[J[02:16:00.594,000] [0m<inf> shtc3: SHTC3: temperature=22.86 C humidity=39.34 %[0m
[14:53:39.232] [1;32muart:~$ [m[8D[J[1;32muart:~$ [m[8D[JNETMEM up=8190s pktRX=38/40 pktTX=15/16 bufRX=158/160/m102 bufTX=79/80/m6 sysheap_free=11208 alloc=21380 max=24056
[14:54:09.232] [1;32muart:~$ [m[8D[J[1;32muart:~$ [m[8D[JNETMEM up=8220s pktRX=38/40 pktTX=15/16 bufRX=158/160/m102 bufTX=79/80/m6 sysheap_free=11208 alloc=21380 max=24056
[14:54:39.233] [1;32muart:~$ [m[8D[J[02:17:00.597,000] [0m<inf> shtc3: SHTC3: temperature=22.86 C humidity=39.67 %[0m
[14:54:39.233] [1;32muart:~$ [m[8D[J[1;32muart:~$ [m[8D[JNETMEM up=8250s pktRX=38/40 pktTX=15/16 bufRX=158/160/m102 bufTX=79/80/m6 sysheap_free=11172 alloc=21416 max=24056
[14:55:09.233] [1;32muart:~$ [m[8D[J[1;32muart:~$ [m[8D[JNETMEM up=8280s pktRX=38/40 pktTX=15/16 bufRX=158/160/m102 bufTX=79/80/m6 sysheap_free=11208 alloc=21380 max=24056
[14:55:39.234] [1;32muart:~$ [m[8D[J[02:18:00.600,000] [0m<inf> shtc3: SHTC3: temperature=22.47 C humidity=39.30 %[0m
[14:55:39.234] [1;32muart:~$ [m[8D[J[1;32muart:~$ [m[8D[JNETMEM up=8310s pktRX=38/40 pktTX=15/16 bufRX=158/160/m102 bufTX=79/80/m6 sysheap_free=11172 alloc=21416 max=24056
[14:56:09.234] [1;32muart:~$ [m[8D[J[1;32muart:~$ [m[8D[JNETMEM up=8340s pktRX=38/40 pktTX=15/16 bufRX=158/160/m102 bufTX=79/80/m6 sysheap_free=11208 alloc=21380 max=24056
[14:56:39.234] [1;32muart:~$ [m[8D[J[02:19:00.603,000] [0m<inf> shtc3: SHTC3: temperature=22.92 C humidity=39.68 %[0m
[14:56:39.235] [1;32muart:~$ [m[8D[J[1;32muart:~$ [m[8D[JNETMEM up=8370s pktRX=38/40 pktTX=15/16 bufRX=158/160/m102 bufTX=79/80/m6 sysheap_free=11208 alloc=21380 max=24056
[14:57:09.234] [1;32muart:~$ [m[8D[J[1;32muart:~$ [m[8D[JThread analyze:
[14:57:38.102] [1;32muart:~$ [m[8D[J wdt_sentinel_tid    : STACK: unused 432 usage 336 / 768 (43 %); CPU: 0 %
[14:57:38.103] [1;32muart:~$ [m[8D[J                     : Total CPU cycles used: 62905753
[14:57:38.104] [1;32muart:~$ [m[8D[J thread_analyzer     : STACK: unused 112 usage 912 / 1024 (89 %); CPU: 0 %
[14:57:38.104] [1;32muart:~$ [m[8D[J                     : Total CPU cycles used: 18467728
[14:57:38.105] [1;32muart:~$ [m[8D[J sys_wdt_tid         : STACK: unused 704 usage 320 / 1024 (31 %); CPU: 0 %
[14:57:38.106] [1;32muart:~$ [m[8D[J                     : Total CPU cycles used: 11340242
[14:57:38.106] [1;32muart:~$ [m[8D[J shtc3_thread        : STACK: unused 1360 usage 688 / 2048 (33 %); CPU: 0 %
[14:57:38.107] [1;32muart:~$ [m[8D[J                     : Total CPU cycles used: 9128689
[14:57:38.108] [1;32muart:~$ [m[8D[J ntp_thread          : STACK: unused 2480 usage 1616 / 4096 (39 %); CPU: 0 %
[14:57:38.109] [1;32muart:~$ [m[8D[J                     : Total CPU cycles used: 4850859
[14:57:38.109] [1;32muart:~$ [m[8D[J netmem_tid          : STACK: unused 624 usage 656 / 1280 (51 %); CPU: 0 %
[14:57:38.110] [1;32muart:~$ [m[8D[J                     : Total CPU cycles used: 7125230
[14:57:38.111] [1;32muart:~$ [m[8D[J llss_thread         : STACK: unused 11584 usage 4800 / 16384 (29 %); CPU: 0 %
[14:57:38.112] [1;32muart:~$ [m[8D[J                     : Total CPU cycles used: 6240357189
[14:57:38.112] [1;32muart:~$ [m[8D[J input               : STACK: unused 560 usage 464 / 1024 (45 %); CPU: 0 %
[14:57:38.113] [1;32muart:~$ [m[8D[J                     : Total CPU cycles used: 72962
[14:57:38.114] [1;32muart:~$ [m[8D[J display_thread      : STACK: unused 8640 usage 3648 / 12288 (29 %); CPU: 0 %
[14:57:38.114] [1;32muart:~$ [m[8D[J                     : Total CPU cycles used: 400393757
[14:57:38.115] [1;32muart:~$ [m[8D[J device_ui_thread    : STACK: unused 4496 usage 3696 / 8192 (45 %); CPU: 0 %
[14:57:38.116] [1;32muart:~$ [m[8D[J                     : Total CPU cycles used: 13906975800
[14:57:38.116] [1;32muart:~$ [m[8D[J conn_mgr_monitor    : STACK: unused 176 usage 336 / 512 (65 %); CPU: 0 %
[14:57:38.117] [1;32muart:~$ [m[8D[J                     : Total CPU cycles used: 86568
[14:57:38.118] [1;32muart:~$ [m[8D[J net_socket_service  : STACK: unused 3344 usage 752 / 4096 (18 %); CPU: 0 %
[14:57:38.119] [1;32muart:~$ [m[8D[J                     : Total CPU cycles used: 3725934
[14:57:38.119] [1;32muart:~$ [m[8D[J rx_q[0]             : STACK: unused 528 usage 1520 / 2048 (74 %); CPU: 0 %
[14:57:38.120] [1;32muart:~$ [m[8D[J                     : Total CPU cycles used: 2200426491
[14:57:38.121] [1;32muart:~$ [m[8D[J net_mgmt            : STACK: unused 3424 usage 672 / 4096 (16 %); CPU: 0 %
[14:57:38.122] [1;32muart:~$ [m[8D[J                     : Total CPU cycles used: 4101354
[14:57:38.122] [1;32muart:~$ [m[8D[J tcp_work            : STACK: unused 1680 usage 368 / 2048 (17 %); CPU: 0 %
[14:57:38.123] [1;32muart:~$ [m[8D[J                     : Total CPU cycles used: 8802282
[14:57:38.124] [1;32muart:~$ [m[8D[J shell_uart          : STACK: unused 2624 usage 1472 / 4096 (35 %); CPU: 0 %
[14:57:38.124] [1;32muart:~$ [m[8D[J                     : Total CPU cycles used: 148798169
[14:57:38.125] [1;32muart:~$ [m[8D[J wifi                : STACK: unused 1456 usage 2128 / 3584 (59 %); CPU: 0 %
[14:57:38.126] [1;32muart:~$ [m[8D[J                     : Total CPU cycles used: 15713256101
[14:57:38.126] [1;32muart:~$ [m[8D[J sysworkq            : STACK: unused 3248 usage 848 / 4096 (20 %); CPU: 0 %
[14:57:38.127] [1;32muart:~$ [m[8D[J                     : Total CPU cycles used: 197435122
[14:57:38.128] [1;32muart:~$ [m[8D[J esp_timer           : STACK: unused 3472 usage 624 / 4096 (15 %); CPU: 0 %
[14:57:38.129] [1;32muart:~$ [m[8D[J                     : Total CPU cycles used: 756066631
[14:57:38.129] [1;32muart:~$ [m[8D[J logging             : STACK: unused 544 usage 480 / 1024 (46 %); CPU: 0 %
[14:57:38.130] [1;32muart:~$ [m[8D[J                     : Total CPU cycles used: 23091575
[14:57:38.131] [1;32muart:~$ [m[8D[J idle                : STACK: unused 816 usage 208 / 1024 (20 %); CPU: 98 %
[14:57:38.132] [1;32muart:~$ [m[8D[J                     : Total CPU cycles used: 1975549105452
[14:57:38.132] [1;32muart:~$ [m[8D[J ISR0                : STACK: unused 1520 usage 528 / 2048 (25 %); CPU: 0 %
[14:57:38.133] [1;32muart:~$ [m[8D[J                     : Total CPU cycles used: 0
[14:57:38.134] [1;32muart:~$ [m[8D[J[1;32muart:~$ [m[8D[J[1;32muart:~$ [m[8D[JNETMEM up=8400s pktRX=38/40 pktTX=15/16 bufRX=158/160/m102 bufTX=79/80/m6 sysheap_free=11208 alloc=21380 max=24056
[14:57:39.234] [1;32muart:~$ [m[8D[J[02:20:00.606,000] [0m<inf> shtc3: SHTC3: temperature=22.60 C humidity=39.53 %[0m
[14:57:39.235] [1;32muart:~$ [m[8D[J[1;32muart:~$ [m[8D[JNETMEM up=8430s pktRX=38/40 pktTX=15/16 bufRX=158/160/m102 bufTX=79/80/m6 sysheap_free=11208 alloc=21380 max=24056
[14:58:09.234] [1;32muart:~$ [m[8D[J[1;32muart:~$ [m[8D[JNETMEM up=8460s pktRX=38/40 pktTX=15/16 bufRX=158/160/m102 bufTX=79/80/m6 sysheap_free=11208 alloc=21380 max=24056
[14:58:39.234] [1;32muart:~$ [m[8D[J[02:21:00.609,000] [0m<inf> shtc3: SHTC3: temperature=22.87 C humidity=39.59 %[0m
[14:58:39.235] [1;32muart:~$ [m[8D[J[1;32muart:~$ [m[8D[JNETMEM up=8490s pktRX=38/40 pktTX=15/16 bufRX=158/160/m102 bufTX=79/80/m6 sysheap_free=11208 alloc=21380 max=24056
[14:59:09.235] [1;32muart:~$ [m[8D[J[1;32muart:~$ [m[8D[JNETMEM up=8520s pktRX=38/40 pktTX=15/16 bufRX=158/160/m102 bufTX=79/80/m6 sysheap_free=11208 alloc=21380 max=24056
[14:59:39.235] [1;32muart:~$ [m[8D[J[02:22:00.612,000] [0m<inf> shtc3: SHTC3: temperature=22.79 C humidity=39.89 %[0m
[14:59:39.235] [1;32muart:~$ [m[8D[J[1;32muart:~$ [m[8D[JNETMEM up=8550s pktRX=38/40 pktTX=15/16 bufRX=158/160/m102 bufTX=79/80/m6 sysheap_free=11208 alloc=21380 max=24056
[15:00:09.235] [1;32muart:~$ [m[8D[J[1;32muart:~$ [m[8D[JNETMEM up=8580s pktRX=38/40 pktTX=15/16 bufRX=158/160/m102 bufTX=79/80/m6 sysheap_free=11208 alloc=21380 max=24056
[15:00:39.235] [1;32muart:~$ [m[8D[J[02:23:00.615,000] [0m<inf> shtc3: SHTC3: temperature=22.86 C humidity=39.51 %[0m
[15:00:39.236] [1;32muart:~$ [m[8D[J[1;32muart:~$ [m[8D[JNETMEM up=8610s pktRX=38/40 pktTX=15/16 bufRX=158/160/m102 bufTX=79/80/m6 sysheap_free=11208 alloc=21380 max=24056
[15:01:09.235] [1;32muart:~$ [m[8D[J[1;32muart:~$ [m[8D[JNETMEM up=8640s pktRX=38/40 pktTX=15/16 bufRX=158/160/m102 bufTX=79/80/m6 sysheap_free=11208 alloc=21380 max=24056
[15:01:39.236] [1;32muart:~$ [m[8D[J[02:24:00.618,000] [0m<inf> shtc3: SHTC3: temperature=22.86 C humidity=39.79 %[0m
[15:01:39.237] [1;32muart:~$ [m[8D[J[1;32muart:~$ [m[8D[JNETMEM up=8670s pktRX=38/40 pktTX=15/16 bufRX=158/160/m102 bufTX=79/80/m6 sysheap_free=11208 alloc=21380 max=24056
[15:02:09.236] [1;32muart:~$ [m[8D[J[1;32muart:~$ [m[8D[JThread analyze:
[15:02:38.105] [1;32muart:~$ [m[8D[J wdt_sentinel_tid    : STACK: unused 432 usage 336 / 768 (43 %); CPU: 0 %
[15:02:38.106] [1;32muart:~$ [m[8D[J                     : Total CPU cycles used: 65211639
[15:02:38.106] [1;32muart:~$ [m[8D[J thread_analyzer     : STACK: unused 112 usage 912 / 1024 (89 %); CPU: 0 %
[15:02:38.107] [1;32muart:~$ [m[8D[J                     : Total CPU cycles used: 19116287
[15:02:38.108] [1;32muart:~$ [m[8D[J sys_wdt_tid         : STACK: unused 704 usage 320 / 1024 (31 %); CPU: 0 %
[15:02:38.108] [1;32muart:~$ [m[8D[J                     : Total CPU cycles used: 11717148
[15:02:38.109] [1;32muart:~$ [m[8D[J shtc3_thread        : STACK: unused 1360 usage 688 / 2048 (33 %); CPU: 0 %
[15:02:38.110] [1;32muart:~$ [m[8D[J                     : Total CPU cycles used: 9487407
[15:02:38.110] [1;32muart:~$ [m[8D[J ntp_thread          : STACK: unused 2480 usage 1616 / 4096 (39 %); CPU: 0 %
[15:02:38.111] [1;32muart:~$ [m[8D[J                     : Total CPU cycles used: 4850859
[15:02:38.112] [1;32muart:~$ [m[8D[J netmem_tid          : STACK: unused 624 usage 656 / 1280 (51 %); CPU: 0 %
[15:02:38.113] [1;32muart:~$ [m[8D[J                     : Total CPU cycles used: 7394489
[15:02:38.113] [1;32muart:~$ [m[8D[J llss_thread         : STACK: unused 11584 usage 4800 / 16384 (29 %); CPU: 0 %
[15:02:38.114] [1;32muart:~$ [m[8D[J                     : Total CPU cycles used: 6316496071
[15:02:38.115] [1;32muart:~$ [m[8D[J input               : STACK: unused 560 usage 464 / 1024 (45 %); CPU: 0 %
[15:02:38.116] [1;32muart:~$ [m[8D[J                     : Total CPU cycles used: 72962
[15:02:38.116] [1;32muart:~$ [m[8D[J display_thread      : STACK: unused 8640 usage 3648 / 12288 (29 %); CPU: 0 %
[15:02:38.117] [1;32muart:~$ [m[8D[J                     : Total CPU cycles used: 400393757
[15:02:38.118] [1;32muart:~$ [m[8D[J device_ui_thread    : STACK: unused 4496 usage 3696 / 8192 (45 %); CPU: 0 %
[15:02:38.118] [1;32muart:~$ [m[8D[J                     : Total CPU cycles used: 14431174729
[15:02:38.119] [1;32muart:~$ [m[8D[J conn_mgr_monitor    : STACK: unused 176 usage 336 / 512 (65 %); CPU: 0 %
[15:02:38.120] [1;32muart:~$ [m[8D[J                     : Total CPU cycles used: 86568
[15:02:38.120] [1;32muart:~$ [m[8D[J net_socket_service  : STACK: unused 3344 usage 752 / 4096 (18 %); CPU: 0 %
[15:02:38.121] [1;32muart:~$ [m[8D[J                     : Total CPU cycles used: 3725934
[15:02:38.122] [1;32muart:~$ [m[8D[J rx_q[0]             : STACK: unused 528 usage 1520 / 2048 (74 %); CPU: 0 %
[15:02:38.123] [1;32muart:~$ [m[8D[J                     : Total CPU cycles used: 2258733922
[15:02:38.123] [1;32muart:~$ [m[8D[J net_mgmt            : STACK: unused 3424 usage 672 / 4096 (16 %); CPU: 0 %
[15:02:38.124] [1;32muart:~$ [m[8D[J                     : Total CPU cycles used: 4220896
[15:02:38.125] [1;32muart:~$ [m[8D[J tcp_work            : STACK: unused 1680 usage 368 / 2048 (17 %); CPU: 0 %
[15:02:38.126] [1;32muart:~$ [m[8D[J                     : Total CPU cycles used: 8802282
[15:02:38.126] [1;32muart:~$ [m[8D[J shell_uart          : STACK: unused 2624 usage 1472 / 4096 (35 %); CPU: 0 %
[15:02:38.127] [1;32muart:~$ [m[8D[J                     : Total CPU cycles used: 152485805
[15:02:38.128] [1;32muart:~$ [m[8D[J wifi                : STACK: unused 1456 usage 2128 / 3584 (59 %); CPU: 0 %
[15:02:38.128] [1;32muart:~$ [m[8D[J                     : Total CPU cycles used: 16225800680
[15:02:38.129] [1;32muart:~$ [m[8D[J sysworkq            : STACK: unused 3248 usage 848 / 4096 (20 %); CPU: 0 %
[15:02:38.130] [1;32muart:~$ [m[8D[J                     : Total CPU cycles used: 203668704
[15:02:38.131] [1;32muart:~$ [m[8D[J esp_timer           : STACK: unused 3472 usage 624 / 4096 (15 %); CPU: 0 %
[15:02:38.131] [1;32muart:~$ [m[8D[J                     : Total CPU cycles used: 782879513
[15:02:38.132] [1;32muart:~$ [m[8D[J logging             : STACK: unused 544 usage 480 / 1024 (46 %); CPU: 0 %
[15:02:38.133] [1;32muart:~$ [m[8D[J                     : Total CPU cycles used: 23588093
[15:02:38.133] [1;32muart:~$ [m[8D[J idle                : STACK: unused 816 usage 208 / 1024 (20 %); CPU: 98 %
[15:02:38.134] [1;32muart:~$ [m[8D[J                     : Total CPU cycles used: 2046321136239
[15:02:38.135] [1;32muart:~$ [m[8D[J ISR0                : STACK: unused 1520 usage 528 / 2048 (25 %); CPU: 0 %
[15:02:38.136] [1;32muart:~$ [m[8D[J                     : Total CPU cycles used: 0
[15:02:38.136] [1;32muart:~$ [m[8D[J[1;32muart:~$ [m[8D[J[1;32muart:~$ [m[8D[JNETMEM up=8700s pktRX=38/40 pktTX=15/16 bufRX=158/160/m102 bufTX=79/80/m6 sysheap_free=11208 alloc=21380 max=24056
[15:02:39.236] [1;32muart:~$ [m[8D[J[02:25:00.621,000] [0m<inf> shtc3: SHTC3: temperature=22.86 C humidity=39.50 %[0m
[15:02:39.237] [1;32muart:~$ [m[8D[J[1;32muart:~$ [m[8D[JNETMEM up=8730s pktRX=38/40 pktTX=15/16 bufRX=158/160/m102 bufTX=79/80/m6 sysheap_free=11208 alloc=21380 max=24056
[15:03:09.236] [1;32muart:~$ [m[8D[J[1;32muart:~$ [m[8D[JNETMEM up=8760s pktRX=38/40 pktTX=15/16 bufRX=158/160/m102 bufTX=79/80/m6 sysheap_free=11172 alloc=21416 max=24056
[15:03:39.237] [1;32muart:~$ [m[8D[J[02:26:00.624,000] [0m<inf> shtc3: SHTC3: temperature=22.86 C humidity=39.37 %[0m
[15:03:39.237] [1;32muart:~$ [m[8D[J[1;32muart:~$ [m[8D[JNETMEM up=8790s pktRX=38/40 pktTX=15/16 bufRX=158/160/m102 bufTX=79/80/m6 sysheap_free=11208 alloc=21380 max=24056
[15:04:09.237] [1;32muart:~$ [m[8D[J[1;32muart:~$ [m[8D[JNETMEM up=8820s pktRX=38/40 pktTX=15/16 bufRX=158/160/m102 bufTX=79/80/m6 sysheap_free=11208 alloc=21380 max=24056
[15:04:39.237] [1;32muart:~$ [m[8D[J[02:27:00.627,000] [0m<inf> shtc3: SHTC3: temperature=22.36 C humidity=39.06 %[0m
[15:04:39.238] [1;32muart:~$ [m[8D[J[1;32muart:~$ [m[8D[JNETMEM up=8850s pktRX=38/40 pktTX=15/16 bufRX=158/160/m102 bufTX=79/80/m6 sysheap_free=11208 alloc=21380 max=24056
[15:05:09.237] [1;32muart:~$ [m[8D[J[1;32muart:~$ [m[8D[JNETMEM up=8880s pktRX=38/40 pktTX=15/16 bufRX=158/160/m102 bufTX=79/80/m6 sysheap_free=11208 alloc=21380 max=24056
[15:05:39.237] [1;32muart:~$ [m[8D[J[02:28:00.630,000] [0m<inf> shtc3: SHTC3: temperature=22.79 C humidity=39.30 %[0m
[15:05:39.238] [1;32muart:~$ [m[8D[J[1;32muart:~$ [m[8D[JNETMEM up=8910s pktRX=38/40 pktTX=15/16 bufRX=158/160/m102 bufTX=79/80/m6 sysheap_free=11208 alloc=21380 max=24056
[15:06:09.238] [1;32muart:~$ [m[8D[J[1;32muart:~$ [m[8D[JNETMEM up=8940s pktRX=38/40 pktTX=15/16 bufRX=158/160/m102 bufTX=79/80/m6 sysheap_free=11208 alloc=21380 max=24056
[15:06:39.238] [1;32muart:~$ [m[8D[J[02:29:00.633,000] [0m<inf> shtc3: SHTC3: temperature=22.53 C humidity=39.52 %[0m
[15:06:39.239] [1;32muart:~$ [m[8D[J[1;32muart:~$ [m[8D[JNETMEM up=8970s pktRX=38/40 pktTX=15/16 bufRX=158/160/m102 bufTX=79/80/m6 sysheap_free=11208 alloc=21380 max=24056
[15:07:09.238] [1;32muart:~$ [m[8D[J[1;32muart:~$ [m[8D[JThread analyze:
[15:07:38.108] [1;32muart:~$ [m[8D[J wdt_sentinel_tid    : STACK: unused 432 usage 336 / 768 (43 %); CPU: 0 %
[15:07:38.109] [1;32muart:~$ [m[8D[J                     : Total CPU cycles used: 67521648
[15:07:38.109] [1;32muart:~$ [m[8D[J thread_analyzer     : STACK: unused 112 usage 912 / 1024 (89 %); CPU: 0 %
[15:07:38.110] [1;32muart:~$ [m[8D[J                     : Total CPU cycles used: 19763556
[15:07:38.111] [1;32muart:~$ [m[8D[J sys_wdt_tid         : STACK: unused 704 usage 320 / 1024 (31 %); CPU: 0 %
[15:07:38.112] [1;32muart:~$ [m[8D[J                     : Total CPU cycles used: 12093826
[15:07:38.112] [1;32muart:~$ [m[8D[J shtc3_thread        : STACK: unused 1360 usage 688 / 2048 (33 %); CPU: 0 %
[15:07:38.113] [1;32muart:~$ [m[8D[J                     : Total CPU cycles used: 9837125
[15:07:38.114] [1;32muart:~$ [m[8D[J ntp_thread          : STACK: unused 2480 usage 1616 / 4096 (39 %); CPU: 0 %
[15:07:38.114] [1;32muart:~$ [m[8D[J                     : Total CPU cycles used: 4850859
[15:07:38.115] [1;32muart:~$ [m[8D[J netmem_tid          : STACK: unused 624 usage 656 / 1280 (51 %); CPU: 0 %
[15:07:38.116] [1;32muart:~$ [m[8D[J                     : Total CPU cycles used: 7664678
[15:07:38.117] [1;32muart:~$ [m[8D[J llss_thread         : STACK: unused 11584 usage 4800 / 16384 (29 %); CPU: 0 %
[15:07:38.117] [1;32muart:~$ [m[8D[J                     : Total CPU cycles used: 6392377045
[15:07:38.118] [1;32muart:~$ [m[8D[J input               : STACK: unused 560 usage 464 / 1024 (45 %); CPU: 0 %
[15:07:38.119] [1;32muart:~$ [m[8D[J                     : Total CPU cycles used: 72962
[15:07:38.119] [1;32muart:~$ [m[8D[J display_thread      : STACK: unused 8640 usage 3648 / 12288 (29 %); CPU: 0 %
[15:07:38.120] [1;32muart:~$ [m[8D[J                     : Total CPU cycles used: 400393757
[15:07:38.121] [1;32muart:~$ [m[8D[J device_ui_thread    : STACK: unused 4496 usage 3696 / 8192 (45 %); CPU: 0 %
[15:07:38.122] [1;32muart:~$ [m[8D[J                     : Total CPU cycles used: 14981058113
[15:07:38.122] [1;32muart:~$ [m[8D[J conn_mgr_monitor    : STACK: unused 176 usage 336 / 512 (65 %); CPU: 0 %
[15:07:38.123] [1;32muart:~$ [m[8D[J                     : Total CPU cycles used: 86568
[15:07:38.124] [1;32muart:~$ [m[8D[J net_socket_service  : STACK: unused 3344 usage 752 / 4096 (18 %); CPU: 0 %
[15:07:38.124] [1;32muart:~$ [m[8D[J                     : Total CPU cycles used: 3725934
[15:07:38.125] [1;32muart:~$ [m[8D[J rx_q[0]             : STACK: unused 528 usage 1520 / 2048 (74 %); CPU: 0 %
[15:07:38.126] [1;32muart:~$ [m[8D[J                     : Total CPU cycles used: 2315392503
[15:07:38.127] [1;32muart:~$ [m[8D[J net_mgmt            : STACK: unused 3424 usage 672 / 4096 (16 %); CPU: 0 %
[15:07:38.127] [1;32muart:~$ [m[8D[J                     : Total CPU cycles used: 4339268
[15:07:38.128] [1;32muart:~$ [m[8D[J tcp_work            : STACK: unused 1680 usage 368 / 2048 (17 %); CPU: 0 %
[15:07:38.129] [1;32muart:~$ [m[8D[J                     : Total CPU cycles used: 8802282
[15:07:38.129] [1;32muart:~$ [m[8D[J shell_uart          : STACK: unused 2624 usage 1472 / 4096 (35 %); CPU: 0 %
[15:07:38.130] [1;32muart:~$ [m[8D[J                     : Total CPU cycles used: 156171836
[15:07:38.131] [1;32muart:~$ [m[8D[J wifi                : STACK: unused 1456 usage 2128 / 3584 (59 %); CPU: 0 %
[15:07:38.132] [1;32muart:~$ [m[8D[J                     : Total CPU cycles used: 16739831953
[15:07:38.132] [1;32muart:~$ [m[8D[J sysworkq            : STACK: unused 3248 usage 848 / 4096 (20 %); CPU: 0 %
[15:07:38.133] [1;32muart:~$ [m[8D[J                     : Total CPU cycles used: 211260714
[15:07:38.134] [1;32muart:~$ [m[8D[J esp_timer           : STACK: unused 3472 usage 624 / 4096 (15 %); CPU: 0 %
[15:07:38.135] [1;32muart:~$ [m[8D[J                     : Total CPU cycles used: 809569437
[15:07:38.135] [1;32muart:~$ [m[8D[J logging             : STACK: unused 544 usage 480 / 1024 (46 %); CPU: 0 %
[15:07:38.136] [1;32muart:~$ [m[8D[J                     : Total CPU cycles used: 24095951
[15:07:38.137] [1;32muart:~$ [m[8D[J idle                : STACK: unused 816 usage 208 / 1024 (20 %); CPU: 98 %
[15:07:38.137] [1;32muart:~$ [m[8D[J                     : Total CPU cycles used: 2117067055597
[15:07:38.138] [1;32muart:~$ [m[8D[J ISR0                : STACK: unused 1520 usage 528 / 2048 (25 %); CPU: 0 %
[15:07:38.139] [1;32muart:~$ [m[8D[J                     : Total CPU cycles used: 0
[15:07:38.139] [1;32muart:~$ [m[8D[J[1;32muart:~$ [m[8D[J[1;32muart:~$ [m[8D[JNETMEM up=9000s pktRX=38/40 pktTX=15/16 bufRX=158/160/m102 bufTX=79/80/m6 sysheap_free=11208 alloc=21380 max=24056
[15:07:39.238] [1;32muart:~$ [m[8D[J[02:30:00.636,000] [0m<inf> shtc3: SHTC3: temperature=22.73 C humidity=39.20 %[0m
[15:07:39.239] [1;32muart:~$ [m[8D[J[1;32muart:~$ [m[8D[JNETMEM up=9030s pktRX=38/40 pktTX=15/16 bufRX=158/160/m102 bufTX=79/80/m6 sysheap_free=11208 alloc=21380 max=24056
[15:08:09.239] [1;32muart:~$ [m[8D[J[1;32muart:~$ [m[8D[JNETMEM up=9060s pktRX=38/40 pktTX=15/16 bufRX=158/160/m102 bufTX=79/80/m6 sysheap_free=11208 alloc=21380 max=24056
[15:08:39.239] [1;32muart:~$ [m[8D[J[02:31:00.639,000] [0m<inf> shtc3: SHTC3: temperature=22.73 C humidity=39.38 %[0m
[15:08:39.240] [1;32muart:~$ [m[8D[J[1;32muart:~$ [m[8D[JNETMEM up=9090s pktRX=38/40 pktTX=15/16 bufRX=158/160/m102 bufTX=79/80/m6 sysheap_free=11208 alloc=21380 max=24056
[15:09:09.240] [1;32muart:~$ [m[8D[J[1;32muart:~$ [m[8D[JNETMEM up=9120s pktRX=38/40 pktTX=15/16 bufRX=158/160/m102 bufTX=79/80/m6 sysheap_free=11208 alloc=21380 max=24056
[15:09:39.240] [1;32muart:~$ [m[8D[J[02:32:00.642,000] [0m<inf> shtc3: SHTC3: temperature=22.67 C humidity=39.78 %[0m
[15:09:39.241] [1;32muart:~$ [m[8D[J[1;32muart:~$ [m[8D[JNETMEM up=9150s pktRX=38/40 pktTX=15/16 bufRX=158/160/m102 bufTX=79/80/m6 sysheap_free=11208 alloc=21380 max=24056
[15:10:09.240] [1;32muart:~$ [m[8D[J[1;32muart:~$ [m[8D[JNETMEM up=9180s pktRX=38/40 pktTX=15/16 bufRX=158/160/m102 bufTX=79/80/m6 sysheap_free=11172 alloc=21416 max=24056
[15:10:39.240] [1;32muart:~$ [m[8D[J[02:33:00.645,000] [0m<inf> shtc3: SHTC3: temperature=22.73 C humidity=39.66 %[0m
[15:10:39.241] [1;32muart:~$ [m[8D[J[1;32muart:~$ [m[8D[JNETMEM up=9210s pktRX=38/40 pktTX=15/16 bufRX=158/160/m102 bufTX=79/80/m6 sysheap_free=11208 alloc=21380 max=24056
[15:11:09.241] [1;32muart:~$ [m[8D[J[1;32muart:~$ [m[8D[JNETMEM up=9240s pktRX=38/40 pktTX=15/16 bufRX=158/160/m102 bufTX=79/80/m6 sysheap_free=11208 alloc=21380 max=24056
[15:11:39.241] [1;32muart:~$ [m[8D[J[02:34:00.648,000] [0m<inf> shtc3: SHTC3: temperature=22.47 C humidity=39.34 %[0m
[15:11:39.242] [1;32muart:~$ [m[8D[J[1;32muart:~$ [m[8D[JNETMEM up=9270s pktRX=38/40 pktTX=15/16 bufRX=158/160/m102 bufTX=79/80/m6 sysheap_free=11208 alloc=21380 max=24056
[15:12:09.241] [1;32muart:~$ [m[8D[J[1;32muart:~$ [m[8D[JThread analyze:
[15:12:38.112] [1;32muart:~$ [m[8D[J wdt_sentinel_tid    : STACK: unused 432 usage 336 / 768 (43 %); CPU: 0 %
[15:12:38.113] [1;32muart:~$ [m[8D[J                     : Total CPU cycles used: 69836835
[15:12:38.113] [1;32muart:~$ [m[8D[J thread_analyzer     : STACK: unused 112 usage 912 / 1024 (89 %); CPU: 0 %
[15:12:38.114] [1;32muart:~$ [m[8D[J                     : Total CPU cycles used: 20412259
[15:12:38.115] [1;32muart:~$ [m[8D[J sys_wdt_tid         : STACK: unused 704 usage 320 / 1024 (31 %); CPU: 0 %
[15:12:38.116] [1;32muart:~$ [m[8D[J                     : Total CPU cycles used: 12474396
[15:12:38.116] [1;32muart:~$ [m[8D[J shtc3_thread        : STACK: unused 1360 usage 688 / 2048 (33 %); CPU: 0 %
[15:12:38.117] [1;32muart:~$ [m[8D[J                     : Total CPU cycles used: 10163656
[15:12:38.118] [1;32muart:~$ [m[8D[J ntp_thread          : STACK: unused 2480 usage 1616 / 4096 (39 %); CPU: 0 %
[15:12:38.118] [1;32muart:~$ [m[8D[J                     : Total CPU cycles used: 4850859
[15:12:38.119] [1;32muart:~$ [m[8D[J netmem_tid          : STACK: unused 624 usage 656 / 1280 (51 %); CPU: 0 %
[15:12:38.120] [1;32muart:~$ [m[8D[J                     : Total CPU cycles used: 7936579
[15:12:38.120] [1;32muart:~$ [m[8D[J llss_thread         : STACK: unused 11584 usage 4800 / 16384 (29 %); CPU: 0 %
[15:12:38.121] [1;32muart:~$ [m[8D[J                     : Total CPU cycles used: 6461279613
[15:12:38.122] [1;32muart:~$ [m[8D[J input               : STACK: unused 560 usage 464 / 1024 (45 %); CPU: 0 %
[15:12:38.128] [1;32muart:~$ [m[8D[J                     : Total CPU cycles used: 72962
[15:12:38.129] [1;32muart:~$ [m[8D[J display_thread      : STACK: unused 8640 usage 3648 / 12288 (29 %); CPU: 0 %
[15:12:38.130] [1;32muart:~$ [m[8D[J                     : Total CPU cycles used: 400393757
[15:12:38.130] [1;32muart:~$ [m[8D[J device_ui_thread    : STACK: unused 4496 usage 3696 / 8192 (45 %); CPU: 0 %
[15:12:38.136] [1;32muart:~$ [m[8D[J                     : Total CPU cycles used: 15524933885
[15:12:38.138] [1;32muart:~$ [m[8D[J conn_mgr_monitor    : STACK: unused 176 usage 336 / 512 (65 %); CPU: 0 %
[15:12:38.139] [1;32muart:~$ [m[8D[J                     : Total CPU cycles used: 86568
[15:12:38.140] [1;32muart:~$ [m[8D[J net_socket_service  : STACK: unused 3344 usage 752 / 4096 (18 %); CPU: 0 %
[15:12:38.141] [1;32muart:~$ [m[8D[J                     : Total CPU cycles used: 3725934
[15:12:38.141] [1;32muart:~$ [m[8D[J rx_q[0]             : STACK: unused 528 usage 1520 / 2048 (74 %); CPU: 0 %
[15:12:38.142] [1;32muart:~$ [m[8D[J                     : Total CPU cycles used: 2376833090
[15:12:38.143] [1;32muart:~$ [m[8D[J net_mgmt            : STACK: unused 3424 usage 672 / 4096 (16 %); CPU: 0 %
[15:12:38.143] [1;32muart:~$ [m[8D[J                     : Total CPU cycles used: 4473242
[15:12:38.144] [1;32muart:~$ [m[8D[J tcp_work            : STACK: unused 1680 usage 368 / 2048 (17 %); CPU: 0 %
[15:12:38.145] [1;32muart:~$ [m[8D[J                     : Total CPU cycles used: 8802282
[15:12:38.145] [1;32muart:~$ [m[8D[J shell_uart          : STACK: unused 2624 usage 1472 / 4096 (35 %); CPU: 0 %
[15:12:38.146] [1;32muart:~$ [m[8D[J                     : Total CPU cycles used: 159877299
[15:12:38.147] [1;32muart:~$ [m[8D[J wifi                : STACK: unused 1456 usage 2128 / 3584 (59 %); CPU: 0 %
[15:12:38.148] [1;32muart:~$ [m[8D[J                     : Total CPU cycles used: 17257496108
[15:12:38.148] [1;32muart:~$ [m[8D[J sysworkq            : STACK: unused 3248 usage 848 / 4096 (20 %); CPU: 0 %
[15:12:38.149] [1;32muart:~$ [m[8D[J                     : Total CPU cycles used: 217548958
[15:12:38.150] [1;32muart:~$ [m[8D[J esp_timer           : STACK: unused 3472 usage 624 / 4096 (15 %); CPU: 0 %
[15:12:38.151] [1;32muart:~$ [m[8D[J                     : Total CPU cycles used: 836213171
[15:12:38.151] [1;32muart:~$ [m[8D[J logging             : STACK: unused 544 usage 480 / 1024 (46 %); CPU: 0 %
[15:12:38.152] [1;32muart:~$ [m[8D[J                     : Total CPU cycles used: 24608513
[15:12:38.153] [1;32muart:~$ [m[8D[J idle                : STACK: unused 816 usage 208 / 1024 (20 %); CPU: 98 %
[15:12:38.153] [1;32muart:~$ [m[8D[J                     : Total CPU cycles used: 2187818969211
[15:12:38.154] [1;32muart:~$ [m[8D[J ISR0                : STACK: unused 1520 usage 528 / 2048 (25 %); CPU: 0 %
[15:12:38.155] [1;32muart:~$ [m[8D[J                     : Total CPU cycles used: 0
[15:12:38.155] [1;32muart:~$ [m[8D[J[1;32muart:~$ [m[8D[J[1;32muart:~$ [m[8D[JNETMEM up=9300s pktRX=38/40 pktTX=15/16 bufRX=158/160/m102 bufTX=79/80/m6 sysheap_free=11208 alloc=21380 max=24056
[15:12:39.242] [1;32muart:~$ [m[8D[J[02:35:00.651,000] [0m<inf> shtc3: SHTC3: temperature=22.47 C humidity=39.41 %[0m
[15:12:39.243] [1;32muart:~$ [m[8D[J[1;32muart:~$ [m[8D[JNETMEM up=9330s pktRX=38/40 pktTX=15/16 bufRX=158/160/m102 bufTX=79/80/m6 sysheap_free=11208 alloc=21380 max=24056
[15:13:09.242] [1;32muart:~$ [m[8D[J[1;32muart:~$ [m[8D[JNETMEM up=9360s pktRX=38/40 pktTX=15/16 bufRX=158/160/m102 bufTX=79/80/m6 sysheap_free=11172 alloc=21416 max=24056
[15:13:39.242] [1;32muart:~$ [m[8D[J[02:36:00.654,000] [0m<inf> shtc3: SHTC3: temperature=22.62 C humidity=39.42 %[0m
[15:13:39.243] [1;32muart:~$ [m[8D[J[1;32muart:~$ [m[8D[JNETMEM up=9390s pktRX=38/40 pktTX=15/16 bufRX=158/160/m102 bufTX=79/80/m6 sysheap_free=11208 alloc=21380 max=24056
[15:14:09.243] [1;32muart:~$ [m[8D[J[1;32muart:~$ [m[8D[JNETMEM up=9420s pktRX=38/40 pktTX=15/16 bufRX=158/160/m102 bufTX=79/80/m6 sysheap_free=11208 alloc=21380 max=24056
[15:14:39.243] [1;32muart:~$ [m[8D[J[02:37:00.656,000] [0m<inf> shtc3: SHTC3: temperature=22.60 C humidity=39.87 %[0m
[15:14:39.244] [1;32muart:~$ [m[8D[J[1;32muart:~$ [m[8D[JNETMEM up=9450s pktRX=38/40 pktTX=15/16 bufRX=158/160/m102 bufTX=79/80/m6 sysheap_free=11208 alloc=21380 max=24056
[15:15:09.243] [1;32muart:~$ [m[8D[J[1;32muart:~$ [m[8D[JNETMEM up=9480s pktRX=38/40 pktTX=15/16 bufRX=158/160/m102 bufTX=79/80/m6 sysheap_free=11208 alloc=21380 max=24056
[15:15:39.244] [1;32muart:~$ [m[8D[J[02:38:00.659,000] [0m<inf> shtc3: SHTC3: temperature=22.73 C humidity=39.37 %[0m
[15:15:39.244] [1;32muart:~$ [m[8D[J[1;32muart:~$ [m[8D[JNETMEM up=9510s pktRX=38/40 pktTX=15/16 bufRX=158/160/m102 bufTX=79/80/m6 sysheap_free=11208 alloc=21380 max=24056
[15:16:09.244] [1;32muart:~$ [m[8D[J[1;32muart:~$ [m[8D[JNETMEM up=9540s pktRX=38/40 pktTX=15/16 bufRX=158/160/m102 bufTX=79/80/m6 sysheap_free=11208 alloc=21380 max=24056
[15:16:39.245] [1;32muart:~$ [m[8D[J[02:39:00.662,000] [0m<inf> shtc3: SHTC3: temperature=22.72 C humidity=39.39 %[0m
[15:16:39.245] [1;32muart:~$ [m[8D[J[1;32muart:~$ [m[8D[JNETMEM up=9570s pktRX=38/40 pktTX=15/16 bufRX=158/160/m102 bufTX=79/80/m6 sysheap_free=11208 alloc=21380 max=24056
[15:17:09.244] [1;32muart:~$ [m[8D[J[1;32muart:~$ [m[8D[JThread analyze:
[15:17:38.116] [1;32muart:~$ [m[8D[J wdt_sentinel_tid    : STACK: unused 432 usage 336 / 768 (43 %); CPU: 0 %
[15:17:38.117] [1;32muart:~$ [m[8D[J                     : Total CPU cycles used: 72152742
[15:17:38.117] [1;32muart:~$ [m[8D[J thread_analyzer     : STACK: unused 112 usage 912 / 1024 (89 %); CPU: 0 %
[15:17:38.118] [1;32muart:~$ [m[8D[J                     : Total CPU cycles used: 21059621
[15:17:38.119] [1;32muart:~$ [m[8D[J sys_wdt_tid         : STACK: unused 704 usage 320 / 1024 (31 %); CPU: 0 %
[15:17:38.120] [1;32muart:~$ [m[8D[J                     : Total CPU cycles used: 12835928
[15:17:38.120] [1;32muart:~$ [m[8D[J shtc3_thread        : STACK: unused 1360 usage 688 / 2048 (33 %); CPU: 0 %
[15:17:38.121] [1;32muart:~$ [m[8D[J                     : Total CPU cycles used: 10490463
[15:17:38.122] [1;32muart:~$ [m[8D[J ntp_thread          : STACK: unused 2480 usage 1616 / 4096 (39 %); CPU: 0 %
[15:17:38.123] [1;32muart:~$ [m[8D[J                     : Total CPU cycles used: 4850859
[15:17:38.123] [1;32muart:~$ [m[8D[J netmem_tid          : STACK: unused 624 usage 656 / 1280 (51 %); CPU: 0 %
[15:17:38.124] [1;32muart:~$ [m[8D[J                     : Total CPU cycles used: 8208530
[15:17:38.125] [1;32muart:~$ [m[8D[J llss_thread         : STACK: unused 11584 usage 4800 / 16384 (29 %); CPU: 0 %
[15:17:38.125] [1;32muart:~$ [m[8D[J                     : Total CPU cycles used: 6529796044
[15:17:38.126] [1;32muart:~$ [m[8D[J input               : STACK: unused 560 usage 464 / 1024 (45 %); CPU: 0 %
[15:17:38.127] [1;32muart:~$ [m[8D[J                     : Total CPU cycles used: 72962
[15:17:38.127] [1;32muart:~$ [m[8D[J display_thread      : STACK: unused 8640 usage 3648 / 12288 (29 %); CPU: 0 %
[15:17:38.128] [1;32muart:~$ [m[8D[J                     : Total CPU cycles used: 400393757
[15:17:38.129] [1;32muart:~$ [m[8D[J device_ui_thread    : STACK: unused 4496 usage 3696 / 8192 (45 %); CPU: 0 %
[15:17:38.130] [1;32muart:~$ [m[8D[J                     : Total CPU cycles used: 16065366465
[15:17:38.130] [1;32muart:~$ [m[8D[J conn_mgr_monitor    : STACK: unused 176 usage 336 / 512 (65 %); CPU: 0 %
[15:17:38.131] [1;32muart:~$ [m[8D[J                     : Total CPU cycles used: 86568
[15:17:38.132] [1;32muart:~$ [m[8D[J net_socket_service  : STACK: unused 3344 usage 752 / 4096 (18 %); CPU: 0 %
[15:17:38.132] [1;32muart:~$ [m[8D[J                     : Total CPU cycles used: 3725934
[15:17:38.133] [1;32muart:~$ [m[8D[J rx_q[0]             : STACK: unused 528 usage 1520 / 2048 (74 %); CPU: 0 %
[15:17:38.134] [1;32muart:~$ [m[8D[J                     : Total CPU cycles used: 2440394556
[15:17:38.135] [1;32muart:~$ [m[8D[J net_mgmt            : STACK: unused 3424 usage 672 / 4096 (16 %); CPU: 0 %
[15:17:38.135] [1;32muart:~$ [m[8D[J                     : Total CPU cycles used: 4603938
[15:17:38.136] [1;32muart:~$ [m[8D[J tcp_work            : STACK: unused 1680 usage 368 / 2048 (17 %); CPU: 0 %
[15:17:38.137] [1;32muart:~$ [m[8D[J                     : Total CPU cycles used: 8802282
[15:17:38.137] [1;32muart:~$ [m[8D[J shell_uart          : STACK: unused 2624 usage 1472 / 4096 (35 %); CPU: 0 %
[15:17:38.138] [1;32muart:~$ [m[8D[J                     : Total CPU cycles used: 163809578
[15:17:38.139] [1;32muart:~$ [m[8D[J wifi                : STACK: unused 1456 usage 2128 / 3584 (59 %); CPU: 0 %
[15:17:38.140] [1;32muart:~$ [m[8D[J                     : Total CPU cycles used: 17776766934
[15:17:38.140] [1;32muart:~$ [m[8D[J sysworkq            : STACK: unused 3248 usage 848 / 4096 (20 %); CPU: 0 %
[15:17:38.141] [1;32muart:~$ [m[8D[J                     : Total CPU cycles used: 225114192
[15:17:38.142] [1;32muart:~$ [m[8D[J esp_timer           : STACK: unused 3472 usage 624 / 4096 (15 %); CPU: 0 %
[15:17:38.143] [1;32muart:~$ [m[8D[J                     : Total CPU cycles used: 862996729
[15:17:38.143] [1;32muart:~$ [m[8D[J logging             : STACK: unused 544 usage 480 / 1024 (46 %); CPU: 0 %
[15:17:38.144] [1;32muart:~$ [m[8D[J                     : Total CPU cycles used: 25159913
[15:17:38.145] [1;32muart:~$ [m[8D[J idle                : STACK: unused 816 usage 208 / 1024 (20 %); CPU: 98 %
[15:17:38.145] [1;32muart:~$ [m[8D[J                     : Total CPU cycles used: 2258569251578
[15:17:38.146] [1;32muart:~$ [m[8D[J ISR0                : STACK: unused 1520 usage 528 / 2048 (25 %); CPU: 0 %
[15:17:38.147] [1;32muart:~$ [m[8D[J                     : Total CPU cycles used: 0
[15:17:38.147] [1;32muart:~$ [m[8D[J[1;32muart:~$ [m[8D[J[1;32muart:~$ [m[8D[JNETMEM up=9600s pktRX=38/40 pktTX=15/16 bufRX=158/160/m102 bufTX=79/80/m6 sysheap_free=11208 alloc=21380 max=24056
[15:17:39.245] [1;32muart:~$ [m[8D[J[02:40:00.665,000] [0m<inf> shtc3: SHTC3: temperature=22.73 C humidity=39.22 %[0m
[15:17:39.246] [1;32muart:~$ [m[8D[J[1;32muart:~$ [m[8D[JNETMEM up=9630s pktRX=38/40 pktTX=15/16 bufRX=158/160/m102 bufTX=79/80/m6 sysheap_free=11208 alloc=21380 max=24056
[15:18:09.245] [1;32muart:~$ [m[8D[J[1;32muart:~$ [m[8D[JNETMEM up=9660s pktRX=38/40 pktTX=15/16 bufRX=158/160/m102 bufTX=79/80/m6 sysheap_free=11208 alloc=21380 max=24056
[15:18:39.246] [1;32muart:~$ [m[8D[J[02:41:00.668,000] [0m<inf> shtc3: SHTC3: temperature=22.60 C humidity=39.21 %[0m
[15:18:39.246] [1;32muart:~$ [m[8D[J[1;32muart:~$ [m[8D[JNETMEM up=9690s pktRX=38/40 pktTX=15/16 bufRX=158/160/m102 bufTX=79/80/m6 sysheap_free=11208 alloc=21380 max=24056
[15:19:09.246] [1;32muart:~$ [m[8D[J[1;32muart:~$ [m[8D[JNETMEM up=9720s pktRX=38/40 pktTX=15/16 bufRX=158/160/m102 bufTX=79/80/m6 sysheap_free=11208 alloc=21380 max=24056
[15:19:39.246] [1;32muart:~$ [m[8D[J[02:42:00.671,000] [0m<inf> shtc3: SHTC3: temperature=22.77 C humidity=39.36 %[0m
[15:19:39.247] [1;32muart:~$ [m[8D[J[1;32muart:~$ [m[8D[JNETMEM up=9750s pktRX=38/40 pktTX=15/16 bufRX=158/160/m102 bufTX=79/80/m6 sysheap_free=11208 alloc=21380 max=24056
[15:20:09.246] [1;32muart:~$ [m[8D[J[1;32muart:~$ [m[8D[JNETMEM up=9780s pktRX=38/40 pktTX=15/16 bufRX=158/160/m102 bufTX=79/80/m6 sysheap_free=11208 alloc=21380 max=24056
[15:20:39.247] [1;32muart:~$ [m[8D[J[02:43:00.674,000] [0m<inf> shtc3: SHTC3: temperature=22.73 C humidity=39.07 %[0m
[15:20:39.248] [1;32muart:~$ [m[8D[J[1;32muart:~$ [m[8D[JNETMEM up=9810s pktRX=38/40 pktTX=15/16 bufRX=158/160/m102 bufTX=79/80/m6 sysheap_free=11208 alloc=21380 max=24056
[15:21:09.247] [1;32muart:~$ [m[8D[J[1;32muart:~$ [m[8D[JNETMEM up=9840s pktRX=38/40 pktTX=15/16 bufRX=158/160/m102 bufTX=79/80/m6 sysheap_free=11208 alloc=21380 max=24056
[15:21:39.248] [1;32muart:~$ [m[8D[J[02:44:00.677,000] [0m<inf> shtc3: SHTC3: temperature=22.95 C humidity=39.50 %[0m
[15:21:39.248] [1;32muart:~$ [m[8D[J[1;32muart:~$ [m[8D[JNETMEM up=9870s pktRX=38/40 pktTX=15/16 bufRX=158/160/m102 bufTX=79/80/m6 sysheap_free=11208 alloc=21380 max=24056
[15:22:09.248] [1;32muart:~$ [m[8D[J[1;32muart:~$ [m[8D[JThread analyze:
[15:22:38.120] [1;32muart:~$ [m[8D[J wdt_sentinel_tid    : STACK: unused 432 usage 336 / 768 (43 %); CPU: 0 %
[15:22:38.121] [1;32muart:~$ [m[8D[J                     : Total CPU cycles used: 74469432
[15:22:38.122] [1;32muart:~$ [m[8D[J thread_analyzer     : STACK: unused 112 usage 912 / 1024 (89 %); CPU: 0 %
[15:22:38.122] [1;32muart:~$ [m[8D[J                     : Total CPU cycles used: 21707345
[15:22:38.123] [1;32muart:~$ [m[8D[J sys_wdt_tid         : STACK: unused 704 usage 320 / 1024 (31 %); CPU: 0 %
[15:22:38.124] [1;32muart:~$ [m[8D[J                     : Total CPU cycles used: 13202108
[15:22:38.124] [1;32muart:~$ [m[8D[J shtc3_thread        : STACK: unused 1360 usage 688 / 2048 (33 %); CPU: 0 %
[15:22:38.125] [1;32muart:~$ [m[8D[J                     : Total CPU cycles used: 10824067
[15:22:38.126] [1;32muart:~$ [m[8D[J ntp_thread          : STACK: unused 2480 usage 1616 / 4096 (39 %); CPU: 0 %
[15:22:38.127] [1;32muart:~$ [m[8D[J                     : Total CPU cycles used: 4850859
[15:22:38.127] [1;32muart:~$ [m[8D[J netmem_tid          : STACK: unused 624 usage 656 / 1280 (51 %); CPU: 0 %
[15:22:38.128] [1;32muart:~$ [m[8D[J                     : Total CPU cycles used: 8468757
[15:22:38.129] [1;32muart:~$ [m[8D[J llss_thread         : STACK: unused 11584 usage 4800 / 16384 (29 %); CPU: 0 %
[15:22:38.130] [1;32muart:~$ [m[8D[J                     : Total CPU cycles used: 6596857509
[15:22:38.130] [1;32muart:~$ [m[8D[J input               : STACK: unused 560 usage 464 / 1024 (45 %); CPU: 0 %
[15:22:38.131] [1;32muart:~$ [m[8D[J                     : Total CPU cycles used: 72962
[15:22:38.132] [1;32muart:~$ [m[8D[J display_thread      : STACK: unused 8640 usage 3648 / 12288 (29 %); CPU: 0 %
[15:22:38.132] [1;32muart:~$ [m[8D[J                     : Total CPU cycles used: 400393757
[15:22:38.133] [1;32muart:~$ [m[8D[J device_ui_thread    : STACK: unused 4496 usage 3696 / 8192 (45 %); CPU: 0 %
[15:22:38.134] [1;32muart:~$ [m[8D[J                     : Total CPU cycles used: 16610197188
[15:22:38.135] [1;32muart:~$ [m[8D[J conn_mgr_monitor    : STACK: unused 176 usage 336 / 512 (65 %); CPU: 0 %
[15:22:38.135] [1;32muart:~$ [m[8D[J                     : Total CPU cycles used: 86568
[15:22:38.136] [1;32muart:~$ [m[8D[J net_socket_service  : STACK: unused 3344 usage 752 / 4096 (18 %); CPU: 0 %
[15:22:38.137] [1;32muart:~$ [m[8D[J                     : Total CPU cycles used: 3725934
[15:22:38.137] [1;32muart:~$ [m[8D[J rx_q[0]             : STACK: unused 528 usage 1520 / 2048 (74 %); CPU: 0 %
[15:22:38.138] [1;32muart:~$ [m[8D[J                     : Total CPU cycles used: 2501919173
[15:22:38.139] [1;32muart:~$ [m[8D[J net_mgmt            : STACK: unused 3424 usage 672 / 4096 (16 %); CPU: 0 %
[15:22:38.140] [1;32muart:~$ [m[8D[J                     : Total CPU cycles used: 4731350
[15:22:38.140] [1;32muart:~$ [m[8D[J tcp_work            : STACK: unused 1680 usage 368 / 2048 (17 %); CPU: 0 %
[15:22:38.141] [1;32muart:~$ [m[8D[J                     : Total CPU cycles used: 8802282
[15:22:38.142] [1;32muart:~$ [m[8D[J shell_uart          : STACK: unused 2624 usage 1472 / 4096 (35 %); CPU: 0 %
[15:22:38.142] [1;32muart:~$ [m[8D[J                     : Total CPU cycles used: 167496193
[15:22:38.143] [1;32muart:~$ [m[8D[J wifi                : STACK: unused 1456 usage 2128 / 3584 (59 %); CPU: 0 %
[15:22:38.144] [1;32muart:~$ [m[8D[J                     : Total CPU cycles used: 18289916045
[15:22:38.145] [1;32muart:~$ [m[8D[J sysworkq            : STACK: unused 3248 usage 848 / 4096 (20 %); CPU: 0 %
[15:22:38.145] [1;32muart:~$ [m[8D[J                     : Total CPU cycles used: 231341351
[15:22:38.146] [1;32muart:~$ [m[8D[J esp_timer           : STACK: unused 3472 usage 624 / 4096 (15 %); CPU: 0 %
[15:22:38.147] [1;32muart:~$ [m[8D[J                     : Total CPU cycles used: 889575934
[15:22:38.147] [1;32muart:~$ [m[8D[J logging             : STACK: unused 544 usage 480 / 1024 (46 %); CPU: 0 %
[15:22:38.148] [1;32muart:~$ [m[8D[J                     : Total CPU cycles used: 25668110
[15:22:38.149] [1;32muart:~$ [m[8D[J idle                : STACK: unused 816 usage 208 / 1024 (20 %); CPU: 98 %
[15:22:38.150] [1;32muart:~$ [m[8D[J                     : Total CPU cycles used: 2329326630858
[15:22:38.150] [1;32muart:~$ [m[8D[J ISR0                : STACK: unused 1520 usage 528 / 2048 (25 %); CPU: 0 %
[15:22:38.151] [1;32muart:~$ [m[8D[J                     : Total CPU cycles used: 0
[15:22:38.152] [1;32muart:~$ [m[8D[J[1;32muart:~$ [m[8D[J[1;32muart:~$ [m[8D[JNETMEM up=9900s pktRX=38/40 pktTX=15/16 bufRX=158/160/m102 bufTX=79/80/m6 sysheap_free=11208 alloc=21380 max=24056
[15:22:39.248] [1;32muart:~$ [m[8D[J[02:45:00.680,000] [0m<inf> shtc3: SHTC3: temperature=22.66 C humidity=39.60 %[0m
[15:22:39.249] [1;32muart:~$ [m[8D[J[1;32muart:~$ [m[8D[JNETMEM up=9930s pktRX=38/40 pktTX=15/16 bufRX=158/160/m102 bufTX=79/80/m6 sysheap_free=11208 alloc=21380 max=24056
[15:23:09.249] [1;32muart:~$ [m[8D[J[1;32muart:~$ [m[8D[JNETMEM up=9960s pktRX=38/40 pktTX=15/16 bufRX=158/160/m102 bufTX=79/80/m6 sysheap_free=11208 alloc=21380 max=24056
[15:23:39.249] [1;32muart:~$ [m[8D[J[02:46:00.683,000] [0m<inf> shtc3: SHTC3: temperature=22.50 C humidity=38.86 %[0m
[15:23:39.250] [1;32muart:~$ [m[8D[J[1;32muart:~$ [m[8D[JNETMEM up=9990s pktRX=38/40 pktTX=15/16 bufRX=158/160/m102 bufTX=79/80/m6 sysheap_free=11208 alloc=21380 max=24056
[15:24:09.249] [1;32muart:~$ [m[8D[J[1;32muart:~$ [m[8D[JNETMEM up=10020s pktRX=38/40 pktTX=15/16 bufRX=158/160/m102 bufTX=79/80/m6 sysheap_free=11208 alloc=21380 max=24056
[15:24:39.250] [1;32muart:~$ [m[8D[J[02:47:00.686,000] [0m<inf> shtc3: SHTC3: temperature=22.74 C humidity=39.17 %[0m
[15:24:39.250] [1;32muart:~$ [m[8D[J[1;32muart:~$ [m[8D[JNETMEM up=10050s pktRX=38/40 pktTX=15/16 bufRX=158/160/m102 bufTX=79/80/m6 sysheap_free=11208 alloc=21380 max=24056
[15:25:09.250] [1;32muart:~$ [m[8D[J[1;32muart:~$ [m[8D[JNETMEM up=10080s pktRX=38/40 pktTX=15/16 bufRX=158/160/m102 bufTX=79/80/m6 sysheap_free=11208 alloc=21380 max=24056
[15:25:39.250] [1;32muart:~$ [m[8D[J[02:48:00.689,000] [0m<inf> shtc3: SHTC3: temperature=22.51 C humidity=39.33 %[0m
[15:25:39.251] [1;32muart:~$ [m[8D[J[1;32muart:~$ [m[8D[JNETMEM up=10110s pktRX=38/40 pktTX=15/16 bufRX=158/160/m102 bufTX=79/80/m6 sysheap_free=11208 alloc=21380 max=24056
[15:26:09.252] [1;32muart:~$ [m[8D[J[1;32muart:~$ [m[8D[JNETMEM up=10140s pktRX=38/40 pktTX=15/16 bufRX=158/160/m102 bufTX=79/80/m6 sysheap_free=11208 alloc=21380 max=24056
[15:26:39.251] [1;32muart:~$ [m[8D[J[02:49:00.692,000] [0m<inf> shtc3: SHTC3: temperature=22.48 C humidity=39.51 %[0m
[15:26:39.252] [1;32muart:~$ [m[8D[J[1;32muart:~$ [m[8D[JNETMEM up=10170s pktRX=38/40 pktTX=15/16 bufRX=158/160/m102 bufTX=79/80/m6 sysheap_free=11208 alloc=21380 max=24056
[15:27:09.252] [1;32muart:~$ [m[8D[J[1;32muart:~$ [m[8D[JThread analyze:
[15:27:38.125] [1;32muart:~$ [m[8D[J wdt_sentinel_tid    : STACK: unused 432 usage 336 / 768 (43 %); CPU: 0 %
[15:27:38.126] [1;32muart:~$ [m[8D[J                     : Total CPU cycles used: 76762877
[15:27:38.127] [1;32muart:~$ [m[8D[J thread_analyzer     : STACK: unused 112 usage 912 / 1024 (89 %); CPU: 0 %
[15:27:38.127] [1;32muart:~$ [m[8D[J                     : Total CPU cycles used: 22354947
[15:27:38.130] [1;32muart:~$ [m[8D[J sys_wdt_tid         : STACK: unused 704 usage 320 / 1024 (31 %); CPU: 0 %
[15:27:38.130] [1;32muart:~$ [m[8D[J                     : Total CPU cycles used: 13586888
[15:27:38.130] [1;32muart:~$ [m[8D[J shtc3_thread        : STACK: unused 1360 usage 688 / 2048 (33 %); CPU: 0 %
[15:27:38.131] [1;32muart:~$ [m[8D[J                     : Total CPU cycles used: 11155224
[15:27:38.132] [1;32muart:~$ [m[8D[J ntp_thread          : STACK: unused 2480 usage 1616 / 4096 (39 %); CPU: 0 %
[15:27:38.133] [1;32muart:~$ [m[8D[J                     : Total CPU cycles used: 4850859
[15:27:38.133] [1;32muart:~$ [m[8D[J netmem_tid          : STACK: unused 624 usage 656 / 1280 (51 %); CPU: 0 %
[15:27:38.134] [1;32muart:~$ [m[8D[J                     : Total CPU cycles used: 8729397
[15:27:38.135] [1;32muart:~$ [m[8D[J llss_thread         : STACK: unused 11584 usage 4800 / 16384 (29 %); CPU: 0 %
[15:27:38.135] [1;32muart:~$ [m[8D[J                     : Total CPU cycles used: 6665572687
[15:27:38.136] [1;32muart:~$ [m[8D[J input               : STACK: unused 560 usage 464 / 1024 (45 %); CPU: 0 %
[15:27:38.137] [1;32muart:~$ [m[8D[J                     : Total CPU cycles used: 72962
[15:27:38.137] [1;32muart:~$ [m[8D[J display_thread      : STACK: unused 8640 usage 3648 / 12288 (29 %); CPU: 0 %
[15:27:38.138] [1;32muart:~$ [m[8D[J                     : Total CPU cycles used: 400393757
[15:27:38.139] [1;32muart:~$ [m[8D[J device_ui_thread    : STACK: unused 4496 usage 3696 / 8192 (45 %); CPU: 0 %
[15:27:38.140] [1;32muart:~$ [m[8D[J                     : Total CPU cycles used: 17159623660
[15:27:38.140] [1;32muart:~$ [m[8D[J conn_mgr_monitor    : STACK: unused 176 usage 336 / 512 (65 %); CPU: 0 %
[15:27:38.141] [1;32muart:~$ [m[8D[J                     : Total CPU cycles used: 86568
[15:27:38.142] [1;32muart:~$ [m[8D[J net_socket_service  : STACK: unused 3344 usage 752 / 4096 (18 %); CPU: 0 %
[15:27:38.143] [1;32muart:~$ [m[8D[J                     : Total CPU cycles used: 3725934
[15:27:38.143] [1;32muart:~$ [m[8D[J rx_q[0]             : STACK: unused 528 usage 1520 / 2048 (74 %); CPU: 0 %
[15:27:38.144] [1;32muart:~$ [m[8D[J                     : Total CPU cycles used: 2564388811
[15:27:38.145] [1;32muart:~$ [m[8D[J net_mgmt            : STACK: unused 3424 usage 672 / 4096 (16 %); CPU: 0 %
[15:27:38.146] [1;32muart:~$ [m[8D[J                     : Total CPU cycles used: 4863720
[15:27:38.146] [1;32muart:~$ [m[8D[J tcp_work            : STACK: unused 1680 usage 368 / 2048 (17 %); CPU: 0 %
[15:27:38.147] [1;32muart:~$ [m[8D[J                     : Total CPU cycles used: 8802282
[15:27:38.147] [1;32muart:~$ [m[8D[J shell_uart          : STACK: unused 2624 usage 1472 / 4096 (35 %); CPU: 0 %
[15:27:38.148] [1;32muart:~$ [m[8D[J                     : Total CPU cycles used: 171225857
[15:27:38.149] [1;32muart:~$ [m[8D[J wifi                : STACK: unused 1456 usage 2128 / 3584 (59 %); CPU: 0 %
[15:27:38.150] [1;32muart:~$ [m[8D[J                     : Total CPU cycles used: 18812736416
[15:27:38.150] [1;32muart:~$ [m[8D[J sysworkq            : STACK: unused 3248 usage 848 / 4096 (20 %); CPU: 0 %
[15:27:38.151] [1;32muart:~$ [m[8D[J                     : Total CPU cycles used: 238322969
[15:27:38.152] [1;32muart:~$ [m[8D[J esp_timer           : STACK: unused 3472 usage 624 / 4096 (15 %); CPU: 0 %
[15:27:38.153] [1;32muart:~$ [m[8D[J                     : Total CPU cycles used: 916595603
[15:27:38.153] [1;32muart:~$ [m[8D[J logging             : STACK: unused 544 usage 480 / 1024 (46 %); CPU: 0 %
[15:27:38.154] [1;32muart:~$ [m[8D[J                     : Total CPU cycles used: 26178326
[15:27:38.155] [1;32muart:~$ [m[8D[J idle                : STACK: unused 816 usage 208 / 1024 (20 %); CPU: 98 %
[15:27:38.156] [1;32muart:~$ [m[8D[J                     : Total CPU cycles used: 2400065799826
[15:27:38.156] [1;32muart:~$ [m[8D[J ISR0                : STACK: unused 1520 usage 528 / 2048 (25 %); CPU: 0 %
[15:27:38.157] [1;32muart:~$ [m[8D[J                     : Total CPU cycles used: 0
[15:27:38.158] [1;32muart:~$ [m[8D[J[1;32muart:~$ [m[8D[J[1;32muart:~$ [m[8D[JNETMEM up=10200s pktRX=38/40 pktTX=15/16 bufRX=158/160/m102 bufTX=79/80/m6 sysheap_free=11208 alloc=21380 max=24056
[15:27:39.252] [1;32muart:~$ [m[8D[J[02:50:00.695,000] [0m<inf> shtc3: SHTC3: temperature=22.42 C humidity=39.85 %[0m
[15:27:39.252] [1;32muart:~$ [m[8D[J[1;32muart:~$ [m[8D[JNETMEM up=10230s pktRX=38/40 pktTX=15/16 bufRX=158/160/m102 bufTX=79/80/m6 sysheap_free=11208 alloc=21380 max=24056
[15:28:09.252] [1;32muart:~$ [m[8D[J[1;32muart:~$ [m[8D[JNETMEM up=10260s pktRX=38/40 pktTX=15/16 bufRX=158/160/m102 bufTX=79/80/m6 sysheap_free=11208 alloc=21380 max=24056
[15:28:39.252] [1;32muart:~$ [m[8D[J[02:51:00.698,000] [0m<inf> shtc3: SHTC3: temperature=22.57 C humidity=39.75 %[0m
[15:28:39.253] [1;32muart:~$ [m[8D[J[1;32muart:~$ [m[8D[JNETMEM up=10290s pktRX=38/40 pktTX=15/16 bufRX=158/160/m102 bufTX=79/80/m6 sysheap_free=11208 alloc=21380 max=24056
[15:29:09.253] [1;32muart:~$ [m[8D[J[1;32muart:~$ [m[8D[JNETMEM up=10320s pktRX=38/40 pktTX=15/16 bufRX=158/160/m102 bufTX=79/80/m6 sysheap_free=11208 alloc=21380 max=24056
[15:29:39.253] [1;32muart:~$ [m[8D[J[02:52:00.701,000] [0m<inf> shtc3: SHTC3: temperature=22.41 C humidity=39.73 %[0m
[15:29:39.254] [1;32muart:~$ [m[8D[J[1;32muart:~$ [m[8D[JNETMEM up=10350s pktRX=38/40 pktTX=15/16 bufRX=158/160/m102 bufTX=79/80/m6 sysheap_free=11208 alloc=21380 max=24056
[15:30:09.254] [1;32muart:~$ [m[8D[J[1;32muart:~$ [m[8D[JNETMEM up=10380s pktRX=38/40 pktTX=15/16 bufRX=158/160/m102 bufTX=79/80/m6 sysheap_free=11208 alloc=21380 max=24056
[15:30:39.254] [1;32muart:~$ [m[8D[J[02:53:00.704,000] [0m<inf> shtc3: SHTC3: temperature=22.47 C humidity=39.85 %[0m
[15:30:39.254] [1;32muart:~$ [m[8D[J[1;32muart:~$ [m[8D[JNETMEM up=10410s pktRX=38/40 pktTX=15/16 bufRX=158/160/m102 bufTX=79/80/m6 sysheap_free=11172 alloc=21416 max=24056
[15:31:09.255] [1;32muart:~$ [m[8D[J[1;32muart:~$ [m[8D[JNETMEM up=10440s pktRX=38/40 pktTX=15/16 bufRX=158/160/m102 bufTX=79/80/m6 sysheap_free=11208 alloc=21380 max=24056
[15:31:39.256] [1;32muart:~$ [m[8D[J[02:54:00.706,000] [0m<inf> shtc3: SHTC3: temperature=22.60 C humidity=39.98 %[0m
[15:31:39.257] [1;32muart:~$ [m[8D[J[1;32muart:~$ [m[8D[JNETMEM up=10470s pktRX=38/40 pktTX=15/16 bufRX=158/160/m102 bufTX=79/80/m6 sysheap_free=11208 alloc=21380 max=24056
[15:32:09.256] [1;32muart:~$ [m[8D[J[1;32muart:~$ [m[8D[JThread analyze:
[15:32:38.131] [1;32muart:~$ [m[8D[J wdt_sentinel_tid    : STACK: unused 432 usage 336 / 768 (43 %); CPU: 0 %
[15:32:38.132] [1;32muart:~$ [m[8D[J                     : Total CPU cycles used: 79027926
[15:32:38.132] [1;32muart:~$ [m[8D[J thread_analyzer     : STACK: unused 112 usage 912 / 1024 (89 %); CPU: 0 %
[15:32:38.133] [1;32muart:~$ [m[8D[J                     : Total CPU cycles used: 23002199
[15:32:38.134] [1;32muart:~$ [m[8D[J sys_wdt_tid         : STACK: unused 704 usage 320 / 1024 (31 %); CPU: 0 %
[15:32:38.134] [1;32muart:~$ [m[8D[J                     : Total CPU cycles used: 13983863
[15:32:38.135] [1;32muart:~$ [m[8D[J shtc3_thread        : STACK: unused 1360 usage 688 / 2048 (33 %); CPU: 0 %
[15:32:38.136] [1;32muart:~$ [m[8D[J                     : Total CPU cycles used: 11491995
[15:32:38.136] [1;32muart:~$ [m[8D[J ntp_thread          : STACK: unused 2480 usage 1616 / 4096 (39 %); CPU: 0 %
[15:32:38.137] [1;32muart:~$ [m[8D[J                     : Total CPU cycles used: 4850859
[15:32:38.138] [1;32muart:~$ [m[8D[J netmem_tid          : STACK: unused 624 usage 656 / 1280 (51 %); CPU: 0 %
[15:32:38.139] [1;32muart:~$ [m[8D[J                     : Total CPU cycles used: 8984165
[15:32:38.139] [1;32muart:~$ [m[8D[J llss_thread         : STACK: unused 11584 usage 4800 / 16384 (29 %); CPU: 0 %
[15:32:38.140] [1;32muart:~$ [m[8D[J                     : Total CPU cycles used: 6739131848
[15:32:38.141] [1;32muart:~$ [m[8D[J input               : STACK: unused 560 usage 464 / 1024 (45 %); CPU: 0 %
[15:32:38.142] [1;32muart:~$ [m[8D[J                     : Total CPU cycles used: 72962
[15:32:38.142] [1;32muart:~$ [m[8D[J display_thread      : STACK: unused 8640 usage 3648 / 12288 (29 %); CPU: 0 %
[15:32:38.143] [1;32muart:~$ [m[8D[J                     : Total CPU cycles used: 400393757
[15:32:38.144] [1;32muart:~$ [m[8D[J device_ui_thread    : STACK: unused 4496 usage 3696 / 8192 (45 %); CPU: 0 %
[15:32:38.144] [1;32muart:~$ [m[8D[J                     : Total CPU cycles used: 17683481068
[15:32:38.145] [1;32muart:~$ [m[8D[J conn_mgr_monitor    : STACK: unused 176 usage 336 / 512 (65 %); CPU: 0 %
[15:32:38.146] [1;32muart:~$ [m[8D[J                     : Total CPU cycles used: 86568
[15:32:38.146] [1;32muart:~$ [m[8D[J net_socket_service  : STACK: unused 3344 usage 752 / 4096 (18 %); CPU: 0 %
[15:32:38.147] [1;32muart:~$ [m[8D[J                     : Total CPU cycles used: 3725934
[15:32:38.148] [1;32muart:~$ [m[8D[J rx_q[0]             : STACK: unused 528 usage 1520 / 2048 (74 %); CPU: 0 %
[15:32:38.149] [1;32muart:~$ [m[8D[J                     : Total CPU cycles used: 2625666223
[15:32:38.149] [1;32muart:~$ [m[8D[J net_mgmt            : STACK: unused 3424 usage 672 / 4096 (16 %); CPU: 0 %
[15:32:38.150] [1;32muart:~$ [m[8D[J                     : Total CPU cycles used: 4986448
[15:32:38.151] [1;32muart:~$ [m[8D[J tcp_work            : STACK: unused 1680 usage 368 / 2048 (17 %); CPU: 0 %
[15:32:38.152] [1;32muart:~$ [m[8D[J                     : Total CPU cycles used: 8802282
[15:32:38.152] [1;32muart:~$ [m[8D[J shell_uart          : STACK: unused 2624 usage 1472 / 4096 (35 %); CPU: 0 %
[15:32:38.153] [1;32muart:~$ [m[8D[J                     : Total CPU cycles used: 174956248
[15:32:38.154] [1;32muart:~$ [m[8D[J wifi                : STACK: unused 1456 usage 2128 / 3584 (59 %); CPU: 0 %
[15:32:38.154] [1;32muart:~$ [m[8D[J                     : Total CPU cycles used: 19355894031
[15:32:38.155] [1;32muart:~$ [m[8D[J sysworkq            : STACK: unused 3248 usage 848 / 4096 (20 %); CPU: 0 %
[15:32:38.156] [1;32muart:~$ [m[8D[J                     : Total CPU cycles used: 245245617
[15:32:38.157] [1;32muart:~$ [m[8D[J esp_timer           : STACK: unused 3472 usage 624 / 4096 (15 %); CPU: 0 %
[15:32:38.157] [1;32muart:~$ [m[8D[J                     : Total CPU cycles used: 943581659
[15:32:38.158] [1;32muart:~$ [m[8D[J logging             : STACK: unused 544 usage 480 / 1024 (46 %); CPU: 0 %
[15:32:38.160] [1;32muart:~$ [m[8D[J                     : Total CPU cycles used: 26697790
[15:32:38.161] [1;32muart:~$ [m[8D[J idle                : STACK: unused 816 usage 208 / 1024 (20 %); CPU: 98 %
[15:32:38.161] [1;32muart:~$ [m[8D[J                     : Total CPU cycles used: 2470806288631
[15:32:38.163] [1;32muart:~$ [m[8D[J ISR0                : STACK: unused 1520 usage 528 / 2048 (25 %); CPU: 0 %
[15:32:38.163] [1;32muart:~$ [m[8D[J                     : Total CPU cycles used: 0
[15:32:38.164] [1;32muart:~$ [m[8D[J[1;32muart:~$ [m[8D[J[1;32muart:~$ [m[8D[JNETMEM up=10500s pktRX=38/40 pktTX=15/16 bufRX=158/160/m102 bufTX=79/80/m6 sysheap_free=11208 alloc=21380 max=24056
[15:32:39.257] [1;32muart:~$ [m[8D[J[02:55:00.710,000] [0m<inf> shtc3: SHTC3: temperature=22.47 C humidity=40.30 %[0m
[15:32:39.258] [1;32muart:~$ [m[8D[J[1;32muart:~$ [m[8D[JNETMEM up=10530s pktRX=38/40 pktTX=15/16 bufRX=158/160/m102 bufTX=79/80/m6 sysheap_free=11208 alloc=21380 max=24056
[15:33:09.258] [1;32muart:~$ [m[8D[J[1;32muart:~$ [m[8D[JNETMEM up=10560s pktRX=38/40 pktTX=15/16 bufRX=158/160/m102 bufTX=79/80/m6 sysheap_free=11208 alloc=21380 max=24056
[15:33:39.259] [1;32muart:~$ [m[8D[J[02:56:00.712,000] [0m<inf> shtc3: SHTC3: temperature=22.60 C humidity=40.17 %[0m
[15:33:39.260] [1;32muart:~$ [m[8D[J[1;32muart:~$ [m[8D[JNETMEM up=10590s pktRX=38/40 pktTX=15/16 bufRX=158/160/m102 bufTX=79/80/m6 sysheap_free=11208 alloc=21380 max=24056
[15:34:09.259] [1;32muart:~$ [m[8D[J[1;32muart:~$ [m[8D[JNETMEM up=10620s pktRX=38/40 pktTX=15/16 bufRX=158/160/m102 bufTX=79/80/m6 sysheap_free=11208 alloc=21380 max=24056
[15:34:39.260] [1;32muart:~$ [m[8D[J[02:57:00.715,000] [0m<inf> shtc3: SHTC3: temperature=22.57 C humidity=40.31 %[0m
[15:34:39.261] [1;32muart:~$ [m[8D[J[1;32muart:~$ [m[8D[JNETMEM up=10650s pktRX=38/40 pktTX=15/16 bufRX=158/160/m102 bufTX=79/80/m6 sysheap_free=11208 alloc=21380 max=24056
[15:35:09.261] [1;32muart:~$ [m[8D[J[1;32muart:~$ [m[8D[JNETMEM up=10680s pktRX=38/40 pktTX=15/16 bufRX=158/160/m102 bufTX=79/80/m6 sysheap_free=11208 alloc=21380 max=24056
[15:35:39.262] [1;32muart:~$ [m[8D[J[02:58:00.718,000] [0m<inf> shtc3: SHTC3: temperature=22.47 C humidity=40.15 %[0m
[15:35:39.262] [1;32muart:~$ [m[8D[J[1;32muart:~$ [m[8D[JNETMEM up=10710s pktRX=38/40 pktTX=15/16 bufRX=158/160/m102 bufTX=79/80/m6 sysheap_free=11208 alloc=21380 max=24056
[15:36:09.262] [1;32muart:~$ [m[8D[J[1;32muart:~$ [m[8D[JNETMEM up=10740s pktRX=38/40 pktTX=15/16 bufRX=158/160/m102 bufTX=79/80/m6 sysheap_free=11208 alloc=21380 max=24056
[15:36:39.263] [1;32muart:~$ [m[8D[J[02:59:00.721,000] [0m<inf> shtc3: SHTC3: temperature=22.73 C humidity=40.27 %[0m
[15:36:39.263] [1;32muart:~$ [m[8D[J[1;32muart:~$ [m[8D[JNETMEM up=10770s pktRX=38/40 pktTX=15/16 bufRX=158/160/m102 bufTX=79/80/m6 sysheap_free=11208 alloc=21380 max=24056
[15:37:09.263] [1;32muart:~$ [m[8D[J[1;32muart:~$ [m[8D[JThread analyze:
[15:37:38.138] [1;32muart:~$ [m[8D[J wdt_sentinel_tid    : STACK: unused 432 usage 336 / 768 (43 %); CPU: 0 %
[15:37:38.139] [1;32muart:~$ [m[8D[J                     : Total CPU cycles used: 81276434
[15:37:38.140] [1;32muart:~$ [m[8D[J thread_analyzer     : STACK: unused 112 usage 912 / 1024 (89 %); CPU: 0 %
[15:37:38.141] [1;32muart:~$ [m[8D[J                     : Total CPU cycles used: 23650374
[15:37:38.141] [1;32muart:~$ [m[8D[J sys_wdt_tid         : STACK: unused 704 usage 320 / 1024 (31 %); CPU: 0 %
[15:37:38.142] [1;32muart:~$ [m[8D[J                     : Total CPU cycles used: 14384114
[15:37:38.143] [1;32muart:~$ [m[8D[J shtc3_thread        : STACK: unused 1360 usage 688 / 2048 (33 %); CPU: 0 %
[15:37:38.143] [1;32muart:~$ [m[8D[J                     : Total CPU cycles used: 11831979
[15:37:38.144] [1;32muart:~$ [m[8D[J ntp_thread          : STACK: unused 2480 usage 1616 / 4096 (39 %); CPU: 0 %
[15:37:38.145] [1;32muart:~$ [m[8D[J                     : Total CPU cycles used: 4850859
[15:37:38.146] [1;32muart:~$ [m[8D[J netmem_tid          : STACK: unused 624 usage 656 / 1280 (51 %); CPU: 0 %
[15:37:38.146] [1;32muart:~$ [m[8D[J                     : Total CPU cycles used: 9244308
[15:37:38.147] [1;32muart:~$ [m[8D[J llss_thread         : STACK: unused 11584 usage 4800 / 16384 (29 %); CPU: 0 %
[15:37:38.148] [1;32muart:~$ [m[8D[J                     : Total CPU cycles used: 6811374012
[15:37:38.148] [1;32muart:~$ [m[8D[J input               : STACK: unused 560 usage 464 / 1024 (45 %); CPU: 0 %
[15:37:38.149] [1;32muart:~$ [m[8D[J                     : Total CPU cycles used: 72962
[15:37:38.150] [1;32muart:~$ [m[8D[J display_thread      : STACK: unused 8640 usage 3648 / 12288 (29 %); CPU: 0 %
[15:37:38.151] [1;32muart:~$ [m[8D[J                     : Total CPU cycles used: 400393757
[15:37:38.151] [1;32muart:~$ [m[8D[J device_ui_thread    : STACK: unused 4496 usage 3696 / 8192 (45 %); CPU: 0 %
[15:37:38.152] [1;32muart:~$ [m[8D[J                     : Total CPU cycles used: 18231775363
[15:37:38.153] [1;32muart:~$ [m[8D[J conn_mgr_monitor    : STACK: unused 176 usage 336 / 512 (65 %); CPU: 0 %
[15:37:38.153] [1;32muart:~$ [m[8D[J                     : Total CPU cycles used: 86568
[15:37:38.154] [1;32muart:~$ [m[8D[J net_socket_service  : STACK: unused 3344 usage 752 / 4096 (18 %); CPU: 0 %
[15:37:38.155] [1;32muart:~$ [m[8D[J                     : Total CPU cycles used: 3725934
[15:37:38.156] [1;32muart:~$ [m[8D[J rx_q[0]             : STACK: unused 528 usage 1520 / 2048 (74 %); CPU: 0 %
[15:37:38.156] [1;32muart:~$ [m[8D[J                     : Total CPU cycles used: 2684094172
[15:37:38.157] [1;32muart:~$ [m[8D[J net_mgmt            : STACK: unused 3424 usage 672 / 4096 (16 %); CPU: 0 %
[15:37:38.158] [1;32muart:~$ [m[8D[J                     : Total CPU cycles used: 5106809
[15:37:38.158] [1;32muart:~$ [m[8D[J tcp_work            : STACK: unused 1680 usage 368 / 2048 (17 %); CPU: 0 %
[15:37:38.159] [1;32muart:~$ [m[8D[J                     : Total CPU cycles used: 8802282
[15:37:38.160] [1;32muart:~$ [m[8D[J shell_uart          : STACK: unused 2624 usage 1472 / 4096 (35 %); CPU: 0 %
[15:37:38.161] [1;32muart:~$ [m[8D[J                     : Total CPU cycles used: 178736277
[15:37:38.161] [1;32muart:~$ [m[8D[J wifi                : STACK: unused 1456 usage 2128 / 3584 (59 %); CPU: 0 %
[15:37:38.162] [1;32muart:~$ [m[8D[J                     : Total CPU cycles used: 19871593565
[15:37:38.163] [1;32muart:~$ [m[8D[J sysworkq            : STACK: unused 3248 usage 848 / 4096 (20 %); CPU: 0 %
[15:37:38.164] [1;32muart:~$ [m[8D[J                     : Total CPU cycles used: 252197390
[15:37:38.164] [1;32muart:~$ [m[8D[J esp_timer           : STACK: unused 3472 usage 624 / 4096 (15 %); CPU: 0 %
[15:37:38.165] [1;32muart:~$ [m[8D[J                     : Total CPU cycles used: 969552374
[15:37:38.166] [1;32muart:~$ [m[8D[J logging             : STACK: unused 544 usage 480 / 1024 (46 %); CPU: 0 %
[15:37:38.166] [1;32muart:~$ [m[8D[J                     : Total CPU cycles used: 27205181
[15:37:38.167] [1;32muart:~$ [m[8D[J idle                : STACK: unused 816 usage 208 / 1024 (20 %); CPU: 98 %
[15:37:38.168] [1;32muart:~$ [m[8D[J                     : Total CPU cycles used: 2541555499700
[15:37:38.168] [1;32muart:~$ [m[8D[J ISR0                : STACK: unused 1520 usage 528 / 2048 (25 %); CPU: 0 %
[15:37:38.169] [1;32muart:~$ [m[8D[J                     : Total CPU cycles used: 0
[15:37:38.170] [1;32muart:~$ [m[8D[J[1;32muart:~$ [m[8D[J[1;32muart:~$ [m[8D[JNETMEM up=10800s pktRX=38/40 pktTX=15/16 bufRX=158/160/m102 bufTX=79/80/m6 sysheap_free=11208 alloc=21380 max=24056
[15:37:39.264] [1;32muart:~$ [m[8D[J[03:00:00.724,000] [0m<inf> shtc3: SHTC3: temperature=22.70 C humidity=40.61 %[0m
[15:37:39.265] [1;32muart:~$ [m[8D[J[1;32muart:~$ [m[8D[J[03:00:09.725,000] [0m<inf> wifi_prov: WiFi STA connected: tutu[0m
[15:37:48.562] [1;32muart:~$ [m[8D[J[1;32muart:~$ [m[8D[J[03:00:28.891,000] [0m<inf> ntp_sync: NTP synced: 2026-06-18 18:38:06 UTC[0m
[15:38:07.728] [1;32muart:~$ [m[8D[J[1;32muart:~$ [m[8D[JNETMEM up=10830s pktRX=38/40 pktTX=15/16 bufRX=158/160/m102 bufTX=79/80/m6 sysheap_free=11208 alloc=21380 max=24056
[15:38:09.265] [1;32muart:~$ [m[8D[J[1;32muart:~$ [m[8D[JNETMEM up=10860s pktRX=38/40 pktTX=15/16 bufRX=158/160/m102 bufTX=79/80/m6 sysheap_free=11208 alloc=21380 max=24056
[15:38:39.265] [1;32muart:~$ [m[8D[J[03:01:00.727,000] [0m<inf> shtc3: SHTC3: temperature=22.73 C humidity=40.49 %[0m
[15:38:39.266] [1;32muart:~$ [m[8D[J[1;32muart:~$ [m[8D[JNETMEM up=10890s pktRX=38/40 pktTX=15/16 bufRX=158/160/m102 bufTX=79/80/m6 sysheap_free=11208 alloc=21380 max=24056
[15:39:09.266] [1;32muart:~$ [m[8D[J[1;32muart:~$ [m[8D[JNETMEM up=10920s pktRX=38/40 pktTX=15/16 bufRX=158/160/m102 bufTX=79/80/m6 sysheap_free=11208 alloc=21380 max=24056
[15:39:39.268] [1;32muart:~$ [m[8D[J[03:02:00.730,000] [0m<inf> shtc3: SHTC3: temperature=22.36 C humidity=40.50 %[0m
[15:39:39.268] [1;32muart:~$ [m[8D[J[1;32muart:~$ [m[8D[JNETMEM up=10950s pktRX=38/40 pktTX=15/16 bufRX=158/160/m102 bufTX=79/80/m6 sysheap_free=11208 alloc=21380 max=24056
[15:40:09.267] [1;32muart:~$ [m[8D[J[1;32muart:~$ [m[8D[JNETMEM up=10980s pktRX=38/40 pktTX=15/16 bufRX=158/160/m102 bufTX=79/80/m6 sysheap_free=11208 alloc=21380 max=24056
[15:40:39.267] [1;32muart:~$ [m[8D[J[03:03:00.733,000] [0m<inf> shtc3: SHTC3: temperature=22.48 C humidity=40.91 %[0m
[15:40:39.268] [1;32muart:~$ [m[8D[J[1;32muart:~$ [m[8D[JNETMEM up=11010s pktRX=38/40 pktTX=15/16 bufRX=158/160/m102 bufTX=79/80/m6 sysheap_free=11208 alloc=21380 max=24056
[15:41:09.268] [1;32muart:~$ [m[8D[J[1;32muart:~$ [m[8D[JNETMEM up=11040s pktRX=38/40 pktTX=15/16 bufRX=158/160/m102 bufTX=79/80/m6 sysheap_free=11208 alloc=21380 max=24056
[15:41:39.268] [1;32muart:~$ [m[8D[J[03:04:00.736,000] [0m<inf> shtc3: SHTC3: temperature=22.73 C humidity=41.10 %[0m
[15:41:39.269] [1;32muart:~$ [m[8D[J[1;32muart:~$ [m[8D[JNETMEM up=11070s pktRX=38/40 pktTX=15/16 bufRX=158/160/m102 bufTX=79/80/m6 sysheap_free=11208 alloc=21380 max=24056
[15:42:09.269] [1;32muart:~$ [m[8D[J[1;32muart:~$ [m[8D[JThread analyze:
[15:42:38.145] [1;32muart:~$ [m[8D[J wdt_sentinel_tid    : STACK: unused 432 usage 336 / 768 (43 %); CPU: 0 %
[15:42:38.146] [1;32muart:~$ [m[8D[J                     : Total CPU cycles used: 83492532
[15:42:38.146] [1;32muart:~$ [m[8D[J thread_analyzer     : STACK: unused 112 usage 912 / 1024 (89 %); CPU: 0 %
[15:42:38.147] [1;32muart:~$ [m[8D[J                     : Total CPU cycles used: 24300317
[15:42:38.148] [1;32muart:~$ [m[8D[J sys_wdt_tid         : STACK: unused 704 usage 320 / 1024 (31 %); CPU: 0 %
[15:42:38.149] [1;32muart:~$ [m[8D[J                     : Total CPU cycles used: 14807203
[15:42:38.149] [1;32muart:~$ [m[8D[J shtc3_thread        : STACK: unused 1360 usage 688 / 2048 (33 %); CPU: 0 %
[15:42:38.150] [1;32muart:~$ [m[8D[J                     : Total CPU cycles used: 12171719
[15:42:38.151] [1;32muart:~$ [m[8D[J ntp_thread          : STACK: unused 2480 usage 1616 / 4096 (39 %); CPU: 0 %
[15:42:38.151] [1;32muart:~$ [m[8D[J                     : Total CPU cycles used: 6194055
[15:42:38.152] [1;32muart:~$ [m[8D[J netmem_tid          : STACK: unused 624 usage 656 / 1280 (51 %); CPU: 0 %
[15:42:38.153] [1;32muart:~$ [m[8D[J                     : Total CPU cycles used: 9496905
[15:42:38.153] [1;32muart:~$ [m[8D[J llss_thread         : STACK: unused 11584 usage 4800 / 16384 (29 %); CPU: 0 %
[15:42:38.154] [1;32muart:~$ [m[8D[J                     : Total CPU cycles used: 6885673256
[15:42:38.155] [1;32muart:~$ [m[8D[J input               : STACK: unused 560 usage 464 / 1024 (45 %); CPU: 0 %
[15:42:38.156] [1;32muart:~$ [m[8D[J                     : Total CPU cycles used: 72962
[15:42:38.156] [1;32muart:~$ [m[8D[J display_thread      : STACK: unused 8640 usage 3648 / 12288 (29 %); CPU: 0 %
[15:42:38.157] [1;32muart:~$ [m[8D[J                     : Total CPU cycles used: 400393757
[15:42:38.158] [1;32muart:~$ [m[8D[J device_ui_thread    : STACK: unused 4496 usage 3696 / 8192 (45 %); CPU: 0 %
[15:42:38.159] [1;32muart:~$ [m[8D[J                     : Total CPU cycles used: 18779603543
[15:42:38.159] [1;32muart:~$ [m[8D[J conn_mgr_monitor    : STACK: unused 176 usage 336 / 512 (65 %); CPU: 0 %
[15:42:38.160] [1;32muart:~$ [m[8D[J                     : Total CPU cycles used: 86568
[15:42:38.161] [1;32muart:~$ [m[8D[J net_socket_service  : STACK: unused 3344 usage 752 / 4096 (18 %); CPU: 0 %
[15:42:38.161] [1;32muart:~$ [m[8D[J                     : Total CPU cycles used: 4176332
[15:42:38.162] [1;32muart:~$ [m[8D[J rx_q[0]             : STACK: unused 528 usage 1520 / 2048 (74 %); CPU: 0 %
[15:42:38.163] [1;32muart:~$ [m[8D[J                     : Total CPU cycles used: 2744807925
[15:42:38.163] [1;32muart:~$ [m[8D[J net_mgmt            : STACK: unused 3424 usage 672 / 4096 (16 %); CPU: 0 %
[15:42:38.164] [1;32muart:~$ [m[8D[J                     : Total CPU cycles used: 5259483
[15:42:38.165] [1;32muart:~$ [m[8D[J tcp_work            : STACK: unused 1680 usage 368 / 2048 (17 %); CPU: 0 %
[15:42:38.166] [1;32muart:~$ [m[8D[J                     : Total CPU cycles used: 8802282
[15:42:38.166] [1;32muart:~$ [m[8D[J shell_uart          : STACK: unused 2624 usage 1472 / 4096 (35 %); CPU: 0 %
[15:42:38.167] [1;32muart:~$ [m[8D[J                     : Total CPU cycles used: 182718580
[15:42:38.168] [1;32muart:~$ [m[8D[J wifi                : STACK: unused 1456 usage 2128 / 3584 (59 %); CPU: 0 %
[15:42:38.169] [1;32muart:~$ [m[8D[J                     : Total CPU cycles used: 20392018075
[15:42:38.169] [1;32muart:~$ [m[8D[J sysworkq            : STACK: unused 3248 usage 848 / 4096 (20 %); CPU: 0 %
[15:42:38.170] [1;32muart:~$ [m[8D[J                     : Total CPU cycles used: 258621390
[15:42:38.171] [1;32muart:~$ [m[8D[J esp_timer           : STACK: unused 3472 usage 624 / 4096 (15 %); CPU: 0 %
[15:42:38.171] [1;32muart:~$ [m[8D[J                     : Total CPU cycles used: 996145038
[15:42:38.172] [1;32muart:~$ [m[8D[J logging             : STACK: unused 544 usage 480 / 1024 (46 %); CPU: 0 %
[15:42:38.173] [1;32muart:~$ [m[8D[J                     : Total CPU cycles used: 27775211
[15:42:38.174] [1;32muart:~$ [m[8D[J idle                : STACK: unused 816 usage 208 / 1024 (20 %); CPU: 98 %
[15:42:38.174] [1;32muart:~$ [m[8D[J                     : Total CPU cycles used: 2612293711046
[15:42:38.175] [1;32muart:~$ [m[8D[J ISR0                : STACK: unused 1520 usage 528 / 2048 (25 %); CPU: 0 %
[15:42:38.176] [1;32muart:~$ [m[8D[J                     : Total CPU cycles used: 0
[15:42:38.176] [1;32muart:~$ [m[8D[J[1;32muart:~$ [m[8D[J[1;32muart:~$ [m[8D[JNETMEM up=11100s pktRX=38/40 pktTX=15/16 bufRX=158/160/m102 bufTX=79/80/m6 sysheap_free=11208 alloc=21380 max=24056
[15:42:39.269] [1;32muart:~$ [m[8D[J[03:05:00.739,000] [0m<inf> shtc3: SHTC3: temperature=22.47 C humidity=41.14 %[0m
[15:42:39.270] [1;32muart:~$ [m[8D[J[1;32muart:~$ [m[8D[JNETMEM up=11130s pktRX=38/40 pktTX=15/16 bufRX=158/160/m102 bufTX=79/80/m6 sysheap_free=11208 alloc=21380 max=24056
[15:43:09.270] [1;32muart:~$ [m[8D[J[1;32muart:~$ [m[8D[JNETMEM up=11160s pktRX=38/40 pktTX=15/16 bufRX=158/160/m102 bufTX=79/80/m6 sysheap_free=11172 alloc=21416 max=24056
[15:43:39.271] [1;32muart:~$ [m[8D[J[03:06:00.742,000] [0m<inf> shtc3: SHTC3: temperature=22.73 C humidity=41.10 %[0m
[15:43:39.272] [1;32muart:~$ [m[8D[J[1;32muart:~$ [m[8D[JNETMEM up=11190s pktRX=38/40 pktTX=15/16 bufRX=158/160/m102 bufTX=79/80/m6 sysheap_free=11208 alloc=21380 max=24056
[15:44:09.271] [1;32muart:~$ [m[8D[J[1;32muart:~$ [m[8D[JNETMEM up=11220s pktRX=38/40 pktTX=15/16 bufRX=158/160/m102 bufTX=79/80/m6 sysheap_free=11208 alloc=21380 max=24056
[15:44:39.274] [1;32muart:~$ [m[8D[J[03:07:00.745,000] [0m<inf> shtc3: SHTC3: temperature=22.47 C humidity=41.13 %[0m
[15:44:39.275] [1;32muart:~$ [m[8D[J[1;32muart:~$ [m[8D[JNETMEM up=11250s pktRX=38/40 pktTX=15/16 bufRX=158/160/m102 bufTX=79/80/m6 sysheap_free=11208 alloc=21380 max=24056
[15:45:09.272] [1;32muart:~$ [m[8D[J[1;32muart:~$ [m[8D[JNETMEM up=11280s pktRX=38/40 pktTX=15/16 bufRX=158/160/m102 bufTX=79/80/m6 sysheap_free=11208 alloc=21380 max=24056
[15:45:39.273] [1;32muart:~$ [m[8D[J[03:08:00.748,000] [0m<inf> shtc3: SHTC3: temperature=22.60 C humidity=41.31 %[0m
[15:45:39.274] [1;32muart:~$ [m[8D[J[1;32muart:~$ [m[8D[JNETMEM up=11310s pktRX=38/40 pktTX=15/16 bufRX=158/160/m102 bufTX=79/80/m6 sysheap_free=11208 alloc=21380 max=24056
[15:46:09.273] [1;32muart:~$ [m[8D[J[1;32muart:~$ [m[8D[JNETMEM up=11340s pktRX=38/40 pktTX=15/16 bufRX=158/160/m102 bufTX=79/80/m6 sysheap_free=11208 alloc=21380 max=24056
[15:46:39.274] [1;32muart:~$ [m[8D[J[03:09:00.751,000] [0m<inf> shtc3: SHTC3: temperature=22.51 C humidity=41.24 %[0m
[15:46:39.275] [1;32muart:~$ [m[8D[J[1;32muart:~$ [m[8D[JNETMEM up=11370s pktRX=38/40 pktTX=15/16 bufRX=158/160/m102 bufTX=79/80/m6 sysheap_free=11208 alloc=21380 max=24056
[15:47:09.274] [1;32muart:~$ [m[8D[J[1;32muart:~$ [m[8D[JThread analyze:
[15:47:38.151] [1;32muart:~$ [m[8D[J wdt_sentinel_tid    : STACK: unused 432 usage 336 / 768 (43 %); CPU: 0 %
[15:47:38.151] [1;32muart:~$ [m[8D[J                     : Total CPU cycles used: 85698785
[15:47:38.152] [1;32muart:~$ [m[8D[J thread_analyzer     : STACK: unused 112 usage 912 / 1024 (89 %); CPU: 0 %
[15:47:38.153] [1;32muart:~$ [m[8D[J                     : Total CPU cycles used: 24949272
[15:47:38.154] [1;32muart:~$ [m[8D[J sys_wdt_tid         : STACK: unused 704 usage 320 / 1024 (31 %); CPU: 0 %
[15:47:38.154] [1;32muart:~$ [m[8D[J                     : Total CPU cycles used: 15176222
[15:47:38.155] [1;32muart:~$ [m[8D[J shtc3_thread        : STACK: unused 1360 usage 688 / 2048 (33 %); CPU: 0 %
[15:47:38.156] [1;32muart:~$ [m[8D[J                     : Total CPU cycles used: 12509767
[15:47:38.156] [1;32muart:~$ [m[8D[J ntp_thread          : STACK: unused 2480 usage 1616 / 4096 (39 %); CPU: 0 %
[15:47:38.157] [1;32muart:~$ [m[8D[J                     : Total CPU cycles used: 6194055
[15:47:38.158] [1;32muart:~$ [m[8D[J netmem_tid          : STACK: unused 624 usage 656 / 1280 (51 %); CPU: 0 %
[15:47:38.159] [1;32muart:~$ [m[8D[J                     : Total CPU cycles used: 9759520
[15:47:38.159] [1;32muart:~$ [m[8D[J llss_thread         : STACK: unused 11584 usage 4800 / 16384 (29 %); CPU: 0 %
[15:47:38.160] [1;32muart:~$ [m[8D[J                     : Total CPU cycles used: 6959256733
[15:47:38.161] [1;32muart:~$ [m[8D[J input               : STACK: unused 560 usage 464 / 1024 (45 %); CPU: 0 %
[15:47:38.161] [1;32muart:~$ [m[8D[J                     : Total CPU cycles used: 72962
[15:47:38.162] [1;32muart:~$ [m[8D[J display_thread      : STACK: unused 8640 usage 3648 / 12288 (29 %); CPU: 0 %
[15:47:38.163] [1;32muart:~$ [m[8D[J                     : Total CPU cycles used: 400393757
[15:47:38.164] [1;32muart:~$ [m[8D[J device_ui_thread    : STACK: unused 4496 usage 3696 / 8192 (45 %); CPU: 0 %
[15:47:38.164] [1;32muart:~$ [m[8D[J                     : Total CPU cycles used: 19328473938
[15:47:38.165] [1;32muart:~$ [m[8D[J conn_mgr_monitor    : STACK: unused 176 usage 336 / 512 (65 %); CPU: 0 %
[15:47:38.166] [1;32muart:~$ [m[8D[J                     : Total CPU cycles used: 86568
[15:47:38.166] [1;32muart:~$ [m[8D[J net_socket_service  : STACK: unused 3344 usage 752 / 4096 (18 %); CPU: 0 %
[15:47:38.167] [1;32muart:~$ [m[8D[J                     : Total CPU cycles used: 4176332
[15:47:38.168] [1;32muart:~$ [m[8D[J rx_q[0]             : STACK: unused 528 usage 1520 / 2048 (74 %); CPU: 0 %
[15:47:38.169] [1;32muart:~$ [m[8D[J                     : Total CPU cycles used: 2803290331
[15:47:38.169] [1;32muart:~$ [m[8D[J net_mgmt            : STACK: unused 3424 usage 672 / 4096 (16 %); CPU: 0 %
[15:47:38.170] [1;32muart:~$ [m[8D[J                     : Total CPU cycles used: 5386031
[15:47:38.171] [1;32muart:~$ [m[8D[J tcp_work            : STACK: unused 1680 usage 368 / 2048 (17 %); CPU: 0 %
[15:47:38.171] [1;32muart:~$ [m[8D[J                     : Total CPU cycles used: 8802282
[15:47:38.172] [1;32muart:~$ [m[8D[J shell_uart          : STACK: unused 2624 usage 1472 / 4096 (35 %); CPU: 0 %
[15:47:38.173] [1;32muart:~$ [m[8D[J                     : Total CPU cycles used: 186551770
[15:47:38.174] [1;32muart:~$ [m[8D[J wifi                : STACK: unused 1456 usage 2128 / 3584 (59 %); CPU: 0 %
[15:47:38.174] [1;32muart:~$ [m[8D[J                     : Total CPU cycles used: 20910954942
[15:47:38.175] [1;32muart:~$ [m[8D[J sysworkq            : STACK: unused 3248 usage 848 / 4096 (20 %); CPU: 0 %
[15:47:38.176] [1;32muart:~$ [m[8D[J                     : Total CPU cycles used: 265530667
[15:47:38.176] [1;32muart:~$ [m[8D[J esp_timer           : STACK: unused 3472 usage 624 / 4096 (15 %); CPU: 0 %
[15:47:38.177] [1;32muart:~$ [m[8D[J                     : Total CPU cycles used: 1022666045
[15:47:38.178] [1;32muart:~$ [m[8D[J logging             : STACK: unused 544 usage 480 / 1024 (46 %); CPU: 0 %
[15:47:38.179] [1;32muart:~$ [m[8D[J                     : Total CPU cycles used: 28280985
[15:47:38.179] [1;32muart:~$ [m[8D[J idle                : STACK: unused 816 usage 208 / 1024 (20 %); CPU: 98 %
[15:47:38.180] [1;32muart:~$ [m[8D[J                     : Total CPU cycles used: 2683037146221
[15:47:38.181] [1;32muart:~$ [m[8D[J ISR0                : STACK: unused 1520 usage 528 / 2048 (25 %); CPU: 0 %
[15:47:38.182] [1;32muart:~$ [m[8D[J                     : Total CPU cycles used: 0
[15:47:38.183] [1;32muart:~$ [m[8D[J[1;32muart:~$ [m[8D[J[1;32muart:~$ [m[8D[JNETMEM up=11400s pktRX=38/40 pktTX=15/16 bufRX=158/160/m102 bufTX=79/80/m6 sysheap_free=11172 alloc=21416 max=24056
[15:47:39.275] [1;32muart:~$ [m[8D[J[03:10:00.754,000] [0m<inf> shtc3: SHTC3: temperature=22.53 C humidity=41.41 %[0m
[15:47:39.275] [1;32muart:~$ [m[8D[J[1;32muart:~$ [m[8D[JNETMEM up=11430s pktRX=38/40 pktTX=15/16 bufRX=158/160/m102 bufTX=79/80/m6 sysheap_free=11208 alloc=21380 max=24056
[15:48:09.275] [1;32muart:~$ [m[8D[J[1;32muart:~$ [m[8D[JNETMEM up=11460s pktRX=38/40 pktTX=15/16 bufRX=158/160/m102 bufTX=79/80/m6 sysheap_free=11172 alloc=21416 max=24056
[15:48:39.278] [1;32muart:~$ [m[8D[J[03:11:00.757,000] [0m<inf> shtc3: SHTC3: temperature=22.60 C humidity=41.71 %[0m
[15:48:39.278] [1;32muart:~$ [m[8D[J[1;32muart:~$ [m[8D[JNETMEM up=11490s pktRX=38/40 pktTX=15/16 bufRX=158/160/m102 bufTX=79/80/m6 sysheap_free=11208 alloc=21380 max=24056
[15:49:09.278] [1;32muart:~$ [m[8D[J[1;32muart:~$ [m[8D[JNETMEM up=11520s pktRX=38/40 pktTX=15/16 bufRX=158/160/m102 bufTX=79/80/m6 sysheap_free=11208 alloc=21380 max=24056
[15:49:39.279] [1;32muart:~$ [m[8D[J[03:12:00.760,000] [0m<inf> shtc3: SHTC3: temperature=22.49 C humidity=41.49 %[0m
[15:49:39.279] [1;32muart:~$ [m[8D[J[1;32muart:~$ [m[8D[JNETMEM up=11550s pktRX=38/40 pktTX=15/16 bufRX=158/160/m102 bufTX=79/80/m6 sysheap_free=11208 alloc=21380 max=24056
[15:50:09.279] [1;32muart:~$ [m[8D[J[1;32muart:~$ [m[8D[JNETMEM up=11580s pktRX=38/40 pktTX=15/16 bufRX=158/160/m102 bufTX=79/80/m6 sysheap_free=11208 alloc=21380 max=24056
[15:50:39.280] [1;32muart:~$ [m[8D[J[03:13:00.763,000] [0m<inf> shtc3: SHTC3: temperature=22.43 C humidity=41.51 %[0m
[15:50:39.280] [1;32muart:~$ [m[8D[J[1;32muart:~$ [m[8D[JNETMEM up=11610s pktRX=38/40 pktTX=15/16 bufRX=158/160/m102 bufTX=79/80/m6 sysheap_free=11208 alloc=21380 max=24056
[15:51:09.280] [1;32muart:~$ [m[8D[J[1;32muart:~$ [m[8D[JNETMEM up=11640s pktRX=38/40 pktTX=15/16 bufRX=158/160/m102 bufTX=79/80/m6 sysheap_free=11208 alloc=21380 max=24056
[15:51:39.280] [1;32muart:~$ [m[8D[J[03:14:00.766,000] [0m<inf> shtc3: SHTC3: temperature=22.47 C humidity=41.79 %[0m
[15:51:39.281] [1;32muart:~$ [m[8D[J[1;32muart:~$ [m[8D[JNETMEM up=11670s pktRX=38/40 pktTX=15/16 bufRX=158/160/m102 bufTX=79/80/m6 sysheap_free=11208 alloc=21380 max=24056
[15:52:09.281] [1;32muart:~$ [m[8D[J[1;32muart:~$ [m[8D[JThread analyze:
[15:52:38.156] [1;32muart:~$ [m[8D[J wdt_sentinel_tid    : STACK: unused 432 usage 336 / 768 (43 %); CPU: 0 %
[15:52:38.157] [1;32muart:~$ [m[8D[J                     : Total CPU cycles used: 87815874
[15:52:38.158] [1;32muart:~$ [m[8D[J thread_analyzer     : STACK: unused 112 usage 912 / 1024 (89 %); CPU: 0 %
[15:52:38.158] [1;32muart:~$ [m[8D[J                     : Total CPU cycles used: 25600048
[15:52:38.159] [1;32muart:~$ [m[8D[J sys_wdt_tid         : STACK: unused 704 usage 320 / 1024 (31 %); CPU: 0 %
[15:52:38.160] [1;32muart:~$ [m[8D[J                     : Total CPU cycles used: 15609486
[15:52:38.160] [1;32muart:~$ [m[8D[J shtc3_thread        : STACK: unused 1360 usage 688 / 2048 (33 %); CPU: 0 %
[15:52:38.161] [1;32muart:~$ [m[8D[J                     : Total CPU cycles used: 12870213
[15:52:38.162] [1;32muart:~$ [m[8D[J ntp_thread          : STACK: unused 2480 usage 1616 / 4096 (39 %); CPU: 0 %
[15:52:38.163] [1;32muart:~$ [m[8D[J                     : Total CPU cycles used: 6194055
[15:52:38.163] [1;32muart:~$ [m[8D[J netmem_tid          : STACK: unused 624 usage 656 / 1280 (51 %); CPU: 0 %
[15:52:38.164] [1;32muart:~$ [m[8D[J                     : Total CPU cycles used: 10022471
[15:52:38.165] [1;32muart:~$ [m[8D[J llss_thread         : STACK: unused 11584 usage 4800 / 16384 (29 %); CPU: 0 %
[15:52:38.166] [1;32muart:~$ [m[8D[J                     : Total CPU cycles used: 7030616424
[15:52:38.166] [1;32muart:~$ [m[8D[J input               : STACK: unused 560 usage 464 / 1024 (45 %); CPU: 0 %
[15:52:38.167] [1;32muart:~$ [m[8D[J                     : Total CPU cycles used: 72962
[15:52:38.168] [1;32muart:~$ [m[8D[J display_thread      : STACK: unused 8640 usage 3648 / 12288 (29 %); CPU: 0 %
[15:52:38.168] [1;32muart:~$ [m[8D[J                     : Total CPU cycles used: 400393757
[15:52:38.169] [1;32muart:~$ [m[8D[J device_ui_thread    : STACK: unused 4496 usage 3696 / 8192 (45 %); CPU: 0 %
[15:52:38.170] [1;32muart:~$ [m[8D[J                     : Total CPU cycles used: 19876208104
[15:52:38.170] [1;32muart:~$ [m[8D[J conn_mgr_monitor    : STACK: unused 176 usage 336 / 512 (65 %); CPU: 0 %
[15:52:38.171] [1;32muart:~$ [m[8D[J                     : Total CPU cycles used: 86568
[15:52:38.172] [1;32muart:~$ [m[8D[J net_socket_service  : STACK: unused 3344 usage 752 / 4096 (18 %); CPU: 0 %
[15:52:38.173] [1;32muart:~$ [m[8D[J                     : Total CPU cycles used: 4176332
[15:52:38.173] [1;32muart:~$ [m[8D[J rx_q[0]             : STACK: unused 528 usage 1520 / 2048 (74 %); CPU: 0 %
[15:52:38.174] [1;32muart:~$ [m[8D[J                     : Total CPU cycles used: 2864347847
[15:52:38.175] [1;32muart:~$ [m[8D[J net_mgmt            : STACK: unused 3424 usage 672 / 4096 (16 %); CPU: 0 %
[15:52:38.176] [1;32muart:~$ [m[8D[J                     : Total CPU cycles used: 5504480
[15:52:38.176] [1;32muart:~$ [m[8D[J tcp_work            : STACK: unused 1680 usage 368 / 2048 (17 %); CPU: 0 %
[15:52:38.177] [1;32muart:~$ [m[8D[J                     : Total CPU cycles used: 8802282
[15:52:38.178] [1;32muart:~$ [m[8D[J shell_uart          : STACK: unused 2624 usage 1472 / 4096 (35 %); CPU: 0 %
[15:52:38.178] [1;32muart:~$ [m[8D[J                     : Total CPU cycles used: 190224174
[15:52:38.179] [1;32muart:~$ [m[8D[J wifi                : STACK: unused 1456 usage 2128 / 3584 (59 %); CPU: 0 %
[15:52:38.180] [1;32muart:~$ [m[8D[J                     : Total CPU cycles used: 21428033740
[15:52:38.180] [1;32muart:~$ [m[8D[J sysworkq            : STACK: unused 3248 usage 848 / 4096 (20 %); CPU: 0 %
[15:52:38.181] [1;32muart:~$ [m[8D[J                     : Total CPU cycles used: 272446858
[15:52:38.182] [1;32muart:~$ [m[8D[J esp_timer           : STACK: unused 3472 usage 624 / 4096 (15 %); CPU: 0 %
[15:52:38.183] [1;32muart:~$ [m[8D[J                     : Total CPU cycles used: 1049226126
[15:52:38.183] [1;32muart:~$ [m[8D[J logging             : STACK: unused 544 usage 480 / 1024 (46 %); CPU: 0 %
[15:52:38.184] [1;32muart:~$ [m[8D[J                     : Total CPU cycles used: 28770418
[15:52:38.185] [1;32muart:~$ [m[8D[J idle                : STACK: unused 816 usage 208 / 1024 (20 %); CPU: 98 %
[15:52:38.186] [1;32muart:~$ [m[8D[J                     : Total CPU cycles used: 2753783361295
[15:52:38.186] [1;32muart:~$ [m[8D[J ISR0                : STACK: unused 1520 usage 528 / 2048 (25 %); CPU: 0 %
[15:52:38.187] [1;32muart:~$ [m[8D[J                     : Total CPU cycles used: 0
[15:52:38.188] [1;32muart:~$ [m[8D[J[1;32muart:~$ [m[8D[J[1;32muart:~$ [m[8D[JNETMEM up=11700s pktRX=38/40 pktTX=15/16 bufRX=158/160/m102 bufTX=79/80/m6 sysheap_free=11208 alloc=21380 max=24056
[15:52:39.281] [1;32muart:~$ [m[8D[J[03:15:00.769,000] [0m<inf> shtc3: SHTC3: temperature=22.54 C humidity=41.76 %[0m
[15:52:39.282] [1;32muart:~$ [m[8D[J[1;32muart:~$ [m[8D[JNETMEM up=11730s pktRX=38/40 pktTX=15/16 bufRX=158/160/m102 bufTX=79/80/m6 sysheap_free=11208 alloc=21380 max=24056
[15:53:09.281] [1;32muart:~$ [m[8D[J[1;32muart:~$ [m[8D[JNETMEM up=11760s pktRX=38/40 pktTX=15/16 bufRX=158/160/m102 bufTX=79/80/m6 sysheap_free=11208 alloc=21380 max=24056
[15:53:39.282] [1;32muart:~$ [m[8D[J[03:16:00.772,000] [0m<inf> shtc3: SHTC3: temperature=22.57 C humidity=41.74 %[0m
[15:53:39.283] [1;32muart:~$ [m[8D[J[1;32muart:~$ [m[8D[JNETMEM up=11790s pktRX=38/40 pktTX=15/16 bufRX=158/160/m102 bufTX=79/80/m6 sysheap_free=11208 alloc=21380 max=24056
[15:54:09.282] [1;32muart:~$ [m[8D[J[1;32muart:~$ [m[8D[JNETMEM up=11820s pktRX=38/40 pktTX=15/16 bufRX=158/160/m102 bufTX=79/80/m6 sysheap_free=11208 alloc=21380 max=24056
[15:54:39.283] [1;32muart:~$ [m[8D[J[03:17:00.774,000] [0m<inf> shtc3: SHTC3: temperature=22.45 C humidity=41.96 %[0m
[15:54:39.284] [1;32muart:~$ [m[8D[J[1;32muart:~$ [m[8D[JNETMEM up=11850s pktRX=38/40 pktTX=15/16 bufRX=158/160/m102 bufTX=79/80/m6 sysheap_free=11208 alloc=21380 max=24056
[15:55:09.284] [1;32muart:~$ [m[8D[J[1;32muart:~$ [m[8D[JNETMEM up=11880s pktRX=38/40 pktTX=15/16 bufRX=158/160/m102 bufTX=79/80/m6 sysheap_free=11208 alloc=21380 max=24056
[15:55:39.284] [1;32muart:~$ [m[8D[J[03:18:00.777,000] [0m<inf> shtc3: SHTC3: temperature=22.47 C humidity=41.96 %[0m
[15:55:39.284] [1;32muart:~$ [m[8D[J[1;32muart:~$ [m[8D[JNETMEM up=11910s pktRX=38/40 pktTX=15/16 bufRX=158/160/m102 bufTX=79/80/m6 sysheap_free=11208 alloc=21380 max=24056
[15:56:09.284] [1;32muart:~$ [m[8D[J[1;32muart:~$ [m[8D[JNETMEM up=11940s pktRX=38/40 pktTX=15/16 bufRX=158/160/m102 bufTX=79/80/m6 sysheap_free=11208 alloc=21380 max=24056
[15:56:39.285] [1;32muart:~$ [m[8D[J[03:19:00.780,000] [0m<inf> shtc3: SHTC3: temperature=22.51 C humidity=42.09 %[0m
[15:56:39.285] [1;32muart:~$ [m[8D[J[1;32muart:~$ [m[8D[JNETMEM up=11970s pktRX=38/40 pktTX=15/16 bufRX=158/160/m102 bufTX=79/80/m6 sysheap_free=11208 alloc=21380 max=24056
[15:57:09.285] [1;32muart:~$ [m[8D[J[1;32muart:~$ [m[8D[JThread analyze:
[15:57:38.161] [1;32muart:~$ [m[8D[J wdt_sentinel_tid    : STACK: unused 432 usage 336 / 768 (43 %); CPU: 0 %
[15:57:38.162] [1;32muart:~$ [m[8D[J                     : Total CPU cycles used: 89964060
[15:57:38.163] [1;32muart:~$ [m[8D[J thread_analyzer     : STACK: unused 112 usage 912 / 1024 (89 %); CPU: 0 %
[15:57:38.164] [1;32muart:~$ [m[8D[J                     : Total CPU cycles used: 26248379
[15:57:38.164] [1;32muart:~$ [m[8D[J sys_wdt_tid         : STACK: unused 704 usage 320 / 1024 (31 %); CPU: 0 %
[15:57:38.165] [1;32muart:~$ [m[8D[J                     : Total CPU cycles used: 16070627
[15:57:38.166] [1;32muart:~$ [m[8D[J shtc3_thread        : STACK: unused 1360 usage 688 / 2048 (33 %); CPU: 0 %
[15:57:38.166] [1;32muart:~$ [m[8D[J                     : Total CPU cycles used: 13225813
[15:57:38.167] [1;32muart:~$ [m[8D[J ntp_thread          : STACK: unused 2480 usage 1616 / 4096 (39 %); CPU: 0 %
[15:57:38.168] [1;32muart:~$ [m[8D[J                     : Total CPU cycles used: 6194055
[15:57:38.169] [1;32muart:~$ [m[8D[J netmem_tid          : STACK: unused 624 usage 656 / 1280 (51 %); CPU: 0 %
[15:57:38.169] [1;32muart:~$ [m[8D[J                     : Total CPU cycles used: 10282714
[15:57:38.170] [1;32muart:~$ [m[8D[J llss_thread         : STACK: unused 11584 usage 4800 / 16384 (29 %); CPU: 0 %
[15:57:38.171] [1;32muart:~$ [m[8D[J                     : Total CPU cycles used: 7100841148
[15:57:38.171] [1;32muart:~$ [m[8D[J input               : STACK: unused 560 usage 464 / 1024 (45 %); CPU: 0 %
[15:57:38.172] [1;32muart:~$ [m[8D[J                     : Total CPU cycles used: 72962
[15:57:38.173] [1;32muart:~$ [m[8D[J display_thread      : STACK: unused 8640 usage 3648 / 12288 (29 %); CPU: 0 %
[15:57:38.174] [1;32muart:~$ [m[8D[J                     : Total CPU cycles used: 400393757
[15:57:38.175] [1;32muart:~$ [m[8D[J device_ui_thread    : STACK: unused 4496 usage 3696 / 8192 (45 %); CPU: 0 %
[15:57:38.175] [1;32muart:~$ [m[8D[J                     : Total CPU cycles used: 20423838715
[15:57:38.176] [1;32muart:~$ [m[8D[J conn_mgr_monitor    : STACK: unused 176 usage 336 / 512 (65 %); CPU: 0 %
[15:57:38.176] [1;32muart:~$ [m[8D[J                     : Total CPU cycles used: 86568
[15:57:38.177] [1;32muart:~$ [m[8D[J net_socket_service  : STACK: unused 3344 usage 752 / 4096 (18 %); CPU: 0 %
[15:57:38.178] [1;32muart:~$ [m[8D[J                     : Total CPU cycles used: 4176332
[15:57:38.179] [1;32muart:~$ [m[8D[J rx_q[0]             : STACK: unused 528 usage 1520 / 2048 (74 %); CPU: 0 %
[15:57:38.179] [1;32muart:~$ [m[8D[J                     : Total CPU cycles used: 2925106802
[15:57:38.180] [1;32muart:~$ [m[8D[J net_mgmt            : STACK: unused 3424 usage 672 / 4096 (16 %); CPU: 0 %
[15:57:38.181] [1;32muart:~$ [m[8D[J                     : Total CPU cycles used: 5615331
[15:57:38.181] [1;32muart:~$ [m[8D[J tcp_work            : STACK: unused 1680 usage 368 / 2048 (17 %); CPU: 0 %
[15:57:38.182] [1;32muart:~$ [m[8D[J                     : Total CPU cycles used: 8802282
[15:57:38.183] [1;32muart:~$ [m[8D[J shell_uart          : STACK: unused 2624 usage 1472 / 4096 (35 %); CPU: 0 %
[15:57:38.184] [1;32muart:~$ [m[8D[J                     : Total CPU cycles used: 193923970
[15:57:38.184] [1;32muart:~$ [m[8D[J wifi                : STACK: unused 1456 usage 2128 / 3584 (59 %); CPU: 0 %
[15:57:38.185] [1;32muart:~$ [m[8D[J                     : Total CPU cycles used: 21941463489
[15:57:38.186] [1;32muart:~$ [m[8D[J sysworkq            : STACK: unused 3248 usage 848 / 4096 (20 %); CPU: 0 %
[15:57:38.187] [1;32muart:~$ [m[8D[J                     : Total CPU cycles used: 278731931
[15:57:38.187] [1;32muart:~$ [m[8D[J esp_timer           : STACK: unused 3472 usage 624 / 4096 (15 %); CPU: 0 %
[15:57:38.188] [1;32muart:~$ [m[8D[J                     : Total CPU cycles used: 1075657180
[15:57:38.189] [1;32muart:~$ [m[8D[J logging             : STACK: unused 544 usage 480 / 1024 (46 %); CPU: 0 %
[15:57:38.189] [1;32muart:~$ [m[8D[J                     : Total CPU cycles used: 29263807
[15:57:38.190] [1;32muart:~$ [m[8D[J idle                : STACK: unused 816 usage 208 / 1024 (20 %); CPU: 98 %
[15:57:38.191] [1;32muart:~$ [m[8D[J                     : Total CPU cycles used: 2824535471227
[15:57:38.192] [1;32muart:~$ [m[8D[J ISR0                : STACK: unused 1520 usage 528 / 2048 (25 %); CPU: 0 %
[15:57:38.193] [1;32muart:~$ [m[8D[J                     : Total CPU cycles used: 0
[15:57:38.193] [1;32muart:~$ [m[8D[J[1;32muart:~$ [m[8D[J[1;32muart:~$ [m[8D[JNETMEM up=12000s pktRX=38/40 pktTX=15/16 bufRX=158/160/m102 bufTX=79/80/m6 sysheap_free=11208 alloc=21380 max=24056
[15:57:39.285] [1;32muart:~$ [m[8D[J[03:20:00.783,000] [0m<inf> shtc3: SHTC3: temperature=22.22 C humidity=41.71 %[0m
[15:57:39.286] [1;32muart:~$ [m[8D[J[1;32muart:~$ [m[8D[JNETMEM up=12030s pktRX=38/40 pktTX=15/16 bufRX=158/160/m102 bufTX=79/80/m6 sysheap_free=11208 alloc=21380 max=24056
[15:58:09.286] [1;32muart:~$ [m[8D[J[1;32muart:~$ [m[8D[JNETMEM up=12060s pktRX=38/40 pktTX=15/16 bufRX=158/160/m102 bufTX=79/80/m6 sysheap_free=11208 alloc=21380 max=24056
[15:58:39.286] [1;32muart:~$ [m[8D[J[03:21:00.786,000] [0m<inf> shtc3: SHTC3: temperature=22.51 C humidity=41.86 %[0m
[15:58:39.287] [1;32muart:~$ [m[8D[J[1;32muart:~$ [m[8D[JNETMEM up=12090s pktRX=38/40 pktTX=15/16 bufRX=158/160/m102 bufTX=79/80/m6 sysheap_free=11208 alloc=21380 max=24056
[15:59:09.287] [1;32muart:~$ [m[8D[J[1;32muart:~$ [m[8D[JNETMEM up=12120s pktRX=38/40 pktTX=15/16 bufRX=158/160/m102 bufTX=79/80/m6 sysheap_free=11208 alloc=21380 max=24056
[15:59:39.287] [1;32muart:~$ [m[8D[J[03:22:00.789,000] [0m<inf> shtc3: SHTC3: temperature=22.42 C humidity=41.96 %[0m
[15:59:39.288] [1;32muart:~$ [m[8D[J[1;32muart:~$ [m[8D[JNETMEM up=12150s pktRX=38/40 pktTX=15/16 bufRX=158/160/m102 bufTX=79/80/m6 sysheap_free=11208 alloc=21380 max=24056
[16:00:09.288] [1;32muart:~$ [m[8D[J[1;32muart:~$ [m[8D[JNETMEM up=12180s pktRX=38/40 pktTX=15/16 bufRX=158/160/m102 bufTX=79/80/m6 sysheap_free=11208 alloc=21380 max=24056
[16:00:39.288] [1;32muart:~$ [m[8D[J[03:23:00.792,000] [0m<inf> shtc3: SHTC3: temperature=22.47 C humidity=41.79 %[0m
[16:00:39.289] [1;32muart:~$ [m[8D[J[1;32muart:~$ [m[8D[JNETMEM up=12210s pktRX=38/40 pktTX=15/16 bufRX=158/160/m102 bufTX=79/80/m6 sysheap_free=11208 alloc=21380 max=24056
[16:01:09.289] [1;32muart:~$ [m[8D[J[1;32muart:~$ [m[8D[JNETMEM up=12240s pktRX=38/40 pktTX=15/16 bufRX=158/160/m102 bufTX=79/80/m6 sysheap_free=11172 alloc=21416 max=24056
[16:01:39.289] [1;32muart:~$ [m[8D[J[03:24:00.795,000] [0m<inf> shtc3: SHTC3: temperature=22.48 C humidity=41.87 %[0m
[16:01:39.290] [1;32muart:~$ [m[8D[J[1;32muart:~$ [m[8D[JNETMEM up=12270s pktRX=38/40 pktTX=15/16 bufRX=158/160/m102 bufTX=79/80/m6 sysheap_free=11208 alloc=21380 max=24056
[16:02:09.289] [1;32muart:~$ [m[8D[J[1;32muart:~$ [m[8D[JThread analyze:
[16:02:38.168] [1;32muart:~$ [m[8D[J wdt_sentinel_tid    : STACK: unused 432 usage 336 / 768 (43 %); CPU: 0 %
[16:02:38.168] [1;32muart:~$ [m[8D[J                     : Total CPU cycles used: 92191219
[16:02:38.169] [1;32muart:~$ [m[8D[J thread_analyzer     : STACK: unused 112 usage 912 / 1024 (89 %); CPU: 0 %
[16:02:38.170] [1;32muart:~$ [m[8D[J                     : Total CPU cycles used: 26899719
[16:02:38.170] [1;32muart:~$ [m[8D[J sys_wdt_tid         : STACK: unused 704 usage 320 / 1024 (31 %); CPU: 0 %
[16:02:38.171] [1;32muart:~$ [m[8D[J                     : Total CPU cycles used: 16504425
[16:02:38.172] [1;32muart:~$ [m[8D[J shtc3_thread        : STACK: unused 1360 usage 688 / 2048 (33 %); CPU: 0 %
[16:02:38.173] [1;32muart:~$ [m[8D[J                     : Total CPU cycles used: 13588837
[16:02:38.173] [1;32muart:~$ [m[8D[J ntp_thread          : STACK: unused 2480 usage 1616 / 4096 (39 %); CPU: 0 %
[16:02:38.174] [1;32muart:~$ [m[8D[J                     : Total CPU cycles used: 6194055
[16:02:38.175] [1;32muart:~$ [m[8D[J netmem_tid          : STACK: unused 624 usage 656 / 1280 (51 %); CPU: 0 %
[16:02:38.176] [1;32muart:~$ [m[8D[J                     : Total CPU cycles used: 10544288
[16:02:38.176] [1;32muart:~$ [m[8D[J llss_thread         : STACK: unused 11584 usage 4800 / 16384 (29 %); CPU: 0 %
[16:02:38.177] [1;32muart:~$ [m[8D[J                     : Total CPU cycles used: 7169674624
[16:02:38.178] [1;32muart:~$ [m[8D[J input               : STACK: unused 560 usage 464 / 1024 (45 %); CPU: 0 %
[16:02:38.178] [1;32muart:~$ [m[8D[J                     : Total CPU cycles used: 72962
[16:02:38.179] [1;32muart:~$ [m[8D[J display_thread      : STACK: unused 8640 usage 3648 / 12288 (29 %); CPU: 0 %
[16:02:38.180] [1;32muart:~$ [m[8D[J                     : Total CPU cycles used: 400393757
[16:02:38.180] [1;32muart:~$ [m[8D[J device_ui_thread    : STACK: unused 4496 usage 3696 / 8192 (45 %); CPU: 0 %
[16:02:38.181] [1;32muart:~$ [m[8D[J                     : Total CPU cycles used: 20948623016
[16:02:38.182] [1;32muart:~$ [m[8D[J conn_mgr_monitor    : STACK: unused 176 usage 336 / 512 (65 %); CPU: 0 %
[16:02:38.183] [1;32muart:~$ [m[8D[J                     : Total CPU cycles used: 86568
[16:02:38.183] [1;32muart:~$ [m[8D[J net_socket_service  : STACK: unused 3344 usage 752 / 4096 (18 %); CPU: 0 %
[16:02:38.184] [1;32muart:~$ [m[8D[J                     : Total CPU cycles used: 4176332
[16:02:38.185] [1;32muart:~$ [m[8D[J rx_q[0]             : STACK: unused 528 usage 1520 / 2048 (74 %); CPU: 0 %
[16:02:38.186] [1;32muart:~$ [m[8D[J                     : Total CPU cycles used: 2987330313
[16:02:38.186] [1;32muart:~$ [m[8D[J net_mgmt            : STACK: unused 3424 usage 672 / 4096 (16 %); CPU: 0 %
[16:02:38.187] [1;32muart:~$ [m[8D[J                     : Total CPU cycles used: 5742170
[16:02:38.188] [1;32muart:~$ [m[8D[J tcp_work            : STACK: unused 1680 usage 368 / 2048 (17 %); CPU: 0 %
[16:02:38.188] [1;32muart:~$ [m[8D[J                     : Total CPU cycles used: 8802282
[16:02:38.189] [1;32muart:~$ [m[8D[J shell_uart          : STACK: unused 2624 usage 1472 / 4096 (35 %); CPU: 0 %
[16:02:38.190] [1;32muart:~$ [m[8D[J                     : Total CPU cycles used: 197610206
[16:02:38.190] [1;32muart:~$ [m[8D[J wifi                : STACK: unused 1456 usage 2128 / 3584 (59 %); CPU: 0 %
[16:02:38.191] [1;32muart:~$ [m[8D[J                     : Total CPU cycles used: 22459939663
[16:02:38.192] [1;32muart:~$ [m[8D[J sysworkq            : STACK: unused 3248 usage 848 / 4096 (20 %); CPU: 0 %
[16:02:38.193] [1;32muart:~$ [m[8D[J                     : Total CPU cycles used: 286361933
[16:02:38.193] [1;32muart:~$ [m[8D[J esp_timer           : STACK: unused 3472 usage 624 / 4096 (15 %); CPU: 0 %
[16:02:38.194] [1;32muart:~$ [m[8D[J                     : Total CPU cycles used: 1102222144
[16:02:38.195] [1;32muart:~$ [m[8D[J logging             : STACK: unused 544 usage 480 / 1024 (46 %); CPU: 0 %
[16:02:38.196] [1;32muart:~$ [m[8D[J                     : Total CPU cycles used: 29755832
[16:02:38.196] [1;32muart:~$ [m[8D[J idle                : STACK: unused 816 usage 208 / 1024 (20 %); CPU: 98 %
[16:02:38.197] [1;32muart:~$ [m[8D[J                     : Total CPU cycles used: 2895303411727
[16:02:38.198] [1;32muart:~$ [m[8D[J ISR0                : STACK: unused 1520 usage 528 / 2048 (25 %); CPU: 0 %
[16:02:38.199] [1;32muart:~$ [m[8D[J                     : Total CPU cycles used: 0
[16:02:38.199] [1;32muart:~$ [m[8D[J[1;32muart:~$ [m[8D[J[1;32muart:~$ [m[8D[JNETMEM up=12300s pktRX=38/40 pktTX=15/16 bufRX=158/160/m102 bufTX=79/80/m6 sysheap_free=11208 alloc=21380 max=24056
[16:02:39.290] [1;32muart:~$ [m[8D[J[03:25:00.798,000] [0m<inf> shtc3: SHTC3: temperature=22.47 C humidity=41.96 %[0m
[16:02:39.290] [1;32muart:~$ [m[8D[J[1;32muart:~$ [m[8D[JNETMEM up=12330s pktRX=38/40 pktTX=15/16 bufRX=158/160/m102 bufTX=79/80/m6 sysheap_free=11208 alloc=21380 max=24056
[16:03:09.291] [1;32muart:~$ [m[8D[J[1;32muart:~$ [m[8D[JNETMEM up=12360s pktRX=38/40 pktTX=15/16 bufRX=158/160/m102 bufTX=79/80/m6 sysheap_free=11208 alloc=21380 max=24056
[16:03:39.291] [1;32muart:~$ [m[8D[J[03:26:00.801,000] [0m<inf> shtc3: SHTC3: temperature=22.47 C humidity=41.76 %[0m
[16:03:39.292] [1;32muart:~$ [m[8D[J[1;32muart:~$ [m[8D[JNETMEM up=12390s pktRX=38/40 pktTX=15/16 bufRX=158/160/m102 bufTX=79/80/m6 sysheap_free=11208 alloc=21380 max=24056
[16:04:09.291] [1;32muart:~$ [m[8D[J[1;32muart:~$ [m[8D[JNETMEM up=12420s pktRX=38/40 pktTX=15/16 bufRX=158/160/m102 bufTX=79/80/m6 sysheap_free=11208 alloc=21380 max=24056
[16:04:39.291] [1;32muart:~$ [m[8D[J[03:27:00.804,000] [0m<inf> shtc3: SHTC3: temperature=22.53 C humidity=41.97 %[0m
[16:04:39.292] [1;32muart:~$ [m[8D[J[1;32muart:~$ [m[8D[JNETMEM up=12450s pktRX=38/40 pktTX=15/16 bufRX=158/160/m102 bufTX=79/80/m6 sysheap_free=11208 alloc=21380 max=24056
[16:05:09.292] [1;32muart:~$ [m[8D[J[1;32muart:~$ [m[8D[JNETMEM up=12480s pktRX=38/40 pktTX=15/16 bufRX=158/160/m102 bufTX=79/80/m6 sysheap_free=11208 alloc=21380 max=24056
[16:05:39.292] [1;32muart:~$ [m[8D[J[03:28:00.807,000] [0m<inf> shtc3: SHTC3: temperature=22.42 C humidity=41.96 %[0m
[16:05:39.293] [1;32muart:~$ [m[8D[J[1;32muart:~$ [m[8D[JNETMEM up=12510s pktRX=38/40 pktTX=15/16 bufRX=158/160/m102 bufTX=79/80/m6 sysheap_free=11208 alloc=21380 max=24056
[16:06:09.292] [1;32muart:~$ [m[8D[J[1;32muart:~$ [m[8D[JNETMEM up=12540s pktRX=38/40 pktTX=15/16 bufRX=158/160/m102 bufTX=79/80/m6 sysheap_free=11208 alloc=21380 max=24056
[16:06:39.293] [1;32muart:~$ [m[8D[J[03:29:00.810,000] [0m<inf> shtc3: SHTC3: temperature=22.43 C humidity=41.58 %[0m
[16:06:39.293] [1;32muart:~$ [m[8D[J[1;32muart:~$ [m[8D[JNETMEM up=12570s pktRX=38/40 pktTX=15/16 bufRX=158/160/m102 bufTX=79/80/m6 sysheap_free=11208 alloc=21380 max=24056
[16:07:09.293] [1;32muart:~$ [m[8D[J[1;32muart:~$ [m[8D[JThread analyze:
[16:07:38.172] [1;32muart:~$ [m[8D[J wdt_sentinel_tid    : STACK: unused 432 usage 336 / 768 (43 %); CPU: 0 %
[16:07:38.173] [1;32muart:~$ [m[8D[J                     : Total CPU cycles used: 94380080
[16:07:38.174] [1;32muart:~$ [m[8D[J thread_analyzer     : STACK: unused 112 usage 912 / 1024 (89 %); CPU: 0 %
[16:07:38.174] [1;32muart:~$ [m[8D[J                     : Total CPU cycles used: 27548512
[16:07:38.175] [1;32muart:~$ [m[8D[J sys_wdt_tid         : STACK: unused 704 usage 320 / 1024 (31 %); CPU: 0 %
[16:07:38.176] [1;32muart:~$ [m[8D[J                     : Total CPU cycles used: 16942420
[16:07:38.176] [1;32muart:~$ [m[8D[J shtc3_thread        : STACK: unused 1360 usage 688 / 2048 (33 %); CPU: 0 %
[16:07:38.177] [1;32muart:~$ [m[8D[J                     : Total CPU cycles used: 13949540
[16:07:38.178] [1;32muart:~$ [m[8D[J ntp_thread          : STACK: unused 2480 usage 1616 / 4096 (39 %); CPU: 0 %
[16:07:38.179] [1;32muart:~$ [m[8D[J                     : Total CPU cycles used: 6194055
[16:07:38.179] [1;32muart:~$ [m[8D[J netmem_tid          : STACK: unused 624 usage 656 / 1280 (51 %); CPU: 0 %
[16:07:38.180] [1;32muart:~$ [m[8D[J                     : Total CPU cycles used: 10808302
[16:07:38.181] [1;32muart:~$ [m[8D[J llss_thread         : STACK: unused 11584 usage 4800 / 16384 (29 %); CPU: 0 %
[16:07:38.182] [1;32muart:~$ [m[8D[J                     : Total CPU cycles used: 7243319300
[16:07:38.182] [1;32muart:~$ [m[8D[J input               : STACK: unused 560 usage 464 / 1024 (45 %); CPU: 0 %
[16:07:38.183] [1;32muart:~$ [m[8D[J                     : Total CPU cycles used: 72962
[16:07:38.184] [1;32muart:~$ [m[8D[J display_thread      : STACK: unused 8640 usage 3648 / 12288 (29 %); CPU: 0 %
[16:07:38.184] [1;32muart:~$ [m[8D[J                     : Total CPU cycles used: 400393757
[16:07:38.185] [1;32muart:~$ [m[8D[J device_ui_thread    : STACK: unused 4496 usage 3696 / 8192 (45 %); CPU: 0 %
[16:07:38.186] [1;32muart:~$ [m[8D[J                     : Total CPU cycles used: 21500115505
[16:07:38.187] [1;32muart:~$ [m[8D[J conn_mgr_monitor    : STACK: unused 176 usage 336 / 512 (65 %); CPU: 0 %
[16:07:38.187] [1;32muart:~$ [m[8D[J                     : Total CPU cycles used: 86568
[16:07:38.188] [1;32muart:~$ [m[8D[J net_socket_service  : STACK: unused 3344 usage 752 / 4096 (18 %); CPU: 0 %
[16:07:38.189] [1;32muart:~$ [m[8D[J                     : Total CPU cycles used: 4176332
[16:07:38.189] [1;32muart:~$ [m[8D[J rx_q[0]             : STACK: unused 528 usage 1520 / 2048 (74 %); CPU: 0 %
[16:07:38.190] [1;32muart:~$ [m[8D[J                     : Total CPU cycles used: 3046740106
[16:07:38.191] [1;32muart:~$ [m[8D[J net_mgmt            : STACK: unused 3424 usage 672 / 4096 (16 %); CPU: 0 %
[16:07:38.192] [1;32muart:~$ [m[8D[J                     : Total CPU cycles used: 5861607
[16:07:38.193] [1;32muart:~$ [m[8D[J tcp_work            : STACK: unused 1680 usage 368 / 2048 (17 %); CPU: 0 %
[16:07:38.194] [1;32muart:~$ [m[8D[J                     : Total CPU cycles used: 8802282
[16:07:38.195] [1;32muart:~$ [m[8D[J shell_uart          : STACK: unused 2624 usage 1472 / 4096 (35 %); CPU: 0 %
[16:07:38.197] [1;32muart:~$ [m[8D[J                     : Total CPU cycles used: 201324637
[16:07:38.198] [1;32muart:~$ [m[8D[J wifi                : STACK: unused 1456 usage 2128 / 3584 (59 %); CPU: 0 %
[16:07:38.199] [1;32muart:~$ [m[8D[J                     : Total CPU cycles used: 22978616481
[16:07:38.200] [1;32muart:~$ [m[8D[J sysworkq            : STACK: unused 3248 usage 848 / 4096 (20 %); CPU: 0 %
[16:07:38.200] [1;32muart:~$ [m[8D[J                     : Total CPU cycles used: 292600095
[16:07:38.201] [1;32muart:~$ [m[8D[J esp_timer           : STACK: unused 3472 usage 624 / 4096 (15 %); CPU: 0 %
[16:07:38.202] [1;32muart:~$ [m[8D[J                     : Total CPU cycles used: 1129084425
[16:07:38.203] [1;32muart:~$ [m[8D[J logging             : STACK: unused 544 usage 480 / 1024 (46 %); CPU: 0 %
[16:07:38.203] [1;32muart:~$ [m[8D[J                     : Total CPU cycles used: 30266494
[16:07:38.204] [1;32muart:~$ [m[8D[J idle                : STACK: unused 816 usage 208 / 1024 (20 %); CPU: 98 %
[16:07:38.205] [1;32muart:~$ [m[8D[J                     : Total CPU cycles used: 2966043697842
[16:07:38.205] [1;32muart:~$ [m[8D[J ISR0                : STACK: unused 1520 usage 528 / 2048 (25 %); CPU: 0 %
[16:07:38.206] [1;32muart:~$ [m[8D[J                     : Total CPU cycles used: 0
[16:07:38.207] [1;32muart:~$ [m[8D[J[1;32muart:~$ [m[8D[J[1;32muart:~$ [m[8D[JNETMEM up=12600s pktRX=38/40 pktTX=15/16 bufRX=158/160/m102 bufTX=79/80/m6 sysheap_free=11208 alloc=21380 max=24056
[16:07:39.293] [1;32muart:~$ [m[8D[J[03:30:00.813,000] [0m<inf> shtc3: SHTC3: temperature=22.47 C humidity=41.98 %[0m
[16:07:39.294] [1;32muart:~$ [m[8D[J[1;32muart:~$ [m[8D[JNETMEM up=12630s pktRX=38/40 pktTX=15/16 bufRX=158/160/m102 bufTX=79/80/m6 sysheap_free=11208 alloc=21380 max=24056
[16:08:09.293] [1;32muart:~$ [m[8D[J[1;32muart:~$ [m[8D[JNETMEM up=12660s pktRX=38/40 pktTX=15/16 bufRX=158/160/m102 bufTX=79/80/m6 sysheap_free=11208 alloc=21380 max=24056
[16:08:39.294] [1;32muart:~$ [m[8D[J[03:31:00.816,000] [0m<inf> shtc3: SHTC3: temperature=22.35 C humidity=41.75 %[0m
[16:08:39.295] [1;32muart:~$ [m[8D[J[1;32muart:~$ [m[8D[JNETMEM up=12690s pktRX=38/40 pktTX=15/16 bufRX=158/160/m102 bufTX=79/80/m6 sysheap_free=11208 alloc=21380 max=24056
[16:09:09.294] [1;32muart:~$ [m[8D[J[1;32muart:~$ [m[8D[JNETMEM up=12720s pktRX=38/40 pktTX=15/16 bufRX=158/160/m102 bufTX=79/80/m6 sysheap_free=11208 alloc=21380 max=24056
[16:09:39.295] [1;32muart:~$ [m[8D[J[03:32:00.819,000] [0m<inf> shtc3: SHTC3: temperature=22.60 C humidity=41.97 %[0m
[16:09:39.296] [1;32muart:~$ [m[8D[J[1;32muart:~$ [m[8D[JNETMEM up=12750s pktRX=38/40 pktTX=15/16 bufRX=158/160/m102 bufTX=79/80/m6 sysheap_free=11208 alloc=21380 max=24056
[16:10:09.295] [1;32muart:~$ [m[8D[J[1;32muart:~$ [m[8D[JNETMEM up=12780s pktRX=38/40 pktTX=15/16 bufRX=158/160/m102 bufTX=79/80/m6 sysheap_free=11208 alloc=21380 max=24056
[16:10:39.295] [1;32muart:~$ [m[8D[J[03:33:00.822,000] [0m<inf> shtc3: SHTC3: temperature=22.22 C humidity=42.07 %[0m
[16:10:39.296] [1;32muart:~$ [m[8D[J[1;32muart:~$ [m[8D[JNETMEM up=12810s pktRX=38/40 pktTX=15/16 bufRX=158/160/m102 bufTX=79/80/m6 sysheap_free=11208 alloc=21380 max=24056
[16:11:09.295] [1;32muart:~$ [m[8D[J[1;32muart:~$ [m[8D[JNETMEM up=12840s pktRX=38/40 pktTX=15/16 bufRX=158/160/m102 bufTX=79/80/m6 sysheap_free=11208 alloc=21380 max=24056
[16:11:39.296] [1;32muart:~$ [m[8D[J[03:34:00.825,000] [0m<inf> shtc3: SHTC3: temperature=22.67 C humidity=42.37 %[0m
[16:11:39.296] [1;32muart:~$ [m[8D[J[1;32muart:~$ [m[8D[JNETMEM up=12870s pktRX=38/40 pktTX=15/16 bufRX=158/160/m102 bufTX=79/80/m6 sysheap_free=11208 alloc=21380 max=24056
[16:12:09.296] [1;32muart:~$ [m[8D[J[1;32muart:~$ [m[8D[JThread analyze:
[16:12:38.176] [1;32muart:~$ [m[8D[J wdt_sentinel_tid    : STACK: unused 432 usage 336 / 768 (43 %); CPU: 0 %
[16:12:38.177] [1;32muart:~$ [m[8D[J                     : Total CPU cycles used: 96583221
[16:12:38.178] [1;32muart:~$ [m[8D[J thread_analyzer     : STACK: unused 112 usage 912 / 1024 (89 %); CPU: 0 %
[16:12:38.178] [1;32muart:~$ [m[8D[J                     : Total CPU cycles used: 28197971
[16:12:38.179] [1;32muart:~$ [m[8D[J sys_wdt_tid         : STACK: unused 704 usage 320 / 1024 (31 %); CPU: 0 %
[16:12:38.180] [1;32muart:~$ [m[8D[J                     : Total CPU cycles used: 17371375
[16:12:38.180] [1;32muart:~$ [m[8D[J shtc3_thread        : STACK: unused 1360 usage 688 / 2048 (33 %); CPU: 0 %
[16:12:38.181] [1;32muart:~$ [m[8D[J                     : Total CPU cycles used: 14311155
[16:12:38.182] [1;32muart:~$ [m[8D[J ntp_thread          : STACK: unused 2480 usage 1616 / 4096 (39 %); CPU: 0 %
[16:12:38.183] [1;32muart:~$ [m[8D[J                     : Total CPU cycles used: 6194055
[16:12:38.183] [1;32muart:~$ [m[8D[J netmem_tid          : STACK: unused 624 usage 656 / 1280 (51 %); CPU: 0 %
[16:12:38.184] [1;32muart:~$ [m[8D[J                     : Total CPU cycles used: 11081961
[16:12:38.185] [1;32muart:~$ [m[8D[J llss_thread         : STACK: unused 11584 usage 4800 / 16384 (29 %); CPU: 0 %
[16:12:38.186] [1;32muart:~$ [m[8D[J                     : Total CPU cycles used: 7317954020
[16:12:38.186] [1;32muart:~$ [m[8D[J input               : STACK: unused 560 usage 464 / 1024 (45 %); CPU: 0 %
[16:12:38.187] [1;32muart:~$ [m[8D[J                     : Total CPU cycles used: 72962
[16:12:38.188] [1;32muart:~$ [m[8D[J display_thread      : STACK: unused 8640 usage 3648 / 12288 (29 %); CPU: 0 %
[16:12:38.188] [1;32muart:~$ [m[8D[J                     : Total CPU cycles used: 400393757
[16:12:38.189] [1;32muart:~$ [m[8D[J device_ui_thread    : STACK: unused 4496 usage 3696 / 8192 (45 %); CPU: 0 %
[16:12:38.190] [1;32muart:~$ [m[8D[J                     : Total CPU cycles used: 22044649032
[16:12:38.191] [1;32muart:~$ [m[8D[J conn_mgr_monitor    : STACK: unused 176 usage 336 / 512 (65 %); CPU: 0 %
[16:12:38.191] [1;32muart:~$ [m[8D[J                     : Total CPU cycles used: 86568
[16:12:38.192] [1;32muart:~$ [m[8D[J net_socket_service  : STACK: unused 3344 usage 752 / 4096 (18 %); CPU: 0 %
[16:12:38.193] [1;32muart:~$ [m[8D[J                     : Total CPU cycles used: 4176332
[16:12:38.193] [1;32muart:~$ [m[8D[J rx_q[0]             : STACK: unused 528 usage 1520 / 2048 (74 %); CPU: 0 %
[16:12:38.194] [1;32muart:~$ [m[8D[J                     : Total CPU cycles used: 3104572576
[16:12:38.195] [1;32muart:~$ [m[8D[J net_mgmt            : STACK: unused 3424 usage 672 / 4096 (16 %); CPU: 0 %
[16:12:38.196] [1;32muart:~$ [m[8D[J                     : Total CPU cycles used: 5974134
[16:12:38.196] [1;32muart:~$ [m[8D[J tcp_work            : STACK: unused 1680 usage 368 / 2048 (17 %); CPU: 0 %
[16:12:38.197] [1;32muart:~$ [m[8D[J                     : Total CPU cycles used: 8802282
[16:12:38.198] [1;32muart:~$ [m[8D[J shell_uart          : STACK: unused 2624 usage 1472 / 4096 (35 %); CPU: 0 %
[16:12:38.198] [1;32muart:~$ [m[8D[J                     : Total CPU cycles used: 205154977
[16:12:38.199] [1;32muart:~$ [m[8D[J wifi                : STACK: unused 1456 usage 2128 / 3584 (59 %); CPU: 0 %
[16:12:38.200] [1;32muart:~$ [m[8D[J                     : Total CPU cycles used: 23498609195
[16:12:38.200] [1;32muart:~$ [m[8D[J sysworkq            : STACK: unused 3248 usage 848 / 4096 (20 %); CPU: 0 %
[16:12:38.201] [1;32muart:~$ [m[8D[J                     : Total CPU cycles used: 299540056
[16:12:38.202] [1;32muart:~$ [m[8D[J esp_timer           : STACK: unused 3472 usage 624 / 4096 (15 %); CPU: 0 %
[16:12:38.203] [1;32muart:~$ [m[8D[J                     : Total CPU cycles used: 1155749825
[16:12:38.203] [1;32muart:~$ [m[8D[J logging             : STACK: unused 544 usage 480 / 1024 (46 %); CPU: 0 %
[16:12:38.204] [1;32muart:~$ [m[8D[J                     : Total CPU cycles used: 30807498
[16:12:38.205] [1;32muart:~$ [m[8D[J idle                : STACK: unused 816 usage 208 / 1024 (20 %); CPU: 98 %
[16:12:38.206] [1;32muart:~$ [m[8D[J                     : Total CPU cycles used: 3036789665045
[16:12:38.206] [1;32muart:~$ [m[8D[J ISR0                : STACK: unused 1520 usage 528 / 2048 (25 %); CPU: 0 %
[16:12:38.207] [1;32muart:~$ [m[8D[J                     : Total CPU cycles used: 0
[16:12:38.208] [1;32muart:~$ [m[8D[J[1;32muart:~$ [m[8D[J[1;32muart:~$ [m[8D[JNETMEM up=12900s pktRX=38/40 pktTX=15/16 bufRX=158/160/m102 bufTX=79/80/m6 sysheap_free=11208 alloc=21380 max=24056
[16:12:39.296] [1;32muart:~$ [m[8D[J[03:35:00.828,000] [0m<inf> shtc3: SHTC3: temperature=22.36 C humidity=41.94 %[0m
[16:12:39.297] [1;32muart:~$ [m[8D[J[1;32muart:~$ [m[8D[JNETMEM up=12930s pktRX=38/40 pktTX=15/16 bufRX=158/160/m102 bufTX=79/80/m6 sysheap_free=11208 alloc=21380 max=24056
[16:13:09.297] [1;32muart:~$ [m[8D[J[1;32muart:~$ [m[8D[JNETMEM up=12960s pktRX=38/40 pktTX=15/16 bufRX=158/160/m102 bufTX=79/80/m6 sysheap_free=11208 alloc=21380 max=24056
[16:13:39.297] [1;32muart:~$ [m[8D[J[03:36:00.831,000] [0m<inf> shtc3: SHTC3: temperature=22.48 C humidity=42.18 %[0m
[16:13:39.298] [1;32muart:~$ [m[8D[J[1;32muart:~$ [m[8D[JNETMEM up=12990s pktRX=38/40 pktTX=15/16 bufRX=158/160/m102 bufTX=79/80/m6 sysheap_free=11208 alloc=21380 max=24056
[16:14:09.297] [1;32muart:~$ [m[8D[J[1;32muart:~$ [m[8D[JNETMEM up=13020s pktRX=38/40 pktTX=15/16 bufRX=158/160/m102 bufTX=79/80/m6 sysheap_free=11172 alloc=21416 max=24056
[16:14:39.298] [1;32muart:~$ [m[8D[J[03:37:00.834,000] [0m<inf> shtc3: SHTC3: temperature=22.42 C humidity=42.39 %[0m
[16:14:39.298] [1;32muart:~$ [m[8D[J[1;32muart:~$ [m[8D[JNETMEM up=13050s pktRX=38/40 pktTX=15/16 bufRX=158/160/m102 bufTX=79/80/m6 sysheap_free=11208 alloc=21380 max=24056
[16:15:09.299] [1;32muart:~$ [m[8D[J[1;32muart:~$ [m[8D[JNETMEM up=13080s pktRX=38/40 pktTX=15/16 bufRX=158/160/m102 bufTX=79/80/m6 sysheap_free=11208 alloc=21380 max=24056
[16:15:39.298] [1;32muart:~$ [m[8D[J[03:38:00.837,000] [0m<inf> shtc3: SHTC3: temperature=22.27 C humidity=42.60 %[0m
[16:15:39.299] [1;32muart:~$ [m[8D[J[1;32muart:~$ [m[8D[JNETMEM up=13110s pktRX=38/40 pktTX=15/16 bufRX=158/160/m102 bufTX=79/80/m6 sysheap_free=11208 alloc=21380 max=24056
[16:16:09.299] [1;32muart:~$ [m[8D[J[1;32muart:~$ [m[8D[JNETMEM up=13140s pktRX=38/40 pktTX=15/16 bufRX=158/160/m102 bufTX=79/80/m6 sysheap_free=11208 alloc=21380 max=24056
[16:16:39.300] [1;32muart:~$ [m[8D[J[03:39:00.840,000] [0m<inf> shtc3: SHTC3: temperature=22.45 C humidity=42.40 %[0m
[16:16:39.300] [1;32muart:~$ [m[8D[J[1;32muart:~$ [m[8D[JNETMEM up=13170s pktRX=38/40 pktTX=15/16 bufRX=158/160/m102 bufTX=79/80/m6 sysheap_free=11208 alloc=21380 max=24056
[16:17:09.299] [1;32muart:~$ [m[8D[J[1;32muart:~$ [m[8D[JThread analyze:
[16:17:38.181] [1;32muart:~$ [m[8D[J wdt_sentinel_tid    : STACK: unused 432 usage 336 / 768 (43 %); CPU: 0 %
[16:17:38.181] [1;32muart:~$ [m[8D[J                     : Total CPU cycles used: 98746778
[16:17:38.182] [1;32muart:~$ [m[8D[J thread_analyzer     : STACK: unused 112 usage 912 / 1024 (89 %); CPU: 0 %
[16:17:38.183] [1;32muart:~$ [m[8D[J                     : Total CPU cycles used: 28846446
[16:17:38.183] [1;32muart:~$ [m[8D[J sys_wdt_tid         : STACK: unused 704 usage 320 / 1024 (31 %); CPU: 0 %
[16:17:38.184] [1;32muart:~$ [m[8D[J                     : Total CPU cycles used: 17807179
[16:17:38.185] [1;32muart:~$ [m[8D[J shtc3_thread        : STACK: unused 1360 usage 688 / 2048 (33 %); CPU: 0 %
[16:17:38.186] [1;32muart:~$ [m[8D[J                     : Total CPU cycles used: 14670907
[16:17:38.186] [1;32muart:~$ [m[8D[J ntp_thread          : STACK: unused 2480 usage 1616 / 4096 (39 %); CPU: 0 %
[16:17:38.187] [1;32muart:~$ [m[8D[J                     : Total CPU cycles used: 6194055
[16:17:38.188] [1;32muart:~$ [m[8D[J netmem_tid          : STACK: unused 624 usage 656 / 1280 (51 %); CPU: 0 %
[16:17:38.188] [1;32muart:~$ [m[8D[J                     : Total CPU cycles used: 11366876
[16:17:38.189] [1;32muart:~$ [m[8D[J llss_thread         : STACK: unused 11584 usage 4800 / 16384 (29 %); CPU: 0 %
[16:17:38.190] [1;32muart:~$ [m[8D[J                     : Total CPU cycles used: 7391708535
[16:17:38.190] [1;32muart:~$ [m[8D[J input               : STACK: unused 560 usage 464 / 1024 (45 %); CPU: 0 %
[16:17:38.191] [1;32muart:~$ [m[8D[J                     : Total CPU cycles used: 72962
[16:17:38.192] [1;32muart:~$ [m[8D[J display_thread      : STACK: unused 8640 usage 3648 / 12288 (29 %); CPU: 0 %
[16:17:38.193] [1;32muart:~$ [m[8D[J                     : Total CPU cycles used: 400393757
[16:17:38.193] [1;32muart:~$ [m[8D[J device_ui_thread    : STACK: unused 4496 usage 3696 / 8192 (45 %); CPU: 0 %
[16:17:38.194] [1;32muart:~$ [m[8D[J                     : Total CPU cycles used: 22585834840
[16:17:38.195] [1;32muart:~$ [m[8D[J conn_mgr_monitor    : STACK: unused 176 usage 336 / 512 (65 %); CPU: 0 %
[16:17:38.196] [1;32muart:~$ [m[8D[J                     : Total CPU cycles used: 86568
[16:17:38.196] [1;32muart:~$ [m[8D[J net_socket_service  : STACK: unused 3344 usage 752 / 4096 (18 %); CPU: 0 %
[16:17:38.197] [1;32muart:~$ [m[8D[J                     : Total CPU cycles used: 4176332
[16:17:38.198] [1;32muart:~$ [m[8D[J rx_q[0]             : STACK: unused 528 usage 1520 / 2048 (74 %); CPU: 0 %
[16:17:38.198] [1;32muart:~$ [m[8D[J                     : Total CPU cycles used: 3161834436
[16:17:38.199] [1;32muart:~$ [m[8D[J net_mgmt            : STACK: unused 3424 usage 672 / 4096 (16 %); CPU: 0 %
[16:17:38.200] [1;32muart:~$ [m[8D[J                     : Total CPU cycles used: 6104729
[16:17:38.200] [1;32muart:~$ [m[8D[J tcp_work            : STACK: unused 1680 usage 368 / 2048 (17 %); CPU: 0 %
[16:17:38.201] [1;32muart:~$ [m[8D[J                     : Total CPU cycles used: 8802282
[16:17:38.202] [1;32muart:~$ [m[8D[J shell_uart          : STACK: unused 2624 usage 1472 / 4096 (35 %); CPU: 0 %
[16:17:38.203] [1;32muart:~$ [m[8D[J                     : Total CPU cycles used: 208847627
[16:17:38.203] [1;32muart:~$ [m[8D[J wifi                : STACK: unused 1456 usage 2128 / 3584 (59 %); CPU: 0 %
[16:17:38.204] [1;32muart:~$ [m[8D[J                     : Total CPU cycles used: 24022247915
[16:17:38.205] [1;32muart:~$ [m[8D[J sysworkq            : STACK: unused 3248 usage 848 / 4096 (20 %); CPU: 0 %
[16:17:38.206] [1;32muart:~$ [m[8D[J                     : Total CPU cycles used: 306437277
[16:17:38.206] [1;32muart:~$ [m[8D[J esp_timer           : STACK: unused 3472 usage 624 / 4096 (15 %); CPU: 0 %
[16:17:38.207] [1;32muart:~$ [m[8D[J                     : Total CPU cycles used: 1182237262
[16:17:38.208] [1;32muart:~$ [m[8D[J logging             : STACK: unused 544 usage 480 / 1024 (46 %); CPU: 0 %
[16:17:38.208] [1;32muart:~$ [m[8D[J                     : Total CPU cycles used: 31300710
[16:17:38.209] [1;32muart:~$ [m[8D[J idle                : STACK: unused 816 usage 208 / 1024 (20 %); CPU: 98 %
[16:17:38.210] [1;32muart:~$ [m[8D[J                     : Total CPU cycles used: 3107537205856
[16:17:38.211] [1;32muart:~$ [m[8D[J ISR0                : STACK: unused 1520 usage 528 / 2048 (25 %); CPU: 0 %
[16:17:38.211] [1;32muart:~$ [m[8D[J                     : Total CPU cycles used: 0
[16:17:38.212] [1;32muart:~$ [m[8D[J[1;32muart:~$ [m[8D[J[1;32muart:~$ [m[8D[JNETMEM up=13200s pktRX=38/40 pktTX=15/16 bufRX=158/160/m102 bufTX=79/80/m6 sysheap_free=11208 alloc=21380 max=24056
[16:17:39.300] [1;32muart:~$ [m[8D[J[03:40:00.843,000] [0m<inf> shtc3: SHTC3: temperature=22.45 C humidity=43.28 %[0m
[16:17:39.301] [1;32muart:~$ [m[8D[J[1;32muart:~$ [m[8D[JNETMEM up=13230s pktRX=38/40 pktTX=15/16 bufRX=158/160/m102 bufTX=79/80/m6 sysheap_free=11208 alloc=21380 max=24056
[16:18:09.300] [1;32muart:~$ [m[8D[J[1;32muart:~$ [m[8D[JNETMEM up=13260s pktRX=38/40 pktTX=15/16 bufRX=158/160/m102 bufTX=79/80/m6 sysheap_free=11172 alloc=21416 max=24056
[16:18:39.301] [1;32muart:~$ [m[8D[J[03:41:00.846,000] [0m<inf> shtc3: SHTC3: temperature=22.49 C humidity=42.51 %[0m
[16:18:39.301] [1;32muart:~$ [m[8D[J[1;32muart:~$ [m[8D[JNETMEM up=13290s pktRX=38/40 pktTX=15/16 bufRX=158/160/m102 bufTX=79/80/m6 sysheap_free=11208 alloc=21380 max=24056
[16:19:09.301] [1;32muart:~$ [m[8D[J[1;32muart:~$ [m[8D[JNETMEM up=13320s pktRX=38/40 pktTX=15/16 bufRX=158/160/m102 bufTX=79/80/m6 sysheap_free=11208 alloc=21380 max=24056
[16:19:39.301] [1;32muart:~$ [m[8D[J[03:42:00.849,000] [0m<inf> shtc3: SHTC3: temperature=22.22 C humidity=42.70 %[0m
[16:19:39.302] [1;32muart:~$ [m[8D[J[1;32muart:~$ [m[8D[JNETMEM up=13350s pktRX=38/40 pktTX=15/16 bufRX=158/160/m102 bufTX=79/80/m6 sysheap_free=11208 alloc=21380 max=24056
[16:20:09.301] [1;32muart:~$ [m[8D[J[1;32muart:~$ [m[8D[JNETMEM up=13380s pktRX=38/40 pktTX=15/16 bufRX=158/160/m102 bufTX=79/80/m6 sysheap_free=11208 alloc=21380 max=24056
[16:20:39.303] [1;32muart:~$ [m[8D[J[03:43:00.852,000] [0m<inf> shtc3: SHTC3: temperature=22.10 C humidity=42.51 %[0m
[16:20:39.303] [1;32muart:~$ [m[8D[J[1;32muart:~$ [m[8D[JNETMEM up=13410s pktRX=38/40 pktTX=15/16 bufRX=158/160/m102 bufTX=79/80/m6 sysheap_free=11208 alloc=21380 max=24056
[16:21:09.303] [1;32muart:~$ [m[8D[J[1;32muart:~$ [m[8D[JNETMEM up=13440s pktRX=38/40 pktTX=15/16 bufRX=158/160/m102 bufTX=79/80/m6 sysheap_free=11208 alloc=21380 max=24056
[16:21:39.303] [1;32muart:~$ [m[8D[J[03:44:00.855,000] [0m<inf> shtc3: SHTC3: temperature=22.53 C humidity=42.48 %[0m
[16:21:39.303] [1;32muart:~$ [m[8D[J[1;32muart:~$ [m[8D[JNETMEM up=13470s pktRX=38/40 pktTX=15/16 bufRX=158/160/m102 bufTX=79/80/m6 sysheap_free=11208 alloc=21380 max=24056
[16:22:09.303] [1;32muart:~$ [m[8D[J[1;32muart:~$ [m[8D[JThread analyze:
[16:22:38.185] [1;32muart:~$ [m[8D[J wdt_sentinel_tid    : STACK: unused 432 usage 336 / 768 (43 %); CPU: 0 %
[16:22:38.186] [1;32muart:~$ [m[8D[J                     : Total CPU cycles used: 100906848
[16:22:38.186] [1;32muart:~$ [m[8D[J thread_analyzer     : STACK: unused 112 usage 912 / 1024 (89 %); CPU: 0 %
[16:22:38.187] [1;32muart:~$ [m[8D[J                     : Total CPU cycles used: 29496229
[16:22:38.188] [1;32muart:~$ [m[8D[J sys_wdt_tid         : STACK: unused 704 usage 320 / 1024 (31 %); CPU: 0 %
[16:22:38.189] [1;32muart:~$ [m[8D[J                     : Total CPU cycles used: 18266410
[16:22:38.189] [1;32muart:~$ [m[8D[J shtc3_thread        : STACK: unused 1360 usage 688 / 2048 (33 %); CPU: 0 %
[16:22:38.190] [1;32muart:~$ [m[8D[J                     : Total CPU cycles used: 15024120
[16:22:38.191] [1;32muart:~$ [m[8D[J ntp_thread          : STACK: unused 2480 usage 1616 / 4096 (39 %); CPU: 0 %
[16:22:38.191] [1;32muart:~$ [m[8D[J                     : Total CPU cycles used: 6194055
[16:22:38.192] [1;32muart:~$ [m[8D[J netmem_tid          : STACK: unused 624 usage 656 / 1280 (51 %); CPU: 0 %
[16:22:38.193] [1;32muart:~$ [m[8D[J                     : Total CPU cycles used: 11652590
[16:22:38.194] [1;32muart:~$ [m[8D[J llss_thread         : STACK: unused 11584 usage 4800 / 16384 (29 %); CPU: 0 %
[16:22:38.194] [1;32muart:~$ [m[8D[J                     : Total CPU cycles used: 7464612055
[16:22:38.195] [1;32muart:~$ [m[8D[J input               : STACK: unused 560 usage 464 / 1024 (45 %); CPU: 0 %
[16:22:38.196] [1;32muart:~$ [m[8D[J                     : Total CPU cycles used: 72962
[16:22:38.196] [1;32muart:~$ [m[8D[J display_thread      : STACK: unused 8640 usage 3648 / 12288 (29 %); CPU: 0 %
[16:22:38.197] [1;32muart:~$ [m[8D[J                     : Total CPU cycles used: 400393757
[16:22:38.198] [1;32muart:~$ [m[8D[J device_ui_thread    : STACK: unused 4496 usage 3696 / 8192 (45 %); CPU: 0 %
[16:22:38.199] [1;32muart:~$ [m[8D[J                     : Total CPU cycles used: 23133190768
[16:22:38.199] [1;32muart:~$ [m[8D[J conn_mgr_monitor    : STACK: unused 176 usage 336 / 512 (65 %); CPU: 0 %
[16:22:38.200] [1;32muart:~$ [m[8D[J                     : Total CPU cycles used: 86568
[16:22:38.201] [1;32muart:~$ [m[8D[J net_socket_service  : STACK: unused 3344 usage 752 / 4096 (18 %); CPU: 0 %
[16:22:38.201] [1;32muart:~$ [m[8D[J                     : Total CPU cycles used: 4176332
[16:22:38.202] [1;32muart:~$ [m[8D[J rx_q[0]             : STACK: unused 528 usage 1520 / 2048 (74 %); CPU: 0 %
[16:22:38.203] [1;32muart:~$ [m[8D[J                     : Total CPU cycles used: 3220244663
[16:22:38.204] [1;32muart:~$ [m[8D[J net_mgmt            : STACK: unused 3424 usage 672 / 4096 (16 %); CPU: 0 %
[16:22:38.204] [1;32muart:~$ [m[8D[J                     : Total CPU cycles used: 6230522
[16:22:38.205] [1;32muart:~$ [m[8D[J tcp_work            : STACK: unused 1680 usage 368 / 2048 (17 %); CPU: 0 %
[16:22:38.206] [1;32muart:~$ [m[8D[J                     : Total CPU cycles used: 8802282
[16:22:38.206] [1;32muart:~$ [m[8D[J shell_uart          : STACK: unused 2624 usage 1472 / 4096 (35 %); CPU: 0 %
[16:22:38.207] [1;32muart:~$ [m[8D[J                     : Total CPU cycles used: 212548515
[16:22:38.208] [1;32muart:~$ [m[8D[J wifi                : STACK: unused 1456 usage 2128 / 3584 (59 %); CPU: 0 %
[16:22:38.209] [1;32muart:~$ [m[8D[J                     : Total CPU cycles used: 24542880306
[16:22:38.209] [1;32muart:~$ [m[8D[J sysworkq            : STACK: unused 3248 usage 848 / 4096 (20 %); CPU: 0 %
[16:22:38.210] [1;32muart:~$ [m[8D[J                     : Total CPU cycles used: 312721381
[16:22:38.211] [1;32muart:~$ [m[8D[J esp_timer           : STACK: unused 3472 usage 624 / 4096 (15 %); CPU: 0 %
[16:22:38.212] [1;32muart:~$ [m[8D[J                     : Total CPU cycles used: 1208793176
[16:22:38.212] [1;32muart:~$ [m[8D[J logging             : STACK: unused 544 usage 480 / 1024 (46 %); CPU: 0 %
[16:22:38.213] [1;32muart:~$ [m[8D[J                     : Total CPU cycles used: 31806117
[16:22:38.214] [1;32muart:~$ [m[8D[J idle                : STACK: unused 816 usage 208 / 1024 (20 %); CPU: 98 %
[16:22:38.214] [1;32muart:~$ [m[8D[J                     : Total CPU cycles used: 3178281806788
[16:22:38.215] [1;32muart:~$ [m[8D[J ISR0                : STACK: unused 1520 usage 528 / 2048 (25 %); CPU: 0 %
[16:22:38.216] [1;32muart:~$ [m[8D[J                     : Total CPU cycles used: 0
[16:22:38.216] [1;32muart:~$ [m[8D[J[1;32muart:~$ [m[8D[J[1;32muart:~$ [m[8D[JNETMEM up=13500s pktRX=38/40 pktTX=15/16 bufRX=158/160/m102 bufTX=79/80/m6 sysheap_free=11208 alloc=21380 max=24056
[16:22:39.303] [1;32muart:~$ [m[8D[J[03:45:00.859,000] [0m<inf> shtc3: SHTC3: temperature=22.22 C humidity=42.74 %[0m
[16:22:39.304] [1;32muart:~$ [m[8D[J[1;32muart:~$ [m[8D[JNETMEM up=13530s pktRX=38/40 pktTX=15/16 bufRX=158/160/m102 bufTX=79/80/m6 sysheap_free=11208 alloc=21380 max=24056
[16:23:09.304] [1;32muart:~$ [m[8D[J[1;32muart:~$ [m[8D[JNETMEM up=13560s pktRX=38/40 pktTX=15/16 bufRX=158/160/m102 bufTX=79/80/m6 sysheap_free=11172 alloc=21416 max=24056
[16:23:39.304] [1;32muart:~$ [m[8D[J[03:46:00.862,000] [0m<inf> shtc3: SHTC3: temperature=22.22 C humidity=42.89 %[0m
[16:23:39.305] [1;32muart:~$ [m[8D[J[1;32muart:~$ [m[8D[JNETMEM up=13590s pktRX=38/40 pktTX=15/16 bufRX=158/160/m102 bufTX=79/80/m6 sysheap_free=11208 alloc=21380 max=24056
[16:24:09.305] [1;32muart:~$ [m[8D[J[1;32muart:~$ [m[8D[JNETMEM up=13620s pktRX=38/40 pktTX=15/16 bufRX=158/160/m102 bufTX=79/80/m6 sysheap_free=11172 alloc=21416 max=24056
[16:24:39.305] [1;32muart:~$ [m[8D[J[03:47:00.865,000] [0m<inf> shtc3: SHTC3: temperature=22.47 C humidity=42.70 %[0m
[16:24:39.306] [1;32muart:~$ [m[8D[J[1;32muart:~$ [m[8D[JNETMEM up=13650s pktRX=38/40 pktTX=15/16 bufRX=158/160/m102 bufTX=78/80/m6 sysheap_free=11172 alloc=21416 max=24056
[16:25:09.311] [1;32muart:~$ [m[8D[J[1;32muart:~$ [m[8D[JNETMEM up=13680s pktRX=38/40 pktTX=15/16 bufRX=158/160/m102 bufTX=79/80/m6 sysheap_free=11172 alloc=21416 max=24056
[16:25:39.312] [1;32muart:~$ [m[8D[J[03:48:00.871,000] [0m<inf> shtc3: SHTC3: temperature=22.61 C humidity=43.00 %[0m
[16:25:39.313] [1;32muart:~$ [m[8D[J[1;32muart:~$ [m[8D[JNETMEM up=13710s pktRX=38/40 pktTX=15/16 bufRX=158/160/m102 bufTX=79/80/m6 sysheap_free=11208 alloc=21380 max=24056
[16:26:09.312] [1;32muart:~$ [m[8D[J[1;32muart:~$ [m[8D[JNETMEM up=13740s pktRX=38/40 pktTX=15/16 bufRX=158/160/m102 bufTX=79/80/m6 sysheap_free=11208 alloc=21380 max=24056
[16:26:39.313] [1;32muart:~$ [m[8D[J[03:49:00.876,000] [0m<inf> shtc3: SHTC3: temperature=22.42 C humidity=42.78 %[0m
[16:26:39.314] [1;32muart:~$ [m[8D[J[1;32muart:~$ [m[8D[JNETMEM up=13770s pktRX=38/40 pktTX=15/16 bufRX=158/160/m102 bufTX=79/80/m6 sysheap_free=11208 alloc=21380 max=24056
[16:27:09.313] [1;32muart:~$ [m[8D[J[1;32muart:~$ [m[8D[JThread analyze:
[16:27:38.190] [1;32muart:~$ [m[8D[J wdt_sentinel_tid    : STACK: unused 432 usage 336 / 768 (43 %); CPU: 0 %
[16:27:38.190] [1;32muart:~$ [m[8D[J                     : Total CPU cycles used: 103063946
[16:27:38.191] [1;32muart:~$ [m[8D[J thread_analyzer     : STACK: unused 112 usage 912 / 1024 (89 %); CPU: 0 %
[16:27:38.192] [1;32muart:~$ [m[8D[J                     : Total CPU cycles used: 30144646
[16:27:38.193] [1;32muart:~$ [m[8D[J sys_wdt_tid         : STACK: unused 704 usage 320 / 1024 (31 %); CPU: 0 %
[16:27:38.193] [1;32muart:~$ [m[8D[J                     : Total CPU cycles used: 18742347
[16:27:38.194] [1;32muart:~$ [m[8D[J shtc3_thread        : STACK: unused 1360 usage 688 / 2048 (33 %); CPU: 0 %
[16:27:38.195] [1;32muart:~$ [m[8D[J                     : Total CPU cycles used: 15407156
[16:27:38.196] [1;32muart:~$ [m[8D[J ntp_thread          : STACK: unused 2480 usage 1616 / 4096 (39 %); CPU: 0 %
[16:27:38.196] [1;32muart:~$ [m[8D[J                     : Total CPU cycles used: 6194055
[16:27:38.197] [1;32muart:~$ [m[8D[J netmem_tid          : STACK: unused 624 usage 656 / 1280 (51 %); CPU: 0 %
[16:27:38.198] [1;32muart:~$ [m[8D[J                     : Total CPU cycles used: 11938749
[16:27:38.198] [1;32muart:~$ [m[8D[J llss_thread         : STACK: unused 11584 usage 4800 / 16384 (29 %); CPU: 0 %
[16:27:38.199] [1;32muart:~$ [m[8D[J                     : Total CPU cycles used: 7537377252
[16:27:38.200] [1;32muart:~$ [m[8D[J input               : STACK: unused 560 usage 464 / 1024 (45 %); CPU: 0 %
[16:27:38.200] [1;32muart:~$ [m[8D[J                     : Total CPU cycles used: 72962
[16:27:38.201] [1;32muart:~$ [m[8D[J display_thread      : STACK: unused 8640 usage 3648 / 12288 (29 %); CPU: 0 %
[16:27:38.202] [1;32muart:~$ [m[8D[J                     : Total CPU cycles used: 400393757
[16:27:38.202] [1;32muart:~$ [m[8D[J device_ui_thread    : STACK: unused 4496 usage 3696 / 8192 (45 %); CPU: 0 %
[16:27:38.203] [1;32muart:~$ [m[8D[J                     : Total CPU cycles used: 23684129247
[16:27:38.204] [1;32muart:~$ [m[8D[J conn_mgr_monitor    : STACK: unused 176 usage 336 / 512 (65 %); CPU: 0 %
[16:27:38.205] [1;32muart:~$ [m[8D[J                     : Total CPU cycles used: 86568
[16:27:38.205] [1;32muart:~$ [m[8D[J net_socket_service  : STACK: unused 3344 usage 752 / 4096 (18 %); CPU: 0 %
[16:27:38.206] [1;32muart:~$ [m[8D[J                     : Total CPU cycles used: 4176332
[16:27:38.207] [1;32muart:~$ [m[8D[J rx_q[0]             : STACK: unused 528 usage 1520 / 2048 (74 %); CPU: 0 %
[16:27:38.208] [1;32muart:~$ [m[8D[J                     : Total CPU cycles used: 3280977125
[16:27:38.208] [1;32muart:~$ [m[8D[J net_mgmt            : STACK: unused 3424 usage 672 / 4096 (16 %); CPU: 0 %
[16:27:38.209] [1;32muart:~$ [m[8D[J                     : Total CPU cycles used: 6358264
[16:27:38.210] [1;32muart:~$ [m[8D[J tcp_work            : STACK: unused 1680 usage 368 / 2048 (17 %); CPU: 0 %
[16:27:38.210] [1;32muart:~$ [m[8D[J                     : Total CPU cycles used: 8802282
[16:27:38.211] [1;32muart:~$ [m[8D[J shell_uart          : STACK: unused 2624 usage 1472 / 4096 (35 %); CPU: 0 %
[16:27:38.212] [1;32muart:~$ [m[8D[J                     : Total CPU cycles used: 216244941
[16:27:38.213] [1;32muart:~$ [m[8D[J wifi                : STACK: unused 1456 usage 2128 / 3584 (59 %); CPU: 0 %
[16:27:38.213] [1;32muart:~$ [m[8D[J                     : Total CPU cycles used: 25072464569
[16:27:38.214] [1;32muart:~$ [m[8D[J sysworkq            : STACK: unused 3248 usage 848 / 4096 (20 %); CPU: 0 %
[16:27:38.215] [1;32muart:~$ [m[8D[J                     : Total CPU cycles used: 320101651
[16:27:38.215] [1;32muart:~$ [m[8D[J esp_timer           : STACK: unused 3472 usage 624 / 4096 (15 %); CPU: 0 %
[16:27:38.216] [1;32muart:~$ [m[8D[J                     : Total CPU cycles used: 1235893245
[16:27:38.217] [1;32muart:~$ [m[8D[J logging             : STACK: unused 544 usage 480 / 1024 (46 %); CPU: 0 %
[16:27:38.218] [1;32muart:~$ [m[8D[J                     : Total CPU cycles used: 32309342
[16:27:38.218] [1;32muart:~$ [m[8D[J idle                : STACK: unused 816 usage 208 / 1024 (20 %); CPU: 98 %
[16:27:38.219] [1;32muart:~$ [m[8D[J                     : Total CPU cycles used: 3249009875372
[16:27:38.220] [1;32muart:~$ [m[8D[J ISR0                : STACK: unused 1520 usage 528 / 2048 (25 %); CPU: 0 %
[16:27:38.221] [1;32muart:~$ [m[8D[J                     : Total CPU cycles used: 0
[16:27:38.221] [1;32muart:~$ [m[8D[J[1;32muart:~$ [m[8D[J[1;32muart:~$ [m[8D[JNETMEM up=13800s pktRX=38/40 pktTX=15/16 bufRX=158/160/m102 bufTX=79/80/m6 sysheap_free=11208 alloc=21380 max=24056
[16:27:39.314] [1;32muart:~$ [m[8D[J[03:50:00.887,000] [0m<inf> shtc3: SHTC3: temperature=22.22 C humidity=43.05 %[0m
[16:27:39.314] [1;32muart:~$ [m[8D[J[1;32muart:~$ [m[8D[JNETMEM up=13830s pktRX=38/40 pktTX=15/16 bufRX=158/160/m102 bufTX=79/80/m6 sysheap_free=11208 alloc=21380 max=24056
[16:28:09.314] [1;32muart:~$ [m[8D[J[1;32muart:~$ [m[8D[JNETMEM up=13860s pktRX=38/40 pktTX=15/16 bufRX=158/160/m102 bufTX=79/80/m6 sysheap_free=11208 alloc=21380 max=24056
[16:28:39.314] [1;32muart:~$ [m[8D[J[03:51:00.891,000] [0m<inf> shtc3: SHTC3: temperature=22.42 C humidity=42.95 %[0m
[16:28:39.315] [1;32muart:~$ [m[8D[J[1;32muart:~$ [m[8D[JNETMEM up=13890s pktRX=38/40 pktTX=15/16 bufRX=158/160/m102 bufTX=79/80/m6 sysheap_free=11208 alloc=21380 max=24056
[16:29:09.314] [1;32muart:~$ [m[8D[J[1;32muart:~$ [m[8D[JNETMEM up=13920s pktRX=38/40 pktTX=15/16 bufRX=158/160/m102 bufTX=79/80/m6 sysheap_free=11208 alloc=21380 max=24056
[16:29:39.315] [1;32muart:~$ [m[8D[J[03:52:00.894,000] [0m<inf> shtc3: SHTC3: temperature=22.36 C humidity=43.03 %[0m
[16:29:39.316] [1;32muart:~$ [m[8D[J[1;32muart:~$ [m[8D[JNETMEM up=13950s pktRX=38/40 pktTX=15/16 bufRX=158/160/m102 bufTX=79/80/m6 sysheap_free=11208 alloc=21380 max=24056
[16:30:09.315] [1;32muart:~$ [m[8D[J[1;32muart:~$ [m[8D[JNETMEM up=13980s pktRX=38/40 pktTX=15/16 bufRX=158/160/m102 bufTX=79/80/m6 sysheap_free=11208 alloc=21380 max=24056
[16:30:39.316] [1;32muart:~$ [m[8D[J[03:53:00.897,000] [0m<inf> shtc3: SHTC3: temperature=22.22 C humidity=43.10 %[0m
[16:30:39.316] [1;32muart:~$ [m[8D[J[1;32muart:~$ [m[8D[JNETMEM up=14010s pktRX=38/40 pktTX=15/16 bufRX=158/160/m102 bufTX=79/80/m6 sysheap_free=11208 alloc=21380 max=24056
[16:31:09.316] [1;32muart:~$ [m[8D[J[1;32muart:~$ [m[8D[JNETMEM up=14040s pktRX=38/40 pktTX=15/16 bufRX=158/160/m102 bufTX=79/80/m6 sysheap_free=11208 alloc=21380 max=24056
[16:31:39.317] [1;32muart:~$ [m[8D[J[03:54:00.900,000] [0m<inf> shtc3: SHTC3: temperature=22.43 C humidity=42.87 %[0m
[16:31:39.317] [1;32muart:~$ [m[8D[J[1;32muart:~$ [m[8D[JNETMEM up=14070s pktRX=38/40 pktTX=15/16 bufRX=158/160/m102 bufTX=79/80/m6 sysheap_free=11208 alloc=21380 max=24056
[16:32:09.317] [1;32muart:~$ [m[8D[J[1;32muart:~$ [m[8D[JThread analyze:
[16:32:38.194] [1;32muart:~$ [m[8D[J wdt_sentinel_tid    : STACK: unused 432 usage 336 / 768 (43 %); CPU: 0 %
[16:32:38.195] [1;32muart:~$ [m[8D[J                     : Total CPU cycles used: 105225333
[16:32:38.196] [1;32muart:~$ [m[8D[J thread_analyzer     : STACK: unused 112 usage 912 / 1024 (89 %); CPU: 0 %
[16:32:38.196] [1;32muart:~$ [m[8D[J                     : Total CPU cycles used: 30792908
[16:32:38.197] [1;32muart:~$ [m[8D[J sys_wdt_tid         : STACK: unused 704 usage 320 / 1024 (31 %); CPU: 0 %
[16:32:38.198] [1;32muart:~$ [m[8D[J                     : Total CPU cycles used: 19203271
[16:32:38.198] [1;32muart:~$ [m[8D[J shtc3_thread        : STACK: unused 1360 usage 688 / 2048 (33 %); CPU: 0 %
[16:32:38.199] [1;32muart:~$ [m[8D[J                     : Total CPU cycles used: 15756918
[16:32:38.200] [1;32muart:~$ [m[8D[J ntp_thread          : STACK: unused 2480 usage 1616 / 4096 (39 %); CPU: 0 %
[16:32:38.201] [1;32muart:~$ [m[8D[J                     : Total CPU cycles used: 6194055
[16:32:38.201] [1;32muart:~$ [m[8D[J netmem_tid          : STACK: unused 624 usage 656 / 1280 (51 %); CPU: 0 %
[16:32:38.202] [1;32muart:~$ [m[8D[J                     : Total CPU cycles used: 12215205
[16:32:38.203] [1;32muart:~$ [m[8D[J llss_thread         : STACK: unused 11584 usage 4800 / 16384 (29 %); CPU: 0 %
[16:32:38.204] [1;32muart:~$ [m[8D[J                     : Total CPU cycles used: 7614592555
[16:32:38.204] [1;32muart:~$ [m[8D[J input               : STACK: unused 560 usage 464 / 1024 (45 %); CPU: 0 %
[16:32:38.205] [1;32muart:~$ [m[8D[J                     : Total CPU cycles used: 72962
[16:32:38.206] [1;32muart:~$ [m[8D[J display_thread      : STACK: unused 8640 usage 3648 / 12288 (29 %); CPU: 0 %
[16:32:38.206] [1;32muart:~$ [m[8D[J                     : Total CPU cycles used: 400393757
[16:32:38.207] [1;32muart:~$ [m[8D[J device_ui_thread    : STACK: unused 4496 usage 3696 / 8192 (45 %); CPU: 0 %
[16:32:38.208] [1;32muart:~$ [m[8D[J                     : Total CPU cycles used: 24209210138
[16:32:38.209] [1;32muart:~$ [m[8D[J conn_mgr_monitor    : STACK: unused 176 usage 336 / 512 (65 %); CPU: 0 %
[16:32:38.209] [1;32muart:~$ [m[8D[J                     : Total CPU cycles used: 86568
[16:32:38.210] [1;32muart:~$ [m[8D[J net_socket_service  : STACK: unused 3344 usage 752 / 4096 (18 %); CPU: 0 %
[16:32:38.211] [1;32muart:~$ [m[8D[J                     : Total CPU cycles used: 4176332
[16:32:38.211] [1;32muart:~$ [m[8D[J rx_q[0]             : STACK: unused 528 usage 1520 / 2048 (74 %); CPU: 0 %
[16:32:38.212] [1;32muart:~$ [m[8D[J                     : Total CPU cycles used: 3337456168
[16:32:38.213] [1;32muart:~$ [m[8D[J net_mgmt            : STACK: unused 3424 usage 672 / 4096 (16 %); CPU: 0 %
[16:32:38.214] [1;32muart:~$ [m[8D[J                     : Total CPU cycles used: 6484383
[16:32:38.214] [1;32muart:~$ [m[8D[J tcp_work            : STACK: unused 1680 usage 368 / 2048 (17 %); CPU: 0 %
[16:32:38.215] [1;32muart:~$ [m[8D[J                     : Total CPU cycles used: 8802282
[16:32:38.216] [1;32muart:~$ [m[8D[J shell_uart          : STACK: unused 2624 usage 1472 / 4096 (35 %); CPU: 0 %
[16:32:38.216] [1;32muart:~$ [m[8D[J                     : Total CPU cycles used: 219931027
[16:32:38.217] [1;32muart:~$ [m[8D[J wifi                : STACK: unused 1456 usage 2128 / 3584 (59 %); CPU: 0 %
[16:32:38.218] [1;32muart:~$ [m[8D[J                     : Total CPU cycles used: 25599217928
[16:32:38.219] [1;32muart:~$ [m[8D[J sysworkq            : STACK: unused 3248 usage 848 / 4096 (20 %); CPU: 0 %
[16:32:38.219] [1;32muart:~$ [m[8D[J                     : Total CPU cycles used: 326332915
[16:32:38.220] [1;32muart:~$ [m[8D[J esp_timer           : STACK: unused 3472 usage 624 / 4096 (15 %); CPU: 0 %
[16:32:38.221] [1;32muart:~$ [m[8D[J                     : Total CPU cycles used: 1262866072
[16:32:38.221] [1;32muart:~$ [m[8D[J logging             : STACK: unused 544 usage 480 / 1024 (46 %); CPU: 0 %
[16:32:38.222] [1;32muart:~$ [m[8D[J                     : Total CPU cycles used: 32824185
[16:32:38.223] [1;32muart:~$ [m[8D[J idle                : STACK: unused 816 usage 208 / 1024 (20 %); CPU: 98 %
[16:32:38.224] [1;32muart:~$ [m[8D[J                     : Total CPU cycles used: 3319767512486
[16:32:38.224] [1;32muart:~$ [m[8D[J ISR0                : STACK: unused 1520 usage 528 / 2048 (25 %); CPU: 0 %
[16:32:38.225] [1;32muart:~$ [m[8D[J                     : Total CPU cycles used: 0
[16:32:38.226] [1;32muart:~$ [m[8D[J[1;32muart:~$ [m[8D[J[1;32muart:~$ [m[8D[JNETMEM up=14100s pktRX=38/40 pktTX=15/16 bufRX=158/160/m102 bufTX=79/80/m6 sysheap_free=11208 alloc=21380 max=24056
[16:32:39.317] [1;32muart:~$ [m[8D[J[03:55:00.903,000] [0m<inf> shtc3: SHTC3: temperature=22.23 C humidity=43.10 %[0m
[16:32:39.318] [1;32muart:~$ [m[8D[J[1;32muart:~$ [m[8D[JNETMEM up=14130s pktRX=38/40 pktTX=15/16 bufRX=158/160/m102 bufTX=79/80/m6 sysheap_free=11208 alloc=21380 max=24056
[16:33:09.317] [1;32muart:~$ [m[8D[J[1;32muart:~$ [m[8D[JNETMEM up=14160s pktRX=38/40 pktTX=15/16 bufRX=158/160/m102 bufTX=79/80/m6 sysheap_free=11208 alloc=21380 max=24056
[16:33:39.318] [1;32muart:~$ [m[8D[J[03:56:00.906,000] [0m<inf> shtc3: SHTC3: temperature=22.47 C humidity=43.24 %[0m
[16:33:39.319] [1;32muart:~$ [m[8D[J[1;32muart:~$ [m[8D[JNETMEM up=14190s pktRX=38/40 pktTX=15/16 bufRX=158/160/m102 bufTX=79/80/m6 sysheap_free=11208 alloc=21380 max=24056
[16:34:09.319] [1;32muart:~$ [m[8D[J[1;32muart:~$ [m[8D[JNETMEM up=14220s pktRX=38/40 pktTX=15/16 bufRX=158/160/m102 bufTX=79/80/m6 sysheap_free=11208 alloc=21380 max=24056
[16:34:39.319] [1;32muart:~$ [m[8D[J[03:57:00.909,000] [0m<inf> shtc3: SHTC3: temperature=22.22 C humidity=43.38 %[0m
[16:34:39.319] [1;32muart:~$ [m[8D[J[1;32muart:~$ [m[8D[JNETMEM up=14250s pktRX=38/40 pktTX=15/16 bufRX=158/160/m102 bufTX=79/80/m6 sysheap_free=11208 alloc=21380 max=24056
[16:35:09.319] [1;32muart:~$ [m[8D[J[1;32muart:~$ [m[8D[JNETMEM up=14280s pktRX=38/40 pktTX=15/16 bufRX=158/160/m102 bufTX=79/80/m6 sysheap_free=11208 alloc=21380 max=24056
[16:35:39.319] [1;32muart:~$ [m[8D[J[03:58:00.911,000] [0m<inf> shtc3: SHTC3: temperature=22.46 C humidity=43.27 %[0m
[16:35:39.320] [1;32muart:~$ [m[8D[J[1;32muart:~$ [m[8D[JNETMEM up=14310s pktRX=38/40 pktTX=15/16 bufRX=158/160/m102 bufTX=79/80/m6 sysheap_free=11208 alloc=21380 max=24056
[16:36:09.320] [1;32muart:~$ [m[8D[J[1;32muart:~$ [m[8D[JNETMEM up=14340s pktRX=38/40 pktTX=15/16 bufRX=158/160/m102 bufTX=79/80/m6 sysheap_free=11208 alloc=21380 max=24056
[16:36:39.320] [1;32muart:~$ [m[8D[J[03:59:00.914,000] [0m<inf> shtc3: SHTC3: temperature=22.29 C humidity=42.81 %[0m
[16:36:39.321] [1;32muart:~$ [m[8D[J[1;32muart:~$ [m[8D[JNETMEM up=14370s pktRX=38/40 pktTX=15/16 bufRX=158/160/m102 bufTX=79/80/m6 sysheap_free=11208 alloc=21380 max=24056
[16:37:09.321] [1;32muart:~$ [m[8D[J[1;32muart:~$ [m[8D[JThread analyze:
[16:37:38.199] [1;32muart:~$ [m[8D[J wdt_sentinel_tid    : STACK: unused 432 usage 336 / 768 (43 %); CPU: 0 %
[16:37:38.200] [1;32muart:~$ [m[8D[J                     : Total CPU cycles used: 107404941
[16:37:38.200] [1;32muart:~$ [m[8D[J thread_analyzer     : STACK: unused 112 usage 912 / 1024 (89 %); CPU: 0 %
[16:37:38.201] [1;32muart:~$ [m[8D[J                     : Total CPU cycles used: 31443220
[16:37:38.202] [1;32muart:~$ [m[8D[J sys_wdt_tid         : STACK: unused 704 usage 320 / 1024 (31 %); CPU: 0 %
[16:37:38.203] [1;32muart:~$ [m[8D[J                     : Total CPU cycles used: 19643924
[16:37:38.203] [1;32muart:~$ [m[8D[J shtc3_thread        : STACK: unused 1360 usage 688 / 2048 (33 %); CPU: 0 %
[16:37:38.204] [1;32muart:~$ [m[8D[J                     : Total CPU cycles used: 16100056
[16:37:38.205] [1;32muart:~$ [m[8D[J ntp_thread          : STACK: unused 2480 usage 1616 / 4096 (39 %); CPU: 0 %
[16:37:38.205] [1;32muart:~$ [m[8D[J                     : Total CPU cycles used: 6194055
[16:37:38.206] [1;32muart:~$ [m[8D[J netmem_tid          : STACK: unused 624 usage 656 / 1280 (51 %); CPU: 0 %
[16:37:38.207] [1;32muart:~$ [m[8D[J                     : Total CPU cycles used: 12489530
[16:37:38.207] [1;32muart:~$ [m[8D[J llss_thread         : STACK: unused 11584 usage 4800 / 16384 (29 %); CPU: 0 %
[16:37:38.208] [1;32muart:~$ [m[8D[J                     : Total CPU cycles used: 7690029118
[16:37:38.209] [1;32muart:~$ [m[8D[J input               : STACK: unused 560 usage 464 / 1024 (45 %); CPU: 0 %
[16:37:38.210] [1;32muart:~$ [m[8D[J                     : Total CPU cycles used: 72962
[16:37:38.210] [1;32muart:~$ [m[8D[J display_thread      : STACK: unused 8640 usage 3648 / 12288 (29 %); CPU: 0 %
[16:37:38.211] [1;32muart:~$ [m[8D[J                     : Total CPU cycles used: 400393757
[16:37:38.212] [1;32muart:~$ [m[8D[J device_ui_thread    : STACK: unused 4496 usage 3696 / 8192 (45 %); CPU: 0 %
[16:37:38.213] [1;32muart:~$ [m[8D[J                     : Total CPU cycles used: 24758989567
[16:37:38.213] [1;32muart:~$ [m[8D[J conn_mgr_monitor    : STACK: unused 176 usage 336 / 512 (65 %); CPU: 0 %
[16:37:38.214] [1;32muart:~$ [m[8D[J                     : Total CPU cycles used: 86568
[16:37:38.215] [1;32muart:~$ [m[8D[J net_socket_service  : STACK: unused 3344 usage 752 / 4096 (18 %); CPU: 0 %
[16:37:38.215] [1;32muart:~$ [m[8D[J                     : Total CPU cycles used: 4176332
[16:37:38.216] [1;32muart:~$ [m[8D[J rx_q[0]             : STACK: unused 528 usage 1520 / 2048 (74 %); CPU: 0 %
[16:37:38.217] [1;32muart:~$ [m[8D[J                     : Total CPU cycles used: 3394991020
[16:37:38.218] [1;32muart:~$ [m[8D[J net_mgmt            : STACK: unused 3424 usage 672 / 4096 (16 %); CPU: 0 %
[16:37:38.218] [1;32muart:~$ [m[8D[J                     : Total CPU cycles used: 6629385
[16:37:38.219] [1;32muart:~$ [m[8D[J tcp_work            : STACK: unused 1680 usage 368 / 2048 (17 %); CPU: 0 %
[16:37:38.220] [1;32muart:~$ [m[8D[J                     : Total CPU cycles used: 8802282
[16:37:38.220] [1;32muart:~$ [m[8D[J shell_uart          : STACK: unused 2624 usage 1472 / 4096 (35 %); CPU: 0 %
[16:37:38.221] [1;32muart:~$ [m[8D[J                     : Total CPU cycles used: 223625303
[16:37:38.222] [1;32muart:~$ [m[8D[J wifi                : STACK: unused 1456 usage 2128 / 3584 (59 %); CPU: 0 %
[16:37:38.223] [1;32muart:~$ [m[8D[J                     : Total CPU cycles used: 26136165157
[16:37:38.223] [1;32muart:~$ [m[8D[J sysworkq            : STACK: unused 3248 usage 848 / 4096 (20 %); CPU: 0 %
[16:37:38.224] [1;32muart:~$ [m[8D[J                     : Total CPU cycles used: 333296514
[16:37:38.225] [1;32muart:~$ [m[8D[J esp_timer           : STACK: unused 3472 usage 624 / 4096 (15 %); CPU: 0 %
[16:37:38.225] [1;32muart:~$ [m[8D[J                     : Total CPU cycles used: 1289920756
[16:37:38.226] [1;32muart:~$ [m[8D[J logging             : STACK: unused 544 usage 480 / 1024 (46 %); CPU: 0 %
[16:37:38.227] [1;32muart:~$ [m[8D[J                     : Total CPU cycles used: 33325710
[16:37:38.228] [1;32muart:~$ [m[8D[J idle                : STACK: unused 816 usage 208 / 1024 (20 %); CPU: 98 %
[16:37:38.228] [1;32muart:~$ [m[8D[J                     : Total CPU cycles used: 3390490481642
[16:37:38.229] [1;32muart:~$ [m[8D[J ISR0                : STACK: unused 1520 usage 528 / 2048 (25 %); CPU: 0 %
[16:37:38.230] [1;32muart:~$ [m[8D[J                     : Total CPU cycles used: 0
[16:37:38.230] [1;32muart:~$ [m[8D[J[1;32muart:~$ [m[8D[J[1;32muart:~$ [m[8D[JNETMEM up=14400s pktRX=38/40 pktTX=15/16 bufRX=158/160/m102 bufTX=79/80/m6 sysheap_free=11208 alloc=21380 max=24056
[16:37:39.321] [1;32muart:~$ [m[8D[J[04:00:00.917,000] [0m<inf> shtc3: SHTC3: temperature=22.24 C humidity=42.79 %[0m
[16:37:39.322] [1;32muart:~$ [m[8D[J[1;32muart:~$ [m[8D[J[04:00:09.736,000] [0m<inf> wifi_prov: WiFi STA connected: tutu[0m
[16:37:48.598] [1;32muart:~$ [m[8D[J[1;32muart:~$ [m[8D[J[04:00:29.841,000] [0m<inf> ntp_sync: NTP synced: 2026-06-18 19:38:07 UTC[0m
[16:38:08.704] [1;32muart:~$ [m[8D[JNETMEM up=14430s pktRX=38/40 pktTX=15/16 bufRX=158/160/m102 bufTX=79/80/m6 sysheap_free=11208 alloc=21380 max=24056
[16:38:08.705] [1;32muart:~$ [m[8D[J[1;32muart:~$ [m[8D[JNETMEM up=14460s pktRX=38/40 pktTX=15/16 bufRX=158/160/m102 bufTX=79/80/m6 sysheap_free=11208 alloc=21380 max=24056
[16:38:39.322] [1;32muart:~$ [m[8D[J[04:01:00.920,000] [0m<inf> shtc3: SHTC3: temperature=22.36 C humidity=43.27 %[0m
[16:38:39.322] [1;32muart:~$ [m[8D[J[1;32muart:~$ [m[8D[JNETMEM up=14490s pktRX=38/40 pktTX=15/16 bufRX=158/160/m102 bufTX=79/80/m6 sysheap_free=11208 alloc=21380 max=24056
[16:39:09.322] [1;32muart:~$ [m[8D[J[1;32muart:~$ [m[8D[JNETMEM up=14520s pktRX=38/40 pktTX=15/16 bufRX=158/160/m102 bufTX=79/80/m6 sysheap_free=11208 alloc=21380 max=24056
[16:39:39.322] [1;32muart:~$ [m[8D[J[04:02:00.923,000] [0m<inf> shtc3: SHTC3: temperature=22.42 C humidity=43.40 %[0m
[16:39:39.323] [1;32muart:~$ [m[8D[J[1;32muart:~$ [m[8D[JNETMEM up=14550s pktRX=38/40 pktTX=15/16 bufRX=158/160/m102 bufTX=79/80/m6 sysheap_free=11208 alloc=21380 max=24056
[16:40:09.323] [1;32muart:~$ [m[8D[J[1;32muart:~$ [m[8D[JNETMEM up=14580s pktRX=38/40 pktTX=15/16 bufRX=158/160/m102 bufTX=79/80/m6 sysheap_free=11208 alloc=21380 max=24056
[16:40:39.323] [1;32muart:~$ [m[8D[J[04:03:00.926,000] [0m<inf> shtc3: SHTC3: temperature=22.28 C humidity=43.01 %[0m
[16:40:39.323] [1;32muart:~$ [m[8D[J[1;32muart:~$ [m[8D[JNETMEM up=14610s pktRX=38/40 pktTX=15/16 bufRX=158/160/m102 bufTX=79/80/m6 sysheap_free=11208 alloc=21380 max=24056
[16:41:09.323] [1;32muart:~$ [m[8D[J[1;32muart:~$ [m[8D[JNETMEM up=14640s pktRX=38/40 pktTX=15/16 bufRX=158/160/m102 bufTX=79/80/m6 sysheap_free=11208 alloc=21380 max=24056
[16:41:39.323] [1;32muart:~$ [m[8D[J[04:04:00.929,000] [0m<inf> shtc3: SHTC3: temperature=22.28 C humidity=43.10 %[0m
[16:41:39.324] [1;32muart:~$ [m[8D[J[1;32muart:~$ [m[8D[JNETMEM up=14670s pktRX=38/40 pktTX=15/16 bufRX=158/160/m102 bufTX=79/80/m6 sysheap_free=11208 alloc=21380 max=24056
[16:42:09.324] [1;32muart:~$ [m[8D[J[1;32muart:~$ [m[8D[JThread analyze:
[16:42:38.203] [1;32muart:~$ [m[8D[J wdt_sentinel_tid    : STACK: unused 432 usage 336 / 768 (43 %); CPU: 0 %
[16:42:38.204] [1;32muart:~$ [m[8D[J                     : Total CPU cycles used: 109600291
[16:42:38.204] [1;32muart:~$ [m[8D[J thread_analyzer     : STACK: unused 112 usage 912 / 1024 (89 %); CPU: 0 %
[16:42:38.205] [1;32muart:~$ [m[8D[J                     : Total CPU cycles used: 32091835
[16:42:38.206] [1;32muart:~$ [m[8D[J sys_wdt_tid         : STACK: unused 704 usage 320 / 1024 (31 %); CPU: 0 %
[16:42:38.206] [1;32muart:~$ [m[8D[J                     : Total CPU cycles used: 20116109
[16:42:38.207] [1;32muart:~$ [m[8D[J shtc3_thread        : STACK: unused 1360 usage 688 / 2048 (33 %); CPU: 0 %
[16:42:38.208] [1;32muart:~$ [m[8D[J                     : Total CPU cycles used: 16459771
[16:42:38.208] [1;32muart:~$ [m[8D[J ntp_thread          : STACK: unused 2480 usage 1616 / 4096 (39 %); CPU: 0 %
[16:42:38.209] [1;32muart:~$ [m[8D[J                     : Total CPU cycles used: 7515381
[16:42:38.210] [1;32muart:~$ [m[8D[J netmem_tid          : STACK: unused 624 usage 656 / 1280 (51 %); CPU: 0 %
[16:42:38.211] [1;32muart:~$ [m[8D[J                     : Total CPU cycles used: 12759599
[16:42:38.211] [1;32muart:~$ [m[8D[J llss_thread         : STACK: unused 11584 usage 4800 / 16384 (29 %); CPU: 0 %
[16:42:38.212] [1;32muart:~$ [m[8D[J                     : Total CPU cycles used: 7762261893
[16:42:38.213] [1;32muart:~$ [m[8D[J input               : STACK: unused 560 usage 464 / 1024 (45 %); CPU: 0 %
[16:42:38.214] [1;32muart:~$ [m[8D[J                     : Total CPU cycles used: 72962
[16:42:38.214] [1;32muart:~$ [m[8D[J display_thread      : STACK: unused 8640 usage 3648 / 12288 (29 %); CPU: 0 %
[16:42:38.215] [1;32muart:~$ [m[8D[J                     : Total CPU cycles used: 400393757
[16:42:38.216] [1;32muart:~$ [m[8D[J device_ui_thread    : STACK: unused 4496 usage 3696 / 8192 (45 %); CPU: 0 %
[16:42:38.217] [1;32muart:~$ [m[8D[J                     : Total CPU cycles used: 25308124816
[16:42:38.218] [1;32muart:~$ [m[8D[J conn_mgr_monitor    : STACK: unused 176 usage 336 / 512 (65 %); CPU: 0 %
[16:42:38.219] [1;32muart:~$ [m[8D[J                     : Total CPU cycles used: 86568
[16:42:38.220] [1;32muart:~$ [m[8D[J net_socket_service  : STACK: unused 3344 usage 752 / 4096 (18 %); CPU: 0 %
[16:42:38.223] [1;32muart:~$ [m[8D[J                     : Total CPU cycles used: 4570522
[16:42:38.223] [1;32muart:~$ [m[8D[J rx_q[0]             : STACK: unused 528 usage 1520 / 2048 (74 %); CPU: 0 %
[16:42:38.224] [1;32muart:~$ [m[8D[J                     : Total CPU cycles used: 3457137229
[16:42:38.225] [1;32muart:~$ [m[8D[J net_mgmt            : STACK: unused 3424 usage 672 / 4096 (16 %); CPU: 0 %
[16:42:38.226] [1;32muart:~$ [m[8D[J                     : Total CPU cycles used: 6803375
[16:42:38.227] [1;32muart:~$ [m[8D[J tcp_work            : STACK: unused 1680 usage 368 / 2048 (17 %); CPU: 0 %
[16:42:38.228] [1;32muart:~$ [m[8D[J                     : Total CPU cycles used: 8802282
[16:42:38.229] [1;32muart:~$ [m[8D[J shell_uart          : STACK: unused 2624 usage 1472 / 4096 (35 %); CPU: 0 %
[16:42:38.229] [1;32muart:~$ [m[8D[J                     : Total CPU cycles used: 227528947
[16:42:38.230] [1;32muart:~$ [m[8D[J wifi                : STACK: unused 1456 usage 2128 / 3584 (59 %); CPU: 0 %
[16:42:38.231] [1;32muart:~$ [m[8D[J                     : Total CPU cycles used: 26666077253
[16:42:38.232] [1;32muart:~$ [m[8D[J sysworkq            : STACK: unused 3248 usage 848 / 4096 (20 %); CPU: 0 %
[16:42:38.232] [1;32muart:~$ [m[8D[J                     : Total CPU cycles used: 340447850
[16:42:38.233] [1;32muart:~$ [m[8D[J esp_timer           : STACK: unused 3472 usage 624 / 4096 (15 %); CPU: 0 %
[16:42:38.234] [1;32muart:~$ [m[8D[J                     : Total CPU cycles used: 1316715527
[16:42:38.234] [1;32muart:~$ [m[8D[J logging             : STACK: unused 544 usage 480 / 1024 (46 %); CPU: 0 %
[16:42:38.235] [1;32muart:~$ [m[8D[J                     : Total CPU cycles used: 33868694
[16:42:38.236] [1;32muart:~$ [m[8D[J idle                : STACK: unused 816 usage 208 / 1024 (20 %); CPU: 98 %
[16:42:38.237] [1;32muart:~$ [m[8D[J                     : Total CPU cycles used: 3461217617936
[16:42:38.237] [1;32muart:~$ [m[8D[J ISR0                : STACK: unused 1520 usage 528 / 2048 (25 %); CPU: 0 %
[16:42:38.238] [1;32muart:~$ [m[8D[J                     : Total CPU cycles used: 0
[16:42:38.239] [1;32muart:~$ [m[8D[J[1;32muart:~$ [m[8D[J[1;32muart:~$ [m[8D[JNETMEM up=14700s pktRX=38/40 pktTX=15/16 bufRX=158/160/m102 bufTX=79/80/m6 sysheap_free=11208 alloc=21380 max=24056
[16:42:39.324] [1;32muart:~$ [m[8D[J[04:05:00.932,000] [0m<inf> shtc3: SHTC3: temperature=22.23 C humidity=43.14 %[0m
[16:42:39.325] [1;32muart:~$ [m[8D[J[1;32muart:~$ [m[8D[JNETMEM up=14730s pktRX=38/40 pktTX=15/16 bufRX=158/160/m102 bufTX=79/80/m6 sysheap_free=11172 alloc=21416 max=24056
[16:43:09.324] [1;32muart:~$ [m[8D[J[1;32muart:~$ [m[8D[JNETMEM up=14760s pktRX=38/40 pktTX=15/16 bufRX=158/160/m102 bufTX=79/80/m6 sysheap_free=11208 alloc=21380 max=24056
[16:43:39.324] [1;32muart:~$ [m[8D[J[04:06:00.935,000] [0m<inf> shtc3: SHTC3: temperature=22.22 C humidity=42.83 %[0m
[16:43:39.325] [1;32muart:~$ [m[8D[J[1;32muart:~$ [m[8D[JNETMEM up=14790s pktRX=38/40 pktTX=15/16 bufRX=158/160/m102 bufTX=79/80/m6 sysheap_free=11208 alloc=21380 max=24056
[16:44:09.325] [1;32muart:~$ [m[8D[J[1;32muart:~$ [m[8D[JNETMEM up=14820s pktRX=38/40 pktTX=15/16 bufRX=158/160/m102 bufTX=79/80/m6 sysheap_free=11208 alloc=21380 max=24056
[16:44:39.326] [1;32muart:~$ [m[8D[J[04:07:00.938,000] [0m<inf> shtc3: SHTC3: temperature=22.10 C humidity=42.37 %[0m
[16:44:39.326] [1;32muart:~$ [m[8D[J[1;32muart:~$ [m[8D[JNETMEM up=14850s pktRX=38/40 pktTX=15/16 bufRX=158/160/m102 bufTX=79/80/m6 sysheap_free=11208 alloc=21380 max=24056
[16:45:09.326] [1;32muart:~$ [m[8D[J[1;32muart:~$ [m[8D[JNETMEM up=14880s pktRX=38/40 pktTX=15/16 bufRX=158/160/m102 bufTX=79/80/m6 sysheap_free=11208 alloc=21380 max=24056
[16:45:39.326] [1;32muart:~$ [m[8D[J[04:08:00.941,000] [0m<inf> shtc3: SHTC3: temperature=22.17 C humidity=42.40 %[0m
[16:45:39.327] [1;32muart:~$ [m[8D[J[1;32muart:~$ [m[8D[JNETMEM up=14910s pktRX=38/40 pktTX=15/16 bufRX=158/160/m102 bufTX=79/80/m6 sysheap_free=11208 alloc=21380 max=24056
[16:46:09.326] [1;32muart:~$ [m[8D[J[1;32muart:~$ [m[8D[JNETMEM up=14940s pktRX=38/40 pktTX=15/16 bufRX=158/160/m102 bufTX=79/80/m6 sysheap_free=11208 alloc=21380 max=24056
[16:46:39.327] [1;32muart:~$ [m[8D[J[04:09:00.944,000] [0m<inf> shtc3: SHTC3: temperature=22.24 C humidity=41.93 %[0m
[16:46:39.328] [1;32muart:~$ [m[8D[J[1;32muart:~$ [m[8D[JNETMEM up=14970s pktRX=38/40 pktTX=15/16 bufRX=158/160/m102 bufTX=79/80/m6 sysheap_free=11208 alloc=21380 max=24056
[16:47:09.327] [1;32muart:~$ [m[8D[J[1;32muart:~$ [m[8D[JThread analyze:
[16:47:38.207] [1;32muart:~$ [m[8D[J wdt_sentinel_tid    : STACK: unused 432 usage 336 / 768 (43 %); CPU: 0 %
[16:47:38.208] [1;32muart:~$ [m[8D[J                     : Total CPU cycles used: 111779822
[16:47:38.208] [1;32muart:~$ [m[8D[J thread_analyzer     : STACK: unused 112 usage 912 / 1024 (89 %); CPU: 0 %
[16:47:38.209] [1;32muart:~$ [m[8D[J                     : Total CPU cycles used: 32741016
[16:47:38.210] [1;32muart:~$ [m[8D[J sys_wdt_tid         : STACK: unused 704 usage 320 / 1024 (31 %); CPU: 0 %
[16:47:38.211] [1;32muart:~$ [m[8D[J                     : Total CPU cycles used: 20588111
[16:47:38.211] [1;32muart:~$ [m[8D[J shtc3_thread        : STACK: unused 1360 usage 688 / 2048 (33 %); CPU: 0 %
[16:47:38.212] [1;32muart:~$ [m[8D[J                     : Total CPU cycles used: 16812923
[16:47:38.213] [1;32muart:~$ [m[8D[J ntp_thread          : STACK: unused 2480 usage 1616 / 4096 (39 %); CPU: 0 %
[16:47:38.213] [1;32muart:~$ [m[8D[J                     : Total CPU cycles used: 7515381
[16:47:38.214] [1;32muart:~$ [m[8D[J netmem_tid          : STACK: unused 624 usage 656 / 1280 (51 %); CPU: 0 %
[16:47:38.215] [1;32muart:~$ [m[8D[J                     : Total CPU cycles used: 13028598
[16:47:38.215] [1;32muart:~$ [m[8D[J llss_thread         : STACK: unused 11584 usage 4800 / 16384 (29 %); CPU: 0 %
[16:47:38.216] [1;32muart:~$ [m[8D[J                     : Total CPU cycles used: 7835110806
[16:47:38.217] [1;32muart:~$ [m[8D[J input               : STACK: unused 560 usage 464 / 1024 (45 %); CPU: 0 %
[16:47:38.218] [1;32muart:~$ [m[8D[J                     : Total CPU cycles used: 72962
[16:47:38.218] [1;32muart:~$ [m[8D[J display_thread      : STACK: unused 8640 usage 3648 / 12288 (29 %); CPU: 0 %
[16:47:38.219] [1;32muart:~$ [m[8D[J                     : Total CPU cycles used: 400393757
[16:47:38.220] [1;32muart:~$ [m[8D[J device_ui_thread    : STACK: unused 4496 usage 3696 / 8192 (45 %); CPU: 0 %
[16:47:38.221] [1;32muart:~$ [m[8D[J                     : Total CPU cycles used: 25858575860
[16:47:38.221] [1;32muart:~$ [m[8D[J conn_mgr_monitor    : STACK: unused 176 usage 336 / 512 (65 %); CPU: 0 %
[16:47:38.222] [1;32muart:~$ [m[8D[J                     : Total CPU cycles used: 86568
[16:47:38.223] [1;32muart:~$ [m[8D[J net_socket_service  : STACK: unused 3344 usage 752 / 4096 (18 %); CPU: 0 %
[16:47:38.223] [1;32muart:~$ [m[8D[J                     : Total CPU cycles used: 4628779
[16:47:38.224] [1;32muart:~$ [m[8D[J rx_q[0]             : STACK: unused 528 usage 1520 / 2048 (74 %); CPU: 0 %
[16:47:38.225] [1;32muart:~$ [m[8D[J                     : Total CPU cycles used: 3516318006
[16:47:38.225] [1;32muart:~$ [m[8D[J net_mgmt            : STACK: unused 3424 usage 672 / 4096 (16 %); CPU: 0 %
[16:47:38.226] [1;32muart:~$ [m[8D[J                     : Total CPU cycles used: 6950901
[16:47:38.227] [1;32muart:~$ [m[8D[J tcp_work            : STACK: unused 1680 usage 368 / 2048 (17 %); CPU: 0 %
[16:47:38.228] [1;32muart:~$ [m[8D[J                     : Total CPU cycles used: 8802282
[16:47:38.228] [1;32muart:~$ [m[8D[J shell_uart          : STACK: unused 2624 usage 1472 / 4096 (35 %); CPU: 0 %
[16:47:38.229] [1;32muart:~$ [m[8D[J                     : Total CPU cycles used: 231405814
[16:47:38.230] [1;32muart:~$ [m[8D[J wifi                : STACK: unused 1456 usage 2128 / 3584 (59 %); CPU: 0 %
[16:47:38.231] [1;32muart:~$ [m[8D[J                     : Total CPU cycles used: 27185375003
[16:47:38.231] [1;32muart:~$ [m[8D[J sysworkq            : STACK: unused 3248 usage 848 / 4096 (20 %); CPU: 0 %
[16:47:38.232] [1;32muart:~$ [m[8D[J                     : Total CPU cycles used: 346715777
[16:47:38.233] [1;32muart:~$ [m[8D[J esp_timer           : STACK: unused 3472 usage 624 / 4096 (15 %); CPU: 0 %
[16:47:38.233] [1;32muart:~$ [m[8D[J                     : Total CPU cycles used: 1343113998
[16:47:38.234] [1;32muart:~$ [m[8D[J logging             : STACK: unused 544 usage 480 / 1024 (46 %); CPU: 0 %
[16:47:38.235] [1;32muart:~$ [m[8D[J                     : Total CPU cycles used: 34417606
[16:47:38.236] [1;32muart:~$ [m[8D[J idle                : STACK: unused 816 usage 208 / 1024 (20 %); CPU: 98 %
[16:47:38.236] [1;32muart:~$ [m[8D[J                     : Total CPU cycles used: 3531959628889
[16:47:38.237] [1;32muart:~$ [m[8D[J ISR0                : STACK: unused 1520 usage 528 / 2048 (25 %); CPU: 0 %
[16:47:38.238] [1;32muart:~$ [m[8D[J                     : Total CPU cycles used: 0
[16:47:38.238] [1;32muart:~$ [m[8D[J[1;32muart:~$ [m[8D[J[1;32muart:~$ [m[8D[JNETMEM up=15000s pktRX=38/40 pktTX=15/16 bufRX=158/160/m102 bufTX=79/80/m6 sysheap_free=11208 alloc=21380 max=24056
[16:47:39.327] [1;32muart:~$ [m[8D[J[04:10:00.947,000] [0m<inf> shtc3: SHTC3: temperature=22.24 C humidity=42.71 %[0m
[16:47:39.328] [1;32muart:~$ [m[8D[J[1;32muart:~$ [m[8D[JNETMEM up=15030s pktRX=38/40 pktTX=15/16 bufRX=158/160/m102 bufTX=79/80/m6 sysheap_free=11208 alloc=21380 max=24056
[16:48:09.327] [1;32muart:~$ [m[8D[J[1;32muart:~$ [m[8D[JNETMEM up=15060s pktRX=38/40 pktTX=15/16 bufRX=158/160/m102 bufTX=79/80/m6 sysheap_free=11208 alloc=21380 max=24056
[16:48:39.328] [1;32muart:~$ [m[8D[J[04:11:00.950,000] [0m<inf> shtc3: SHTC3: temperature=22.10 C humidity=42.68 %[0m
[16:48:39.329] [1;32muart:~$ [m[8D[J[1;32muart:~$ [m[8D[JNETMEM up=15090s pktRX=38/40 pktTX=15/16 bufRX=158/160/m102 bufTX=79/80/m6 sysheap_free=11208 alloc=21380 max=24056
[16:49:09.329] [1;32muart:~$ [m[8D[J[1;32muart:~$ [m[8D[JNETMEM up=15120s pktRX=38/40 pktTX=15/16 bufRX=158/160/m102 bufTX=79/80/m6 sysheap_free=11208 alloc=21380 max=24056
[16:49:39.329] [1;32muart:~$ [m[8D[J[04:12:00.953,000] [0m<inf> shtc3: SHTC3: temperature=22.20 C humidity=42.26 %[0m
[16:49:39.329] [1;32muart:~$ [m[8D[J[1;32muart:~$ [m[8D[JNETMEM up=15150s pktRX=38/40 pktTX=15/16 bufRX=158/160/m102 bufTX=79/80/m6 sysheap_free=11208 alloc=21380 max=24056
[16:50:09.329] [1;32muart:~$ [m[8D[J[1;32muart:~$ [m[8D[JNETMEM up=15180s pktRX=38/40 pktTX=15/16 bufRX=158/160/m102 bufTX=79/80/m6 sysheap_free=11208 alloc=21380 max=24056
[16:50:39.329] [1;32muart:~$ [m[8D[J[04:13:00.956,000] [0m<inf> shtc3: SHTC3: temperature=22.04 C humidity=42.44 %[0m
[16:50:39.330] [1;32muart:~$ [m[8D[J[1;32muart:~$ [m[8D[JNETMEM up=15210s pktRX=38/40 pktTX=15/16 bufRX=158/160/m102 bufTX=79/80/m6 sysheap_free=11208 alloc=21380 max=24056
[16:51:09.330] [1;32muart:~$ [m[8D[J[1;32muart:~$ [m[8D[J[04:13:33.730,000] [1;33m<wrn> llss_client: LLSS session socket error (rc=-116) — invalidating[0m
[16:51:12.596] [1;32muart:~$ [m[8D[J[04:13:33.746,000] [1;31m<err> llss_client: http_client_req /api/devices/dev_7380c1e5ca58/state?last_frame_id=frame_d818d09ce1ce: -116[0m
[16:51:12.597] [1;32muart:~$ [m[8D[J[04:13:33.746,000] [1;31m<err> llss: Poll error -116[0m
[16:51:12.597] [1;32muart:~$ [m[8D[J[04:13:33.746,000] [1;33m<wrn> net_watchdog: Server offline — soft reset in 60 s, would-reset in 300 s[0m
[16:51:12.599] [1;32muart:~$ [m[8D[J[1;32muart:~$ [m[8D[J[04:13:40.556,000] [0m<inf> net_watchdog: Connectivity restored after 6 s offline[0m
[16:51:19.422] [1;32muart:~$ [m[8D[J[1;32muart:~$ [m[8D[JNETMEM up=15240s pktRX=38/40 pktTX=15/16 bufRX=158/160/m102 bufTX=79/80/m6 sysheap_free=11208 alloc=21380 max=24056
[16:51:39.330] [1;32muart:~$ [m[8D[J[04:14:00.959,000] [0m<inf> shtc3: SHTC3: temperature=21.98 C humidity=42.64 %[0m
[16:51:39.331] [1;32muart:~$ [m[8D[J[1;32muart:~$ [m[8D[JNETMEM up=15270s pktRX=38/40 pktTX=15/16 bufRX=158/160/m102 bufTX=79/80/m6 sysheap_free=11208 alloc=21380 max=24056
[16:52:09.330] [1;32muart:~$ [m[8D[J[1;32muart:~$ [m[8D[JThread analyze:
[16:52:38.212] [1;32muart:~$ [m[8D[J wdt_sentinel_tid    : STACK: unused 432 usage 336 / 768 (43 %); CPU: 0 %
[16:52:38.212] [1;32muart:~$ [m[8D[J                     : Total CPU cycles used: 113985252
[16:52:38.213] [1;32muart:~$ [m[8D[J thread_analyzer     : STACK: unused 112 usage 912 / 1024 (89 %); CPU: 0 %
[16:52:38.214] [1;32muart:~$ [m[8D[J                     : Total CPU cycles used: 33389686
[16:52:38.214] [1;32muart:~$ [m[8D[J sys_wdt_tid         : STACK: unused 704 usage 320 / 1024 (31 %); CPU: 0 %
[16:52:38.215] [1;32muart:~$ [m[8D[J                     : Total CPU cycles used: 21062167
[16:52:38.216] [1;32muart:~$ [m[8D[J shtc3_thread        : STACK: unused 1360 usage 688 / 2048 (33 %); CPU: 0 %
[16:52:38.217] [1;32muart:~$ [m[8D[J                     : Total CPU cycles used: 17172230
[16:52:38.217] [1;32muart:~$ [m[8D[J ntp_thread          : STACK: unused 2480 usage 1616 / 4096 (39 %); CPU: 0 %
[16:52:38.218] [1;32muart:~$ [m[8D[J                     : Total CPU cycles used: 7515381
[16:52:38.219] [1;32muart:~$ [m[8D[J netmem_tid          : STACK: unused 624 usage 656 / 1280 (51 %); CPU: 0 %
[16:52:38.220] [1;32muart:~$ [m[8D[J                     : Total CPU cycles used: 13306365
[16:52:38.220] [1;32muart:~$ [m[8D[J llss_thread         : STACK: unused 11584 usage 4800 / 16384 (29 %); CPU: 0 %
[16:52:38.221] [1;32muart:~$ [m[8D[J                     : Total CPU cycles used: 7919104030
[16:52:38.222] [1;32muart:~$ [m[8D[J input               : STACK: unused 560 usage 464 / 1024 (45 %); CPU: 0 %
[16:52:38.222] [1;32muart:~$ [m[8D[J                     : Total CPU cycles used: 72962
[16:52:38.223] [1;32muart:~$ [m[8D[J display_thread      : STACK: unused 8640 usage 3648 / 12288 (29 %); CPU: 0 %
[16:52:38.224] [1;32muart:~$ [m[8D[J                     : Total CPU cycles used: 400393757
[16:52:38.224] [1;32muart:~$ [m[8D[J device_ui_thread    : STACK: unused 4496 usage 3696 / 8192 (45 %); CPU: 0 %
[16:52:38.225] [1;32muart:~$ [m[8D[J                     : Total CPU cycles used: 26407663233
[16:52:38.226] [1;32muart:~$ [m[8D[J conn_mgr_monitor    : STACK: unused 176 usage 336 / 512 (65 %); CPU: 0 %
[16:52:38.227] [1;32muart:~$ [m[8D[J                     : Total CPU cycles used: 86568
[16:52:38.227] [1;32muart:~$ [m[8D[J net_socket_service  : STACK: unused 3344 usage 752 / 4096 (18 %); CPU: 0 %
[16:52:38.228] [1;32muart:~$ [m[8D[J                     : Total CPU cycles used: 4628779
[16:52:38.229] [1;32muart:~$ [m[8D[J rx_q[0]             : STACK: unused 528 usage 1520 / 2048 (74 %); CPU: 0 %
[16:52:38.230] [1;32muart:~$ [m[8D[J                     : Total CPU cycles used: 3572218916
[16:52:38.230] [1;32muart:~$ [m[8D[J net_mgmt            : STACK: unused 3424 usage 672 / 4096 (16 %); CPU: 0 %
[16:52:38.231] [1;32muart:~$ [m[8D[J                     : Total CPU cycles used: 7094068
[16:52:38.232] [1;32muart:~$ [m[8D[J tcp_work            : STACK: unused 1680 usage 368 / 2048 (17 %); CPU: 0 %
[16:52:38.232] [1;32muart:~$ [m[8D[J                     : Total CPU cycles used: 8833692
[16:52:38.233] [1;32muart:~$ [m[8D[J shell_uart          : STACK: unused 2624 usage 1472 / 4096 (35 %); CPU: 0 %
[16:52:38.234] [1;32muart:~$ [m[8D[J                     : Total CPU cycles used: 235559881
[16:52:38.234] [1;32muart:~$ [m[8D[J wifi                : STACK: unused 1456 usage 2128 / 3584 (59 %); CPU: 0 %
[16:52:38.235] [1;32muart:~$ [m[8D[J                     : Total CPU cycles used: 27701066102
[16:52:38.236] [1;32muart:~$ [m[8D[J sysworkq            : STACK: unused 3248 usage 848 / 4096 (20 %); CPU: 0 %
[16:52:38.237] [1;32muart:~$ [m[8D[J                     : Total CPU cycles used: 353623487
[16:52:38.237] [1;32muart:~$ [m[8D[J esp_timer           : STACK: unused 3472 usage 624 / 4096 (15 %); CPU: 0 %
[16:52:38.238] [1;32muart:~$ [m[8D[J                     : Total CPU cycles used: 1369463097
[16:52:38.239] [1;32muart:~$ [m[8D[J logging             : STACK: unused 544 usage 480 / 1024 (46 %); CPU: 0 %
[16:52:38.240] [1;32muart:~$ [m[8D[J                     : Total CPU cycles used: 35009400
[16:52:38.240] [1;32muart:~$ [m[8D[J idle                : STACK: unused 816 usage 208 / 1024 (20 %); CPU: 98 %
[16:52:38.241] [1;32muart:~$ [m[8D[J                     : Total CPU cycles used: 3602697699150
[16:52:38.242] [1;32muart:~$ [m[8D[J ISR0                : STACK: unused 1520 usage 528 / 2048 (25 %); CPU: 0 %
[16:52:38.243] [1;32muart:~$ [m[8D[J                     : Total CPU cycles used: 0
[16:52:38.243] [1;32muart:~$ [m[8D[J[1;32muart:~$ [m[8D[J[1;32muart:~$ [m[8D[JNETMEM up=15300s pktRX=38/40 pktTX=15/16 bufRX=158/160/m102 bufTX=79/80/m6 sysheap_free=11208 alloc=21380 max=24056
[16:52:39.331] [1;32muart:~$ [m[8D[J[04:15:00.962,000] [0m<inf> shtc3: SHTC3: temperature=22.10 C humidity=42.69 %[0m
[16:52:39.331] [1;32muart:~$ [m[8D[J[1;32muart:~$ [m[8D[JNETMEM up=15330s pktRX=38/40 pktTX=15/16 bufRX=158/160/m102 bufTX=79/80/m6 sysheap_free=11172 alloc=21416 max=24056
[16:53:09.331] [1;32muart:~$ [m[8D[J[1;32muart:~$ [m[8D[JNETMEM up=15360s pktRX=38/40 pktTX=15/16 bufRX=158/160/m102 bufTX=79/80/m6 sysheap_free=11208 alloc=21380 max=24056
[16:53:39.332] [1;32muart:~$ [m[8D[J[04:16:00.965,000] [0m<inf> shtc3: SHTC3: temperature=21.99 C humidity=42.81 %[0m
[16:53:39.333] [1;32muart:~$ [m[8D[J[1;32muart:~$ [m[8D[JNETMEM up=15390s pktRX=38/40 pktTX=15/16 bufRX=158/160/m102 bufTX=79/80/m6 sysheap_free=11208 alloc=21380 max=24056
[16:54:09.332] [1;32muart:~$ [m[8D[J[1;32muart:~$ [m[8D[JNETMEM up=15420s pktRX=38/40 pktTX=15/16 bufRX=158/160/m102 bufTX=79/80/m6 sysheap_free=11208 alloc=21380 max=24056
[16:54:39.332] [1;32muart:~$ [m[8D[J[04:17:00.968,000] [0m<inf> shtc3: SHTC3: temperature=22.10 C humidity=42.74 %[0m
[16:54:39.333] [1;32muart:~$ [m[8D[J[1;32muart:~$ [m[8D[JNETMEM up=15450s pktRX=38/40 pktTX=15/16 bufRX=158/160/m102 bufTX=79/80/m6 sysheap_free=11208 alloc=21380 max=24056
[16:55:09.332] [1;32muart:~$ [m[8D[J[1;32muart:~$ [m[8D[JNETMEM up=15480s pktRX=38/40 pktTX=15/16 bufRX=158/160/m102 bufTX=79/80/m6 sysheap_free=11208 alloc=21380 max=24056
[16:55:39.333] [1;32muart:~$ [m[8D[J[04:18:00.971,000] [0m<inf> shtc3: SHTC3: temperature=22.10 C humidity=42.41 %[0m
[16:55:39.334] [1;32muart:~$ [m[8D[J[1;32muart:~$ [m[8D[JNETMEM up=15510s pktRX=38/40 pktTX=15/16 bufRX=158/160/m102 bufTX=79/80/m6 sysheap_free=11208 alloc=21380 max=24056
[16:56:09.333] [1;32muart:~$ [m[8D[J[1;32muart:~$ [m[8D[JNETMEM up=15540s pktRX=38/40 pktTX=15/16 bufRX=158/160/m102 bufTX=79/80/m6 sysheap_free=11208 alloc=21380 max=24056
[16:56:39.334] [1;32muart:~$ [m[8D[J[04:19:00.974,000] [0m<inf> shtc3: SHTC3: temperature=22.10 C humidity=43.24 %[0m
[16:56:39.335] [1;32muart:~$ [m[8D[J[1;32muart:~$ [m[8D[JNETMEM up=15570s pktRX=38/40 pktTX=15/16 bufRX=158/160/m102 bufTX=79/80/m6 sysheap_free=11208 alloc=21380 max=24056
[16:57:09.334] [1;32muart:~$ [m[8D[J[1;32muart:~$ [m[8D[JThread analyze:
[16:57:38.216] [1;32muart:~$ [m[8D[J wdt_sentinel_tid    : STACK: unused 432 usage 336 / 768 (43 %); CPU: 0 %
[16:57:38.216] [1;32muart:~$ [m[8D[J                     : Total CPU cycles used: 116187927
[16:57:38.217] [1;32muart:~$ [m[8D[J thread_analyzer     : STACK: unused 112 usage 912 / 1024 (89 %); CPU: 0 %
[16:57:38.218] [1;32muart:~$ [m[8D[J                     : Total CPU cycles used: 34041657
[16:57:38.218] [1;32muart:~$ [m[8D[J sys_wdt_tid         : STACK: unused 704 usage 320 / 1024 (31 %); CPU: 0 %
[16:57:38.219] [1;32muart:~$ [m[8D[J                     : Total CPU cycles used: 21534788
[16:57:38.220] [1;32muart:~$ [m[8D[J shtc3_thread        : STACK: unused 1360 usage 688 / 2048 (33 %); CPU: 0 %
[16:57:38.221] [1;32muart:~$ [m[8D[J                     : Total CPU cycles used: 17525356
[16:57:38.221] [1;32muart:~$ [m[8D[J ntp_thread          : STACK: unused 2480 usage 1616 / 4096 (39 %); CPU: 0 %
[16:57:38.222] [1;32muart:~$ [m[8D[J                     : Total CPU cycles used: 7515381
[16:57:38.223] [1;32muart:~$ [m[8D[J netmem_tid          : STACK: unused 624 usage 656 / 1280 (51 %); CPU: 0 %
[16:57:38.224] [1;32muart:~$ [m[8D[J                     : Total CPU cycles used: 13578935
[16:57:38.224] [1;32muart:~$ [m[8D[J llss_thread         : STACK: unused 11584 usage 4800 / 16384 (29 %); CPU: 0 %
[16:57:38.225] [1;32muart:~$ [m[8D[J                     : Total CPU cycles used: 7986294694
[16:57:38.226] [1;32muart:~$ [m[8D[J input               : STACK: unused 560 usage 464 / 1024 (45 %); CPU: 0 %
[16:57:38.226] [1;32muart:~$ [m[8D[J                     : Total CPU cycles used: 72962
[16:57:38.227] [1;32muart:~$ [m[8D[J display_thread      : STACK: unused 8640 usage 3648 / 12288 (29 %); CPU: 0 %
[16:57:38.228] [1;32muart:~$ [m[8D[J                     : Total CPU cycles used: 400393757
[16:57:38.229] [1;32muart:~$ [m[8D[J device_ui_thread    : STACK: unused 4480 usage 3712 / 8192 (45 %); CPU: 0 %
[16:57:38.230] [1;32muart:~$ [m[8D[J                     : Total CPU cycles used: 26956531374
[16:57:38.230] [1;32muart:~$ [m[8D[J conn_mgr_monitor    : STACK: unused 176 usage 336 / 512 (65 %); CPU: 0 %
[16:57:38.231] [1;32muart:~$ [m[8D[J                     : Total CPU cycles used: 86568
[16:57:38.231] [1;32muart:~$ [m[8D[J net_socket_service  : STACK: unused 3344 usage 752 / 4096 (18 %); CPU: 0 %
[16:57:38.232] [1;32muart:~$ [m[8D[J                     : Total CPU cycles used: 4628779
[16:57:38.233] [1;32muart:~$ [m[8D[J rx_q[0]             : STACK: unused 528 usage 1520 / 2048 (74 %); CPU: 0 %
[16:57:38.234] [1;32muart:~$ [m[8D[J                     : Total CPU cycles used: 3626330859
[16:57:38.234] [1;32muart:~$ [m[8D[J net_mgmt            : STACK: unused 3424 usage 672 / 4096 (16 %); CPU: 0 %
[16:57:38.235] [1;32muart:~$ [m[8D[J                     : Total CPU cycles used: 7218408
[16:57:38.236] [1;32muart:~$ [m[8D[J tcp_work            : STACK: unused 1680 usage 368 / 2048 (17 %); CPU: 0 %
[16:57:38.236] [1;32muart:~$ [m[8D[J                     : Total CPU cycles used: 8833692
[16:57:38.237] [1;32muart:~$ [m[8D[J shell_uart          : STACK: unused 2624 usage 1472 / 4096 (35 %); CPU: 0 %
[16:57:38.238] [1;32muart:~$ [m[8D[J                     : Total CPU cycles used: 239247735
[16:57:38.239] [1;32muart:~$ [m[8D[J wifi                : STACK: unused 1456 usage 2128 / 3584 (59 %); CPU: 0 %
[16:57:38.239] [1;32muart:~$ [m[8D[J                     : Total CPU cycles used: 28209426852
[16:57:38.240] [1;32muart:~$ [m[8D[J sysworkq            : STACK: unused 3248 usage 848 / 4096 (20 %); CPU: 0 %
[16:57:38.241] [1;32muart:~$ [m[8D[J                     : Total CPU cycles used: 360461526
[16:57:38.242] [1;32muart:~$ [m[8D[J esp_timer           : STACK: unused 3472 usage 624 / 4096 (15 %); CPU: 0 %
[16:57:38.242] [1;32muart:~$ [m[8D[J                     : Total CPU cycles used: 1395916059
[16:57:38.243] [1;32muart:~$ [m[8D[J logging             : STACK: unused 544 usage 480 / 1024 (46 %); CPU: 0 %
[16:57:38.244] [1;32muart:~$ [m[8D[J                     : Total CPU cycles used: 35521221
[16:57:38.244] [1;32muart:~$ [m[8D[J idle                : STACK: unused 816 usage 208 / 1024 (20 %); CPU: 98 %
[16:57:38.245] [1;32muart:~$ [m[8D[J                     : Total CPU cycles used: 3673462718226
[16:57:38.246] [1;32muart:~$ [m[8D[J ISR0                : STACK: unused 1520 usage 528 / 2048 (25 %); CPU: 0 %
[16:57:38.247] [1;32muart:~$ [m[8D[J                     : Total CPU cycles used: 0
[16:57:38.247] [1;32muart:~$ [m[8D[J[1;32muart:~$ [m[8D[J[1;32muart:~$ [m[8D[JNETMEM up=15600s pktRX=38/40 pktTX=15/16 bufRX=158/160/m102 bufTX=79/80/m6 sysheap_free=11208 alloc=21380 max=24056
[16:57:39.335] [1;32muart:~$ [m[8D[J[04:20:00.977,000] [0m<inf> shtc3: SHTC3: temperature=21.98 C humidity=43.07 %[0m
[16:57:39.335] [1;32muart:~$ [m[8D[J[1;32muart:~$ [m[8D[JNETMEM up=15630s pktRX=38/40 pktTX=15/16 bufRX=158/160/m102 bufTX=79/80/m6 sysheap_free=11208 alloc=21380 max=24056
[16:58:09.335] [1;32muart:~$ [m[8D[J[1;32muart:~$ [m[8D[JNETMEM up=15660s pktRX=38/40 pktTX=15/16 bufRX=158/160/m102 bufTX=79/80/m6 sysheap_free=11208 alloc=21380 max=24056
[16:58:39.335] [1;32muart:~$ [m[8D[J[04:21:00.980,000] [0m<inf> shtc3: SHTC3: temperature=22.10 C humidity=42.88 %[0m
[16:58:39.336] [1;32muart:~$ [m[8D[J[1;32muart:~$ [m[8D[JNETMEM up=15690s pktRX=38/40 pktTX=15/16 bufRX=158/160/m102 bufTX=79/80/m6 sysheap_free=11208 alloc=21380 max=24056
[16:59:09.335] [1;32muart:~$ [m[8D[J[1;32muart:~$ [m[8D[JNETMEM up=15720s pktRX=38/40 pktTX=15/16 bufRX=158/160/m102 bufTX=79/80/m6 sysheap_free=11172 alloc=21416 max=24056
[16:59:39.336] [1;32muart:~$ [m[8D[J[04:22:00.983,000] [0m<inf> shtc3: SHTC3: temperature=21.98 C humidity=42.86 %[0m
[16:59:39.337] [1;32muart:~$ [m[8D[J[1;32muart:~$ [m[8D[JNETMEM up=15750s pktRX=38/40 pktTX=15/16 bufRX=158/160/m102 bufTX=79/80/m6 sysheap_free=11208 alloc=21380 max=24056
[17:00:09.337] [1;32muart:~$ [m[8D[J[1;32muart:~$ [m[8D[JNETMEM up=15780s pktRX=38/40 pktTX=15/16 bufRX=158/160/m102 bufTX=79/80/m6 sysheap_free=11172 alloc=21416 max=24056
[17:00:39.337] [1;32muart:~$ [m[8D[J[04:23:00.986,000] [0m<inf> shtc3: SHTC3: temperature=21.92 C humidity=42.78 %[0m
[17:00:39.337] [1;32muart:~$ [m[8D[J[1;32muart:~$ [m[8D[JNETMEM up=15810s pktRX=38/40 pktTX=15/16 bufRX=158/160/m102 bufTX=79/80/m6 sysheap_free=11208 alloc=21380 max=24056
[17:01:09.337] [1;32muart:~$ [m[8D[J[1;32muart:~$ [m[8D[JNETMEM up=15840s pktRX=38/40 pktTX=15/16 bufRX=158/160/m102 bufTX=79/80/m6 sysheap_free=11208 alloc=21380 max=24056
[17:01:39.337] [1;32muart:~$ [m[8D[J[04:24:00.989,000] [0m<inf> shtc3: SHTC3: temperature=21.98 C humidity=42.81 %[0m
[17:01:39.338] [1;32muart:~$ [m[8D[J[1;32muart:~$ [m[8D[JNETMEM up=15870s pktRX=38/40 pktTX=15/16 bufRX=158/160/m102 bufTX=79/80/m6 sysheap_free=11208 alloc=21380 max=24056
[17:02:09.338] [1;32muart:~$ [m[8D[J[1;32muart:~$ [m[8D[J[04:24:32.364,000] [1;33m<wrn> llss_client: LLSS session socket error (rc=-116) — invalidating[0m
[17:02:11.233] [1;32muart:~$ [m[8D[J[04:24:32.380,000] [1;31m<err> llss_client: http_client_req /api/devices/dev_7380c1e5ca58/state?last_frame_id=frame_d818d09ce1ce: -116[0m
[17:02:11.235] [1;32muart:~$ [m[8D[J[04:24:32.380,000] [1;31m<err> llss: Poll error -116[0m
[17:02:11.236] [1;32muart:~$ [m[8D[J[04:24:32.381,000] [1;33m<wrn> net_watchdog: Server offline — soft reset in 60 s, would-reset in 300 s[0m
[17:02:11.236] [1;32muart:~$ [m[8D[J[1;32muart:~$ [m[8D[J[04:24:41.853,000] [0m<inf> net_watchdog: Connectivity restored after 9 s offline[0m
[17:02:20.723] [1;32muart:~$ [m[8D[J[1;32muart:~$ [m[8D[JThread analyze:
[17:02:38.221] [1;32muart:~$ [m[8D[J wdt_sentinel_tid    : STACK: unused 432 usage 336 / 768 (43 %); CPU: 0 %
[17:02:38.221] [1;32muart:~$ [m[8D[J                     : Total CPU cycles used: 118411039
[17:02:38.222] [1;32muart:~$ [m[8D[J thread_analyzer     : STACK: unused 112 usage 912 / 1024 (89 %); CPU: 0 %
[17:02:38.223] [1;32muart:~$ [m[8D[J                     : Total CPU cycles used: 34691009
[17:02:38.223] [1;32muart:~$ [m[8D[J sys_wdt_tid         : STACK: unused 704 usage 320 / 1024 (31 %); CPU: 0 %
[17:02:38.224] [1;32muart:~$ [m[8D[J                     : Total CPU cycles used: 22009550
[17:02:38.225] [1;32muart:~$ [m[8D[J shtc3_thread        : STACK: unused 1360 usage 688 / 2048 (33 %); CPU: 0 %
[17:02:38.225] [1;32muart:~$ [m[8D[J                     : Total CPU cycles used: 17885723
[17:02:38.226] [1;32muart:~$ [m[8D[J ntp_thread          : STACK: unused 2480 usage 1616 / 4096 (39 %); CPU: 0 %
[17:02:38.227] [1;32muart:~$ [m[8D[J                     : Total CPU cycles used: 7515381
[17:02:38.228] [1;32muart:~$ [m[8D[J netmem_tid          : STACK: unused 624 usage 656 / 1280 (51 %); CPU: 0 %
[17:02:38.228] [1;32muart:~$ [m[8D[J                     : Total CPU cycles used: 13847638
[17:02:38.229] [1;32muart:~$ [m[8D[J llss_thread         : STACK: unused 11584 usage 4800 / 16384 (29 %); CPU: 0 %
[17:02:38.230] [1;32muart:~$ [m[8D[J                     : Total CPU cycles used: 8080170029
[17:02:38.230] [1;32muart:~$ [m[8D[J input               : STACK: unused 560 usage 464 / 1024 (45 %); CPU: 0 %
[17:02:38.231] [1;32muart:~$ [m[8D[J                     : Total CPU cycles used: 72962
[17:02:38.232] [1;32muart:~$ [m[8D[J display_thread      : STACK: unused 8640 usage 3648 / 12288 (29 %); CPU: 0 %
[17:02:38.233] [1;32muart:~$ [m[8D[J                     : Total CPU cycles used: 400393757
[17:02:38.233] [1;32muart:~$ [m[8D[J device_ui_thread    : STACK: unused 4480 usage 3712 / 8192 (45 %); CPU: 0 %
[17:02:38.234] [1;32muart:~$ [m[8D[J                     : Total CPU cycles used: 27481125113
[17:02:38.235] [1;32muart:~$ [m[8D[J conn_mgr_monitor    : STACK: unused 176 usage 336 / 512 (65 %); CPU: 0 %
[17:02:38.236] [1;32muart:~$ [m[8D[J                     : Total CPU cycles used: 86568
[17:02:38.236] [1;32muart:~$ [m[8D[J net_socket_service  : STACK: unused 3344 usage 752 / 4096 (18 %); CPU: 0 %
[17:02:38.237] [1;32muart:~$ [m[8D[J                     : Total CPU cycles used: 4628779
[17:02:38.238] [1;32muart:~$ [m[8D[J rx_q[0]             : STACK: unused 528 usage 1520 / 2048 (74 %); CPU: 0 %
[17:02:38.238] [1;32muart:~$ [m[8D[J                     : Total CPU cycles used: 3685390479
[17:02:38.239] [1;32muart:~$ [m[8D[J net_mgmt            : STACK: unused 3424 usage 672 / 4096 (16 %); CPU: 0 %
[17:02:38.240] [1;32muart:~$ [m[8D[J                     : Total CPU cycles used: 7362958
[17:02:38.240] [1;32muart:~$ [m[8D[J tcp_work            : STACK: unused 1680 usage 368 / 2048 (17 %); CPU: 0 %
[17:02:38.241] [1;32muart:~$ [m[8D[J                     : Total CPU cycles used: 8866437
[17:02:38.242] [1;32muart:~$ [m[8D[J shell_uart          : STACK: unused 2624 usage 1472 / 4096 (35 %); CPU: 0 %
[17:02:38.243] [1;32muart:~$ [m[8D[J                     : Total CPU cycles used: 243392312
[17:02:38.243] [1;32muart:~$ [m[8D[J wifi                : STACK: unused 1456 usage 2128 / 3584 (59 %); CPU: 0 %
[17:02:38.244] [1;32muart:~$ [m[8D[J                     : Total CPU cycles used: 28729823441
[17:02:38.245] [1;32muart:~$ [m[8D[J sysworkq            : STACK: unused 3248 usage 848 / 4096 (20 %); CPU: 0 %
[17:02:38.246] [1;32muart:~$ [m[8D[J                     : Total CPU cycles used: 367419879
[17:02:38.246] [1;32muart:~$ [m[8D[J esp_timer           : STACK: unused 3472 usage 624 / 4096 (15 %); CPU: 0 %
[17:02:38.247] [1;32muart:~$ [m[8D[J                     : Total CPU cycles used: 1422896557
[17:02:38.248] [1;32muart:~$ [m[8D[J logging             : STACK: unused 544 usage 480 / 1024 (46 %); CPU: 0 %
[17:02:38.248] [1;32muart:~$ [m[8D[J                     : Total CPU cycles used: 36089502
[17:02:38.249] [1;32muart:~$ [m[8D[J idle                : STACK: unused 816 usage 208 / 1024 (20 %); CPU: 98 %
[17:02:38.250] [1;32muart:~$ [m[8D[J                     : Total CPU cycles used: 3744206280865
[17:02:38.251] [1;32muart:~$ [m[8D[J ISR0                : STACK: unused 1520 usage 528 / 2048 (25 %); CPU: 0 %
[17:02:38.252] [1;32muart:~$ [m[8D[J                     : Total CPU cycles used: 0
[17:02:38.252] [1;32muart:~$ [m[8D[J[1;32muart:~$ [m[8D[J[1;32muart:~$ [m[8D[JNETMEM up=15900s pktRX=38/40 pktTX=15/16 bufRX=158/160/m102 bufTX=79/80/m6 sysheap_free=11208 alloc=21380 max=24056
[17:02:39.338] [1;32muart:~$ [m[8D[J[04:25:00.992,000] [0m<inf> shtc3: SHTC3: temperature=21.92 C humidity=43.00 %[0m
[17:02:39.339] [1;32muart:~$ [m[8D[J[1;32muart:~$ [m[8D[JNETMEM up=15930s pktRX=38/40 pktTX=15/16 bufRX=158/160/m102 bufTX=79/80/m6 sysheap_free=11208 alloc=21380 max=24056
[17:03:09.339] [1;32muart:~$ [m[8D[J[1;32muart:~$ [m[8D[JNETMEM up=15960s pktRX=38/40 pktTX=15/16 bufRX=158/160/m102 bufTX=79/80/m6 sysheap_free=11208 alloc=21380 max=24056
[17:03:39.339] [1;32muart:~$ [m[8D[J[04:26:00.995,000] [0m<inf> shtc3: SHTC3: temperature=21.98 C humidity=43.23 %[0m
[17:03:39.339] [1;32muart:~$ [m[8D[J[1;32muart:~$ [m[8D[JNETMEM up=15990s pktRX=38/40 pktTX=15/16 bufRX=158/160/m102 bufTX=79/80/m6 sysheap_free=11208 alloc=21380 max=24056
[17:04:09.339] [1;32muart:~$ [m[8D[J[1;32muart:~$ [m[8D[JNETMEM up=16020s pktRX=38/40 pktTX=15/16 bufRX=158/160/m102 bufTX=79/80/m6 sysheap_free=11208 alloc=21380 max=24056
[17:04:39.340] [1;32muart:~$ [m[8D[J[04:27:00.998,000] [0m<inf> shtc3: SHTC3: temperature=21.66 C humidity=42.86 %[0m
[17:04:39.341] [1;32muart:~$ [m[8D[J[1;32muart:~$ [m[8D[JNETMEM up=16050s pktRX=38/40 pktTX=15/16 bufRX=158/160/m102 bufTX=79/80/m6 sysheap_free=11208 alloc=21380 max=24056
[17:05:09.340] [1;32muart:~$ [m[8D[J[1;32muart:~$ [m[8D[JNETMEM up=16080s pktRX=38/40 pktTX=15/16 bufRX=158/160/m102 bufTX=79/80/m6 sysheap_free=11208 alloc=21380 max=24056
[17:05:39.340] [1;32muart:~$ [m[8D[J[04:28:01.001,000] [0m<inf> shtc3: SHTC3: temperature=21.85 C humidity=43.20 %[0m
[17:05:39.341] [1;32muart:~$ [m[8D[J[1;32muart:~$ [m[8D[JNETMEM up=16110s pktRX=38/40 pktTX=15/16 bufRX=158/160/m102 bufTX=79/80/m6 sysheap_free=11208 alloc=21380 max=24056
[17:06:09.341] [1;32muart:~$ [m[8D[J[1;32muart:~$ [m[8D[JNETMEM up=16140s pktRX=38/40 pktTX=15/16 bufRX=158/160/m102 bufTX=79/80/m6 sysheap_free=11208 alloc=21380 max=24056
[17:06:39.341] [1;32muart:~$ [m[8D[J[04:29:01.004,000] [0m<inf> shtc3: SHTC3: temperature=21.77 C humidity=43.09 %[0m
[17:06:39.342] [1;32muart:~$ [m[8D[J[1;32muart:~$ [m[8D[JNETMEM up=16170s pktRX=38/40 pktTX=15/16 bufRX=158/160/m102 bufTX=79/80/m6 sysheap_free=11208 alloc=21380 max=24056
[17:07:09.342] [1;32muart:~$ [m[8D[J[1;32muart:~$ [m[8D[JThread analyze:
[17:07:38.225] [1;32muart:~$ [m[8D[J wdt_sentinel_tid    : STACK: unused 432 usage 336 / 768 (43 %); CPU: 0 %
[17:07:38.226] [1;32muart:~$ [m[8D[J                     : Total CPU cycles used: 120626881
[17:07:38.226] [1;32muart:~$ [m[8D[J thread_analyzer     : STACK: unused 112 usage 912 / 1024 (89 %); CPU: 0 %
[17:07:38.227] [1;32muart:~$ [m[8D[J                     : Total CPU cycles used: 35340368
[17:07:38.228] [1;32muart:~$ [m[8D[J sys_wdt_tid         : STACK: unused 704 usage 320 / 1024 (31 %); CPU: 0 %
[17:07:38.228] [1;32muart:~$ [m[8D[J                     : Total CPU cycles used: 22468419
[17:07:38.229] [1;32muart:~$ [m[8D[J shtc3_thread        : STACK: unused 1360 usage 688 / 2048 (33 %); CPU: 0 %
[17:07:38.230] [1;32muart:~$ [m[8D[J                     : Total CPU cycles used: 18249375
[17:07:38.231] [1;32muart:~$ [m[8D[J ntp_thread          : STACK: unused 2480 usage 1616 / 4096 (39 %); CPU: 0 %
[17:07:38.231] [1;32muart:~$ [m[8D[J                     : Total CPU cycles used: 7515381
[17:07:38.232] [1;32muart:~$ [m[8D[J netmem_tid          : STACK: unused 624 usage 656 / 1280 (51 %); CPU: 0 %
[17:07:38.233] [1;32muart:~$ [m[8D[J                     : Total CPU cycles used: 14113602
[17:07:38.233] [1;32muart:~$ [m[8D[J llss_thread         : STACK: unused 11584 usage 4800 / 16384 (29 %); CPU: 0 %
[17:07:38.234] [1;32muart:~$ [m[8D[J                     : Total CPU cycles used: 8158030759
[17:07:38.235] [1;32muart:~$ [m[8D[J input               : STACK: unused 560 usage 464 / 1024 (45 %); CPU: 0 %
[17:07:38.236] [1;32muart:~$ [m[8D[J                     : Total CPU cycles used: 72962
[17:07:38.236] [1;32muart:~$ [m[8D[J display_thread      : STACK: unused 8640 usage 3648 / 12288 (29 %); CPU: 0 %
[17:07:38.237] [1;32muart:~$ [m[8D[J                     : Total CPU cycles used: 400393757
[17:07:38.238] [1;32muart:~$ [m[8D[J device_ui_thread    : STACK: unused 4480 usage 3712 / 8192 (45 %); CPU: 0 %
[17:07:38.239] [1;32muart:~$ [m[8D[J                     : Total CPU cycles used: 28031215555
[17:07:38.239] [1;32muart:~$ [m[8D[J conn_mgr_monitor    : STACK: unused 176 usage 336 / 512 (65 %); CPU: 0 %
[17:07:38.240] [1;32muart:~$ [m[8D[J                     : Total CPU cycles used: 86568
[17:07:38.241] [1;32muart:~$ [m[8D[J net_socket_service  : STACK: unused 3344 usage 752 / 4096 (18 %); CPU: 0 %
[17:07:38.241] [1;32muart:~$ [m[8D[J                     : Total CPU cycles used: 4628779
[17:07:38.242] [1;32muart:~$ [m[8D[J rx_q[0]             : STACK: unused 528 usage 1520 / 2048 (74 %); CPU: 0 %
[17:07:38.243] [1;32muart:~$ [m[8D[J                     : Total CPU cycles used: 3742658949
[17:07:38.243] [1;32muart:~$ [m[8D[J net_mgmt            : STACK: unused 3424 usage 672 / 4096 (16 %); CPU: 0 %
[17:07:38.244] [1;32muart:~$ [m[8D[J                     : Total CPU cycles used: 7498267
[17:07:38.245] [1;32muart:~$ [m[8D[J tcp_work            : STACK: unused 1680 usage 368 / 2048 (17 %); CPU: 0 %
[17:07:38.246] [1;32muart:~$ [m[8D[J                     : Total CPU cycles used: 8866437
[17:07:38.246] [1;32muart:~$ [m[8D[J shell_uart          : STACK: unused 2624 usage 1472 / 4096 (35 %); CPU: 0 %
[17:07:38.247] [1;32muart:~$ [m[8D[J                     : Total CPU cycles used: 247114802
[17:07:38.248] [1;32muart:~$ [m[8D[J wifi                : STACK: unused 1456 usage 2128 / 3584 (59 %); CPU: 0 %
[17:07:38.249] [1;32muart:~$ [m[8D[J                     : Total CPU cycles used: 29253085952
[17:07:38.249] [1;32muart:~$ [m[8D[J sysworkq            : STACK: unused 3248 usage 848 / 4096 (20 %); CPU: 0 %
[17:07:38.250] [1;32muart:~$ [m[8D[J                     : Total CPU cycles used: 374378064
[17:07:38.251] [1;32muart:~$ [m[8D[J esp_timer           : STACK: unused 3472 usage 624 / 4096 (15 %); CPU: 0 %
[17:07:38.251] [1;32muart:~$ [m[8D[J                     : Total CPU cycles used: 1450063488
[17:07:38.252] [1;32muart:~$ [m[8D[J logging             : STACK: unused 544 usage 480 / 1024 (46 %); CPU: 0 %
[17:07:38.253] [1;32muart:~$ [m[8D[J                     : Total CPU cycles used: 36585952
[17:07:38.253] [1;32muart:~$ [m[8D[J idle                : STACK: unused 816 usage 208 / 1024 (20 %); CPU: 98 %
[17:07:38.254] [1;32muart:~$ [m[8D[J                     : Total CPU cycles used: 3814940180516
[17:07:38.255] [1;32muart:~$ [m[8D[J ISR0                : STACK: unused 1520 usage 528 / 2048 (25 %); CPU: 0 %
[17:07:38.256] [1;32muart:~$ [m[8D[J                     : Total CPU cycles used: 0
[17:07:38.256] [1;32muart:~$ [m[8D[J[1;32muart:~$ [m[8D[J[1;32muart:~$ [m[8D[JNETMEM up=16200s pktRX=38/40 pktTX=15/16 bufRX=158/160/m102 bufTX=79/80/m6 sysheap_free=11208 alloc=21380 max=24056
[17:07:39.342] [1;32muart:~$ [m[8D[J[04:30:01.007,000] [0m<inf> shtc3: SHTC3: temperature=21.98 C humidity=42.94 %[0m
[17:07:39.343] [1;32muart:~$ [m[8D[J[1;32muart:~$ [m[8D[JNETMEM up=16230s pktRX=38/40 pktTX=15/16 bufRX=158/160/m102 bufTX=79/80/m6 sysheap_free=11208 alloc=21380 max=24056
[17:08:09.342] [1;32muart:~$ [m[8D[J[1;32muart:~$ [m[8D[JNETMEM up=16260s pktRX=38/40 pktTX=15/16 bufRX=158/160/m102 bufTX=79/80/m6 sysheap_free=11208 alloc=21380 max=24056
[17:08:39.343] [1;32muart:~$ [m[8D[J[04:31:01.010,000] [0m<inf> shtc3: SHTC3: temperature=21.87 C humidity=43.20 %[0m
[17:08:39.343] [1;32muart:~$ [m[8D[J[1;32muart:~$ [m[8D[JNETMEM up=16290s pktRX=38/40 pktTX=15/16 bufRX=158/160/m102 bufTX=79/80/m6 sysheap_free=11208 alloc=21380 max=24056
[17:09:09.343] [1;32muart:~$ [m[8D[J[1;32muart:~$ [m[8D[JNETMEM up=16320s pktRX=38/40 pktTX=15/16 bufRX=158/160/m102 bufTX=79/80/m6 sysheap_free=11208 alloc=21380 max=24056
[17:09:39.343] [1;32muart:~$ [m[8D[J[04:32:01.013,000] [0m<inf> shtc3: SHTC3: temperature=21.98 C humidity=43.43 %[0m
[17:09:39.344] [1;32muart:~$ [m[8D[J[1;32muart:~$ [m[8D[JNETMEM up=16350s pktRX=38/40 pktTX=15/16 bufRX=158/160/m102 bufTX=79/80/m6 sysheap_free=11208 alloc=21380 max=24056
[17:10:09.344] [1;32muart:~$ [m[8D[J[1;32muart:~$ [m[8D[JNETMEM up=16380s pktRX=38/40 pktTX=15/16 bufRX=158/160/m102 bufTX=79/80/m6 sysheap_free=11208 alloc=21380 max=24056
[17:10:39.344] [1;32muart:~$ [m[8D[J[04:33:01.016,000] [0m<inf> shtc3: SHTC3: temperature=21.98 C humidity=43.11 %[0m
[17:10:39.345] [1;32muart:~$ [m[8D[J[1;32muart:~$ [m[8D[JNETMEM up=16410s pktRX=38/40 pktTX=15/16 bufRX=158/160/m102 bufTX=79/80/m6 sysheap_free=11208 alloc=21380 max=24056
[17:11:09.345] [1;32muart:~$ [m[8D[J[1;32muart:~$ [m[8D[JNETMEM up=16440s pktRX=38/40 pktTX=15/16 bufRX=158/160/m102 bufTX=79/80/m6 sysheap_free=11208 alloc=21380 max=24056
[17:11:39.345] [1;32muart:~$ [m[8D[J[04:34:01.019,000] [0m<inf> shtc3: SHTC3: temperature=21.98 C humidity=43.17 %[0m
[17:11:39.345] [1;32muart:~$ [m[8D[J[1;32muart:~$ [m[8D[JNETMEM up=16470s pktRX=38/40 pktTX=15/16 bufRX=158/160/m102 bufTX=79/80/m6 sysheap_free=11208 alloc=21380 max=24056
[17:12:09.346] [1;32muart:~$ [m[8D[J[1;32muart:~$ [m[8D[JThread analyze:
[17:12:38.230] [1;32muart:~$ [m[8D[J wdt_sentinel_tid    : STACK: unused 432 usage 336 / 768 (43 %); CPU: 0 %
[17:12:38.230] [1;32muart:~$ [m[8D[J                     : Total CPU cycles used: 122872606
[17:12:38.231] [1;32muart:~$ [m[8D[J thread_analyzer     : STACK: unused 112 usage 912 / 1024 (89 %); CPU: 0 %
[17:12:38.232] [1;32muart:~$ [m[8D[J                     : Total CPU cycles used: 35989348
[17:12:38.232] [1;32muart:~$ [m[8D[J sys_wdt_tid         : STACK: unused 704 usage 320 / 1024 (31 %); CPU: 0 %
[17:12:38.233] [1;32muart:~$ [m[8D[J                     : Total CPU cycles used: 22891954
[17:12:38.234] [1;32muart:~$ [m[8D[J shtc3_thread        : STACK: unused 1360 usage 688 / 2048 (33 %); CPU: 0 %
[17:12:38.235] [1;32muart:~$ [m[8D[J                     : Total CPU cycles used: 18612782
[17:12:38.235] [1;32muart:~$ [m[8D[J ntp_thread          : STACK: unused 2480 usage 1616 / 4096 (39 %); CPU: 0 %
[17:12:38.236] [1;32muart:~$ [m[8D[J                     : Total CPU cycles used: 7515381
[17:12:38.237] [1;32muart:~$ [m[8D[J netmem_tid          : STACK: unused 624 usage 656 / 1280 (51 %); CPU: 0 %
[17:12:38.237] [1;32muart:~$ [m[8D[J                     : Total CPU cycles used: 14378819
[17:12:38.238] [1;32muart:~$ [m[8D[J llss_thread         : STACK: unused 11584 usage 4800 / 16384 (29 %); CPU: 0 %
[17:12:38.239] [1;32muart:~$ [m[8D[J                     : Total CPU cycles used: 8224614682
[17:12:38.239] [1;32muart:~$ [m[8D[J input               : STACK: unused 560 usage 464 / 1024 (45 %); CPU: 0 %
[17:12:38.240] [1;32muart:~$ [m[8D[J                     : Total CPU cycles used: 72962
[17:12:38.241] [1;32muart:~$ [m[8D[J display_thread      : STACK: unused 8640 usage 3648 / 12288 (29 %); CPU: 0 %
[17:12:38.242] [1;32muart:~$ [m[8D[J                     : Total CPU cycles used: 400393757
[17:12:38.242] [1;32muart:~$ [m[8D[J device_ui_thread    : STACK: unused 4480 usage 3712 / 8192 (45 %); CPU: 0 %
[17:12:38.243] [1;32muart:~$ [m[8D[J                     : Total CPU cycles used: 28574187182
[17:12:38.244] [1;32muart:~$ [m[8D[J conn_mgr_monitor    : STACK: unused 176 usage 336 / 512 (65 %); CPU: 0 %
[17:12:38.245] [1;32muart:~$ [m[8D[J                     : Total CPU cycles used: 86568
[17:12:38.245] [1;32muart:~$ [m[8D[J net_socket_service  : STACK: unused 3344 usage 752 / 4096 (18 %); CPU: 0 %
[17:12:38.246] [1;32muart:~$ [m[8D[J                     : Total CPU cycles used: 4628779
[17:12:38.247] [1;32muart:~$ [m[8D[J rx_q[0]             : STACK: unused 528 usage 1520 / 2048 (74 %); CPU: 0 %
[17:12:38.247] [1;32muart:~$ [m[8D[J                     : Total CPU cycles used: 3799758980
[17:12:38.248] [1;32muart:~$ [m[8D[J net_mgmt            : STACK: unused 3424 usage 672 / 4096 (16 %); CPU: 0 %
[17:12:38.249] [1;32muart:~$ [m[8D[J                     : Total CPU cycles used: 7663844
[17:12:38.249] [1;32muart:~$ [m[8D[J tcp_work            : STACK: unused 1680 usage 368 / 2048 (17 %); CPU: 0 %
[17:12:38.251] [1;32muart:~$ [m[8D[J                     : Total CPU cycles used: 8866437
[17:12:38.251] [1;32muart:~$ [m[8D[J shell_uart          : STACK: unused 2624 usage 1472 / 4096 (35 %); CPU: 0 %
[17:12:38.252] [1;32muart:~$ [m[8D[J                     : Total CPU cycles used: 250813008
[17:12:38.252] [1;32muart:~$ [m[8D[J wifi                : STACK: unused 1456 usage 2128 / 3584 (59 %); CPU: 0 %
[17:12:38.253] [1;32muart:~$ [m[8D[J                     : Total CPU cycles used: 29767149394
[17:12:38.254] [1;32muart:~$ [m[8D[J sysworkq            : STACK: unused 3248 usage 848 / 4096 (20 %); CPU: 0 %
[17:12:38.255] [1;32muart:~$ [m[8D[J                     : Total CPU cycles used: 381229544
[17:12:38.255] [1;32muart:~$ [m[8D[J esp_timer           : STACK: unused 3472 usage 624 / 4096 (15 %); CPU: 0 %
[17:12:38.256] [1;32muart:~$ [m[8D[J                     : Total CPU cycles used: 1476728972
[17:12:38.257] [1;32muart:~$ [m[8D[J logging             : STACK: unused 544 usage 480 / 1024 (46 %); CPU: 0 %
[17:12:38.257] [1;32muart:~$ [m[8D[J                     : Total CPU cycles used: 37097834
[17:12:38.258] [1;32muart:~$ [m[8D[J idle                : STACK: unused 816 usage 208 / 1024 (20 %); CPU: 98 %
[17:12:38.259] [1;32muart:~$ [m[8D[J                     : Total CPU cycles used: 3885702698358
[17:12:38.260] [1;32muart:~$ [m[8D[J ISR0                : STACK: unused 1520 usage 528 / 2048 (25 %); CPU: 0 %
[17:12:38.260] [1;32muart:~$ [m[8D[J                     : Total CPU cycles used: 0
[17:12:38.261] [1;32muart:~$ [m[8D[J[1;32muart:~$ [m[8D[J[1;32muart:~$ [m[8D[JNETMEM up=16500s pktRX=38/40 pktTX=15/16 bufRX=158/160/m102 bufTX=79/80/m6 sysheap_free=11208 alloc=21380 max=24056
[17:12:39.345] [1;32muart:~$ [m[8D[J[04:35:01.022,000] [0m<inf> shtc3: SHTC3: temperature=21.98 C humidity=43.14 %[0m
[17:12:39.346] [1;32muart:~$ [m[8D[J[1;32muart:~$ [m[8D[JNETMEM up=16530s pktRX=38/40 pktTX=15/16 bufRX=158/160/m102 bufTX=79/80/m6 sysheap_free=11208 alloc=21380 max=24056
[17:13:09.346] [1;32muart:~$ [m[8D[J[1;32muart:~$ [m[8D[JNETMEM up=16560s pktRX=38/40 pktTX=15/16 bufRX=158/160/m102 bufTX=79/80/m6 sysheap_free=11208 alloc=21380 max=24056
[17:13:39.346] [1;32muart:~$ [m[8D[J[04:36:01.025,000] [0m<inf> shtc3: SHTC3: temperature=21.98 C humidity=43.63 %[0m
[17:13:39.347] [1;32muart:~$ [m[8D[J[1;32muart:~$ [m[8D[JNETMEM up=16590s pktRX=38/40 pktTX=15/16 bufRX=158/160/m102 bufTX=79/80/m6 sysheap_free=11208 alloc=21380 max=24056
[17:14:09.347] [1;32muart:~$ [m[8D[J[1;32muart:~$ [m[8D[JNETMEM up=16620s pktRX=38/40 pktTX=15/16 bufRX=158/160/m102 bufTX=79/80/m6 sysheap_free=11208 alloc=21380 max=24056
[17:14:39.347] [1;32muart:~$ [m[8D[J[04:37:01.028,000] [0m<inf> shtc3: SHTC3: temperature=21.73 C humidity=43.93 %[0m
[17:14:39.348] [1;32muart:~$ [m[8D[J[1;32muart:~$ [m[8D[JNETMEM up=16650s pktRX=38/40 pktTX=15/16 bufRX=158/160/m102 bufTX=79/80/m6 sysheap_free=11208 alloc=21380 max=24056
[17:15:09.348] [1;32muart:~$ [m[8D[J[1;32muart:~$ [m[8D[JNETMEM up=16680s pktRX=38/40 pktTX=15/16 bufRX=158/160/m102 bufTX=79/80/m6 sysheap_free=11208 alloc=21380 max=24056
[17:15:39.348] [1;32muart:~$ [m[8D[J[04:38:01.031,000] [0m<inf> shtc3: SHTC3: temperature=21.85 C humidity=43.68 %[0m
[17:15:39.349] [1;32muart:~$ [m[8D[J[1;32muart:~$ [m[8D[JNETMEM up=16710s pktRX=38/40 pktTX=15/16 bufRX=158/160/m102 bufTX=79/80/m6 sysheap_free=11208 alloc=21380 max=24056
[17:16:09.348] [1;32muart:~$ [m[8D[J[1;32muart:~$ [m[8D[JNETMEM up=16740s pktRX=38/40 pktTX=15/16 bufRX=158/160/m102 bufTX=79/80/m6 sysheap_free=11208 alloc=21380 max=24056
[17:16:39.349] [1;32muart:~$ [m[8D[J[04:39:01.034,000] [0m<inf> shtc3: SHTC3: temperature=21.99 C humidity=43.96 %[0m
[17:16:39.349] [1;32muart:~$ [m[8D[J[1;32muart:~$ [m[8D[JNETMEM up=16770s pktRX=38/40 pktTX=15/16 bufRX=158/160/m102 bufTX=79/80/m6 sysheap_free=11208 alloc=21380 max=24056
[17:17:09.349] [1;32muart:~$ [m[8D[J[1;32muart:~$ [m[8D[JThread analyze:
[17:17:38.235] [1;32muart:~$ [m[8D[J wdt_sentinel_tid    : STACK: unused 432 usage 336 / 768 (43 %); CPU: 0 %
[17:17:38.235] [1;32muart:~$ [m[8D[J                     : Total CPU cycles used: 125107868
[17:17:38.236] [1;32muart:~$ [m[8D[J thread_analyzer     : STACK: unused 112 usage 912 / 1024 (89 %); CPU: 0 %
[17:17:38.237] [1;32muart:~$ [m[8D[J                     : Total CPU cycles used: 36638595
[17:17:38.237] [1;32muart:~$ [m[8D[J sys_wdt_tid         : STACK: unused 704 usage 320 / 1024 (31 %); CPU: 0 %
[17:17:38.238] [1;32muart:~$ [m[8D[J                     : Total CPU cycles used: 23292285
[17:17:38.239] [1;32muart:~$ [m[8D[J shtc3_thread        : STACK: unused 1360 usage 688 / 2048 (33 %); CPU: 0 %
[17:17:38.239] [1;32muart:~$ [m[8D[J                     : Total CPU cycles used: 18978291
[17:17:38.240] [1;32muart:~$ [m[8D[J ntp_thread          : STACK: unused 2480 usage 1616 / 4096 (39 %); CPU: 0 %
[17:17:38.241] [1;32muart:~$ [m[8D[J                     : Total CPU cycles used: 7515381
[17:17:38.242] [1;32muart:~$ [m[8D[J netmem_tid          : STACK: unused 624 usage 656 / 1280 (51 %); CPU: 0 %
[17:17:38.243] [1;32muart:~$ [m[8D[J                     : Total CPU cycles used: 14646535
[17:17:38.243] [1;32muart:~$ [m[8D[J llss_thread         : STACK: unused 11584 usage 4800 / 16384 (29 %); CPU: 0 %
[17:17:38.244] [1;32muart:~$ [m[8D[J                     : Total CPU cycles used: 8299261329
[17:17:38.246] [1;32muart:~$ [m[8D[J input               : STACK: unused 560 usage 464 / 1024 (45 %); CPU: 0 %
[17:17:38.247] [1;32muart:~$ [m[8D[J                     : Total CPU cycles used: 72962
[17:17:38.247] [1;32muart:~$ [m[8D[J display_thread      : STACK: unused 8640 usage 3648 / 12288 (29 %); CPU: 0 %
[17:17:38.249] [1;32muart:~$ [m[8D[J                     : Total CPU cycles used: 400393757
[17:17:38.249] [1;32muart:~$ [m[8D[J device_ui_thread    : STACK: unused 4480 usage 3712 / 8192 (45 %); CPU: 0 %
[17:17:38.250] [1;32muart:~$ [m[8D[J                     : Total CPU cycles used: 29114233524
[17:17:38.250] [1;32muart:~$ [m[8D[J conn_mgr_monitor    : STACK: unused 176 usage 336 / 512 (65 %); CPU: 0 %
[17:17:38.251] [1;32muart:~$ [m[8D[J                     : Total CPU cycles used: 86568
[17:17:38.252] [1;32muart:~$ [m[8D[J net_socket_service  : STACK: unused 3344 usage 752 / 4096 (18 %); CPU: 0 %
[17:17:38.253] [1;32muart:~$ [m[8D[J                     : Total CPU cycles used: 4628779
[17:17:38.253] [1;32muart:~$ [m[8D[J rx_q[0]             : STACK: unused 528 usage 1520 / 2048 (74 %); CPU: 0 %
[17:17:38.254] [1;32muart:~$ [m[8D[J                     : Total CPU cycles used: 3856944994
[17:17:38.255] [1;32muart:~$ [m[8D[J net_mgmt            : STACK: unused 3424 usage 672 / 4096 (16 %); CPU: 0 %
[17:17:38.255] [1;32muart:~$ [m[8D[J                     : Total CPU cycles used: 7802812
[17:17:38.256] [1;32muart:~$ [m[8D[J tcp_work            : STACK: unused 1680 usage 368 / 2048 (17 %); CPU: 0 %
[17:17:38.257] [1;32muart:~$ [m[8D[J                     : Total CPU cycles used: 8866437
[17:17:38.257] [1;32muart:~$ [m[8D[J shell_uart          : STACK: unused 2624 usage 1472 / 4096 (35 %); CPU: 0 %
[17:17:38.258] [1;32muart:~$ [m[8D[J                     : Total CPU cycles used: 254509480
[17:17:38.259] [1;32muart:~$ [m[8D[J wifi                : STACK: unused 1456 usage 2128 / 3584 (59 %); CPU: 0 %
[17:17:38.260] [1;32muart:~$ [m[8D[J                     : Total CPU cycles used: 30283035955
[17:17:38.260] [1;32muart:~$ [m[8D[J sysworkq            : STACK: unused 3248 usage 848 / 4096 (20 %); CPU: 0 %
[17:17:38.261] [1;32muart:~$ [m[8D[J                     : Total CPU cycles used: 387473539
[17:17:38.262] [1;32muart:~$ [m[8D[J esp_timer           : STACK: unused 3472 usage 624 / 4096 (15 %); CPU: 0 %
[17:17:38.263] [1;32muart:~$ [m[8D[J                     : Total CPU cycles used: 1503277995
[17:17:38.263] [1;32muart:~$ [m[8D[J logging             : STACK: unused 544 usage 480 / 1024 (46 %); CPU: 0 %
[17:17:38.264] [1;32muart:~$ [m[8D[J                     : Total CPU cycles used: 37604991
[17:17:38.265] [1;32muart:~$ [m[8D[J idle                : STACK: unused 816 usage 208 / 1024 (20 %); CPU: 98 %
[17:17:38.265] [1;32muart:~$ [m[8D[J                     : Total CPU cycles used: 3956458950613
[17:17:38.266] [1;32muart:~$ [m[8D[J ISR0                : STACK: unused 1520 usage 528 / 2048 (25 %); CPU: 0 %
[17:17:38.267] [1;32muart:~$ [m[8D[J                     : Total CPU cycles used: 0
[17:17:38.267] [1;32muart:~$ [m[8D[J[1;32muart:~$ [m[8D[J[1;32muart:~$ [m[8D[JNETMEM up=16800s pktRX=38/40 pktTX=15/16 bufRX=158/160/m102 bufTX=79/80/m6 sysheap_free=11208 alloc=21380 max=24056
[17:17:39.349] [1;32muart:~$ [m[8D[J[04:40:01.037,000] [0m<inf> shtc3: SHTC3: temperature=21.98 C humidity=43.93 %[0m
[17:17:39.350] [1;32muart:~$ [m[8D[J[1;32muart:~$ [m[8D[JNETMEM up=16830s pktRX=38/40 pktTX=15/16 bufRX=158/160/m102 bufTX=79/80/m6 sysheap_free=11172 alloc=21416 max=24056
[17:18:09.350] [1;32muart:~$ [m[8D[J[1;32muart:~$ [m[8D[JNETMEM up=16860s pktRX=38/40 pktTX=15/16 bufRX=158/160/m102 bufTX=79/80/m6 sysheap_free=11208 alloc=21380 max=24056
[17:18:39.350] [1;32muart:~$ [m[8D[J[04:41:01.040,000] [0m<inf> shtc3: SHTC3: temperature=22.04 C humidity=43.89 %[0m
[17:18:39.351] [1;32muart:~$ [m[8D[J[1;32muart:~$ [m[8D[JNETMEM up=16890s pktRX=38/40 pktTX=15/16 bufRX=158/160/m102 bufTX=79/80/m6 sysheap_free=11208 alloc=21380 max=24056
[17:19:09.351] [1;32muart:~$ [m[8D[J[1;32muart:~$ [m[8D[JNETMEM up=16920s pktRX=38/40 pktTX=15/16 bufRX=158/160/m102 bufTX=79/80/m6 sysheap_free=11208 alloc=21380 max=24056
[17:19:39.352] [1;32muart:~$ [m[8D[J[04:42:01.043,000] [0m<inf> shtc3: SHTC3: temperature=21.98 C humidity=43.93 %[0m
[17:19:39.352] [1;32muart:~$ [m[8D[J[1;32muart:~$ [m[8D[JNETMEM up=16950s pktRX=38/40 pktTX=15/16 bufRX=158/160/m102 bufTX=79/80/m6 sysheap_free=11208 alloc=21380 max=24056
[17:20:09.352] [1;32muart:~$ [m[8D[J[1;32muart:~$ [m[8D[JNETMEM up=16980s pktRX=38/40 pktTX=15/16 bufRX=158/160/m102 bufTX=79/80/m6 sysheap_free=11208 alloc=21380 max=24056
[17:20:39.352] [1;32muart:~$ [m[8D[J[04:43:01.046,000] [0m<inf> shtc3: SHTC3: temperature=21.98 C humidity=43.94 %[0m
[17:20:39.353] [1;32muart:~$ [m[8D[J[1;32muart:~$ [m[8D[JNETMEM up=17010s pktRX=38/40 pktTX=15/16 bufRX=158/160/m102 bufTX=79/80/m6 sysheap_free=11208 alloc=21380 max=24056
[17:21:09.352] [1;32muart:~$ [m[8D[J[1;32muart:~$ [m[8D[JNETMEM up=17040s pktRX=38/40 pktTX=15/16 bufRX=158/160/m102 bufTX=79/80/m6 sysheap_free=11208 alloc=21380 max=24056
[17:21:39.353] [1;32muart:~$ [m[8D[J[04:44:01.049,000] [0m<inf> shtc3: SHTC3: temperature=21.98 C humidity=43.73 %[0m
[17:21:39.354] [1;32muart:~$ [m[8D[J[1;32muart:~$ [m[8D[JNETMEM up=17070s pktRX=38/40 pktTX=15/16 bufRX=158/160/m102 bufTX=79/80/m6 sysheap_free=11208 alloc=21380 max=24056
[17:22:09.353] [1;32muart:~$ [m[8D[J[1;32muart:~$ [m[8D[JThread analyze:
[17:22:38.240] [1;32muart:~$ [m[8D[J wdt_sentinel_tid    : STACK: unused 432 usage 336 / 768 (43 %); CPU: 0 %
[17:22:38.240] [1;32muart:~$ [m[8D[J                     : Total CPU cycles used: 127371363
[17:22:38.241] [1;32muart:~$ [m[8D[J thread_analyzer     : STACK: unused 112 usage 912 / 1024 (89 %); CPU: 0 %
[17:22:38.242] [1;32muart:~$ [m[8D[J                     : Total CPU cycles used: 37286884
[17:22:38.242] [1;32muart:~$ [m[8D[J sys_wdt_tid         : STACK: unused 704 usage 320 / 1024 (31 %); CPU: 0 %
[17:22:38.243] [1;32muart:~$ [m[8D[J                     : Total CPU cycles used: 23651178
[17:22:38.244] [1;32muart:~$ [m[8D[J shtc3_thread        : STACK: unused 1360 usage 688 / 2048 (33 %); CPU: 0 %
[17:22:38.244] [1;32muart:~$ [m[8D[J                     : Total CPU cycles used: 19340744
[17:22:38.245] [1;32muart:~$ [m[8D[J ntp_thread          : STACK: unused 2480 usage 1616 / 4096 (39 %); CPU: 0 %
[17:22:38.246] [1;32muart:~$ [m[8D[J                     : Total CPU cycles used: 7515381
[17:22:38.246] [1;32muart:~$ [m[8D[J netmem_tid          : STACK: unused 624 usage 656 / 1280 (51 %); CPU: 0 %
[17:22:38.247] [1;32muart:~$ [m[8D[J                     : Total CPU cycles used: 14910630
[17:22:38.248] [1;32muart:~$ [m[8D[J llss_thread         : STACK: unused 11584 usage 4800 / 16384 (29 %); CPU: 0 %
[17:22:38.249] [1;32muart:~$ [m[8D[J                     : Total CPU cycles used: 8373561769
[17:22:38.249] [1;32muart:~$ [m[8D[J input               : STACK: unused 560 usage 464 / 1024 (45 %); CPU: 0 %
[17:22:38.250] [1;32muart:~$ [m[8D[J                     : Total CPU cycles used: 72962
[17:22:38.251] [1;32muart:~$ [m[8D[J display_thread      : STACK: unused 8640 usage 3648 / 12288 (29 %); CPU: 0 %
[17:22:38.252] [1;32muart:~$ [m[8D[J                     : Total CPU cycles used: 400393757
[17:22:38.252] [1;32muart:~$ [m[8D[J device_ui_thread    : STACK: unused 4480 usage 3712 / 8192 (45 %); CPU: 0 %
[17:22:38.253] [1;32muart:~$ [m[8D[J                     : Total CPU cycles used: 29659986454
[17:22:38.254] [1;32muart:~$ [m[8D[J conn_mgr_monitor    : STACK: unused 176 usage 336 / 512 (65 %); CPU: 0 %
[17:22:38.254] [1;32muart:~$ [m[8D[J                     : Total CPU cycles used: 86568
[17:22:38.255] [1;32muart:~$ [m[8D[J net_socket_service  : STACK: unused 3344 usage 752 / 4096 (18 %); CPU: 0 %
[17:22:38.256] [1;32muart:~$ [m[8D[J                     : Total CPU cycles used: 4628779
[17:22:38.256] [1;32muart:~$ [m[8D[J rx_q[0]             : STACK: unused 528 usage 1520 / 2048 (74 %); CPU: 0 %
[17:22:38.257] [1;32muart:~$ [m[8D[J                     : Total CPU cycles used: 3914708111
[17:22:38.258] [1;32muart:~$ [m[8D[J net_mgmt            : STACK: unused 3424 usage 672 / 4096 (16 %); CPU: 0 %
[17:22:38.259] [1;32muart:~$ [m[8D[J                     : Total CPU cycles used: 7957087
[17:22:38.259] [1;32muart:~$ [m[8D[J tcp_work            : STACK: unused 1680 usage 368 / 2048 (17 %); CPU: 0 %
[17:22:38.260] [1;32muart:~$ [m[8D[J                     : Total CPU cycles used: 8866437
[17:22:38.261] [1;32muart:~$ [m[8D[J shell_uart          : STACK: unused 2624 usage 1472 / 4096 (35 %); CPU: 0 %
[17:22:38.262] [1;32muart:~$ [m[8D[J                     : Total CPU cycles used: 258297503
[17:22:38.262] [1;32muart:~$ [m[8D[J wifi                : STACK: unused 1456 usage 2128 / 3584 (59 %); CPU: 0 %
[17:22:38.263] [1;32muart:~$ [m[8D[J                     : Total CPU cycles used: 30805765955
[17:22:38.264] [1;32muart:~$ [m[8D[J sysworkq            : STACK: unused 3248 usage 848 / 4096 (20 %); CPU: 0 %
[17:22:38.265] [1;32muart:~$ [m[8D[J                     : Total CPU cycles used: 395070060
[17:22:38.265] [1;32muart:~$ [m[8D[J esp_timer           : STACK: unused 3472 usage 624 / 4096 (15 %); CPU: 0 %
[17:22:38.266] [1;32muart:~$ [m[8D[J                     : Total CPU cycles used: 1530378783
[17:22:38.267] [1;32muart:~$ [m[8D[J logging             : STACK: unused 544 usage 480 / 1024 (46 %); CPU: 0 %
[17:22:38.267] [1;32muart:~$ [m[8D[J                     : Total CPU cycles used: 38134042
[17:22:38.268] [1;32muart:~$ [m[8D[J idle                : STACK: unused 816 usage 208 / 1024 (20 %); CPU: 98 %
[17:22:38.269] [1;32muart:~$ [m[8D[J                     : Total CPU cycles used: 4027200228961
[17:22:38.269] [1;32muart:~$ [m[8D[J ISR0                : STACK: unused 1520 usage 528 / 2048 (25 %); CPU: 0 %
[17:22:38.270] [1;32muart:~$ [m[8D[J                     : Total CPU cycles used: 0
[17:22:38.271] [1;32muart:~$ [m[8D[J[1;32muart:~$ [m[8D[J[1;32muart:~$ [m[8D[JNETMEM up=17100s pktRX=38/40 pktTX=15/16 bufRX=158/160/m102 bufTX=79/80/m6 sysheap_free=11208 alloc=21380 max=24056
[17:22:39.354] [1;32muart:~$ [m[8D[J[04:45:01.052,000] [0m<inf> shtc3: SHTC3: temperature=21.98 C humidity=44.40 %[0m
[17:22:39.355] [1;32muart:~$ [m[8D[J[1;32muart:~$ [m[8D[JNETMEM up=17130s pktRX=38/40 pktTX=15/16 bufRX=158/160/m102 bufTX=79/80/m6 sysheap_free=11208 alloc=21380 max=24056
[17:23:09.354] [1;32muart:~$ [m[8D[J[1;32muart:~$ [m[8D[JNETMEM up=17160s pktRX=38/40 pktTX=15/16 bufRX=158/160/m102 bufTX=79/80/m6 sysheap_free=11208 alloc=21380 max=24056
[17:23:39.354] [1;32muart:~$ [m[8D[J[04:46:01.055,000] [0m<inf> shtc3: SHTC3: temperature=21.98 C humidity=43.93 %[0m
[17:23:39.355] [1;32muart:~$ [m[8D[J[1;32muart:~$ [m[8D[JNETMEM up=17190s pktRX=38/40 pktTX=15/16 bufRX=158/160/m102 bufTX=79/80/m6 sysheap_free=11208 alloc=21380 max=24056
[17:24:09.355] [1;32muart:~$ [m[8D[J[1;32muart:~$ [m[8D[JNETMEM up=17220s pktRX=38/40 pktTX=15/16 bufRX=158/160/m102 bufTX=79/80/m6 sysheap_free=11172 alloc=21416 max=24056
[17:24:39.355] [1;32muart:~$ [m[8D[J[04:47:01.058,000] [0m<inf> shtc3: SHTC3: temperature=22.01 C humidity=44.33 %[0m
[17:24:39.356] [1;32muart:~$ [m[8D[J[1;32muart:~$ [m[8D[JNETMEM up=17250s pktRX=38/40 pktTX=15/16 bufRX=158/160/m102 bufTX=79/80/m6 sysheap_free=11208 alloc=21380 max=24056
[17:25:09.356] [1;32muart:~$ [m[8D[J[1;32muart:~$ [m[8D[JNETMEM up=17280s pktRX=38/40 pktTX=15/16 bufRX=158/160/m102 bufTX=79/80/m6 sysheap_free=11208 alloc=21380 max=24056
[17:25:39.356] [1;32muart:~$ [m[8D[J[04:48:01.061,000] [0m<inf> shtc3: SHTC3: temperature=21.98 C humidity=44.18 %[0m
[17:25:39.357] [1;32muart:~$ [m[8D[J[1;32muart:~$ [m[8D[JNETMEM up=17310s pktRX=38/40 pktTX=15/16 bufRX=158/160/m102 bufTX=79/80/m6 sysheap_free=11208 alloc=21380 max=24056
[17:26:09.357] [1;32muart:~$ [m[8D[J[1;32muart:~$ [m[8D[JNETMEM up=17340s pktRX=38/40 pktTX=15/16 bufRX=158/160/m102 bufTX=79/80/m6 sysheap_free=11208 alloc=21380 max=24056
[17:26:39.357] [1;32muart:~$ [m[8D[J[04:49:01.064,000] [0m<inf> shtc3: SHTC3: temperature=21.98 C humidity=44.35 %[0m
[17:26:39.358] [1;32muart:~$ [m[8D[J[1;32muart:~$ [m[8D[JNETMEM up=17370s pktRX=38/40 pktTX=15/16 bufRX=158/160/m102 bufTX=79/80/m6 sysheap_free=11208 alloc=21380 max=24056
[17:27:09.357] [1;32muart:~$ [m[8D[J[1;32muart:~$ [m[8D[JThread analyze:
[17:27:38.244] [1;32muart:~$ [m[8D[J wdt_sentinel_tid    : STACK: unused 432 usage 336 / 768 (43 %); CPU: 0 %
[17:27:38.245] [1;32muart:~$ [m[8D[J                     : Total CPU cycles used: 129635065
[17:27:38.245] [1;32muart:~$ [m[8D[J thread_analyzer     : STACK: unused 112 usage 912 / 1024 (89 %); CPU: 0 %
[17:27:38.246] [1;32muart:~$ [m[8D[J                     : Total CPU cycles used: 37934822
[17:27:38.247] [1;32muart:~$ [m[8D[J sys_wdt_tid         : STACK: unused 704 usage 320 / 1024 (31 %); CPU: 0 %
[17:27:38.248] [1;32muart:~$ [m[8D[J                     : Total CPU cycles used: 23984342
[17:27:38.248] [1;32muart:~$ [m[8D[J shtc3_thread        : STACK: unused 1360 usage 688 / 2048 (33 %); CPU: 0 %
[17:27:38.249] [1;32muart:~$ [m[8D[J                     : Total CPU cycles used: 19705978
[17:27:38.250] [1;32muart:~$ [m[8D[J ntp_thread          : STACK: unused 2480 usage 1616 / 4096 (39 %); CPU: 0 %
[17:27:38.250] [1;32muart:~$ [m[8D[J                     : Total CPU cycles used: 7515381
[17:27:38.251] [1;32muart:~$ [m[8D[J netmem_tid          : STACK: unused 624 usage 656 / 1280 (51 %); CPU: 0 %
[17:27:38.252] [1;32muart:~$ [m[8D[J                     : Total CPU cycles used: 15185400
[17:27:38.252] [1;32muart:~$ [m[8D[J llss_thread         : STACK: unused 11584 usage 4800 / 16384 (29 %); CPU: 0 %
[17:27:38.253] [1;32muart:~$ [m[8D[J                     : Total CPU cycles used: 8446461691
[17:27:38.254] [1;32muart:~$ [m[8D[J input               : STACK: unused 560 usage 464 / 1024 (45 %); CPU: 0 %
[17:27:38.255] [1;32muart:~$ [m[8D[J                     : Total CPU cycles used: 72962
[17:27:38.255] [1;32muart:~$ [m[8D[J display_thread      : STACK: unused 8640 usage 3648 / 12288 (29 %); CPU: 0 %
[17:27:38.256] [1;32muart:~$ [m[8D[J                     : Total CPU cycles used: 400393757
[17:27:38.257] [1;32muart:~$ [m[8D[J device_ui_thread    : STACK: unused 4480 usage 3712 / 8192 (45 %); CPU: 0 %
[17:27:38.258] [1;32muart:~$ [m[8D[J                     : Total CPU cycles used: 30209548075
[17:27:38.258] [1;32muart:~$ [m[8D[J conn_mgr_monitor    : STACK: unused 176 usage 336 / 512 (65 %); CPU: 0 %
[17:27:38.259] [1;32muart:~$ [m[8D[J                     : Total CPU cycles used: 86568
[17:27:38.260] [1;32muart:~$ [m[8D[J net_socket_service  : STACK: unused 3344 usage 752 / 4096 (18 %); CPU: 0 %
[17:27:38.260] [1;32muart:~$ [m[8D[J                     : Total CPU cycles used: 4628779
[17:27:38.261] [1;32muart:~$ [m[8D[J rx_q[0]             : STACK: unused 528 usage 1520 / 2048 (74 %); CPU: 0 %
[17:27:38.262] [1;32muart:~$ [m[8D[J                     : Total CPU cycles used: 3972683715
[17:27:38.262] [1;32muart:~$ [m[8D[J net_mgmt            : STACK: unused 3424 usage 672 / 4096 (16 %); CPU: 0 %
[17:27:38.263] [1;32muart:~$ [m[8D[J                     : Total CPU cycles used: 8104182
[17:27:38.264] [1;32muart:~$ [m[8D[J tcp_work            : STACK: unused 1680 usage 368 / 2048 (17 %); CPU: 0 %
[17:27:38.265] [1;32muart:~$ [m[8D[J                     : Total CPU cycles used: 8866437
[17:27:38.265] [1;32muart:~$ [m[8D[J shell_uart          : STACK: unused 2624 usage 1472 / 4096 (35 %); CPU: 0 %
[17:27:38.266] [1;32muart:~$ [m[8D[J                     : Total CPU cycles used: 261982526
[17:27:38.267] [1;32muart:~$ [m[8D[J wifi                : STACK: unused 1456 usage 2128 / 3584 (59 %); CPU: 0 %
[17:27:38.268] [1;32muart:~$ [m[8D[J                     : Total CPU cycles used: 31321592767
[17:27:38.268] [1;32muart:~$ [m[8D[J sysworkq            : STACK: unused 3248 usage 848 / 4096 (20 %); CPU: 0 %
[17:27:38.269] [1;32muart:~$ [m[8D[J                     : Total CPU cycles used: 401327387
[17:27:38.270] [1;32muart:~$ [m[8D[J esp_timer           : STACK: unused 3472 usage 624 / 4096 (15 %); CPU: 0 %
[17:27:38.270] [1;32muart:~$ [m[8D[J                     : Total CPU cycles used: 1556663420
[17:27:38.271] [1;32muart:~$ [m[8D[J logging             : STACK: unused 544 usage 480 / 1024 (46 %); CPU: 0 %
[17:27:38.272] [1;32muart:~$ [m[8D[J                     : Total CPU cycles used: 38640150
[17:27:38.273] [1;32muart:~$ [m[8D[J idle                : STACK: unused 816 usage 208 / 1024 (20 %); CPU: 98 %
[17:27:38.273] [1;32muart:~$ [m[8D[J                     : Total CPU cycles used: 4097948272726
[17:27:38.274] [1;32muart:~$ [m[8D[J ISR0                : STACK: unused 1520 usage 528 / 2048 (25 %); CPU: 0 %
[17:27:38.275] [1;32muart:~$ [m[8D[J                     : Total CPU cycles used: 0
[17:27:38.275] [1;32muart:~$ [m[8D[J[1;32muart:~$ [m[8D[J[1;32muart:~$ [m[8D[JNETMEM up=17400s pktRX=38/40 pktTX=15/16 bufRX=158/160/m102 bufTX=79/80/m6 sysheap_free=11208 alloc=21380 max=24056
[17:27:39.358] [1;32muart:~$ [m[8D[J[04:50:01.067,000] [0m<inf> shtc3: SHTC3: temperature=22.00 C humidity=44.18 %[0m
[17:27:39.358] [1;32muart:~$ [m[8D[J[1;32muart:~$ [m[8D[JNETMEM up=17430s pktRX=38/40 pktTX=15/16 bufRX=158/160/m102 bufTX=79/80/m6 sysheap_free=11208 alloc=21380 max=24056
[17:28:09.358] [1;32muart:~$ [m[8D[J[1;32muart:~$ [m[8D[JNETMEM up=17460s pktRX=38/40 pktTX=15/16 bufRX=158/160/m102 bufTX=79/80/m6 sysheap_free=11208 alloc=21380 max=24056
[17:28:39.359] [1;32muart:~$ [m[8D[J[04:51:01.070,000] [0m<inf> shtc3: SHTC3: temperature=22.09 C humidity=44.47 %[0m
[17:28:39.360] [1;32muart:~$ [m[8D[J[1;32muart:~$ [m[8D[JNETMEM up=17490s pktRX=38/40 pktTX=15/16 bufRX=158/160/m102 bufTX=79/80/m6 sysheap_free=11208 alloc=21380 max=24056
[17:29:09.359] [1;32muart:~$ [m[8D[J[1;32muart:~$ [m[8D[JNETMEM up=17520s pktRX=38/40 pktTX=15/16 bufRX=158/160/m102 bufTX=79/80/m6 sysheap_free=11172 alloc=21416 max=24056
[17:29:39.359] [1;32muart:~$ [m[8D[J[04:52:01.073,000] [0m<inf> shtc3: SHTC3: temperature=22.10 C humidity=44.42 %[0m
[17:29:39.360] [1;32muart:~$ [m[8D[J[1;32muart:~$ [m[8D[JNETMEM up=17550s pktRX=38/40 pktTX=15/16 bufRX=158/160/m102 bufTX=79/80/m6 sysheap_free=11208 alloc=21380 max=24056
[17:30:09.360] [1;32muart:~$ [m[8D[J[1;32muart:~$ [m[8D[JNETMEM up=17580s pktRX=38/40 pktTX=15/16 bufRX=158/160/m102 bufTX=79/80/m6 sysheap_free=11208 alloc=21380 max=24056
[17:30:39.360] [1;32muart:~$ [m[8D[J[04:53:01.076,000] [0m<inf> shtc3: SHTC3: temperature=22.20 C humidity=44.06 %[0m
[17:30:39.361] [1;32muart:~$ [m[8D[J[1;32muart:~$ [m[8D[JNETMEM up=17610s pktRX=38/40 pktTX=15/16 bufRX=158/160/m102 bufTX=79/80/m6 sysheap_free=11208 alloc=21380 max=24056
[17:31:09.360] [1;32muart:~$ [m[8D[J[1;32muart:~$ [m[8D[JNETMEM up=17640s pktRX=38/40 pktTX=15/16 bufRX=158/160/m102 bufTX=79/80/m6 sysheap_free=11208 alloc=21380 max=24056
[17:31:39.361] [1;32muart:~$ [m[8D[J[04:54:01.079,000] [0m<inf> shtc3: SHTC3: temperature=21.98 C humidity=44.11 %[0m
[17:31:39.362] [1;32muart:~$ [m[8D[J[1;32muart:~$ [m[8D[JNETMEM up=17670s pktRX=38/40 pktTX=15/16 bufRX=158/160/m102 bufTX=79/80/m6 sysheap_free=11208 alloc=21380 max=24056
[17:32:09.366] [1;32muart:~$ [m[8D[J[1;32muart:~$ [m[8D[JThread analyze:
[17:32:38.249] [1;32muart:~$ [m[8D[J wdt_sentinel_tid    : STACK: unused 432 usage 336 / 768 (43 %); CPU: 0 %
[17:32:38.249] [1;32muart:~$ [m[8D[J                     : Total CPU cycles used: 131862704
[17:32:38.250] [1;32muart:~$ [m[8D[J thread_analyzer     : STACK: unused 112 usage 912 / 1024 (89 %); CPU: 0 %
[17:32:38.251] [1;32muart:~$ [m[8D[J                     : Total CPU cycles used: 38582103
[17:32:38.252] [1;32muart:~$ [m[8D[J sys_wdt_tid         : STACK: unused 704 usage 320 / 1024 (31 %); CPU: 0 %
[17:32:38.252] [1;32muart:~$ [m[8D[J                     : Total CPU cycles used: 24315648
[17:32:38.253] [1;32muart:~$ [m[8D[J shtc3_thread        : STACK: unused 1360 usage 688 / 2048 (33 %); CPU: 0 %
[17:32:38.254] [1;32muart:~$ [m[8D[J                     : Total CPU cycles used: 20069671
[17:32:38.254] [1;32muart:~$ [m[8D[J ntp_thread          : STACK: unused 2480 usage 1616 / 4096 (39 %); CPU: 0 %
[17:32:38.255] [1;32muart:~$ [m[8D[J                     : Total CPU cycles used: 7515381
[17:32:38.256] [1;32muart:~$ [m[8D[J netmem_tid          : STACK: unused 624 usage 656 / 1280 (51 %); CPU: 0 %
[17:32:38.257] [1;32muart:~$ [m[8D[J                     : Total CPU cycles used: 15471828
[17:32:38.257] [1;32muart:~$ [m[8D[J llss_thread         : STACK: unused 11584 usage 4800 / 16384 (29 %); CPU: 0 %
[17:32:38.258] [1;32muart:~$ [m[8D[J                     : Total CPU cycles used: 8521046572
[17:32:38.259] [1;32muart:~$ [m[8D[J input               : STACK: unused 560 usage 464 / 1024 (45 %); CPU: 0 %
[17:32:38.260] [1;32muart:~$ [m[8D[J                     : Total CPU cycles used: 72962
[17:32:38.260] [1;32muart:~$ [m[8D[J display_thread      : STACK: unused 8640 usage 3648 / 12288 (29 %); CPU: 0 %
[17:32:38.261] [1;32muart:~$ [m[8D[J                     : Total CPU cycles used: 400393757
[17:32:38.262] [1;32muart:~$ [m[8D[J device_ui_thread    : STACK: unused 4480 usage 3712 / 8192 (45 %); CPU: 0 %
[17:32:38.262] [1;32muart:~$ [m[8D[J                     : Total CPU cycles used: 30733589311
[17:32:38.263] [1;32muart:~$ [m[8D[J conn_mgr_monitor    : STACK: unused 176 usage 336 / 512 (65 %); CPU: 0 %
[17:32:38.264] [1;32muart:~$ [m[8D[J                     : Total CPU cycles used: 86568
[17:32:38.264] [1;32muart:~$ [m[8D[J net_socket_service  : STACK: unused 3344 usage 752 / 4096 (18 %); CPU: 0 %
[17:32:38.265] [1;32muart:~$ [m[8D[J                     : Total CPU cycles used: 4628779
[17:32:38.266] [1;32muart:~$ [m[8D[J rx_q[0]             : STACK: unused 528 usage 1520 / 2048 (74 %); CPU: 0 %
[17:32:38.267] [1;32muart:~$ [m[8D[J                     : Total CPU cycles used: 4032580331
[17:32:38.267] [1;32muart:~$ [m[8D[J net_mgmt            : STACK: unused 3424 usage 672 / 4096 (16 %); CPU: 0 %
[17:32:38.268] [1;32muart:~$ [m[8D[J                     : Total CPU cycles used: 8242081
[17:32:38.269] [1;32muart:~$ [m[8D[J tcp_work            : STACK: unused 1680 usage 368 / 2048 (17 %); CPU: 0 %
[17:32:38.270] [1;32muart:~$ [m[8D[J                     : Total CPU cycles used: 8866437
[17:32:38.270] [1;32muart:~$ [m[8D[J shell_uart          : STACK: unused 2624 usage 1472 / 4096 (35 %); CPU: 0 %
[17:32:38.271] [1;32muart:~$ [m[8D[J                     : Total CPU cycles used: 265769918
[17:32:38.272] [1;32muart:~$ [m[8D[J wifi                : STACK: unused 1456 usage 2128 / 3584 (59 %); CPU: 0 %
[17:32:38.272] [1;32muart:~$ [m[8D[J                     : Total CPU cycles used: 31846902605
[17:32:38.273] [1;32muart:~$ [m[8D[J sysworkq            : STACK: unused 3248 usage 848 / 4096 (20 %); CPU: 0 %
[17:32:38.274] [1;32muart:~$ [m[8D[J                     : Total CPU cycles used: 408216078
[17:32:38.274] [1;32muart:~$ [m[8D[J esp_timer           : STACK: unused 3472 usage 624 / 4096 (15 %); CPU: 0 %
[17:32:38.275] [1;32muart:~$ [m[8D[J                     : Total CPU cycles used: 1583706958
[17:32:38.276] [1;32muart:~$ [m[8D[J logging             : STACK: unused 544 usage 480 / 1024 (46 %); CPU: 0 %
[17:32:38.277] [1;32muart:~$ [m[8D[J                     : Total CPU cycles used: 39158322
[17:32:38.277] [1;32muart:~$ [m[8D[J idle                : STACK: unused 816 usage 208 / 1024 (20 %); CPU: 98 %
[17:32:38.278] [1;32muart:~$ [m[8D[J                     : Total CPU cycles used: 4168706658197
[17:32:38.279] [1;32muart:~$ [m[8D[J ISR0                : STACK: unused 1520 usage 528 / 2048 (25 %); CPU: 0 %
[17:32:38.280] [1;32muart:~$ [m[8D[J                     : Total CPU cycles used: 0
[17:32:38.280] [1;32muart:~$ [m[8D[J[1;32muart:~$ [m[8D[J[1;32muart:~$ [m[8D[JNETMEM up=17700s pktRX=38/40 pktTX=15/16 bufRX=158/160/m102 bufTX=79/80/m6 sysheap_free=11208 alloc=21380 max=24056
[17:32:39.362] [1;32muart:~$ [m[8D[J[04:55:01.082,000] [0m<inf> shtc3: SHTC3: temperature=22.04 C humidity=44.45 %[0m
[17:32:39.362] [1;32muart:~$ [m[8D[J[1;32muart:~$ [m[8D[JNETMEM up=17730s pktRX=38/40 pktTX=15/16 bufRX=158/160/m102 bufTX=79/80/m6 sysheap_free=11208 alloc=21380 max=24056
[17:33:09.362] [1;32muart:~$ [m[8D[J[1;32muart:~$ [m[8D[JNETMEM up=17760s pktRX=38/40 pktTX=15/16 bufRX=158/160/m102 bufTX=79/80/m6 sysheap_free=11208 alloc=21380 max=24056
[17:33:39.362] [1;32muart:~$ [m[8D[J[04:56:01.085,000] [0m<inf> shtc3: SHTC3: temperature=22.16 C humidity=44.38 %[0m
[17:33:39.363] [1;32muart:~$ [m[8D[J[1;32muart:~$ [m[8D[JNETMEM up=17790s pktRX=38/40 pktTX=15/16 bufRX=158/160/m102 bufTX=79/80/m6 sysheap_free=11208 alloc=21380 max=24056
[17:34:09.363] [1;32muart:~$ [m[8D[J[1;32muart:~$ [m[8D[JNETMEM up=17820s pktRX=38/40 pktTX=15/16 bufRX=158/160/m102 bufTX=79/80/m6 sysheap_free=11208 alloc=21380 max=24056
[17:34:39.363] [1;32muart:~$ [m[8D[J[04:57:01.089,000] [0m<inf> shtc3: SHTC3: temperature=22.00 C humidity=44.48 %[0m
[17:34:39.364] [1;32muart:~$ [m[8D[J[1;32muart:~$ [m[8D[JNETMEM up=17850s pktRX=38/40 pktTX=15/16 bufRX=158/160/m102 bufTX=79/80/m6 sysheap_free=11208 alloc=21380 max=24056
[17:35:09.364] [1;32muart:~$ [m[8D[J[1;32muart:~$ [m[8D[JNETMEM up=17880s pktRX=38/40 pktTX=15/16 bufRX=158/160/m102 bufTX=79/80/m6 sysheap_free=11172 alloc=21416 max=24056
[17:35:39.364] [1;32muart:~$ [m[8D[J[04:58:01.092,000] [0m<inf> shtc3: SHTC3: temperature=21.98 C humidity=44.40 %[0m
[17:35:39.365] [1;32muart:~$ [m[8D[J[1;32muart:~$ [m[8D[JNETMEM up=17910s pktRX=38/40 pktTX=15/16 bufRX=158/160/m102 bufTX=79/80/m6 sysheap_free=11208 alloc=21380 max=24056
[17:36:09.365] [1;32muart:~$ [m[8D[J[1;32muart:~$ [m[8D[JNETMEM up=17940s pktRX=38/40 pktTX=15/16 bufRX=158/160/m102 bufTX=79/80/m6 sysheap_free=11208 alloc=21380 max=24056
[17:36:39.365] [1;32muart:~$ [m[8D[J[04:59:01.095,000] [0m<inf> shtc3: SHTC3: temperature=21.98 C humidity=44.16 %[0m
[17:36:39.365] [1;32muart:~$ [m[8D[J[1;32muart:~$ [m[8D[JNETMEM up=17970s pktRX=38/40 pktTX=15/16 bufRX=158/160/m102 bufTX=79/80/m6 sysheap_free=11208 alloc=21380 max=24056
[17:37:09.366] [1;32muart:~$ [m[8D[J[1;32muart:~$ [m[8D[JThread analyze:
[17:37:38.254] [1;32muart:~$ [m[8D[J wdt_sentinel_tid    : STACK: unused 432 usage 336 / 768 (43 %); CPU: 0 %
[17:37:38.255] [1;32muart:~$ [m[8D[J                     : Total CPU cycles used: 133989123
[17:37:38.255] [1;32muart:~$ [m[8D[J thread_analyzer     : STACK: unused 112 usage 912 / 1024 (89 %); CPU: 0 %
[17:37:38.256] [1;32muart:~$ [m[8D[J                     : Total CPU cycles used: 39233044
[17:37:38.257] [1;32muart:~$ [m[8D[J sys_wdt_tid         : STACK: unused 704 usage 320 / 1024 (31 %); CPU: 0 %
[17:37:38.258] [1;32muart:~$ [m[8D[J                     : Total CPU cycles used: 24750730
[17:37:38.258] [1;32muart:~$ [m[8D[J shtc3_thread        : STACK: unused 1360 usage 688 / 2048 (33 %); CPU: 0 %
[17:37:38.259] [1;32muart:~$ [m[8D[J                     : Total CPU cycles used: 20432588
[17:37:38.260] [1;32muart:~$ [m[8D[J ntp_thread          : STACK: unused 2480 usage 1616 / 4096 (39 %); CPU: 0 %
[17:37:38.260] [1;32muart:~$ [m[8D[J                     : Total CPU cycles used: 7515381
[17:37:38.261] [1;32muart:~$ [m[8D[J netmem_tid          : STACK: unused 624 usage 656 / 1280 (51 %); CPU: 0 %
[17:37:38.262] [1;32muart:~$ [m[8D[J                     : Total CPU cycles used: 15757848
[17:37:38.262] [1;32muart:~$ [m[8D[J llss_thread         : STACK: unused 11584 usage 4800 / 16384 (29 %); CPU: 0 %
[17:37:38.263] [1;32muart:~$ [m[8D[J                     : Total CPU cycles used: 8591459655
[17:37:38.264] [1;32muart:~$ [m[8D[J input               : STACK: unused 560 usage 464 / 1024 (45 %); CPU: 0 %
[17:37:38.265] [1;32muart:~$ [m[8D[J                     : Total CPU cycles used: 72962
[17:37:38.265] [1;32muart:~$ [m[8D[J display_thread      : STACK: unused 8640 usage 3648 / 12288 (29 %); CPU: 0 %
[17:37:38.266] [1;32muart:~$ [m[8D[J                     : Total CPU cycles used: 400393757
[17:37:38.267] [1;32muart:~$ [m[8D[J device_ui_thread    : STACK: unused 4480 usage 3712 / 8192 (45 %); CPU: 0 %
[17:37:38.268] [1;32muart:~$ [m[8D[J                     : Total CPU cycles used: 31282369570
[17:37:38.268] [1;32muart:~$ [m[8D[J conn_mgr_monitor    : STACK: unused 176 usage 336 / 512 (65 %); CPU: 0 %
[17:37:38.269] [1;32muart:~$ [m[8D[J                     : Total CPU cycles used: 86568
[17:37:38.270] [1;32muart:~$ [m[8D[J net_socket_service  : STACK: unused 3344 usage 752 / 4096 (18 %); CPU: 0 %
[17:37:38.270] [1;32muart:~$ [m[8D[J                     : Total CPU cycles used: 4628779
[17:37:38.271] [1;32muart:~$ [m[8D[J rx_q[0]             : STACK: unused 528 usage 1520 / 2048 (74 %); CPU: 0 %
[17:37:38.272] [1;32muart:~$ [m[8D[J                     : Total CPU cycles used: 4093322400
[17:37:38.272] [1;32muart:~$ [m[8D[J net_mgmt            : STACK: unused 3424 usage 672 / 4096 (16 %); CPU: 0 %
[17:37:38.273] [1;32muart:~$ [m[8D[J                     : Total CPU cycles used: 8395280
[17:37:38.274] [1;32muart:~$ [m[8D[J tcp_work            : STACK: unused 1680 usage 368 / 2048 (17 %); CPU: 0 %
[17:37:38.275] [1;32muart:~$ [m[8D[J                     : Total CPU cycles used: 8866437
[17:37:38.275] [1;32muart:~$ [m[8D[J shell_uart          : STACK: unused 2624 usage 1472 / 4096 (35 %); CPU: 0 %
[17:37:38.276] [1;32muart:~$ [m[8D[J                     : Total CPU cycles used: 269469098
[17:37:38.277] [1;32muart:~$ [m[8D[J wifi                : STACK: unused 1456 usage 2128 / 3584 (59 %); CPU: 0 %
[17:37:38.278] [1;32muart:~$ [m[8D[J                     : Total CPU cycles used: 32367817770
[17:37:38.278] [1;32muart:~$ [m[8D[J sysworkq            : STACK: unused 3248 usage 848 / 4096 (20 %); CPU: 0 %
[17:37:38.279] [1;32muart:~$ [m[8D[J                     : Total CPU cycles used: 414435355
[17:37:38.280] [1;32muart:~$ [m[8D[J esp_timer           : STACK: unused 3472 usage 624 / 4096 (15 %); CPU: 0 %
[17:37:38.280] [1;32muart:~$ [m[8D[J                     : Total CPU cycles used: 1610180890
[17:37:38.281] [1;32muart:~$ [m[8D[J logging             : STACK: unused 544 usage 480 / 1024 (46 %); CPU: 0 %
[17:37:38.282] [1;32muart:~$ [m[8D[J                     : Total CPU cycles used: 39670470
[17:37:38.283] [1;32muart:~$ [m[8D[J idle                : STACK: unused 816 usage 208 / 1024 (20 %); CPU: 98 %
[17:37:38.283] [1;32muart:~$ [m[8D[J                     : Total CPU cycles used: 4239449832287
[17:37:38.284] [1;32muart:~$ [m[8D[J ISR0                : STACK: unused 1520 usage 528 / 2048 (25 %); CPU: 0 %
[17:37:38.285] [1;32muart:~$ [m[8D[J                     : Total CPU cycles used: 0
[17:37:38.285] [1;32muart:~$ [m[8D[J[1;32muart:~$ [m[8D[J[1;32muart:~$ [m[8D[JNETMEM up=18000s pktRX=38/40 pktTX=15/16 bufRX=158/160/m102 bufTX=79/80/m6 sysheap_free=11208 alloc=21380 max=24056
[17:37:39.365] [1;32muart:~$ [m[8D[J[05:00:01.098,000] [0m<inf> shtc3: SHTC3: temperature=21.98 C humidity=44.51 %[0m
[17:37:39.366] [1;32muart:~$ [m[8D[J[1;32muart:~$ [m[8D[J[05:00:09.745,000] [0m<inf> wifi_prov: WiFi STA connected: tutu[0m
[17:37:48.629] [1;32muart:~$ [m[8D[J[1;32muart:~$ [m[8D[JNETMEM up=18030s pktRX=38/40 pktTX=15/16 bufRX=158/160/m102 bufTX=79/80/m6 sysheap_free=11208 alloc=21380 max=24056
[17:38:09.366] [1;32muart:~$ [m[8D[J[05:00:30.635,000] [0m<inf> ntp_sync: NTP synced: 2026-06-18 20:38:08 UTC[0m
[17:38:09.367] [1;32muart:~$ [m[8D[J[1;32muart:~$ [m[8D[JNETMEM up=18060s pktRX=38/40 pktTX=15/16 bufRX=158/160/m102 bufTX=79/80/m6 sysheap_free=11208 alloc=21380 max=24056
[17:38:39.366] [1;32muart:~$ [m[8D[J[05:01:01.101,000] [0m<inf> shtc3: SHTC3: temperature=22.04 C humidity=44.59 %[0m
[17:38:39.367] [1;32muart:~$ [m[8D[J[1;32muart:~$ [m[8D[JNETMEM up=18090s pktRX=38/40 pktTX=15/16 bufRX=158/160/m102 bufTX=79/80/m6 sysheap_free=11208 alloc=21380 max=24056
[17:39:09.367] [1;32muart:~$ [m[8D[J[1;32muart:~$ [m[8D[JNETMEM up=18120s pktRX=38/40 pktTX=15/16 bufRX=158/160/m102 bufTX=79/80/m6 sysheap_free=11208 alloc=21380 max=24056
[17:39:39.367] [1;32muart:~$ [m[8D[J[05:02:01.104,000] [0m<inf> shtc3: SHTC3: temperature=22.10 C humidity=44.27 %[0m
[17:39:39.368] [1;32muart:~$ [m[8D[J[1;32muart:~$ [m[8D[JNETMEM up=18150s pktRX=38/40 pktTX=15/16 bufRX=158/160/m102 bufTX=79/80/m6 sysheap_free=11208 alloc=21380 max=24056
[17:40:09.367] [1;32muart:~$ [m[8D[J[1;32muart:~$ [m[8D[JNETMEM up=18180s pktRX=38/40 pktTX=15/16 bufRX=158/160/m102 bufTX=79/80/m6 sysheap_free=11208 alloc=21380 max=24056
[17:40:39.368] [1;32muart:~$ [m[8D[J[05:03:01.107,000] [0m<inf> shtc3: SHTC3: temperature=21.98 C humidity=44.24 %[0m
[17:40:39.369] [1;32muart:~$ [m[8D[J[1;32muart:~$ [m[8D[JNETMEM up=18210s pktRX=38/40 pktTX=15/16 bufRX=158/160/m102 bufTX=79/80/m6 sysheap_free=11208 alloc=21380 max=24056
[17:41:09.368] [1;32muart:~$ [m[8D[J[1;32muart:~$ [m[8D[JNETMEM up=18240s pktRX=38/40 pktTX=15/16 bufRX=158/160/m102 bufTX=79/80/m6 sysheap_free=11208 alloc=21380 max=24056
[17:41:39.369] [1;32muart:~$ [m[8D[J[05:04:01.110,000] [0m<inf> shtc3: SHTC3: temperature=21.78 C humidity=44.53 %[0m
[17:41:39.370] [1;32muart:~$ [m[8D[J[1;32muart:~$ [m[8D[JNETMEM up=18270s pktRX=38/40 pktTX=15/16 bufRX=158/160/m102 bufTX=79/80/m6 sysheap_free=11208 alloc=21380 max=24056
[17:42:09.369] [1;32muart:~$ [m[8D[J[1;32muart:~$ [m[8D[JThread analyze:
[17:42:38.258] [1;32muart:~$ [m[8D[J wdt_sentinel_tid    : STACK: unused 432 usage 336 / 768 (43 %); CPU: 0 %
[17:42:38.259] [1;32muart:~$ [m[8D[J                     : Total CPU cycles used: 136110283
[17:42:38.259] [1;32muart:~$ [m[8D[J thread_analyzer     : STACK: unused 112 usage 912 / 1024 (89 %); CPU: 0 %
[17:42:38.260] [1;32muart:~$ [m[8D[J                     : Total CPU cycles used: 39880740
[17:42:38.261] [1;32muart:~$ [m[8D[J sys_wdt_tid         : STACK: unused 704 usage 320 / 1024 (31 %); CPU: 0 %
[17:42:38.262] [1;32muart:~$ [m[8D[J                     : Total CPU cycles used: 25197971
[17:42:38.262] [1;32muart:~$ [m[8D[J shtc3_thread        : STACK: unused 1360 usage 688 / 2048 (33 %); CPU: 0 %
[17:42:38.263] [1;32muart:~$ [m[8D[J                     : Total CPU cycles used: 20789644
[17:42:38.264] [1;32muart:~$ [m[8D[J ntp_thread          : STACK: unused 2480 usage 1616 / 4096 (39 %); CPU: 0 %
[17:42:38.265] [1;32muart:~$ [m[8D[J                     : Total CPU cycles used: 8836859
[17:42:38.265] [1;32muart:~$ [m[8D[J netmem_tid          : STACK: unused 624 usage 656 / 1280 (51 %); CPU: 0 %
[17:42:38.266] [1;32muart:~$ [m[8D[J                     : Total CPU cycles used: 16035401
[17:42:38.267] [1;32muart:~$ [m[8D[J llss_thread         : STACK: unused 11584 usage 4800 / 16384 (29 %); CPU: 0 %
[17:42:38.267] [1;32muart:~$ [m[8D[J                     : Total CPU cycles used: 8660094898
[17:42:38.268] [1;32muart:~$ [m[8D[J input               : STACK: unused 560 usage 464 / 1024 (45 %); CPU: 0 %
[17:42:38.269] [1;32muart:~$ [m[8D[J                     : Total CPU cycles used: 72962
[17:42:38.269] [1;32muart:~$ [m[8D[J display_thread      : STACK: unused 8640 usage 3648 / 12288 (29 %); CPU: 0 %
[17:42:38.270] [1;32muart:~$ [m[8D[J                     : Total CPU cycles used: 400393757
[17:42:38.271] [1;32muart:~$ [m[8D[J device_ui_thread    : STACK: unused 4480 usage 3712 / 8192 (45 %); CPU: 0 %
[17:42:38.272] [1;32muart:~$ [m[8D[J                     : Total CPU cycles used: 31830183607
[17:42:38.272] [1;32muart:~$ [m[8D[J conn_mgr_monitor    : STACK: unused 176 usage 336 / 512 (65 %); CPU: 0 %
[17:42:38.273] [1;32muart:~$ [m[8D[J                     : Total CPU cycles used: 86568
[17:42:38.274] [1;32muart:~$ [m[8D[J net_socket_service  : STACK: unused 3344 usage 752 / 4096 (18 %); CPU: 0 %
[17:42:38.275] [1;32muart:~$ [m[8D[J                     : Total CPU cycles used: 5021386
[17:42:38.275] [1;32muart:~$ [m[8D[J rx_q[0]             : STACK: unused 528 usage 1520 / 2048 (74 %); CPU: 0 %
[17:42:38.276] [1;32muart:~$ [m[8D[J                     : Total CPU cycles used: 4156248418
[17:42:38.277] [1;32muart:~$ [m[8D[J net_mgmt            : STACK: unused 3424 usage 672 / 4096 (16 %); CPU: 0 %
[17:42:38.277] [1;32muart:~$ [m[8D[J                     : Total CPU cycles used: 8556490
[17:42:38.278] [1;32muart:~$ [m[8D[J tcp_work            : STACK: unused 1680 usage 368 / 2048 (17 %); CPU: 0 %
[17:42:38.279] [1;32muart:~$ [m[8D[J                     : Total CPU cycles used: 8866437
[17:42:38.281] [1;32muart:~$ [m[8D[J shell_uart          : STACK: unused 2624 usage 1472 / 4096 (35 %); CPU: 0 %
[17:42:38.281] [1;32muart:~$ [m[8D[J                     : Total CPU cycles used: 273358000
[17:42:38.281] [1;32muart:~$ [m[8D[J wifi                : STACK: unused 1456 usage 2128 / 3584 (59 %); CPU: 0 %
[17:42:38.282] [1;32muart:~$ [m[8D[J                     : Total CPU cycles used: 32896010096
[17:42:38.282] [1;32muart:~$ [m[8D[J sysworkq            : STACK: unused 3248 usage 848 / 4096 (20 %); CPU: 0 %
[17:42:38.283] [1;32muart:~$ [m[8D[J                     : Total CPU cycles used: 421566270
[17:42:38.284] [1;32muart:~$ [m[8D[J esp_timer           : STACK: unused 3472 usage 624 / 4096 (15 %); CPU: 0 %
[17:42:38.285] [1;32muart:~$ [m[8D[J                     : Total CPU cycles used: 1636958959
[17:42:38.285] [1;32muart:~$ [m[8D[J logging             : STACK: unused 544 usage 480 / 1024 (46 %); CPU: 0 %
[17:42:38.286] [1;32muart:~$ [m[8D[J                     : Total CPU cycles used: 40214238
[17:42:38.287] [1;32muart:~$ [m[8D[J idle                : STACK: unused 816 usage 208 / 1024 (20 %); CPU: 98 %
[17:42:38.287] [1;32muart:~$ [m[8D[J                     : Total CPU cycles used: 4310183037188
[17:42:38.288] [1;32muart:~$ [m[8D[J ISR0                : STACK: unused 1520 usage 528 / 2048 (25 %); CPU: 0 %
[17:42:38.289] [1;32muart:~$ [m[8D[J                     : Total CPU cycles used: 0
[17:42:38.290] [1;32muart:~$ [m[8D[J[1;32muart:~$ [m[8D[J[1;32muart:~$ [m[8D[JNETMEM up=18300s pktRX=38/40 pktTX=15/16 bufRX=158/160/m102 bufTX=79/80/m6 sysheap_free=11172 alloc=21416 max=24056
[17:42:39.369] [1;32muart:~$ [m[8D[J[05:05:01.113,000] [0m<inf> shtc3: SHTC3: temperature=21.98 C humidity=44.46 %[0m
[17:42:39.370] [1;32muart:~$ [m[8D[J[1;32muart:~$ [m[8D[JNETMEM up=18330s pktRX=38/40 pktTX=15/16 bufRX=158/160/m102 bufTX=79/80/m6 sysheap_free=11208 alloc=21380 max=24056
[17:43:09.370] [1;32muart:~$ [m[8D[J[1;32muart:~$ [m[8D[JNETMEM up=18360s pktRX=38/40 pktTX=15/16 bufRX=158/160/m102 bufTX=79/80/m6 sysheap_free=11208 alloc=21380 max=24056
[17:43:39.375] [1;32muart:~$ [m[8D[J[05:06:01.116,000] [0m<inf> shtc3: SHTC3: temperature=21.98 C humidity=44.61 %[0m
[17:43:39.375] [1;32muart:~$ [m[8D[J[1;32muart:~$ [m[8D[JNETMEM up=18390s pktRX=38/40 pktTX=15/16 bufRX=158/160/m102 bufTX=79/80/m6 sysheap_free=11208 alloc=21380 max=24056
[17:44:09.371] [1;32muart:~$ [m[8D[J[1;32muart:~$ [m[8D[JNETMEM up=18420s pktRX=38/40 pktTX=15/16 bufRX=158/160/m102 bufTX=79/80/m6 sysheap_free=11208 alloc=21380 max=24056
[17:44:39.371] [1;32muart:~$ [m[8D[J[05:07:01.119,000] [0m<inf> shtc3: SHTC3: temperature=21.96 C humidity=44.86 %[0m
[17:44:39.372] [1;32muart:~$ [m[8D[J[1;32muart:~$ [m[8D[JNETMEM up=18450s pktRX=38/40 pktTX=15/16 bufRX=158/160/m102 bufTX=79/80/m6 sysheap_free=11208 alloc=21380 max=24056
[17:45:09.372] [1;32muart:~$ [m[8D[J[1;32muart:~$ [m[8D[JNETMEM up=18480s pktRX=38/40 pktTX=15/16 bufRX=158/160/m102 bufTX=79/80/m6 sysheap_free=11208 alloc=21380 max=24056
[17:45:39.372] [1;32muart:~$ [m[8D[J[05:08:01.122,000] [0m<inf> shtc3: SHTC3: temperature=22.00 C humidity=44.35 %[0m
[17:45:39.372] [1;32muart:~$ [m[8D[J[1;32muart:~$ [m[8D[JNETMEM up=18510s pktRX=38/40 pktTX=15/16 bufRX=158/160/m102 bufTX=79/80/m6 sysheap_free=11208 alloc=21380 max=24056
[17:46:09.372] [1;32muart:~$ [m[8D[J[1;32muart:~$ [m[8D[JNETMEM up=18540s pktRX=38/40 pktTX=15/16 bufRX=158/160/m102 bufTX=79/80/m6 sysheap_free=11208 alloc=21380 max=24056
[17:46:39.372] [1;32muart:~$ [m[8D[J[05:09:01.125,000] [0m<inf> shtc3: SHTC3: temperature=21.98 C humidity=44.55 %[0m
[17:46:39.373] [1;32muart:~$ [m[8D[J[1;32muart:~$ [m[8D[JNETMEM up=18570s pktRX=38/40 pktTX=15/16 bufRX=158/160/m102 bufTX=79/80/m6 sysheap_free=11208 alloc=21380 max=24056
[17:47:09.373] [1;32muart:~$ [m[8D[J[1;32muart:~$ [m[8D[JThread analyze:
[17:47:38.263] [1;32muart:~$ [m[8D[J wdt_sentinel_tid    : STACK: unused 432 usage 336 / 768 (43 %); CPU: 0 %
[17:47:38.264] [1;32muart:~$ [m[8D[J                     : Total CPU cycles used: 138226942
[17:47:38.264] [1;32muart:~$ [m[8D[J thread_analyzer     : STACK: unused 112 usage 912 / 1024 (89 %); CPU: 0 %
[17:47:38.265] [1;32muart:~$ [m[8D[J                     : Total CPU cycles used: 40528465
[17:47:38.266] [1;32muart:~$ [m[8D[J sys_wdt_tid         : STACK: unused 704 usage 320 / 1024 (31 %); CPU: 0 %
[17:47:38.267] [1;32muart:~$ [m[8D[J                     : Total CPU cycles used: 25633070
[17:47:38.267] [1;32muart:~$ [m[8D[J shtc3_thread        : STACK: unused 1360 usage 688 / 2048 (33 %); CPU: 0 %
[17:47:38.268] [1;32muart:~$ [m[8D[J                     : Total CPU cycles used: 21148743
[17:47:38.269] [1;32muart:~$ [m[8D[J ntp_thread          : STACK: unused 2480 usage 1616 / 4096 (39 %); CPU: 0 %
[17:47:38.269] [1;32muart:~$ [m[8D[J                     : Total CPU cycles used: 8836859
[17:47:38.270] [1;32muart:~$ [m[8D[J netmem_tid          : STACK: unused 624 usage 656 / 1280 (51 %); CPU: 0 %
[17:47:38.271] [1;32muart:~$ [m[8D[J                     : Total CPU cycles used: 16323237
[17:47:38.271] [1;32muart:~$ [m[8D[J llss_thread         : STACK: unused 11584 usage 4800 / 16384 (29 %); CPU: 0 %
[17:47:38.272] [1;32muart:~$ [m[8D[J                     : Total CPU cycles used: 8728826367
[17:47:38.273] [1;32muart:~$ [m[8D[J input               : STACK: unused 560 usage 464 / 1024 (45 %); CPU: 0 %
[17:47:38.274] [1;32muart:~$ [m[8D[J                     : Total CPU cycles used: 72962
[17:47:38.274] [1;32muart:~$ [m[8D[J display_thread      : STACK: unused 8640 usage 3648 / 12288 (29 %); CPU: 0 %
[17:47:38.275] [1;32muart:~$ [m[8D[J                     : Total CPU cycles used: 400393757
[17:47:38.276] [1;32muart:~$ [m[8D[J device_ui_thread    : STACK: unused 4480 usage 3712 / 8192 (45 %); CPU: 0 %
[17:47:38.277] [1;32muart:~$ [m[8D[J                     : Total CPU cycles used: 32378636635
[17:47:38.277] [1;32muart:~$ [m[8D[J conn_mgr_monitor    : STACK: unused 176 usage 336 / 512 (65 %); CPU: 0 %
[17:47:38.278] [1;32muart:~$ [m[8D[J                     : Total CPU cycles used: 86568
[17:47:38.279] [1;32muart:~$ [m[8D[J net_socket_service  : STACK: unused 3344 usage 752 / 4096 (18 %); CPU: 0 %
[17:47:38.281] [1;32muart:~$ [m[8D[J                     : Total CPU cycles used: 5080658
[17:47:38.282] [1;32muart:~$ [m[8D[J rx_q[0]             : STACK: unused 528 usage 1520 / 2048 (74 %); CPU: 0 %
[17:47:38.282] [1;32muart:~$ [m[8D[J                     : Total CPU cycles used: 4220870417
[17:47:38.283] [1;32muart:~$ [m[8D[J net_mgmt            : STACK: unused 3424 usage 672 / 4096 (16 %); CPU: 0 %
[17:47:38.283] [1;32muart:~$ [m[8D[J                     : Total CPU cycles used: 8691790
[17:47:38.283] [1;32muart:~$ [m[8D[J tcp_work            : STACK: unused 1680 usage 368 / 2048 (17 %); CPU: 0 %
[17:47:38.284] [1;32muart:~$ [m[8D[J                     : Total CPU cycles used: 8866437
[17:47:38.284] [1;32muart:~$ [m[8D[J shell_uart          : STACK: unused 2624 usage 1472 / 4096 (35 %); CPU: 0 %
[17:47:38.285] [1;32muart:~$ [m[8D[J                     : Total CPU cycles used: 277153353
[17:47:38.286] [1;32muart:~$ [m[8D[J wifi                : STACK: unused 1456 usage 2128 / 3584 (59 %); CPU: 0 %
[17:47:38.287] [1;32muart:~$ [m[8D[J                     : Total CPU cycles used: 33425781150
[17:47:38.287] [1;32muart:~$ [m[8D[J sysworkq            : STACK: unused 3248 usage 848 / 4096 (20 %); CPU: 0 %
[17:47:38.288] [1;32muart:~$ [m[8D[J                     : Total CPU cycles used: 429139566
[17:47:38.289] [1;32muart:~$ [m[8D[J esp_timer           : STACK: unused 3472 usage 624 / 4096 (15 %); CPU: 0 %
[17:47:38.290] [1;32muart:~$ [m[8D[J                     : Total CPU cycles used: 1664486277
[17:47:38.290] [1;32muart:~$ [m[8D[J logging             : STACK: unused 544 usage 480 / 1024 (46 %); CPU: 0 %
[17:47:38.291] [1;32muart:~$ [m[8D[J                     : Total CPU cycles used: 40707336
[17:47:38.292] [1;32muart:~$ [m[8D[J idle                : STACK: unused 816 usage 208 / 1024 (20 %); CPU: 98 %
[17:47:38.292] [1;32muart:~$ [m[8D[J                     : Total CPU cycles used: 4380912846849
[17:47:38.293] [1;32muart:~$ [m[8D[J ISR0                : STACK: unused 1520 usage 528 / 2048 (25 %); CPU: 0 %
[17:47:38.294] [1;32muart:~$ [m[8D[J                     : Total CPU cycles used: 0
[17:47:38.294] [1;32muart:~$ [m[8D[J[1;32muart:~$ [m[8D[J[1;32muart:~$ [m[8D[JNETMEM up=18600s pktRX=38/40 pktTX=15/16 bufRX=158/160/m102 bufTX=79/80/m6 sysheap_free=11208 alloc=21380 max=24056
[17:47:39.373] [1;32muart:~$ [m[8D[J[05:10:01.128,000] [0m<inf> shtc3: SHTC3: temperature=21.85 C humidity=44.65 %[0m
[17:47:39.374] [1;32muart:~$ [m[8D[J[1;32muart:~$ [m[8D[JNETMEM up=18630s pktRX=38/40 pktTX=15/16 bufRX=158/160/m102 bufTX=79/80/m6 sysheap_free=11208 alloc=21380 max=24056
[17:48:09.373] [1;32muart:~$ [m[8D[J[1;32muart:~$ [m[8D[JNETMEM up=18660s pktRX=38/40 pktTX=15/16 bufRX=158/160/m102 bufTX=79/80/m6 sysheap_free=11208 alloc=21380 max=24056
[17:48:39.373] [1;32muart:~$ [m[8D[J[05:11:01.131,000] [0m<inf> shtc3: SHTC3: temperature=21.98 C humidity=44.62 %[0m
[17:48:39.374] [1;32muart:~$ [m[8D[J[1;32muart:~$ [m[8D[JNETMEM up=18690s pktRX=38/40 pktTX=15/16 bufRX=158/160/m102 bufTX=79/80/m6 sysheap_free=11208 alloc=21380 max=24056
[17:49:09.374] [1;32muart:~$ [m[8D[J[1;32muart:~$ [m[8D[JNETMEM up=18720s pktRX=38/40 pktTX=15/16 bufRX=158/160/m102 bufTX=79/80/m6 sysheap_free=11208 alloc=21380 max=24056
[17:49:39.374] [1;32muart:~$ [m[8D[J[05:12:01.134,000] [0m<inf> shtc3: SHTC3: temperature=21.98 C humidity=44.24 %[0m
[17:49:39.374] [1;32muart:~$ [m[8D[J[1;32muart:~$ [m[8D[JNETMEM up=18750s pktRX=38/40 pktTX=15/16 bufRX=158/160/m102 bufTX=79/80/m6 sysheap_free=11208 alloc=21380 max=24056
[17:50:09.374] [1;32muart:~$ [m[8D[J[1;32muart:~$ [m[8D[JNETMEM up=18780s pktRX=38/40 pktTX=15/16 bufRX=158/160/m102 bufTX=79/80/m6 sysheap_free=11208 alloc=21380 max=24056
[17:50:39.374] [1;32muart:~$ [m[8D[J[05:13:01.137,000] [0m<inf> shtc3: SHTC3: temperature=21.98 C humidity=44.45 %[0m
[17:50:39.375] [1;32muart:~$ [m[8D[J[1;32muart:~$ [m[8D[JNETMEM up=18810s pktRX=38/40 pktTX=15/16 bufRX=158/160/m102 bufTX=79/80/m6 sysheap_free=11208 alloc=21380 max=24056
[17:51:09.374] [1;32muart:~$ [m[8D[J[1;32muart:~$ [m[8D[JNETMEM up=18840s pktRX=38/40 pktTX=15/16 bufRX=158/160/m102 bufTX=79/80/m6 sysheap_free=11208 alloc=21380 max=24056
[17:51:39.374] [1;32muart:~$ [m[8D[J[05:14:01.140,000] [0m<inf> shtc3: SHTC3: temperature=21.98 C humidity=44.27 %[0m
[17:51:39.375] [1;32muart:~$ [m[8D[J[1;32muart:~$ [m[8D[JNETMEM up=18870s pktRX=38/40 pktTX=15/16 bufRX=158/160/m102 bufTX=79/80/m6 sysheap_free=11208 alloc=21380 max=24056
[17:52:09.375] [1;32muart:~$ [m[8D[J[1;32muart:~$ [m[8D[JThread analyze:
[17:52:38.266] [1;32muart:~$ [m[8D[J wdt_sentinel_tid    : STACK: unused 432 usage 336 / 768 (43 %); CPU: 0 %
[17:52:38.267] [1;32muart:~$ [m[8D[J                     : Total CPU cycles used: 140357687
[17:52:38.268] [1;32muart:~$ [m[8D[J thread_analyzer     : STACK: unused 112 usage 912 / 1024 (89 %); CPU: 0 %
[17:52:38.269] [1;32muart:~$ [m[8D[J                     : Total CPU cycles used: 41178376
[17:52:38.269] [1;32muart:~$ [m[8D[J sys_wdt_tid         : STACK: unused 704 usage 320 / 1024 (31 %); CPU: 0 %
[17:52:38.270] [1;32muart:~$ [m[8D[J                     : Total CPU cycles used: 26072022
[17:52:38.271] [1;32muart:~$ [m[8D[J shtc3_thread        : STACK: unused 1360 usage 688 / 2048 (33 %); CPU: 0 %
[17:52:38.272] [1;32muart:~$ [m[8D[J                     : Total CPU cycles used: 21506976
[17:52:38.273] [1;32muart:~$ [m[8D[J ntp_thread          : STACK: unused 2480 usage 1616 / 4096 (39 %); CPU: 0 %
[17:52:38.274] [1;32muart:~$ [m[8D[J                     : Total CPU cycles used: 8836859
[17:52:38.274] [1;32muart:~$ [m[8D[J netmem_tid          : STACK: unused 624 usage 656 / 1280 (51 %); CPU: 0 %
[17:52:38.275] [1;32muart:~$ [m[8D[J                     : Total CPU cycles used: 16599290
[17:52:38.276] [1;32muart:~$ [m[8D[J llss_thread         : STACK: unused 11584 usage 4800 / 16384 (29 %); CPU: 0 %
[17:52:38.276] [1;32muart:~$ [m[8D[J                     : Total CPU cycles used: 8795490335
[17:52:38.277] [1;32muart:~$ [m[8D[J input               : STACK: unused 560 usage 464 / 1024 (45 %); CPU: 0 %
[17:52:38.278] [1;32muart:~$ [m[8D[J                     : Total CPU cycles used: 72962
[17:52:38.278] [1;32muart:~$ [m[8D[J display_thread      : STACK: unused 8640 usage 3648 / 12288 (29 %); CPU: 0 %
[17:52:38.279] [1;32muart:~$ [m[8D[J                     : Total CPU cycles used: 400393757
[17:52:38.280] [1;32muart:~$ [m[8D[J device_ui_thread    : STACK: unused 4480 usage 3712 / 8192 (45 %); CPU: 0 %
[17:52:38.281] [1;32muart:~$ [m[8D[J                     : Total CPU cycles used: 32926845352
[17:52:38.281] [1;32muart:~$ [m[8D[J conn_mgr_monitor    : STACK: unused 176 usage 336 / 512 (65 %); CPU: 0 %
[17:52:38.282] [1;32muart:~$ [m[8D[J                     : Total CPU cycles used: 86568
[17:52:38.283] [1;32muart:~$ [m[8D[J net_socket_service  : STACK: unused 3344 usage 752 / 4096 (18 %); CPU: 0 %
[17:52:38.284] [1;32muart:~$ [m[8D[J                     : Total CPU cycles used: 5080658
[17:52:38.284] [1;32muart:~$ [m[8D[J rx_q[0]             : STACK: unused 528 usage 1520 / 2048 (74 %); CPU: 0 %
[17:52:38.285] [1;32muart:~$ [m[8D[J                     : Total CPU cycles used: 4284220027
[17:52:38.286] [1;32muart:~$ [m[8D[J net_mgmt            : STACK: unused 3424 usage 672 / 4096 (16 %); CPU: 0 %
[17:52:38.286] [1;32muart:~$ [m[8D[J                     : Total CPU cycles used: 8835928
[17:52:38.287] [1;32muart:~$ [m[8D[J tcp_work            : STACK: unused 1680 usage 368 / 2048 (17 %); CPU: 0 %
[17:52:38.288] [1;32muart:~$ [m[8D[J                     : Total CPU cycles used: 8866437
[17:52:38.288] [1;32muart:~$ [m[8D[J shell_uart          : STACK: unused 2624 usage 1472 / 4096 (35 %); CPU: 0 %
[17:52:38.289] [1;32muart:~$ [m[8D[J                     : Total CPU cycles used: 280848222
[17:52:38.290] [1;32muart:~$ [m[8D[J wifi                : STACK: unused 1456 usage 2128 / 3584 (59 %); CPU: 0 %
[17:52:38.291] [1;32muart:~$ [m[8D[J                     : Total CPU cycles used: 33954549109
[17:52:38.291] [1;32muart:~$ [m[8D[J sysworkq            : STACK: unused 3248 usage 848 / 4096 (20 %); CPU: 0 %
[17:52:38.292] [1;32muart:~$ [m[8D[J                     : Total CPU cycles used: 436085449
[17:52:38.293] [1;32muart:~$ [m[8D[J esp_timer           : STACK: unused 3472 usage 624 / 4096 (15 %); CPU: 0 %
[17:52:38.294] [1;32muart:~$ [m[8D[J                     : Total CPU cycles used: 1691878110
[17:52:38.294] [1;32muart:~$ [m[8D[J logging             : STACK: unused 544 usage 480 / 1024 (46 %); CPU: 0 %
[17:52:38.295] [1;32muart:~$ [m[8D[J                     : Total CPU cycles used: 41199313
[17:52:38.296] [1;32muart:~$ [m[8D[J idle                : STACK: unused 816 usage 208 / 1024 (20 %); CPU: 98 %
[17:52:38.296] [1;32muart:~$ [m[8D[J                     : Total CPU cycles used: 4451648032737
[17:52:38.297] [1;32muart:~$ [m[8D[J ISR0                : STACK: unused 1520 usage 528 / 2048 (25 %); CPU: 0 %
[17:52:38.299] [1;32muart:~$ [m[8D[J                     : Total CPU cycles used: 0
[17:52:38.299] [1;32muart:~$ [m[8D[J[1;32muart:~$ [m[8D[J[1;32muart:~$ [m[8D[JNETMEM up=18900s pktRX=38/40 pktTX=15/16 bufRX=158/160/m102 bufTX=79/80/m6 sysheap_free=11208 alloc=21380 max=24056
[17:52:39.375] [1;32muart:~$ [m[8D[J[05:15:01.143,000] [0m<inf> shtc3: SHTC3: temperature=21.92 C humidity=44.37 %[0m
[17:52:39.375] [1;32muart:~$ [m[8D[J[1;32muart:~$ [m[8D[JNETMEM up=18930s pktRX=38/40 pktTX=15/16 bufRX=158/160/m102 bufTX=79/80/m6 sysheap_free=11172 alloc=21416 max=24056
[17:53:09.375] [1;32muart:~$ [m[8D[J[1;32muart:~$ [m[8D[JNETMEM up=18960s pktRX=38/40 pktTX=15/16 bufRX=158/160/m102 bufTX=79/80/m6 sysheap_free=11208 alloc=21380 max=24056
[17:53:39.375] [1;32muart:~$ [m[8D[J[05:16:01.146,000] [0m<inf> shtc3: SHTC3: temperature=21.98 C humidity=44.45 %[0m
[17:53:39.376] [1;32muart:~$ [m[8D[J[1;32muart:~$ [m[8D[JNETMEM up=18990s pktRX=38/40 pktTX=15/16 bufRX=158/160/m102 bufTX=79/80/m6 sysheap_free=11208 alloc=21380 max=24056
[17:54:09.376] [1;32muart:~$ [m[8D[J[1;32muart:~$ [m[8D[JNETMEM up=19020s pktRX=38/40 pktTX=15/16 bufRX=158/160/m102 bufTX=79/80/m6 sysheap_free=11208 alloc=21380 max=24056
[17:54:39.376] [1;32muart:~$ [m[8D[J[05:17:01.149,000] [0m<inf> shtc3: SHTC3: temperature=22.10 C humidity=44.48 %[0m
[17:54:39.377] [1;32muart:~$ [m[8D[J[1;32muart:~$ [m[8D[JNETMEM up=19050s pktRX=38/40 pktTX=15/16 bufRX=158/160/m102 bufTX=79/80/m6 sysheap_free=11208 alloc=21380 max=24056
[17:55:09.376] [1;32muart:~$ [m[8D[J[1;32muart:~$ [m[8D[JNETMEM up=19080s pktRX=38/40 pktTX=15/16 bufRX=158/160/m102 bufTX=79/80/m6 sysheap_free=11208 alloc=21380 max=24056
[17:55:39.377] [1;32muart:~$ [m[8D[J[05:18:01.152,000] [0m<inf> shtc3: SHTC3: temperature=21.98 C humidity=44.29 %[0m
[17:55:39.377] [1;32muart:~$ [m[8D[J[1;32muart:~$ [m[8D[JNETMEM up=19110s pktRX=38/40 pktTX=15/16 bufRX=158/160/m102 bufTX=79/80/m6 sysheap_free=11208 alloc=21380 max=24056
[17:56:09.376] [1;32muart:~$ [m[8D[J[1;32muart:~$ [m[8D[JNETMEM up=19140s pktRX=38/40 pktTX=15/16 bufRX=158/160/m102 bufTX=79/80/m6 sysheap_free=11208 alloc=21380 max=24056
[17:56:39.377] [1;32muart:~$ [m[8D[J[05:19:01.155,000] [0m<inf> shtc3: SHTC3: temperature=22.09 C humidity=44.15 %[0m
[17:56:39.378] [1;32muart:~$ [m[8D[J[1;32muart:~$ [m[8D[JNETMEM up=19170s pktRX=38/40 pktTX=15/16 bufRX=158/160/m102 bufTX=79/80/m6 sysheap_free=11208 alloc=21380 max=24056
[17:57:09.377] [1;32muart:~$ [m[8D[J[1;32muart:~$ [m[8D[JThread analyze:
[17:57:38.271] [1;32muart:~$ [m[8D[J wdt_sentinel_tid    : STACK: unused 432 usage 336 / 768 (43 %); CPU: 0 %
[17:57:38.271] [1;32muart:~$ [m[8D[J                     : Total CPU cycles used: 142479674
[17:57:38.271] [1;32muart:~$ [m[8D[J thread_analyzer     : STACK: unused 112 usage 912 / 1024 (89 %); CPU: 0 %
[17:57:38.271] [1;32muart:~$ [m[8D[J                     : Total CPU cycles used: 41826926
[17:57:38.272] [1;32muart:~$ [m[8D[J sys_wdt_tid         : STACK: unused 704 usage 320 / 1024 (31 %); CPU: 0 %
[17:57:38.273] [1;32muart:~$ [m[8D[J                     : Total CPU cycles used: 26523757
[17:57:38.273] [1;32muart:~$ [m[8D[J shtc3_thread        : STACK: unused 1360 usage 688 / 2048 (33 %); CPU: 0 %
[17:57:38.274] [1;32muart:~$ [m[8D[J                     : Total CPU cycles used: 21867449
[17:57:38.275] [1;32muart:~$ [m[8D[J ntp_thread          : STACK: unused 2480 usage 1616 / 4096 (39 %); CPU: 0 %
[17:57:38.276] [1;32muart:~$ [m[8D[J                     : Total CPU cycles used: 8836859
[17:57:38.276] [1;32muart:~$ [m[8D[J netmem_tid          : STACK: unused 624 usage 656 / 1280 (51 %); CPU: 0 %
[17:57:38.277] [1;32muart:~$ [m[8D[J                     : Total CPU cycles used: 16878933
[17:57:38.278] [1;32muart:~$ [m[8D[J llss_thread         : STACK: unused 11584 usage 4800 / 16384 (29 %); CPU: 0 %
[17:57:38.278] [1;32muart:~$ [m[8D[J                     : Total CPU cycles used: 8863933940
[17:57:38.279] [1;32muart:~$ [m[8D[J input               : STACK: unused 560 usage 464 / 1024 (45 %); CPU: 0 %
[17:57:38.280] [1;32muart:~$ [m[8D[J                     : Total CPU cycles used: 72962
[17:57:38.280] [1;32muart:~$ [m[8D[J display_thread      : STACK: unused 8640 usage 3648 / 12288 (29 %); CPU: 0 %
[17:57:38.281] [1;32muart:~$ [m[8D[J                     : Total CPU cycles used: 400393757
[17:57:38.282] [1;32muart:~$ [m[8D[J device_ui_thread    : STACK: unused 4480 usage 3712 / 8192 (45 %); CPU: 0 %
[17:57:38.283] [1;32muart:~$ [m[8D[J                     : Total CPU cycles used: 33474624161
[17:57:38.283] [1;32muart:~$ [m[8D[J conn_mgr_monitor    : STACK: unused 176 usage 336 / 512 (65 %); CPU: 0 %
[17:57:38.284] [1;32muart:~$ [m[8D[J                     : Total CPU cycles used: 86568
[17:57:38.285] [1;32muart:~$ [m[8D[J net_socket_service  : STACK: unused 3344 usage 752 / 4096 (18 %); CPU: 0 %
[17:57:38.286] [1;32muart:~$ [m[8D[J                     : Total CPU cycles used: 5080658
[17:57:38.286] [1;32muart:~$ [m[8D[J rx_q[0]             : STACK: unused 528 usage 1520 / 2048 (74 %); CPU: 0 %
[17:57:38.287] [1;32muart:~$ [m[8D[J                     : Total CPU cycles used: 4347204066
[17:57:38.288] [1;32muart:~$ [m[8D[J net_mgmt            : STACK: unused 3424 usage 672 / 4096 (16 %); CPU: 0 %
[17:57:38.288] [1;32muart:~$ [m[8D[J                     : Total CPU cycles used: 8970254
[17:57:38.289] [1;32muart:~$ [m[8D[J tcp_work            : STACK: unused 1680 usage 368 / 2048 (17 %); CPU: 0 %
[17:57:38.290] [1;32muart:~$ [m[8D[J                     : Total CPU cycles used: 8866437
[17:57:38.290] [1;32muart:~$ [m[8D[J shell_uart          : STACK: unused 2624 usage 1472 / 4096 (35 %); CPU: 0 %
[17:57:38.291] [1;32muart:~$ [m[8D[J                     : Total CPU cycles used: 284619601
[17:57:38.292] [1;32muart:~$ [m[8D[J wifi                : STACK: unused 1456 usage 2128 / 3584 (59 %); CPU: 0 %
[17:57:38.293] [1;32muart:~$ [m[8D[J                     : Total CPU cycles used: 34486641232
[17:57:38.293] [1;32muart:~$ [m[8D[J sysworkq            : STACK: unused 3248 usage 848 / 4096 (20 %); CPU: 0 %
[17:57:38.294] [1;32muart:~$ [m[8D[J                     : Total CPU cycles used: 443043053
[17:57:38.295] [1;32muart:~$ [m[8D[J esp_timer           : STACK: unused 3472 usage 624 / 4096 (15 %); CPU: 0 %
[17:57:38.296] [1;32muart:~$ [m[8D[J                     : Total CPU cycles used: 1719157936
[17:57:38.296] [1;32muart:~$ [m[8D[J logging             : STACK: unused 544 usage 480 / 1024 (46 %); CPU: 0 %
[17:57:38.297] [1;32muart:~$ [m[8D[J                     : Total CPU cycles used: 41707713
[17:57:38.298] [1;32muart:~$ [m[8D[J idle                : STACK: unused 816 usage 208 / 1024 (20 %); CPU: 98 %
[17:57:38.299] [1;32muart:~$ [m[8D[J                     : Total CPU cycles used: 4522378959649
[17:57:38.300] [1;32muart:~$ [m[8D[J ISR0                : STACK: unused 1520 usage 528 / 2048 (25 %); CPU: 0 %
[17:57:38.301] [1;32muart:~$ [m[8D[J                     : Total CPU cycles used: 0
[17:57:38.303] [1;32muart:~$ [m[8D[J[1;32muart:~$ [m[8D[J[1;32muart:~$ [m[8D[JNETMEM up=19200s pktRX=38/40 pktTX=15/16 bufRX=158/160/m102 bufTX=79/80/m6 sysheap_free=11208 alloc=21380 max=24056
[17:57:39.377] [1;32muart:~$ [m[8D[J[05:20:01.157,000] [0m<inf> shtc3: SHTC3: temperature=22.00 C humidity=44.40 %[0m
[17:57:39.378] [1;32muart:~$ [m[8D[J[1;32muart:~$ [m[8D[JNETMEM up=19230s pktRX=38/40 pktTX=15/16 bufRX=158/160/m102 bufTX=79/80/m6 sysheap_free=11208 alloc=21380 max=24056
[17:58:09.378] [1;32muart:~$ [m[8D[J[1;32muart:~$ [m[8D[JNETMEM up=19260s pktRX=38/40 pktTX=15/16 bufRX=158/160/m102 bufTX=79/80/m6 sysheap_free=11172 alloc=21416 max=24056
[17:58:39.381] [1;32muart:~$ [m[8D[J[05:21:01.160,000] [0m<inf> shtc3: SHTC3: temperature=21.99 C humidity=44.07 %[0m
[17:58:39.381] [1;32muart:~$ [m[8D[J[1;32muart:~$ [m[8D[JNETMEM up=19290s pktRX=38/40 pktTX=15/16 bufRX=158/160/m102 bufTX=79/80/m6 sysheap_free=11208 alloc=21380 max=24056
[17:59:09.378] [1;32muart:~$ [m[8D[J[1;32muart:~$ [m[8D[JNETMEM up=19320s pktRX=38/40 pktTX=15/16 bufRX=158/160/m102 bufTX=79/80/m6 sysheap_free=11208 alloc=21380 max=24056
[17:59:39.379] [1;32muart:~$ [m[8D[J[05:22:01.163,000] [0m<inf> shtc3: SHTC3: temperature=22.04 C humidity=44.11 %[0m
[17:59:39.379] [1;32muart:~$ [m[8D[J[1;32muart:~$ [m[8D[JNETMEM up=19350s pktRX=38/40 pktTX=15/16 bufRX=158/160/m102 bufTX=79/80/m6 sysheap_free=11208 alloc=21380 max=24056
[18:00:09.380] [1;32muart:~$ [m[8D[J[1;32muart:~$ [m[8D[JNETMEM up=19380s pktRX=38/40 pktTX=15/16 bufRX=158/160/m102 bufTX=79/80/m6 sysheap_free=11208 alloc=21380 max=24056
[18:00:39.379] [1;32muart:~$ [m[8D[J[05:23:01.166,000] [0m<inf> shtc3: SHTC3: temperature=21.98 C humidity=44.15 %[0m
[18:00:39.380] [1;32muart:~$ [m[8D[J[1;32muart:~$ [m[8D[JNETMEM up=19410s pktRX=38/40 pktTX=15/16 bufRX=158/160/m102 bufTX=79/80/m6 sysheap_free=11208 alloc=21380 max=24056
[18:01:09.380] [1;32muart:~$ [m[8D[J[1;32muart:~$ [m[8D[JNETMEM up=19440s pktRX=38/40 pktTX=15/16 bufRX=158/160/m102 bufTX=79/80/m6 sysheap_free=11208 alloc=21380 max=24056
[18:01:39.380] [1;32muart:~$ [m[8D[J[05:24:01.169,000] [0m<inf> shtc3: SHTC3: temperature=22.00 C humidity=44.46 %[0m
[18:01:39.380] [1;32muart:~$ [m[8D[J[1;32muart:~$ [m[8D[JNETMEM up=19470s pktRX=38/40 pktTX=15/16 bufRX=158/160/m102 bufTX=79/80/m6 sysheap_free=11208 alloc=21380 max=24056
[18:02:09.380] [1;32muart:~$ [m[8D[J[1;32muart:~$ [m[8D[JThread analyze:
[18:02:38.273] [1;32muart:~$ [m[8D[J wdt_sentinel_tid    : STACK: unused 432 usage 336 / 768 (43 %); CPU: 0 %
[18:02:38.274] [1;32muart:~$ [m[8D[J                     : Total CPU cycles used: 144618733
[18:02:38.274] [1;32muart:~$ [m[8D[J thread_analyzer     : STACK: unused 112 usage 912 / 1024 (89 %); CPU: 0 %
[18:02:38.275] [1;32muart:~$ [m[8D[J                     : Total CPU cycles used: 42476058
[18:02:38.276] [1;32muart:~$ [m[8D[J sys_wdt_tid         : STACK: unused 704 usage 320 / 1024 (31 %); CPU: 0 %
[18:02:38.276] [1;32muart:~$ [m[8D[J                     : Total CPU cycles used: 26998651
[18:02:38.277] [1;32muart:~$ [m[8D[J shtc3_thread        : STACK: unused 1360 usage 688 / 2048 (33 %); CPU: 0 %
[18:02:38.278] [1;32muart:~$ [m[8D[J                     : Total CPU cycles used: 22206528
[18:02:38.278] [1;32muart:~$ [m[8D[J ntp_thread          : STACK: unused 2480 usage 1616 / 4096 (39 %); CPU: 0 %
[18:02:38.279] [1;32muart:~$ [m[8D[J                     : Total CPU cycles used: 8836859
[18:02:38.280] [1;32muart:~$ [m[8D[J netmem_tid          : STACK: unused 624 usage 656 / 1280 (51 %); CPU: 0 %
[18:02:38.281] [1;32muart:~$ [m[8D[J                     : Total CPU cycles used: 17160858
[18:02:38.281] [1;32muart:~$ [m[8D[J llss_thread         : STACK: unused 11584 usage 4800 / 16384 (29 %); CPU: 0 %
[18:02:38.282] [1;32muart:~$ [m[8D[J                     : Total CPU cycles used: 8935047528
[18:02:38.283] [1;32muart:~$ [m[8D[J input               : STACK: unused 560 usage 464 / 1024 (45 %); CPU: 0 %
[18:02:38.284] [1;32muart:~$ [m[8D[J                     : Total CPU cycles used: 72962
[18:02:38.284] [1;32muart:~$ [m[8D[J display_thread      : STACK: unused 8640 usage 3648 / 12288 (29 %); CPU: 0 %
[18:02:38.285] [1;32muart:~$ [m[8D[J                     : Total CPU cycles used: 400393757
[18:02:38.286] [1;32muart:~$ [m[8D[J device_ui_thread    : STACK: unused 4480 usage 3712 / 8192 (45 %); CPU: 0 %
[18:02:38.286] [1;32muart:~$ [m[8D[J                     : Total CPU cycles used: 34000023586
[18:02:38.287] [1;32muart:~$ [m[8D[J conn_mgr_monitor    : STACK: unused 176 usage 336 / 512 (65 %); CPU: 0 %
[18:02:38.288] [1;32muart:~$ [m[8D[J                     : Total CPU cycles used: 86568
[18:02:38.288] [1;32muart:~$ [m[8D[J net_socket_service  : STACK: unused 3344 usage 752 / 4096 (18 %); CPU: 0 %
[18:02:38.289] [1;32muart:~$ [m[8D[J                     : Total CPU cycles used: 5080658
[18:02:38.290] [1;32muart:~$ [m[8D[J rx_q[0]             : STACK: unused 528 usage 1520 / 2048 (74 %); CPU: 0 %
[18:02:38.291] [1;32muart:~$ [m[8D[J                     : Total CPU cycles used: 4408124838
[18:02:38.291] [1;32muart:~$ [m[8D[J net_mgmt            : STACK: unused 3424 usage 672 / 4096 (16 %); CPU: 0 %
[18:02:38.292] [1;32muart:~$ [m[8D[J                     : Total CPU cycles used: 9107546
[18:02:38.293] [1;32muart:~$ [m[8D[J tcp_work            : STACK: unused 1680 usage 368 / 2048 (17 %); CPU: 0 %
[18:02:38.294] [1;32muart:~$ [m[8D[J                     : Total CPU cycles used: 8866437
[18:02:38.294] [1;32muart:~$ [m[8D[J shell_uart          : STACK: unused 2624 usage 1472 / 4096 (35 %); CPU: 0 %
[18:02:38.295] [1;32muart:~$ [m[8D[J                     : Total CPU cycles used: 288505794
[18:02:38.296] [1;32muart:~$ [m[8D[J wifi                : STACK: unused 1456 usage 2128 / 3584 (59 %); CPU: 0 %
[18:02:38.296] [1;32muart:~$ [m[8D[J                     : Total CPU cycles used: 35018968931
[18:02:38.297] [1;32muart:~$ [m[8D[J sysworkq            : STACK: unused 3248 usage 848 / 4096 (20 %); CPU: 0 %
[18:02:38.298] [1;32muart:~$ [m[8D[J                     : Total CPU cycles used: 449932260
[18:02:38.298] [1;32muart:~$ [m[8D[J esp_timer           : STACK: unused 3472 usage 624 / 4096 (15 %); CPU: 0 %
[18:02:38.299] [1;32muart:~$ [m[8D[J                     : Total CPU cycles used: 1746358723
[18:02:38.300] [1;32muart:~$ [m[8D[J logging             : STACK: unused 544 usage 480 / 1024 (46 %); CPU: 0 %
[18:02:38.301] [1;32muart:~$ [m[8D[J                     : Total CPU cycles used: 42216627
[18:02:38.301] [1;32muart:~$ [m[8D[J idle                : STACK: unused 816 usage 208 / 1024 (20 %); CPU: 98 %
[18:02:38.302] [1;32muart:~$ [m[8D[J                     : Total CPU cycles used: 4593131112913
[18:02:38.303] [1;32muart:~$ [m[8D[J ISR0                : STACK: unused 1520 usage 528 / 2048 (25 %); CPU: 0 %
[18:02:38.304] [1;32muart:~$ [m[8D[J                     : Total CPU cycles used: 0
[18:02:38.304] [1;32muart:~$ [m[8D[J[1;32muart:~$ [m[8D[J[1;32muart:~$ [m[8D[JNETMEM up=19500s pktRX=38/40 pktTX=15/16 bufRX=158/160/m102 bufTX=79/80/m6 sysheap_free=11208 alloc=21380 max=24056
[18:02:39.380] [1;32muart:~$ [m[8D[J[05:25:01.172,000] [0m<inf> shtc3: SHTC3: temperature=21.98 C humidity=44.15 %[0m
[18:02:39.381] [1;32muart:~$ [m[8D[J[1;32muart:~$ [m[8D[JNETMEM up=19530s pktRX=38/40 pktTX=15/16 bufRX=158/160/m102 bufTX=79/80/m6 sysheap_free=11208 alloc=21380 max=24056
[18:03:09.381] [1;32muart:~$ [m[8D[J[1;32muart:~$ [m[8D[JNETMEM up=19560s pktRX=38/40 pktTX=15/16 bufRX=158/160/m102 bufTX=79/80/m6 sysheap_free=11208 alloc=21380 max=24056
[18:03:39.381] [1;32muart:~$ [m[8D[J[05:26:01.175,000] [0m<inf> shtc3: SHTC3: temperature=21.98 C humidity=44.26 %[0m
[18:03:39.382] [1;32muart:~$ [m[8D[J[1;32muart:~$ [m[8D[JNETMEM up=19590s pktRX=38/40 pktTX=15/16 bufRX=158/160/m102 bufTX=79/80/m6 sysheap_free=11208 alloc=21380 max=24056
[18:04:09.381] [1;32muart:~$ [m[8D[J[1;32muart:~$ [m[8D[JNETMEM up=19620s pktRX=38/40 pktTX=15/16 bufRX=158/160/m102 bufTX=79/80/m6 sysheap_free=11208 alloc=21380 max=24056
[18:04:39.382] [1;32muart:~$ [m[8D[J[05:27:01.178,000] [0m<inf> shtc3: SHTC3: temperature=21.98 C humidity=44.25 %[0m
[18:04:39.382] [1;32muart:~$ [m[8D[J[1;32muart:~$ [m[8D[JNETMEM up=19650s pktRX=38/40 pktTX=15/16 bufRX=158/160/m102 bufTX=79/80/m6 sysheap_free=11208 alloc=21380 max=24056
[18:05:09.382] [1;32muart:~$ [m[8D[J[1;32muart:~$ [m[8D[JNETMEM up=19680s pktRX=38/40 pktTX=15/16 bufRX=158/160/m102 bufTX=79/80/m6 sysheap_free=11208 alloc=21380 max=24056
[18:05:39.385] [1;32muart:~$ [m[8D[J[05:28:01.181,000] [0m<inf> shtc3: SHTC3: temperature=21.98 C humidity=44.20 %[0m
[18:05:39.386] [1;32muart:~$ [m[8D[J[1;32muart:~$ [m[8D[JNETMEM up=19710s pktRX=38/40 pktTX=15/16 bufRX=158/160/m102 bufTX=79/80/m6 sysheap_free=11208 alloc=21380 max=24056
[18:06:09.383] [1;32muart:~$ [m[8D[J[1;32muart:~$ [m[8D[JNETMEM up=19740s pktRX=38/40 pktTX=15/16 bufRX=158/160/m102 bufTX=79/80/m6 sysheap_free=11208 alloc=21380 max=24056
[18:06:39.383] [1;32muart:~$ [m[8D[J[05:29:01.184,000] [0m<inf> shtc3: SHTC3: temperature=21.98 C humidity=44.20 %[0m
[18:06:39.384] [1;32muart:~$ [m[8D[J[1;32muart:~$ [m[8D[JNETMEM up=19770s pktRX=38/40 pktTX=15/16 bufRX=158/160/m102 bufTX=79/80/m6 sysheap_free=11208 alloc=21380 max=24056
[18:07:09.383] [1;32muart:~$ [m[8D[J[1;32muart:~$ [m[8D[JThread analyze:
[18:07:38.277] [1;32muart:~$ [m[8D[J wdt_sentinel_tid    : STACK: unused 432 usage 336 / 768 (43 %); CPU: 0 %
[18:07:38.278] [1;32muart:~$ [m[8D[J                     : Total CPU cycles used: 146776835
[18:07:38.278] [1;32muart:~$ [m[8D[J thread_analyzer     : STACK: unused 112 usage 912 / 1024 (89 %); CPU: 0 %
[18:07:38.279] [1;32muart:~$ [m[8D[J                     : Total CPU cycles used: 43124665
[18:07:38.280] [1;32muart:~$ [m[8D[J sys_wdt_tid         : STACK: unused 704 usage 320 / 1024 (31 %); CPU: 0 %
[18:07:38.282] [1;32muart:~$ [m[8D[J                     : Total CPU cycles used: 27471409
[18:07:38.282] [1;32muart:~$ [m[8D[J shtc3_thread        : STACK: unused 1360 usage 688 / 2048 (33 %); CPU: 0 %
[18:07:38.282] [1;32muart:~$ [m[8D[J                     : Total CPU cycles used: 22537754
[18:07:38.283] [1;32muart:~$ [m[8D[J ntp_thread          : STACK: unused 2480 usage 1616 / 4096 (39 %); CPU: 0 %
[18:07:38.283] [1;32muart:~$ [m[8D[J                     : Total CPU cycles used: 8836859
[18:07:38.284] [1;32muart:~$ [m[8D[J netmem_tid          : STACK: unused 624 usage 656 / 1280 (51 %); CPU: 0 %
[18:07:38.285] [1;32muart:~$ [m[8D[J                     : Total CPU cycles used: 17440826
[18:07:38.285] [1;32muart:~$ [m[8D[J llss_thread         : STACK: unused 11584 usage 4800 / 16384 (29 %); CPU: 0 %
[18:07:38.286] [1;32muart:~$ [m[8D[J                     : Total CPU cycles used: 9005926300
[18:07:38.287] [1;32muart:~$ [m[8D[J input               : STACK: unused 560 usage 464 / 1024 (45 %); CPU: 0 %
[18:07:38.288] [1;32muart:~$ [m[8D[J                     : Total CPU cycles used: 72962
[18:07:38.288] [1;32muart:~$ [m[8D[J display_thread      : STACK: unused 8640 usage 3648 / 12288 (29 %); CPU: 0 %
[18:07:38.289] [1;32muart:~$ [m[8D[J                     : Total CPU cycles used: 400393757
[18:07:38.290] [1;32muart:~$ [m[8D[J device_ui_thread    : STACK: unused 4480 usage 3712 / 8192 (45 %); CPU: 0 %
[18:07:38.291] [1;32muart:~$ [m[8D[J                     : Total CPU cycles used: 34552482252
[18:07:38.291] [1;32muart:~$ [m[8D[J conn_mgr_monitor    : STACK: unused 176 usage 336 / 512 (65 %); CPU: 0 %
[18:07:38.292] [1;32muart:~$ [m[8D[J                     : Total CPU cycles used: 86568
[18:07:38.293] [1;32muart:~$ [m[8D[J net_socket_service  : STACK: unused 3344 usage 752 / 4096 (18 %); CPU: 0 %
[18:07:38.293] [1;32muart:~$ [m[8D[J                     : Total CPU cycles used: 5080658
[18:07:38.294] [1;32muart:~$ [m[8D[J rx_q[0]             : STACK: unused 528 usage 1520 / 2048 (74 %); CPU: 0 %
[18:07:38.295] [1;32muart:~$ [m[8D[J                     : Total CPU cycles used: 4468917947
[18:07:38.295] [1;32muart:~$ [m[8D[J net_mgmt            : STACK: unused 3424 usage 672 / 4096 (16 %); CPU: 0 %
[18:07:38.296] [1;32muart:~$ [m[8D[J                     : Total CPU cycles used: 9242927
[18:07:38.297] [1;32muart:~$ [m[8D[J tcp_work            : STACK: unused 1680 usage 368 / 2048 (17 %); CPU: 0 %
[18:07:38.298] [1;32muart:~$ [m[8D[J                     : Total CPU cycles used: 8866437
[18:07:38.298] [1;32muart:~$ [m[8D[J shell_uart          : STACK: unused 2624 usage 1472 / 4096 (35 %); CPU: 0 %
[18:07:38.299] [1;32muart:~$ [m[8D[J                     : Total CPU cycles used: 292196947
[18:07:38.300] [1;32muart:~$ [m[8D[J wifi                : STACK: unused 1456 usage 2128 / 3584 (59 %); CPU: 0 %
[18:07:38.301] [1;32muart:~$ [m[8D[J                     : Total CPU cycles used: 35544092134
[18:07:38.301] [1;32muart:~$ [m[8D[J sysworkq            : STACK: unused 3248 usage 848 / 4096 (20 %); CPU: 0 %
[18:07:38.302] [1;32muart:~$ [m[8D[J                     : Total CPU cycles used: 456189682
[18:07:38.303] [1;32muart:~$ [m[8D[J esp_timer           : STACK: unused 3472 usage 624 / 4096 (15 %); CPU: 0 %
[18:07:38.303] [1;32muart:~$ [m[8D[J                     : Total CPU cycles used: 1773541936
[18:07:38.304] [1;32muart:~$ [m[8D[J logging             : STACK: unused 544 usage 480 / 1024 (46 %); CPU: 0 %
[18:07:38.305] [1;32muart:~$ [m[8D[J                     : Total CPU cycles used: 42730073
[18:07:38.306] [1;32muart:~$ [m[8D[J idle                : STACK: unused 816 usage 208 / 1024 (20 %); CPU: 98 %
[18:07:38.306] [1;32muart:~$ [m[8D[J                     : Total CPU cycles used: 4663865005446
[18:07:38.307] [1;32muart:~$ [m[8D[J ISR0                : STACK: unused 1520 usage 528 / 2048 (25 %); CPU: 0 %
[18:07:38.308] [1;32muart:~$ [m[8D[J                     : Total CPU cycles used: 0
[18:07:38.308] [1;32muart:~$ [m[8D[J[1;32muart:~$ [m[8D[J[1;32muart:~$ [m[8D[JNETMEM up=19800s pktRX=38/40 pktTX=15/16 bufRX=158/160/m102 bufTX=79/80/m6 sysheap_free=11208 alloc=21380 max=24056
[18:07:39.384] [1;32muart:~$ [m[8D[J[05:30:01.187,000] [0m<inf> shtc3: SHTC3: temperature=21.59 C humidity=44.09 %[0m
[18:07:39.385] [1;32muart:~$ [m[8D[J[1;32muart:~$ [m[8D[JNETMEM up=19830s pktRX=38/40 pktTX=15/16 bufRX=158/160/m102 bufTX=79/80/m6 sysheap_free=11208 alloc=21380 max=24056
[18:08:09.384] [1;32muart:~$ [m[8D[J[1;32muart:~$ [m[8D[JNETMEM up=19860s pktRX=38/40 pktTX=15/16 bufRX=158/160/m102 bufTX=79/80/m6 sysheap_free=11172 alloc=21416 max=24056
[18:08:39.385] [1;32muart:~$ [m[8D[J[05:31:01.190,000] [0m<inf> shtc3: SHTC3: temperature=21.99 C humidity=44.46 %[0m
[18:08:39.385] [1;32muart:~$ [m[8D[J[1;32muart:~$ [m[8D[JNETMEM up=19890s pktRX=38/40 pktTX=15/16 bufRX=158/160/m102 bufTX=79/80/m6 sysheap_free=11208 alloc=21380 max=24056
[18:09:09.385] [1;32muart:~$ [m[8D[J[1;32muart:~$ [m[8D[JNETMEM up=19920s pktRX=38/40 pktTX=15/16 bufRX=158/160/m102 bufTX=79/80/m6 sysheap_free=11172 alloc=21416 max=24056
[18:09:39.385] [1;32muart:~$ [m[8D[J[05:32:01.193,000] [0m<inf> shtc3: SHTC3: temperature=21.73 C humidity=44.59 %[0m
[18:09:39.386] [1;32muart:~$ [m[8D[J[1;32muart:~$ [m[8D[JNETMEM up=19950s pktRX=38/40 pktTX=15/16 bufRX=158/160/m102 bufTX=79/80/m6 sysheap_free=11208 alloc=21380 max=24056
[18:10:09.386] [1;32muart:~$ [m[8D[J[1;32muart:~$ [m[8D[JNETMEM up=19980s pktRX=38/40 pktTX=15/16 bufRX=158/160/m102 bufTX=79/80/m6 sysheap_free=11172 alloc=21416 max=24056
[18:10:39.386] [1;32muart:~$ [m[8D[J[05:33:01.196,000] [0m<inf> shtc3: SHTC3: temperature=21.78 C humidity=44.25 %[0m
[18:10:39.387] [1;32muart:~$ [m[8D[J[1;32muart:~$ [m[8D[JNETMEM up=20010s pktRX=38/40 pktTX=15/16 bufRX=158/160/m102 bufTX=79/80/m6 sysheap_free=11208 alloc=21380 max=24056
[18:11:09.386] [1;32muart:~$ [m[8D[J[1;32muart:~$ [m[8D[JNETMEM up=20040s pktRX=38/40 pktTX=15/16 bufRX=158/160/m102 bufTX=79/80/m6 sysheap_free=11208 alloc=21380 max=24056
[18:11:39.386] [1;32muart:~$ [m[8D[J[05:34:01.199,000] [0m<inf> shtc3: SHTC3: temperature=21.98 C humidity=44.45 %[0m
[18:11:39.387] [1;32muart:~$ [m[8D[J[1;32muart:~$ [m[8D[JNETMEM up=20070s pktRX=38/40 pktTX=15/16 bufRX=158/160/m102 bufTX=79/80/m6 sysheap_free=11208 alloc=21380 max=24056
[18:12:09.387] [1;32muart:~$ [m[8D[J[1;32muart:~$ [m[8D[JThread analyze:
[18:12:38.281] [1;32muart:~$ [m[8D[J wdt_sentinel_tid    : STACK: unused 432 usage 336 / 768 (43 %); CPU: 0 %
[18:12:38.282] [1;32muart:~$ [m[8D[J                     : Total CPU cycles used: 148972773
[18:12:38.282] [1;32muart:~$ [m[8D[J thread_analyzer     : STACK: unused 112 usage 912 / 1024 (89 %); CPU: 0 %
[18:12:38.283] [1;32muart:~$ [m[8D[J                     : Total CPU cycles used: 43773385
[18:12:38.284] [1;32muart:~$ [m[8D[J sys_wdt_tid         : STACK: unused 704 usage 320 / 1024 (31 %); CPU: 0 %
[18:12:38.285] [1;32muart:~$ [m[8D[J                     : Total CPU cycles used: 27947432
[18:12:38.285] [1;32muart:~$ [m[8D[J shtc3_thread        : STACK: unused 1360 usage 688 / 2048 (33 %); CPU: 0 %
[18:12:38.286] [1;32muart:~$ [m[8D[J                     : Total CPU cycles used: 22889858
[18:12:38.287] [1;32muart:~$ [m[8D[J ntp_thread          : STACK: unused 2480 usage 1616 / 4096 (39 %); CPU: 0 %
[18:12:38.288] [1;32muart:~$ [m[8D[J                     : Total CPU cycles used: 8836859
[18:12:38.288] [1;32muart:~$ [m[8D[J netmem_tid          : STACK: unused 624 usage 656 / 1280 (51 %); CPU: 0 %
[18:12:38.289] [1;32muart:~$ [m[8D[J                     : Total CPU cycles used: 17721434
[18:12:38.290] [1;32muart:~$ [m[8D[J llss_thread         : STACK: unused 11584 usage 4800 / 16384 (29 %); CPU: 0 %
[18:12:38.290] [1;32muart:~$ [m[8D[J                     : Total CPU cycles used: 9080890613
[18:12:38.291] [1;32muart:~$ [m[8D[J input               : STACK: unused 560 usage 464 / 1024 (45 %); CPU: 0 %
[18:12:38.292] [1;32muart:~$ [m[8D[J                     : Total CPU cycles used: 72962
[18:12:38.292] [1;32muart:~$ [m[8D[J display_thread      : STACK: unused 8640 usage 3648 / 12288 (29 %); CPU: 0 %
[18:12:38.293] [1;32muart:~$ [m[8D[J                     : Total CPU cycles used: 400393757
[18:12:38.294] [1;32muart:~$ [m[8D[J device_ui_thread    : STACK: unused 4480 usage 3712 / 8192 (45 %); CPU: 0 %
[18:12:38.295] [1;32muart:~$ [m[8D[J                     : Total CPU cycles used: 35097763062
[18:12:38.295] [1;32muart:~$ [m[8D[J conn_mgr_monitor    : STACK: unused 176 usage 336 / 512 (65 %); CPU: 0 %
[18:12:38.296] [1;32muart:~$ [m[8D[J                     : Total CPU cycles used: 86568
[18:12:38.297] [1;32muart:~$ [m[8D[J net_socket_service  : STACK: unused 3344 usage 752 / 4096 (18 %); CPU: 0 %
[18:12:38.298] [1;32muart:~$ [m[8D[J                     : Total CPU cycles used: 5080658
[18:12:38.298] [1;32muart:~$ [m[8D[J rx_q[0]             : STACK: unused 528 usage 1520 / 2048 (74 %); CPU: 0 %
[18:12:38.299] [1;32muart:~$ [m[8D[J                     : Total CPU cycles used: 4528883316
[18:12:38.300] [1;32muart:~$ [m[8D[J net_mgmt            : STACK: unused 3424 usage 672 / 4096 (16 %); CPU: 0 %
[18:12:38.300] [1;32muart:~$ [m[8D[J                     : Total CPU cycles used: 9378445
[18:12:38.301] [1;32muart:~$ [m[8D[J tcp_work            : STACK: unused 1680 usage 368 / 2048 (17 %); CPU: 0 %
[18:12:38.302] [1;32muart:~$ [m[8D[J                     : Total CPU cycles used: 8866437
[18:12:38.302] [1;32muart:~$ [m[8D[J shell_uart          : STACK: unused 2624 usage 1472 / 4096 (35 %); CPU: 0 %
[18:12:38.303] [1;32muart:~$ [m[8D[J                     : Total CPU cycles used: 295891341
[18:12:38.304] [1;32muart:~$ [m[8D[J wifi                : STACK: unused 1456 usage 2128 / 3584 (59 %); CPU: 0 %
[18:12:38.305] [1;32muart:~$ [m[8D[J                     : Total CPU cycles used: 36069068406
[18:12:38.305] [1;32muart:~$ [m[8D[J sysworkq            : STACK: unused 3248 usage 848 / 4096 (20 %); CPU: 0 %
[18:12:38.306] [1;32muart:~$ [m[8D[J                     : Total CPU cycles used: 463879286
[18:12:38.307] [1;32muart:~$ [m[8D[J esp_timer           : STACK: unused 3472 usage 624 / 4096 (15 %); CPU: 0 %
[18:12:38.308] [1;32muart:~$ [m[8D[J                     : Total CPU cycles used: 1800470268
[18:12:38.308] [1;32muart:~$ [m[8D[J logging             : STACK: unused 544 usage 480 / 1024 (46 %); CPU: 0 %
[18:12:38.309] [1;32muart:~$ [m[8D[J                     : Total CPU cycles used: 43226754
[18:12:38.310] [1;32muart:~$ [m[8D[J idle                : STACK: unused 816 usage 208 / 1024 (20 %); CPU: 98 %
[18:12:38.310] [1;32muart:~$ [m[8D[J                     : Total CPU cycles used: 4734601648913
[18:12:38.311] [1;32muart:~$ [m[8D[J ISR0                : STACK: unused 1520 usage 528 / 2048 (25 %); CPU: 0 %
[18:12:38.312] [1;32muart:~$ [m[8D[J                     : Total CPU cycles used: 0
[18:12:38.313] [1;32muart:~$ [m[8D[J[1;32muart:~$ [m[8D[J[1;32muart:~$ [m[8D[JNETMEM up=20100s pktRX=38/40 pktTX=15/16 bufRX=158/160/m102 bufTX=79/80/m6 sysheap_free=11208 alloc=21380 max=24056
[18:12:39.387] [1;32muart:~$ [m[8D[J[05:35:01.202,000] [0m<inf> shtc3: SHTC3: temperature=21.98 C humidity=44.04 %[0m
[18:12:39.388] [1;32muart:~$ [m[8D[J[1;32muart:~$ [m[8D[JNETMEM up=20130s pktRX=38/40 pktTX=15/16 bufRX=158/160/m102 bufTX=79/80/m6 sysheap_free=11208 alloc=21380 max=24056
[18:13:09.387] [1;32muart:~$ [m[8D[J[1;32muart:~$ [m[8D[JNETMEM up=20160s pktRX=38/40 pktTX=15/16 bufRX=158/160/m102 bufTX=79/80/m6 sysheap_free=11208 alloc=21380 max=24056
[18:13:39.388] [1;32muart:~$ [m[8D[J[05:36:01.205,000] [0m<inf> shtc3: SHTC3: temperature=21.85 C humidity=44.85 %[0m
[18:13:39.389] [1;32muart:~$ [m[8D[J[1;32muart:~$ [m[8D[JNETMEM up=20190s pktRX=38/40 pktTX=15/16 bufRX=158/160/m102 bufTX=79/80/m6 sysheap_free=11208 alloc=21380 max=24056
[18:14:09.388] [1;32muart:~$ [m[8D[J[1;32muart:~$ [m[8D[JNETMEM up=20220s pktRX=38/40 pktTX=15/16 bufRX=158/160/m102 bufTX=79/80/m6 sysheap_free=11208 alloc=21380 max=24056
[18:14:39.390] [1;32muart:~$ [m[8D[J[05:37:01.208,000] [0m<inf> shtc3: SHTC3: temperature=21.93 C humidity=44.55 %[0m
[18:14:39.390] [1;32muart:~$ [m[8D[J[1;32muart:~$ [m[8D[JNETMEM up=20250s pktRX=38/40 pktTX=15/16 bufRX=158/160/m102 bufTX=79/80/m6 sysheap_free=11208 alloc=21380 max=24056
[18:15:09.389] [1;32muart:~$ [m[8D[J[1;32muart:~$ [m[8D[JNETMEM up=20280s pktRX=38/40 pktTX=15/16 bufRX=158/160/m102 bufTX=79/80/m6 sysheap_free=11172 alloc=21416 max=24056
[18:15:39.390] [1;32muart:~$ [m[8D[J[05:38:01.211,000] [0m<inf> shtc3: SHTC3: temperature=21.98 C humidity=44.04 %[0m
[18:15:39.390] [1;32muart:~$ [m[8D[J[1;32muart:~$ [m[8D[JNETMEM up=20310s pktRX=38/40 pktTX=15/16 bufRX=158/160/m102 bufTX=79/80/m6 sysheap_free=11208 alloc=21380 max=24056
[18:16:09.390] [1;32muart:~$ [m[8D[J[1;32muart:~$ [m[8D[JNETMEM up=20340s pktRX=38/40 pktTX=15/16 bufRX=158/160/m102 bufTX=79/80/m6 sysheap_free=11208 alloc=21380 max=24056
[18:16:39.390] [1;32muart:~$ [m[8D[J[05:39:01.214,000] [0m<inf> shtc3: SHTC3: temperature=21.98 C humidity=44.52 %[0m
[18:16:39.390] [1;32muart:~$ [m[8D[J[1;32muart:~$ [m[8D[JNETMEM up=20370s pktRX=38/40 pktTX=15/16 bufRX=158/160/m102 bufTX=79/80/m6 sysheap_free=11208 alloc=21380 max=24056
[18:17:09.391] [1;32muart:~$ [m[8D[J[1;32muart:~$ [m[8D[JThread analyze:
[18:17:38.286] [1;32muart:~$ [m[8D[J wdt_sentinel_tid    : STACK: unused 432 usage 336 / 768 (43 %); CPU: 0 %
[18:17:38.286] [1;32muart:~$ [m[8D[J                     : Total CPU cycles used: 151152719
[18:17:38.287] [1;32muart:~$ [m[8D[J thread_analyzer     : STACK: unused 112 usage 912 / 1024 (89 %); CPU: 0 %
[18:17:38.288] [1;32muart:~$ [m[8D[J                     : Total CPU cycles used: 44422691
[18:17:38.288] [1;32muart:~$ [m[8D[J sys_wdt_tid         : STACK: unused 704 usage 320 / 1024 (31 %); CPU: 0 %
[18:17:38.289] [1;32muart:~$ [m[8D[J                     : Total CPU cycles used: 28418061
[18:17:38.290] [1;32muart:~$ [m[8D[J shtc3_thread        : STACK: unused 1360 usage 688 / 2048 (33 %); CPU: 0 %
[18:17:38.290] [1;32muart:~$ [m[8D[J                     : Total CPU cycles used: 23236486
[18:17:38.291] [1;32muart:~$ [m[8D[J ntp_thread          : STACK: unused 2480 usage 1616 / 4096 (39 %); CPU: 0 %
[18:17:38.292] [1;32muart:~$ [m[8D[J                     : Total CPU cycles used: 8836859
[18:17:38.292] [1;32muart:~$ [m[8D[J netmem_tid          : STACK: unused 624 usage 656 / 1280 (51 %); CPU: 0 %
[18:17:38.293] [1;32muart:~$ [m[8D[J                     : Total CPU cycles used: 17997216
[18:17:38.294] [1;32muart:~$ [m[8D[J llss_thread         : STACK: unused 11584 usage 4800 / 16384 (29 %); CPU: 0 %
[18:17:38.295] [1;32muart:~$ [m[8D[J                     : Total CPU cycles used: 9156108648
[18:17:38.295] [1;32muart:~$ [m[8D[J input               : STACK: unused 560 usage 464 / 1024 (45 %); CPU: 0 %
[18:17:38.296] [1;32muart:~$ [m[8D[J                     : Total CPU cycles used: 72962
[18:17:38.297] [1;32muart:~$ [m[8D[J display_thread      : STACK: unused 8640 usage 3648 / 12288 (29 %); CPU: 0 %
[18:17:38.298] [1;32muart:~$ [m[8D[J                     : Total CPU cycles used: 400393757
[18:17:38.298] [1;32muart:~$ [m[8D[J device_ui_thread    : STACK: unused 4480 usage 3712 / 8192 (45 %); CPU: 0 %
[18:17:38.299] [1;32muart:~$ [m[8D[J                     : Total CPU cycles used: 35639657626
[18:17:38.300] [1;32muart:~$ [m[8D[J conn_mgr_monitor    : STACK: unused 176 usage 336 / 512 (65 %); CPU: 0 %
[18:17:38.300] [1;32muart:~$ [m[8D[J                     : Total CPU cycles used: 86568
[18:17:38.301] [1;32muart:~$ [m[8D[J net_socket_service  : STACK: unused 3344 usage 752 / 4096 (18 %); CPU: 0 %
[18:17:38.302] [1;32muart:~$ [m[8D[J                     : Total CPU cycles used: 5080658
[18:17:38.302] [1;32muart:~$ [m[8D[J rx_q[0]             : STACK: unused 528 usage 1520 / 2048 (74 %); CPU: 0 %
[18:17:38.303] [1;32muart:~$ [m[8D[J                     : Total CPU cycles used: 4586061165
[18:17:38.304] [1;32muart:~$ [m[8D[J net_mgmt            : STACK: unused 3424 usage 672 / 4096 (16 %); CPU: 0 %
[18:17:38.305] [1;32muart:~$ [m[8D[J                     : Total CPU cycles used: 9513306
[18:17:38.305] [1;32muart:~$ [m[8D[J tcp_work            : STACK: unused 1680 usage 368 / 2048 (17 %); CPU: 0 %
[18:17:38.306] [1;32muart:~$ [m[8D[J                     : Total CPU cycles used: 8866437
[18:17:38.307] [1;32muart:~$ [m[8D[J shell_uart          : STACK: unused 2624 usage 1472 / 4096 (35 %); CPU: 0 %
[18:17:38.308] [1;32muart:~$ [m[8D[J                     : Total CPU cycles used: 299588711
[18:17:38.308] [1;32muart:~$ [m[8D[J wifi                : STACK: unused 1456 usage 2128 / 3584 (59 %); CPU: 0 %
[18:17:38.309] [1;32muart:~$ [m[8D[J                     : Total CPU cycles used: 36583430586
[18:17:38.310] [1;32muart:~$ [m[8D[J sysworkq            : STACK: unused 3248 usage 848 / 4096 (20 %); CPU: 0 %
[18:17:38.310] [1;32muart:~$ [m[8D[J                     : Total CPU cycles used: 470187464
[18:17:38.311] [1;32muart:~$ [m[8D[J esp_timer           : STACK: unused 3472 usage 624 / 4096 (15 %); CPU: 0 %
[18:17:38.312] [1;32muart:~$ [m[8D[J                     : Total CPU cycles used: 1827043477
[18:17:38.313] [1;32muart:~$ [m[8D[J logging             : STACK: unused 544 usage 480 / 1024 (46 %); CPU: 0 %
[18:17:38.313] [1;32muart:~$ [m[8D[J                     : Total CPU cycles used: 43731617
[18:17:38.314] [1;32muart:~$ [m[8D[J idle                : STACK: unused 816 usage 208 / 1024 (20 %); CPU: 98 %
[18:17:38.315] [1;32muart:~$ [m[8D[J                     : Total CPU cycles used: 4805356747476
[18:17:38.315] [1;32muart:~$ [m[8D[J ISR0                : STACK: unused 1520 usage 528 / 2048 (25 %); CPU: 0 %
[18:17:38.316] [1;32muart:~$ [m[8D[J                     : Total CPU cycles used: 0
[18:17:38.317] [1;32muart:~$ [m[8D[J[1;32muart:~$ [m[8D[J[1;32muart:~$ [m[8D[JNETMEM up=20400s pktRX=38/40 pktTX=15/16 bufRX=158/160/m102 bufTX=79/80/m6 sysheap_free=11208 alloc=21380 max=24056
[18:17:39.390] [1;32muart:~$ [m[8D[J[05:40:01.217,000] [0m<inf> shtc3: SHTC3: temperature=22.00 C humidity=44.30 %[0m
[18:17:39.391] [1;32muart:~$ [m[8D[J[1;32muart:~$ [m[8D[JNETMEM up=20430s pktRX=38/40 pktTX=15/16 bufRX=158/160/m102 bufTX=79/80/m6 sysheap_free=11172 alloc=21416 max=24056
[18:18:09.391] [1;32muart:~$ [m[8D[J[1;32muart:~$ [m[8D[JNETMEM up=20460s pktRX=38/40 pktTX=15/16 bufRX=158/160/m102 bufTX=79/80/m6 sysheap_free=11208 alloc=21380 max=24056
[18:18:39.391] [1;32muart:~$ [m[8D[J[05:41:01.219,000] [0m<inf> shtc3: SHTC3: temperature=21.99 C humidity=44.14 %[0m
[18:18:39.392] [1;32muart:~$ [m[8D[J[1;32muart:~$ [m[8D[JNETMEM up=20490s pktRX=38/40 pktTX=15/16 bufRX=158/160/m102 bufTX=79/80/m6 sysheap_free=11208 alloc=21380 max=24056
[18:19:09.391] [1;32muart:~$ [m[8D[J[1;32muart:~$ [m[8D[JNETMEM up=20520s pktRX=38/40 pktTX=15/16 bufRX=158/160/m102 bufTX=79/80/m6 sysheap_free=11208 alloc=21380 max=24056
[18:19:39.392] [1;32muart:~$ [m[8D[J[05:42:01.222,000] [0m<inf> shtc3: SHTC3: temperature=21.98 C humidity=44.50 %[0m
[18:19:39.392] [1;32muart:~$ [m[8D[J[1;32muart:~$ [m[8D[JNETMEM up=20550s pktRX=38/40 pktTX=15/16 bufRX=158/160/m102 bufTX=79/80/m6 sysheap_free=11208 alloc=21380 max=24056
[18:20:09.392] [1;32muart:~$ [m[8D[J[1;32muart:~$ [m[8D[JNETMEM up=20580s pktRX=38/40 pktTX=15/16 bufRX=158/160/m102 bufTX=79/80/m6 sysheap_free=11208 alloc=21380 max=24056
[18:20:39.393] [1;32muart:~$ [m[8D[J[05:43:01.225,000] [0m<inf> shtc3: SHTC3: temperature=22.01 C humidity=44.59 %[0m
[18:20:39.394] [1;32muart:~$ [m[8D[J[1;32muart:~$ [m[8D[JNETMEM up=20610s pktRX=38/40 pktTX=15/16 bufRX=158/160/m102 bufTX=79/80/m6 sysheap_free=11208 alloc=21380 max=24056
[18:21:09.395] [1;32muart:~$ [m[8D[J[1;32muart:~$ [m[8D[JNETMEM up=20640s pktRX=38/40 pktTX=15/16 bufRX=158/160/m102 bufTX=79/80/m6 sysheap_free=11208 alloc=21380 max=24056
[18:21:39.394] [1;32muart:~$ [m[8D[J[05:44:01.228,000] [0m<inf> shtc3: SHTC3: temperature=21.99 C humidity=44.45 %[0m
[18:21:39.394] [1;32muart:~$ [m[8D[J[1;32muart:~$ [m[8D[JNETMEM up=20670s pktRX=38/40 pktTX=15/16 bufRX=158/160/m102 bufTX=79/80/m6 sysheap_free=11208 alloc=21380 max=24056
[18:22:09.394] [1;32muart:~$ [m[8D[J[1;32muart:~$ [m[8D[JThread analyze:
[18:22:38.290] [1;32muart:~$ [m[8D[J wdt_sentinel_tid    : STACK: unused 432 usage 336 / 768 (43 %); CPU: 0 %
[18:22:38.291] [1;32muart:~$ [m[8D[J                     : Total CPU cycles used: 153336360
[18:22:38.291] [1;32muart:~$ [m[8D[J thread_analyzer     : STACK: unused 112 usage 912 / 1024 (89 %); CPU: 0 %
[18:22:38.292] [1;32muart:~$ [m[8D[J                     : Total CPU cycles used: 45073317
[18:22:38.293] [1;32muart:~$ [m[8D[J sys_wdt_tid         : STACK: unused 704 usage 320 / 1024 (31 %); CPU: 0 %
[18:22:38.294] [1;32muart:~$ [m[8D[J                     : Total CPU cycles used: 28895998
[18:22:38.294] [1;32muart:~$ [m[8D[J shtc3_thread        : STACK: unused 1360 usage 688 / 2048 (33 %); CPU: 0 %
[18:22:38.295] [1;32muart:~$ [m[8D[J                     : Total CPU cycles used: 23564199
[18:22:38.296] [1;32muart:~$ [m[8D[J ntp_thread          : STACK: unused 2480 usage 1616 / 4096 (39 %); CPU: 0 %
[18:22:38.296] [1;32muart:~$ [m[8D[J                     : Total CPU cycles used: 8836859
[18:22:38.297] [1;32muart:~$ [m[8D[J netmem_tid          : STACK: unused 624 usage 656 / 1280 (51 %); CPU: 0 %
[18:22:38.298] [1;32muart:~$ [m[8D[J                     : Total CPU cycles used: 18267708
[18:22:38.299] [1;32muart:~$ [m[8D[J llss_thread         : STACK: unused 11584 usage 4800 / 16384 (29 %); CPU: 0 %
[18:22:38.299] [1;32muart:~$ [m[8D[J                     : Total CPU cycles used: 9231790115
[18:22:38.300] [1;32muart:~$ [m[8D[J input               : STACK: unused 560 usage 464 / 1024 (45 %); CPU: 0 %
[18:22:38.301] [1;32muart:~$ [m[8D[J                     : Total CPU cycles used: 72962
[18:22:38.301] [1;32muart:~$ [m[8D[J display_thread      : STACK: unused 8640 usage 3648 / 12288 (29 %); CPU: 0 %
[18:22:38.302] [1;32muart:~$ [m[8D[J                     : Total CPU cycles used: 400393757
[18:22:38.303] [1;32muart:~$ [m[8D[J device_ui_thread    : STACK: unused 4480 usage 3712 / 8192 (45 %); CPU: 0 %
[18:22:38.304] [1;32muart:~$ [m[8D[J                     : Total CPU cycles used: 36188406349
[18:22:38.304] [1;32muart:~$ [m[8D[J conn_mgr_monitor    : STACK: unused 176 usage 336 / 512 (65 %); CPU: 0 %
[18:22:38.305] [1;32muart:~$ [m[8D[J                     : Total CPU cycles used: 86568
[18:22:38.306] [1;32muart:~$ [m[8D[J net_socket_service  : STACK: unused 3344 usage 752 / 4096 (18 %); CPU: 0 %
[18:22:38.307] [1;32muart:~$ [m[8D[J                     : Total CPU cycles used: 5080658
[18:22:38.307] [1;32muart:~$ [m[8D[J rx_q[0]             : STACK: unused 528 usage 1520 / 2048 (74 %); CPU: 0 %
[18:22:38.308] [1;32muart:~$ [m[8D[J                     : Total CPU cycles used: 4645244129
[18:22:38.309] [1;32muart:~$ [m[8D[J net_mgmt            : STACK: unused 3424 usage 672 / 4096 (16 %); CPU: 0 %
[18:22:38.309] [1;32muart:~$ [m[8D[J                     : Total CPU cycles used: 9663280
[18:22:38.310] [1;32muart:~$ [m[8D[J tcp_work            : STACK: unused 1680 usage 368 / 2048 (17 %); CPU: 0 %
[18:22:38.311] [1;32muart:~$ [m[8D[J                     : Total CPU cycles used: 8866437
[18:22:38.311] [1;32muart:~$ [m[8D[J shell_uart          : STACK: unused 2624 usage 1472 / 4096 (35 %); CPU: 0 %
[18:22:38.312] [1;32muart:~$ [m[8D[J                     : Total CPU cycles used: 303275785
[18:22:38.313] [1;32muart:~$ [m[8D[J wifi                : STACK: unused 1456 usage 2128 / 3584 (59 %); CPU: 0 %
[18:22:38.314] [1;32muart:~$ [m[8D[J                     : Total CPU cycles used: 37106652355
[18:22:38.314] [1;32muart:~$ [m[8D[J sysworkq            : STACK: unused 3248 usage 848 / 4096 (20 %); CPU: 0 %
[18:22:38.315] [1;32muart:~$ [m[8D[J                     : Total CPU cycles used: 477052061
[18:22:38.316] [1;32muart:~$ [m[8D[J esp_timer           : STACK: unused 3472 usage 624 / 4096 (15 %); CPU: 0 %
[18:22:38.317] [1;32muart:~$ [m[8D[J                     : Total CPU cycles used: 1854169678
[18:22:38.317] [1;32muart:~$ [m[8D[J logging             : STACK: unused 544 usage 480 / 1024 (46 %); CPU: 0 %
[18:22:38.318] [1;32muart:~$ [m[8D[J                     : Total CPU cycles used: 44242405
[18:22:38.319] [1;32muart:~$ [m[8D[J idle                : STACK: unused 816 usage 208 / 1024 (20 %); CPU: 98 %
[18:22:38.319] [1;32muart:~$ [m[8D[J                     : Total CPU cycles used: 4876092418635
[18:22:38.320] [1;32muart:~$ [m[8D[J ISR0                : STACK: unused 1520 usage 528 / 2048 (25 %); CPU: 0 %
[18:22:38.321] [1;32muart:~$ [m[8D[J                     : Total CPU cycles used: 0
[18:22:38.322] [1;32muart:~$ [m[8D[J[1;32muart:~$ [m[8D[J[1;32muart:~$ [m[8D[JNETMEM up=20700s pktRX=38/40 pktTX=15/16 bufRX=158/160/m102 bufTX=79/80/m6 sysheap_free=11208 alloc=21380 max=24056
[18:22:39.395] [1;32muart:~$ [m[8D[J[05:45:01.231,000] [0m<inf> shtc3: SHTC3: temperature=21.77 C humidity=44.38 %[0m
[18:22:39.395] [1;32muart:~$ [m[8D[J[1;32muart:~$ [m[8D[JNETMEM up=20730s pktRX=38/40 pktTX=15/16 bufRX=158/160/m102 bufTX=79/80/m6 sysheap_free=11208 alloc=21380 max=24056
[18:23:09.395] [1;32muart:~$ [m[8D[J[1;32muart:~$ [m[8D[JNETMEM up=20760s pktRX=38/40 pktTX=15/16 bufRX=158/160/m102 bufTX=79/80/m6 sysheap_free=11208 alloc=21380 max=24056
[18:23:39.396] [1;32muart:~$ [m[8D[J[05:46:01.234,000] [0m<inf> shtc3: SHTC3: temperature=22.04 C humidity=44.46 %[0m
[18:23:39.396] [1;32muart:~$ [m[8D[J[1;32muart:~$ [m[8D[JNETMEM up=20790s pktRX=38/40 pktTX=15/16 bufRX=158/160/m102 bufTX=79/80/m6 sysheap_free=11208 alloc=21380 max=24056
[18:24:09.396] [1;32muart:~$ [m[8D[J[1;32muart:~$ [m[8D[JNETMEM up=20820s pktRX=38/40 pktTX=15/16 bufRX=158/160/m102 bufTX=79/80/m6 sysheap_free=11208 alloc=21380 max=24056
[18:24:39.397] [1;32muart:~$ [m[8D[J[05:47:01.237,000] [0m<inf> shtc3: SHTC3: temperature=21.85 C humidity=44.46 %[0m
[18:24:39.397] [1;32muart:~$ [m[8D[J[1;32muart:~$ [m[8D[JNETMEM up=20850s pktRX=38/40 pktTX=15/16 bufRX=158/160/m102 bufTX=79/80/m6 sysheap_free=11208 alloc=21380 max=24056
[18:25:09.397] [1;32muart:~$ [m[8D[J[1;32muart:~$ [m[8D[JNETMEM up=20880s pktRX=38/40 pktTX=15/16 bufRX=158/160/m102 bufTX=79/80/m6 sysheap_free=11208 alloc=21380 max=24056
[18:25:39.409] [1;32muart:~$ [m[8D[J[05:48:01.240,000] [0m<inf> shtc3: SHTC3: temperature=21.74 C humidity=44.47 %[0m
[18:25:39.410] [1;32muart:~$ [m[8D[J[1;32muart:~$ [m[8D[JNETMEM up=20910s pktRX=38/40 pktTX=15/16 bufRX=158/160/m102 bufTX=79/80/m6 sysheap_free=11208 alloc=21380 max=24056
[18:26:09.398] [1;32muart:~$ [m[8D[J[1;32muart:~$ [m[8D[JNETMEM up=20940s pktRX=38/40 pktTX=15/16 bufRX=158/160/m102 bufTX=79/80/m6 sysheap_free=11208 alloc=21380 max=24056
[18:26:39.399] [1;32muart:~$ [m[8D[J[05:49:01.243,000] [0m<inf> shtc3: SHTC3: temperature=21.70 C humidity=44.47 %[0m
[18:26:39.399] [1;32muart:~$ [m[8D[J[1;32muart:~$ [m[8D[JNETMEM up=20970s pktRX=38/40 pktTX=15/16 bufRX=158/160/m102 bufTX=79/80/m6 sysheap_free=11208 alloc=21380 max=24056
[18:27:09.399] [1;32muart:~$ [m[8D[J[1;32muart:~$ [m[8D[JThread analyze:
[18:27:38.298] [1;32muart:~$ [m[8D[J wdt_sentinel_tid    : STACK: unused 432 usage 336 / 768 (43 %); CPU: 0 %
[18:27:38.299] [1;32muart:~$ [m[8D[J                     : Total CPU cycles used: 155530649
[18:27:38.299] [1;32muart:~$ [m[8D[J thread_analyzer     : STACK: unused 112 usage 912 / 1024 (89 %); CPU: 0 %
[18:27:38.301] [1;32muart:~$ [m[8D[J                     : Total CPU cycles used: 45722308
[18:27:38.302] [1;32muart:~$ [m[8D[J sys_wdt_tid         : STACK: unused 704 usage 320 / 1024 (31 %); CPU: 0 %
[18:27:38.302] [1;32muart:~$ [m[8D[J                     : Total CPU cycles used: 29370969
[18:27:38.303] [1;32muart:~$ [m[8D[J shtc3_thread        : STACK: unused 1360 usage 688 / 2048 (33 %); CPU: 0 %
[18:27:38.304] [1;32muart:~$ [m[8D[J                     : Total CPU cycles used: 23907991
[18:27:38.304] [1;32muart:~$ [m[8D[J ntp_thread          : STACK: unused 2480 usage 1616 / 4096 (39 %); CPU: 0 %
[18:27:38.305] [1;32muart:~$ [m[8D[J                     : Total CPU cycles used: 8836859
[18:27:38.306] [1;32muart:~$ [m[8D[J netmem_tid          : STACK: unused 624 usage 656 / 1280 (51 %); CPU: 0 %
[18:27:38.307] [1;32muart:~$ [m[8D[J                     : Total CPU cycles used: 18540458
[18:27:38.307] [1;32muart:~$ [m[8D[J llss_thread         : STACK: unused 11584 usage 4800 / 16384 (29 %); CPU: 0 %
[18:27:38.308] [1;32muart:~$ [m[8D[J                     : Total CPU cycles used: 9306874725
[18:27:38.309] [1;32muart:~$ [m[8D[J input               : STACK: unused 560 usage 464 / 1024 (45 %); CPU: 0 %
[18:27:38.309] [1;32muart:~$ [m[8D[J                     : Total CPU cycles used: 72962
[18:27:38.310] [1;32muart:~$ [m[8D[J display_thread      : STACK: unused 8640 usage 3648 / 12288 (29 %); CPU: 0 %
[18:27:38.311] [1;32muart:~$ [m[8D[J                     : Total CPU cycles used: 400393757
[18:27:38.312] [1;32muart:~$ [m[8D[J device_ui_thread    : STACK: unused 4480 usage 3712 / 8192 (45 %); CPU: 0 %
[18:27:38.312] [1;32muart:~$ [m[8D[J                     : Total CPU cycles used: 36741155519
[18:27:38.313] [1;32muart:~$ [m[8D[J conn_mgr_monitor    : STACK: unused 176 usage 336 / 512 (65 %); CPU: 0 %
[18:27:38.314] [1;32muart:~$ [m[8D[J                     : Total CPU cycles used: 86568
[18:27:38.314] [1;32muart:~$ [m[8D[J net_socket_service  : STACK: unused 3344 usage 752 / 4096 (18 %); CPU: 0 %
[18:27:38.315] [1;32muart:~$ [m[8D[J                     : Total CPU cycles used: 5080658
[18:27:38.316] [1;32muart:~$ [m[8D[J rx_q[0]             : STACK: unused 528 usage 1520 / 2048 (74 %); CPU: 0 %
[18:27:38.317] [1;32muart:~$ [m[8D[J                     : Total CPU cycles used: 4704206131
[18:27:38.317] [1;32muart:~$ [m[8D[J net_mgmt            : STACK: unused 3424 usage 672 / 4096 (16 %); CPU: 0 %
[18:27:38.318] [1;32muart:~$ [m[8D[J                     : Total CPU cycles used: 9813370
[18:27:38.319] [1;32muart:~$ [m[8D[J tcp_work            : STACK: unused 1680 usage 368 / 2048 (17 %); CPU: 0 %
[18:27:38.319] [1;32muart:~$ [m[8D[J                     : Total CPU cycles used: 8866437
[18:27:38.320] [1;32muart:~$ [m[8D[J shell_uart          : STACK: unused 2624 usage 1472 / 4096 (35 %); CPU: 0 %
[18:27:38.321] [1;32muart:~$ [m[8D[J                     : Total CPU cycles used: 307091322
[18:27:38.322] [1;32muart:~$ [m[8D[J wifi                : STACK: unused 1456 usage 2128 / 3584 (59 %); CPU: 0 %
[18:27:38.322] [1;32muart:~$ [m[8D[J                     : Total CPU cycles used: 37632628194
[18:27:38.323] [1;32muart:~$ [m[8D[J sysworkq            : STACK: unused 3248 usage 848 / 4096 (20 %); CPU: 0 %
[18:27:38.324] [1;32muart:~$ [m[8D[J                     : Total CPU cycles used: 484699048
[18:27:38.324] [1;32muart:~$ [m[8D[J esp_timer           : STACK: unused 3472 usage 624 / 4096 (15 %); CPU: 0 %
[18:27:38.325] [1;32muart:~$ [m[8D[J                     : Total CPU cycles used: 1880925569
[18:27:38.326] [1;32muart:~$ [m[8D[J logging             : STACK: unused 544 usage 480 / 1024 (46 %); CPU: 0 %
[18:27:38.327] [1;32muart:~$ [m[8D[J                     : Total CPU cycles used: 44748038
[18:27:38.327] [1;32muart:~$ [m[8D[J idle                : STACK: unused 816 usage 208 / 1024 (20 %); CPU: 98 %
[18:27:38.328] [1;32muart:~$ [m[8D[J                     : Total CPU cycles used: 4946822126543
[18:27:38.329] [1;32muart:~$ [m[8D[J ISR0                : STACK: unused 1520 usage 528 / 2048 (25 %); CPU: 0 %
[18:27:38.330] [1;32muart:~$ [m[8D[J                     : Total CPU cycles used: 0
[18:27:38.330] [1;32muart:~$ [m[8D[J[1;32muart:~$ [m[8D[J[1;32muart:~$ [m[8D[JNETMEM up=21000s pktRX=38/40 pktTX=15/16 bufRX=158/160/m102 bufTX=79/80/m6 sysheap_free=11208 alloc=21380 max=24056
[18:27:39.399] [1;32muart:~$ [m[8D[J[05:50:01.246,000] [0m<inf> shtc3: SHTC3: temperature=21.60 C humidity=45.14 %[0m
[18:27:39.400] [1;32muart:~$ [m[8D[J[1;32muart:~$ [m[8D[JNETMEM up=21030s pktRX=38/40 pktTX=15/16 bufRX=158/160/m102 bufTX=79/80/m6 sysheap_free=11172 alloc=21416 max=24056
[18:28:09.400] [1;32muart:~$ [m[8D[J[1;32muart:~$ [m[8D[JNETMEM up=21060s pktRX=38/40 pktTX=15/16 bufRX=158/160/m102 bufTX=79/80/m6 sysheap_free=11208 alloc=21380 max=24056
[18:28:39.400] [1;32muart:~$ [m[8D[J[05:51:01.248,000] [0m<inf> shtc3: SHTC3: temperature=21.98 C humidity=45.07 %[0m
[18:28:39.401] [1;32muart:~$ [m[8D[J[1;32muart:~$ [m[8D[JNETMEM up=21090s pktRX=38/40 pktTX=15/16 bufRX=158/160/m102 bufTX=79/80/m6 sysheap_free=11208 alloc=21380 max=24056
[18:29:09.401] [1;32muart:~$ [m[8D[J[1;32muart:~$ [m[8D[JNETMEM up=21120s pktRX=38/40 pktTX=15/16 bufRX=158/160/m102 bufTX=79/80/m6 sysheap_free=11208 alloc=21380 max=24056
[18:29:39.401] [1;32muart:~$ [m[8D[J[05:52:01.251,000] [0m<inf> shtc3: SHTC3: temperature=21.76 C humidity=45.25 %[0m
[18:29:39.402] [1;32muart:~$ [m[8D[J[1;32muart:~$ [m[8D[JNETMEM up=21150s pktRX=38/40 pktTX=15/16 bufRX=158/160/m102 bufTX=79/80/m6 sysheap_free=11208 alloc=21380 max=24056
[18:30:09.402] [1;32muart:~$ [m[8D[J[1;32muart:~$ [m[8D[JNETMEM up=21180s pktRX=38/40 pktTX=15/16 bufRX=158/160/m102 bufTX=79/80/m6 sysheap_free=11208 alloc=21380 max=24056
[18:30:39.402] [1;32muart:~$ [m[8D[J[05:53:01.254,000] [0m<inf> shtc3: SHTC3: temperature=21.85 C humidity=44.88 %[0m
[18:30:39.403] [1;32muart:~$ [m[8D[J[1;32muart:~$ [m[8D[JNETMEM up=21210s pktRX=38/40 pktTX=15/16 bufRX=158/160/m102 bufTX=79/80/m6 sysheap_free=11208 alloc=21380 max=24056
[18:31:09.403] [1;32muart:~$ [m[8D[J[1;32muart:~$ [m[8D[JNETMEM up=21240s pktRX=38/40 pktTX=15/16 bufRX=158/160/m102 bufTX=79/80/m6 sysheap_free=11208 alloc=21380 max=24056
[18:31:39.404] [1;32muart:~$ [m[8D[J[05:54:01.257,000] [0m<inf> shtc3: SHTC3: temperature=21.76 C humidity=44.74 %[0m
[18:31:39.405] [1;32muart:~$ [m[8D[J[1;32muart:~$ [m[8D[JNETMEM up=21270s pktRX=38/40 pktTX=15/16 bufRX=158/160/m102 bufTX=79/80/m6 sysheap_free=11208 alloc=21380 max=24056
[18:32:09.403] [1;32muart:~$ [m[8D[J[1;32muart:~$ [m[8D[JThread analyze:
[18:32:38.303] [1;32muart:~$ [m[8D[J wdt_sentinel_tid    : STACK: unused 432 usage 336 / 768 (43 %); CPU: 0 %
[18:32:38.304] [1;32muart:~$ [m[8D[J                     : Total CPU cycles used: 157716433
[18:32:38.304] [1;32muart:~$ [m[8D[J thread_analyzer     : STACK: unused 112 usage 912 / 1024 (89 %); CPU: 0 %
[18:32:38.305] [1;32muart:~$ [m[8D[J                     : Total CPU cycles used: 46389650
[18:32:38.306] [1;32muart:~$ [m[8D[J sys_wdt_tid         : STACK: unused 704 usage 320 / 1024 (31 %); CPU: 0 %
[18:32:38.307] [1;32muart:~$ [m[8D[J                     : Total CPU cycles used: 29851485
[18:32:38.307] [1;32muart:~$ [m[8D[J shtc3_thread        : STACK: unused 1360 usage 688 / 2048 (33 %); CPU: 0 %
[18:32:38.308] [1;32muart:~$ [m[8D[J                     : Total CPU cycles used: 24242861
[18:32:38.309] [1;32muart:~$ [m[8D[J ntp_thread          : STACK: unused 2480 usage 1616 / 4096 (39 %); CPU: 0 %
[18:32:38.309] [1;32muart:~$ [m[8D[J                     : Total CPU cycles used: 8836859
[18:32:38.310] [1;32muart:~$ [m[8D[J netmem_tid          : STACK: unused 624 usage 656 / 1280 (51 %); CPU: 0 %
[18:32:38.311] [1;32muart:~$ [m[8D[J                     : Total CPU cycles used: 18804585
[18:32:38.312] [1;32muart:~$ [m[8D[J llss_thread         : STACK: unused 11584 usage 4800 / 16384 (29 %); CPU: 0 %
[18:32:38.312] [1;32muart:~$ [m[8D[J                     : Total CPU cycles used: 9383366530
[18:32:38.313] [1;32muart:~$ [m[8D[J input               : STACK: unused 560 usage 464 / 1024 (45 %); CPU: 0 %
[18:32:38.314] [1;32muart:~$ [m[8D[J                     : Total CPU cycles used: 72962
[18:32:38.314] [1;32muart:~$ [m[8D[J display_thread      : STACK: unused 8640 usage 3648 / 12288 (29 %); CPU: 0 %
[18:32:38.315] [1;32muart:~$ [m[8D[J                     : Total CPU cycles used: 400393757
[18:32:38.316] [1;32muart:~$ [m[8D[J device_ui_thread    : STACK: unused 4480 usage 3712 / 8192 (45 %); CPU: 0 %
[18:32:38.317] [1;32muart:~$ [m[8D[J                     : Total CPU cycles used: 37267488570
[18:32:38.317] [1;32muart:~$ [m[8D[J conn_mgr_monitor    : STACK: unused 176 usage 336 / 512 (65 %); CPU: 0 %
[18:32:38.318] [1;32muart:~$ [m[8D[J                     : Total CPU cycles used: 86568
[18:32:38.319] [1;32muart:~$ [m[8D[J net_socket_service  : STACK: unused 3344 usage 752 / 4096 (18 %); CPU: 0 %
[18:32:38.320] [1;32muart:~$ [m[8D[J                     : Total CPU cycles used: 5080658
[18:32:38.320] [1;32muart:~$ [m[8D[J rx_q[0]             : STACK: unused 528 usage 1520 / 2048 (74 %); CPU: 0 %
[18:32:38.321] [1;32muart:~$ [m[8D[J                     : Total CPU cycles used: 4761385764
[18:32:38.322] [1;32muart:~$ [m[8D[J net_mgmt            : STACK: unused 3424 usage 672 / 4096 (16 %); CPU: 0 %
[18:32:38.322] [1;32muart:~$ [m[8D[J                     : Total CPU cycles used: 9978660
[18:32:38.323] [1;32muart:~$ [m[8D[J tcp_work            : STACK: unused 1680 usage 368 / 2048 (17 %); CPU: 0 %
[18:32:38.324] [1;32muart:~$ [m[8D[J                     : Total CPU cycles used: 8866437
[18:32:38.325] [1;32muart:~$ [m[8D[J shell_uart          : STACK: unused 2624 usage 1472 / 4096 (35 %); CPU: 0 %
[18:32:38.326] [1;32muart:~$ [m[8D[J                     : Total CPU cycles used: 310839760
[18:32:38.327] [1;32muart:~$ [m[8D[J wifi                : STACK: unused 1456 usage 2128 / 3584 (59 %); CPU: 0 %
[18:32:38.327] [1;32muart:~$ [m[8D[J                     : Total CPU cycles used: 38154518377
[18:32:38.328] [1;32muart:~$ [m[8D[J sysworkq            : STACK: unused 3248 usage 848 / 4096 (20 %); CPU: 0 %
[18:32:38.331] [1;32muart:~$ [m[8D[J                     : Total CPU cycles used: 490828447
[18:32:38.332] [1;32muart:~$ [m[8D[J esp_timer           : STACK: unused 3472 usage 624 / 4096 (15 %); CPU: 0 %
[18:32:38.333] [1;32muart:~$ [m[8D[J                     : Total CPU cycles used: 1907789688
[18:32:38.334] [1;32muart:~$ [m[8D[J logging             : STACK: unused 544 usage 480 / 1024 (46 %); CPU: 0 %
[18:32:38.334] [1;32muart:~$ [m[8D[J                     : Total CPU cycles used: 45255209
[18:32:38.336] [1;32muart:~$ [m[8D[J idle                : STACK: unused 816 usage 208 / 1024 (20 %); CPU: 98 %
[18:32:38.337] [1;32muart:~$ [m[8D[J                     : Total CPU cycles used: 5017583355806
[18:32:38.337] [1;32muart:~$ [m[8D[J ISR0                : STACK: unused 1520 usage 528 / 2048 (25 %); CPU: 0 %
[18:32:38.338] [1;32muart:~$ [m[8D[J                     : Total CPU cycles used: 0
[18:32:38.339] [1;32muart:~$ [m[8D[J[1;32muart:~$ [m[8D[J[1;32muart:~$ [m[8D[JNETMEM up=21300s pktRX=38/40 pktTX=15/16 bufRX=158/160/m102 bufTX=79/80/m6 sysheap_free=11208 alloc=21380 max=24056
[18:32:39.403] [1;32muart:~$ [m[8D[J[05:55:01.260,000] [0m<inf> shtc3: SHTC3: temperature=21.73 C humidity=44.93 %[0m
[18:32:39.404] [1;32muart:~$ [m[8D[J[1;32muart:~$ [m[8D[JNETMEM up=21330s pktRX=38/40 pktTX=15/16 bufRX=158/160/m102 bufTX=79/80/m6 sysheap_free=11208 alloc=21380 max=24056
[18:33:09.404] [1;32muart:~$ [m[8D[J[1;32muart:~$ [m[8D[JNETMEM up=21360s pktRX=38/40 pktTX=15/16 bufRX=158/160/m102 bufTX=79/80/m6 sysheap_free=11208 alloc=21380 max=24056
[18:33:39.404] [1;32muart:~$ [m[8D[J[05:56:01.263,000] [0m<inf> shtc3: SHTC3: temperature=21.73 C humidity=44.75 %[0m
[18:33:39.405] [1;32muart:~$ [m[8D[J[1;32muart:~$ [m[8D[JNETMEM up=21390s pktRX=38/40 pktTX=15/16 bufRX=158/160/m102 bufTX=79/80/m6 sysheap_free=11208 alloc=21380 max=24056
[18:34:09.405] [1;32muart:~$ [m[8D[J[1;32muart:~$ [m[8D[JNETMEM up=21420s pktRX=38/40 pktTX=15/16 bufRX=158/160/m102 bufTX=79/80/m6 sysheap_free=11208 alloc=21380 max=24056
[18:34:39.406] [1;32muart:~$ [m[8D[J[05:57:01.266,000] [0m<inf> shtc3: SHTC3: temperature=21.73 C humidity=44.42 %[0m
[18:34:39.406] [1;32muart:~$ [m[8D[J[1;32muart:~$ [m[8D[JNETMEM up=21450s pktRX=38/40 pktTX=15/16 bufRX=158/160/m102 bufTX=79/80/m6 sysheap_free=11208 alloc=21380 max=24056
[18:35:09.406] [1;32muart:~$ [m[8D[J[1;32muart:~$ [m[8D[JNETMEM up=21480s pktRX=38/40 pktTX=15/16 bufRX=158/160/m102 bufTX=79/80/m6 sysheap_free=11208 alloc=21380 max=24056
[18:35:39.406] [1;32muart:~$ [m[8D[J[05:58:01.269,000] [0m<inf> shtc3: SHTC3: temperature=21.53 C humidity=44.95 %[0m
[18:35:39.407] [1;32muart:~$ [m[8D[J[1;32muart:~$ [m[8D[JNETMEM up=21510s pktRX=38/40 pktTX=15/16 bufRX=158/160/m102 bufTX=79/80/m6 sysheap_free=11208 alloc=21380 max=24056
[18:36:09.407] [1;32muart:~$ [m[8D[J[1;32muart:~$ [m[8D[JNETMEM up=21540s pktRX=38/40 pktTX=15/16 bufRX=158/160/m102 bufTX=79/80/m6 sysheap_free=11208 alloc=21380 max=24056
[18:36:39.407] [1;32muart:~$ [m[8D[J[05:59:01.272,000] [0m<inf> shtc3: SHTC3: temperature=21.50 C humidity=45.33 %[0m
[18:36:39.408] [1;32muart:~$ [m[8D[J[1;32muart:~$ [m[8D[JNETMEM up=21570s pktRX=38/40 pktTX=15/16 bufRX=158/160/m102 bufTX=79/80/m6 sysheap_free=11208 alloc=21380 max=24056
[18:37:09.408] [1;32muart:~$ [m[8D[J[1;32muart:~$ [m[8D[JThread analyze:
[18:37:38.308] [1;32muart:~$ [m[8D[J wdt_sentinel_tid    : STACK: unused 432 usage 336 / 768 (43 %); CPU: 0 %
[18:37:38.309] [1;32muart:~$ [m[8D[J                     : Total CPU cycles used: 159917042
[18:37:38.309] [1;32muart:~$ [m[8D[J thread_analyzer     : STACK: unused 112 usage 912 / 1024 (89 %); CPU: 0 %
[18:37:38.310] [1;32muart:~$ [m[8D[J                     : Total CPU cycles used: 47037228
[18:37:38.311] [1;32muart:~$ [m[8D[J sys_wdt_tid         : STACK: unused 704 usage 320 / 1024 (31 %); CPU: 0 %
[18:37:38.312] [1;32muart:~$ [m[8D[J                     : Total CPU cycles used: 30330243
[18:37:38.312] [1;32muart:~$ [m[8D[J shtc3_thread        : STACK: unused 1360 usage 688 / 2048 (33 %); CPU: 0 %
[18:37:38.313] [1;32muart:~$ [m[8D[J                     : Total CPU cycles used: 24587308
[18:37:38.314] [1;32muart:~$ [m[8D[J ntp_thread          : STACK: unused 2480 usage 1616 / 4096 (39 %); CPU: 0 %
[18:37:38.314] [1;32muart:~$ [m[8D[J                     : Total CPU cycles used: 8836859
[18:37:38.315] [1;32muart:~$ [m[8D[J netmem_tid          : STACK: unused 624 usage 656 / 1280 (51 %); CPU: 0 %
[18:37:38.316] [1;32muart:~$ [m[8D[J                     : Total CPU cycles used: 19078971
[18:37:38.316] [1;32muart:~$ [m[8D[J llss_thread         : STACK: unused 11584 usage 4800 / 16384 (29 %); CPU: 0 %
[18:37:38.317] [1;32muart:~$ [m[8D[J                     : Total CPU cycles used: 9461054235
[18:37:38.318] [1;32muart:~$ [m[8D[J input               : STACK: unused 560 usage 464 / 1024 (45 %); CPU: 0 %
[18:37:38.319] [1;32muart:~$ [m[8D[J                     : Total CPU cycles used: 72962
[18:37:38.319] [1;32muart:~$ [m[8D[J display_thread      : STACK: unused 8640 usage 3648 / 12288 (29 %); CPU: 0 %
[18:37:38.320] [1;32muart:~$ [m[8D[J                     : Total CPU cycles used: 400393757
[18:37:38.321] [1;32muart:~$ [m[8D[J device_ui_thread    : STACK: unused 4480 usage 3712 / 8192 (45 %); CPU: 0 %
[18:37:38.322] [1;32muart:~$ [m[8D[J                     : Total CPU cycles used: 37818678282
[18:37:38.322] [1;32muart:~$ [m[8D[J conn_mgr_monitor    : STACK: unused 176 usage 336 / 512 (65 %); CPU: 0 %
[18:37:38.323] [1;32muart:~$ [m[8D[J                     : Total CPU cycles used: 86568
[18:37:38.324] [1;32muart:~$ [m[8D[J net_socket_service  : STACK: unused 3344 usage 752 / 4096 (18 %); CPU: 0 %
[18:37:38.324] [1;32muart:~$ [m[8D[J                     : Total CPU cycles used: 5080658
[18:37:38.325] [1;32muart:~$ [m[8D[J rx_q[0]             : STACK: unused 528 usage 1520 / 2048 (74 %); CPU: 0 %
[18:37:38.326] [1;32muart:~$ [m[8D[J                     : Total CPU cycles used: 4820195223
[18:37:38.327] [1;32muart:~$ [m[8D[J net_mgmt            : STACK: unused 3424 usage 672 / 4096 (16 %); CPU: 0 %
[18:37:38.327] [1;32muart:~$ [m[8D[J                     : Total CPU cycles used: 10141298
[18:37:38.328] [1;32muart:~$ [m[8D[J tcp_work            : STACK: unused 1680 usage 368 / 2048 (17 %); CPU: 0 %
[18:37:38.329] [1;32muart:~$ [m[8D[J                     : Total CPU cycles used: 8866437
[18:37:38.329] [1;32muart:~$ [m[8D[J shell_uart          : STACK: unused 2624 usage 1472 / 4096 (35 %); CPU: 0 %
[18:37:38.330] [1;32muart:~$ [m[8D[J                     : Total CPU cycles used: 314729873
[18:37:38.331] [1;32muart:~$ [m[8D[J wifi                : STACK: unused 1456 usage 2128 / 3584 (59 %); CPU: 0 %
[18:37:38.332] [1;32muart:~$ [m[8D[J                     : Total CPU cycles used: 38686653071
[18:37:38.332] [1;32muart:~$ [m[8D[J sysworkq            : STACK: unused 3248 usage 848 / 4096 (20 %); CPU: 0 %
[18:37:38.333] [1;32muart:~$ [m[8D[J                     : Total CPU cycles used: 498477806
[18:37:38.334] [1;32muart:~$ [m[8D[J esp_timer           : STACK: unused 3472 usage 624 / 4096 (15 %); CPU: 0 %
[18:37:38.335] [1;32muart:~$ [m[8D[J                     : Total CPU cycles used: 1934992847
[18:37:38.335] [1;32muart:~$ [m[8D[J logging             : STACK: unused 544 usage 480 / 1024 (46 %); CPU: 0 %
[18:37:38.336] [1;32muart:~$ [m[8D[J                     : Total CPU cycles used: 45779461
[18:37:38.337] [1;32muart:~$ [m[8D[J idle                : STACK: unused 816 usage 208 / 1024 (20 %); CPU: 98 %
[18:37:38.337] [1;32muart:~$ [m[8D[J                     : Total CPU cycles used: 5088304713766
[18:37:38.338] [1;32muart:~$ [m[8D[J ISR0                : STACK: unused 1520 usage 528 / 2048 (25 %); CPU: 0 %
[18:37:38.339] [1;32muart:~$ [m[8D[J                     : Total CPU cycles used: 0
[18:37:38.339] [1;32muart:~$ [m[8D[J[1;32muart:~$ [m[8D[J[1;32muart:~$ [m[8D[JNETMEM up=21600s pktRX=38/40 pktTX=15/16 bufRX=158/160/m102 bufTX=79/80/m6 sysheap_free=11208 alloc=21380 max=24056
[18:37:39.408] [1;32muart:~$ [m[8D[J[06:00:01.275,000] [0m<inf> shtc3: SHTC3: temperature=21.48 C humidity=45.21 %[0m
[18:37:39.409] [1;32muart:~$ [m[8D[J[1;32muart:~$ [m[8D[J[06:00:09.762,000] [0m<inf> wifi_prov: WiFi STA connected: tutu[0m
[18:37:48.664] [1;32muart:~$ [m[8D[J[1;32muart:~$ [m[8D[JNETMEM up=21630s pktRX=38/40 pktTX=15/16 bufRX=158/160/m102 bufTX=79/80/m6 sysheap_free=11208 alloc=21380 max=24056
[18:38:09.408] [1;32muart:~$ [m[8D[J[06:00:31.425,000] [0m<inf> ntp_sync: NTP synced: 2026-06-18 21:38:09 UTC[0m
[18:38:09.409] [1;32muart:~$ [m[8D[J[1;32muart:~$ [m[8D[JNETMEM up=21660s pktRX=38/40 pktTX=15/16 bufRX=158/160/m102 bufTX=79/80/m6 sysheap_free=11172 alloc=21416 max=24056
[18:38:39.409] [1;32muart:~$ [m[8D[J[06:01:01.278,000] [0m<inf> shtc3: SHTC3: temperature=21.53 C humidity=45.38 %[0m
[18:38:39.409] [1;32muart:~$ [m[8D[J[1;32muart:~$ [m[8D[JNETMEM up=21690s pktRX=38/40 pktTX=15/16 bufRX=158/160/m102 bufTX=79/80/m6 sysheap_free=11208 alloc=21380 max=24056
[18:39:09.409] [1;32muart:~$ [m[8D[J[1;32muart:~$ [m[8D[JNETMEM up=21720s pktRX=38/40 pktTX=15/16 bufRX=158/160/m102 bufTX=79/80/m6 sysheap_free=11208 alloc=21380 max=24056
[18:39:39.410] [1;32muart:~$ [m[8D[J[06:02:01.281,000] [0m<inf> shtc3: SHTC3: temperature=21.47 C humidity=45.26 %[0m
[18:39:39.410] [1;32muart:~$ [m[8D[J[1;32muart:~$ [m[8D[JNETMEM up=21750s pktRX=38/40 pktTX=15/16 bufRX=158/160/m102 bufTX=79/80/m6 sysheap_free=11208 alloc=21380 max=24056
[18:40:09.410] [1;32muart:~$ [m[8D[J[1;32muart:~$ [m[8D[JNETMEM up=21780s pktRX=38/40 pktTX=15/16 bufRX=158/160/m102 bufTX=79/80/m6 sysheap_free=11208 alloc=21380 max=24056
[18:40:39.410] [1;32muart:~$ [m[8D[J[06:03:01.284,000] [0m<inf> shtc3: SHTC3: temperature=21.66 C humidity=45.65 %[0m
[18:40:39.412] [1;32muart:~$ [m[8D[J[1;32muart:~$ [m[8D[JNETMEM up=21810s pktRX=38/40 pktTX=15/16 bufRX=158/160/m102 bufTX=79/80/m6 sysheap_free=11208 alloc=21380 max=24056
[18:41:09.411] [1;32muart:~$ [m[8D[J[1;32muart:~$ [m[8D[JNETMEM up=21840s pktRX=38/40 pktTX=15/16 bufRX=158/160/m102 bufTX=79/80/m6 sysheap_free=11208 alloc=21380 max=24056
[18:41:39.414] [1;32muart:~$ [m[8D[J[06:04:01.286,000] [0m<inf> shtc3: SHTC3: temperature=21.41 C humidity=45.67 %[0m
[18:41:39.414] [1;32muart:~$ [m[8D[J[1;32muart:~$ [m[8D[JNETMEM up=21870s pktRX=38/40 pktTX=15/16 bufRX=158/160/m102 bufTX=79/80/m6 sysheap_free=11208 alloc=21380 max=24056
[18:42:09.412] [1;32muart:~$ [m[8D[J[1;32muart:~$ [m[8D[JThread analyze:
[18:42:38.313] [1;32muart:~$ [m[8D[J wdt_sentinel_tid    : STACK: unused 432 usage 336 / 768 (43 %); CPU: 0 %
[18:42:38.314] [1;32muart:~$ [m[8D[J                     : Total CPU cycles used: 162129433
[18:42:38.315] [1;32muart:~$ [m[8D[J thread_analyzer     : STACK: unused 112 usage 912 / 1024 (89 %); CPU: 0 %
[18:42:38.315] [1;32muart:~$ [m[8D[J                     : Total CPU cycles used: 47685703
[18:42:38.316] [1;32muart:~$ [m[8D[J sys_wdt_tid         : STACK: unused 704 usage 320 / 1024 (31 %); CPU: 0 %
[18:42:38.317] [1;32muart:~$ [m[8D[J                     : Total CPU cycles used: 30806593
[18:42:38.318] [1;32muart:~$ [m[8D[J shtc3_thread        : STACK: unused 1360 usage 688 / 2048 (33 %); CPU: 0 %
[18:42:38.318] [1;32muart:~$ [m[8D[J                     : Total CPU cycles used: 24901287
[18:42:38.319] [1;32muart:~$ [m[8D[J ntp_thread          : STACK: unused 2480 usage 1616 / 4096 (39 %); CPU: 0 %
[18:42:38.320] [1;32muart:~$ [m[8D[J                     : Total CPU cycles used: 10166529
[18:42:38.320] [1;32muart:~$ [m[8D[J netmem_tid          : STACK: unused 624 usage 656 / 1280 (51 %); CPU: 0 %
[18:42:38.321] [1;32muart:~$ [m[8D[J                     : Total CPU cycles used: 19361177
[18:42:38.322] [1;32muart:~$ [m[8D[J llss_thread         : STACK: unused 11584 usage 4800 / 16384 (29 %); CPU: 0 %
[18:42:38.323] [1;32muart:~$ [m[8D[J                     : Total CPU cycles used: 9538097399
[18:42:38.323] [1;32muart:~$ [m[8D[J input               : STACK: unused 560 usage 464 / 1024 (45 %); CPU: 0 %
[18:42:38.324] [1;32muart:~$ [m[8D[J                     : Total CPU cycles used: 72962
[18:42:38.325] [1;32muart:~$ [m[8D[J display_thread      : STACK: unused 8640 usage 3648 / 12288 (29 %); CPU: 0 %
[18:42:38.325] [1;32muart:~$ [m[8D[J                     : Total CPU cycles used: 400393757
[18:42:38.326] [1;32muart:~$ [m[8D[J device_ui_thread    : STACK: unused 4480 usage 3712 / 8192 (45 %); CPU: 0 %
[18:42:38.327] [1;32muart:~$ [m[8D[J                     : Total CPU cycles used: 38368572857
[18:42:38.328] [1;32muart:~$ [m[8D[J conn_mgr_monitor    : STACK: unused 176 usage 336 / 512 (65 %); CPU: 0 %
[18:42:38.328] [1;32muart:~$ [m[8D[J                     : Total CPU cycles used: 86568
[18:42:38.329] [1;32muart:~$ [m[8D[J net_socket_service  : STACK: unused 3344 usage 752 / 4096 (18 %); CPU: 0 %
[18:42:38.330] [1;32muart:~$ [m[8D[J                     : Total CPU cycles used: 5526954
[18:42:38.330] [1;32muart:~$ [m[8D[J rx_q[0]             : STACK: unused 528 usage 1520 / 2048 (74 %); CPU: 0 %
[18:42:38.331] [1;32muart:~$ [m[8D[J                     : Total CPU cycles used: 4879080841
[18:42:38.332] [1;32muart:~$ [m[8D[J net_mgmt            : STACK: unused 3424 usage 672 / 4096 (16 %); CPU: 0 %
[18:42:38.333] [1;32muart:~$ [m[8D[J                     : Total CPU cycles used: 10348879
[18:42:38.333] [1;32muart:~$ [m[8D[J tcp_work            : STACK: unused 1680 usage 368 / 2048 (17 %); CPU: 0 %
[18:42:38.334] [1;32muart:~$ [m[8D[J                     : Total CPU cycles used: 8866437
[18:42:38.335] [1;32muart:~$ [m[8D[J shell_uart          : STACK: unused 2624 usage 1472 / 4096 (35 %); CPU: 0 %
[18:42:38.336] [1;32muart:~$ [m[8D[J                     : Total CPU cycles used: 318731102
[18:42:38.336] [1;32muart:~$ [m[8D[J wifi                : STACK: unused 1456 usage 2128 / 3584 (59 %); CPU: 0 %
[18:42:38.337] [1;32muart:~$ [m[8D[J                     : Total CPU cycles used: 39223398057
[18:42:38.338] [1;32muart:~$ [m[8D[J sysworkq            : STACK: unused 3248 usage 848 / 4096 (20 %); CPU: 0 %
[18:42:38.338] [1;32muart:~$ [m[8D[J                     : Total CPU cycles used: 505533515
[18:42:38.339] [1;32muart:~$ [m[8D[J esp_timer           : STACK: unused 3472 usage 624 / 4096 (15 %); CPU: 0 %
[18:42:38.340] [1;32muart:~$ [m[8D[J                     : Total CPU cycles used: 1962066354
[18:42:38.340] [1;32muart:~$ [m[8D[J logging             : STACK: unused 544 usage 480 / 1024 (46 %); CPU: 0 %
[18:42:38.341] [1;32muart:~$ [m[8D[J                     : Total CPU cycles used: 46314813
[18:42:38.342] [1;32muart:~$ [m[8D[J idle                : STACK: unused 816 usage 208 / 1024 (20 %); CPU: 98 %
[18:42:38.343] [1;32muart:~$ [m[8D[J                     : Total CPU cycles used: 5159022118799
[18:42:38.343] [1;32muart:~$ [m[8D[J ISR0                : STACK: unused 1520 usage 528 / 2048 (25 %); CPU: 0 %
[18:42:38.344] [1;32muart:~$ [m[8D[J                     : Total CPU cycles used: 0
[18:42:38.345] [1;32muart:~$ [m[8D[J[1;32muart:~$ [m[8D[J[1;32muart:~$ [m[8D[JNETMEM up=21900s pktRX=38/40 pktTX=15/16 bufRX=158/160/m102 bufTX=79/80/m6 sysheap_free=11208 alloc=21380 max=24056
[18:42:39.412] [1;32muart:~$ [m[8D[J[06:05:01.289,000] [0m<inf> shtc3: SHTC3: temperature=21.36 C humidity=45.76 %[0m
[18:42:39.412] [1;32muart:~$ [m[8D[J[1;32muart:~$ [m[8D[JNETMEM up=21930s pktRX=38/40 pktTX=15/16 bufRX=158/160/m102 bufTX=79/80/m6 sysheap_free=11208 alloc=21380 max=24056
[18:43:09.412] [1;32muart:~$ [m[8D[J[1;32muart:~$ [m[8D[JNETMEM up=21960s pktRX=38/40 pktTX=15/16 bufRX=158/160/m102 bufTX=79/80/m6 sysheap_free=11208 alloc=21380 max=24056
[18:43:39.413] [1;32muart:~$ [m[8D[J[06:06:01.292,000] [0m<inf> shtc3: SHTC3: temperature=21.21 C humidity=45.20 %[0m
[18:43:39.413] [1;32muart:~$ [m[8D[J[1;32muart:~$ [m[8D[JNETMEM up=21990s pktRX=38/40 pktTX=15/16 bufRX=158/160/m102 bufTX=79/80/m6 sysheap_free=11208 alloc=21380 max=24056
[18:44:09.413] [1;32muart:~$ [m[8D[J[1;32muart:~$ [m[8D[JNETMEM up=22020s pktRX=38/40 pktTX=15/16 bufRX=158/160/m102 bufTX=79/80/m6 sysheap_free=11172 alloc=21416 max=24056
[18:44:39.413] [1;32muart:~$ [m[8D[J[06:07:01.295,000] [0m<inf> shtc3: SHTC3: temperature=21.40 C humidity=45.97 %[0m
[18:44:39.414] [1;32muart:~$ [m[8D[J[1;32muart:~$ [m[8D[JNETMEM up=22050s pktRX=38/40 pktTX=15/16 bufRX=158/160/m102 bufTX=79/80/m6 sysheap_free=11208 alloc=21380 max=24056
[18:45:09.414] [1;32muart:~$ [m[8D[J[1;32muart:~$ [m[8D[JNETMEM up=22080s pktRX=38/40 pktTX=15/16 bufRX=158/160/m102 bufTX=79/80/m6 sysheap_free=11172 alloc=21416 max=24056
[18:45:39.415] [1;32muart:~$ [m[8D[J[06:08:01.298,000] [0m<inf> shtc3: SHTC3: temperature=21.47 C humidity=45.41 %[0m
[18:45:39.415] [1;32muart:~$ [m[8D[J[1;32muart:~$ [m[8D[JNETMEM up=22110s pktRX=38/40 pktTX=15/16 bufRX=158/160/m102 bufTX=79/80/m6 sysheap_free=11208 alloc=21380 max=24056
[18:46:09.415] [1;32muart:~$ [m[8D[J[1;32muart:~$ [m[8D[JNETMEM up=22140s pktRX=38/40 pktTX=15/16 bufRX=158/160/m102 bufTX=79/80/m6 sysheap_free=11208 alloc=21380 max=24056
[18:46:39.415] [1;32muart:~$ [m[8D[J[06:09:01.301,000] [0m<inf> shtc3: SHTC3: temperature=21.34 C humidity=45.19 %[0m
[18:46:39.416] [1;32muart:~$ [m[8D[J[1;32muart:~$ [m[8D[JNETMEM up=22170s pktRX=38/40 pktTX=15/16 bufRX=158/160/m102 bufTX=79/80/m6 sysheap_free=11208 alloc=21380 max=24056
[18:47:09.415] [1;32muart:~$ [m[8D[J[1;32muart:~$ [m[8D[JThread analyze:
[18:47:38.318] [1;32muart:~$ [m[8D[J wdt_sentinel_tid    : STACK: unused 432 usage 336 / 768 (43 %); CPU: 0 %
[18:47:38.319] [1;32muart:~$ [m[8D[J                     : Total CPU cycles used: 164337145
[18:47:38.319] [1;32muart:~$ [m[8D[J thread_analyzer     : STACK: unused 112 usage 912 / 1024 (89 %); CPU: 0 %
[18:47:38.320] [1;32muart:~$ [m[8D[J                     : Total CPU cycles used: 48333245
[18:47:38.321] [1;32muart:~$ [m[8D[J sys_wdt_tid         : STACK: unused 704 usage 320 / 1024 (31 %); CPU: 0 %
[18:47:38.322] [1;32muart:~$ [m[8D[J                     : Total CPU cycles used: 31278894
[18:47:38.322] [1;32muart:~$ [m[8D[J shtc3_thread        : STACK: unused 1360 usage 688 / 2048 (33 %); CPU: 0 %
[18:47:38.323] [1;32muart:~$ [m[8D[J                     : Total CPU cycles used: 25216638
[18:47:38.324] [1;32muart:~$ [m[8D[J ntp_thread          : STACK: unused 2480 usage 1616 / 4096 (39 %); CPU: 0 %
[18:47:38.324] [1;32muart:~$ [m[8D[J                     : Total CPU cycles used: 10166529
[18:47:38.325] [1;32muart:~$ [m[8D[J netmem_tid          : STACK: unused 624 usage 656 / 1280 (51 %); CPU: 0 %
[18:47:38.326] [1;32muart:~$ [m[8D[J                     : Total CPU cycles used: 19636617
[18:47:38.326] [1;32muart:~$ [m[8D[J llss_thread         : STACK: unused 11584 usage 4800 / 16384 (29 %); CPU: 0 %
[18:47:38.327] [1;32muart:~$ [m[8D[J                     : Total CPU cycles used: 9615040312
[18:47:38.328] [1;32muart:~$ [m[8D[J input               : STACK: unused 560 usage 464 / 1024 (45 %); CPU: 0 %
[18:47:38.329] [1;32muart:~$ [m[8D[J                     : Total CPU cycles used: 72962
[18:47:38.329] [1;32muart:~$ [m[8D[J display_thread      : STACK: unused 8640 usage 3648 / 12288 (29 %); CPU: 0 %
[18:47:38.330] [1;32muart:~$ [m[8D[J                     : Total CPU cycles used: 400393757
[18:47:38.331] [1;32muart:~$ [m[8D[J device_ui_thread    : STACK: unused 4480 usage 3712 / 8192 (45 %); CPU: 0 %
[18:47:38.332] [1;32muart:~$ [m[8D[J                     : Total CPU cycles used: 38919037330
[18:47:38.332] [1;32muart:~$ [m[8D[J conn_mgr_monitor    : STACK: unused 176 usage 336 / 512 (65 %); CPU: 0 %
[18:47:38.333] [1;32muart:~$ [m[8D[J                     : Total CPU cycles used: 86568
[18:47:38.334] [1;32muart:~$ [m[8D[J net_socket_service  : STACK: unused 3344 usage 752 / 4096 (18 %); CPU: 0 %
[18:47:38.334] [1;32muart:~$ [m[8D[J                     : Total CPU cycles used: 5526954
[18:47:38.335] [1;32muart:~$ [m[8D[J rx_q[0]             : STACK: unused 528 usage 1520 / 2048 (74 %); CPU: 0 %
[18:47:38.336] [1;32muart:~$ [m[8D[J                     : Total CPU cycles used: 4937271966
[18:47:38.336] [1;32muart:~$ [m[8D[J net_mgmt            : STACK: unused 3424 usage 672 / 4096 (16 %); CPU: 0 %
[18:47:38.337] [1;32muart:~$ [m[8D[J                     : Total CPU cycles used: 10514408
[18:47:38.338] [1;32muart:~$ [m[8D[J tcp_work            : STACK: unused 1680 usage 368 / 2048 (17 %); CPU: 0 %
[18:47:38.339] [1;32muart:~$ [m[8D[J                     : Total CPU cycles used: 8866437
[18:47:38.339] [1;32muart:~$ [m[8D[J shell_uart          : STACK: unused 2624 usage 1472 / 4096 (35 %); CPU: 0 %
[18:47:38.340] [1;32muart:~$ [m[8D[J                     : Total CPU cycles used: 322425153
[18:47:38.341] [1;32muart:~$ [m[8D[J wifi                : STACK: unused 1456 usage 2128 / 3584 (59 %); CPU: 0 %
[18:47:38.342] [1;32muart:~$ [m[8D[J                     : Total CPU cycles used: 39749124448
[18:47:38.342] [1;32muart:~$ [m[8D[J sysworkq            : STACK: unused 3248 usage 848 / 4096 (20 %); CPU: 0 %
[18:47:38.343] [1;32muart:~$ [m[8D[J                     : Total CPU cycles used: 511798101
[18:47:38.344] [1;32muart:~$ [m[8D[J esp_timer           : STACK: unused 3472 usage 624 / 4096 (15 %); CPU: 0 %
[18:47:38.344] [1;32muart:~$ [m[8D[J                     : Total CPU cycles used: 1989046011
[18:47:38.345] [1;32muart:~$ [m[8D[J logging             : STACK: unused 544 usage 480 / 1024 (46 %); CPU: 0 %
[18:47:38.346] [1;32muart:~$ [m[8D[J                     : Total CPU cycles used: 46799441
[18:47:38.347] [1;32muart:~$ [m[8D[J idle                : STACK: unused 816 usage 208 / 1024 (20 %); CPU: 98 %
[18:47:38.347] [1;32muart:~$ [m[8D[J                     : Total CPU cycles used: 5229754083174
[18:47:38.348] [1;32muart:~$ [m[8D[J ISR0                : STACK: unused 1520 usage 528 / 2048 (25 %); CPU: 0 %
[18:47:38.349] [1;32muart:~$ [m[8D[J                     : Total CPU cycles used: 0
[18:47:38.349] [1;32muart:~$ [m[8D[J[1;32muart:~$ [m[8D[J[1;32muart:~$ [m[8D[JNETMEM up=22200s pktRX=38/40 pktTX=15/16 bufRX=158/160/m102 bufTX=79/80/m6 sysheap_free=11208 alloc=21380 max=24056
[18:47:39.416] [1;32muart:~$ [m[8D[J[06:10:01.304,000] [0m<inf> shtc3: SHTC3: temperature=21.22 C humidity=45.55 %[0m
[18:47:39.417] [1;32muart:~$ [m[8D[J[1;32muart:~$ [m[8D[JNETMEM up=22230s pktRX=38/40 pktTX=15/16 bufRX=158/160/m102 bufTX=79/80/m6 sysheap_free=11208 alloc=21380 max=24056
[18:48:09.416] [1;32muart:~$ [m[8D[J[1;32muart:~$ [m[8D[JNETMEM up=22260s pktRX=38/40 pktTX=15/16 bufRX=158/160/m102 bufTX=79/80/m6 sysheap_free=11208 alloc=21380 max=24056
[18:48:39.417] [1;32muart:~$ [m[8D[J[06:11:01.307,000] [0m<inf> shtc3: SHTC3: temperature=21.48 C humidity=46.09 %[0m
[18:48:39.417] [1;32muart:~$ [m[8D[J[1;32muart:~$ [m[8D[JNETMEM up=22290s pktRX=38/40 pktTX=15/16 bufRX=158/160/m102 bufTX=79/80/m6 sysheap_free=11208 alloc=21380 max=24056
[18:49:09.417] [1;32muart:~$ [m[8D[J[1;32muart:~$ [m[8D[JNETMEM up=22320s pktRX=38/40 pktTX=15/16 bufRX=158/160/m102 bufTX=79/80/m6 sysheap_free=11208 alloc=21380 max=24056
[18:49:39.417] [1;32muart:~$ [m[8D[J[06:12:01.310,000] [0m<inf> shtc3: SHTC3: temperature=21.49 C humidity=45.78 %[0m
[18:49:39.418] [1;32muart:~$ [m[8D[J[1;32muart:~$ [m[8D[JNETMEM up=22350s pktRX=38/40 pktTX=15/16 bufRX=158/160/m102 bufTX=79/80/m6 sysheap_free=11208 alloc=21380 max=24056
[18:50:09.418] [1;32muart:~$ [m[8D[J[1;32muart:~$ [m[8D[JNETMEM up=22380s pktRX=38/40 pktTX=15/16 bufRX=158/160/m102 bufTX=79/80/m6 sysheap_free=11208 alloc=21380 max=24056
[18:50:39.418] [1;32muart:~$ [m[8D[J[06:13:01.313,000] [0m<inf> shtc3: SHTC3: temperature=21.41 C humidity=45.41 %[0m
[18:50:39.419] [1;32muart:~$ [m[8D[J[1;32muart:~$ [m[8D[JNETMEM up=22410s pktRX=38/40 pktTX=15/16 bufRX=158/160/m102 bufTX=79/80/m6 sysheap_free=11172 alloc=21416 max=24056
[18:51:09.419] [1;32muart:~$ [m[8D[J[1;32muart:~$ [m[8D[JNETMEM up=22440s pktRX=38/40 pktTX=15/16 bufRX=158/160/m102 bufTX=79/80/m6 sysheap_free=11208 alloc=21380 max=24056
[18:51:39.420] [1;32muart:~$ [m[8D[J[06:14:01.316,000] [0m<inf> shtc3: SHTC3: temperature=21.74 C humidity=45.52 %[0m
[18:51:39.420] [1;32muart:~$ [m[8D[J[1;32muart:~$ [m[8D[JNETMEM up=22470s pktRX=38/40 pktTX=15/16 bufRX=158/160/m102 bufTX=79/80/m6 sysheap_free=11208 alloc=21380 max=24056
[18:52:09.420] [1;32muart:~$ [m[8D[J[1;32muart:~$ [m[8D[JThread analyze:
[18:52:38.323] [1;32muart:~$ [m[8D[J wdt_sentinel_tid    : STACK: unused 432 usage 336 / 768 (43 %); CPU: 0 %
[18:52:38.323] [1;32muart:~$ [m[8D[J                     : Total CPU cycles used: 166552747
[18:52:38.324] [1;32muart:~$ [m[8D[J thread_analyzer     : STACK: unused 112 usage 912 / 1024 (89 %); CPU: 0 %
[18:52:38.325] [1;32muart:~$ [m[8D[J                     : Total CPU cycles used: 48981514
[18:52:38.325] [1;32muart:~$ [m[8D[J sys_wdt_tid         : STACK: unused 704 usage 320 / 1024 (31 %); CPU: 0 %
[18:52:38.326] [1;32muart:~$ [m[8D[J                     : Total CPU cycles used: 31753475
[18:52:38.327] [1;32muart:~$ [m[8D[J shtc3_thread        : STACK: unused 1360 usage 688 / 2048 (33 %); CPU: 0 %
[18:52:38.328] [1;32muart:~$ [m[8D[J                     : Total CPU cycles used: 25544864
[18:52:38.328] [1;32muart:~$ [m[8D[J ntp_thread          : STACK: unused 2480 usage 1616 / 4096 (39 %); CPU: 0 %
[18:52:38.329] [1;32muart:~$ [m[8D[J                     : Total CPU cycles used: 10166529
[18:52:38.330] [1;32muart:~$ [m[8D[J netmem_tid          : STACK: unused 624 usage 656 / 1280 (51 %); CPU: 0 %
[18:52:38.331] [1;32muart:~$ [m[8D[J                     : Total CPU cycles used: 19900646
[18:52:38.331] [1;32muart:~$ [m[8D[J llss_thread         : STACK: unused 11584 usage 4800 / 16384 (29 %); CPU: 0 %
[18:52:38.332] [1;32muart:~$ [m[8D[J                     : Total CPU cycles used: 9690669647
[18:52:38.333] [1;32muart:~$ [m[8D[J input               : STACK: unused 560 usage 464 / 1024 (45 %); CPU: 0 %
[18:52:38.333] [1;32muart:~$ [m[8D[J                     : Total CPU cycles used: 72962
[18:52:38.334] [1;32muart:~$ [m[8D[J display_thread      : STACK: unused 8640 usage 3648 / 12288 (29 %); CPU: 0 %
[18:52:38.335] [1;32muart:~$ [m[8D[J                     : Total CPU cycles used: 400393757
[18:52:38.336] [1;32muart:~$ [m[8D[J device_ui_thread    : STACK: unused 4480 usage 3712 / 8192 (45 %); CPU: 0 %
[18:52:38.336] [1;32muart:~$ [m[8D[J                     : Total CPU cycles used: 39469605696
[18:52:38.337] [1;32muart:~$ [m[8D[J conn_mgr_monitor    : STACK: unused 176 usage 336 / 512 (65 %); CPU: 0 %
[18:52:38.338] [1;32muart:~$ [m[8D[J                     : Total CPU cycles used: 86568
[18:52:38.338] [1;32muart:~$ [m[8D[J net_socket_service  : STACK: unused 3344 usage 752 / 4096 (18 %); CPU: 0 %
[18:52:38.339] [1;32muart:~$ [m[8D[J                     : Total CPU cycles used: 5526954
[18:52:38.340] [1;32muart:~$ [m[8D[J rx_q[0]             : STACK: unused 528 usage 1520 / 2048 (74 %); CPU: 0 %
[18:52:38.341] [1;32muart:~$ [m[8D[J                     : Total CPU cycles used: 5003197428
[18:52:38.341] [1;32muart:~$ [m[8D[J net_mgmt            : STACK: unused 3424 usage 672 / 4096 (16 %); CPU: 0 %
[18:52:38.342] [1;32muart:~$ [m[8D[J                     : Total CPU cycles used: 10687913
[18:52:38.343] [1;32muart:~$ [m[8D[J tcp_work            : STACK: unused 1680 usage 368 / 2048 (17 %); CPU: 0 %
[18:52:38.344] [1;32muart:~$ [m[8D[J                     : Total CPU cycles used: 8866437
[18:52:38.344] [1;32muart:~$ [m[8D[J shell_uart          : STACK: unused 2624 usage 1472 / 4096 (35 %); CPU: 0 %
[18:52:38.345] [1;32muart:~$ [m[8D[J                     : Total CPU cycles used: 326121690
[18:52:38.346] [1;32muart:~$ [m[8D[J wifi                : STACK: unused 1456 usage 2128 / 3584 (59 %); CPU: 0 %
[18:52:38.346] [1;32muart:~$ [m[8D[J                     : Total CPU cycles used: 40306868542
[18:52:38.347] [1;32muart:~$ [m[8D[J sysworkq            : STACK: unused 3248 usage 848 / 4096 (20 %); CPU: 0 %
[18:52:38.348] [1;32muart:~$ [m[8D[J                     : Total CPU cycles used: 519397481
[18:52:38.348] [1;32muart:~$ [m[8D[J esp_timer           : STACK: unused 3472 usage 624 / 4096 (15 %); CPU: 0 %
[18:52:38.349] [1;32muart:~$ [m[8D[J                     : Total CPU cycles used: 2017568906
[18:52:38.350] [1;32muart:~$ [m[8D[J logging             : STACK: unused 544 usage 480 / 1024 (46 %); CPU: 0 %
[18:52:38.351] [1;32muart:~$ [m[8D[J                     : Total CPU cycles used: 47286079
[18:52:38.351] [1;32muart:~$ [m[8D[J idle                : STACK: unused 816 usage 208 / 1024 (20 %); CPU: 98 %
[18:52:38.352] [1;32muart:~$ [m[8D[J                     : Total CPU cycles used: 5300444346722
[18:52:38.353] [1;32muart:~$ [m[8D[J ISR0                : STACK: unused 1520 usage 528 / 2048 (25 %); CPU: 0 %
[18:52:38.354] [1;32muart:~$ [m[8D[J                     : Total CPU cycles used: 0
[18:52:38.354] [1;32muart:~$ [m[8D[J[1;32muart:~$ [m[8D[J[1;32muart:~$ [m[8D[JNETMEM up=22500s pktRX=38/40 pktTX=15/16 bufRX=158/160/m102 bufTX=79/80/m6 sysheap_free=11208 alloc=21380 max=24056
[18:52:39.420] [1;32muart:~$ [m[8D[J[06:15:01.318,000] [0m<inf> shtc3: SHTC3: temperature=21.47 C humidity=45.83 %[0m
[18:52:39.421] [1;32muart:~$ [m[8D[J[1;32muart:~$ [m[8D[JNETMEM up=22530s pktRX=38/40 pktTX=15/16 bufRX=158/160/m102 bufTX=79/80/m6 sysheap_free=11208 alloc=21380 max=24056
[18:53:09.420] [1;32muart:~$ [m[8D[J[1;32muart:~$ [m[8D[JNETMEM up=22560s pktRX=38/40 pktTX=15/16 bufRX=158/160/m102 bufTX=79/80/m6 sysheap_free=11208 alloc=21380 max=24056
[18:53:39.422] [1;32muart:~$ [m[8D[J[06:16:01.321,000] [0m<inf> shtc3: SHTC3: temperature=21.35 C humidity=45.81 %[0m
[18:53:39.424] [1;32muart:~$ [m[8D[J[1;32muart:~$ [m[8D[JNETMEM up=22590s pktRX=38/40 pktTX=15/16 bufRX=158/160/m102 bufTX=79/80/m6 sysheap_free=11208 alloc=21380 max=24056
[18:54:09.421] [1;32muart:~$ [m[8D[J[1;32muart:~$ [m[8D[JNETMEM up=22620s pktRX=38/40 pktTX=15/16 bufRX=158/160/m102 bufTX=79/80/m6 sysheap_free=11208 alloc=21380 max=24056
[18:54:39.422] [1;32muart:~$ [m[8D[J[06:17:01.324,000] [0m<inf> shtc3: SHTC3: temperature=21.51 C humidity=45.93 %[0m
[18:54:39.422] [1;32muart:~$ [m[8D[J[1;32muart:~$ [m[8D[JNETMEM up=22650s pktRX=38/40 pktTX=15/16 bufRX=158/160/m102 bufTX=79/80/m6 sysheap_free=11208 alloc=21380 max=24056
[18:55:09.422] [1;32muart:~$ [m[8D[J[1;32muart:~$ [m[8D[JNETMEM up=22680s pktRX=38/40 pktTX=15/16 bufRX=158/160/m102 bufTX=79/80/m6 sysheap_free=11208 alloc=21380 max=24056
[18:55:39.423] [1;32muart:~$ [m[8D[J[06:18:01.327,000] [0m<inf> shtc3: SHTC3: temperature=21.41 C humidity=46.05 %[0m
[18:55:39.423] [1;32muart:~$ [m[8D[J[1;32muart:~$ [m[8D[JNETMEM up=22710s pktRX=38/40 pktTX=15/16 bufRX=158/160/m102 bufTX=79/80/m6 sysheap_free=11208 alloc=21380 max=24056
[18:56:09.423] [1;32muart:~$ [m[8D[J[1;32muart:~$ [m[8D[JNETMEM up=22740s pktRX=38/40 pktTX=15/16 bufRX=158/160/m102 bufTX=79/80/m6 sysheap_free=11208 alloc=21380 max=24056
[18:56:39.423] [1;32muart:~$ [m[8D[J[06:19:01.330,000] [0m<inf> shtc3: SHTC3: temperature=21.22 C humidity=46.41 %[0m
[18:56:39.424] [1;32muart:~$ [m[8D[J[1;32muart:~$ [m[8D[JNETMEM up=22770s pktRX=38/40 pktTX=15/16 bufRX=158/160/m102 bufTX=79/80/m6 sysheap_free=11208 alloc=21380 max=24056
[18:57:09.424] [1;32muart:~$ [m[8D[J[1;32muart:~$ [m[8D[JThread analyze:
[18:57:38.327] [1;32muart:~$ [m[8D[J wdt_sentinel_tid    : STACK: unused 432 usage 336 / 768 (43 %); CPU: 0 %
[18:57:38.328] [1;32muart:~$ [m[8D[J                     : Total CPU cycles used: 168763402
[18:57:38.328] [1;32muart:~$ [m[8D[J thread_analyzer     : STACK: unused 112 usage 912 / 1024 (89 %); CPU: 0 %
[18:57:38.329] [1;32muart:~$ [m[8D[J                     : Total CPU cycles used: 49629159
[18:57:38.330] [1;32muart:~$ [m[8D[J sys_wdt_tid         : STACK: unused 704 usage 320 / 1024 (31 %); CPU: 0 %
[18:57:38.331] [1;32muart:~$ [m[8D[J                     : Total CPU cycles used: 32195301
[18:57:38.331] [1;32muart:~$ [m[8D[J shtc3_thread        : STACK: unused 1360 usage 688 / 2048 (33 %); CPU: 0 %
[18:57:38.332] [1;32muart:~$ [m[8D[J                     : Total CPU cycles used: 25879806
[18:57:38.333] [1;32muart:~$ [m[8D[J ntp_thread          : STACK: unused 2480 usage 1616 / 4096 (39 %); CPU: 0 %
[18:57:38.334] [1;32muart:~$ [m[8D[J                     : Total CPU cycles used: 10166529
[18:57:38.334] [1;32muart:~$ [m[8D[J netmem_tid          : STACK: unused 624 usage 656 / 1280 (51 %); CPU: 0 %
[18:57:38.335] [1;32muart:~$ [m[8D[J                     : Total CPU cycles used: 20171279
[18:57:38.336] [1;32muart:~$ [m[8D[J llss_thread         : STACK: unused 11584 usage 4800 / 16384 (29 %); CPU: 0 %
[18:57:38.336] [1;32muart:~$ [m[8D[J                     : Total CPU cycles used: 9764209808
[18:57:38.337] [1;32muart:~$ [m[8D[J input               : STACK: unused 560 usage 464 / 1024 (45 %); CPU: 0 %
[18:57:38.338] [1;32muart:~$ [m[8D[J                     : Total CPU cycles used: 72962
[18:57:38.338] [1;32muart:~$ [m[8D[J display_thread      : STACK: unused 8640 usage 3648 / 12288 (29 %); CPU: 0 %
[18:57:38.339] [1;32muart:~$ [m[8D[J                     : Total CPU cycles used: 400393757
[18:57:38.340] [1;32muart:~$ [m[8D[J device_ui_thread    : STACK: unused 4480 usage 3712 / 8192 (45 %); CPU: 0 %
[18:57:38.341] [1;32muart:~$ [m[8D[J                     : Total CPU cycles used: 40020173553
[18:57:38.341] [1;32muart:~$ [m[8D[J conn_mgr_monitor    : STACK: unused 176 usage 336 / 512 (65 %); CPU: 0 %
[18:57:38.342] [1;32muart:~$ [m[8D[J                     : Total CPU cycles used: 86568
[18:57:38.343] [1;32muart:~$ [m[8D[J net_socket_service  : STACK: unused 3344 usage 752 / 4096 (18 %); CPU: 0 %
[18:57:38.344] [1;32muart:~$ [m[8D[J                     : Total CPU cycles used: 5526954
[18:57:38.344] [1;32muart:~$ [m[8D[J rx_q[0]             : STACK: unused 528 usage 1520 / 2048 (74 %); CPU: 0 %
[18:57:38.345] [1;32muart:~$ [m[8D[J                     : Total CPU cycles used: 5063349196
[18:57:38.346] [1;32muart:~$ [m[8D[J net_mgmt            : STACK: unused 3424 usage 672 / 4096 (16 %); CPU: 0 %
[18:57:38.346] [1;32muart:~$ [m[8D[J                     : Total CPU cycles used: 10862809
[18:57:38.347] [1;32muart:~$ [m[8D[J tcp_work            : STACK: unused 1680 usage 368 / 2048 (17 %); CPU: 0 %
[18:57:38.348] [1;32muart:~$ [m[8D[J                     : Total CPU cycles used: 8866437
[18:57:38.348] [1;32muart:~$ [m[8D[J shell_uart          : STACK: unused 2624 usage 1472 / 4096 (35 %); CPU: 0 %
[18:57:38.349] [1;32muart:~$ [m[8D[J                     : Total CPU cycles used: 329814672
[18:57:38.350] [1;32muart:~$ [m[8D[J wifi                : STACK: unused 1456 usage 2128 / 3584 (59 %); CPU: 0 %
[18:57:38.351] [1;32muart:~$ [m[8D[J                     : Total CPU cycles used: 40835998413
[18:57:38.351] [1;32muart:~$ [m[8D[J sysworkq            : STACK: unused 3248 usage 848 / 4096 (20 %); CPU: 0 %
[18:57:38.352] [1;32muart:~$ [m[8D[J                     : Total CPU cycles used: 526247953
[18:57:38.353] [1;32muart:~$ [m[8D[J esp_timer           : STACK: unused 3472 usage 624 / 4096 (15 %); CPU: 0 %
[18:57:38.354] [1;32muart:~$ [m[8D[J                     : Total CPU cycles used: 2044523201
[18:57:38.354] [1;32muart:~$ [m[8D[J logging             : STACK: unused 544 usage 480 / 1024 (46 %); CPU: 0 %
[18:57:38.355] [1;32muart:~$ [m[8D[J                     : Total CPU cycles used: 47765229
[18:57:38.356] [1;32muart:~$ [m[8D[J idle                : STACK: unused 816 usage 208 / 1024 (20 %); CPU: 98 %
[18:57:38.356] [1;32muart:~$ [m[8D[J                     : Total CPU cycles used: 5371173771380
[18:57:38.357] [1;32muart:~$ [m[8D[J ISR0                : STACK: unused 1520 usage 528 / 2048 (25 %); CPU: 0 %
[18:57:38.358] [1;32muart:~$ [m[8D[J                     : Total CPU cycles used: 0
[18:57:38.359] [1;32muart:~$ [m[8D[J[1;32muart:~$ [m[8D[J[1;32muart:~$ [m[8D[JNETMEM up=22800s pktRX=38/40 pktTX=15/16 bufRX=158/160/m102 bufTX=79/80/m6 sysheap_free=11208 alloc=21380 max=24056
[18:57:39.424] [1;32muart:~$ [m[8D[J[06:20:01.333,000] [0m<inf> shtc3: SHTC3: temperature=21.21 C humidity=46.20 %[0m
[18:57:39.424] [1;32muart:~$ [m[8D[J[1;32muart:~$ [m[8D[JNETMEM up=22830s pktRX=38/40 pktTX=15/16 bufRX=158/160/m102 bufTX=79/80/m6 sysheap_free=11208 alloc=21380 max=24056
[18:58:09.424] [1;32muart:~$ [m[8D[J[1;32muart:~$ [m[8D[JNETMEM up=22860s pktRX=38/40 pktTX=15/16 bufRX=158/160/m102 bufTX=79/80/m6 sysheap_free=11208 alloc=21380 max=24056
[18:58:39.425] [1;32muart:~$ [m[8D[J[06:21:01.336,000] [0m<inf> shtc3: SHTC3: temperature=21.46 C humidity=46.05 %[0m
[18:58:39.426] [1;32muart:~$ [m[8D[J[1;32muart:~$ [m[8D[JNETMEM up=22890s pktRX=38/40 pktTX=15/16 bufRX=158/160/m102 bufTX=79/80/m6 sysheap_free=11208 alloc=21380 max=24056
[18:59:09.426] [1;32muart:~$ [m[8D[J[1;32muart:~$ [m[8D[JNETMEM up=22920s pktRX=38/40 pktTX=15/16 bufRX=158/160/m102 bufTX=79/80/m6 sysheap_free=11208 alloc=21380 max=24056
[18:59:39.425] [1;32muart:~$ [m[8D[J[06:22:01.339,000] [0m<inf> shtc3: SHTC3: temperature=21.54 C humidity=45.99 %[0m
[18:59:39.426] [1;32muart:~$ [m[8D[J[1;32muart:~$ [m[8D[JNETMEM up=22950s pktRX=38/40 pktTX=15/16 bufRX=158/160/m102 bufTX=79/80/m6 sysheap_free=11208 alloc=21380 max=24056
[19:00:09.426] [1;32muart:~$ [m[8D[J[1;32muart:~$ [m[8D[JNETMEM up=22980s pktRX=38/40 pktTX=15/16 bufRX=158/160/m102 bufTX=79/80/m6 sysheap_free=11208 alloc=21380 max=24056
[19:00:39.426] [1;32muart:~$ [m[8D[J[06:23:01.342,000] [0m<inf> shtc3: SHTC3: temperature=21.47 C humidity=45.93 %[0m
[19:00:39.426] [1;32muart:~$ [m[8D[J[1;32muart:~$ [m[8D[JNETMEM up=23010s pktRX=38/40 pktTX=15/16 bufRX=158/160/m102 bufTX=79/80/m6 sysheap_free=11208 alloc=21380 max=24056
[19:01:09.426] [1;32muart:~$ [m[8D[J[1;32muart:~$ [m[8D[JNETMEM up=23040s pktRX=38/40 pktTX=15/16 bufRX=158/160/m102 bufTX=79/80/m6 sysheap_free=11208 alloc=21380 max=24056
[19:01:39.426] [1;32muart:~$ [m[8D[J[06:24:01.345,000] [0m<inf> shtc3: SHTC3: temperature=21.37 C humidity=45.60 %[0m
[19:01:39.427] [1;32muart:~$ [m[8D[J[1;32muart:~$ [m[8D[JNETMEM up=23070s pktRX=38/40 pktTX=15/16 bufRX=158/160/m102 bufTX=79/80/m6 sysheap_free=11172 alloc=21416 max=24056
[19:02:09.427] [1;32muart:~$ [m[8D[J[1;32muart:~$ [m[8D[JThread analyze:
[19:02:38.332] [1;32muart:~$ [m[8D[J wdt_sentinel_tid    : STACK: unused 432 usage 336 / 768 (43 %); CPU: 0 %
[19:02:38.332] [1;32muart:~$ [m[8D[J                     : Total CPU cycles used: 170964021
[19:02:38.333] [1;32muart:~$ [m[8D[J thread_analyzer     : STACK: unused 112 usage 912 / 1024 (89 %); CPU: 0 %
[19:02:38.334] [1;32muart:~$ [m[8D[J                     : Total CPU cycles used: 50277749
[19:02:38.334] [1;32muart:~$ [m[8D[J sys_wdt_tid         : STACK: unused 704 usage 320 / 1024 (31 %); CPU: 0 %
[19:02:38.335] [1;32muart:~$ [m[8D[J                     : Total CPU cycles used: 32633741
[19:02:38.336] [1;32muart:~$ [m[8D[J shtc3_thread        : STACK: unused 1360 usage 688 / 2048 (33 %); CPU: 0 %
[19:02:38.337] [1;32muart:~$ [m[8D[J                     : Total CPU cycles used: 26230136
[19:02:38.337] [1;32muart:~$ [m[8D[J ntp_thread          : STACK: unused 2480 usage 1616 / 4096 (39 %); CPU: 0 %
[19:02:38.338] [1;32muart:~$ [m[8D[J                     : Total CPU cycles used: 10166529
[19:02:38.339] [1;32muart:~$ [m[8D[J netmem_tid          : STACK: unused 624 usage 656 / 1280 (51 %); CPU: 0 %
[19:02:38.339] [1;32muart:~$ [m[8D[J                     : Total CPU cycles used: 20436568
[19:02:38.340] [1;32muart:~$ [m[8D[J llss_thread         : STACK: unused 11584 usage 4800 / 16384 (29 %); CPU: 0 %
[19:02:38.341] [1;32muart:~$ [m[8D[J                     : Total CPU cycles used: 9841088723
[19:02:38.342] [1;32muart:~$ [m[8D[J input               : STACK: unused 560 usage 464 / 1024 (45 %); CPU: 0 %
[19:02:38.342] [1;32muart:~$ [m[8D[J                     : Total CPU cycles used: 72962
[19:02:38.343] [1;32muart:~$ [m[8D[J display_thread      : STACK: unused 8640 usage 3648 / 12288 (29 %); CPU: 0 %
[19:02:38.344] [1;32muart:~$ [m[8D[J                     : Total CPU cycles used: 400393757
[19:02:38.344] [1;32muart:~$ [m[8D[J device_ui_thread    : STACK: unused 4480 usage 3712 / 8192 (45 %); CPU: 0 %
[19:02:38.345] [1;32muart:~$ [m[8D[J                     : Total CPU cycles used: 40545804177
[19:02:38.346] [1;32muart:~$ [m[8D[J conn_mgr_monitor    : STACK: unused 176 usage 336 / 512 (65 %); CPU: 0 %
[19:02:38.347] [1;32muart:~$ [m[8D[J                     : Total CPU cycles used: 86568
[19:02:38.347] [1;32muart:~$ [m[8D[J net_socket_service  : STACK: unused 3344 usage 752 / 4096 (18 %); CPU: 0 %
[19:02:38.348] [1;32muart:~$ [m[8D[J                     : Total CPU cycles used: 5526954
[19:02:38.349] [1;32muart:~$ [m[8D[J rx_q[0]             : STACK: unused 528 usage 1520 / 2048 (74 %); CPU: 0 %
[19:02:38.349] [1;32muart:~$ [m[8D[J                     : Total CPU cycles used: 5122854621
[19:02:38.350] [1;32muart:~$ [m[8D[J net_mgmt            : STACK: unused 3424 usage 672 / 4096 (16 %); CPU: 0 %
[19:02:38.351] [1;32muart:~$ [m[8D[J                     : Total CPU cycles used: 11025328
[19:02:38.351] [1;32muart:~$ [m[8D[J tcp_work            : STACK: unused 1680 usage 368 / 2048 (17 %); CPU: 0 %
[19:02:38.352] [1;32muart:~$ [m[8D[J                     : Total CPU cycles used: 8866437
[19:02:38.353] [1;32muart:~$ [m[8D[J shell_uart          : STACK: unused 2624 usage 1472 / 4096 (35 %); CPU: 0 %
[19:02:38.354] [1;32muart:~$ [m[8D[J                     : Total CPU cycles used: 333531247
[19:02:38.354] [1;32muart:~$ [m[8D[J wifi                : STACK: unused 1456 usage 2128 / 3584 (59 %); CPU: 0 %
[19:02:38.355] [1;32muart:~$ [m[8D[J                     : Total CPU cycles used: 41366851488
[19:02:38.356] [1;32muart:~$ [m[8D[J sysworkq            : STACK: unused 3248 usage 848 / 4096 (20 %); CPU: 0 %
[19:02:38.357] [1;32muart:~$ [m[8D[J                     : Total CPU cycles used: 532572494
[19:02:38.357] [1;32muart:~$ [m[8D[J esp_timer           : STACK: unused 3472 usage 624 / 4096 (15 %); CPU: 0 %
[19:02:38.358] [1;32muart:~$ [m[8D[J                     : Total CPU cycles used: 2071505380
[19:02:38.359] [1;32muart:~$ [m[8D[J logging             : STACK: unused 544 usage 480 / 1024 (46 %); CPU: 0 %
[19:02:38.359] [1;32muart:~$ [m[8D[J                     : Total CPU cycles used: 48255453
[19:02:38.360] [1;32muart:~$ [m[8D[J idle                : STACK: unused 816 usage 208 / 1024 (20 %); CPU: 98 %
[19:02:38.362] [1;32muart:~$ [m[8D[J                     : Total CPU cycles used: 5441923725052
[19:02:38.362] [1;32muart:~$ [m[8D[J ISR0                : STACK: unused 1520 usage 528 / 2048 (25 %); CPU: 0 %
[19:02:38.362] [1;32muart:~$ [m[8D[J                     : Total CPU cycles used: 0
[19:02:38.363] [1;32muart:~$ [m[8D[J[1;32muart:~$ [m[8D[J[1;32muart:~$ [m[8D[JNETMEM up=23100s pktRX=38/40 pktTX=15/16 bufRX=158/160/m102 bufTX=79/80/m6 sysheap_free=11208 alloc=21380 max=24056
[19:02:39.427] [1;32muart:~$ [m[8D[J[06:25:01.348,000] [0m<inf> shtc3: SHTC3: temperature=21.21 C humidity=46.03 %[0m
[19:02:39.428] [1;32muart:~$ [m[8D[J[1;32muart:~$ [m[8D[JNETMEM up=23130s pktRX=38/40 pktTX=15/16 bufRX=158/160/m102 bufTX=79/80/m6 sysheap_free=11172 alloc=21416 max=24056
[19:03:09.430] [1;32muart:~$ [m[8D[J[1;32muart:~$ [m[8D[JNETMEM up=23160s pktRX=38/40 pktTX=15/16 bufRX=158/160/m102 bufTX=79/80/m6 sysheap_free=11208 alloc=21380 max=24056
[19:03:39.430] [1;32muart:~$ [m[8D[J[06:26:01.351,000] [0m<inf> shtc3: SHTC3: temperature=21.22 C humidity=46.21 %[0m
[19:03:39.430] [1;32muart:~$ [m[8D[J[1;32muart:~$ [m[8D[JNETMEM up=23190s pktRX=38/40 pktTX=15/16 bufRX=158/160/m102 bufTX=79/80/m6 sysheap_free=11208 alloc=21380 max=24056
[19:04:09.430] [1;32muart:~$ [m[8D[J[1;32muart:~$ [m[8D[JNETMEM up=23220s pktRX=38/40 pktTX=15/16 bufRX=158/160/m102 bufTX=79/80/m6 sysheap_free=11208 alloc=21380 max=24056
[19:04:39.430] [1;32muart:~$ [m[8D[J[06:27:01.354,000] [0m<inf> shtc3: SHTC3: temperature=21.22 C humidity=46.00 %[0m
[19:04:39.431] [1;32muart:~$ [m[8D[J[1;32muart:~$ [m[8D[JNETMEM up=23250s pktRX=38/40 pktTX=15/16 bufRX=158/160/m102 bufTX=79/80/m6 sysheap_free=11208 alloc=21380 max=24056
[19:05:09.431] [1;32muart:~$ [m[8D[J[1;32muart:~$ [m[8D[JNETMEM up=23280s pktRX=38/40 pktTX=15/16 bufRX=158/160/m102 bufTX=79/80/m6 sysheap_free=11208 alloc=21380 max=24056
[19:05:39.431] [1;32muart:~$ [m[8D[J[06:28:01.357,000] [0m<inf> shtc3: SHTC3: temperature=21.30 C humidity=46.01 %[0m
[19:05:39.432] [1;32muart:~$ [m[8D[J[1;32muart:~$ [m[8D[JNETMEM up=23310s pktRX=38/40 pktTX=15/16 bufRX=158/160/m102 bufTX=79/80/m6 sysheap_free=11208 alloc=21380 max=24056
[19:06:09.432] [1;32muart:~$ [m[8D[J[1;32muart:~$ [m[8D[JNETMEM up=23340s pktRX=38/40 pktTX=15/16 bufRX=158/160/m102 bufTX=79/80/m6 sysheap_free=11208 alloc=21380 max=24056
[19:06:39.432] [1;32muart:~$ [m[8D[J[06:29:01.360,000] [0m<inf> shtc3: SHTC3: temperature=21.19 C humidity=45.79 %[0m
[19:06:39.433] [1;32muart:~$ [m[8D[J[1;32muart:~$ [m[8D[JNETMEM up=23370s pktRX=38/40 pktTX=15/16 bufRX=158/160/m102 bufTX=79/80/m6 sysheap_free=11208 alloc=21380 max=24056
[19:07:09.433] [1;32muart:~$ [m[8D[J[1;32muart:~$ [m[8D[JThread analyze:
[19:07:38.336] [1;32muart:~$ [m[8D[J wdt_sentinel_tid    : STACK: unused 432 usage 336 / 768 (43 %); CPU: 0 %
[19:07:38.337] [1;32muart:~$ [m[8D[J                     : Total CPU cycles used: 173189530
[19:07:38.337] [1;32muart:~$ [m[8D[J thread_analyzer     : STACK: unused 112 usage 912 / 1024 (89 %); CPU: 0 %
[19:07:38.338] [1;32muart:~$ [m[8D[J                     : Total CPU cycles used: 50928240
[19:07:38.339] [1;32muart:~$ [m[8D[J sys_wdt_tid         : STACK: unused 704 usage 320 / 1024 (31 %); CPU: 0 %
[19:07:38.339] [1;32muart:~$ [m[8D[J                     : Total CPU cycles used: 33046086
[19:07:38.340] [1;32muart:~$ [m[8D[J shtc3_thread        : STACK: unused 1360 usage 688 / 2048 (33 %); CPU: 0 %
[19:07:38.341] [1;32muart:~$ [m[8D[J                     : Total CPU cycles used: 26586979
[19:07:38.342] [1;32muart:~$ [m[8D[J ntp_thread          : STACK: unused 2480 usage 1616 / 4096 (39 %); CPU: 0 %
[19:07:38.342] [1;32muart:~$ [m[8D[J                     : Total CPU cycles used: 10166529
[19:07:38.343] [1;32muart:~$ [m[8D[J netmem_tid          : STACK: unused 624 usage 656 / 1280 (51 %); CPU: 0 %
[19:07:38.344] [1;32muart:~$ [m[8D[J                     : Total CPU cycles used: 20700061
[19:07:38.344] [1;32muart:~$ [m[8D[J llss_thread         : STACK: unused 11584 usage 4800 / 16384 (29 %); CPU: 0 %
[19:07:38.345] [1;32muart:~$ [m[8D[J                     : Total CPU cycles used: 9913135156
[19:07:38.346] [1;32muart:~$ [m[8D[J input               : STACK: unused 560 usage 464 / 1024 (45 %); CPU: 0 %
[19:07:38.347] [1;32muart:~$ [m[8D[J                     : Total CPU cycles used: 72962
[19:07:38.347] [1;32muart:~$ [m[8D[J display_thread      : STACK: unused 8640 usage 3648 / 12288 (29 %); CPU: 0 %
[19:07:38.348] [1;32muart:~$ [m[8D[J                     : Total CPU cycles used: 400393757
[19:07:38.349] [1;32muart:~$ [m[8D[J device_ui_thread    : STACK: unused 4480 usage 3712 / 8192 (45 %); CPU: 0 %
[19:07:38.350] [1;32muart:~$ [m[8D[J                     : Total CPU cycles used: 41096927657
[19:07:38.351] [1;32muart:~$ [m[8D[J conn_mgr_monitor    : STACK: unused 176 usage 336 / 512 (65 %); CPU: 0 %
[19:07:38.352] [1;32muart:~$ [m[8D[J                     : Total CPU cycles used: 86568
[19:07:38.352] [1;32muart:~$ [m[8D[J net_socket_service  : STACK: unused 3344 usage 752 / 4096 (18 %); CPU: 0 %
[19:07:38.353] [1;32muart:~$ [m[8D[J                     : Total CPU cycles used: 5526954
[19:07:38.356] [1;32muart:~$ [m[8D[J rx_q[0]             : STACK: unused 528 usage 1520 / 2048 (74 %); CPU: 0 %
[19:07:38.357] [1;32muart:~$ [m[8D[J                     : Total CPU cycles used: 5185228267
[19:07:38.357] [1;32muart:~$ [m[8D[J net_mgmt            : STACK: unused 3424 usage 672 / 4096 (16 %); CPU: 0 %
[19:07:38.358] [1;32muart:~$ [m[8D[J                     : Total CPU cycles used: 11196685
[19:07:38.359] [1;32muart:~$ [m[8D[J tcp_work            : STACK: unused 1680 usage 368 / 2048 (17 %); CPU: 0 %
[19:07:38.360] [1;32muart:~$ [m[8D[J                     : Total CPU cycles used: 8866437
[19:07:38.360] [1;32muart:~$ [m[8D[J shell_uart          : STACK: unused 2624 usage 1472 / 4096 (35 %); CPU: 0 %
[19:07:38.361] [1;32muart:~$ [m[8D[J                     : Total CPU cycles used: 337222796
[19:07:38.362] [1;32muart:~$ [m[8D[J wifi                : STACK: unused 1456 usage 2128 / 3584 (59 %); CPU: 0 %
[19:07:38.362] [1;32muart:~$ [m[8D[J                     : Total CPU cycles used: 41900484995
[19:07:38.363] [1;32muart:~$ [m[8D[J sysworkq            : STACK: unused 3248 usage 848 / 4096 (20 %); CPU: 0 %
[19:07:38.364] [1;32muart:~$ [m[8D[J                     : Total CPU cycles used: 540166315
[19:07:38.365] [1;32muart:~$ [m[8D[J esp_timer           : STACK: unused 3472 usage 624 / 4096 (15 %); CPU: 0 %
[19:07:38.365] [1;32muart:~$ [m[8D[J                     : Total CPU cycles used: 2099056852
[19:07:38.366] [1;32muart:~$ [m[8D[J logging             : STACK: unused 544 usage 480 / 1024 (46 %); CPU: 0 %
[19:07:38.367] [1;32muart:~$ [m[8D[J                     : Total CPU cycles used: 48744991
[19:07:38.367] [1;32muart:~$ [m[8D[J idle                : STACK: unused 816 usage 208 / 1024 (20 %); CPU: 98 %
[19:07:38.368] [1;32muart:~$ [m[8D[J                     : Total CPU cycles used: 5512645940311
[19:07:38.369] [1;32muart:~$ [m[8D[J ISR0                : STACK: unused 1520 usage 528 / 2048 (25 %); CPU: 0 %
[19:07:38.370] [1;32muart:~$ [m[8D[J                     : Total CPU cycles used: 0
[19:07:38.370] [1;32muart:~$ [m[8D[J[1;32muart:~$ [m[8D[J[1;32muart:~$ [m[8D[JNETMEM up=23400s pktRX=38/40 pktTX=15/16 bufRX=158/160/m102 bufTX=79/80/m6 sysheap_free=11208 alloc=21380 max=24056
[19:07:39.432] [1;32muart:~$ [m[8D[J[06:30:01.363,000] [0m<inf> shtc3: SHTC3: temperature=20.98 C humidity=46.13 %[0m
[19:07:39.433] [1;32muart:~$ [m[8D[J[1;32muart:~$ [m[8D[JNETMEM up=23430s pktRX=38/40 pktTX=15/16 bufRX=158/160/m102 bufTX=79/80/m6 sysheap_free=11208 alloc=21380 max=24056
[19:08:09.433] [1;32muart:~$ [m[8D[J[1;32muart:~$ [m[8D[JNETMEM up=23460s pktRX=38/40 pktTX=15/16 bufRX=158/160/m102 bufTX=79/80/m6 sysheap_free=11208 alloc=21380 max=24056
[19:08:39.434] [1;32muart:~$ [m[8D[J[06:31:01.365,000] [0m<inf> shtc3: SHTC3: temperature=21.22 C humidity=46.04 %[0m
[19:08:39.434] [1;32muart:~$ [m[8D[J[1;32muart:~$ [m[8D[JNETMEM up=23490s pktRX=38/40 pktTX=15/16 bufRX=158/160/m102 bufTX=79/80/m6 sysheap_free=11208 alloc=21380 max=24056
[19:09:09.434] [1;32muart:~$ [m[8D[J[1;32muart:~$ [m[8D[JNETMEM up=23520s pktRX=38/40 pktTX=15/16 bufRX=158/160/m102 bufTX=79/80/m6 sysheap_free=11208 alloc=21380 max=24056
[19:09:39.434] [1;32muart:~$ [m[8D[J[06:32:01.368,000] [0m<inf> shtc3: SHTC3: temperature=21.01 C humidity=46.28 %[0m
[19:09:39.435] [1;32muart:~$ [m[8D[J[1;32muart:~$ [m[8D[JNETMEM up=23550s pktRX=38/40 pktTX=15/16 bufRX=158/160/m102 bufTX=79/80/m6 sysheap_free=11208 alloc=21380 max=24056
[19:10:09.435] [1;32muart:~$ [m[8D[J[1;32muart:~$ [m[8D[JNETMEM up=23580s pktRX=38/40 pktTX=15/16 bufRX=158/160/m102 bufTX=79/80/m6 sysheap_free=11208 alloc=21380 max=24056
[19:10:39.435] [1;32muart:~$ [m[8D[J[06:33:01.371,000] [0m<inf> shtc3: SHTC3: temperature=21.03 C humidity=46.40 %[0m
[19:10:39.436] [1;32muart:~$ [m[8D[J[1;32muart:~$ [m[8D[JNETMEM up=23610s pktRX=38/40 pktTX=15/16 bufRX=158/160/m102 bufTX=79/80/m6 sysheap_free=11208 alloc=21380 max=24056
[19:11:09.435] [1;32muart:~$ [m[8D[J[1;32muart:~$ [m[8D[JNETMEM up=23640s pktRX=38/40 pktTX=15/16 bufRX=158/160/m102 bufTX=79/80/m6 sysheap_free=11208 alloc=21380 max=24056
[19:11:39.436] [1;32muart:~$ [m[8D[J[06:34:01.374,000] [0m<inf> shtc3: SHTC3: temperature=21.02 C humidity=46.33 %[0m
[19:11:39.436] [1;32muart:~$ [m[8D[J[1;32muart:~$ [m[8D[JNETMEM up=23670s pktRX=38/40 pktTX=15/16 bufRX=158/160/m102 bufTX=79/80/m6 sysheap_free=11208 alloc=21380 max=24056
[19:12:09.436] [1;32muart:~$ [m[8D[J[1;32muart:~$ [m[8D[JThread analyze:
[19:12:38.341] [1;32muart:~$ [m[8D[J wdt_sentinel_tid    : STACK: unused 432 usage 336 / 768 (43 %); CPU: 0 %
[19:12:38.341] [1;32muart:~$ [m[8D[J                     : Total CPU cycles used: 175392554
[19:12:38.342] [1;32muart:~$ [m[8D[J thread_analyzer     : STACK: unused 112 usage 912 / 1024 (89 %); CPU: 0 %
[19:12:38.343] [1;32muart:~$ [m[8D[J                     : Total CPU cycles used: 51576940
[19:12:38.343] [1;32muart:~$ [m[8D[J sys_wdt_tid         : STACK: unused 704 usage 320 / 1024 (31 %); CPU: 0 %
[19:12:38.344] [1;32muart:~$ [m[8D[J                     : Total CPU cycles used: 33439700
[19:12:38.345] [1;32muart:~$ [m[8D[J shtc3_thread        : STACK: unused 1360 usage 688 / 2048 (33 %); CPU: 0 %
[19:12:38.345] [1;32muart:~$ [m[8D[J                     : Total CPU cycles used: 26937198
[19:12:38.346] [1;32muart:~$ [m[8D[J ntp_thread          : STACK: unused 2480 usage 1616 / 4096 (39 %); CPU: 0 %
[19:12:38.347] [1;32muart:~$ [m[8D[J                     : Total CPU cycles used: 10166529
[19:12:38.347] [1;32muart:~$ [m[8D[J netmem_tid          : STACK: unused 624 usage 656 / 1280 (51 %); CPU: 0 %
[19:12:38.348] [1;32muart:~$ [m[8D[J                     : Total CPU cycles used: 20974114
[19:12:38.349] [1;32muart:~$ [m[8D[J llss_thread         : STACK: unused 11584 usage 4800 / 16384 (29 %); CPU: 0 %
[19:12:38.350] [1;32muart:~$ [m[8D[J                     : Total CPU cycles used: 9987812585
[19:12:38.350] [1;32muart:~$ [m[8D[J input               : STACK: unused 560 usage 464 / 1024 (45 %); CPU: 0 %
[19:12:38.351] [1;32muart:~$ [m[8D[J                     : Total CPU cycles used: 72962
[19:12:38.352] [1;32muart:~$ [m[8D[J display_thread      : STACK: unused 8640 usage 3648 / 12288 (29 %); CPU: 0 %
[19:12:38.353] [1;32muart:~$ [m[8D[J                     : Total CPU cycles used: 400393757
[19:12:38.353] [1;32muart:~$ [m[8D[J device_ui_thread    : STACK: unused 4480 usage 3712 / 8192 (45 %); CPU: 0 %
[19:12:38.354] [1;32muart:~$ [m[8D[J                     : Total CPU cycles used: 41641062629
[19:12:38.355] [1;32muart:~$ [m[8D[J conn_mgr_monitor    : STACK: unused 176 usage 336 / 512 (65 %); CPU: 0 %
[19:12:38.355] [1;32muart:~$ [m[8D[J                     : Total CPU cycles used: 86568
[19:12:38.356] [1;32muart:~$ [m[8D[J net_socket_service  : STACK: unused 3344 usage 752 / 4096 (18 %); CPU: 0 %
[19:12:38.357] [1;32muart:~$ [m[8D[J                     : Total CPU cycles used: 5526954
[19:12:38.357] [1;32muart:~$ [m[8D[J rx_q[0]             : STACK: unused 528 usage 1520 / 2048 (74 %); CPU: 0 %
[19:12:38.358] [1;32muart:~$ [m[8D[J                     : Total CPU cycles used: 5245626749
[19:12:38.359] [1;32muart:~$ [m[8D[J net_mgmt            : STACK: unused 3424 usage 672 / 4096 (16 %); CPU: 0 %
[19:12:38.360] [1;32muart:~$ [m[8D[J                     : Total CPU cycles used: 11359470
[19:12:38.360] [1;32muart:~$ [m[8D[J tcp_work            : STACK: unused 1680 usage 368 / 2048 (17 %); CPU: 0 %
[19:12:38.361] [1;32muart:~$ [m[8D[J                     : Total CPU cycles used: 8866437
[19:12:38.362] [1;32muart:~$ [m[8D[J shell_uart          : STACK: unused 2624 usage 1472 / 4096 (35 %); CPU: 0 %
[19:12:38.363] [1;32muart:~$ [m[8D[J                     : Total CPU cycles used: 341068835
[19:12:38.363] [1;32muart:~$ [m[8D[J wifi                : STACK: unused 1456 usage 2128 / 3584 (59 %); CPU: 0 %
[19:12:38.364] [1;32muart:~$ [m[8D[J                     : Total CPU cycles used: 42430320862
[19:12:38.365] [1;32muart:~$ [m[8D[J sysworkq            : STACK: unused 3248 usage 848 / 4096 (20 %); CPU: 0 %
[19:12:38.365] [1;32muart:~$ [m[8D[J                     : Total CPU cycles used: 547011195
[19:12:38.366] [1;32muart:~$ [m[8D[J esp_timer           : STACK: unused 3472 usage 624 / 4096 (15 %); CPU: 0 %
[19:12:38.367] [1;32muart:~$ [m[8D[J                     : Total CPU cycles used: 2126444818
[19:12:38.368] [1;32muart:~$ [m[8D[J logging             : STACK: unused 544 usage 480 / 1024 (46 %); CPU: 0 %
[19:12:38.368] [1;32muart:~$ [m[8D[J                     : Total CPU cycles used: 49256049
[19:12:38.369] [1;32muart:~$ [m[8D[J idle                : STACK: unused 816 usage 208 / 1024 (20 %); CPU: 98 %
[19:12:38.370] [1;32muart:~$ [m[8D[J                     : Total CPU cycles used: 5583379038524
[19:12:38.370] [1;32muart:~$ [m[8D[J ISR0                : STACK: unused 1520 usage 528 / 2048 (25 %); CPU: 0 %
[19:12:38.371] [1;32muart:~$ [m[8D[J                     : Total CPU cycles used: 0
[19:12:38.372] [1;32muart:~$ [m[8D[J[1;32muart:~$ [m[8D[J[1;32muart:~$ [m[8D[JNETMEM up=23700s pktRX=38/40 pktTX=15/16 bufRX=158/160/m102 bufTX=79/80/m6 sysheap_free=11208 alloc=21380 max=24056
[19:12:39.436] [1;32muart:~$ [m[8D[J[06:35:01.377,000] [0m<inf> shtc3: SHTC3: temperature=20.88 C humidity=46.59 %[0m
[19:12:39.437] [1;32muart:~$ [m[8D[J[1;32muart:~$ [m[8D[JNETMEM up=23730s pktRX=38/40 pktTX=15/16 bufRX=158/160/m102 bufTX=79/80/m6 sysheap_free=11208 alloc=21380 max=24056
[19:13:09.437] [1;32muart:~$ [m[8D[J[1;32muart:~$ [m[8D[JNETMEM up=23760s pktRX=38/40 pktTX=15/16 bufRX=158/160/m102 bufTX=79/80/m6 sysheap_free=11208 alloc=21380 max=24056
[19:13:39.437] [1;32muart:~$ [m[8D[J[06:36:01.380,000] [0m<inf> shtc3: SHTC3: temperature=20.98 C humidity=46.43 %[0m
[19:13:39.438] [1;32muart:~$ [m[8D[J[1;32muart:~$ [m[8D[JNETMEM up=23790s pktRX=38/40 pktTX=15/16 bufRX=158/160/m102 bufTX=79/80/m6 sysheap_free=11208 alloc=21380 max=24056
[19:14:09.438] [1;32muart:~$ [m[8D[J[1;32muart:~$ [m[8D[JNETMEM up=23820s pktRX=38/40 pktTX=15/16 bufRX=158/160/m102 bufTX=79/80/m6 sysheap_free=11208 alloc=21380 max=24056
[19:14:39.438] [1;32muart:~$ [m[8D[J[06:37:01.383,000] [0m<inf> shtc3: SHTC3: temperature=21.06 C humidity=46.44 %[0m
[19:14:39.439] [1;32muart:~$ [m[8D[J[1;32muart:~$ [m[8D[JNETMEM up=23850s pktRX=38/40 pktTX=15/16 bufRX=158/160/m102 bufTX=79/80/m6 sysheap_free=11208 alloc=21380 max=24056
[19:15:09.439] [1;32muart:~$ [m[8D[J[1;32muart:~$ [m[8D[JNETMEM up=23880s pktRX=38/40 pktTX=15/16 bufRX=158/160/m102 bufTX=79/80/m6 sysheap_free=11172 alloc=21416 max=24056
[19:15:39.439] [1;32muart:~$ [m[8D[J[06:38:01.386,000] [0m<inf> shtc3: SHTC3: temperature=20.98 C humidity=46.67 %[0m
[19:15:39.440] [1;32muart:~$ [m[8D[J[1;32muart:~$ [m[8D[JNETMEM up=23910s pktRX=38/40 pktTX=15/16 bufRX=158/160/m102 bufTX=79/80/m6 sysheap_free=11208 alloc=21380 max=24056
[19:16:09.439] [1;32muart:~$ [m[8D[J[1;32muart:~$ [m[8D[JNETMEM up=23940s pktRX=38/40 pktTX=15/16 bufRX=158/160/m102 bufTX=79/80/m6 sysheap_free=11208 alloc=21380 max=24056
[19:16:39.440] [1;32muart:~$ [m[8D[J[06:39:01.389,000] [0m<inf> shtc3: SHTC3: temperature=20.91 C humidity=46.52 %[0m
[19:16:39.440] [1;32muart:~$ [m[8D[J[1;32muart:~$ [m[8D[JNETMEM up=23970s pktRX=38/40 pktTX=15/16 bufRX=158/160/m102 bufTX=79/80/m6 sysheap_free=11208 alloc=21380 max=24056
[19:17:09.440] [1;32muart:~$ [m[8D[J[1;32muart:~$ [m[8D[JThread analyze:
[19:17:38.345] [1;32muart:~$ [m[8D[J wdt_sentinel_tid    : STACK: unused 432 usage 336 / 768 (43 %); CPU: 0 %
[19:17:38.346] [1;32muart:~$ [m[8D[J                     : Total CPU cycles used: 177602501
[19:17:38.346] [1;32muart:~$ [m[8D[J thread_analyzer     : STACK: unused 112 usage 912 / 1024 (89 %); CPU: 0 %
[19:17:38.347] [1;32muart:~$ [m[8D[J                     : Total CPU cycles used: 52227488
[19:17:38.348] [1;32muart:~$ [m[8D[J sys_wdt_tid         : STACK: unused 704 usage 320 / 1024 (31 %); CPU: 0 %
[19:17:38.348] [1;32muart:~$ [m[8D[J                     : Total CPU cycles used: 33810189
[19:17:38.349] [1;32muart:~$ [m[8D[J shtc3_thread        : STACK: unused 1360 usage 688 / 2048 (33 %); CPU: 0 %
[19:17:38.350] [1;32muart:~$ [m[8D[J                     : Total CPU cycles used: 27297310
[19:17:38.350] [1;32muart:~$ [m[8D[J ntp_thread          : STACK: unused 2480 usage 1616 / 4096 (39 %); CPU: 0 %
[19:17:38.351] [1;32muart:~$ [m[8D[J                     : Total CPU cycles used: 10166529
[19:17:38.352] [1;32muart:~$ [m[8D[J netmem_tid          : STACK: unused 624 usage 656 / 1280 (51 %); CPU: 0 %
[19:17:38.353] [1;32muart:~$ [m[8D[J                     : Total CPU cycles used: 21260949
[19:17:38.353] [1;32muart:~$ [m[8D[J llss_thread         : STACK: unused 11584 usage 4800 / 16384 (29 %); CPU: 0 %
[19:17:38.354] [1;32muart:~$ [m[8D[J                     : Total CPU cycles used: 10063200400
[19:17:38.355] [1;32muart:~$ [m[8D[J input               : STACK: unused 560 usage 464 / 1024 (45 %); CPU: 0 %
[19:17:38.356] [1;32muart:~$ [m[8D[J                     : Total CPU cycles used: 72962
[19:17:38.356] [1;32muart:~$ [m[8D[J display_thread      : STACK: unused 8640 usage 3648 / 12288 (29 %); CPU: 0 %
[19:17:38.357] [1;32muart:~$ [m[8D[J                     : Total CPU cycles used: 400393757
[19:17:38.358] [1;32muart:~$ [m[8D[J device_ui_thread    : STACK: unused 4480 usage 3712 / 8192 (45 %); CPU: 0 %
[19:17:38.358] [1;32muart:~$ [m[8D[J                     : Total CPU cycles used: 42181895226
[19:17:38.359] [1;32muart:~$ [m[8D[J conn_mgr_monitor    : STACK: unused 176 usage 336 / 512 (65 %); CPU: 0 %
[19:17:38.360] [1;32muart:~$ [m[8D[J                     : Total CPU cycles used: 86568
[19:17:38.360] [1;32muart:~$ [m[8D[J net_socket_service  : STACK: unused 3344 usage 752 / 4096 (18 %); CPU: 0 %
[19:17:38.361] [1;32muart:~$ [m[8D[J                     : Total CPU cycles used: 5526954
[19:17:38.362] [1;32muart:~$ [m[8D[J rx_q[0]             : STACK: unused 528 usage 1520 / 2048 (74 %); CPU: 0 %
[19:17:38.363] [1;32muart:~$ [m[8D[J                     : Total CPU cycles used: 5306714308
[19:17:38.363] [1;32muart:~$ [m[8D[J net_mgmt            : STACK: unused 3424 usage 672 / 4096 (16 %); CPU: 0 %
[19:17:38.364] [1;32muart:~$ [m[8D[J                     : Total CPU cycles used: 11532632
[19:17:38.365] [1;32muart:~$ [m[8D[J tcp_work            : STACK: unused 1216 usage 832 / 2048 (40 %); CPU: 0 %
[19:17:38.366] [1;32muart:~$ [m[8D[J                     : Total CPU cycles used: 9142831
[19:17:38.366] [1;32muart:~$ [m[8D[J shell_uart          : STACK: unused 2624 usage 1472 / 4096 (35 %); CPU: 0 %
[19:17:38.367] [1;32muart:~$ [m[8D[J                     : Total CPU cycles used: 344782844
[19:17:38.368] [1;32muart:~$ [m[8D[J wifi                : STACK: unused 1456 usage 2128 / 3584 (59 %); CPU: 0 %
[19:17:38.368] [1;32muart:~$ [m[8D[J                     : Total CPU cycles used: 42978721107
[19:17:38.369] [1;32muart:~$ [m[8D[J sysworkq            : STACK: unused 3248 usage 848 / 4096 (20 %); CPU: 0 %
[19:17:38.370] [1;32muart:~$ [m[8D[J                     : Total CPU cycles used: 554669941
[19:17:38.371] [1;32muart:~$ [m[8D[J esp_timer           : STACK: unused 3472 usage 624 / 4096 (15 %); CPU: 0 %
[19:17:38.371] [1;32muart:~$ [m[8D[J                     : Total CPU cycles used: 2154727027
[19:17:38.372] [1;32muart:~$ [m[8D[J logging             : STACK: unused 544 usage 480 / 1024 (46 %); CPU: 0 %
[19:17:38.373] [1;32muart:~$ [m[8D[J                     : Total CPU cycles used: 49754740
[19:17:38.373] [1;32muart:~$ [m[8D[J idle                : STACK: unused 816 usage 208 / 1024 (20 %); CPU: 98 %
[19:17:38.374] [1;32muart:~$ [m[8D[J                     : Total CPU cycles used: 5654093458622
[19:17:38.375] [1;32muart:~$ [m[8D[J ISR0                : STACK: unused 1520 usage 528 / 2048 (25 %); CPU: 0 %
[19:17:38.376] [1;32muart:~$ [m[8D[J                     : Total CPU cycles used: 0
[19:17:38.376] [1;32muart:~$ [m[8D[J[1;32muart:~$ [m[8D[J[1;32muart:~$ [m[8D[JNETMEM up=24000s pktRX=38/40 pktTX=15/16 bufRX=158/160/m102 bufTX=79/80/m6 sysheap_free=11208 alloc=21380 max=24056
[19:17:39.441] [1;32muart:~$ [m[8D[J[06:40:01.392,000] [0m<inf> shtc3: SHTC3: temperature=21.19 C humidity=46.27 %[0m
[19:17:39.442] [1;32muart:~$ [m[8D[J[1;32muart:~$ [m[8D[JNETMEM up=24030s pktRX=38/40 pktTX=15/16 bufRX=158/160/m102 bufTX=79/80/m6 sysheap_free=11208 alloc=21380 max=24056
[19:18:09.441] [1;32muart:~$ [m[8D[J[1;32muart:~$ [m[8D[JNETMEM up=24060s pktRX=38/40 pktTX=15/16 bufRX=158/160/m102 bufTX=79/80/m6 sysheap_free=11208 alloc=21380 max=24056
[19:18:39.441] [1;32muart:~$ [m[8D[J[06:41:01.395,000] [0m<inf> shtc3: SHTC3: temperature=20.85 C humidity=46.56 %[0m
[19:18:39.442] [1;32muart:~$ [m[8D[J[1;32muart:~$ [m[8D[JNETMEM up=24090s pktRX=38/40 pktTX=15/16 bufRX=158/160/m102 bufTX=79/80/m6 sysheap_free=11208 alloc=21380 max=24056
[19:19:09.442] [1;32muart:~$ [m[8D[J[1;32muart:~$ [m[8D[JNETMEM up=24120s pktRX=38/40 pktTX=15/16 bufRX=158/160/m102 bufTX=79/80/m6 sysheap_free=11208 alloc=21380 max=24056
[19:19:39.442] [1;32muart:~$ [m[8D[J[06:42:01.398,000] [0m<inf> shtc3: SHTC3: temperature=21.03 C humidity=46.47 %[0m
[19:19:39.443] [1;32muart:~$ [m[8D[J[1;32muart:~$ [m[8D[JNETMEM up=24150s pktRX=38/40 pktTX=15/16 bufRX=158/160/m102 bufTX=79/80/m6 sysheap_free=11208 alloc=21380 max=24056
[19:20:09.442] [1;32muart:~$ [m[8D[J[1;32muart:~$ [m[8D[JNETMEM up=24180s pktRX=38/40 pktTX=15/16 bufRX=158/160/m102 bufTX=79/80/m6 sysheap_free=11208 alloc=21380 max=24056
[19:20:39.443] [1;32muart:~$ [m[8D[J[06:43:01.401,000] [0m<inf> shtc3: SHTC3: temperature=21.09 C humidity=46.34 %[0m
[19:20:39.443] [1;32muart:~$ [m[8D[J[1;32muart:~$ [m[8D[JNETMEM up=24210s pktRX=38/40 pktTX=15/16 bufRX=158/160/m102 bufTX=79/80/m6 sysheap_free=11208 alloc=21380 max=24056
[19:21:09.443] [1;32muart:~$ [m[8D[J[1;32muart:~$ [m[8D[JNETMEM up=24240s pktRX=38/40 pktTX=15/16 bufRX=158/160/m102 bufTX=79/80/m6 sysheap_free=11208 alloc=21380 max=24056
[19:21:39.444] [1;32muart:~$ [m[8D[J[06:44:01.404,000] [0m<inf> shtc3: SHTC3: temperature=20.98 C humidity=46.38 %[0m
[19:21:39.444] [1;32muart:~$ [m[8D[J[1;32muart:~$ [m[8D[JNETMEM up=24270s pktRX=38/40 pktTX=15/16 bufRX=158/160/m102 bufTX=79/80/m6 sysheap_free=11208 alloc=21380 max=24056
[19:22:09.444] [1;32muart:~$ [m[8D[J[1;32muart:~$ [m[8D[JThread analyze:
[19:22:38.350] [1;32muart:~$ [m[8D[J wdt_sentinel_tid    : STACK: unused 432 usage 336 / 768 (43 %); CPU: 0 %
[19:22:38.350] [1;32muart:~$ [m[8D[J                     : Total CPU cycles used: 179840951
[19:22:38.351] [1;32muart:~$ [m[8D[J thread_analyzer     : STACK: unused 112 usage 912 / 1024 (89 %); CPU: 0 %
[19:22:38.352] [1;32muart:~$ [m[8D[J                     : Total CPU cycles used: 52870671
[19:22:38.352] [1;32muart:~$ [m[8D[J sys_wdt_tid         : STACK: unused 704 usage 320 / 1024 (31 %); CPU: 0 %
[19:22:38.353] [1;32muart:~$ [m[8D[J                     : Total CPU cycles used: 34146812
[19:22:38.354] [1;32muart:~$ [m[8D[J shtc3_thread        : STACK: unused 1360 usage 688 / 2048 (33 %); CPU: 0 %
[19:22:38.354] [1;32muart:~$ [m[8D[J                     : Total CPU cycles used: 27658764
[19:22:38.355] [1;32muart:~$ [m[8D[J ntp_thread          : STACK: unused 2480 usage 1616 / 4096 (39 %); CPU: 0 %
[19:22:38.356] [1;32muart:~$ [m[8D[J                     : Total CPU cycles used: 10166529
[19:22:38.356] [1;32muart:~$ [m[8D[J netmem_tid          : STACK: unused 624 usage 656 / 1280 (51 %); CPU: 0 %
[19:22:38.357] [1;32muart:~$ [m[8D[J                     : Total CPU cycles used: 21549130
[19:22:38.358] [1;32muart:~$ [m[8D[J llss_thread         : STACK: unused 11584 usage 4800 / 16384 (29 %); CPU: 0 %
[19:22:38.359] [1;32muart:~$ [m[8D[J                     : Total CPU cycles used: 10139822937
[19:22:38.359] [1;32muart:~$ [m[8D[J input               : STACK: unused 560 usage 464 / 1024 (45 %); CPU: 0 %
[19:22:38.360] [1;32muart:~$ [m[8D[J                     : Total CPU cycles used: 72962
[19:22:38.361] [1;32muart:~$ [m[8D[J display_thread      : STACK: unused 8640 usage 3648 / 12288 (29 %); CPU: 0 %
[19:22:38.362] [1;32muart:~$ [m[8D[J                     : Total CPU cycles used: 400393757
[19:22:38.362] [1;32muart:~$ [m[8D[J device_ui_thread    : STACK: unused 4480 usage 3712 / 8192 (45 %); CPU: 0 %
[19:22:38.363] [1;32muart:~$ [m[8D[J                     : Total CPU cycles used: 42728552224
[19:22:38.364] [1;32muart:~$ [m[8D[J conn_mgr_monitor    : STACK: unused 176 usage 336 / 512 (65 %); CPU: 0 %
[19:22:38.364] [1;32muart:~$ [m[8D[J                     : Total CPU cycles used: 86568
[19:22:38.365] [1;32muart:~$ [m[8D[J net_socket_service  : STACK: unused 3344 usage 752 / 4096 (18 %); CPU: 0 %
[19:22:38.366] [1;32muart:~$ [m[8D[J                     : Total CPU cycles used: 5526954
[19:22:38.367] [1;32muart:~$ [m[8D[J rx_q[0]             : STACK: unused 528 usage 1520 / 2048 (74 %); CPU: 0 %
[19:22:38.367] [1;32muart:~$ [m[8D[J                     : Total CPU cycles used: 5364908763
[19:22:38.368] [1;32muart:~$ [m[8D[J net_mgmt            : STACK: unused 3424 usage 672 / 4096 (16 %); CPU: 0 %
[19:22:38.369] [1;32muart:~$ [m[8D[J                     : Total CPU cycles used: 11693337
[19:22:38.369] [1;32muart:~$ [m[8D[J tcp_work            : STACK: unused 1216 usage 832 / 2048 (40 %); CPU: 0 %
[19:22:38.370] [1;32muart:~$ [m[8D[J                     : Total CPU cycles used: 9142831
[19:22:38.371] [1;32muart:~$ [m[8D[J shell_uart          : STACK: unused 2624 usage 1472 / 4096 (35 %); CPU: 0 %
[19:22:38.372] [1;32muart:~$ [m[8D[J                     : Total CPU cycles used: 348518507
[19:22:38.372] [1;32muart:~$ [m[8D[J wifi                : STACK: unused 1456 usage 2128 / 3584 (59 %); CPU: 0 %
[19:22:38.373] [1;32muart:~$ [m[8D[J                     : Total CPU cycles used: 43512472757
[19:22:38.374] [1;32muart:~$ [m[8D[J sysworkq            : STACK: unused 3248 usage 848 / 4096 (20 %); CPU: 0 %
[19:22:38.374] [1;32muart:~$ [m[8D[J                     : Total CPU cycles used: 560859420
[19:22:38.375] [1;32muart:~$ [m[8D[J esp_timer           : STACK: unused 3472 usage 624 / 4096 (15 %); CPU: 0 %
[19:22:38.376] [1;32muart:~$ [m[8D[J                     : Total CPU cycles used: 2182205195
[19:22:38.377] [1;32muart:~$ [m[8D[J logging             : STACK: unused 544 usage 480 / 1024 (46 %); CPU: 0 %
[19:22:38.377] [1;32muart:~$ [m[8D[J                     : Total CPU cycles used: 50213701
[19:22:38.378] [1;32muart:~$ [m[8D[J idle                : STACK: unused 816 usage 208 / 1024 (20 %); CPU: 98 %
[19:22:38.379] [1;32muart:~$ [m[8D[J                     : Total CPU cycles used: 5724821181528
[19:22:38.379] [1;32muart:~$ [m[8D[J ISR0                : STACK: unused 1520 usage 528 / 2048 (25 %); CPU: 0 %
[19:22:38.380] [1;32muart:~$ [m[8D[J                     : Total CPU cycles used: 0
[19:22:38.381] [1;32muart:~$ [m[8D[J[1;32muart:~$ [m[8D[J[1;32muart:~$ [m[8D[JNETMEM up=24300s pktRX=38/40 pktTX=15/16 bufRX=158/160/m102 bufTX=79/80/m6 sysheap_free=11208 alloc=21380 max=24056
[19:22:39.444] [1;32muart:~$ [m[8D[J[06:45:01.407,000] [0m<inf> shtc3: SHTC3: temperature=21.09 C humidity=46.52 %[0m
[19:22:39.445] [1;32muart:~$ [m[8D[J[1;32muart:~$ [m[8D[JNETMEM up=24330s pktRX=38/40 pktTX=15/16 bufRX=158/160/m102 bufTX=79/80/m6 sysheap_free=11208 alloc=21380 max=24056
[19:23:09.445] [1;32muart:~$ [m[8D[J[1;32muart:~$ [m[8D[JNETMEM up=24360s pktRX=38/40 pktTX=15/16 bufRX=158/160/m102 bufTX=79/80/m6 sysheap_free=11208 alloc=21380 max=24056
[19:23:39.445] [1;32muart:~$ [m[8D[J[06:46:01.410,000] [0m<inf> shtc3: SHTC3: temperature=20.85 C humidity=46.67 %[0m
[19:23:39.446] [1;32muart:~$ [m[8D[J[1;32muart:~$ [m[8D[JNETMEM up=24390s pktRX=38/40 pktTX=15/16 bufRX=158/160/m102 bufTX=79/80/m6 sysheap_free=11208 alloc=21380 max=24056
[19:24:09.446] [1;32muart:~$ [m[8D[J[1;32muart:~$ [m[8D[JNETMEM up=24420s pktRX=38/40 pktTX=15/16 bufRX=158/160/m102 bufTX=79/80/m6 sysheap_free=11208 alloc=21380 max=24056
[19:24:39.446] [1;32muart:~$ [m[8D[J[06:47:01.413,000] [0m<inf> shtc3: SHTC3: temperature=20.98 C humidity=46.71 %[0m
[19:24:39.447] [1;32muart:~$ [m[8D[J[1;32muart:~$ [m[8D[JNETMEM up=24450s pktRX=38/40 pktTX=15/16 bufRX=158/160/m102 bufTX=79/80/m6 sysheap_free=11208 alloc=21380 max=24056
[19:25:09.446] [1;32muart:~$ [m[8D[J[1;32muart:~$ [m[8D[JNETMEM up=24480s pktRX=38/40 pktTX=15/16 bufRX=158/160/m102 bufTX=79/80/m6 sysheap_free=11208 alloc=21380 max=24056
[19:25:39.447] [1;32muart:~$ [m[8D[J[06:48:01.416,000] [0m<inf> shtc3: SHTC3: temperature=20.98 C humidity=46.78 %[0m
[19:25:39.447] [1;32muart:~$ [m[8D[J[1;32muart:~$ [m[8D[JNETMEM up=24510s pktRX=38/40 pktTX=15/16 bufRX=158/160/m102 bufTX=79/80/m6 sysheap_free=11208 alloc=21380 max=24056
[19:26:09.447] [1;32muart:~$ [m[8D[J[1;32muart:~$ [m[8D[JNETMEM up=24540s pktRX=38/40 pktTX=15/16 bufRX=158/160/m102 bufTX=79/80/m6 sysheap_free=11208 alloc=21380 max=24056
[19:26:39.447] [1;32muart:~$ [m[8D[J[06:49:01.419,000] [0m<inf> shtc3: SHTC3: temperature=20.85 C humidity=46.94 %[0m
[19:26:39.448] [1;32muart:~$ [m[8D[J[1;32muart:~$ [m[8D[JNETMEM up=24570s pktRX=38/40 pktTX=15/16 bufRX=158/160/m102 bufTX=79/80/m6 sysheap_free=11208 alloc=21380 max=24056
[19:27:09.448] [1;32muart:~$ [m[8D[J[1;32muart:~$ [m[8D[JThread analyze:
[19:27:38.355] [1;32muart:~$ [m[8D[J wdt_sentinel_tid    : STACK: unused 432 usage 336 / 768 (43 %); CPU: 0 %
[19:27:38.355] [1;32muart:~$ [m[8D[J                     : Total CPU cycles used: 182131590
[19:27:38.355] [1;32muart:~$ [m[8D[J thread_analyzer     : STACK: unused 112 usage 912 / 1024 (89 %); CPU: 0 %
[19:27:38.356] [1;32muart:~$ [m[8D[J                     : Total CPU cycles used: 53514565
[19:27:38.357] [1;32muart:~$ [m[8D[J sys_wdt_tid         : STACK: unused 704 usage 320 / 1024 (31 %); CPU: 0 %
[19:27:38.357] [1;32muart:~$ [m[8D[J                     : Total CPU cycles used: 34463945
[19:27:38.358] [1;32muart:~$ [m[8D[J shtc3_thread        : STACK: unused 1360 usage 688 / 2048 (33 %); CPU: 0 %
[19:27:38.359] [1;32muart:~$ [m[8D[J                     : Total CPU cycles used: 28019502
[19:27:38.360] [1;32muart:~$ [m[8D[J ntp_thread          : STACK: unused 2480 usage 1616 / 4096 (39 %); CPU: 0 %
[19:27:38.360] [1;32muart:~$ [m[8D[J                     : Total CPU cycles used: 10166529
[19:27:38.361] [1;32muart:~$ [m[8D[J netmem_tid          : STACK: unused 624 usage 656 / 1280 (51 %); CPU: 0 %
[19:27:38.362] [1;32muart:~$ [m[8D[J                     : Total CPU cycles used: 21829949
[19:27:38.362] [1;32muart:~$ [m[8D[J llss_thread         : STACK: unused 11584 usage 4800 / 16384 (29 %); CPU: 0 %
[19:27:38.363] [1;32muart:~$ [m[8D[J                     : Total CPU cycles used: 10218166633
[19:27:38.364] [1;32muart:~$ [m[8D[J input               : STACK: unused 560 usage 464 / 1024 (45 %); CPU: 0 %
[19:27:38.365] [1;32muart:~$ [m[8D[J                     : Total CPU cycles used: 72962
[19:27:38.365] [1;32muart:~$ [m[8D[J display_thread      : STACK: unused 8640 usage 3648 / 12288 (29 %); CPU: 0 %
[19:27:38.366] [1;32muart:~$ [m[8D[J                     : Total CPU cycles used: 400393757
[19:27:38.367] [1;32muart:~$ [m[8D[J device_ui_thread    : STACK: unused 4480 usage 3712 / 8192 (45 %); CPU: 0 %
[19:27:38.368] [1;32muart:~$ [m[8D[J                     : Total CPU cycles used: 43280292518
[19:27:38.368] [1;32muart:~$ [m[8D[J conn_mgr_monitor    : STACK: unused 176 usage 336 / 512 (65 %); CPU: 0 %
[19:27:38.369] [1;32muart:~$ [m[8D[J                     : Total CPU cycles used: 86568
[19:27:38.370] [1;32muart:~$ [m[8D[J net_socket_service  : STACK: unused 3344 usage 752 / 4096 (18 %); CPU: 0 %
[19:27:38.370] [1;32muart:~$ [m[8D[J                     : Total CPU cycles used: 5526954
[19:27:38.371] [1;32muart:~$ [m[8D[J rx_q[0]             : STACK: unused 528 usage 1520 / 2048 (74 %); CPU: 0 %
[19:27:38.372] [1;32muart:~$ [m[8D[J                     : Total CPU cycles used: 5423229633
[19:27:38.372] [1;32muart:~$ [m[8D[J net_mgmt            : STACK: unused 3424 usage 672 / 4096 (16 %); CPU: 0 %
[19:27:38.373] [1;32muart:~$ [m[8D[J                     : Total CPU cycles used: 11856969
[19:27:38.374] [1;32muart:~$ [m[8D[J tcp_work            : STACK: unused 1216 usage 832 / 2048 (40 %); CPU: 0 %
[19:27:38.375] [1;32muart:~$ [m[8D[J                     : Total CPU cycles used: 9142831
[19:27:38.375] [1;32muart:~$ [m[8D[J shell_uart          : STACK: unused 2624 usage 1472 / 4096 (35 %); CPU: 0 %
[19:27:38.376] [1;32muart:~$ [m[8D[J                     : Total CPU cycles used: 352211631
[19:27:38.377] [1;32muart:~$ [m[8D[J wifi                : STACK: unused 1456 usage 2128 / 3584 (59 %); CPU: 0 %
[19:27:38.378] [1;32muart:~$ [m[8D[J                     : Total CPU cycles used: 44039914677
[19:27:38.378] [1;32muart:~$ [m[8D[J sysworkq            : STACK: unused 3248 usage 848 / 4096 (20 %); CPU: 0 %
[19:27:38.379] [1;32muart:~$ [m[8D[J                     : Total CPU cycles used: 567845471
[19:27:38.380] [1;32muart:~$ [m[8D[J esp_timer           : STACK: unused 3472 usage 624 / 4096 (15 %); CPU: 0 %
[19:27:38.380] [1;32muart:~$ [m[8D[J                     : Total CPU cycles used: 2209401274
[19:27:38.381] [1;32muart:~$ [m[8D[J logging             : STACK: unused 544 usage 480 / 1024 (46 %); CPU: 0 %
[19:27:38.382] [1;32muart:~$ [m[8D[J                     : Total CPU cycles used: 50683469
[19:27:38.382] [1;32muart:~$ [m[8D[J idle                : STACK: unused 816 usage 208 / 1024 (20 %); CPU: 98 %
[19:27:38.383] [1;32muart:~$ [m[8D[J                     : Total CPU cycles used: 5795547741273
[19:27:38.384] [1;32muart:~$ [m[8D[J ISR0                : STACK: unused 1520 usage 528 / 2048 (25 %); CPU: 0 %
[19:27:38.385] [1;32muart:~$ [m[8D[J                     : Total CPU cycles used: 0
[19:27:38.385] [1;32muart:~$ [m[8D[J[1;32muart:~$ [m[8D[J[1;32muart:~$ [m[8D[JNETMEM up=24600s pktRX=38/40 pktTX=15/16 bufRX=158/160/m102 bufTX=79/80/m6 sysheap_free=11208 alloc=21380 max=24056
[19:27:39.448] [1;32muart:~$ [m[8D[J[06:50:01.422,000] [0m<inf> shtc3: SHTC3: temperature=20.93 C humidity=46.86 %[0m
[19:27:39.449] [1;32muart:~$ [m[8D[J[1;32muart:~$ [m[8D[JNETMEM up=24630s pktRX=38/40 pktTX=15/16 bufRX=158/160/m102 bufTX=79/80/m6 sysheap_free=11208 alloc=21380 max=24056
[19:28:09.448] [1;32muart:~$ [m[8D[J[1;32muart:~$ [m[8D[JNETMEM up=24660s pktRX=38/40 pktTX=15/16 bufRX=158/160/m102 bufTX=79/80/m6 sysheap_free=11208 alloc=21380 max=24056
[19:28:39.449] [1;32muart:~$ [m[8D[J[06:51:01.425,000] [0m<inf> shtc3: SHTC3: temperature=20.76 C humidity=46.78 %[0m
[19:28:39.449] [1;32muart:~$ [m[8D[J[1;32muart:~$ [m[8D[JNETMEM up=24690s pktRX=38/40 pktTX=15/16 bufRX=158/160/m102 bufTX=79/80/m6 sysheap_free=11208 alloc=21380 max=24056
[19:29:09.450] [1;32muart:~$ [m[8D[J[1;32muart:~$ [m[8D[JNETMEM up=24720s pktRX=38/40 pktTX=15/16 bufRX=158/160/m102 bufTX=79/80/m6 sysheap_free=11172 alloc=21416 max=24056
[19:29:39.449] [1;32muart:~$ [m[8D[J[06:52:01.428,000] [0m<inf> shtc3: SHTC3: temperature=20.85 C humidity=47.18 %[0m
[19:29:39.450] [1;32muart:~$ [m[8D[J[1;32muart:~$ [m[8D[JNETMEM up=24750s pktRX=38/40 pktTX=15/16 bufRX=158/160/m102 bufTX=79/80/m6 sysheap_free=11208 alloc=21380 max=24056
[19:30:09.450] [1;32muart:~$ [m[8D[J[1;32muart:~$ [m[8D[JNETMEM up=24780s pktRX=38/40 pktTX=15/16 bufRX=158/160/m102 bufTX=79/80/m6 sysheap_free=11208 alloc=21380 max=24056
[19:30:39.450] [1;32muart:~$ [m[8D[J[06:53:01.431,000] [0m<inf> shtc3: SHTC3: temperature=20.98 C humidity=47.32 %[0m
[19:30:39.451] [1;32muart:~$ [m[8D[J[1;32muart:~$ [m[8D[JNETMEM up=24810s pktRX=38/40 pktTX=15/16 bufRX=158/160/m102 bufTX=79/80/m6 sysheap_free=11208 alloc=21380 max=24056
[19:31:09.450] [1;32muart:~$ [m[8D[J[1;32muart:~$ [m[8D[JNETMEM up=24840s pktRX=38/40 pktTX=15/16 bufRX=158/160/m102 bufTX=79/80/m6 sysheap_free=11208 alloc=21380 max=24056
[19:31:39.451] [1;32muart:~$ [m[8D[J[06:54:01.434,000] [0m<inf> shtc3: SHTC3: temperature=20.69 C humidity=47.57 %[0m
[19:31:39.452] [1;32muart:~$ [m[8D[J[1;32muart:~$ [m[8D[JNETMEM up=24870s pktRX=38/40 pktTX=15/16 bufRX=158/160/m102 bufTX=79/80/m6 sysheap_free=11208 alloc=21380 max=24056
[19:32:09.451] [1;32muart:~$ [m[8D[J[1;32muart:~$ [m[8D[JThread analyze:
[19:32:38.358] [1;32muart:~$ [m[8D[J wdt_sentinel_tid    : STACK: unused 432 usage 336 / 768 (43 %); CPU: 0 %
[19:32:38.359] [1;32muart:~$ [m[8D[J                     : Total CPU cycles used: 184389593
[19:32:38.359] [1;32muart:~$ [m[8D[J thread_analyzer     : STACK: unused 112 usage 912 / 1024 (89 %); CPU: 0 %
[19:32:38.360] [1;32muart:~$ [m[8D[J                     : Total CPU cycles used: 54158390
[19:32:38.361] [1;32muart:~$ [m[8D[J sys_wdt_tid         : STACK: unused 704 usage 320 / 1024 (31 %); CPU: 0 %
[19:32:38.362] [1;32muart:~$ [m[8D[J                     : Total CPU cycles used: 34786976
[19:32:38.362] [1;32muart:~$ [m[8D[J shtc3_thread        : STACK: unused 1360 usage 688 / 2048 (33 %); CPU: 0 %
[19:32:38.363] [1;32muart:~$ [m[8D[J                     : Total CPU cycles used: 28376216
[19:32:38.364] [1;32muart:~$ [m[8D[J ntp_thread          : STACK: unused 2480 usage 1616 / 4096 (39 %); CPU: 0 %
[19:32:38.365] [1;32muart:~$ [m[8D[J                     : Total CPU cycles used: 10166529
[19:32:38.365] [1;32muart:~$ [m[8D[J netmem_tid          : STACK: unused 624 usage 656 / 1280 (51 %); CPU: 0 %
[19:32:38.366] [1;32muart:~$ [m[8D[J                     : Total CPU cycles used: 22106006
[19:32:38.367] [1;32muart:~$ [m[8D[J llss_thread         : STACK: unused 11584 usage 4800 / 16384 (29 %); CPU: 0 %
[19:32:38.367] [1;32muart:~$ [m[8D[J                     : Total CPU cycles used: 10295414768
[19:32:38.368] [1;32muart:~$ [m[8D[J input               : STACK: unused 560 usage 464 / 1024 (45 %); CPU: 0 %
[19:32:38.369] [1;32muart:~$ [m[8D[J                     : Total CPU cycles used: 72962
[19:32:38.369] [1;32muart:~$ [m[8D[J display_thread      : STACK: unused 8640 usage 3648 / 12288 (29 %); CPU: 0 %
[19:32:38.370] [1;32muart:~$ [m[8D[J                     : Total CPU cycles used: 400393757
[19:32:38.371] [1;32muart:~$ [m[8D[J device_ui_thread    : STACK: unused 4480 usage 3712 / 8192 (45 %); CPU: 0 %
[19:32:38.372] [1;32muart:~$ [m[8D[J                     : Total CPU cycles used: 43805513565
[19:32:38.372] [1;32muart:~$ [m[8D[J conn_mgr_monitor    : STACK: unused 176 usage 336 / 512 (65 %); CPU: 0 %
[19:32:38.373] [1;32muart:~$ [m[8D[J                     : Total CPU cycles used: 86568
[19:32:38.374] [1;32muart:~$ [m[8D[J net_socket_service  : STACK: unused 3344 usage 752 / 4096 (18 %); CPU: 0 %
[19:32:38.375] [1;32muart:~$ [m[8D[J                     : Total CPU cycles used: 5526954
[19:32:38.375] [1;32muart:~$ [m[8D[J rx_q[0]             : STACK: unused 528 usage 1520 / 2048 (74 %); CPU: 0 %
[19:32:38.376] [1;32muart:~$ [m[8D[J                     : Total CPU cycles used: 5482174399
[19:32:38.377] [1;32muart:~$ [m[8D[J net_mgmt            : STACK: unused 3424 usage 672 / 4096 (16 %); CPU: 0 %
[19:32:38.377] [1;32muart:~$ [m[8D[J                     : Total CPU cycles used: 12029294
[19:32:38.378] [1;32muart:~$ [m[8D[J tcp_work            : STACK: unused 1216 usage 832 / 2048 (40 %); CPU: 0 %
[19:32:38.379] [1;32muart:~$ [m[8D[J                     : Total CPU cycles used: 9142831
[19:32:38.379] [1;32muart:~$ [m[8D[J shell_uart          : STACK: unused 2624 usage 1472 / 4096 (35 %); CPU: 0 %
[19:32:38.380] [1;32muart:~$ [m[8D[J                     : Total CPU cycles used: 355906251
[19:32:38.381] [1;32muart:~$ [m[8D[J wifi                : STACK: unused 1456 usage 2128 / 3584 (59 %); CPU: 0 %
[19:32:38.382] [1;32muart:~$ [m[8D[J                     : Total CPU cycles used: 44571237883
[19:32:38.382] [1;32muart:~$ [m[8D[J sysworkq            : STACK: unused 3248 usage 848 / 4096 (20 %); CPU: 0 %
[19:32:38.383] [1;32muart:~$ [m[8D[J                     : Total CPU cycles used: 575468417
[19:32:38.384] [1;32muart:~$ [m[8D[J esp_timer           : STACK: unused 3472 usage 624 / 4096 (15 %); CPU: 0 %
[19:32:38.385] [1;32muart:~$ [m[8D[J                     : Total CPU cycles used: 2236970914
[19:32:38.385] [1;32muart:~$ [m[8D[J logging             : STACK: unused 544 usage 480 / 1024 (46 %); CPU: 0 %
[19:32:38.386] [1;32muart:~$ [m[8D[J                     : Total CPU cycles used: 51149840
[19:32:38.387] [1;32muart:~$ [m[8D[J idle                : STACK: unused 816 usage 208 / 1024 (20 %); CPU: 98 %
[19:32:38.387] [1;32muart:~$ [m[8D[J                     : Total CPU cycles used: 5866296015599
[19:32:38.388] [1;32muart:~$ [m[8D[J ISR0                : STACK: unused 1520 usage 528 / 2048 (25 %); CPU: 0 %
[19:32:38.389] [1;32muart:~$ [m[8D[J                     : Total CPU cycles used: 0
[19:32:38.390] [1;32muart:~$ [m[8D[J[1;32muart:~$ [m[8D[J[1;32muart:~$ [m[8D[JNETMEM up=24900s pktRX=38/40 pktTX=15/16 bufRX=158/160/m102 bufTX=79/80/m6 sysheap_free=11208 alloc=21380 max=24056
[19:32:39.451] [1;32muart:~$ [m[8D[J[06:55:01.437,000] [0m<inf> shtc3: SHTC3: temperature=20.53 C humidity=47.54 %[0m
[19:32:39.452] [1;32muart:~$ [m[8D[J[1;32muart:~$ [m[8D[JNETMEM up=24930s pktRX=38/40 pktTX=15/16 bufRX=158/160/m102 bufTX=79/80/m6 sysheap_free=11208 alloc=21380 max=24056
[19:33:09.452] [1;32muart:~$ [m[8D[J[1;32muart:~$ [m[8D[JNETMEM up=24960s pktRX=38/40 pktTX=15/16 bufRX=158/160/m102 bufTX=79/80/m6 sysheap_free=11208 alloc=21380 max=24056
[19:33:39.452] [1;32muart:~$ [m[8D[J[06:56:01.440,000] [0m<inf> shtc3: SHTC3: temperature=20.98 C humidity=47.96 %[0m
[19:33:39.453] [1;32muart:~$ [m[8D[J[1;32muart:~$ [m[8D[JNETMEM up=24990s pktRX=38/40 pktTX=15/16 bufRX=158/160/m102 bufTX=79/80/m6 sysheap_free=11208 alloc=21380 max=24056
[19:34:09.452] [1;32muart:~$ [m[8D[J[1;32muart:~$ [m[8D[JNETMEM up=25020s pktRX=38/40 pktTX=15/16 bufRX=158/160/m102 bufTX=79/80/m6 sysheap_free=11208 alloc=21380 max=24056
[19:34:39.453] [1;32muart:~$ [m[8D[J[06:57:01.443,000] [0m<inf> shtc3: SHTC3: temperature=20.69 C humidity=47.52 %[0m
[19:34:39.454] [1;32muart:~$ [m[8D[J[1;32muart:~$ [m[8D[JNETMEM up=25050s pktRX=38/40 pktTX=15/16 bufRX=158/160/m102 bufTX=79/80/m6 sysheap_free=11208 alloc=21380 max=24056
[19:35:09.454] [1;32muart:~$ [m[8D[J[1;32muart:~$ [m[8D[JNETMEM up=25080s pktRX=38/40 pktTX=15/16 bufRX=158/160/m102 bufTX=79/80/m6 sysheap_free=11208 alloc=21380 max=24056
[19:35:39.454] [1;32muart:~$ [m[8D[J[06:58:01.446,000] [0m<inf> shtc3: SHTC3: temperature=20.75 C humidity=47.52 %[0m
[19:35:39.454] [1;32muart:~$ [m[8D[J[1;32muart:~$ [m[8D[JNETMEM up=25110s pktRX=38/40 pktTX=15/16 bufRX=158/160/m102 bufTX=79/80/m6 sysheap_free=11208 alloc=21380 max=24056
[19:36:09.454] [1;32muart:~$ [m[8D[J[1;32muart:~$ [m[8D[JNETMEM up=25140s pktRX=38/40 pktTX=15/16 bufRX=158/160/m102 bufTX=79/80/m6 sysheap_free=11208 alloc=21380 max=24056
[19:36:39.454] [1;32muart:~$ [m[8D[J[06:59:01.449,000] [0m<inf> shtc3: SHTC3: temperature=20.72 C humidity=47.56 %[0m
[19:36:39.455] [1;32muart:~$ [m[8D[J[1;32muart:~$ [m[8D[JNETMEM up=25170s pktRX=38/40 pktTX=15/16 bufRX=158/160/m102 bufTX=79/80/m6 sysheap_free=11208 alloc=21380 max=24056
[19:37:09.454] [1;32muart:~$ [m[8D[J[1;32muart:~$ [m[8D[JThread analyze:
[19:37:38.362] [1;32muart:~$ [m[8D[J wdt_sentinel_tid    : STACK: unused 432 usage 336 / 768 (43 %); CPU: 0 %
[19:37:38.363] [1;32muart:~$ [m[8D[J                     : Total CPU cycles used: 186521265
[19:37:38.364] [1;32muart:~$ [m[8D[J thread_analyzer     : STACK: unused 112 usage 912 / 1024 (89 %); CPU: 0 %
[19:37:38.364] [1;32muart:~$ [m[8D[J                     : Total CPU cycles used: 54801666
[19:37:38.365] [1;32muart:~$ [m[8D[J sys_wdt_tid         : STACK: unused 704 usage 320 / 1024 (31 %); CPU: 0 %
[19:37:38.366] [1;32muart:~$ [m[8D[J                     : Total CPU cycles used: 35257697
[19:37:38.366] [1;32muart:~$ [m[8D[J shtc3_thread        : STACK: unused 1360 usage 688 / 2048 (33 %); CPU: 0 %
[19:37:38.367] [1;32muart:~$ [m[8D[J                     : Total CPU cycles used: 28739141
[19:37:38.368] [1;32muart:~$ [m[8D[J ntp_thread          : STACK: unused 2480 usage 1616 / 4096 (39 %); CPU: 0 %
[19:37:38.369] [1;32muart:~$ [m[8D[J                     : Total CPU cycles used: 10166529
[19:37:38.369] [1;32muart:~$ [m[8D[J netmem_tid          : STACK: unused 624 usage 656 / 1280 (51 %); CPU: 0 %
[19:37:38.370] [1;32muart:~$ [m[8D[J                     : Total CPU cycles used: 22387283
[19:37:38.371] [1;32muart:~$ [m[8D[J llss_thread         : STACK: unused 11584 usage 4800 / 16384 (29 %); CPU: 0 %
[19:37:38.372] [1;32muart:~$ [m[8D[J                     : Total CPU cycles used: 10372004619
[19:37:38.372] [1;32muart:~$ [m[8D[J input               : STACK: unused 560 usage 464 / 1024 (45 %); CPU: 0 %
[19:37:38.373] [1;32muart:~$ [m[8D[J                     : Total CPU cycles used: 72962
[19:37:38.374] [1;32muart:~$ [m[8D[J display_thread      : STACK: unused 8640 usage 3648 / 12288 (29 %); CPU: 0 %
[19:37:38.374] [1;32muart:~$ [m[8D[J                     : Total CPU cycles used: 400393757
[19:37:38.375] [1;32muart:~$ [m[8D[J device_ui_thread    : STACK: unused 4480 usage 3712 / 8192 (45 %); CPU: 0 %
[19:37:38.376] [1;32muart:~$ [m[8D[J                     : Total CPU cycles used: 44355442210
[19:37:38.377] [1;32muart:~$ [m[8D[J conn_mgr_monitor    : STACK: unused 176 usage 336 / 512 (65 %); CPU: 0 %
[19:37:38.377] [1;32muart:~$ [m[8D[J                     : Total CPU cycles used: 86568
[19:37:38.378] [1;32muart:~$ [m[8D[J net_socket_service  : STACK: unused 3344 usage 752 / 4096 (18 %); CPU: 0 %
[19:37:38.379] [1;32muart:~$ [m[8D[J                     : Total CPU cycles used: 5526954
[19:37:38.380] [1;32muart:~$ [m[8D[J rx_q[0]             : STACK: unused 528 usage 1520 / 2048 (74 %); CPU: 0 %
[19:37:38.380] [1;32muart:~$ [m[8D[J                     : Total CPU cycles used: 5540579184
[19:37:38.381] [1;32muart:~$ [m[8D[J net_mgmt            : STACK: unused 3424 usage 672 / 4096 (16 %); CPU: 0 %
[19:37:38.382] [1;32muart:~$ [m[8D[J                     : Total CPU cycles used: 12184356
[19:37:38.382] [1;32muart:~$ [m[8D[J tcp_work            : STACK: unused 1216 usage 832 / 2048 (40 %); CPU: 0 %
[19:37:38.383] [1;32muart:~$ [m[8D[J                     : Total CPU cycles used: 9142831
[19:37:38.384] [1;32muart:~$ [m[8D[J shell_uart          : STACK: unused 2624 usage 1472 / 4096 (35 %); CPU: 0 %
[19:37:38.384] [1;32muart:~$ [m[8D[J                     : Total CPU cycles used: 359608133
[19:37:38.385] [1;32muart:~$ [m[8D[J wifi                : STACK: unused 1456 usage 2128 / 3584 (59 %); CPU: 0 %
[19:37:38.386] [1;32muart:~$ [m[8D[J                     : Total CPU cycles used: 45094460089
[19:37:38.387] [1;32muart:~$ [m[8D[J sysworkq            : STACK: unused 3248 usage 848 / 4096 (20 %); CPU: 0 %
[19:37:38.387] [1;32muart:~$ [m[8D[J                     : Total CPU cycles used: 581782868
[19:37:38.388] [1;32muart:~$ [m[8D[J esp_timer           : STACK: unused 3472 usage 624 / 4096 (15 %); CPU: 0 %
[19:37:38.389] [1;32muart:~$ [m[8D[J                     : Total CPU cycles used: 2263642091
[19:37:38.389] [1;32muart:~$ [m[8D[J logging             : STACK: unused 544 usage 480 / 1024 (46 %); CPU: 0 %
[19:37:38.390] [1;32muart:~$ [m[8D[J                     : Total CPU cycles used: 51604704
[19:37:38.391] [1;32muart:~$ [m[8D[J idle                : STACK: unused 816 usage 208 / 1024 (20 %); CPU: 98 %
[19:37:38.392] [1;32muart:~$ [m[8D[J                     : Total CPU cycles used: 5937031553958
[19:37:38.392] [1;32muart:~$ [m[8D[J ISR0                : STACK: unused 1520 usage 528 / 2048 (25 %); CPU: 0 %
[19:37:38.393] [1;32muart:~$ [m[8D[J                     : Total CPU cycles used: 0
[19:37:38.394] [1;32muart:~$ [m[8D[J[1;32muart:~$ [m[8D[J[1;32muart:~$ [m[8D[JNETMEM up=25200s pktRX=38/40 pktTX=15/16 bufRX=158/160/m102 bufTX=79/80/m6 sysheap_free=11208 alloc=21380 max=24056
[19:37:39.455] [1;32muart:~$ [m[8D[J[07:00:01.452,000] [0m<inf> shtc3: SHTC3: temperature=20.98 C humidity=47.71 %[0m
[19:37:39.456] [1;32muart:~$ [m[8D[J[1;32muart:~$ [m[8D[J[07:00:09.789,000] [0m<inf> wifi_prov: WiFi STA connected: tutu[0m
[19:37:48.712] [1;32muart:~$ [m[8D[J[1;32muart:~$ [m[8D[JNETMEM up=25230s pktRX=38/40 pktTX=15/16 bufRX=158/160/m102 bufTX=79/80/m6 sysheap_free=11208 alloc=21380 max=24056
[19:38:09.455] [1;32muart:~$ [m[8D[J[1;32muart:~$ [m[8D[J[07:00:32.129,000] [0m<inf> ntp_sync: NTP synced: 2026-06-18 22:38:10 UTC[0m
[19:38:11.052] [1;32muart:~$ [m[8D[J[1;32muart:~$ [m[8D[JNETMEM up=25260s pktRX=38/40 pktTX=15/16 bufRX=158/160/m102 bufTX=79/80/m6 sysheap_free=11208 alloc=21380 max=24056
[19:38:39.455] [1;32muart:~$ [m[8D[J[07:01:01.455,000] [0m<inf> shtc3: SHTC3: temperature=20.98 C humidity=47.53 %[0m
[19:38:39.456] [1;32muart:~$ [m[8D[J[1;32muart:~$ [m[8D[JNETMEM up=25290s pktRX=38/40 pktTX=15/16 bufRX=158/160/m102 bufTX=79/80/m6 sysheap_free=11172 alloc=21416 max=24056
[19:39:09.456] [1;32muart:~$ [m[8D[J[1;32muart:~$ [m[8D[JNETMEM up=25320s pktRX=38/40 pktTX=15/16 bufRX=158/160/m102 bufTX=79/80/m6 sysheap_free=11208 alloc=21380 max=24056
[19:39:39.456] [1;32muart:~$ [m[8D[J[07:02:01.458,000] [0m<inf> shtc3: SHTC3: temperature=20.91 C humidity=47.42 %[0m
[19:39:39.457] [1;32muart:~$ [m[8D[J[1;32muart:~$ [m[8D[JNETMEM up=25350s pktRX=38/40 pktTX=15/16 bufRX=158/160/m102 bufTX=79/80/m6 sysheap_free=11208 alloc=21380 max=24056
[19:40:09.457] [1;32muart:~$ [m[8D[J[1;32muart:~$ [m[8D[JNETMEM up=25380s pktRX=38/40 pktTX=15/16 bufRX=158/160/m102 bufTX=79/80/m6 sysheap_free=11208 alloc=21380 max=24056
[19:40:39.457] [1;32muart:~$ [m[8D[J[07:03:01.461,000] [0m<inf> shtc3: SHTC3: temperature=20.72 C humidity=47.67 %[0m
[19:40:39.458] [1;32muart:~$ [m[8D[J[1;32muart:~$ [m[8D[JNETMEM up=25410s pktRX=38/40 pktTX=15/16 bufRX=158/160/m102 bufTX=79/80/m6 sysheap_free=11208 alloc=21380 max=24056
[19:41:09.458] [1;32muart:~$ [m[8D[J[1;32muart:~$ [m[8D[JNETMEM up=25440s pktRX=38/40 pktTX=15/16 bufRX=158/160/m102 bufTX=79/80/m6 sysheap_free=11208 alloc=21380 max=24056
[19:41:39.458] [1;32muart:~$ [m[8D[J[07:04:01.464,000] [0m<inf> shtc3: SHTC3: temperature=20.49 C humidity=47.87 %[0m
[19:41:39.459] [1;32muart:~$ [m[8D[J[1;32muart:~$ [m[8D[JNETMEM up=25470s pktRX=38/40 pktTX=15/16 bufRX=158/160/m102 bufTX=79/80/m6 sysheap_free=11208 alloc=21380 max=24056
[19:42:09.459] [1;32muart:~$ [m[8D[J[1;32muart:~$ [m[8D[JThread analyze:
[19:42:38.367] [1;32muart:~$ [m[8D[J wdt_sentinel_tid    : STACK: unused 432 usage 336 / 768 (43 %); CPU: 0 %
[19:42:38.367] [1;32muart:~$ [m[8D[J                     : Total CPU cycles used: 188674200
[19:42:38.368] [1;32muart:~$ [m[8D[J thread_analyzer     : STACK: unused 112 usage 912 / 1024 (89 %); CPU: 0 %
[19:42:38.369] [1;32muart:~$ [m[8D[J                     : Total CPU cycles used: 55443570
[19:42:38.369] [1;32muart:~$ [m[8D[J sys_wdt_tid         : STACK: unused 704 usage 320 / 1024 (31 %); CPU: 0 %
[19:42:38.370] [1;32muart:~$ [m[8D[J                     : Total CPU cycles used: 35732780
[19:42:38.371] [1;32muart:~$ [m[8D[J shtc3_thread        : STACK: unused 1360 usage 688 / 2048 (33 %); CPU: 0 %
[19:42:38.372] [1;32muart:~$ [m[8D[J                     : Total CPU cycles used: 29101130
[19:42:38.372] [1;32muart:~$ [m[8D[J ntp_thread          : STACK: unused 2192 usage 1904 / 4096 (46 %); CPU: 0 %
[19:42:38.373] [1;32muart:~$ [m[8D[J                     : Total CPU cycles used: 12018971
[19:42:38.374] [1;32muart:~$ [m[8D[J netmem_tid          : STACK: unused 624 usage 656 / 1280 (51 %); CPU: 0 %
[19:42:38.376] [1;32muart:~$ [m[8D[J                     : Total CPU cycles used: 22658022
[19:42:38.376] [1;32muart:~$ [m[8D[J llss_thread         : STACK: unused 11584 usage 4800 / 16384 (29 %); CPU: 0 %
[19:42:38.377] [1;32muart:~$ [m[8D[J                     : Total CPU cycles used: 10442026962
[19:42:38.378] [1;32muart:~$ [m[8D[J input               : STACK: unused 560 usage 464 / 1024 (45 %); CPU: 0 %
[19:42:38.379] [1;32muart:~$ [m[8D[J                     : Total CPU cycles used: 72962
[19:42:38.380] [1;32muart:~$ [m[8D[J display_thread      : STACK: unused 8640 usage 3648 / 12288 (29 %); CPU: 0 %
[19:42:38.380] [1;32muart:~$ [m[8D[J                     : Total CPU cycles used: 400393757
[19:42:38.381] [1;32muart:~$ [m[8D[J device_ui_thread    : STACK: unused 4480 usage 3712 / 8192 (45 %); CPU: 0 %
[19:42:38.382] [1;32muart:~$ [m[8D[J                     : Total CPU cycles used: 44904065699
[19:42:38.383] [1;32muart:~$ [m[8D[J conn_mgr_monitor    : STACK: unused 176 usage 336 / 512 (65 %); CPU: 0 %
[19:42:38.383] [1;32muart:~$ [m[8D[J                     : Total CPU cycles used: 86568
[19:42:38.384] [1;32muart:~$ [m[8D[J net_socket_service  : STACK: unused 3344 usage 752 / 4096 (18 %); CPU: 0 %
[19:42:38.385] [1;32muart:~$ [m[8D[J                     : Total CPU cycles used: 5835902
[19:42:38.385] [1;32muart:~$ [m[8D[J rx_q[0]             : STACK: unused 528 usage 1520 / 2048 (74 %); CPU: 0 %
[19:42:38.386] [1;32muart:~$ [m[8D[J                     : Total CPU cycles used: 5597729346
[19:42:38.387] [1;32muart:~$ [m[8D[J net_mgmt            : STACK: unused 3424 usage 672 / 4096 (16 %); CPU: 0 %
[19:42:38.388] [1;32muart:~$ [m[8D[J                     : Total CPU cycles used: 12385712
[19:42:38.388] [1;32muart:~$ [m[8D[J tcp_work            : STACK: unused 1216 usage 832 / 2048 (40 %); CPU: 0 %
[19:42:38.389] [1;32muart:~$ [m[8D[J                     : Total CPU cycles used: 9142831
[19:42:38.390] [1;32muart:~$ [m[8D[J shell_uart          : STACK: unused 2624 usage 1472 / 4096 (35 %); CPU: 0 %
[19:42:38.391] [1;32muart:~$ [m[8D[J                     : Total CPU cycles used: 363606990
[19:42:38.391] [1;32muart:~$ [m[8D[J wifi                : STACK: unused 1456 usage 2128 / 3584 (59 %); CPU: 0 %
[19:42:38.392] [1;32muart:~$ [m[8D[J                     : Total CPU cycles used: 45622467544
[19:42:38.393] [1;32muart:~$ [m[8D[J sysworkq            : STACK: unused 3248 usage 848 / 4096 (20 %); CPU: 0 %
[19:42:38.393] [1;32muart:~$ [m[8D[J                     : Total CPU cycles used: 589292217
[19:42:38.394] [1;32muart:~$ [m[8D[J esp_timer           : STACK: unused 3472 usage 624 / 4096 (15 %); CPU: 0 %
[19:42:38.395] [1;32muart:~$ [m[8D[J                     : Total CPU cycles used: 2290910011
[19:42:38.395] [1;32muart:~$ [m[8D[J logging             : STACK: unused 544 usage 480 / 1024 (46 %); CPU: 0 %
[19:42:38.396] [1;32muart:~$ [m[8D[J                     : Total CPU cycles used: 52143415
[19:42:38.397] [1;32muart:~$ [m[8D[J idle                : STACK: unused 816 usage 208 / 1024 (20 %); CPU: 98 %
[19:42:38.398] [1;32muart:~$ [m[8D[J                     : Total CPU cycles used: 6007766927737
[19:42:38.398] [1;32muart:~$ [m[8D[J ISR0                : STACK: unused 1520 usage 528 / 2048 (25 %); CPU: 0 %
[19:42:38.399] [1;32muart:~$ [m[8D[J                     : Total CPU cycles used: 0
[19:42:38.400] [1;32muart:~$ [m[8D[J[1;32muart:~$ [m[8D[J[1;32muart:~$ [m[8D[JNETMEM up=25500s pktRX=38/40 pktTX=15/16 bufRX=158/160/m102 bufTX=79/80/m6 sysheap_free=11208 alloc=21380 max=24056
[19:42:39.459] [1;32muart:~$ [m[8D[J[07:05:01.467,000] [0m<inf> shtc3: SHTC3: temperature=20.51 C humidity=47.86 %[0m
[19:42:39.459] [1;32muart:~$ [m[8D[J[1;32muart:~$ [m[8D[JNETMEM up=25530s pktRX=38/40 pktTX=15/16 bufRX=158/160/m102 bufTX=79/80/m6 sysheap_free=11208 alloc=21380 max=24056
[19:43:09.459] [1;32muart:~$ [m[8D[J[1;32muart:~$ [m[8D[JNETMEM up=25560s pktRX=38/40 pktTX=15/16 bufRX=158/160/m102 bufTX=79/80/m6 sysheap_free=11208 alloc=21380 max=24056
[19:43:39.459] [1;32muart:~$ [m[8D[J[07:06:01.470,000] [0m<inf> shtc3: SHTC3: temperature=20.59 C humidity=47.66 %[0m
[19:43:39.460] [1;32muart:~$ [m[8D[J[1;32muart:~$ [m[8D[JNETMEM up=25590s pktRX=38/40 pktTX=15/16 bufRX=158/160/m102 bufTX=79/80/m6 sysheap_free=11208 alloc=21380 max=24056
[19:44:09.460] [1;32muart:~$ [m[8D[J[1;32muart:~$ [m[8D[JNETMEM up=25620s pktRX=38/40 pktTX=15/16 bufRX=158/160/m102 bufTX=79/80/m6 sysheap_free=11208 alloc=21380 max=24056
[19:44:39.460] [1;32muart:~$ [m[8D[J[07:07:01.473,000] [0m<inf> shtc3: SHTC3: temperature=20.59 C humidity=47.76 %[0m
[19:44:39.461] [1;32muart:~$ [m[8D[J[1;32muart:~$ [m[8D[JNETMEM up=25650s pktRX=38/40 pktTX=15/16 bufRX=158/160/m102 bufTX=79/80/m6 sysheap_free=11208 alloc=21380 max=24056
[19:45:09.461] [1;32muart:~$ [m[8D[J[1;32muart:~$ [m[8D[JNETMEM up=25680s pktRX=38/40 pktTX=15/16 bufRX=158/160/m102 bufTX=79/80/m6 sysheap_free=11208 alloc=21380 max=24056
[19:45:39.461] [1;32muart:~$ [m[8D[J[07:08:01.476,000] [0m<inf> shtc3: SHTC3: temperature=20.59 C humidity=47.61 %[0m
[19:45:39.461] [1;32muart:~$ [m[8D[J[1;32muart:~$ [m[8D[JNETMEM up=25710s pktRX=38/40 pktTX=15/16 bufRX=158/160/m102 bufTX=79/80/m6 sysheap_free=11208 alloc=21380 max=24056
[19:46:09.461] [1;32muart:~$ [m[8D[J[1;32muart:~$ [m[8D[JNETMEM up=25740s pktRX=38/40 pktTX=15/16 bufRX=158/160/m102 bufTX=79/80/m6 sysheap_free=11208 alloc=21380 max=24056
[19:46:39.461] [1;32muart:~$ [m[8D[J[07:09:01.479,000] [0m<inf> shtc3: SHTC3: temperature=20.47 C humidity=47.80 %[0m
[19:46:39.462] [1;32muart:~$ [m[8D[J[1;32muart:~$ [m[8D[JNETMEM up=25770s pktRX=38/40 pktTX=15/16 bufRX=158/160/m102 bufTX=79/80/m6 sysheap_free=11208 alloc=21380 max=24056
[19:47:09.462] [1;32muart:~$ [m[8D[J[1;32muart:~$ [m[8D[JThread analyze:
[19:47:38.371] [1;32muart:~$ [m[8D[J wdt_sentinel_tid    : STACK: unused 432 usage 336 / 768 (43 %); CPU: 0 %
[19:47:38.372] [1;32muart:~$ [m[8D[J                     : Total CPU cycles used: 190829302
[19:47:38.372] [1;32muart:~$ [m[8D[J thread_analyzer     : STACK: unused 112 usage 912 / 1024 (89 %); CPU: 0 %
[19:47:38.373] [1;32muart:~$ [m[8D[J                     : Total CPU cycles used: 56084731
[19:47:38.374] [1;32muart:~$ [m[8D[J sys_wdt_tid         : STACK: unused 704 usage 320 / 1024 (31 %); CPU: 0 %
[19:47:38.375] [1;32muart:~$ [m[8D[J                     : Total CPU cycles used: 36211300
[19:47:38.375] [1;32muart:~$ [m[8D[J shtc3_thread        : STACK: unused 1360 usage 688 / 2048 (33 %); CPU: 0 %
[19:47:38.376] [1;32muart:~$ [m[8D[J                     : Total CPU cycles used: 29460835
[19:47:38.377] [1;32muart:~$ [m[8D[J ntp_thread          : STACK: unused 2192 usage 1904 / 4096 (46 %); CPU: 0 %
[19:47:38.377] [1;32muart:~$ [m[8D[J                     : Total CPU cycles used: 12018971
[19:47:38.378] [1;32muart:~$ [m[8D[J netmem_tid          : STACK: unused 624 usage 656 / 1280 (51 %); CPU: 0 %
[19:47:38.379] [1;32muart:~$ [m[8D[J                     : Total CPU cycles used: 22927959
[19:47:38.379] [1;32muart:~$ [m[8D[J llss_thread         : STACK: unused 11584 usage 4800 / 16384 (29 %); CPU: 0 %
[19:47:38.380] [1;32muart:~$ [m[8D[J                     : Total CPU cycles used: 10520127768
[19:47:38.381] [1;32muart:~$ [m[8D[J input               : STACK: unused 560 usage 464 / 1024 (45 %); CPU: 0 %
[19:47:38.382] [1;32muart:~$ [m[8D[J                     : Total CPU cycles used: 72962
[19:47:38.382] [1;32muart:~$ [m[8D[J display_thread      : STACK: unused 8640 usage 3648 / 12288 (29 %); CPU: 0 %
[19:47:38.383] [1;32muart:~$ [m[8D[J                     : Total CPU cycles used: 400393757
[19:47:38.384] [1;32muart:~$ [m[8D[J device_ui_thread    : STACK: unused 4480 usage 3712 / 8192 (45 %); CPU: 0 %
[19:47:38.385] [1;32muart:~$ [m[8D[J                     : Total CPU cycles used: 45453050705
[19:47:38.385] [1;32muart:~$ [m[8D[J conn_mgr_monitor    : STACK: unused 176 usage 336 / 512 (65 %); CPU: 0 %
[19:47:38.386] [1;32muart:~$ [m[8D[J                     : Total CPU cycles used: 86568
[19:47:38.387] [1;32muart:~$ [m[8D[J net_socket_service  : STACK: unused 3344 usage 752 / 4096 (18 %); CPU: 0 %
[19:47:38.387] [1;32muart:~$ [m[8D[J                     : Total CPU cycles used: 5835902
[19:47:38.388] [1;32muart:~$ [m[8D[J rx_q[0]             : STACK: unused 528 usage 1520 / 2048 (74 %); CPU: 0 %
[19:47:38.389] [1;32muart:~$ [m[8D[J                     : Total CPU cycles used: 5671266110
[19:47:38.389] [1;32muart:~$ [m[8D[J net_mgmt            : STACK: unused 3424 usage 672 / 4096 (16 %); CPU: 0 %
[19:47:38.390] [1;32muart:~$ [m[8D[J                     : Total CPU cycles used: 12545020
[19:47:38.391] [1;32muart:~$ [m[8D[J tcp_work            : STACK: unused 1216 usage 832 / 2048 (40 %); CPU: 0 %
[19:47:38.392] [1;32muart:~$ [m[8D[J                     : Total CPU cycles used: 9142831
[19:47:38.392] [1;32muart:~$ [m[8D[J shell_uart          : STACK: unused 2624 usage 1472 / 4096 (35 %); CPU: 0 %
[19:47:38.393] [1;32muart:~$ [m[8D[J                     : Total CPU cycles used: 367407133
[19:47:38.394] [1;32muart:~$ [m[8D[J wifi                : STACK: unused 1456 usage 2128 / 3584 (59 %); CPU: 0 %
[19:47:38.395] [1;32muart:~$ [m[8D[J                     : Total CPU cycles used: 46220440694
[19:47:38.395] [1;32muart:~$ [m[8D[J sysworkq            : STACK: unused 3248 usage 848 / 4096 (20 %); CPU: 0 %
[19:47:38.396] [1;32muart:~$ [m[8D[J                     : Total CPU cycles used: 596464411
[19:47:38.397] [1;32muart:~$ [m[8D[J esp_timer           : STACK: unused 3472 usage 624 / 4096 (15 %); CPU: 0 %
[19:47:38.397] [1;32muart:~$ [m[8D[J                     : Total CPU cycles used: 2321410314
[19:47:38.398] [1;32muart:~$ [m[8D[J logging             : STACK: unused 544 usage 480 / 1024 (46 %); CPU: 0 %
[19:47:38.399] [1;32muart:~$ [m[8D[J                     : Total CPU cycles used: 52651675
[19:47:38.400] [1;32muart:~$ [m[8D[J idle                : STACK: unused 816 usage 208 / 1024 (20 %); CPU: 98 %
[19:47:38.400] [1;32muart:~$ [m[8D[J                     : Total CPU cycles used: 6078406440909
[19:47:38.401] [1;32muart:~$ [m[8D[J ISR0                : STACK: unused 1520 usage 528 / 2048 (25 %); CPU: 0 %
[19:47:38.402] [1;32muart:~$ [m[8D[J                     : Total CPU cycles used: 0
[19:47:38.402] [1;32muart:~$ [m[8D[J[1;32muart:~$ [m[8D[J[1;32muart:~$ [m[8D[JNETMEM up=25800s pktRX=38/40 pktTX=15/16 bufRX=158/160/m102 bufTX=79/80/m6 sysheap_free=11208 alloc=21380 max=24056
[19:47:39.462] [1;32muart:~$ [m[8D[J[07:10:01.482,000] [0m<inf> shtc3: SHTC3: temperature=20.72 C humidity=47.49 %[0m
[19:47:39.463] [1;32muart:~$ [m[8D[J[1;32muart:~$ [m[8D[JNETMEM up=25830s pktRX=38/40 pktTX=15/16 bufRX=158/160/m102 bufTX=79/80/m6 sysheap_free=11208 alloc=21380 max=24056
[19:48:09.462] [1;32muart:~$ [m[8D[J[1;32muart:~$ [m[8D[JNETMEM up=25860s pktRX=38/40 pktTX=15/16 bufRX=158/160/m102 bufTX=79/80/m6 sysheap_free=11172 alloc=21416 max=24056
[19:48:39.463] [1;32muart:~$ [m[8D[J[07:11:01.485,000] [0m<inf> shtc3: SHTC3: temperature=20.75 C humidity=47.63 %[0m
[19:48:39.464] [1;32muart:~$ [m[8D[J[1;32muart:~$ [m[8D[JNETMEM up=25890s pktRX=38/40 pktTX=15/16 bufRX=158/160/m102 bufTX=79/80/m6 sysheap_free=11208 alloc=21380 max=24056
[19:49:09.463] [1;32muart:~$ [m[8D[J[1;32muart:~$ [m[8D[JNETMEM up=25920s pktRX=38/40 pktTX=15/16 bufRX=158/160/m102 bufTX=79/80/m6 sysheap_free=11208 alloc=21380 max=24056
[19:49:39.464] [1;32muart:~$ [m[8D[J[07:12:01.488,000] [0m<inf> shtc3: SHTC3: temperature=20.83 C humidity=48.13 %[0m
[19:49:39.465] [1;32muart:~$ [m[8D[J[1;32muart:~$ [m[8D[JNETMEM up=25950s pktRX=38/40 pktTX=15/16 bufRX=158/160/m102 bufTX=79/80/m6 sysheap_free=11208 alloc=21380 max=24056
[19:50:09.464] [1;32muart:~$ [m[8D[J[1;32muart:~$ [m[8D[JNETMEM up=25980s pktRX=38/40 pktTX=15/16 bufRX=158/160/m102 bufTX=79/80/m6 sysheap_free=11208 alloc=21380 max=24056
[19:50:39.464] [1;32muart:~$ [m[8D[J[07:13:01.491,000] [0m<inf> shtc3: SHTC3: temperature=20.98 C humidity=47.81 %[0m
[19:50:39.465] [1;32muart:~$ [m[8D[J[1;32muart:~$ [m[8D[JNETMEM up=26010s pktRX=38/40 pktTX=15/16 bufRX=158/160/m102 bufTX=79/80/m6 sysheap_free=11208 alloc=21380 max=24056
[19:51:09.465] [1;32muart:~$ [m[8D[J[1;32muart:~$ [m[8D[JNETMEM up=26040s pktRX=38/40 pktTX=15/16 bufRX=158/160/m102 bufTX=79/80/m6 sysheap_free=11208 alloc=21380 max=24056
[19:51:39.465] [1;32muart:~$ [m[8D[J[07:14:01.494,000] [0m<inf> shtc3: SHTC3: temperature=21.00 C humidity=48.12 %[0m
[19:51:39.466] [1;32muart:~$ [m[8D[J[1;32muart:~$ [m[8D[JNETMEM up=26070s pktRX=38/40 pktTX=15/16 bufRX=158/160/m102 bufTX=79/80/m6 sysheap_free=11208 alloc=21380 max=24056
[19:52:09.466] [1;32muart:~$ [m[8D[J[1;32muart:~$ [m[8D[JThread analyze:
[19:52:38.375] [1;32muart:~$ [m[8D[J wdt_sentinel_tid    : STACK: unused 432 usage 336 / 768 (43 %); CPU: 0 %
[19:52:38.376] [1;32muart:~$ [m[8D[J                     : Total CPU cycles used: 192995146
[19:52:38.377] [1;32muart:~$ [m[8D[J thread_analyzer     : STACK: unused 112 usage 912 / 1024 (89 %); CPU: 0 %
[19:52:38.378] [1;32muart:~$ [m[8D[J                     : Total CPU cycles used: 56726426
[19:52:38.378] [1;32muart:~$ [m[8D[J sys_wdt_tid         : STACK: unused 704 usage 320 / 1024 (31 %); CPU: 0 %
[19:52:38.379] [1;32muart:~$ [m[8D[J                     : Total CPU cycles used: 36690866
[19:52:38.380] [1;32muart:~$ [m[8D[J shtc3_thread        : STACK: unused 1360 usage 688 / 2048 (33 %); CPU: 0 %
[19:52:38.380] [1;32muart:~$ [m[8D[J                     : Total CPU cycles used: 29817350
[19:52:38.381] [1;32muart:~$ [m[8D[J ntp_thread          : STACK: unused 2192 usage 1904 / 4096 (46 %); CPU: 0 %
[19:52:38.382] [1;32muart:~$ [m[8D[J                     : Total CPU cycles used: 12018971
[19:52:38.382] [1;32muart:~$ [m[8D[J netmem_tid          : STACK: unused 624 usage 656 / 1280 (51 %); CPU: 0 %
[19:52:38.383] [1;32muart:~$ [m[8D[J                     : Total CPU cycles used: 23201369
[19:52:38.384] [1;32muart:~$ [m[8D[J llss_thread         : STACK: unused 11584 usage 4800 / 16384 (29 %); CPU: 0 %
[19:52:38.385] [1;32muart:~$ [m[8D[J                     : Total CPU cycles used: 10595338432
[19:52:38.385] [1;32muart:~$ [m[8D[J input               : STACK: unused 560 usage 464 / 1024 (45 %); CPU: 0 %
[19:52:38.386] [1;32muart:~$ [m[8D[J                     : Total CPU cycles used: 72962
[19:52:38.387] [1;32muart:~$ [m[8D[J display_thread      : STACK: unused 8640 usage 3648 / 12288 (29 %); CPU: 0 %
[19:52:38.388] [1;32muart:~$ [m[8D[J                     : Total CPU cycles used: 400393757
[19:52:38.388] [1;32muart:~$ [m[8D[J device_ui_thread    : STACK: unused 4480 usage 3712 / 8192 (45 %); CPU: 0 %
[19:52:38.389] [1;32muart:~$ [m[8D[J                     : Total CPU cycles used: 46001402294
[19:52:38.390] [1;32muart:~$ [m[8D[J conn_mgr_monitor    : STACK: unused 176 usage 336 / 512 (65 %); CPU: 0 %
[19:52:38.390] [1;32muart:~$ [m[8D[J                     : Total CPU cycles used: 86568
[19:52:38.391] [1;32muart:~$ [m[8D[J net_socket_service  : STACK: unused 3344 usage 752 / 4096 (18 %); CPU: 0 %
[19:52:38.392] [1;32muart:~$ [m[8D[J                     : Total CPU cycles used: 5835902
[19:52:38.393] [1;32muart:~$ [m[8D[J rx_q[0]             : STACK: unused 528 usage 1520 / 2048 (74 %); CPU: 0 %
[19:52:38.393] [1;32muart:~$ [m[8D[J                     : Total CPU cycles used: 5739351695
[19:52:38.394] [1;32muart:~$ [m[8D[J net_mgmt            : STACK: unused 3424 usage 672 / 4096 (16 %); CPU: 0 %
[19:52:38.395] [1;32muart:~$ [m[8D[J                     : Total CPU cycles used: 12708429
[19:52:38.395] [1;32muart:~$ [m[8D[J tcp_work            : STACK: unused 1216 usage 832 / 2048 (40 %); CPU: 0 %
[19:52:38.396] [1;32muart:~$ [m[8D[J                     : Total CPU cycles used: 9142831
[19:52:38.397] [1;32muart:~$ [m[8D[J shell_uart          : STACK: unused 2624 usage 1472 / 4096 (35 %); CPU: 0 %
[19:52:38.398] [1;32muart:~$ [m[8D[J                     : Total CPU cycles used: 371109598
[19:52:38.398] [1;32muart:~$ [m[8D[J wifi                : STACK: unused 1456 usage 2128 / 3584 (59 %); CPU: 0 %
[19:52:38.399] [1;32muart:~$ [m[8D[J                     : Total CPU cycles used: 46781876116
[19:52:38.400] [1;32muart:~$ [m[8D[J sysworkq            : STACK: unused 3248 usage 848 / 4096 (20 %); CPU: 0 %
[19:52:38.400] [1;32muart:~$ [m[8D[J                     : Total CPU cycles used: 603112203
[19:52:38.401] [1;32muart:~$ [m[8D[J esp_timer           : STACK: unused 3472 usage 624 / 4096 (15 %); CPU: 0 %
[19:52:38.402] [1;32muart:~$ [m[8D[J                     : Total CPU cycles used: 2350041813
[19:52:38.403] [1;32muart:~$ [m[8D[J logging             : STACK: unused 544 usage 480 / 1024 (46 %); CPU: 0 %
[19:52:38.403] [1;32muart:~$ [m[8D[J                     : Total CPU cycles used: 53140842
[19:52:38.404] [1;32muart:~$ [m[8D[J idle                : STACK: unused 816 usage 208 / 1024 (20 %); CPU: 98 %
[19:52:38.405] [1;32muart:~$ [m[8D[J                     : Total CPU cycles used: 6149094327980
[19:52:38.405] [1;32muart:~$ [m[8D[J ISR0                : STACK: unused 1520 usage 528 / 2048 (25 %); CPU: 0 %
[19:52:38.406] [1;32muart:~$ [m[8D[J                     : Total CPU cycles used: 0
[19:52:38.407] [1;32muart:~$ [m[8D[J[1;32muart:~$ [m[8D[J[1;32muart:~$ [m[8D[JNETMEM up=26100s pktRX=38/40 pktTX=15/16 bufRX=158/160/m102 bufTX=79/80/m6 sysheap_free=11208 alloc=21380 max=24056
[19:52:39.466] [1;32muart:~$ [m[8D[J[07:15:01.497,000] [0m<inf> shtc3: SHTC3: temperature=21.00 C humidity=47.50 %[0m
[19:52:39.467] [1;32muart:~$ [m[8D[J[1;32muart:~$ [m[8D[JNETMEM up=26130s pktRX=38/40 pktTX=15/16 bufRX=158/160/m102 bufTX=79/80/m6 sysheap_free=11208 alloc=21380 max=24056
[19:53:09.466] [1;32muart:~$ [m[8D[J[1;32muart:~$ [m[8D[JNETMEM up=26160s pktRX=38/40 pktTX=15/16 bufRX=158/160/m102 bufTX=79/80/m6 sysheap_free=11208 alloc=21380 max=24056
[19:53:39.467] [1;32muart:~$ [m[8D[J[07:16:01.500,000] [0m<inf> shtc3: SHTC3: temperature=21.23 C humidity=47.52 %[0m
[19:53:39.467] [1;32muart:~$ [m[8D[J[1;32muart:~$ [m[8D[JNETMEM up=26190s pktRX=38/40 pktTX=15/16 bufRX=158/160/m102 bufTX=79/80/m6 sysheap_free=11208 alloc=21380 max=24056
[19:54:09.467] [1;32muart:~$ [m[8D[J[1;32muart:~$ [m[8D[JNETMEM up=26220s pktRX=38/40 pktTX=15/16 bufRX=158/160/m102 bufTX=79/80/m6 sysheap_free=11208 alloc=21380 max=24056
[19:54:39.467] [1;32muart:~$ [m[8D[J[07:17:01.503,000] [0m<inf> shtc3: SHTC3: temperature=21.08 C humidity=47.54 %[0m
[19:54:39.468] [1;32muart:~$ [m[8D[J[1;32muart:~$ [m[8D[JNETMEM up=26250s pktRX=38/40 pktTX=15/16 bufRX=158/160/m102 bufTX=79/80/m6 sysheap_free=11172 alloc=21416 max=24056
[19:55:09.468] [1;32muart:~$ [m[8D[J[1;32muart:~$ [m[8D[JNETMEM up=26280s pktRX=38/40 pktTX=15/16 bufRX=158/160/m102 bufTX=79/80/m6 sysheap_free=11172 alloc=21416 max=24056
[19:55:39.468] [1;32muart:~$ [m[8D[J[07:18:01.506,000] [0m<inf> shtc3: SHTC3: temperature=21.22 C humidity=48.04 %[0m
[19:55:39.469] [1;32muart:~$ [m[8D[J[1;32muart:~$ [m[8D[JNETMEM up=26310s pktRX=38/40 pktTX=15/16 bufRX=158/160/m102 bufTX=79/80/m6 sysheap_free=11208 alloc=21380 max=24056
[19:56:09.469] [1;32muart:~$ [m[8D[J[1;32muart:~$ [m[8D[JNETMEM up=26340s pktRX=38/40 pktTX=15/16 bufRX=158/160/m102 bufTX=79/80/m6 sysheap_free=11172 alloc=21416 max=24056
[19:56:39.469] [1;32muart:~$ [m[8D[J[07:19:01.509,000] [0m<inf> shtc3: SHTC3: temperature=21.23 C humidity=47.64 %[0m
[19:56:39.470] [1;32muart:~$ [m[8D[J[1;32muart:~$ [m[8D[JNETMEM up=26370s pktRX=38/40 pktTX=15/16 bufRX=158/160/m102 bufTX=79/80/m6 sysheap_free=11208 alloc=21380 max=24056
[19:57:09.469] [1;32muart:~$ [m[8D[J[1;32muart:~$ [m[8D[JThread analyze:
[19:57:38.380] [1;32muart:~$ [m[8D[J wdt_sentinel_tid    : STACK: unused 432 usage 336 / 768 (43 %); CPU: 0 %
[19:57:38.381] [1;32muart:~$ [m[8D[J                     : Total CPU cycles used: 195173543
[19:57:38.381] [1;32muart:~$ [m[8D[J thread_analyzer     : STACK: unused 112 usage 912 / 1024 (89 %); CPU: 0 %
[19:57:38.382] [1;32muart:~$ [m[8D[J                     : Total CPU cycles used: 57366871
[19:57:38.383] [1;32muart:~$ [m[8D[J sys_wdt_tid         : STACK: unused 704 usage 320 / 1024 (31 %); CPU: 0 %
[19:57:38.384] [1;32muart:~$ [m[8D[J                     : Total CPU cycles used: 37170418
[19:57:38.384] [1;32muart:~$ [m[8D[J shtc3_thread        : STACK: unused 1360 usage 688 / 2048 (33 %); CPU: 0 %
[19:57:38.385] [1;32muart:~$ [m[8D[J                     : Total CPU cycles used: 30179644
[19:57:38.386] [1;32muart:~$ [m[8D[J ntp_thread          : STACK: unused 2192 usage 1904 / 4096 (46 %); CPU: 0 %
[19:57:38.387] [1;32muart:~$ [m[8D[J                     : Total CPU cycles used: 12018971
[19:57:38.387] [1;32muart:~$ [m[8D[J netmem_tid          : STACK: unused 624 usage 656 / 1280 (51 %); CPU: 0 %
[19:57:38.388] [1;32muart:~$ [m[8D[J                     : Total CPU cycles used: 23471404
[19:57:38.389] [1;32muart:~$ [m[8D[J llss_thread         : STACK: unused 11584 usage 4800 / 16384 (29 %); CPU: 0 %
[19:57:38.389] [1;32muart:~$ [m[8D[J                     : Total CPU cycles used: 10674400582
[19:57:38.390] [1;32muart:~$ [m[8D[J input               : STACK: unused 560 usage 464 / 1024 (45 %); CPU: 0 %
[19:57:38.391] [1;32muart:~$ [m[8D[J                     : Total CPU cycles used: 72962
[19:57:38.391] [1;32muart:~$ [m[8D[J display_thread      : STACK: unused 8640 usage 3648 / 12288 (29 %); CPU: 0 %
[19:57:38.392] [1;32muart:~$ [m[8D[J                     : Total CPU cycles used: 400393757
[19:57:38.393] [1;32muart:~$ [m[8D[J device_ui_thread    : STACK: unused 4480 usage 3712 / 8192 (45 %); CPU: 0 %
[19:57:38.394] [1;32muart:~$ [m[8D[J                     : Total CPU cycles used: 46550950412
[19:57:38.394] [1;32muart:~$ [m[8D[J conn_mgr_monitor    : STACK: unused 176 usage 336 / 512 (65 %); CPU: 0 %
[19:57:38.395] [1;32muart:~$ [m[8D[J                     : Total CPU cycles used: 86568
[19:57:38.396] [1;32muart:~$ [m[8D[J net_socket_service  : STACK: unused 3344 usage 752 / 4096 (18 %); CPU: 0 %
[19:57:38.397] [1;32muart:~$ [m[8D[J                     : Total CPU cycles used: 5835902
[19:57:38.397] [1;32muart:~$ [m[8D[J rx_q[0]             : STACK: unused 528 usage 1520 / 2048 (74 %); CPU: 0 %
[19:57:38.398] [1;32muart:~$ [m[8D[J                     : Total CPU cycles used: 5798584861
[19:57:38.399] [1;32muart:~$ [m[8D[J net_mgmt            : STACK: unused 3424 usage 672 / 4096 (16 %); CPU: 0 %
[19:57:38.399] [1;32muart:~$ [m[8D[J                     : Total CPU cycles used: 12851382
[19:57:38.400] [1;32muart:~$ [m[8D[J tcp_work            : STACK: unused 1216 usage 832 / 2048 (40 %); CPU: 0 %
[19:57:38.401] [1;32muart:~$ [m[8D[J                     : Total CPU cycles used: 9142831
[19:57:38.401] [1;32muart:~$ [m[8D[J shell_uart          : STACK: unused 2624 usage 1472 / 4096 (35 %); CPU: 0 %
[19:57:38.402] [1;32muart:~$ [m[8D[J                     : Total CPU cycles used: 374803805
[19:57:38.403] [1;32muart:~$ [m[8D[J wifi                : STACK: unused 1456 usage 2128 / 3584 (59 %); CPU: 0 %
[19:57:38.404] [1;32muart:~$ [m[8D[J                     : Total CPU cycles used: 47317894088
[19:57:38.404] [1;32muart:~$ [m[8D[J sysworkq            : STACK: unused 3248 usage 848 / 4096 (20 %); CPU: 0 %
[19:57:38.405] [1;32muart:~$ [m[8D[J                     : Total CPU cycles used: 610267154
[19:57:38.406] [1;32muart:~$ [m[8D[J esp_timer           : STACK: unused 3472 usage 624 / 4096 (15 %); CPU: 0 %
[19:57:38.407] [1;32muart:~$ [m[8D[J                     : Total CPU cycles used: 2377716374
[19:57:38.407] [1;32muart:~$ [m[8D[J logging             : STACK: unused 544 usage 480 / 1024 (46 %); CPU: 0 %
[19:57:38.408] [1;32muart:~$ [m[8D[J                     : Total CPU cycles used: 53596146
[19:57:38.409] [1;32muart:~$ [m[8D[J idle                : STACK: unused 816 usage 208 / 1024 (20 %); CPU: 98 %
[19:57:38.409] [1;32muart:~$ [m[8D[J                     : Total CPU cycles used: 6219812199534
[19:57:38.410] [1;32muart:~$ [m[8D[J ISR0                : STACK: unused 1520 usage 528 / 2048 (25 %); CPU: 0 %
[19:57:38.411] [1;32muart:~$ [m[8D[J                     : Total CPU cycles used: 0
[19:57:38.412] [1;32muart:~$ [m[8D[J[1;32muart:~$ [m[8D[J[1;32muart:~$ [m[8D[JNETMEM up=26400s pktRX=38/40 pktTX=15/16 bufRX=158/160/m102 bufTX=79/80/m6 sysheap_free=11208 alloc=21380 max=24056
[19:57:39.469] [1;32muart:~$ [m[8D[J[07:20:01.512,000] [0m<inf> shtc3: SHTC3: temperature=21.47 C humidity=47.67 %[0m
[19:57:39.470] [1;32muart:~$ [m[8D[J[1;32muart:~$ [m[8D[JNETMEM up=26430s pktRX=38/40 pktTX=15/16 bufRX=158/160/m102 bufTX=79/80/m6 sysheap_free=11208 alloc=21380 max=24056
[19:58:09.470] [1;32muart:~$ [m[8D[J[1;32muart:~$ [m[8D[JNETMEM up=26460s pktRX=38/40 pktTX=15/16 bufRX=158/160/m102 bufTX=79/80/m6 sysheap_free=11208 alloc=21380 max=24056
[19:58:39.470] [1;32muart:~$ [m[8D[J[07:21:01.515,000] [0m<inf> shtc3: SHTC3: temperature=21.35 C humidity=47.34 %[0m
[19:58:39.471] [1;32muart:~$ [m[8D[J[1;32muart:~$ [m[8D[JNETMEM up=26490s pktRX=38/40 pktTX=15/16 bufRX=158/160/m102 bufTX=79/80/m6 sysheap_free=11208 alloc=21380 max=24056
[19:59:09.471] [1;32muart:~$ [m[8D[J[1;32muart:~$ [m[8D[J[07:21:55.587,000] [1;33m<wrn> llss_client: LLSS session socket error (rc=-116) — invalidating[0m
[19:59:34.518] [1;32muart:~$ [m[8D[J[07:21:55.603,000] [1;31m<err> llss_client: http_client_req /api/devices/dev_7380c1e5ca58/state?last_frame_id=frame_d818d09ce1ce: -116[0m
[19:59:34.519] [1;32muart:~$ [m[8D[J[07:21:55.603,000] [1;31m<err> llss: Poll error -116[0m
[19:59:34.520] [1;32muart:~$ [m[8D[J[07:21:55.603,000] [1;33m<wrn> net_watchdog: Server offline — soft reset in 60 s, would-reset in 300 s[0m
[19:59:34.521] [1;32muart:~$ [m[8D[J[1;32muart:~$ [m[8D[JNETMEM up=26520s pktRX=38/40 pktTX=15/16 bufRX=158/160/m102 bufTX=79/80/m6 sysheap_free=11208 alloc=21380 max=24056
[19:59:39.471] [1;32muart:~$ [m[8D[J[07:22:01.518,000] [0m<inf> shtc3: SHTC3: temperature=21.76 C humidity=47.86 %[0m
[19:59:39.472] [1;32muart:~$ [m[8D[J[1;32muart:~$ [m[8D[J[07:22:06.717,000] [0m<inf> net_watchdog: Connectivity restored after 11 s offline[0m
[19:59:45.647] [1;32muart:~$ [m[8D[J[1;32muart:~$ [m[8D[JNETMEM up=26550s pktRX=38/40 pktTX=15/16 bufRX=158/160/m102 bufTX=79/80/m6 sysheap_free=11208 alloc=21380 max=24056
[20:00:09.471] [1;32muart:~$ [m[8D[J[1;32muart:~$ [m[8D[J[07:22:34.290,000] [1;33m<wrn> llss_client: LLSS session socket error (rc=-116) — invalidating[0m
[20:00:13.221] [1;32muart:~$ [m[8D[J[07:22:34.307,000] [1;31m<err> llss_client: http_client_req /api/devices/dev_7380c1e5ca58/state?last_frame_id=frame_d818d09ce1ce: -116[0m
[20:00:13.222] [1;32muart:~$ [m[8D[J[07:22:34.307,000] [1;31m<err> llss: Poll error -116[0m
[20:00:13.223] [1;32muart:~$ [m[8D[J[07:22:34.307,000] [1;33m<wrn> net_watchdog: Server offline — soft reset in 60 s, would-reset in 300 s[0m
[20:00:13.224] [1;32muart:~$ [m[8D[J[1;32muart:~$ [m[8D[J[07:22:44.339,000] [0m<inf> net_watchdog: Connectivity restored after 10 s offline[0m
[20:00:23.270] [1;32muart:~$ [m[8D[J[1;32muart:~$ [m[8D[JNETMEM up=26580s pktRX=38/40 pktTX=15/16 bufRX=158/160/m102 bufTX=79/80/m6 sysheap_free=11208 alloc=21380 max=24056
[20:00:39.472] [1;32muart:~$ [m[8D[J[07:23:01.521,000] [0m<inf> shtc3: SHTC3: temperature=21.47 C humidity=47.52 %[0m
[20:00:39.473] [1;32muart:~$ [m[8D[J[1;32muart:~$ [m[8D[JNETMEM up=26610s pktRX=38/40 pktTX=15/16 bufRX=158/160/m102 bufTX=79/80/m6 sysheap_free=11208 alloc=21380 max=24056
[20:01:09.472] [1;32muart:~$ [m[8D[J[1;32muart:~$ [mnet allocs
[20:01:13.767] [1;32mSet CONFIG_NET_DEBUG_NET_PKT_ALLOC to enable net_pkt allocation support.
[20:01:13.768] [m[1;32muart:~$ [mnet mem
[20:01:24.169] Fragment length 512 bytes
[20:01:24.169] Network buffer pools:
[20:01:24.169] Address		Total	Avail	MaxUsed	Name
[20:01:24.169] 0x3fc9e474	40	38	-	RX
[20:01:24.170] 0x3fc9e4d4	16	15	-	TX
[20:01:24.170] 0x3fc9e998	160	158	102	RX DATA (rx_bufs)
[20:01:24.170] 0x3fc9e9d8	80	79	6	TX DATA (tx_bufs)
[20:01:24.170] [1;32muart:~$ [m[8D[JNETMEM up=26640s pktRX=38/40 pktTX=15/16 bufRX=158/160/m102 bufTX=79/80/m6 sysheap_free=11208 alloc=21380 max=24056
[20:01:39.472] [1;32muart:~$ [m[8D[J[07:24:01.524,000] [0m<inf> shtc3: SHTC3: temperature=21.47 C humidity=47.68 %[0m
[20:01:39.473] [1;32muart:~$ [m[8D[J[1;32muart:~$ [m[8D[JNETMEM up=26670s pktRX=38/40 pktTX=15/16 bufRX=158/160/m102 bufTX=79/80/m6 sysheap_free=11208 alloc=21380 max=24056
[20:02:09.473] [1;32muart:~$ [m[8D[J[1;32muart:~$ [m[8D[J[07:24:52.121,000] [1;33m<wrn> llss_client: LLSS session socket error (rc=-116) — invalidating[0m
[20:02:31.053] [1;32muart:~$ [m[8D[J[07:24:52.138,000] [1;31m<err> llss_client: http_client_req /api/devices/dev_7380c1e5ca58/state?last_frame_id=frame_d818d09ce1ce: -116[0m
[20:02:31.055] [1;32muart:~$ [m[8D[J[07:24:52.138,000] [1;31m<err> llss: Poll error -116[0m
[20:02:31.055] [1;32muart:~$ [m[8D[J[07:24:52.138,000] [1;33m<wrn> net_watchdog: Server offline — soft reset in 60 s, would-reset in 300 s[0m
[20:02:31.056] [1;32muart:~$ [m[8D[J[1;32muart:~$ [m[8D[JThread analyze:
[20:02:38.385] [1;32muart:~$ [m[8D[J wdt_sentinel_tid    : STACK: unused 432 usage 336 / 768 (43 %); CPU: 0 %
[20:02:38.385] [1;32muart:~$ [m[8D[J                     : Total CPU cycles used: 197349591
[20:02:38.386] [1;32muart:~$ [m[8D[J thread_analyzer     : STACK: unused 112 usage 912 / 1024 (89 %); CPU: 0 %
[20:02:38.387] [1;32muart:~$ [m[8D[J                     : Total CPU cycles used: 58008972
[20:02:38.387] [1;32muart:~$ [m[8D[J sys_wdt_tid         : STACK: unused 704 usage 320 / 1024 (31 %); CPU: 0 %
[20:02:38.388] [1;32muart:~$ [m[8D[J                     : Total CPU cycles used: 37657985
[20:02:38.389] [1;32muart:~$ [m[8D[J shtc3_thread        : STACK: unused 1360 usage 688 / 2048 (33 %); CPU: 0 %
[20:02:38.390] [1;32muart:~$ [m[8D[J                     : Total CPU cycles used: 30531602
[20:02:38.390] [1;32muart:~$ [m[8D[J ntp_thread          : STACK: unused 2192 usage 1904 / 4096 (46 %); CPU: 0 %
[20:02:38.391] [1;32muart:~$ [m[8D[J                     : Total CPU cycles used: 12018971
[20:02:38.392] [1;32muart:~$ [m[8D[J netmem_tid          : STACK: unused 624 usage 656 / 1280 (51 %); CPU: 0 %
[20:02:38.392] [1;32muart:~$ [m[8D[J                     : Total CPU cycles used: 23749118
[20:02:38.393] [1;32muart:~$ [m[8D[J llss_thread         : STACK: unused 11584 usage 4800 / 16384 (29 %); CPU: 0 %
[20:02:38.394] [1;32muart:~$ [m[8D[J                     : Total CPU cycles used: 10762823099
[20:02:38.394] [1;32muart:~$ [m[8D[J input               : STACK: unused 560 usage 464 / 1024 (45 %); CPU: 0 %
[20:02:38.395] [1;32muart:~$ [m[8D[J                     : Total CPU cycles used: 72962
[20:02:38.396] [1;32muart:~$ [m[8D[J display_thread      : STACK: unused 8640 usage 3648 / 12288 (29 %); CPU: 0 %
[20:02:38.397] [1;32muart:~$ [m[8D[J                     : Total CPU cycles used: 400393757
[20:02:38.397] [1;32muart:~$ [m[8D[J device_ui_thread    : STACK: unused 4480 usage 3712 / 8192 (45 %); CPU: 0 %
[20:02:38.398] [1;32muart:~$ [m[8D[J                     : Total CPU cycles used: 47083492924
[20:02:38.399] [1;32muart:~$ [m[8D[J conn_mgr_monitor    : STACK: unused 176 usage 336 / 512 (65 %); CPU: 0 %
[20:02:38.400] [1;32muart:~$ [m[8D[J                     : Total CPU cycles used: 86568
[20:02:38.400] [1;32muart:~$ [m[8D[J net_socket_service  : STACK: unused 3344 usage 752 / 4096 (18 %); CPU: 0 %
[20:02:38.401] [1;32muart:~$ [m[8D[J                     : Total CPU cycles used: 5835902
[20:02:38.402] [1;32muart:~$ [m[8D[J rx_q[0]             : STACK: unused 528 usage 1520 / 2048 (74 %); CPU: 0 %
[20:02:38.404] [1;32muart:~$ [m[8D[J                     : Total CPU cycles used: 5854175175
[20:02:38.404] [1;32muart:~$ [m[8D[J net_mgmt            : STACK: unused 3424 usage 672 / 4096 (16 %); CPU: 0 %
[20:02:38.405] [1;32muart:~$ [m[8D[J                     : Total CPU cycles used: 13017851
[20:02:38.405] [1;32muart:~$ [m[8D[J tcp_work            : STACK: unused 1216 usage 832 / 2048 (40 %); CPU: 0 %
[20:02:38.406] [1;32muart:~$ [m[8D[J                     : Total CPU cycles used: 9230809
[20:02:38.406] [1;32muart:~$ [m[8D[J shell_uart          : STACK: unused 2512 usage 1584 / 4096 (38 %); CPU: 0 %
[20:02:38.407] [1;32muart:~$ [m[8D[J                     : Total CPU cycles used: 381055199
[20:02:38.407] [1;32muart:~$ [m[8D[J wifi                : STACK: unused 1456 usage 2128 / 3584 (59 %); CPU: 0 %
[20:02:38.408] [1;32muart:~$ [m[8D[J                     : Total CPU cycles used: 47829801537
[20:02:38.409] [1;32muart:~$ [m[8D[J sysworkq            : STACK: unused 3248 usage 848 / 4096 (20 %); CPU: 0 %
[20:02:38.410] [1;32muart:~$ [m[8D[J                     : Total CPU cycles used: 617213321
[20:02:38.410] [1;32muart:~$ [m[8D[J esp_timer           : STACK: unused 3472 usage 624 / 4096 (15 %); CPU: 0 %
[20:02:38.411] [1;32muart:~$ [m[8D[J                     : Total CPU cycles used: 2403661787
[20:02:38.412] [1;32muart:~$ [m[8D[J logging             : STACK: unused 544 usage 480 / 1024 (46 %); CPU: 0 %
[20:02:38.412] [1;32muart:~$ [m[8D[J                     : Total CPU cycles used: 54248140
[20:02:38.413] [1;32muart:~$ [m[8D[J idle                : STACK: unused 816 usage 208 / 1024 (20 %); CPU: 98 %
[20:02:38.414] [1;32muart:~$ [m[8D[J                     : Total CPU cycles used: 6290563676458
[20:02:38.415] [1;32muart:~$ [m[8D[J ISR0                : STACK: unused 1520 usage 528 / 2048 (25 %); CPU: 0 %
[20:02:38.415] [1;32muart:~$ [m[8D[J                     : Total CPU cycles used: 0
[20:02:38.416] [1;32muart:~$ [m[8D[J[1;32muart:~$ [m[8D[J[1;32muart:~$ [m[8D[JNETMEM up=26700s pktRX=38/40 pktTX=15/16 bufRX=158/160/m102 bufTX=79/80/m6 sysheap_free=11208 alloc=21380 max=24056
[20:02:39.473] [1;32muart:~$ [m[8D[J[07:25:01.527,000] [0m<inf> shtc3: SHTC3: temperature=21.66 C humidity=47.70 %[0m
[20:02:39.474] [1;32muart:~$ [m[8D[J[1;32muart:~$ [m[8D[J[07:25:03.660,000] [0m<inf> net_watchdog: Connectivity restored after 11 s offline[0m
[20:02:42.594] [1;32muart:~$ [m[8D[J[1;32muart:~$ [m[8D[JNETMEM up=26730s pktRX=38/40 pktTX=15/16 bufRX=158/160/m102 bufTX=79/80/m6 sysheap_free=11208 alloc=21380 max=24056
[20:03:09.474] [1;32muart:~$ [m[8D[J[1;32muart:~$ [m[8D[JNETMEM up=26760s pktRX=38/40 pktTX=15/16 bufRX=158/160/m102 bufTX=79/80/m6 sysheap_free=11208 alloc=21380 max=24056
[20:03:39.474] [1;32muart:~$ [m[8D[J[07:26:01.530,000] [0m<inf> shtc3: SHTC3: temperature=21.73 C humidity=47.08 %[0m
[20:03:39.475] [1;32muart:~$ [m[8D[J[1;32muart:~$ [m[8D[JNETMEM up=26790s pktRX=38/40 pktTX=15/16 bufRX=158/160/m102 bufTX=79/80/m6 sysheap_free=11208 alloc=21380 max=24056
[20:04:09.475] [1;32muart:~$ [m[8D[J[1;32muart:~$ [m[8D[JNETMEM up=26820s pktRX=38/40 pktTX=15/16 bufRX=158/160/m102 bufTX=79/80/m6 sysheap_free=11208 alloc=21380 max=24056
[20:04:39.475] [1;32muart:~$ [m[8D[J[07:27:01.532,000] [0m<inf> shtc3: SHTC3: temperature=21.76 C humidity=47.29 %[0m
[20:04:39.475] [1;32muart:~$ [m[8D[J[1;32muart:~$ [m