WARNING: Using a test - not safe - entropy source
uart connected to pseudotty: /dev/pts/15
glx: failed to create dri3 screen
failed to load driver: nouveau
[00:00:00.000,000] [0m<inf> sdl_input: Init 'input-sdl-touch' device[0m
*** Booting Zephyr OS build v4.4.0-2951-gfbfc5f19636d ***
[00:00:00.000,000] [0m<inf> fs_nvs: 4 Sectors of 4096 bytes[0m
[00:00:00.000,000] [0m<inf> fs_nvs: alloc wra: 3, fc0[0m
[00:00:00.000,000] [0m<inf> fs_nvs: data wra: 3, 454[0m
[00:00:00.000,000] [0m<inf> shell_telnet: Telnet shell backend initialized[0m
[00:00:00.000,000] [0m<inf> net_config: Initializing network[0m
[00:00:00.000,000] [0m<inf> net_config: IPv4 address: 192.0.2.1[0m
[00:00:00.170,000] [0m<inf> net_config: IPv6 address: fd00:dead::5eff:fe00:53ba[0m
[00:00:00.170,000] [0m<inf> sys_wdt: system watchdog supervisor up (DRY-RUN, no reset, check 5000 ms)[0m
[00:00:00.170,000] [0m<inf> llss_storage: LLSS storage loaded from NVS. device_id=dev_3306e00a59ce[0m
[00:00:00.170,000] [0m<inf> llss: Stored device_id: dev_3306e00a59ce[0m
[00:00:00.170,000] [0m<inf> llss: Hardware ID: 02005e0053ba[0m
[00:00:00.170,000] [0m<inf> llss_client: LLSS client ready: host=eink.tutu.eng.br port=9608 base=/api[0m
[00:00:00.170,000] [0m<inf> sys_wdt: watchdog ch 0 = 'llss' (timeout 60000 ms)[0m
[00:00:00.170,000] [1;33m<wrn> ntp_sync: rtc_get_time failed[0m
[00:00:00.170,000] [0m<inf> sys_wdt: watchdog ch 1 = 'shtc3' (timeout 30000 ms)[0m
[00:00:00.170,000] [0m<inf> shtc3: SHTC3 native_sim fallback enabled[0m
[00:00:00.170,000] [0m<inf> shtc3: SHTC3(sim): temperature=21.50 C humidity=48.00 %[0m
[00:00:00.170,000] [0m<inf> sys_wdt: watchdog ch 2 = 'display' (timeout 30000 ms)[0m
NETMEM up=0s pktRX=40/40 pktTX=16/16 bufRX=160/160/m1 bufTX=80/80/m2 sysheap_free=0 alloc=0 max=0
[00:00:00.170,000] [0m<inf> sys_wdt: watchdog ch 3 = 'idle-sentinel' (timeout 30000 ms)[0m
[00:00:01.680,000] [0m<inf> main: === LLSS e-Ink Client v0.1.0 ===[0m
[00:00:01.680,000] [0m<inf> wifi_prov_sim: Simulated WiFi connecting...[0m
[00:00:02.190,000] [0m<inf> wifi_prov_sim: Simulated WiFi connected: ip=192.0.2.1 ssid=native-sim[0m
[00:00:02.190,000] [0m<inf> llss: WiFi connected: 192.0.2.1[0m
[00:00:07.440,000] [0m<inf> ntp_sync: NTP synced: 2026-06-19 13:32:18 UTC[0m
[00:00:08.140,000] [1;31m<err> llss_client: refresh HTTP 502[0m
[00:00:08.140,000] [1;31m<err> llss: Token refresh error 502 — retry in 5s[0m
[00:00:13.540,000] [1;31m<err> llss_client: refresh HTTP 502[0m
[00:00:13.540,000] [1;31m<err> llss: Token refresh error 502 — retry in 5s[0m
[00:00:18.940,000] [1;31m<err> llss_client: refresh HTTP 502[0m
[00:00:18.940,000] [1;31m<err> llss: Token refresh error 502 — retry in 5s[0m
[00:00:24.340,000] [1;31m<err> llss_client: refresh HTTP 502[0m
[00:00:24.340,000] [1;31m<err> llss: Token refresh error 502 — retry in 5s[0m
[00:00:29.740,000] [1;31m<err> llss_client: refresh HTTP 502[0m
[00:00:29.740,000] [1;31m<err> llss: Token refresh error 502 — retry in 5s[0m
NETMEM up=30s pktRX=40/40 pktTX=16/16 bufRX=160/160/m6 bufTX=80/80/m4 sysheap_free=0 alloc=0 max=0
[00:00:35.260,000] [1;31m<err> llss_client: refresh HTTP 502[0m
[00:00:35.260,000] [1;31m<err> llss: Token refresh error 502 — retry in 5s[0m
[00:00:40.660,000] [1;31m<err> llss_client: refresh HTTP 502[0m
[00:00:40.660,000] [1;31m<err> llss: Token refresh error 502 — retry in 5s[0m
[00:00:46.060,000] [1;31m<err> llss_client: refresh HTTP 502[0m
[00:00:46.060,000] [1;31m<err> llss: Token refresh error 502 — retry in 5s[0m
[00:00:51.460,000] [1;31m<err> llss_client: refresh HTTP 502[0m
[00:00:51.460,000] [1;31m<err> llss: Token refresh error 502 — retry in 5s[0m
[00:00:56.860,000] [1;31m<err> llss_client: refresh HTTP 502[0m
[00:00:56.860,000] [1;31m<err> llss: Token refresh error 502 — retry in 5s[0m
[00:01:00.180,000] [0m<inf> shtc3: SHTC3(sim): temperature=21.65 C humidity=48.35 %[0m
NETMEM up=60s pktRX=40/40 pktTX=16/16 bufRX=160/160/m6 bufTX=79/80/m6 sysheap_free=0 alloc=0 max=0
[00:01:02.260,000] [1;31m<err> llss_client: refresh HTTP 502[0m
[00:01:02.260,000] [1;31m<err> llss: Token refresh error 502 — retry in 5s[0m
[00:01:07.660,000] [1;31m<err> llss_client: refresh HTTP 502[0m
[00:01:07.660,000] [1;31m<err> llss: Token refresh error 502 — retry in 5s[0m
[00:01:13.060,000] [1;31m<err> llss_client: refresh HTTP 502[0m
[00:01:13.060,000] [1;31m<err> llss: Token refresh error 502 — retry in 5s[0m
[00:01:18.460,000] [1;31m<err> llss_client: refresh HTTP 502[0m
[00:01:18.460,000] [1;31m<err> llss: Token refresh error 502 — retry in 5s[0m
[00:01:23.860,000] [1;31m<err> llss_client: refresh HTTP 502[0m
[00:01:23.860,000] [1;31m<err> llss: Token refresh error 502 — retry in 5s[0m
[00:01:29.260,000] [1;31m<err> llss_client: refresh HTTP 502[0m
[00:01:29.260,000] [1;31m<err> llss: Token refresh error 502 — retry in 5s[0m
NETMEM up=90s pktRX=40/40 pktTX=16/16 bufRX=160/160/m6 bufTX=80/80/m8 sysheap_free=0 alloc=0 max=0
[00:01:34.660,000] [1;31m<err> llss_client: refresh HTTP 502[0m
[00:01:34.660,000] [1;31m<err> llss: Token refresh error 502 — retry in 5s[0m
[00:01:40.060,000] [1;31m<err> llss_client: refresh HTTP 502[0m
[00:01:40.060,000] [1;31m<err> llss: Token refresh error 502 — retry in 5s[0m
[00:01:45.460,000] [1;31m<err> llss_client: refresh HTTP 502[0m
[00:01:45.460,000] [1;31m<err> llss: Token refresh error 502 — retry in 5s[0m
[00:01:50.860,000] [1;31m<err> llss_client: refresh HTTP 502[0m
[00:01:50.860,000] [1;31m<err> llss: Token refresh error 502 — retry in 5s[0m
[00:01:56.260,000] [1;31m<err> llss_client: refresh HTTP 502[0m
[00:01:56.260,000] [1;31m<err> llss: Token refresh error 502 — retry in 5s[0m
[00:02:00.190,000] [0m<inf> shtc3: SHTC3(sim): temperature=21.80 C humidity=48.70 %[0m
NETMEM up=120s pktRX=40/40 pktTX=16/16 bufRX=160/160/m6 bufTX=80/80/m9 sysheap_free=0 alloc=0 max=0
[00:02:01.660,000] [1;31m<err> llss_client: refresh HTTP 502[0m
[00:02:01.660,000] [1;31m<err> llss: Token refresh error 502 — retry in 5s[0m
[00:02:07.060,000] [1;31m<err> llss_client: refresh HTTP 502[0m
[00:02:07.060,000] [1;31m<err> llss: Token refresh error 502 — retry in 5s[0m
[00:02:12.460,000] [1;31m<err> llss_client: refresh HTTP 502[0m
[00:02:12.460,000] [1;31m<err> llss: Token refresh error 502 — retry in 5s[0m
[00:02:17.860,000] [1;31m<err> llss_client: refresh HTTP 502[0m
[00:02:17.860,000] [1;31m<err> llss: Token refresh error 502 — retry in 5s[0m
[00:02:23.260,000] [1;31m<err> llss_client: refresh HTTP 502[0m
[00:02:23.260,000] [1;31m<err> llss: Token refresh error 502 — retry in 5s[0m
[00:02:28.660,000] [1;31m<err> llss_client: refresh HTTP 502[0m
[00:02:28.660,000] [1;31m<err> llss: Token refresh error 502 — retry in 5s[0m
NETMEM up=150s pktRX=40/40 pktTX=16/16 bufRX=160/160/m6 bufTX=80/80/m9 sysheap_free=0 alloc=0 max=0
[00:02:34.060,000] [1;31m<err> llss_client: refresh HTTP 502[0m
[00:02:34.060,000] [1;31m<err> llss: Token refresh error 502 — retry in 5s[0m
[00:02:39.460,000] [1;31m<err> llss_client: refresh HTTP 502[0m
[00:02:39.460,000] [1;31m<err> llss: Token refresh error 502 — retry in 5s[0m
[00:02:44.860,000] [1;31m<err> llss_client: refresh HTTP 502[0m
[00:02:44.860,000] [1;31m<err> llss: Token refresh error 502 — retry in 5s[0m
[00:02:50.260,000] [1;31m<err> llss_client: refresh HTTP 502[0m
[00:02:50.260,000] [1;31m<err> llss: Token refresh error 502 — retry in 5s[0m
[00:02:55.660,000] [1;31m<err> llss_client: refresh HTTP 502[0m
[00:02:55.660,000] [1;31m<err> llss: Token refresh error 502 — retry in 5s[0m
[00:03:00.200,000] [0m<inf> shtc3: SHTC3(sim): temperature=21.95 C humidity=49.05 %[0m
NETMEM up=180s pktRX=40/40 pktTX=16/16 bufRX=160/160/m6 bufTX=80/80/m9 sysheap_free=0 alloc=0 max=0
[00:03:01.060,000] [1;31m<err> llss_client: refresh HTTP 502[0m
[00:03:01.060,000] [1;31m<err> llss: Token refresh error 502 — retry in 5s[0m
[00:03:06.460,000] [1;31m<err> llss_client: refresh HTTP 502[0m
[00:03:06.460,000] [1;31m<err> llss: Token refresh error 502 — retry in 5s[0m
[00:03:11.860,000] [1;31m<err> llss_client: refresh HTTP 502[0m
[00:03:11.860,000] [1;31m<err> llss: Token refresh error 502 — retry in 5s[0m
[00:03:17.260,000] [1;31m<err> llss_client: refresh HTTP 502[0m
[00:03:17.260,000] [1;31m<err> llss: Token refresh error 502 — retry in 5s[0m
[00:03:22.660,000] [1;31m<err> llss_client: refresh HTTP 502[0m
[00:03:22.660,000] [1;31m<err> llss: Token refresh error 502 — retry in 5s[0m
[00:03:28.060,000] [1;31m<err> llss_client: refresh HTTP 502[0m
[00:03:28.060,000] [1;31m<err> llss: Token refresh error 502 — retry in 5s[0m
NETMEM up=210s pktRX=40/40 pktTX=16/16 bufRX=160/160/m6 bufTX=80/80/m9 sysheap_free=0 alloc=0 max=0
[00:03:33.460,000] [1;31m<err> llss_client: refresh HTTP 502[0m
[00:03:33.460,000] [1;31m<err> llss: Token refresh error 502 — retry in 5s[0m
[00:03:38.860,000] [1;31m<err> llss_client: refresh HTTP 502[0m
[00:03:38.860,000] [1;31m<err> llss: Token refresh error 502 — retry in 5s[0m
[00:03:44.260,000] [1;31m<err> llss_client: refresh HTTP 502[0m
[00:03:44.260,000] [1;31m<err> llss: Token refresh error 502 — retry in 5s[0m
[00:03:49.780,000] [1;31m<err> llss_client: refresh HTTP 502[0m
[00:03:49.780,000] [1;31m<err> llss: Token refresh error 502 — retry in 5s[0m
[00:03:55.180,000] [1;31m<err> llss_client: refresh HTTP 502[0m
[00:03:55.180,000] [1;31m<err> llss: Token refresh error 502 — retry in 5s[0m
[00:04:00.210,000] [0m<inf> shtc3: SHTC3(sim): temperature=22.10 C humidity=49.40 %[0m
NETMEM up=240s pktRX=40/40 pktTX=16/16 bufRX=160/160/m6 bufTX=75/80/m9 sysheap_free=0 alloc=0 max=0
[00:04:00.580,000] [1;31m<err> llss_client: refresh HTTP 502[0m
[00:04:00.580,000] [1;31m<err> llss: Token refresh error 502 — retry in 5s[0m
[00:04:05.980,000] [1;31m<err> llss_client: refresh HTTP 502[0m
[00:04:05.980,000] [1;31m<err> llss: Token refresh error 502 — retry in 5s[0m
[00:04:11.380,000] [1;31m<err> llss_client: refresh HTTP 502[0m
[00:04:11.380,000] [1;31m<err> llss: Token refresh error 502 — retry in 5s[0m
[00:04:16.780,000] [1;31m<err> llss_client: refresh HTTP 502[0m
[00:04:16.780,000] [1;31m<err> llss: Token refresh error 502 — retry in 5s[0m
[00:04:22.180,000] [1;31m<err> llss_client: refresh HTTP 502[0m
[00:04:22.180,000] [1;31m<err> llss: Token refresh error 502 — retry in 5s[0m
[00:04:27.580,000] [1;31m<err> llss_client: refresh HTTP 502[0m
[00:04:27.580,000] [1;31m<err> llss: Token refresh error 502 — retry in 5s[0m
NETMEM up=270s pktRX=40/40 pktTX=16/16 bufRX=160/160/m6 bufTX=80/80/m9 sysheap_free=0 alloc=0 max=0
[00:04:32.980,000] [1;31m<err> llss_client: refresh HTTP 502[0m
[00:04:32.980,000] [1;31m<err> llss: Token refresh error 502 — retry in 5s[0m
[00:04:38.380,000] [1;31m<err> llss_client: refresh HTTP 502[0m
[00:04:38.380,000] [1;31m<err> llss: Token refresh error 502 — retry in 5s[0m
[00:04:43.780,000] [1;31m<err> llss_client: refresh HTTP 502[0m
[00:04:43.780,000] [1;31m<err> llss: Token refresh error 502 — retry in 5s[0m
[00:04:49.180,000] [1;31m<err> llss_client: refresh HTTP 502[0m
[00:04:49.180,000] [1;31m<err> llss: Token refresh error 502 — retry in 5s[0m
[00:04:54.580,000] [1;31m<err> llss_client: refresh HTTP 502[0m
[00:04:54.580,000] [1;31m<err> llss: Token refresh error 502 — retry in 5s[0m
[00:04:59.980,000] [1;31m<err> llss_client: refresh HTTP 502[0m
[00:04:59.980,000] [1;31m<err> llss: Token refresh error 502 — retry in 5s[0m
[00:05:00.220,000] [0m<inf> shtc3: SHTC3(sim): temperature=22.25 C humidity=48.00 %[0m
NETMEM up=300s pktRX=40/40 pktTX=16/16 bufRX=160/160/m6 bufTX=80/80/m9 sysheap_free=0 alloc=0 max=0
[00:05:05.440,000] [1;31m<err> llss_client: refresh HTTP 502[0m
[00:05:05.440,000] [1;31m<err> llss: Token refresh error 502 — retry in 5s[0m
[00:05:10.840,000] [1;31m<err> llss_client: refresh HTTP 502[0m
[00:05:10.840,000] [1;31m<err> llss: Token refresh error 502 — retry in 5s[0m
[00:05:16.240,000] [1;31m<err> llss_client: refresh HTTP 502[0m
[00:05:16.240,000] [1;31m<err> llss: Token refresh error 502 — retry in 5s[0m
[00:05:21.640,000] [1;31m<err> llss_client: refresh HTTP 502[0m
[00:05:21.640,000] [1;31m<err> llss: Token refresh error 502 — retry in 5s[0m
[00:05:27.040,000] [1;31m<err> llss_client: refresh HTTP 502[0m
[00:05:27.040,000] [1;31m<err> llss: Token refresh error 502 — retry in 5s[0m
NETMEM up=330s pktRX=40/40 pktTX=16/16 bufRX=160/160/m6 bufTX=80/80/m9 sysheap_free=0 alloc=0 max=0
[00:05:32.440,000] [1;31m<err> llss_client: refresh HTTP 502[0m
[00:05:32.440,000] [1;31m<err> llss: Token refresh error 502 — retry in 5s[0m
[00:05:37.840,000] [1;31m<err> llss_client: refresh HTTP 502[0m
[00:05:37.840,000] [1;31m<err> llss: Token refresh error 502 — retry in 5s[0m
[00:05:43.240,000] [1;31m<err> llss_client: refresh HTTP 502[0m
[00:05:43.240,000] [1;31m<err> llss: Token refresh error 502 — retry in 5s[0m
[00:05:48.640,000] [1;31m<err> llss_client: refresh HTTP 502[0m
[00:05:48.640,000] [1;31m<err> llss: Token refresh error 502 — retry in 5s[0m
[00:05:54.040,000] [1;31m<err> llss_client: refresh HTTP 502[0m
[00:05:54.040,000] [1;31m<err> llss: Token refresh error 502 — retry in 5s[0m
[00:05:59.440,000] [1;31m<err> llss_client: refresh HTTP 502[0m
[00:05:59.440,000] [1;31m<err> llss: Token refresh error 502 — retry in 5s[0m
[00:06:00.230,000] [0m<inf> shtc3: SHTC3(sim): temperature=22.40 C humidity=48.35 %[0m
NETMEM up=360s pktRX=40/40 pktTX=16/16 bufRX=160/160/m6 bufTX=80/80/m9 sysheap_free=0 alloc=0 max=0
[00:06:04.840,000] [1;31m<err> llss_client: refresh HTTP 502[0m
[00:06:04.840,000] [1;31m<err> llss: Token refresh error 502 — retry in 5s[0m
[00:06:10.240,000] [1;31m<err> llss_client: refresh HTTP 502[0m
[00:06:10.240,000] [1;31m<err> llss: Token refresh error 502 — retry in 5s[0m
[00:06:15.640,000] [1;31m<err> llss_client: refresh HTTP 502[0m
[00:06:15.640,000] [1;31m<err> llss: Token refresh error 502 — retry in 5s[0m
[00:06:21.040,000] [1;31m<err> llss_client: refresh HTTP 502[0m
[00:06:21.040,000] [1;31m<err> llss: Token refresh error 502 — retry in 5s[0m
[00:06:26.440,000] [1;31m<err> llss_client: refresh HTTP 502[0m
[00:06:26.440,000] [1;31m<err> llss: Token refresh error 502 — retry in 5s[0m
NETMEM up=390s pktRX=40/40 pktTX=16/16 bufRX=160/160/m6 bufTX=80/80/m9 sysheap_free=0 alloc=0 max=0
[00:06:31.840,000] [1;31m<err> llss_client: refresh HTTP 502[0m
[00:06:31.840,000] [1;31m<err> llss: Token refresh error 502 — retry in 5s[0m
[00:06:37.240,000] [1;31m<err> llss_client: refresh HTTP 502[0m
[00:06:37.240,000] [1;31m<err> llss: Token refresh error 502 — retry in 5s[0m
[00:06:42.640,000] [1;31m<err> llss_client: refresh HTTP 502[0m
[00:06:42.640,000] [1;31m<err> llss: Token refresh error 502 — retry in 5s[0m
[00:06:48.040,000] [1;31m<err> llss_client: refresh HTTP 502[0m
[00:06:48.040,000] [1;31m<err> llss: Token refresh error 502 — retry in 5s[0m
[00:06:53.440,000] [1;31m<err> llss_client: refresh HTTP 502[0m
[00:06:53.440,000] [1;31m<err> llss: Token refresh error 502 — retry in 5s[0m
[00:06:58.840,000] [1;31m<err> llss_client: refresh HTTP 502[0m
[00:06:58.840,000] [1;31m<err> llss: Token refresh error 502 — retry in 5s[0m
[00:07:00.240,000] [0m<inf> shtc3: SHTC3(sim): temperature=21.50 C humidity=48.70 %[0m
NETMEM up=420s pktRX=40/40 pktTX=16/16 bufRX=160/160/m6 bufTX=80/80/m9 sysheap_free=0 alloc=0 max=0
[00:07:04.240,000] [1;31m<err> llss_client: refresh HTTP 502[0m
[00:07:04.240,000] [1;31m<err> llss: Token refresh error 502 — retry in 5s[0m
[00:07:09.640,000] [1;31m<err> llss_client: refresh HTTP 502[0m
[00:07:09.640,000] [1;31m<err> llss: Token refresh error 502 — retry in 5s[0m
[00:07:15.040,000] [1;31m<err> llss_client: refresh HTTP 502[0m
[00:07:15.040,000] [1;31m<err> llss: Token refresh error 502 — retry in 5s[0m
[00:07:20.440,000] [1;31m<err> llss_client: refresh HTTP 502[0m
[00:07:20.440,000] [1;31m<err> llss: Token refresh error 502 — retry in 5s[0m
[00:07:25.840,000] [1;31m<err> llss_client: refresh HTTP 502[0m
[00:07:25.840,000] [1;31m<err> llss: Token refresh error 502 — retry in 5s[0m
NETMEM up=450s pktRX=40/40 pktTX=16/16 bufRX=160/160/m6 bufTX=80/80/m9 sysheap_free=0 alloc=0 max=0
[00:07:31.240,000] [1;31m<err> llss_client: refresh HTTP 502[0m
[00:07:31.240,000] [1;31m<err> llss: Token refresh error 502 — retry in 5s[0m
[00:07:36.640,000] [1;31m<err> llss_client: refresh HTTP 502[0m
[00:07:36.640,000] [1;31m<err> llss: Token refresh error 502 — retry in 5s[0m
[00:07:42.040,000] [1;31m<err> llss_client: refresh HTTP 502[0m
[00:07:42.040,000] [1;31m<err> llss: Token refresh error 502 — retry in 5s[0m
[00:07:47.440,000] [1;31m<err> llss_client: refresh HTTP 502[0m
[00:07:47.440,000] [1;31m<err> llss: Token refresh error 502 — retry in 5s[0m
[00:07:52.840,000] [1;31m<err> llss_client: refresh HTTP 502[0m
[00:07:52.840,000] [1;31m<err> llss: Token refresh error 502 — retry in 5s[0m
[00:07:58.240,000] [1;31m<err> llss_client: refresh HTTP 502[0m
[00:07:58.240,000] [1;31m<err> llss: Token refresh error 502 — retry in 5s[0m
[00:08:00.250,000] [0m<inf> shtc3: SHTC3(sim): temperature=21.65 C humidity=49.05 %[0m
NETMEM up=480s pktRX=40/40 pktTX=16/16 bufRX=160/160/m6 bufTX=80/80/m9 sysheap_free=0 alloc=0 max=0
[00:08:03.700,000] [1;31m<err> llss_client: refresh HTTP 502[0m
[00:08:03.700,000] [1;31m<err> llss: Token refresh error 502 — retry in 5s[0m
[00:08:09.100,000] [1;31m<err> llss_client: refresh HTTP 502[0m
[00:08:09.100,000] [1;31m<err> llss: Token refresh error 502 — retry in 5s[0m
[00:08:14.500,000] [1;31m<err> llss_client: refresh HTTP 502[0m
[00:08:14.500,000] [1;31m<err> llss: Token refresh error 502 — retry in 5s[0m
[00:08:19.900,000] [1;31m<err> llss_client: refresh HTTP 502[0m
[00:08:19.900,000] [1;31m<err> llss: Token refresh error 502 — retry in 5s[0m
[00:08:25.300,000] [1;31m<err> llss_client: refresh HTTP 502[0m
[00:08:25.300,000] [1;31m<err> llss: Token refresh error 502 — retry in 5s[0m
NETMEM up=510s pktRX=40/40 pktTX=16/16 bufRX=160/160/m6 bufTX=76/80/m9 sysheap_free=0 alloc=0 max=0
[00:08:30.700,000] [1;31m<err> llss_client: refresh HTTP 502[0m
[00:08:30.700,000] [1;31m<err> llss: Token refresh error 502 — retry in 5s[0m
[00:08:36.100,000] [1;31m<err> llss_client: refresh HTTP 502[0m
[00:08:36.100,000] [1;31m<err> llss: Token refresh error 502 — retry in 5s[0m
[00:08:41.500,000] [1;31m<err> llss_client: refresh HTTP 502[0m
[00:08:41.500,000] [1;31m<err> llss: Token refresh error 502 — retry in 5s[0m
[00:08:46.900,000] [1;31m<err> llss_client: refresh HTTP 502[0m
[00:08:46.900,000] [1;31m<err> llss: Token refresh error 502 — retry in 5s[0m
[00:08:52.300,000] [1;31m<err> llss_client: refresh HTTP 502[0m
[00:08:52.300,000] [1;31m<err> llss: Token refresh error 502 — retry in 5s[0m
[00:08:57.700,000] [1;31m<err> llss_client: refresh HTTP 502[0m
[00:08:57.700,000] [1;31m<err> llss: Token refresh error 502 — retry in 5s[0m
[00:09:00.260,000] [0m<inf> shtc3: SHTC3(sim): temperature=21.80 C humidity=49.40 %[0m
NETMEM up=540s pktRX=40/40 pktTX=16/16 bufRX=160/160/m6 bufTX=80/80/m9 sysheap_free=0 alloc=0 max=0
[00:09:03.100,000] [1;31m<err> llss_client: refresh HTTP 502[0m
[00:09:03.100,000] [1;31m<err> llss: Token refresh error 502 — retry in 5s[0m
[00:09:08.500,000] [1;31m<err> llss_client: refresh HTTP 502[0m
[00:09:08.500,000] [1;31m<err> llss: Token refresh error 502 — retry in 5s[0m
[00:09:13.900,000] [1;31m<err> llss_client: refresh HTTP 502[0m
[00:09:13.900,000] [1;31m<err> llss: Token refresh error 502 — retry in 5s[0m
[00:09:19.300,000] [1;31m<err> llss_client: refresh HTTP 502[0m
[00:09:19.300,000] [1;31m<err> llss: Token refresh error 502 — retry in 5s[0m
[00:09:24.700,000] [1;31m<err> llss_client: refresh HTTP 502[0m
[00:09:24.700,000] [1;31m<err> llss: Token refresh error 502 — retry in 5s[0m
[00:09:30.100,000] [1;31m<err> llss_client: refresh HTTP 502[0m
[00:09:30.100,000] [1;31m<err> llss: Token refresh error 502 — retry in 5s[0m
NETMEM up=570s pktRX=40/40 pktTX=16/16 bufRX=160/160/m6 bufTX=80/80/m9 sysheap_free=0 alloc=0 max=0
[00:09:35.500,000] [1;31m<err> llss_client: refresh HTTP 502[0m
[00:09:35.500,000] [1;31m<err> llss: Token refresh error 502 — retry in 5s[0m
[00:09:40.900,000] [1;31m<err> llss_client: refresh HTTP 502[0m
[00:09:40.900,000] [1;31m<err> llss: Token refresh error 502 — retry in 5s[0m
[00:09:46.300,000] [1;31m<err> llss_client: refresh HTTP 502[0m
[00:09:46.300,000] [1;31m<err> llss: Token refresh error 502 — retry in 5s[0m
[00:09:51.700,000] [1;31m<err> llss_client: refresh HTTP 502[0m
[00:09:51.700,000] [1;31m<err> llss: Token refresh error 502 — retry in 5s[0m
[00:09:57.100,000] [1;31m<err> llss_client: refresh HTTP 502[0m
[00:09:57.100,000] [1;31m<err> llss: Token refresh error 502 — retry in 5s[0m
[00:10:00.270,000] [0m<inf> shtc3: SHTC3(sim): temperature=21.95 C humidity=48.00 %[0m
NETMEM up=600s pktRX=40/40 pktTX=16/16 bufRX=160/160/m6 bufTX=80/80/m9 sysheap_free=0 alloc=0 max=0
[00:10:02.500,000] [1;31m<err> llss_client: refresh HTTP 502[0m
[00:10:02.500,000] [1;31m<err> llss: Token refresh error 502 — retry in 5s[0m
[00:10:07.900,000] [1;31m<err> llss_client: refresh HTTP 502[0m
[00:10:07.900,000] [1;31m<err> llss: Token refresh error 502 — retry in 5s[0m
[00:10:13.360,000] [1;31m<err> llss_client: refresh HTTP 502[0m
[00:10:13.360,000] [1;31m<err> llss: Token refresh error 502 — retry in 5s[0m
[00:10:18.760,000] [1;31m<err> llss_client: refresh HTTP 502[0m
[00:10:18.760,000] [1;31m<err> llss: Token refresh error 502 — retry in 5s[0m
[00:10:24.160,000] [1;31m<err> llss_client: refresh HTTP 502[0m
[00:10:24.160,000] [1;31m<err> llss: Token refresh error 502 — retry in 5s[0m
[00:10:29.560,000] [1;31m<err> llss_client: refresh HTTP 502[0m
[00:10:29.560,000] [1;31m<err> llss: Token refresh error 502 — retry in 5s[0m
NETMEM up=630s pktRX=40/40 pktTX=16/16 bufRX=160/160/m6 bufTX=80/80/m9 sysheap_free=0 alloc=0 max=0
[00:10:34.960,000] [1;31m<err> llss_client: refresh HTTP 502[0m
[00:10:34.960,000] [1;31m<err> llss: Token refresh error 502 — retry in 5s[0m
[00:10:40.360,000] [1;31m<err> llss_client: refresh HTTP 502[0m
[00:10:40.360,000] [1;31m<err> llss: Token refresh error 502 — retry in 5s[0m
[00:10:45.760,000] [1;31m<err> llss_client: refresh HTTP 502[0m
[00:10:45.760,000] [1;31m<err> llss: Token refresh error 502 — retry in 5s[0m
[00:10:51.160,000] [1;31m<err> llss_client: refresh HTTP 502[0m
[00:10:51.160,000] [1;31m<err> llss: Token refresh error 502 — retry in 5s[0m
[00:10:56.560,000] [1;31m<err> llss_client: refresh HTTP 502[0m
[00:10:56.560,000] [1;31m<err> llss: Token refresh error 502 — retry in 5s[0m
[00:11:00.280,000] [0m<inf> shtc3: SHTC3(sim): temperature=22.10 C humidity=48.35 %[0m
NETMEM up=660s pktRX=40/40 pktTX=16/16 bufRX=160/160/m6 bufTX=80/80/m9 sysheap_free=0 alloc=0 max=0
[00:11:01.960,000] [1;31m<err> llss_client: refresh HTTP 502[0m
[00:11:01.960,000] [1;31m<err> llss: Token refresh error 502 — retry in 5s[0m
[00:11:07.360,000] [1;31m<err> llss_client: refresh HTTP 502[0m
[00:11:07.360,000] [1;31m<err> llss: Token refresh error 502 — retry in 5s[0m
[00:11:12.760,000] [1;31m<err> llss_client: refresh HTTP 502[0m
[00:11:12.760,000] [1;31m<err> llss: Token refresh error 502 — retry in 5s[0m
[00:11:18.160,000] [1;31m<err> llss_client: refresh HTTP 502[0m
[00:11:18.160,000] [1;31m<err> llss: Token refresh error 502 — retry in 5s[0m
[00:11:23.560,000] [1;31m<err> llss_client: refresh HTTP 502[0m
[00:11:23.560,000] [1;31m<err> llss: Token refresh error 502 — retry in 5s[0m
[00:11:28.960,000] [1;31m<err> llss_client: refresh HTTP 502[0m
[00:11:28.960,000] [1;31m<err> llss: Token refresh error 502 — retry in 5s[0m
NETMEM up=690s pktRX=40/40 pktTX=16/16 bufRX=160/160/m6 bufTX=80/80/m9 sysheap_free=0 alloc=0 max=0
[00:11:34.360,000] [1;31m<err> llss_client: refresh HTTP 502[0m
[00:11:34.360,000] [1;31m<err> llss: Token refresh error 502 — retry in 5s[0m
[00:11:39.760,000] [1;31m<err> llss_client: refresh HTTP 502[0m
[00:11:39.760,000] [1;31m<err> llss: Token refresh error 502 — retry in 5s[0m
[00:11:45.160,000] [1;31m<err> llss_client: refresh HTTP 502[0m
[00:11:45.160,000] [1;31m<err> llss: Token refresh error 502 — retry in 5s[0m
[00:11:50.560,000] [1;31m<err> llss_client: refresh HTTP 502[0m
[00:11:50.560,000] [1;31m<err> llss: Token refresh error 502 — retry in 5s[0m
[00:11:55.960,000] [1;31m<err> llss_client: refresh HTTP 502[0m
[00:11:55.960,000] [1;31m<err> llss: Token refresh error 502 — retry in 5s[0m
[00:12:00.290,000] [0m<inf> shtc3: SHTC3(sim): temperature=22.25 C humidity=48.70 %[0m
NETMEM up=720s pktRX=40/40 pktTX=16/16 bufRX=160/160/m6 bufTX=80/80/m9 sysheap_free=0 alloc=0 max=0
[00:12:01.360,000] [1;31m<err> llss_client: refresh HTTP 502[0m
[00:12:01.360,000] [1;31m<err> llss: Token refresh error 502 — retry in 5s[0m
[00:12:06.760,000] [1;31m<err> llss_client: refresh HTTP 502[0m
[00:12:06.760,000] [1;31m<err> llss: Token refresh error 502 — retry in 5s[0m
[00:12:12.160,000] [1;31m<err> llss_client: refresh HTTP 502[0m
[00:12:12.160,000] [1;31m<err> llss: Token refresh error 502 — retry in 5s[0m
[00:12:17.560,000] [1;31m<err> llss_client: refresh HTTP 502[0m
[00:12:17.560,000] [1;31m<err> llss: Token refresh error 502 — retry in 5s[0m
[00:12:22.960,000] [1;31m<err> llss_client: refresh HTTP 502[0m
[00:12:22.960,000] [1;31m<err> llss: Token refresh error 502 — retry in 5s[0m
[00:12:28.360,000] [1;31m<err> llss_client: refresh HTTP 502[0m
[00:12:28.360,000] [1;31m<err> llss: Token refresh error 502 — retry in 5s[0m
NETMEM up=750s pktRX=40/40 pktTX=16/16 bufRX=160/160/m6 bufTX=80/80/m9 sysheap_free=0 alloc=0 max=0
[00:12:33.760,000] [1;31m<err> llss_client: refresh HTTP 502[0m
[00:12:33.760,000] [1;31m<err> llss: Token refresh error 502 — retry in 5s[0m
[00:12:39.160,000] [1;31m<err> llss_client: refresh HTTP 502[0m
[00:12:39.160,000] [1;31m<err> llss: Token refresh error 502 — retry in 5s[0m
[00:12:44.560,000] [1;31m<err> llss_client: refresh HTTP 502[0m
[00:12:44.560,000] [1;31m<err> llss: Token refresh error 502 — retry in 5s[0m
[00:12:49.960,000] [1;31m<err> llss_client: refresh HTTP 502[0m
[00:12:49.960,000] [1;31m<err> llss: Token refresh error 502 — retry in 5s[0m
[00:12:55.360,000] [1;31m<err> llss_client: refresh HTTP 502[0m
[00:12:55.360,000] [1;31m<err> llss: Token refresh error 502 — retry in 5s[0m
[00:13:00.300,000] [0m<inf> shtc3: SHTC3(sim): temperature=22.40 C humidity=49.05 %[0m
NETMEM up=780s pktRX=40/40 pktTX=16/16 bufRX=160/160/m6 bufTX=78/80/m9 sysheap_free=0 alloc=0 max=0
[00:13:00.760,000] [1;31m<err> llss_client: refresh HTTP 502[0m
[00:13:00.760,000] [1;31m<err> llss: Token refresh error 502 — retry in 5s[0m
[00:13:06.160,000] [1;31m<err> llss_client: refresh HTTP 502[0m
[00:13:06.160,000] [1;31m<err> llss: Token refresh error 502 — retry in 5s[0m
[00:13:11.560,000] [1;31m<err> llss_client: refresh HTTP 502[0m
[00:13:11.560,000] [1;31m<err> llss: Token refresh error 502 — retry in 5s[0m
[00:13:16.960,000] [1;31m<err> llss_client: refresh HTTP 502[0m
[00:13:16.960,000] [1;31m<err> llss: Token refresh error 502 — retry in 5s[0m
[00:13:22.360,000] [1;31m<err> llss_client: refresh HTTP 502[0m
[00:13:22.360,000] [1;31m<err> llss: Token refresh error 502 — retry in 5s[0m
[00:13:27.760,000] [1;31m<err> llss_client: refresh HTTP 502[0m
[00:13:27.760,000] [1;31m<err> llss: Token refresh error 502 — retry in 5s[0m
NETMEM up=810s pktRX=40/40 pktTX=16/16 bufRX=160/160/m6 bufTX=80/80/m9 sysheap_free=0 alloc=0 max=0
[00:13:33.160,000] [1;31m<err> llss_client: refresh HTTP 502[0m
[00:13:33.160,000] [1;31m<err> llss: Token refresh error 502 — retry in 5s[0m
[00:13:38.560,000] [1;31m<err> llss_client: refresh HTTP 502[0m
[00:13:38.560,000] [1;31m<err> llss: Token refresh error 502 — retry in 5s[0m
[00:13:43.960,000] [1;31m<err> llss_client: refresh HTTP 502[0m
[00:13:43.960,000] [1;31m<err> llss: Token refresh error 502 — retry in 5s[0m
[00:13:49.360,000] [1;31m<err> llss_client: refresh HTTP 502[0m
[00:13:49.360,000] [1;31m<err> llss: Token refresh error 502 — retry in 5s[0m
[00:13:54.760,000] [1;31m<err> llss_client: refresh HTTP 502[0m
[00:13:54.760,000] [1;31m<err> llss: Token refresh error 502 — retry in 5s[0m
[00:14:00.160,000] [1;31m<err> llss_client: refresh HTTP 502[0m
[00:14:00.160,000] [1;31m<err> llss: Token refresh error 502 — retry in 5s[0m
[00:14:00.310,000] [0m<inf> shtc3: SHTC3(sim): temperature=21.50 C humidity=49.40 %[0m
NETMEM up=840s pktRX=40/40 pktTX=16/16 bufRX=160/160/m6 bufTX=80/80/m9 sysheap_free=0 alloc=0 max=0
[00:14:05.560,000] [1;31m<err> llss_client: refresh HTTP 502[0m
[00:14:05.560,000] [1;31m<err> llss: Token refresh error 502 — retry in 5s[0m
[00:14:10.960,000] [1;31m<err> llss_client: refresh HTTP 502[0m
[00:14:10.960,000] [1;31m<err> llss: Token refresh error 502 — retry in 5s[0m
[00:14:16.360,000] [1;31m<err> llss_client: refresh HTTP 502[0m
[00:14:16.360,000] [1;31m<err> llss: Token refresh error 502 — retry in 5s[0m
[00:14:21.760,000] [1;31m<err> llss_client: refresh HTTP 502[0m
[00:14:21.760,000] [1;31m<err> llss: Token refresh error 502 — retry in 5s[0m
[00:14:27.160,000] [1;31m<err> llss_client: refresh HTTP 502[0m
[00:14:27.160,000] [1;31m<err> llss: Token refresh error 502 — retry in 5s[0m
NETMEM up=870s pktRX=40/40 pktTX=16/16 bufRX=160/160/m6 bufTX=80/80/m9 sysheap_free=0 alloc=0 max=0
[00:14:32.560,000] [1;31m<err> llss_client: refresh HTTP 502[0m
[00:14:32.560,000] [1;31m<err> llss: Token refresh error 502 — retry in 5s[0m
[00:14:37.960,000] [1;31m<err> llss_client: refresh HTTP 502[0m
[00:14:37.960,000] [1;31m<err> llss: Token refresh error 502 — retry in 5s[0m
[00:14:43.360,000] [1;31m<err> llss_client: refresh HTTP 502[0m
[00:14:43.360,000] [1;31m<err> llss: Token refresh error 502 — retry in 5s[0m
[00:14:48.760,000] [1;31m<err> llss_client: refresh HTTP 502[0m
[00:14:48.760,000] [1;31m<err> llss: Token refresh error 502 — retry in 5s[0m
[00:14:54.220,000] [1;31m<err> llss_client: refresh HTTP 502[0m
[00:14:54.220,000] [1;31m<err> llss: Token refresh error 502 — retry in 5s[0m
[00:14:59.620,000] [1;31m<err> llss_client: refresh HTTP 502[0m
[00:14:59.620,000] [1;31m<err> llss: Token refresh error 502 — retry in 5s[0m
[00:15:00.320,000] [0m<inf> shtc3: SHTC3(sim): temperature=21.65 C humidity=48.00 %[0m
NETMEM up=900s pktRX=40/40 pktTX=16/16 bufRX=160/160/m6 bufTX=80/80/m9 sysheap_free=0 alloc=0 max=0
[00:15:05.020,000] [1;31m<err> llss_client: refresh HTTP 502[0m
[00:15:05.020,000] [1;31m<err> llss: Token refresh error 502 — retry in 5s[0m
[00:15:10.420,000] [1;31m<err> llss_client: refresh HTTP 502[0m
[00:15:10.420,000] [1;31m<err> llss: Token refresh error 502 — retry in 5s[0m
[00:15:15.820,000] [1;31m<err> llss_client: refresh HTTP 502[0m
[00:15:15.820,000] [1;31m<err> llss: Token refresh error 502 — retry in 5s[0m
[00:15:21.220,000] [1;31m<err> llss_client: refresh HTTP 502[0m
[00:15:21.220,000] [1;31m<err> llss: Token refresh error 502 — retry in 5s[0m
[00:15:26.620,000] [1;31m<err> llss_client: refresh HTTP 502[0m
[00:15:26.620,000] [1;31m<err> llss: Token refresh error 502 — retry in 5s[0m
NETMEM up=930s pktRX=40/40 pktTX=16/16 bufRX=160/160/m6 bufTX=80/80/m9 sysheap_free=0 alloc=0 max=0
[00:15:32.020,000] [1;31m<err> llss_client: refresh HTTP 502[0m
[00:15:32.020,000] [1;31m<err> llss: Token refresh error 502 — retry in 5s[0m
[00:15:37.420,000] [1;31m<err> llss_client: refresh HTTP 502[0m
[00:15:37.420,000] [1;31m<err> llss: Token refresh error 502 — retry in 5s[0m
[00:15:42.820,000] [1;31m<err> llss_client: refresh HTTP 502[0m
[00:15:42.820,000] [1;31m<err> llss: Token refresh error 502 — retry in 5s[0m
[00:15:48.220,000] [1;31m<err> llss_client: refresh HTTP 502[0m
[00:15:48.220,000] [1;31m<err> llss: Token refresh error 502 — retry in 5s[0m
[00:15:53.620,000] [1;31m<err> llss_client: refresh HTTP 502[0m
[00:15:53.620,000] [1;31m<err> llss: Token refresh error 502 — retry in 5s[0m
[00:15:59.020,000] [1;31m<err> llss_client: refresh HTTP 502[0m
[00:15:59.020,000] [1;31m<err> llss: Token refresh error 502 — retry in 5s[0m
[00:16:00.330,000] [0m<inf> shtc3: SHTC3(sim): temperature=21.80 C humidity=48.35 %[0m
NETMEM up=960s pktRX=40/40 pktTX=16/16 bufRX=160/160/m6 bufTX=80/80/m9 sysheap_free=0 alloc=0 max=0
[00:16:04.420,000] [1;31m<err> llss_client: refresh HTTP 502[0m
[00:16:04.420,000] [1;31m<err> llss: Token refresh error 502 — retry in 5s[0m
[00:16:09.820,000] [1;31m<err> llss_client: refresh HTTP 502[0m
[00:16:09.820,000] [1;31m<err> llss: Token refresh error 502 — retry in 5s[0m
[00:16:15.220,000] [1;31m<err> llss_client: refresh HTTP 502[0m
[00:16:15.220,000] [1;31m<err> llss: Token refresh error 502 — retry in 5s[0m
[00:16:20.620,000] [1;31m<err> llss_client: refresh HTTP 502[0m
[00:16:20.620,000] [1;31m<err> llss: Token refresh error 502 — retry in 5s[0m
[00:16:26.020,000] [1;31m<err> llss_client: refresh HTTP 502[0m
[00:16:26.020,000] [1;31m<err> llss: Token refresh error 502 — retry in 5s[0m
NETMEM up=990s pktRX=40/40 pktTX=16/16 bufRX=160/160/m6 bufTX=80/80/m9 sysheap_free=0 alloc=0 max=0
[00:16:31.420,000] [1;31m<err> llss_client: refresh HTTP 502[0m
[00:16:31.420,000] [1;31m<err> llss: Token refresh error 502 — retry in 5s[0m
[00:16:36.820,000] [1;31m<err> llss_client: refresh HTTP 502[0m
[00:16:36.820,000] [1;31m<err> llss: Token refresh error 502 — retry in 5s[0m
[00:16:42.220,000] [1;31m<err> llss_client: refresh HTTP 502[0m
[00:16:42.220,000] [1;31m<err> llss: Token refresh error 502 — retry in 5s[0m
[00:16:47.680,000] [1;31m<err> llss_client: refresh HTTP 502[0m
[00:16:47.680,000] [1;31m<err> llss: Token refresh error 502 — retry in 5s[0m
[00:16:53.080,000] [1;31m<err> llss_client: refresh HTTP 502[0m
[00:16:53.080,000] [1;31m<err> llss: Token refresh error 502 — retry in 5s[0m
[00:16:58.480,000] [1;31m<err> llss_client: refresh HTTP 502[0m
[00:16:58.480,000] [1;31m<err> llss: Token refresh error 502 — retry in 5s[0m
[00:17:00.340,000] [0m<inf> shtc3: SHTC3(sim): temperature=21.95 C humidity=48.70 %[0m
NETMEM up=1020s pktRX=40/40 pktTX=16/16 bufRX=160/160/m6 bufTX=80/80/m9 sysheap_free=0 alloc=0 max=0
[00:17:03.880,000] [1;31m<err> llss_client: refresh HTTP 502[0m
[00:17:03.880,000] [1;31m<err> llss: Token refresh error 502 — retry in 5s[0m
[00:17:09.280,000] [1;31m<err> llss_client: refresh HTTP 502[0m
[00:17:09.280,000] [1;31m<err> llss: Token refresh error 502 — retry in 5s[0m
[00:17:14.680,000] [1;31m<err> llss_client: refresh HTTP 502[0m
[00:17:14.680,000] [1;31m<err> llss: Token refresh error 502 — retry in 5s[0m
[00:17:20.080,000] [1;31m<err> llss_client: refresh HTTP 502[0m
[00:17:20.080,000] [1;31m<err> llss: Token refresh error 502 — retry in 5s[0m
[00:17:25.480,000] [1;31m<err> llss_client: refresh HTTP 502[0m
[00:17:25.480,000] [1;31m<err> llss: Token refresh error 502 — retry in 5s[0m
NETMEM up=1050s pktRX=40/40 pktTX=16/16 bufRX=160/160/m6 bufTX=78/80/m9 sysheap_free=0 alloc=0 max=0
[00:17:30.880,000] [1;31m<err> llss_client: refresh HTTP 502[0m
[00:17:30.880,000] [1;31m<err> llss: Token refresh error 502 — retry in 5s[0m
[00:17:36.280,000] [1;31m<err> llss_client: refresh HTTP 502[0m
[00:17:36.280,000] [1;31m<err> llss: Token refresh error 502 — retry in 5s[0m
[00:17:41.680,000] [1;31m<err> llss_client: refresh HTTP 502[0m
[00:17:41.680,000] [1;31m<err> llss: Token refresh error 502 — retry in 5s[0m
[00:17:47.080,000] [1;31m<err> llss_client: refresh HTTP 502[0m
[00:17:47.080,000] [1;31m<err> llss: Token refresh error 502 — retry in 5s[0m
[00:17:52.480,000] [1;31m<err> llss_client: refresh HTTP 502[0m
[00:17:52.480,000] [1;31m<err> llss: Token refresh error 502 — retry in 5s[0m
[00:17:57.880,000] [1;31m<err> llss_client: refresh HTTP 502[0m
[00:17:57.880,000] [1;31m<err> llss: Token refresh error 502 — retry in 5s[0m
[00:18:00.350,000] [0m<inf> shtc3: SHTC3(sim): temperature=22.10 C humidity=49.05 %[0m
NETMEM up=1080s pktRX=40/40 pktTX=16/16 bufRX=160/160/m6 bufTX=80/80/m9 sysheap_free=0 alloc=0 max=0
[00:18:03.280,000] [1;31m<err> llss_client: refresh HTTP 502[0m
[00:18:03.280,000] [1;31m<err> llss: Token refresh error 502 — retry in 5s[0m
[00:18:08.680,000] [1;31m<err> llss_client: refresh HTTP 502[0m
[00:18:08.680,000] [1;31m<err> llss: Token refresh error 502 — retry in 5s[0m
[00:18:14.080,000] [1;31m<err> llss_client: refresh HTTP 502[0m
[00:18:14.080,000] [1;31m<err> llss: Token refresh error 502 — retry in 5s[0m
[00:18:19.480,000] [1;31m<err> llss_client: refresh HTTP 502[0m
[00:18:19.480,000] [1;31m<err> llss: Token refresh error 502 — retry in 5s[0m
[00:18:24.880,000] [1;31m<err> llss_client: refresh HTTP 502[0m
[00:18:24.880,000] [1;31m<err> llss: Token refresh error 502 — retry in 5s[0m
[00:18:30.280,000] [1;31m<err> llss_client: refresh HTTP 502[0m
[00:18:30.280,000] [1;31m<err> llss: Token refresh error 502 — retry in 5s[0m
NETMEM up=1110s pktRX=40/40 pktTX=16/16 bufRX=160/160/m6 bufTX=80/80/m9 sysheap_free=0 alloc=0 max=0
[00:18:35.680,000] [1;31m<err> llss_client: refresh HTTP 502[0m
[00:18:35.680,000] [1;31m<err> llss: Token refresh error 502 — retry in 5s[0m
[00:18:41.080,000] [1;31m<err> llss_client: refresh HTTP 502[0m
[00:18:41.080,000] [1;31m<err> llss: Token refresh error 502 — retry in 5s[0m
[00:18:46.480,000] [1;31m<err> llss_client: refresh HTTP 502[0m
[00:18:46.480,000] [1;31m<err> llss: Token refresh error 502 — retry in 5s[0m
[00:18:51.880,000] [1;31m<err> llss_client: refresh HTTP 502[0m
[00:18:51.880,000] [1;31m<err> llss: Token refresh error 502 — retry in 5s[0m
[00:18:57.280,000] [1;31m<err> llss_client: refresh HTTP 502[0m
[00:18:57.280,000] [1;31m<err> llss: Token refresh error 502 — retry in 5s[0m
[00:19:00.360,000] [0m<inf> shtc3: SHTC3(sim): temperature=22.25 C humidity=49.40 %[0m
NETMEM up=1140s pktRX=40/40 pktTX=16/16 bufRX=160/160/m6 bufTX=80/80/m9 sysheap_free=0 alloc=0 max=0
[00:19:02.680,000] [1;31m<err> llss_client: refresh HTTP 502[0m
[00:19:02.680,000] [1;31m<err> llss: Token refresh error 502 — retry in 5s[0m
[00:19:08.080,000] [1;31m<err> llss_client: refresh HTTP 502[0m
[00:19:08.080,000] [1;31m<err> llss: Token refresh error 502 — retry in 5s[0m
[00:19:13.480,000] [1;31m<err> llss_client: refresh HTTP 502[0m
[00:19:13.480,000] [1;31m<err> llss: Token refresh error 502 — retry in 5s[0m
[00:19:18.880,000] [1;31m<err> llss_client: refresh HTTP 502[0m
[00:19:18.880,000] [1;31m<err> llss: Token refresh error 502 — retry in 5s[0m
[00:19:24.280,000] [1;31m<err> llss_client: refresh HTTP 502[0m
[00:19:24.280,000] [1;31m<err> llss: Token refresh error 502 — retry in 5s[0m
[00:19:29.680,000] [1;31m<err> llss_client: refresh HTTP 502[0m
[00:19:29.680,000] [1;31m<err> llss: Token refresh error 502 — retry in 5s[0m
NETMEM up=1170s pktRX=40/40 pktTX=16/16 bufRX=160/160/m6 bufTX=80/80/m9 sysheap_free=0 alloc=0 max=0
[00:19:35.080,000] [1;31m<err> llss_client: refresh HTTP 502[0m
[00:19:35.080,000] [1;31m<err> llss: Token refresh error 502 — retry in 5s[0m
[00:19:40.480,000] [1;31m<err> llss_client: refresh HTTP 502[0m
[00:19:40.480,000] [1;31m<err> llss: Token refresh error 502 — retry in 5s[0m
[00:19:45.880,000] [1;31m<err> llss_client: refresh HTTP 502[0m
[00:19:45.880,000] [1;31m<err> llss: Token refresh error 502 — retry in 5s[0m
[00:19:51.280,000] [1;31m<err> llss_client: refresh HTTP 502[0m
[00:19:51.280,000] [1;31m<err> llss: Token refresh error 502 — retry in 5s[0m
[00:19:56.680,000] [1;31m<err> llss_client: refresh HTTP 502[0m
[00:19:56.680,000] [1;31m<err> llss: Token refresh error 502 — retry in 5s[0m
[00:20:00.370,000] [0m<inf> shtc3: SHTC3(sim): temperature=22.40 C humidity=48.00 %[0m
NETMEM up=1200s pktRX=40/40 pktTX=16/16 bufRX=160/160/m6 bufTX=80/80/m9 sysheap_free=0 alloc=0 max=0
[00:20:02.080,000] [1;31m<err> llss_client: refresh HTTP 502[0m
[00:20:02.080,000] [1;31m<err> llss: Token refresh error 502 — retry in 5s[0m
[00:20:07.480,000] [1;31m<err> llss_client: refresh HTTP 502[0m
[00:20:07.480,000] [1;31m<err> llss: Token refresh error 502 — retry in 5s[0m
[00:20:12.880,000] [1;31m<err> llss_client: refresh HTTP 502[0m
[00:20:12.880,000] [1;31m<err> llss: Token refresh error 502 — retry in 5s[0m
[00:20:18.280,000] [1;31m<err> llss_client: refresh HTTP 502[0m
[00:20:18.280,000] [1;31m<err> llss: Token refresh error 502 — retry in 5s[0m
[00:20:23.680,000] [1;31m<err> llss_client: refresh HTTP 502[0m
[00:20:23.680,000] [1;31m<err> llss: Token refresh error 502 — retry in 5s[0m
[00:20:29.080,000] [1;31m<err> llss_client: refresh HTTP 502[0m
[00:20:29.080,000] [1;31m<err> llss: Token refresh error 502 — retry in 5s[0m
NETMEM up=1230s pktRX=40/40 pktTX=16/16 bufRX=160/160/m6 bufTX=80/80/m9 sysheap_free=0 alloc=0 max=0
[00:20:34.480,000] [1;31m<err> llss_client: refresh HTTP 502[0m
[00:20:34.480,000] [1;31m<err> llss: Token refresh error 502 — retry in 5s[0m
[00:20:39.880,000] [1;31m<err> llss_client: refresh HTTP 502[0m
[00:20:39.880,000] [1;31m<err> llss: Token refresh error 502 — retry in 5s[0m
[00:20:45.280,000] [1;31m<err> llss_client: refresh HTTP 502[0m
[00:20:45.280,000] [1;31m<err> llss: Token refresh error 502 — retry in 5s[0m
[00:20:50.680,000] [1;31m<err> llss_client: refresh HTTP 502[0m
[00:20:50.680,000] [1;31m<err> llss: Token refresh error 502 — retry in 5s[0m
[00:20:56.080,000] [1;31m<err> llss_client: refresh HTTP 502[0m
[00:20:56.080,000] [1;31m<err> llss: Token refresh error 502 — retry in 5s[0m
[00:21:00.380,000] [0m<inf> shtc3: SHTC3(sim): temperature=21.50 C humidity=48.35 %[0m
NETMEM up=1260s pktRX=40/40 pktTX=16/16 bufRX=160/160/m6 bufTX=80/80/m9 sysheap_free=0 alloc=0 max=0
[00:21:01.480,000] [1;31m<err> llss_client: refresh HTTP 502[0m
[00:21:01.480,000] [1;31m<err> llss: Token refresh error 502 — retry in 5s[0m
[00:21:06.940,000] [1;31m<err> llss_client: refresh HTTP 502[0m
[00:21:06.940,000] [1;31m<err> llss: Token refresh error 502 — retry in 5s[0m
[00:21:12.340,000] [1;31m<err> llss_client: refresh HTTP 502[0m
[00:21:12.340,000] [1;31m<err> llss: Token refresh error 502 — retry in 5s[0m
[00:21:17.740,000] [1;31m<err> llss_client: refresh HTTP 502[0m
[00:21:17.740,000] [1;31m<err> llss: Token refresh error 502 — retry in 5s[0m
[00:21:23.140,000] [1;31m<err> llss_client: refresh HTTP 502[0m
[00:21:23.140,000] [1;31m<err> llss: Token refresh error 502 — retry in 5s[0m
[00:21:28.540,000] [1;31m<err> llss_client: refresh HTTP 502[0m
[00:21:28.540,000] [1;31m<err> llss: Token refresh error 502 — retry in 5s[0m
NETMEM up=1290s pktRX=40/40 pktTX=16/16 bufRX=160/160/m6 bufTX=80/80/m9 sysheap_free=0 alloc=0 max=0
[00:21:33.940,000] [1;31m<err> llss_client: refresh HTTP 502[0m
[00:21:33.940,000] [1;31m<err> llss: Token refresh error 502 — retry in 5s[0m
[00:21:39.340,000] [1;31m<err> llss_client: refresh HTTP 502[0m
[00:21:39.340,000] [1;31m<err> llss: Token refresh error 502 — retry in 5s[0m
[00:21:44.740,000] [1;31m<err> llss_client: refresh HTTP 502[0m
[00:21:44.740,000] [1;31m<err> llss: Token refresh error 502 — retry in 5s[0m
[00:21:50.140,000] [1;31m<err> llss_client: refresh HTTP 502[0m
[00:21:50.140,000] [1;31m<err> llss: Token refresh error 502 — retry in 5s[0m
[00:21:55.540,000] [1;31m<err> llss_client: refresh HTTP 502[0m
[00:21:55.540,000] [1;31m<err> llss: Token refresh error 502 — retry in 5s[0m
[00:22:00.390,000] [0m<inf> shtc3: SHTC3(sim): temperature=21.65 C humidity=48.70 %[0m
NETMEM up=1320s pktRX=40/40 pktTX=16/16 bufRX=160/160/m6 bufTX=79/80/m9 sysheap_free=0 alloc=0 max=0
[00:22:00.940,000] [1;31m<err> llss_client: refresh HTTP 502[0m
[00:22:00.940,000] [1;31m<err> llss: Token refresh error 502 — retry in 5s[0m
[00:22:06.340,000] [1;31m<err> llss_client: refresh HTTP 502[0m
[00:22:06.340,000] [1;31m<err> llss: Token refresh error 502 — retry in 5s[0m
[00:22:11.740,000] [1;31m<err> llss_client: refresh HTTP 502[0m
[00:22:11.740,000] [1;31m<err> llss: Token refresh error 502 — retry in 5s[0m
[00:22:17.140,000] [1;31m<err> llss_client: refresh HTTP 502[0m
[00:22:17.140,000] [1;31m<err> llss: Token refresh error 502 — retry in 5s[0m
[00:22:22.540,000] [1;31m<err> llss_client: refresh HTTP 502[0m
[00:22:22.540,000] [1;31m<err> llss: Token refresh error 502 — retry in 5s[0m
[00:22:27.940,000] [1;31m<err> llss_client: refresh HTTP 502[0m
[00:22:27.940,000] [1;31m<err> llss: Token refresh error 502 — retry in 5s[0m
NETMEM up=1350s pktRX=40/40 pktTX=16/16 bufRX=160/160/m6 bufTX=80/80/m9 sysheap_free=0 alloc=0 max=0
[00:22:33.340,000] [1;31m<err> llss_client: refresh HTTP 502[0m
[00:22:33.340,000] [1;31m<err> llss: Token refresh error 502 — retry in 5s[0m
[00:22:38.740,000] [1;31m<err> llss_client: refresh HTTP 502[0m
[00:22:38.740,000] [1;31m<err> llss: Token refresh error 502 — retry in 5s[0m
[00:22:44.140,000] [1;31m<err> llss_client: refresh HTTP 502[0m
[00:22:44.140,000] [1;31m<err> llss: Token refresh error 502 — retry in 5s[0m
[00:22:49.540,000] [1;31m<err> llss_client: refresh HTTP 502[0m
[00:22:49.540,000] [1;31m<err> llss: Token refresh error 502 — retry in 5s[0m
[00:22:54.940,000] [1;31m<err> llss_client: refresh HTTP 502[0m
[00:22:54.940,000] [1;31m<err> llss: Token refresh error 502 — retry in 5s[0m
[00:23:00.340,000] [1;31m<err> llss_client: refresh HTTP 502[0m
[00:23:00.340,000] [1;31m<err> llss: Token refresh error 502 — retry in 5s[0m
[00:23:00.400,000] [0m<inf> shtc3: SHTC3(sim): temperature=21.80 C humidity=49.05 %[0m
NETMEM up=1380s pktRX=40/40 pktTX=16/16 bufRX=160/160/m6 bufTX=80/80/m9 sysheap_free=0 alloc=0 max=0
[00:23:05.740,000] [1;31m<err> llss_client: refresh HTTP 502[0m
[00:23:05.740,000] [1;31m<err> llss: Token refresh error 502 — retry in 5s[0m
[00:23:11.200,000] [1;31m<err> llss_client: refresh HTTP 502[0m
[00:23:11.200,000] [1;31m<err> llss: Token refresh error 502 — retry in 5s[0m
[00:23:16.600,000] [1;31m<err> llss_client: refresh HTTP 502[0m
[00:23:16.600,000] [1;31m<err> llss: Token refresh error 502 — retry in 5s[0m
[00:23:22.000,000] [1;31m<err> llss_client: refresh HTTP 502[0m
[00:23:22.000,000] [1;31m<err> llss: Token refresh error 502 — retry in 5s[0m
[00:23:27.400,000] [1;31m<err> llss_client: refresh HTTP 502[0m
[00:23:27.400,000] [1;31m<err> llss: Token refresh error 502 — retry in 5s[0m
NETMEM up=1410s pktRX=40/40 pktTX=16/16 bufRX=160/160/m6 bufTX=80/80/m9 sysheap_free=0 alloc=0 max=0
[00:23:32.800,000] [1;31m<err> llss_client: refresh HTTP 502[0m
[00:23:32.800,000] [1;31m<err> llss: Token refresh error 502 — retry in 5s[0m
[00:23:38.200,000] [1;31m<err> llss_client: refresh HTTP 502[0m
[00:23:38.200,000] [1;31m<err> llss: Token refresh error 502 — retry in 5s[0m
[00:23:43.600,000] [1;31m<err> llss_client: refresh HTTP 502[0m
[00:23:43.600,000] [1;31m<err> llss: Token refresh error 502 — retry in 5s[0m
[00:23:49.000,000] [1;31m<err> llss_client: refresh HTTP 502[0m
[00:23:49.000,000] [1;31m<err> llss: Token refresh error 502 — retry in 5s[0m
[00:23:54.400,000] [1;31m<err> llss_client: refresh HTTP 502[0m
[00:23:54.400,000] [1;31m<err> llss: Token refresh error 502 — retry in 5s[0m
[00:23:59.800,000] [1;31m<err> llss_client: refresh HTTP 502[0m
[00:23:59.800,000] [1;31m<err> llss: Token refresh error 502 — retry in 5s[0m
[00:24:00.410,000] [0m<inf> shtc3: SHTC3(sim): temperature=21.95 C humidity=49.40 %[0m
NETMEM up=1440s pktRX=40/40 pktTX=16/16 bufRX=160/160/m6 bufTX=80/80/m9 sysheap_free=0 alloc=0 max=0
[00:24:05.200,000] [1;31m<err> llss_client: refresh HTTP 502[0m
[00:24:05.200,000] [1;31m<err> llss: Token refresh error 502 — retry in 5s[0m
[00:24:10.600,000] [1;31m<err> llss_client: refresh HTTP 502[0m
[00:24:10.600,000] [1;31m<err> llss: Token refresh error 502 — retry in 5s[0m
[00:24:16.000,000] [1;31m<err> llss_client: refresh HTTP 502[0m
[00:24:16.000,000] [1;31m<err> llss: Token refresh error 502 — retry in 5s[0m
[00:24:21.400,000] [1;31m<err> llss_client: refresh HTTP 502[0m
[00:24:21.400,000] [1;31m<err> llss: Token refresh error 502 — retry in 5s[0m
[00:24:26.800,000] [1;31m<err> llss_client: refresh HTTP 502[0m
[00:24:26.800,000] [1;31m<err> llss: Token refresh error 502 — retry in 5s[0m
NETMEM up=1470s pktRX=40/40 pktTX=16/16 bufRX=160/160/m6 bufTX=80/80/m9 sysheap_free=0 alloc=0 max=0
[00:24:32.200,000] [1;31m<err> llss_client: refresh HTTP 502[0m
[00:24:32.200,000] [1;31m<err> llss: Token refresh error 502 — retry in 5s[0m
[00:24:37.600,000] [1;31m<err> llss_client: refresh HTTP 502[0m
[00:24:37.600,000] [1;31m<err> llss: Token refresh error 502 — retry in 5s[0m
[00:24:43.000,000] [1;31m<err> llss_client: refresh HTTP 502[0m
[00:24:43.000,000] [1;31m<err> llss: Token refresh error 502 — retry in 5s[0m
[00:24:48.400,000] [1;31m<err> llss_client: refresh HTTP 502[0m
[00:24:48.400,000] [1;31m<err> llss: Token refresh error 502 — retry in 5s[0m
[00:24:53.800,000] [1;31m<err> llss_client: refresh HTTP 502[0m
[00:24:53.800,000] [1;31m<err> llss: Token refresh error 502 — retry in 5s[0m
[00:24:59.200,000] [1;31m<err> llss_client: refresh HTTP 502[0m
[00:24:59.200,000] [1;31m<err> llss: Token refresh error 502 — retry in 5s[0m
[00:25:00.420,000] [0m<inf> shtc3: SHTC3(sim): temperature=22.10 C humidity=48.00 %[0m
NETMEM up=1500s pktRX=40/40 pktTX=16/16 bufRX=160/160/m6 bufTX=80/80/m9 sysheap_free=0 alloc=0 max=0
[00:25:04.600,000] [1;31m<err> llss_client: refresh HTTP 502[0m
[00:25:04.600,000] [1;31m<err> llss: Token refresh error 502 — retry in 5s[0m
[00:25:10.000,000] [1;31m<err> llss_client: refresh HTTP 502[0m
[00:25:10.000,000] [1;31m<err> llss: Token refresh error 502 — retry in 5s[0m
[00:25:15.400,000] [1;31m<err> llss_client: refresh HTTP 502[0m
[00:25:15.400,000] [1;31m<err> llss: Token refresh error 502 — retry in 5s[0m
[00:25:20.800,000] [1;31m<err> llss_client: refresh HTTP 502[0m
[00:25:20.800,000] [1;31m<err> llss: Token refresh error 502 — retry in 5s[0m
[00:25:26.200,000] [1;31m<err> llss_client: refresh HTTP 502[0m
[00:25:26.200,000] [1;31m<err> llss: Token refresh error 502 — retry in 5s[0m
NETMEM up=1530s pktRX=40/40 pktTX=16/16 bufRX=160/160/m6 bufTX=80/80/m9 sysheap_free=0 alloc=0 max=0
[00:25:31.600,000] [1;31m<err> llss_client: refresh HTTP 502[0m
[00:25:31.600,000] [1;31m<err> llss: Token refresh error 502 — retry in 5s[0m
[00:25:37.000,000] [1;31m<err> llss_client: refresh HTTP 502[0m
[00:25:37.000,000] [1;31m<err> llss: Token refresh error 502 — retry in 5s[0m
[00:25:42.400,000] [1;31m<err> llss_client: refresh HTTP 502[0m
[00:25:42.400,000] [1;31m<err> llss: Token refresh error 502 — retry in 5s[0m
[00:25:47.800,000] [1;31m<err> llss_client: refresh HTTP 502[0m
[00:25:47.800,000] [1;31m<err> llss: Token refresh error 502 — retry in 5s[0m
[00:25:53.200,000] [1;31m<err> llss_client: refresh HTTP 502[0m
[00:25:53.200,000] [1;31m<err> llss: Token refresh error 502 — retry in 5s[0m
[00:25:58.600,000] [1;31m<err> llss_client: refresh HTTP 502[0m
[00:25:58.600,000] [1;31m<err> llss: Token refresh error 502 — retry in 5s[0m
[00:26:00.430,000] [0m<inf> shtc3: SHTC3(sim): temperature=22.25 C humidity=48.35 %[0m
NETMEM up=1560s pktRX=40/40 pktTX=16/16 bufRX=160/160/m6 bufTX=80/80/m9 sysheap_free=0 alloc=0 max=0
[00:26:04.000,000] [1;31m<err> llss_client: refresh HTTP 502[0m
[00:26:04.000,000] [1;31m<err> llss: Token refresh error 502 — retry in 5s[0m
[00:26:09.400,000] [1;31m<err> llss_client: refresh HTTP 502[0m
[00:26:09.400,000] [1;31m<err> llss: Token refresh error 502 — retry in 5s[0m
[00:26:14.800,000] [1;31m<err> llss_client: refresh HTTP 502[0m
[00:26:14.800,000] [1;31m<err> llss: Token refresh error 502 — retry in 5s[0m
[00:26:20.200,000] [1;31m<err> llss_client: refresh HTTP 502[0m
[00:26:20.200,000] [1;31m<err> llss: Token refresh error 502 — retry in 5s[0m
[00:26:25.600,000] [1;31m<err> llss_client: refresh HTTP 502[0m
[00:26:25.600,000] [1;31m<err> llss: Token refresh error 502 — retry in 5s[0m
NETMEM up=1590s pktRX=40/40 pktTX=16/16 bufRX=160/160/m6 bufTX=79/80/m9 sysheap_free=0 alloc=0 max=0
[00:26:31.000,000] [1;31m<err> llss_client: refresh HTTP 502[0m
[00:26:31.000,000] [1;31m<err> llss: Token refresh error 502 — retry in 5s[0m
[00:26:36.400,000] [1;31m<err> llss_client: refresh HTTP 502[0m
[00:26:36.400,000] [1;31m<err> llss: Token refresh error 502 — retry in 5s[0m
[00:26:41.800,000] [1;31m<err> llss_client: refresh HTTP 502[0m
[00:26:41.800,000] [1;31m<err> llss: Token refresh error 502 — retry in 5s[0m
[00:26:47.200,000] [1;31m<err> llss_client: refresh HTTP 502[0m
[00:26:47.200,000] [1;31m<err> llss: Token refresh error 502 — retry in 5s[0m
[00:26:52.600,000] [1;31m<err> llss_client: refresh HTTP 502[0m
[00:26:52.600,000] [1;31m<err> llss: Token refresh error 502 — retry in 5s[0m
[00:26:58.000,000] [1;31m<err> llss_client: refresh HTTP 502[0m
[00:26:58.000,000] [1;31m<err> llss: Token refresh error 502 — retry in 5s[0m
[00:27:00.440,000] [0m<inf> shtc3: SHTC3(sim): temperature=22.40 C humidity=48.70 %[0m
NETMEM up=1620s pktRX=40/40 pktTX=16/16 bufRX=160/160/m6 bufTX=80/80/m9 sysheap_free=0 alloc=0 max=0
[00:27:03.400,000] [1;31m<err> llss_client: refresh HTTP 502[0m
[00:27:03.400,000] [1;31m<err> llss: Token refresh error 502 — retry in 5s[0m
[00:27:08.800,000] [1;31m<err> llss_client: refresh HTTP 502[0m
[00:27:08.800,000] [1;31m<err> llss: Token refresh error 502 — retry in 5s[0m
[00:27:14.200,000] [1;31m<err> llss_client: refresh HTTP 502[0m
[00:27:14.200,000] [1;31m<err> llss: Token refresh error 502 — retry in 5s[0m
[00:27:19.600,000] [1;31m<err> llss_client: refresh HTTP 502[0m
[00:27:19.600,000] [1;31m<err> llss: Token refresh error 502 — retry in 5s[0m
[00:27:25.000,000] [1;31m<err> llss_client: refresh HTTP 502[0m
[00:27:25.000,000] [1;31m<err> llss: Token refresh error 502 — retry in 5s[0m
[00:27:30.400,000] [1;31m<err> llss_client: refresh HTTP 502[0m
[00:27:30.400,000] [1;31m<err> llss: Token refresh error 502 — retry in 5s[0m
NETMEM up=1650s pktRX=40/40 pktTX=16/16 bufRX=160/160/m6 bufTX=80/80/m9 sysheap_free=0 alloc=0 max=0
[00:27:35.800,000] [1;31m<err> llss_client: refresh HTTP 502[0m
[00:27:35.800,000] [1;31m<err> llss: Token refresh error 502 — retry in 5s[0m
[00:27:41.200,000] [1;31m<err> llss_client: refresh HTTP 502[0m
[00:27:41.200,000] [1;31m<err> llss: Token refresh error 502 — retry in 5s[0m
[00:27:46.600,000] [1;31m<err> llss_client: refresh HTTP 502[0m
[00:27:46.600,000] [1;31m<err> llss: Token refresh error 502 — retry in 5s[0m
[00:27:52.000,000] [1;31m<err> llss_client: refresh HTTP 502[0m
[00:27:52.000,000] [1;31m<err> llss: Token refresh error 502 — retry in 5s[0m
[00:27:57.400,000] [1;31m<err> llss_client: refresh HTTP 502[0m
[00:27:57.400,000] [1;31m<err> llss: Token refresh error 502 — retry in 5s[0m
[00:28:00.450,000] [0m<inf> shtc3: SHTC3(sim): temperature=21.50 C humidity=49.05 %[0m
NETMEM up=1680s pktRX=40/40 pktTX=16/16 bufRX=160/160/m6 bufTX=80/80/m9 sysheap_free=0 alloc=0 max=0
[00:28:02.800,000] [1;31m<err> llss_client: refresh HTTP 502[0m
[00:28:02.800,000] [1;31m<err> llss: Token refresh error 502 — retry in 5s[0m
[00:28:08.200,000] [1;31m<err> llss_client: refresh HTTP 502[0m
[00:28:08.200,000] [1;31m<err> llss: Token refresh error 502 — retry in 5s[0m
[00:28:13.600,000] [1;31m<err> llss_client: refresh HTTP 502[0m
[00:28:13.600,000] [1;31m<err> llss: Token refresh error 502 — retry in 5s[0m
[00:28:19.060,000] [1;31m<err> llss_client: refresh HTTP 502[0m
[00:28:19.060,000] [1;31m<err> llss: Token refresh error 502 — retry in 5s[0m
[00:28:24.460,000] [1;31m<err> llss_client: refresh HTTP 502[0m
[00:28:24.460,000] [1;31m<err> llss: Token refresh error 502 — retry in 5s[0m
[00:28:29.860,000] [1;31m<err> llss_client: refresh HTTP 502[0m
[00:28:29.860,000] [1;31m<err> llss: Token refresh error 502 — retry in 5s[0m
NETMEM up=1710s pktRX=40/40 pktTX=16/16 bufRX=160/160/m6 bufTX=80/80/m9 sysheap_free=0 alloc=0 max=0
[00:28:35.260,000] [1;31m<err> llss_client: refresh HTTP 502[0m
[00:28:35.260,000] [1;31m<err> llss: Token refresh error 502 — retry in 5s[0m
[00:28:40.660,000] [1;31m<err> llss_client: refresh HTTP 502[0m
[00:28:40.660,000] [1;31m<err> llss: Token refresh error 502 — retry in 5s[0m
[00:28:46.060,000] [1;31m<err> llss_client: refresh HTTP 502[0m
[00:28:46.060,000] [1;31m<err> llss: Token refresh error 502 — retry in 5s[0m
[00:28:51.460,000] [1;31m<err> llss_client: refresh HTTP 502[0m
[00:28:51.460,000] [1;31m<err> llss: Token refresh error 502 — retry in 5s[0m
[00:28:56.860,000] [1;31m<err> llss_client: refresh HTTP 502[0m
[00:28:56.860,000] [1;31m<err> llss: Token refresh error 502 — retry in 5s[0m
[00:29:00.460,000] [0m<inf> shtc3: SHTC3(sim): temperature=21.65 C humidity=49.40 %[0m
NETMEM up=1740s pktRX=40/40 pktTX=16/16 bufRX=160/160/m6 bufTX=80/80/m9 sysheap_free=0 alloc=0 max=0
[00:29:02.260,000] [1;31m<err> llss_client: refresh HTTP 502[0m
[00:29:02.260,000] [1;31m<err> llss: Token refresh error 502 — retry in 5s[0m
[00:29:07.660,000] [1;31m<err> llss_client: refresh HTTP 502[0m
[00:29:07.660,000] [1;31m<err> llss: Token refresh error 502 — retry in 5s[0m
[00:29:13.060,000] [1;31m<err> llss_client: refresh HTTP 502[0m
[00:29:13.060,000] [1;31m<err> llss: Token refresh error 502 — retry in 5s[0m
[00:29:18.460,000] [1;31m<err> llss_client: refresh HTTP 502[0m
[00:29:18.460,000] [1;31m<err> llss: Token refresh error 502 — retry in 5s[0m
[00:29:23.860,000] [1;31m<err> llss_client: refresh HTTP 502[0m
[00:29:23.860,000] [1;31m<err> llss: Token refresh error 502 — retry in 5s[0m
[00:29:29.260,000] [1;31m<err> llss_client: refresh HTTP 502[0m
[00:29:29.260,000] [1;31m<err> llss: Token refresh error 502 — retry in 5s[0m
NETMEM up=1770s pktRX=40/40 pktTX=16/16 bufRX=160/160/m6 bufTX=80/80/m9 sysheap_free=0 alloc=0 max=0
[00:29:34.660,000] [1;31m<err> llss_client: refresh HTTP 502[0m
[00:29:34.660,000] [1;31m<err> llss: Token refresh error 502 — retry in 5s[0m
[00:29:40.060,000] [1;31m<err> llss_client: refresh HTTP 502[0m
[00:29:40.060,000] [1;31m<err> llss: Token refresh error 502 — retry in 5s[0m
[00:29:45.460,000] [1;31m<err> llss_client: refresh HTTP 502[0m
[00:29:45.460,000] [1;31m<err> llss: Token refresh error 502 — retry in 5s[0m
[00:29:50.860,000] [1;31m<err> llss_client: refresh HTTP 502[0m
[00:29:50.860,000] [1;31m<err> llss: Token refresh error 502 — retry in 5s[0m
[00:29:56.260,000] [1;31m<err> llss_client: refresh HTTP 502[0m
[00:29:56.260,000] [1;31m<err> llss: Token refresh error 502 — retry in 5s[0m
[00:30:00.470,000] [0m<inf> shtc3: SHTC3(sim): temperature=21.80 C humidity=48.00 %[0m
NETMEM up=1800s pktRX=40/40 pktTX=16/16 bufRX=160/160/m6 bufTX=80/80/m9 sysheap_free=0 alloc=0 max=0
[00:30:01.660,000] [1;31m<err> llss_client: refresh HTTP 502[0m
[00:30:01.660,000] [1;31m<err> llss: Token refresh error 502 — retry in 5s[0m
[00:30:07.060,000] [1;31m<err> llss_client: refresh HTTP 502[0m
[00:30:07.060,000] [1;31m<err> llss: Token refresh error 502 — retry in 5s[0m
[00:30:12.520,000] [1;31m<err> llss_client: refresh HTTP 502[0m
[00:30:12.520,000] [1;31m<err> llss: Token refresh error 502 — retry in 5s[0m
[00:30:17.920,000] [1;31m<err> llss_client: refresh HTTP 502[0m
[00:30:17.920,000] [1;31m<err> llss: Token refresh error 502 — retry in 5s[0m
[00:30:23.320,000] [1;31m<err> llss_client: refresh HTTP 502[0m
[00:30:23.320,000] [1;31m<err> llss: Token refresh error 502 — retry in 5s[0m
[00:30:28.720,000] [1;31m<err> llss_client: refresh HTTP 502[0m
[00:30:28.720,000] [1;31m<err> llss: Token refresh error 502 — retry in 5s[0m
NETMEM up=1830s pktRX=40/40 pktTX=16/16 bufRX=160/160/m6 bufTX=80/80/m9 sysheap_free=0 alloc=0 max=0
[00:30:34.120,000] [1;31m<err> llss_client: refresh HTTP 502[0m
[00:30:34.120,000] [1;31m<err> llss: Token refresh error 502 — retry in 5s[0m
[00:30:39.520,000] [1;31m<err> llss_client: refresh HTTP 502[0m
[00:30:39.520,000] [1;31m<err> llss: Token refresh error 502 — retry in 5s[0m
[00:30:44.920,000] [1;31m<err> llss_client: refresh HTTP 502[0m
[00:30:44.920,000] [1;31m<err> llss: Token refresh error 502 — retry in 5s[0m
[00:30:50.320,000] [1;31m<err> llss_client: refresh HTTP 502[0m
[00:30:50.320,000] [1;31m<err> llss: Token refresh error 502 — retry in 5s[0m
[00:30:55.720,000] [1;31m<err> llss_client: refresh HTTP 502[0m
[00:30:55.720,000] [1;31m<err> llss: Token refresh error 502 — retry in 5s[0m
[00:31:00.480,000] [0m<inf> shtc3: SHTC3(sim): temperature=21.95 C humidity=48.35 %[0m
NETMEM up=1860s pktRX=40/40 pktTX=16/16 bufRX=160/160/m6 bufTX=79/80/m9 sysheap_free=0 alloc=0 max=0
[00:31:01.420,000] [1;31m<err> llss_client: refresh HTTP 502[0m
[00:31:01.420,000] [1;31m<err> llss: Token refresh error 502 — retry in 5s[0m
[00:31:06.820,000] [1;31m<err> llss_client: refresh HTTP 502[0m
[00:31:06.820,000] [1;31m<err> llss: Token refresh error 502 — retry in 5s[0m
[00:31:12.220,000] [1;31m<err> llss_client: refresh HTTP 502[0m
[00:31:12.220,000] [1;31m<err> llss: Token refresh error 502 — retry in 5s[0m
[00:31:17.620,000] [1;31m<err> llss_client: refresh HTTP 502[0m
[00:31:17.620,000] [1;31m<err> llss: Token refresh error 502 — retry in 5s[0m
[00:31:23.020,000] [1;31m<err> llss_client: refresh HTTP 502[0m
[00:31:23.020,000] [1;31m<err> llss: Token refresh error 502 — retry in 5s[0m
[00:31:28.420,000] [1;31m<err> llss_client: refresh HTTP 502[0m
[00:31:28.420,000] [1;31m<err> llss: Token refresh error 502 — retry in 5s[0m
NETMEM up=1890s pktRX=40/40 pktTX=16/16 bufRX=160/160/m6 bufTX=80/80/m9 sysheap_free=0 alloc=0 max=0
[00:31:33.820,000] [1;31m<err> llss_client: refresh HTTP 502[0m
[00:31:33.820,000] [1;31m<err> llss: Token refresh error 502 — retry in 5s[0m
[00:31:39.220,000] [1;31m<err> llss_client: refresh HTTP 502[0m
[00:31:39.220,000] [1;31m<err> llss: Token refresh error 502 — retry in 5s[0m
[00:31:44.620,000] [1;31m<err> llss_client: refresh HTTP 502[0m
[00:31:44.620,000] [1;31m<err> llss: Token refresh error 502 — retry in 5s[0m
[00:31:50.020,000] [1;31m<err> llss_client: refresh HTTP 502[0m
[00:31:50.020,000] [1;31m<err> llss: Token refresh error 502 — retry in 5s[0m
[00:31:55.420,000] [1;31m<err> llss_client: refresh HTTP 502[0m
[00:31:55.420,000] [1;31m<err> llss: Token refresh error 502 — retry in 5s[0m
[00:32:00.490,000] [0m<inf> shtc3: SHTC3(sim): temperature=22.10 C humidity=48.70 %[0m
[00:32:00.820,000] [1;31m<err> llss_client: refresh HTTP 502[0m
[00:32:00.820,000] [1;31m<err> llss: Token refresh error 502 — retry in 5s[0m
NETMEM up=1920s pktRX=40/40 pktTX=16/16 bufRX=160/160/m6 bufTX=80/80/m9 sysheap_free=0 alloc=0 max=0
[00:32:06.220,000] [1;31m<err> llss_client: refresh HTTP 502[0m
[00:32:06.220,000] [1;31m<err> llss: Token refresh error 502 — retry in 5s[0m
[00:32:11.620,000] [1;31m<err> llss_client: refresh HTTP 502[0m
[00:32:11.620,000] [1;31m<err> llss: Token refresh error 502 — retry in 5s[0m
[00:32:17.020,000] [1;31m<err> llss_client: refresh HTTP 502[0m
[00:32:17.020,000] [1;31m<err> llss: Token refresh error 502 — retry in 5s[0m
[00:32:22.420,000] [1;31m<err> llss_client: refresh HTTP 502[0m
[00:32:22.420,000] [1;31m<err> llss: Token refresh error 502 — retry in 5s[0m
[00:32:27.820,000] [1;31m<err> llss_client: refresh HTTP 502[0m
[00:32:27.820,000] [1;31m<err> llss: Token refresh error 502 — retry in 5s[0m
NETMEM up=1950s pktRX=40/40 pktTX=16/16 bufRX=160/160/m6 bufTX=80/80/m9 sysheap_free=0 alloc=0 max=0
[00:32:33.220,000] [1;31m<err> llss_client: refresh HTTP 502[0m
[00:32:33.220,000] [1;31m<err> llss: Token refresh error 502 — retry in 5s[0m
[00:32:38.620,000] [1;31m<err> llss_client: refresh HTTP 502[0m
[00:32:38.620,000] [1;31m<err> llss: Token refresh error 502 — retry in 5s[0m
[00:32:44.020,000] [1;31m<err> llss_client: refresh HTTP 502[0m
[00:32:44.020,000] [1;31m<err> llss: Token refresh error 502 — retry in 5s[0m
[00:32:49.420,000] [1;31m<err> llss_client: refresh HTTP 502[0m
[00:32:49.420,000] [1;31m<err> llss: Token refresh error 502 — retry in 5s[0m
[00:32:54.820,000] [1;31m<err> llss_client: refresh HTTP 502[0m
[00:32:54.820,000] [1;31m<err> llss: Token refresh error 502 — retry in 5s[0m
[00:33:00.220,000] [1;31m<err> llss_client: refresh HTTP 502[0m
[00:33:00.220,000] [1;31m<err> llss: Token refresh error 502 — retry in 5s[0m
[00:33:00.500,000] [0m<inf> shtc3: SHTC3(sim): temperature=22.25 C humidity=49.05 %[0m
NETMEM up=1980s pktRX=40/40 pktTX=16/16 bufRX=160/160/m6 bufTX=80/80/m9 sysheap_free=0 alloc=0 max=0
[00:33:05.620,000] [1;31m<err> llss_client: refresh HTTP 502[0m
[00:33:05.620,000] [1;31m<err> llss: Token refresh error 502 — retry in 5s[0m
[00:33:11.020,000] [1;31m<err> llss_client: refresh HTTP 502[0m
[00:33:11.020,000] [1;31m<err> llss: Token refresh error 502 — retry in 5s[0m
[00:33:16.420,000] [1;31m<err> llss_client: refresh HTTP 502[0m
[00:33:16.420,000] [1;31m<err> llss: Token refresh error 502 — retry in 5s[0m
[00:33:21.820,000] [1;31m<err> llss_client: refresh HTTP 502[0m
[00:33:21.820,000] [1;31m<err> llss: Token refresh error 502 — retry in 5s[0m
[00:33:27.220,000] [1;31m<err> llss_client: refresh HTTP 502[0m
[00:33:27.220,000] [1;31m<err> llss: Token refresh error 502 — retry in 5s[0m
NETMEM up=2010s pktRX=40/40 pktTX=16/16 bufRX=160/160/m6 bufTX=80/80/m9 sysheap_free=0 alloc=0 max=0
[00:33:32.620,000] [1;31m<err> llss_client: refresh HTTP 502[0m
[00:33:32.620,000] [1;31m<err> llss: Token refresh error 502 — retry in 5s[0m
[00:33:38.020,000] [1;31m<err> llss_client: refresh HTTP 502[0m
[00:33:38.020,000] [1;31m<err> llss: Token refresh error 502 — retry in 5s[0m
[00:33:43.420,000] [1;31m<err> llss_client: refresh HTTP 502[0m
[00:33:43.420,000] [1;31m<err> llss: Token refresh error 502 — retry in 5s[0m
[00:33:48.820,000] [1;31m<err> llss_client: refresh HTTP 502[0m
[00:33:48.820,000] [1;31m<err> llss: Token refresh error 502 — retry in 5s[0m
[00:33:54.220,000] [1;31m<err> llss_client: refresh HTTP 502[0m
[00:33:54.220,000] [1;31m<err> llss: Token refresh error 502 — retry in 5s[0m
[00:33:59.620,000] [1;31m<err> llss_client: refresh HTTP 502[0m
[00:33:59.620,000] [1;31m<err> llss: Token refresh error 502 — retry in 5s[0m
[00:34:00.510,000] [0m<inf> shtc3: SHTC3(sim): temperature=22.40 C humidity=49.40 %[0m
NETMEM up=2040s pktRX=40/40 pktTX=16/16 bufRX=160/160/m6 bufTX=80/80/m9 sysheap_free=0 alloc=0 max=0
[00:34:05.020,000] [1;31m<err> llss_client: refresh HTTP 502[0m
[00:34:05.020,000] [1;31m<err> llss: Token refresh error 502 — retry in 5s[0m
[00:34:10.420,000] [1;31m<err> llss_client: refresh HTTP 502[0m
[00:34:10.420,000] [1;31m<err> llss: Token refresh error 502 — retry in 5s[0m
[00:34:15.880,000] [1;31m<err> llss_client: refresh HTTP 502[0m
[00:34:15.880,000] [1;31m<err> llss: Token refresh error 502 — retry in 5s[0m
[00:34:21.280,000] [1;31m<err> llss_client: refresh HTTP 502[0m
[00:34:21.280,000] [1;31m<err> llss: Token refresh error 502 — retry in 5s[0m
[00:34:26.680,000] [1;31m<err> llss_client: refresh HTTP 502[0m
[00:34:26.680,000] [1;31m<err> llss: Token refresh error 502 — retry in 5s[0m
NETMEM up=2071s pktRX=40/40 pktTX=16/16 bufRX=160/160/m6 bufTX=80/80/m9 sysheap_free=0 alloc=0 max=0
[00:34:32.080,000] [1;31m<err> llss_client: refresh HTTP 502[0m
[00:34:32.080,000] [1;31m<err> llss: Token refresh error 502 — retry in 5s[0m
[00:34:37.480,000] [1;31m<err> llss_client: refresh HTTP 502[0m
[00:34:37.480,000] [1;31m<err> llss: Token refresh error 502 — retry in 5s[0m
[00:34:42.880,000] [1;31m<err> llss_client: refresh HTTP 502[0m
[00:34:42.880,000] [1;31m<err> llss: Token refresh error 502 — retry in 5s[0m
[00:34:48.280,000] [1;31m<err> llss_client: refresh HTTP 502[0m
[00:34:48.280,000] [1;31m<err> llss: Token refresh error 502 — retry in 5s[0m
[00:34:53.680,000] [1;31m<err> llss_client: refresh HTTP 502[0m
[00:34:53.680,000] [1;31m<err> llss: Token refresh error 502 — retry in 5s[0m
[00:34:59.080,000] [1;31m<err> llss_client: refresh HTTP 502[0m
[00:34:59.080,000] [1;31m<err> llss: Token refresh error 502 — retry in 5s[0m
[00:35:00.520,000] [0m<inf> shtc3: SHTC3(sim): temperature=21.50 C humidity=48.00 %[0m
NETMEM up=2101s pktRX=40/40 pktTX=16/16 bufRX=160/160/m6 bufTX=80/80/m9 sysheap_free=0 alloc=0 max=0
[00:35:04.480,000] [1;31m<err> llss_client: refresh HTTP 502[0m
[00:35:04.480,000] [1;31m<err> llss: Token refresh error 502 — retry in 5s[0m
[00:35:09.880,000] [1;31m<err> llss_client: refresh HTTP 502[0m
[00:35:09.880,000] [1;31m<err> llss: Token refresh error 502 — retry in 5s[0m
[00:35:15.280,000] [1;31m<err> llss_client: refresh HTTP 502[0m
[00:35:15.280,000] [1;31m<err> llss: Token refresh error 502 — retry in 5s[0m
[00:35:20.680,000] [1;31m<err> llss_client: refresh HTTP 502[0m
[00:35:20.680,000] [1;31m<err> llss: Token refresh error 502 — retry in 5s[0m
[00:35:26.080,000] [1;31m<err> llss_client: refresh HTTP 502[0m
[00:35:26.080,000] [1;31m<err> llss: Token refresh error 502 — retry in 5s[0m
NETMEM up=2131s pktRX=40/40 pktTX=16/16 bufRX=160/160/m6 bufTX=80/80/m9 sysheap_free=0 alloc=0 max=0
[00:35:31.480,000] [1;31m<err> llss_client: refresh HTTP 502[0m
[00:35:31.480,000] [1;31m<err> llss: Token refresh error 502 — retry in 5s[0m
[00:35:36.880,000] [1;31m<err> llss_client: refresh HTTP 502[0m
[00:35:36.880,000] [1;31m<err> llss: Token refresh error 502 — retry in 5s[0m
[00:35:42.280,000] [1;31m<err> llss_client: refresh HTTP 502[0m
[00:35:42.280,000] [1;31m<err> llss: Token refresh error 502 — retry in 5s[0m
[00:35:47.680,000] [1;31m<err> llss_client: refresh HTTP 502[0m
[00:35:47.680,000] [1;31m<err> llss: Token refresh error 502 — retry in 5s[0m
[00:35:53.080,000] [1;31m<err> llss_client: refresh HTTP 502[0m
[00:35:53.080,000] [1;31m<err> llss: Token refresh error 502 — retry in 5s[0m
[00:35:58.480,000] [1;31m<err> llss_client: refresh HTTP 502[0m
[00:35:58.480,000] [1;31m<err> llss: Token refresh error 502 — retry in 5s[0m
[00:36:00.530,000] [0m<inf> shtc3: SHTC3(sim): temperature=21.65 C humidity=48.35 %[0m
NETMEM up=2161s pktRX=40/40 pktTX=16/16 bufRX=160/160/m6 bufTX=80/80/m9 sysheap_free=0 alloc=0 max=0
[00:36:03.880,000] [1;31m<err> llss_client: refresh HTTP 502[0m
[00:36:03.880,000] [1;31m<err> llss: Token refresh error 502 — retry in 5s[0m
[00:36:09.280,000] [1;31m<err> llss_client: refresh HTTP 502[0m
[00:36:09.280,000] [1;31m<err> llss: Token refresh error 502 — retry in 5s[0m
[00:36:14.680,000] [1;31m<err> llss_client: refresh HTTP 502[0m
[00:36:14.680,000] [1;31m<err> llss: Token refresh error 502 — retry in 5s[0m
[00:36:20.080,000] [1;31m<err> llss_client: refresh HTTP 502[0m
[00:36:20.080,000] [1;31m<err> llss: Token refresh error 502 — retry in 5s[0m
[00:36:25.480,000] [1;31m<err> llss_client: refresh HTTP 502[0m
[00:36:25.480,000] [1;31m<err> llss: Token refresh error 502 — retry in 5s[0m
[00:36:30.880,000] [1;31m<err> llss_client: refresh HTTP 502[0m
[00:36:30.880,000] [1;31m<err> llss: Token refresh error 502 — retry in 5s[0m
NETMEM up=2191s pktRX=40/40 pktTX=16/16 bufRX=160/160/m6 bufTX=80/80/m9 sysheap_free=0 alloc=0 max=0
[00:36:36.280,000] [1;31m<err> llss_client: refresh HTTP 502[0m
[00:36:36.280,000] [1;31m<err> llss: Token refresh error 502 — retry in 5s[0m
[00:36:41.680,000] [1;31m<err> llss_client: refresh HTTP 502[0m
[00:36:41.680,000] [1;31m<err> llss: Token refresh error 502 — retry in 5s[0m
[00:36:47.080,000] [1;31m<err> llss_client: refresh HTTP 502[0m
[00:36:47.080,000] [1;31m<err> llss: Token refresh error 502 — retry in 5s[0m
[00:36:52.480,000] [1;31m<err> llss_client: refresh HTTP 502[0m
[00:36:52.480,000] [1;31m<err> llss: Token refresh error 502 — retry in 5s[0m
[00:36:57.880,000] [1;31m<err> llss_client: refresh HTTP 502[0m
[00:36:57.880,000] [1;31m<err> llss: Token refresh error 502 — retry in 5s[0m
[00:37:00.540,000] [0m<inf> shtc3: SHTC3(sim): temperature=21.80 C humidity=48.70 %[0m
NETMEM up=2221s pktRX=40/40 pktTX=16/16 bufRX=160/160/m6 bufTX=80/80/m9 sysheap_free=0 alloc=0 max=0
[00:37:03.280,000] [1;31m<err> llss_client: refresh HTTP 502[0m
[00:37:03.280,000] [1;31m<err> llss: Token refresh error 502 — retry in 5s[0m
[00:37:08.680,000] [1;31m<err> llss_client: refresh HTTP 502[0m
[00:37:08.680,000] [1;31m<err> llss: Token refresh error 502 — retry in 5s[0m
[00:37:14.080,000] [1;31m<err> llss_client: refresh HTTP 502[0m
[00:37:14.080,000] [1;31m<err> llss: Token refresh error 502 — retry in 5s[0m
[00:37:19.480,000] [1;31m<err> llss_client: refresh HTTP 502[0m
[00:37:19.480,000] [1;31m<err> llss: Token refresh error 502 — retry in 5s[0m
[00:37:24.880,000] [1;31m<err> llss_client: refresh HTTP 502[0m
[00:37:24.880,000] [1;31m<err> llss: Token refresh error 502 — retry in 5s[0m
[00:37:30.280,000] [1;31m<err> llss_client: refresh HTTP 502[0m
[00:37:30.280,000] [1;31m<err> llss: Token refresh error 502 — retry in 5s[0m
NETMEM up=2251s pktRX=40/40 pktTX=16/16 bufRX=160/160/m6 bufTX=80/80/m9 sysheap_free=0 alloc=0 max=0
[00:37:35.680,000] [1;31m<err> llss_client: refresh HTTP 502[0m
[00:37:35.680,000] [1;31m<err> llss: Token refresh error 502 — retry in 5s[0m
[00:37:41.080,000] [1;31m<err> llss_client: refresh HTTP 502[0m
[00:37:41.080,000] [1;31m<err> llss: Token refresh error 502 — retry in 5s[0m
[00:37:46.480,000] [1;31m<err> llss_client: refresh HTTP 502[0m
[00:37:46.480,000] [1;31m<err> llss: Token refresh error 502 — retry in 5s[0m
[00:37:51.880,000] [1;31m<err> llss_client: refresh HTTP 502[0m
[00:37:51.880,000] [1;31m<err> llss: Token refresh error 502 — retry in 5s[0m
[00:37:57.280,000] [1;31m<err> llss_client: refresh HTTP 502[0m
[00:37:57.280,000] [1;31m<err> llss: Token refresh error 502 — retry in 5s[0m
[00:38:00.550,000] [0m<inf> shtc3: SHTC3(sim): temperature=21.95 C humidity=49.05 %[0m
NETMEM up=2281s pktRX=40/40 pktTX=16/16 bufRX=160/160/m6 bufTX=80/80/m9 sysheap_free=0 alloc=0 max=0
[00:38:02.680,000] [1;31m<err> llss_client: refresh HTTP 502[0m
[00:38:02.680,000] [1;31m<err> llss: Token refresh error 502 — retry in 5s[0m
[00:38:08.080,000] [1;31m<err> llss_client: refresh HTTP 502[0m
[00:38:08.080,000] [1;31m<err> llss: Token refresh error 502 — retry in 5s[0m
[00:38:13.480,000] [1;31m<err> llss_client: refresh HTTP 502[0m
[00:38:13.480,000] [1;31m<err> llss: Token refresh error 502 — retry in 5s[0m
[00:38:18.880,000] [1;31m<err> llss_client: refresh HTTP 502[0m
[00:38:18.880,000] [1;31m<err> llss: Token refresh error 502 — retry in 5s[0m
[00:38:24.280,000] [1;31m<err> llss_client: refresh HTTP 502[0m
[00:38:24.280,000] [1;31m<err> llss: Token refresh error 502 — retry in 5s[0m
[00:38:29.680,000] [1;31m<err> llss_client: refresh HTTP 502[0m
[00:38:29.680,000] [1;31m<err> llss: Token refresh error 502 — retry in 5s[0m
NETMEM up=2311s pktRX=40/40 pktTX=16/16 bufRX=160/160/m6 bufTX=80/80/m9 sysheap_free=0 alloc=0 max=0
[00:38:35.080,000] [1;31m<err> llss_client: refresh HTTP 502[0m
[00:38:35.080,000] [1;31m<err> llss: Token refresh error 502 — retry in 5s[0m
[00:38:40.480,000] [1;31m<err> llss_client: refresh HTTP 502[0m
[00:38:40.480,000] [1;31m<err> llss: Token refresh error 502 — retry in 5s[0m
[00:38:45.880,000] [1;31m<err> llss_client: refresh HTTP 502[0m
[00:38:45.880,000] [1;31m<err> llss: Token refresh error 502 — retry in 5s[0m
[00:38:51.280,000] [1;31m<err> llss_client: refresh HTTP 502[0m
[00:38:51.280,000] [1;31m<err> llss: Token refresh error 502 — retry in 5s[0m
[00:38:56.680,000] [1;31m<err> llss_client: refresh HTTP 502[0m
[00:38:56.680,000] [1;31m<err> llss: Token refresh error 502 — retry in 5s[0m
[00:39:00.560,000] [0m<inf> shtc3: SHTC3(sim): temperature=22.10 C humidity=49.40 %[0m
NETMEM up=2341s pktRX=40/40 pktTX=16/16 bufRX=160/160/m6 bufTX=80/80/m9 sysheap_free=0 alloc=0 max=0
[00:39:02.080,000] [1;31m<err> llss_client: refresh HTTP 502[0m
[00:39:02.080,000] [1;31m<err> llss: Token refresh error 502 — retry in 5s[0m
[00:39:07.480,000] [1;31m<err> llss_client: refresh HTTP 502[0m
[00:39:07.480,000] [1;31m<err> llss: Token refresh error 502 — retry in 5s[0m
[00:39:12.880,000] [1;31m<err> llss_client: refresh HTTP 502[0m
[00:39:12.880,000] [1;31m<err> llss: Token refresh error 502 — retry in 5s[0m
[00:39:18.280,000] [1;31m<err> llss_client: refresh HTTP 502[0m
[00:39:18.280,000] [1;31m<err> llss: Token refresh error 502 — retry in 5s[0m
[00:39:23.680,000] [1;31m<err> llss_client: refresh HTTP 502[0m
[00:39:23.680,000] [1;31m<err> llss: Token refresh error 502 — retry in 5s[0m
[00:39:29.080,000] [1;31m<err> llss_client: refresh HTTP 502[0m
[00:39:29.080,000] [1;31m<err> llss: Token refresh error 502 — retry in 5s[0m
NETMEM up=2371s pktRX=40/40 pktTX=16/16 bufRX=160/160/m6 bufTX=80/80/m9 sysheap_free=0 alloc=0 max=0
[00:39:34.480,000] [1;31m<err> llss_client: refresh HTTP 502[0m
[00:39:34.480,000] [1;31m<err> llss: Token refresh error 502 — retry in 5s[0m
[00:39:39.880,000] [1;31m<err> llss_client: refresh HTTP 502[0m
[00:39:39.880,000] [1;31m<err> llss: Token refresh error 502 — retry in 5s[0m
[00:39:45.280,000] [1;31m<err> llss_client: refresh HTTP 502[0m
[00:39:45.280,000] [1;31m<err> llss: Token refresh error 502 — retry in 5s[0m
[00:39:50.680,000] [1;31m<err> llss_client: refresh HTTP 502[0m
[00:39:50.680,000] [1;31m<err> llss: Token refresh error 502 — retry in 5s[0m
[00:39:56.080,000] [1;31m<err> llss_client: refresh HTTP 502[0m
[00:39:56.080,000] [1;31m<err> llss: Token refresh error 502 — retry in 5s[0m
[00:40:00.570,000] [0m<inf> shtc3: SHTC3(sim): temperature=22.25 C humidity=48.00 %[0m
NETMEM up=2401s pktRX=40/40 pktTX=16/16 bufRX=160/160/m6 bufTX=80/80/m9 sysheap_free=0 alloc=0 max=0
[00:40:01.480,000] [1;31m<err> llss_client: refresh HTTP 502[0m
[00:40:01.480,000] [1;31m<err> llss: Token refresh error 502 — retry in 5s[0m
[00:40:06.880,000] [1;31m<err> llss_client: refresh HTTP 502[0m
[00:40:06.880,000] [1;31m<err> llss: Token refresh error 502 — retry in 5s[0m
[00:40:12.280,000] [1;31m<err> llss_client: refresh HTTP 502[0m
[00:40:12.280,000] [1;31m<err> llss: Token refresh error 502 — retry in 5s[0m
[00:40:17.680,000] [1;31m<err> llss_client: refresh HTTP 502[0m
[00:40:17.680,000] [1;31m<err> llss: Token refresh error 502 — retry in 5s[0m
[00:40:23.140,000] [1;31m<err> llss_client: refresh HTTP 502[0m
[00:40:23.140,000] [1;31m<err> llss: Token refresh error 502 — retry in 5s[0m
[00:40:28.540,000] [1;31m<err> llss_client: refresh HTTP 502[0m
[00:40:28.540,000] [1;31m<err> llss: Token refresh error 502 — retry in 5s[0m
NETMEM up=2431s pktRX=40/40 pktTX=16/16 bufRX=160/160/m6 bufTX=80/80/m9 sysheap_free=0 alloc=0 max=0
[00:40:33.940,000] [1;31m<err> llss_client: refresh HTTP 502[0m
[00:40:33.940,000] [1;31m<err> llss: Token refresh error 502 — retry in 5s[0m
[00:40:39.340,000] [1;31m<err> llss_client: refresh HTTP 502[0m
[00:40:39.340,000] [1;31m<err> llss: Token refresh error 502 — retry in 5s[0m
[00:40:44.740,000] [1;31m<err> llss_client: refresh HTTP 502[0m
[00:40:44.740,000] [1;31m<err> llss: Token refresh error 502 — retry in 5s[0m
[00:40:50.140,000] [1;31m<err> llss_client: refresh HTTP 502[0m
[00:40:50.140,000] [1;31m<err> llss: Token refresh error 502 — retry in 5s[0m
[00:40:55.540,000] [1;31m<err> llss_client: refresh HTTP 502[0m
[00:40:55.540,000] [1;31m<err> llss: Token refresh error 502 — retry in 5s[0m
[00:41:00.580,000] [0m<inf> shtc3: SHTC3(sim): temperature=22.40 C humidity=48.35 %[0m
[00:41:00.940,000] [1;31m<err> llss_client: refresh HTTP 502[0m
[00:41:00.940,000] [1;31m<err> llss: Token refresh error 502 — retry in 5s[0m
NETMEM up=2461s pktRX=40/40 pktTX=16/16 bufRX=160/160/m6 bufTX=80/80/m9 sysheap_free=0 alloc=0 max=0
[00:41:06.340,000] [1;31m<err> llss_client: refresh HTTP 502[0m
[00:41:06.340,000] [1;31m<err> llss: Token refresh error 502 — retry in 5s[0m
[00:41:11.740,000] [1;31m<err> llss_client: refresh HTTP 502[0m
[00:41:11.740,000] [1;31m<err> llss: Token refresh error 502 — retry in 5s[0m
[00:41:17.140,000] [1;31m<err> llss_client: refresh HTTP 502[0m
[00:41:17.140,000] [1;31m<err> llss: Token refresh error 502 — retry in 5s[0m
[00:41:22.540,000] [1;31m<err> llss_client: refresh HTTP 502[0m
[00:41:22.540,000] [1;31m<err> llss: Token refresh error 502 — retry in 5s[0m
[00:41:27.940,000] [1;31m<err> llss_client: refresh HTTP 502[0m
[00:41:27.940,000] [1;31m<err> llss: Token refresh error 502 — retry in 5s[0m
NETMEM up=2491s pktRX=40/40 pktTX=16/16 bufRX=160/160/m6 bufTX=80/80/m9 sysheap_free=0 alloc=0 max=0
[00:41:33.340,000] [1;31m<err> llss_client: refresh HTTP 502[0m
[00:41:33.340,000] [1;31m<err> llss: Token refresh error 502 — retry in 5s[0m
[00:41:38.740,000] [1;31m<err> llss_client: refresh HTTP 502[0m
[00:41:38.740,000] [1;31m<err> llss: Token refresh error 502 — retry in 5s[0m
[00:41:44.200,000] [1;31m<err> llss_client: refresh HTTP 502[0m
[00:41:44.200,000] [1;31m<err> llss: Token refresh error 502 — retry in 5s[0m
[00:41:49.720,000] [1;31m<err> llss_client: refresh HTTP 502[0m
[00:41:49.720,000] [1;31m<err> llss: Token refresh error 502 — retry in 5s[0m
[00:41:55.120,000] [1;31m<err> llss_client: refresh HTTP 502[0m
[00:41:55.120,000] [1;31m<err> llss: Token refresh error 502 — retry in 5s[0m
[00:42:00.520,000] [1;31m<err> llss_client: refresh HTTP 502[0m
[00:42:00.520,000] [1;31m<err> llss: Token refresh error 502 — retry in 5s[0m
[00:42:00.590,000] [0m<inf> shtc3: SHTC3(sim): temperature=21.50 C humidity=48.70 %[0m
NETMEM up=2521s pktRX=40/40 pktTX=16/16 bufRX=160/160/m6 bufTX=80/80/m9 sysheap_free=0 alloc=0 max=0
[00:42:05.920,000] [1;31m<err> llss_client: refresh HTTP 502[0m
[00:42:05.920,000] [1;31m<err> llss: Token refresh error 502 — retry in 5s[0m
[00:42:11.320,000] [1;31m<err> llss_client: refresh HTTP 502[0m
[00:42:11.320,000] [1;31m<err> llss: Token refresh error 502 — retry in 5s[0m
[00:42:16.720,000] [1;31m<err> llss_client: refresh HTTP 502[0m
[00:42:16.720,000] [1;31m<err> llss: Token refresh error 502 — retry in 5s[0m
[00:42:22.120,000] [1;31m<err> llss_client: refresh HTTP 502[0m
[00:42:22.120,000] [1;31m<err> llss: Token refresh error 502 — retry in 5s[0m
[00:42:27.520,000] [1;31m<err> llss_client: refresh HTTP 502[0m
[00:42:27.520,000] [1;31m<err> llss: Token refresh error 502 — retry in 5s[0m
NETMEM up=2551s pktRX=40/40 pktTX=16/16 bufRX=160/160/m6 bufTX=80/80/m9 sysheap_free=0 alloc=0 max=0
[00:42:32.920,000] [1;31m<err> llss_client: refresh HTTP 502[0m
[00:42:32.920,000] [1;31m<err> llss: Token refresh error 502 — retry in 5s[0m
[00:42:38.320,000] [1;31m<err> llss_client: refresh HTTP 502[0m
[00:42:38.320,000] [1;31m<err> llss: Token refresh error 502 — retry in 5s[0m
[00:42:43.720,000] [1;31m<err> llss_client: refresh HTTP 502[0m
[00:42:43.720,000] [1;31m<err> llss: Token refresh error 502 — retry in 5s[0m
[00:42:49.120,000] [1;31m<err> llss_client: refresh HTTP 502[0m
[00:42:49.120,000] [1;31m<err> llss: Token refresh error 502 — retry in 5s[0m
[00:42:54.580,000] [1;31m<err> llss_client: refresh HTTP 502[0m
[00:42:54.580,000] [1;31m<err> llss: Token refresh error 502 — retry in 5s[0m
[00:42:59.980,000] [1;31m<err> llss_client: refresh HTTP 502[0m
[00:42:59.980,000] [1;31m<err> llss: Token refresh error 502 — retry in 5s[0m
[00:43:00.600,000] [0m<inf> shtc3: SHTC3(sim): temperature=21.65 C humidity=49.05 %[0m
NETMEM up=2581s pktRX=40/40 pktTX=16/16 bufRX=160/160/m6 bufTX=80/80/m9 sysheap_free=0 alloc=0 max=0
[00:43:05.500,000] [1;31m<err> llss_client: refresh HTTP 502[0m
[00:43:05.500,000] [1;31m<err> llss: Token refresh error 502 — retry in 5s[0m
[00:43:10.900,000] [1;31m<err> llss_client: refresh HTTP 502[0m
[00:43:10.900,000] [1;31m<err> llss: Token refresh error 502 — retry in 5s[0m
[00:43:16.300,000] [1;31m<err> llss_client: refresh HTTP 502[0m
[00:43:16.300,000] [1;31m<err> llss: Token refresh error 502 — retry in 5s[0m
[00:43:21.700,000] [1;31m<err> llss_client: refresh HTTP 502[0m
[00:43:21.700,000] [1;31m<err> llss: Token refresh error 502 — retry in 5s[0m
[00:43:27.100,000] [1;31m<err> llss_client: refresh HTTP 502[0m
[00:43:27.100,000] [1;31m<err> llss: Token refresh error 502 — retry in 5s[0m
NETMEM up=2611s pktRX=40/40 pktTX=16/16 bufRX=160/160/m6 bufTX=80/80/m9 sysheap_free=0 alloc=0 max=0
[00:43:32.500,000] [1;31m<err> llss_client: refresh HTTP 502[0m
[00:43:32.500,000] [1;31m<err> llss: Token refresh error 502 — retry in 5s[0m
[00:43:37.900,000] [1;31m<err> llss_client: refresh HTTP 502[0m
[00:43:37.900,000] [1;31m<err> llss: Token refresh error 502 — retry in 5s[0m
[00:43:43.300,000] [1;31m<err> llss_client: refresh HTTP 502[0m
[00:43:43.300,000] [1;31m<err> llss: Token refresh error 502 — retry in 5s[0m
[00:43:48.700,000] [1;31m<err> llss_client: refresh HTTP 502[0m
[00:43:48.700,000] [1;31m<err> llss: Token refresh error 502 — retry in 5s[0m
[00:43:54.100,000] [1;31m<err> llss_client: refresh HTTP 502[0m
[00:43:54.100,000] [1;31m<err> llss: Token refresh error 502 — retry in 5s[0m
[00:43:59.500,000] [1;31m<err> llss_client: refresh HTTP 502[0m
[00:43:59.500,000] [1;31m<err> llss: Token refresh error 502 — retry in 5s[0m
[00:44:00.610,000] [0m<inf> shtc3: SHTC3(sim): temperature=21.80 C humidity=49.40 %[0m
NETMEM up=2641s pktRX=40/40 pktTX=16/16 bufRX=160/160/m6 bufTX=80/80/m9 sysheap_free=0 alloc=0 max=0
[00:44:04.900,000] [1;31m<err> llss_client: refresh HTTP 502[0m
[00:44:04.900,000] [1;31m<err> llss: Token refresh error 502 — retry in 5s[0m
[00:44:10.300,000] [1;31m<err> llss_client: refresh HTTP 502[0m
[00:44:10.300,000] [1;31m<err> llss: Token refresh error 502 — retry in 5s[0m
[00:44:15.700,000] [1;31m<err> llss_client: refresh HTTP 502[0m
[00:44:15.700,000] [1;31m<err> llss: Token refresh error 502 — retry in 5s[0m
[00:44:21.100,000] [1;31m<err> llss_client: refresh HTTP 502[0m
[00:44:21.100,000] [1;31m<err> llss: Token refresh error 502 — retry in 5s[0m
[00:44:26.500,000] [1;31m<err> llss_client: refresh HTTP 502[0m
[00:44:26.500,000] [1;31m<err> llss: Token refresh error 502 — retry in 5s[0m
NETMEM up=2671s pktRX=40/40 pktTX=16/16 bufRX=160/160/m6 bufTX=80/80/m9 sysheap_free=0 alloc=0 max=0
[00:44:31.900,000] [1;31m<err> llss_client: refresh HTTP 502[0m
[00:44:31.900,000] [1;31m<err> llss: Token refresh error 502 — retry in 5s[0m
[00:44:37.300,000] [1;31m<err> llss_client: refresh HTTP 502[0m
[00:44:37.300,000] [1;31m<err> llss: Token refresh error 502 — retry in 5s[0m
[00:44:42.700,000] [1;31m<err> llss_client: refresh HTTP 502[0m
[00:44:42.700,000] [1;31m<err> llss: Token refresh error 502 — retry in 5s[0m
[00:44:48.100,000] [1;31m<err> llss_client: refresh HTTP 502[0m
[00:44:48.100,000] [1;31m<err> llss: Token refresh error 502 — retry in 5s[0m
[00:44:53.500,000] [1;31m<err> llss_client: refresh HTTP 502[0m
[00:44:53.500,000] [1;31m<err> llss: Token refresh error 502 — retry in 5s[0m
[00:44:58.900,000] [1;31m<err> llss_client: refresh HTTP 502[0m
[00:44:58.900,000] [1;31m<err> llss: Token refresh error 502 — retry in 5s[0m
[00:45:00.620,000] [0m<inf> shtc3: SHTC3(sim): temperature=21.95 C humidity=48.00 %[0m
NETMEM up=2701s pktRX=40/40 pktTX=16/16 bufRX=160/160/m6 bufTX=80/80/m9 sysheap_free=0 alloc=0 max=0
[00:45:04.300,000] [1;31m<err> llss_client: refresh HTTP 502[0m
[00:45:04.300,000] [1;31m<err> llss: Token refresh error 502 — retry in 5s[0m
[00:45:09.700,000] [1;31m<err> llss_client: refresh HTTP 502[0m
[00:45:09.700,000] [1;31m<err> llss: Token refresh error 502 — retry in 5s[0m
[00:45:15.100,000] [1;31m<err> llss_client: refresh HTTP 502[0m
[00:45:15.100,000] [1;31m<err> llss: Token refresh error 502 — retry in 5s[0m
[00:45:20.500,000] [1;31m<err> llss_client: refresh HTTP 502[0m
[00:45:20.500,000] [1;31m<err> llss: Token refresh error 502 — retry in 5s[0m
[00:45:25.900,000] [1;31m<err> llss_client: refresh HTTP 502[0m
[00:45:25.900,000] [1;31m<err> llss: Token refresh error 502 — retry in 5s[0m
NETMEM up=2731s pktRX=40/40 pktTX=16/16 bufRX=160/160/m6 bufTX=80/80/m9 sysheap_free=0 alloc=0 max=0
[00:45:31.300,000] [1;31m<err> llss_client: refresh HTTP 502[0m
[00:45:31.300,000] [1;31m<err> llss: Token refresh error 502 — retry in 5s[0m
[00:45:36.700,000] [1;31m<err> llss_client: refresh HTTP 502[0m
[00:45:36.700,000] [1;31m<err> llss: Token refresh error 502 — retry in 5s[0m
[00:45:42.100,000] [1;31m<err> llss_client: refresh HTTP 502[0m
[00:45:42.100,000] [1;31m<err> llss: Token refresh error 502 — retry in 5s[0m
[00:45:47.500,000] [1;31m<err> llss_client: refresh HTTP 502[0m
[00:45:47.500,000] [1;31m<err> llss: Token refresh error 502 — retry in 5s[0m
[00:45:52.900,000] [1;31m<err> llss_client: refresh HTTP 502[0m
[00:45:52.900,000] [1;31m<err> llss: Token refresh error 502 — retry in 5s[0m
[00:45:58.300,000] [1;31m<err> llss_client: refresh HTTP 502[0m
[00:45:58.300,000] [1;31m<err> llss: Token refresh error 502 — retry in 5s[0m
[00:46:00.630,000] [0m<inf> shtc3: SHTC3(sim): temperature=22.10 C humidity=48.35 %[0m
NETMEM up=2761s pktRX=40/40 pktTX=16/16 bufRX=160/160/m6 bufTX=80/80/m9 sysheap_free=0 alloc=0 max=0
[00:46:03.700,000] [1;31m<err> llss_client: refresh HTTP 502[0m
[00:46:03.700,000] [1;31m<err> llss: Token refresh error 502 — retry in 5s[0m
[00:46:09.100,000] [1;31m<err> llss_client: refresh HTTP 502[0m
[00:46:09.100,000] [1;31m<err> llss: Token refresh error 502 — retry in 5s[0m
[00:46:14.500,000] [1;31m<err> llss_client: refresh HTTP 502[0m
[00:46:14.500,000] [1;31m<err> llss: Token refresh error 502 — retry in 5s[0m
[00:46:19.900,000] [1;31m<err> llss_client: refresh HTTP 502[0m
[00:46:19.900,000] [1;31m<err> llss: Token refresh error 502 — retry in 5s[0m
[00:46:25.300,000] [1;31m<err> llss_client: refresh HTTP 502[0m
[00:46:25.300,000] [1;31m<err> llss: Token refresh error 502 — retry in 5s[0m
[00:46:30.700,000] [1;31m<err> llss_client: refresh HTTP 502[0m
[00:46:30.700,000] [1;31m<err> llss: Token refresh error 502 — retry in 5s[0m
NETMEM up=2791s pktRX=40/40 pktTX=16/16 bufRX=160/160/m6 bufTX=80/80/m9 sysheap_free=0 alloc=0 max=0
[00:46:36.100,000] [1;31m<err> llss_client: refresh HTTP 502[0m
[00:46:36.100,000] [1;31m<err> llss: Token refresh error 502 — retry in 5s[0m
[00:46:41.500,000] [1;31m<err> llss_client: refresh HTTP 502[0m
[00:46:41.500,000] [1;31m<err> llss: Token refresh error 502 — retry in 5s[0m
[00:46:46.900,000] [1;31m<err> llss_client: refresh HTTP 502[0m
[00:46:46.900,000] [1;31m<err> llss: Token refresh error 502 — retry in 5s[0m
[00:46:52.300,000] [1;31m<err> llss_client: refresh HTTP 502[0m
[00:46:52.300,000] [1;31m<err> llss: Token refresh error 502 — retry in 5s[0m
[00:46:57.700,000] [1;31m<err> llss_client: refresh HTTP 502[0m
[00:46:57.700,000] [1;31m<err> llss: Token refresh error 502 — retry in 5s[0m
[00:47:00.640,000] [0m<inf> shtc3: SHTC3(sim): temperature=22.25 C humidity=48.70 %[0m
NETMEM up=2821s pktRX=40/40 pktTX=16/16 bufRX=160/160/m6 bufTX=80/80/m9 sysheap_free=0 alloc=0 max=0
[00:47:03.100,000] [1;31m<err> llss_client: refresh HTTP 502[0m
[00:47:03.100,000] [1;31m<err> llss: Token refresh error 502 — retry in 5s[0m
[00:47:08.500,000] [1;31m<err> llss_client: refresh HTTP 502[0m
[00:47:08.500,000] [1;31m<err> llss: Token refresh error 502 — retry in 5s[0m
[00:47:13.900,000] [1;31m<err> llss_client: refresh HTTP 502[0m
[00:47:13.900,000] [1;31m<err> llss: Token refresh error 502 — retry in 5s[0m
[00:47:19.300,000] [1;31m<err> llss_client: refresh HTTP 502[0m
[00:47:19.300,000] [1;31m<err> llss: Token refresh error 502 — retry in 5s[0m
[00:47:24.700,000] [1;31m<err> llss_client: refresh HTTP 502[0m
[00:47:24.700,000] [1;31m<err> llss: Token refresh error 502 — retry in 5s[0m
[00:47:30.100,000] [1;31m<err> llss_client: refresh HTTP 502[0m
[00:47:30.100,000] [1;31m<err> llss: Token refresh error 502 — retry in 5s[0m
NETMEM up=2851s pktRX=40/40 pktTX=16/16 bufRX=160/160/m6 bufTX=80/80/m9 sysheap_free=0 alloc=0 max=0
[00:47:35.500,000] [1;31m<err> llss_client: refresh HTTP 502[0m
[00:47:35.500,000] [1;31m<err> llss: Token refresh error 502 — retry in 5s[0m
[00:47:40.900,000] [1;31m<err> llss_client: refresh HTTP 502[0m
[00:47:40.900,000] [1;31m<err> llss: Token refresh error 502 — retry in 5s[0m
[00:47:46.300,000] [1;31m<err> llss_client: refresh HTTP 502[0m
[00:47:46.300,000] [1;31m<err> llss: Token refresh error 502 — retry in 5s[0m
[00:47:51.700,000] [1;31m<err> llss_client: refresh HTTP 502[0m
[00:47:51.700,000] [1;31m<err> llss: Token refresh error 502 — retry in 5s[0m
[00:47:57.100,000] [1;31m<err> llss_client: refresh HTTP 502[0m
[00:47:57.100,000] [1;31m<err> llss: Token refresh error 502 — retry in 5s[0m
[00:48:00.650,000] [0m<inf> shtc3: SHTC3(sim): temperature=22.40 C humidity=49.05 %[0m
NETMEM up=2881s pktRX=40/40 pktTX=16/16 bufRX=160/160/m6 bufTX=80/80/m9 sysheap_free=0 alloc=0 max=0
[00:48:02.560,000] [1;31m<err> llss_client: refresh HTTP 502[0m
[00:48:02.560,000] [1;31m<err> llss: Token refresh error 502 — retry in 5s[0m
[00:48:07.960,000] [1;31m<err> llss_client: refresh HTTP 502[0m
[00:48:07.960,000] [1;31m<err> llss: Token refresh error 502 — retry in 5s[0m
[00:48:13.360,000] [1;31m<err> llss_client: refresh HTTP 502[0m
[00:48:13.360,000] [1;31m<err> llss: Token refresh error 502 — retry in 5s[0m
[00:48:18.760,000] [1;31m<err> llss_client: refresh HTTP 502[0m
[00:48:18.760,000] [1;31m<err> llss: Token refresh error 502 — retry in 5s[0m
[00:48:24.160,000] [1;31m<err> llss_client: refresh HTTP 502[0m
[00:48:24.160,000] [1;31m<err> llss: Token refresh error 502 — retry in 5s[0m
[00:48:29.560,000] [1;31m<err> llss_client: refresh HTTP 502[0m
[00:48:29.560,000] [1;31m<err> llss: Token refresh error 502 — retry in 5s[0m
NETMEM up=2911s pktRX=40/40 pktTX=16/16 bufRX=160/160/m6 bufTX=80/80/m9 sysheap_free=0 alloc=0 max=0
[00:48:34.960,000] [1;31m<err> llss_client: refresh HTTP 502[0m
[00:48:34.960,000] [1;31m<err> llss: Token refresh error 502 — retry in 5s[0m
[00:48:40.360,000] [1;31m<err> llss_client: refresh HTTP 502[0m
[00:48:40.360,000] [1;31m<err> llss: Token refresh error 502 — retry in 5s[0m
[00:48:45.760,000] [1;31m<err> llss_client: refresh HTTP 502[0m
[00:48:45.760,000] [1;31m<err> llss: Token refresh error 502 — retry in 5s[0m
[00:48:51.160,000] [1;31m<err> llss_client: refresh HTTP 502[0m
[00:48:51.160,000] [1;31m<err> llss: Token refresh error 502 — retry in 5s[0m
[00:48:56.560,000] [1;31m<err> llss_client: refresh HTTP 502[0m
[00:48:56.560,000] [1;31m<err> llss: Token refresh error 502 — retry in 5s[0m
[00:49:00.660,000] [0m<inf> shtc3: SHTC3(sim): temperature=21.50 C humidity=49.40 %[0m
NETMEM up=2941s pktRX=40/40 pktTX=16/16 bufRX=160/160/m6 bufTX=80/80/m9 sysheap_free=0 alloc=0 max=0
[00:49:01.960,000] [1;31m<err> llss_client: refresh HTTP 502[0m
[00:49:01.960,000] [1;31m<err> llss: Token refresh error 502 — retry in 5s[0m
[00:49:07.360,000] [1;31m<err> llss_client: refresh HTTP 502[0m
[00:49:07.360,000] [1;31m<err> llss: Token refresh error 502 — retry in 5s[0m
[00:49:12.760,000] [1;31m<err> llss_client: refresh HTTP 502[0m
[00:49:12.760,000] [1;31m<err> llss: Token refresh error 502 — retry in 5s[0m
[00:49:18.160,000] [1;31m<err> llss_client: refresh HTTP 502[0m
[00:49:18.160,000] [1;31m<err> llss: Token refresh error 502 — retry in 5s[0m
[00:49:23.620,000] [1;31m<err> llss_client: refresh HTTP 502[0m
[00:49:23.620,000] [1;31m<err> llss: Token refresh error 502 — retry in 5s[0m
[00:49:29.020,000] [1;31m<err> llss_client: refresh HTTP 502[0m
[00:49:29.020,000] [1;31m<err> llss: Token refresh error 502 — retry in 5s[0m
NETMEM up=2971s pktRX=40/40 pktTX=16/16 bufRX=160/160/m6 bufTX=80/80/m9 sysheap_free=0 alloc=0 max=0
[00:49:34.420,000] [1;31m<err> llss_client: refresh HTTP 502[0m
[00:49:34.420,000] [1;31m<err> llss: Token refresh error 502 — retry in 5s[0m
[00:49:39.820,000] [1;31m<err> llss_client: refresh HTTP 502[0m
[00:49:39.820,000] [1;31m<err> llss: Token refresh error 502 — retry in 5s[0m
[00:49:45.220,000] [1;31m<err> llss_client: refresh HTTP 502[0m
[00:49:45.220,000] [1;31m<err> llss: Token refresh error 502 — retry in 5s[0m
[00:49:50.620,000] [1;31m<err> llss_client: refresh HTTP 502[0m
[00:49:50.620,000] [1;31m<err> llss: Token refresh error 502 — retry in 5s[0m
[00:49:56.020,000] [1;31m<err> llss_client: refresh HTTP 502[0m
[00:49:56.020,000] [1;31m<err> llss: Token refresh error 502 — retry in 5s[0m
[00:50:00.670,000] [0m<inf> shtc3: SHTC3(sim): temperature=21.65 C humidity=48.00 %[0m
NETMEM up=3001s pktRX=40/40 pktTX=16/16 bufRX=160/160/m6 bufTX=80/80/m9 sysheap_free=0 alloc=0 max=0
[00:50:01.420,000] [1;31m<err> llss_client: refresh HTTP 502[0m
[00:50:01.420,000] [1;31m<err> llss: Token refresh error 502 — retry in 5s[0m
[00:50:06.820,000] [1;31m<err> llss_client: refresh HTTP 502[0m
[00:50:06.820,000] [1;31m<err> llss: Token refresh error 502 — retry in 5s[0m
[00:50:12.220,000] [1;31m<err> llss_client: refresh HTTP 502[0m
[00:50:12.220,000] [1;31m<err> llss: Token refresh error 502 — retry in 5s[0m
[00:50:17.620,000] [1;31m<err> llss_client: refresh HTTP 502[0m
[00:50:17.620,000] [1;31m<err> llss: Token refresh error 502 — retry in 5s[0m
[00:50:23.020,000] [1;31m<err> llss_client: refresh HTTP 502[0m
[00:50:23.020,000] [1;31m<err> llss: Token refresh error 502 — retry in 5s[0m
[00:50:28.420,000] [1;31m<err> llss_client: refresh HTTP 502[0m
[00:50:28.420,000] [1;31m<err> llss: Token refresh error 502 — retry in 5s[0m
NETMEM up=3031s pktRX=40/40 pktTX=16/16 bufRX=160/160/m6 bufTX=80/80/m9 sysheap_free=0 alloc=0 max=0
[00:50:33.820,000] [1;31m<err> llss_client: refresh HTTP 502[0m
[00:50:33.820,000] [1;31m<err> llss: Token refresh error 502 — retry in 5s[0m
[00:50:39.220,000] [1;31m<err> llss_client: refresh HTTP 502[0m
[00:50:39.220,000] [1;31m<err> llss: Token refresh error 502 — retry in 5s[0m
[00:50:44.620,000] [1;31m<err> llss_client: refresh HTTP 502[0m
[00:50:44.620,000] [1;31m<err> llss: Token refresh error 502 — retry in 5s[0m
[00:50:50.020,000] [1;31m<err> llss_client: refresh HTTP 502[0m
[00:50:50.020,000] [1;31m<err> llss: Token refresh error 502 — retry in 5s[0m
[00:50:55.420,000] [1;31m<err> llss_client: refresh HTTP 502[0m
[00:50:55.420,000] [1;31m<err> llss: Token refresh error 502 — retry in 5s[0m
[00:51:00.680,000] [0m<inf> shtc3: SHTC3(sim): temperature=21.80 C humidity=48.35 %[0m
[00:51:00.820,000] [1;31m<err> llss_client: refresh HTTP 502[0m
[00:51:00.820,000] [1;31m<err> llss: Token refresh error 502 — retry in 5s[0m
NETMEM up=3061s pktRX=40/40 pktTX=16/16 bufRX=160/160/m6 bufTX=80/80/m9 sysheap_free=0 alloc=0 max=0
[00:51:06.220,000] [1;31m<err> llss_client: refresh HTTP 502[0m
[00:51:06.220,000] [1;31m<err> llss: Token refresh error 502 — retry in 5s[0m
[00:51:11.620,000] [1;31m<err> llss_client: refresh HTTP 502[0m
[00:51:11.620,000] [1;31m<err> llss: Token refresh error 502 — retry in 5s[0m
[00:51:17.020,000] [1;31m<err> llss_client: refresh HTTP 502[0m
[00:51:17.020,000] [1;31m<err> llss: Token refresh error 502 — retry in 5s[0m
[00:51:22.420,000] [1;31m<err> llss_client: refresh HTTP 502[0m
[00:51:22.420,000] [1;31m<err> llss: Token refresh error 502 — retry in 5s[0m
[00:51:27.820,000] [1;31m<err> llss_client: refresh HTTP 502[0m
[00:51:27.820,000] [1;31m<err> llss: Token refresh error 502 — retry in 5s[0m
NETMEM up=3091s pktRX=40/40 pktTX=16/16 bufRX=160/160/m6 bufTX=80/80/m9 sysheap_free=0 alloc=0 max=0
[00:51:33.220,000] [1;31m<err> llss_client: refresh HTTP 502[0m
[00:51:33.220,000] [1;31m<err> llss: Token refresh error 502 — retry in 5s[0m
[00:51:38.620,000] [1;31m<err> llss_client: refresh HTTP 502[0m
[00:51:38.620,000] [1;31m<err> llss: Token refresh error 502 — retry in 5s[0m
[00:51:44.020,000] [1;31m<err> llss_client: refresh HTTP 502[0m
[00:51:44.020,000] [1;31m<err> llss: Token refresh error 502 — retry in 5s[0m
[00:51:49.420,000] [1;31m<err> llss_client: refresh HTTP 502[0m
[00:51:49.420,000] [1;31m<err> llss: Token refresh error 502 — retry in 5s[0m
[00:51:54.820,000] [1;31m<err> llss_client: refresh HTTP 502[0m
[00:51:54.820,000] [1;31m<err> llss: Token refresh error 502 — retry in 5s[0m
[00:52:00.220,000] [1;31m<err> llss_client: refresh HTTP 502[0m
[00:52:00.220,000] [1;31m<err> llss: Token refresh error 502 — retry in 5s[0m
[00:52:00.690,000] [0m<inf> shtc3: SHTC3(sim): temperature=21.95 C humidity=48.70 %[0m
NETMEM up=3121s pktRX=40/40 pktTX=16/16 bufRX=160/160/m6 bufTX=80/80/m9 sysheap_free=0 alloc=0 max=0
[00:52:05.620,000] [1;31m<err> llss_client: refresh HTTP 502[0m
[00:52:05.620,000] [1;31m<err> llss: Token refresh error 502 — retry in 5s[0m
[00:52:11.020,000] [1;31m<err> llss_client: refresh HTTP 502[0m
[00:52:11.020,000] [1;31m<err> llss: Token refresh error 502 — retry in 5s[0m
[00:52:16.420,000] [1;31m<err> llss_client: refresh HTTP 502[0m
[00:52:16.420,000] [1;31m<err> llss: Token refresh error 502 — retry in 5s[0m
[00:52:21.820,000] [1;31m<err> llss_client: refresh HTTP 502[0m
[00:52:21.820,000] [1;31m<err> llss: Token refresh error 502 — retry in 5s[0m
[00:52:27.220,000] [1;31m<err> llss_client: refresh HTTP 502[0m
[00:52:27.220,000] [1;31m<err> llss: Token refresh error 502 — retry in 5s[0m
NETMEM up=3151s pktRX=40/40 pktTX=16/16 bufRX=160/160/m6 bufTX=80/80/m9 sysheap_free=0 alloc=0 max=0
[00:52:32.680,000] [1;31m<err> llss_client: refresh HTTP 502[0m
[00:52:32.680,000] [1;31m<err> llss: Token refresh error 502 — retry in 5s[0m
[00:52:38.080,000] [1;31m<err> llss_client: refresh HTTP 502[0m
[00:52:38.080,000] [1;31m<err> llss: Token refresh error 502 — retry in 5s[0m
[00:52:43.480,000] [1;31m<err> llss_client: refresh HTTP 502[0m
[00:52:43.480,000] [1;31m<err> llss: Token refresh error 502 — retry in 5s[0m
[00:52:48.880,000] [1;31m<err> llss_client: refresh HTTP 502[0m
[00:52:48.880,000] [1;31m<err> llss: Token refresh error 502 — retry in 5s[0m
[00:52:54.280,000] [1;31m<err> llss_client: refresh HTTP 502[0m
[00:52:54.280,000] [1;31m<err> llss: Token refresh error 502 — retry in 5s[0m
[00:52:59.680,000] [1;31m<err> llss_client: refresh HTTP 502[0m
[00:52:59.680,000] [1;31m<err> llss: Token refresh error 502 — retry in 5s[0m
[00:53:00.700,000] [0m<inf> shtc3: SHTC3(sim): temperature=22.10 C humidity=49.05 %[0m
NETMEM up=3181s pktRX=40/40 pktTX=16/16 bufRX=160/160/m6 bufTX=80/80/m9 sysheap_free=0 alloc=0 max=0
[00:53:05.080,000] [1;31m<err> llss_client: refresh HTTP 502[0m
[00:53:05.080,000] [1;31m<err> llss: Token refresh error 502 — retry in 5s[0m
[00:53:10.480,000] [1;31m<err> llss_client: refresh HTTP 502[0m
[00:53:10.480,000] [1;31m<err> llss: Token refresh error 502 — retry in 5s[0m
[00:53:15.880,000] [1;31m<err> llss_client: refresh HTTP 502[0m
[00:53:15.880,000] [1;31m<err> llss: Token refresh error 502 — retry in 5s[0m
[00:53:21.280,000] [1;31m<err> llss_client: refresh HTTP 502[0m
[00:53:21.280,000] [1;31m<err> llss: Token refresh error 502 — retry in 5s[0m
[00:53:26.680,000] [1;31m<err> llss_client: refresh HTTP 502[0m
[00:53:26.680,000] [1;31m<err> llss: Token refresh error 502 — retry in 5s[0m
NETMEM up=3211s pktRX=40/40 pktTX=16/16 bufRX=160/160/m6 bufTX=80/80/m9 sysheap_free=0 alloc=0 max=0
[00:53:32.080,000] [1;31m<err> llss_client: refresh HTTP 502[0m
[00:53:32.080,000] [1;31m<err> llss: Token refresh error 502 — retry in 5s[0m
[00:53:37.480,000] [1;31m<err> llss_client: refresh HTTP 502[0m
[00:53:37.480,000] [1;31m<err> llss: Token refresh error 502 — retry in 5s[0m
[00:53:42.880,000] [1;31m<err> llss_client: refresh HTTP 502[0m
[00:53:42.880,000] [1;31m<err> llss: Token refresh error 502 — retry in 5s[0m
[00:53:48.280,000] [1;31m<err> llss_client: refresh HTTP 502[0m
[00:53:48.280,000] [1;31m<err> llss: Token refresh error 502 — retry in 5s[0m
[00:53:53.680,000] [1;31m<err> llss_client: refresh HTTP 502[0m
[00:53:53.680,000] [1;31m<err> llss: Token refresh error 502 — retry in 5s[0m
[00:53:59.080,000] [1;31m<err> llss_client: refresh HTTP 502[0m
[00:53:59.080,000] [1;31m<err> llss: Token refresh error 502 — retry in 5s[0m
[00:54:00.710,000] [0m<inf> shtc3: SHTC3(sim): temperature=22.25 C humidity=49.40 %[0m
NETMEM up=3241s pktRX=40/40 pktTX=16/16 bufRX=160/160/m6 bufTX=80/80/m9 sysheap_free=0 alloc=0 max=0
[00:54:04.480,000] [1;31m<err> llss_client: refresh HTTP 502[0m
[00:54:04.480,000] [1;31m<err> llss: Token refresh error 502 — retry in 5s[0m
[00:54:09.880,000] [1;31m<err> llss_client: refresh HTTP 502[0m
[00:54:09.880,000] [1;31m<err> llss: Token refresh error 502 — retry in 5s[0m
[00:54:15.280,000] [1;31m<err> llss_client: refresh HTTP 502[0m
[00:54:15.280,000] [1;31m<err> llss: Token refresh error 502 — retry in 5s[0m
[00:54:20.680,000] [1;31m<err> llss_client: refresh HTTP 502[0m
[00:54:20.680,000] [1;31m<err> llss: Token refresh error 502 — retry in 5s[0m
[00:54:26.080,000] [1;31m<err> llss_client: refresh HTTP 502[0m
[00:54:26.080,000] [1;31m<err> llss: Token refresh error 502 — retry in 5s[0m
NETMEM up=3271s pktRX=40/40 pktTX=16/16 bufRX=160/160/m6 bufTX=80/80/m9 sysheap_free=0 alloc=0 max=0
[00:54:31.480,000] [1;31m<err> llss_client: refresh HTTP 502[0m
[00:54:31.480,000] [1;31m<err> llss: Token refresh error 502 — retry in 5s[0m
[00:54:36.880,000] [1;31m<err> llss_client: refresh HTTP 502[0m
[00:54:36.880,000] [1;31m<err> llss: Token refresh error 502 — retry in 5s[0m
[00:54:42.340,000] [1;31m<err> llss_client: refresh HTTP 502[0m
[00:54:42.340,000] [1;31m<err> llss: Token refresh error 502 — retry in 5s[0m
[00:54:47.740,000] [1;31m<err> llss_client: refresh HTTP 502[0m
[00:54:47.740,000] [1;31m<err> llss: Token refresh error 502 — retry in 5s[0m
[00:54:53.140,000] [1;31m<err> llss_client: refresh HTTP 502[0m
[00:54:53.140,000] [1;31m<err> llss: Token refresh error 502 — retry in 5s[0m
[00:54:58.540,000] [1;31m<err> llss_client: refresh HTTP 502[0m
[00:54:58.540,000] [1;31m<err> llss: Token refresh error 502 — retry in 5s[0m
[00:55:00.720,000] [0m<inf> shtc3: SHTC3(sim): temperature=22.40 C humidity=48.00 %[0m
NETMEM up=3301s pktRX=40/40 pktTX=16/16 bufRX=160/160/m6 bufTX=80/80/m9 sysheap_free=0 alloc=0 max=0
[00:55:03.940,000] [1;31m<err> llss_client: refresh HTTP 502[0m
[00:55:03.940,000] [1;31m<err> llss: Token refresh error 502 — retry in 5s[0m
[00:55:09.340,000] [1;31m<err> llss_client: refresh HTTP 502[0m
[00:55:09.340,000] [1;31m<err> llss: Token refresh error 502 — retry in 5s[0m
[00:55:14.740,000] [1;31m<err> llss_client: refresh HTTP 502[0m
[00:55:14.740,000] [1;31m<err> llss: Token refresh error 502 — retry in 5s[0m
[00:55:20.140,000] [1;31m<err> llss_client: refresh HTTP 502[0m
[00:55:20.140,000] [1;31m<err> llss: Token refresh error 502 — retry in 5s[0m
[00:55:25.540,000] [1;31m<err> llss_client: refresh HTTP 502[0m
[00:55:25.540,000] [1;31m<err> llss: Token refresh error 502 — retry in 5s[0m
[00:55:30.940,000] [1;31m<err> llss_client: refresh HTTP 502[0m
[00:55:30.940,000] [1;31m<err> llss: Token refresh error 502 — retry in 5s[0m
NETMEM up=3331s pktRX=40/40 pktTX=16/16 bufRX=160/160/m6 bufTX=80/80/m9 sysheap_free=0 alloc=0 max=0
[00:55:36.340,000] [1;31m<err> llss_client: refresh HTTP 502[0m
[00:55:36.340,000] [1;31m<err> llss: Token refresh error 502 — retry in 5s[0m
[00:55:41.740,000] [1;31m<err> llss_client: refresh HTTP 502[0m
[00:55:41.740,000] [1;31m<err> llss: Token refresh error 502 — retry in 5s[0m
[00:55:47.140,000] [1;31m<err> llss_client: refresh HTTP 502[0m
[00:55:47.140,000] [1;31m<err> llss: Token refresh error 502 — retry in 5s[0m
[00:55:52.540,000] [1;31m<err> llss_client: refresh HTTP 502[0m
[00:55:52.540,000] [1;31m<err> llss: Token refresh error 502 — retry in 5s[0m
[00:55:57.940,000] [1;31m<err> llss_client: refresh HTTP 502[0m
[00:55:57.940,000] [1;31m<err> llss: Token refresh error 502 — retry in 5s[0m
[00:56:00.730,000] [0m<inf> shtc3: SHTC3(sim): temperature=21.50 C humidity=48.35 %[0m
NETMEM up=3361s pktRX=40/40 pktTX=16/16 bufRX=160/160/m6 bufTX=80/80/m9 sysheap_free=0 alloc=0 max=0
[00:56:03.340,000] [1;31m<err> llss_client: refresh HTTP 502[0m
[00:56:03.340,000] [1;31m<err> llss: Token refresh error 502 — retry in 5s[0m
[00:56:08.740,000] [1;31m<err> llss_client: refresh HTTP 502[0m
[00:56:08.740,000] [1;31m<err> llss: Token refresh error 502 — retry in 5s[0m
[00:56:14.140,000] [1;31m<err> llss_client: refresh HTTP 502[0m
[00:56:14.140,000] [1;31m<err> llss: Token refresh error 502 — retry in 5s[0m
[00:56:19.540,000] [1;31m<err> llss_client: refresh HTTP 502[0m
[00:56:19.540,000] [1;31m<err> llss: Token refresh error 502 — retry in 5s[0m
[00:56:24.940,000] [1;31m<err> llss_client: refresh HTTP 502[0m
[00:56:24.940,000] [1;31m<err> llss: Token refresh error 502 — retry in 5s[0m
[00:56:30.340,000] [1;31m<err> llss_client: refresh HTTP 502[0m
[00:56:30.340,000] [1;31m<err> llss: Token refresh error 502 — retry in 5s[0m
NETMEM up=3391s pktRX=40/40 pktTX=16/16 bufRX=160/160/m6 bufTX=80/80/m9 sysheap_free=0 alloc=0 max=0
[00:56:35.740,000] [1;31m<err> llss_client: refresh HTTP 502[0m
[00:56:35.740,000] [1;31m<err> llss: Token refresh error 502 — retry in 5s[0m
[00:56:41.140,000] [1;31m<err> llss_client: refresh HTTP 502[0m
[00:56:41.140,000] [1;31m<err> llss: Token refresh error 502 — retry in 5s[0m
[00:56:46.540,000] [1;31m<err> llss_client: refresh HTTP 502[0m
[00:56:46.540,000] [1;31m<err> llss: Token refresh error 502 — retry in 5s[0m
[00:56:51.940,000] [1;31m<err> llss_client: refresh HTTP 502[0m
[00:56:51.940,000] [1;31m<err> llss: Token refresh error 502 — retry in 5s[0m
[00:56:57.340,000] [1;31m<err> llss_client: refresh HTTP 502[0m
[00:56:57.340,000] [1;31m<err> llss: Token refresh error 502 — retry in 5s[0m
[00:57:00.740,000] [0m<inf> shtc3: SHTC3(sim): temperature=21.65 C humidity=48.70 %[0m
NETMEM up=3421s pktRX=40/40 pktTX=16/16 bufRX=160/160/m6 bufTX=80/80/m9 sysheap_free=0 alloc=0 max=0
[00:57:02.740,000] [1;31m<err> llss_client: refresh HTTP 502[0m
[00:57:02.740,000] [1;31m<err> llss: Token refresh error 502 — retry in 5s[0m
[00:57:08.140,000] [1;31m<err> llss_client: refresh HTTP 502[0m
[00:57:08.140,000] [1;31m<err> llss: Token refresh error 502 — retry in 5s[0m
[00:57:13.540,000] [1;31m<err> llss_client: refresh HTTP 502[0m
[00:57:13.540,000] [1;31m<err> llss: Token refresh error 502 — retry in 5s[0m
[00:57:18.940,000] [1;31m<err> llss_client: refresh HTTP 502[0m
[00:57:18.940,000] [1;31m<err> llss: Token refresh error 502 — retry in 5s[0m
[00:57:24.340,000] [1;31m<err> llss_client: refresh HTTP 502[0m
[00:57:24.340,000] [1;31m<err> llss: Token refresh error 502 — retry in 5s[0m
[00:57:29.740,000] [1;31m<err> llss_client: refresh HTTP 502[0m
[00:57:29.740,000] [1;31m<err> llss: Token refresh error 502 — retry in 5s[0m
NETMEM up=3451s pktRX=40/40 pktTX=16/16 bufRX=160/160/m6 bufTX=80/80/m9 sysheap_free=0 alloc=0 max=0
[00:57:35.140,000] [1;31m<err> llss_client: refresh HTTP 502[0m
[00:57:35.140,000] [1;31m<err> llss: Token refresh error 502 — retry in 5s[0m
[00:57:40.540,000] [1;31m<err> llss_client: refresh HTTP 502[0m
[00:57:40.540,000] [1;31m<err> llss: Token refresh error 502 — retry in 5s[0m
[00:57:45.940,000] [1;31m<err> llss_client: refresh HTTP 502[0m
[00:57:45.940,000] [1;31m<err> llss: Token refresh error 502 — retry in 5s[0m
[00:57:51.340,000] [1;31m<err> llss_client: refresh HTTP 502[0m
[00:57:51.340,000] [1;31m<err> llss: Token refresh error 502 — retry in 5s[0m
[00:57:56.740,000] [1;31m<err> llss_client: refresh HTTP 502[0m
[00:57:56.740,000] [1;31m<err> llss: Token refresh error 502 — retry in 5s[0m
[00:58:00.750,000] [0m<inf> shtc3: SHTC3(sim): temperature=21.80 C humidity=49.05 %[0m
NETMEM up=3481s pktRX=40/40 pktTX=16/16 bufRX=160/160/m6 bufTX=80/80/m9 sysheap_free=0 alloc=0 max=0
[00:58:02.140,000] [1;31m<err> llss_client: refresh HTTP 502[0m
[00:58:02.140,000] [1;31m<err> llss: Token refresh error 502 — retry in 5s[0m
[00:58:07.540,000] [1;31m<err> llss_client: refresh HTTP 502[0m
[00:58:07.540,000] [1;31m<err> llss: Token refresh error 502 — retry in 5s[0m
[00:58:12.940,000] [1;31m<err> llss_client: refresh HTTP 502[0m
[00:58:12.940,000] [1;31m<err> llss: Token refresh error 502 — retry in 5s[0m
[00:58:18.340,000] [1;31m<err> llss_client: refresh HTTP 502[0m
[00:58:18.340,000] [1;31m<err> llss: Token refresh error 502 — retry in 5s[0m
[00:58:23.740,000] [1;31m<err> llss_client: refresh HTTP 502[0m
[00:58:23.740,000] [1;31m<err> llss: Token refresh error 502 — retry in 5s[0m
[00:58:29.140,000] [1;31m<err> llss_client: refresh HTTP 502[0m
[00:58:29.140,000] [1;31m<err> llss: Token refresh error 502 — retry in 5s[0m
NETMEM up=3511s pktRX=40/40 pktTX=16/16 bufRX=160/160/m6 bufTX=80/80/m9 sysheap_free=0 alloc=0 max=0
[00:58:34.600,000] [1;31m<err> llss_client: refresh HTTP 502[0m
[00:58:34.600,000] [1;31m<err> llss: Token refresh error 502 — retry in 5s[0m
[00:58:40.000,000] [1;31m<err> llss_client: refresh HTTP 502[0m
[00:58:40.000,000] [1;31m<err> llss: Token refresh error 502 — retry in 5s[0m
[00:58:45.400,000] [1;31m<err> llss_client: refresh HTTP 502[0m
[00:58:45.400,000] [1;31m<err> llss: Token refresh error 502 — retry in 5s[0m
[00:58:50.800,000] [1;31m<err> llss_client: refresh HTTP 502[0m
[00:58:50.800,000] [1;31m<err> llss: Token refresh error 502 — retry in 5s[0m
[00:58:56.200,000] [1;31m<err> llss_client: refresh HTTP 502[0m
[00:58:56.200,000] [1;31m<err> llss: Token refresh error 502 — retry in 5s[0m
[00:59:00.760,000] [0m<inf> shtc3: SHTC3(sim): temperature=21.95 C humidity=49.40 %[0m
NETMEM up=3541s pktRX=40/40 pktTX=16/16 bufRX=160/160/m6 bufTX=80/80/m9 sysheap_free=0 alloc=0 max=0
[00:59:01.600,000] [1;31m<err> llss_client: refresh HTTP 502[0m
[00:59:01.600,000] [1;31m<err> llss: Token refresh error 502 — retry in 5s[0m
[00:59:07.000,000] [1;31m<err> llss_client: refresh HTTP 502[0m
[00:59:07.000,000] [1;31m<err> llss: Token refresh error 502 — retry in 5s[0m
[00:59:12.400,000] [1;31m<err> llss_client: refresh HTTP 502[0m
[00:59:12.400,000] [1;31m<err> llss: Token refresh error 502 — retry in 5s[0m
[00:59:17.800,000] [1;31m<err> llss_client: refresh HTTP 502[0m
[00:59:17.800,000] [1;31m<err> llss: Token refresh error 502 — retry in 5s[0m
[00:59:23.200,000] [1;31m<err> llss_client: refresh HTTP 502[0m
[00:59:23.200,000] [1;31m<err> llss: Token refresh error 502 — retry in 5s[0m
[00:59:28.600,000] [1;31m<err> llss_client: refresh HTTP 502[0m
[00:59:28.600,000] [1;31m<err> llss: Token refresh error 502 — retry in 5s[0m
NETMEM up=3571s pktRX=40/40 pktTX=16/16 bufRX=160/160/m6 bufTX=80/80/m9 sysheap_free=0 alloc=0 max=0
[00:59:34.000,000] [1;31m<err> llss_client: refresh HTTP 502[0m
[00:59:34.000,000] [1;31m<err> llss: Token refresh error 502 — retry in 5s[0m
[00:59:39.400,000] [1;31m<err> llss_client: refresh HTTP 502[0m
[00:59:39.400,000] [1;31m<err> llss: Token refresh error 502 — retry in 5s[0m
[00:59:44.800,000] [1;31m<err> llss_client: refresh HTTP 502[0m
[00:59:44.800,000] [1;31m<err> llss: Token refresh error 502 — retry in 5s[0m
[00:59:50.200,000] [1;31m<err> llss_client: refresh HTTP 502[0m
[00:59:50.200,000] [1;31m<err> llss: Token refresh error 502 — retry in 5s[0m
[00:59:55.600,000] [1;31m<err> llss_client: refresh HTTP 502[0m
[00:59:55.600,000] [1;31m<err> llss: Token refresh error 502 — retry in 5s[0m
[01:00:00.770,000] [0m<inf> shtc3: SHTC3(sim): temperature=22.10 C humidity=48.00 %[0m
[01:00:01.000,000] [1;31m<err> llss_client: refresh HTTP 502[0m
[01:00:01.000,000] [1;31m<err> llss: Token refresh error 502 — retry in 5s[0m
NETMEM up=3601s pktRX=40/40 pktTX=16/16 bufRX=160/160/m6 bufTX=80/80/m9 sysheap_free=0 alloc=0 max=0
[01:00:06.400,000] [1;31m<err> llss_client: refresh HTTP 502[0m
[01:00:06.400,000] [1;31m<err> llss: Token refresh error 502 — retry in 5s[0m
[01:00:08.040,000] [0m<inf> ntp_sync: NTP synced: 2026-06-19 14:32:18 UTC[0m
[01:00:11.800,000] [1;31m<err> llss_client: refresh HTTP 502[0m
[01:00:11.800,000] [1;31m<err> llss: Token refresh error 502 — retry in 5s[0m
[01:00:17.200,000] [1;31m<err> llss_client: refresh HTTP 502[0m
[01:00:17.200,000] [1;31m<err> llss: Token refresh error 502 — retry in 5s[0m
[01:00:22.600,000] [1;31m<err> llss_client: refresh HTTP 502[0m
[01:00:22.600,000] [1;31m<err> llss: Token refresh error 502 — retry in 5s[0m
[01:00:28.060,000] [1;31m<err> llss_client: refresh HTTP 502[0m
[01:00:28.060,000] [1;31m<err> llss: Token refresh error 502 — retry in 5s[0m
NETMEM up=3631s pktRX=40/40 pktTX=16/16 bufRX=160/160/m6 bufTX=80/80/m9 sysheap_free=0 alloc=0 max=0
[01:00:33.460,000] [1;31m<err> llss_client: refresh HTTP 502[0m
[01:00:33.460,000] [1;31m<err> llss: Token refresh error 502 — retry in 5s[0m
[01:00:38.860,000] [1;31m<err> llss_client: refresh HTTP 502[0m
[01:00:38.860,000] [1;31m<err> llss: Token refresh error 502 — retry in 5s[0m
[01:00:44.260,000] [1;31m<err> llss_client: refresh HTTP 502[0m
[01:00:44.260,000] [1;31m<err> llss: Token refresh error 502 — retry in 5s[0m
[01:00:49.780,000] [1;31m<err> llss_client: refresh HTTP 502[0m
[01:00:49.780,000] [1;31m<err> llss: Token refresh error 502 — retry in 5s[0m
[01:00:55.180,000] [1;31m<err> llss_client: refresh HTTP 502[0m
[01:00:55.180,000] [1;31m<err> llss: Token refresh error 502 — retry in 5s[0m
[01:01:00.580,000] [1;31m<err> llss_client: refresh HTTP 502[0m
[01:01:00.580,000] [1;31m<err> llss: Token refresh error 502 — retry in 5s[0m
[01:01:00.780,000] [0m<inf> shtc3: SHTC3(sim): temperature=22.25 C humidity=48.35 %[0m
NETMEM up=3661s pktRX=40/40 pktTX=16/16 bufRX=160/160/m6 bufTX=80/80/m9 sysheap_free=0 alloc=0 max=0
[01:01:05.980,000] [1;31m<err> llss_client: refresh HTTP 502[0m
[01:01:05.980,000] [1;31m<err> llss: Token refresh error 502 — retry in 5s[0m
[01:01:11.380,000] [1;31m<err> llss_client: refresh HTTP 502[0m
[01:01:11.380,000] [1;31m<err> llss: Token refresh error 502 — retry in 5s[0m
[01:01:16.780,000] [1;31m<err> llss_client: refresh HTTP 502[0m
[01:01:16.780,000] [1;31m<err> llss: Token refresh error 502 — retry in 5s[0m
[01:01:22.180,000] [1;31m<err> llss_client: refresh HTTP 502[0m
[01:01:22.180,000] [1;31m<err> llss: Token refresh error 502 — retry in 5s[0m
[01:01:27.580,000] [1;31m<err> llss_client: refresh HTTP 502[0m
[01:01:27.580,000] [1;31m<err> llss: Token refresh error 502 — retry in 5s[0m
NETMEM up=3691s pktRX=40/40 pktTX=16/16 bufRX=160/160/m6 bufTX=80/80/m9 sysheap_free=0 alloc=0 max=0
[01:01:32.980,000] [1;31m<err> llss_client: refresh HTTP 502[0m
[01:01:32.980,000] [1;31m<err> llss: Token refresh error 502 — retry in 5s[0m
[01:01:38.380,000] [1;31m<err> llss_client: refresh HTTP 502[0m
[01:01:38.380,000] [1;31m<err> llss: Token refresh error 502 — retry in 5s[0m
[01:01:43.780,000] [1;31m<err> llss_client: refresh HTTP 502[0m
[01:01:43.780,000] [1;31m<err> llss: Token refresh error 502 — retry in 5s[0m
[01:01:49.180,000] [1;31m<err> llss_client: refresh HTTP 502[0m
[01:01:49.180,000] [1;31m<err> llss: Token refresh error 502 — retry in 5s[0m
[01:01:54.580,000] [1;31m<err> llss_client: refresh HTTP 502[0m
[01:01:54.580,000] [1;31m<err> llss: Token refresh error 502 — retry in 5s[0m
[01:01:59.980,000] [1;31m<err> llss_client: refresh HTTP 502[0m
[01:01:59.980,000] [1;31m<err> llss: Token refresh error 502 — retry in 5s[0m
[01:02:00.790,000] [0m<inf> shtc3: SHTC3(sim): temperature=22.40 C humidity=48.70 %[0m
NETMEM up=3721s pktRX=40/40 pktTX=16/16 bufRX=160/160/m6 bufTX=80/80/m9 sysheap_free=0 alloc=0 max=0
[01:02:05.560,000] [1;31m<err> llss_client: refresh HTTP 502[0m
[01:02:05.560,000] [1;31m<err> llss: Token refresh error 502 — retry in 5s[0m
[01:02:10.960,000] [1;31m<err> llss_client: refresh HTTP 502[0m
[01:02:10.960,000] [1;31m<err> llss: Token refresh error 502 — retry in 5s[0m
[01:02:16.360,000] [1;31m<err> llss_client: refresh HTTP 502[0m
[01:02:16.360,000] [1;31m<err> llss: Token refresh error 502 — retry in 5s[0m
[01:02:21.760,000] [1;31m<err> llss_client: refresh HTTP 502[0m
[01:02:21.760,000] [1;31m<err> llss: Token refresh error 502 — retry in 5s[0m
[01:02:27.160,000] [1;31m<err> llss_client: refresh HTTP 502[0m
[01:02:27.160,000] [1;31m<err> llss: Token refresh error 502 — retry in 5s[0m
[01:02:30.840,000] [1;31m<err> shell_telnet: Telnet client already connected.[0m
[01:02:30.840,000] [1;31m<err> shell_telnet: Failed to send 128, shutting down[0m
NETMEM up=3751s pktRX=40/40 pktTX=16/16 bufRX=160/160/m6 bufTX=80/80/m9 sysheap_free=0 alloc=0 max=0
[01:02:32.560,000] [1;31m<err> llss_client: refresh HTTP 502[0m
[01:03:00.800,000] [0m<inf> shtc3: SHTC3(sim): temperature=21.50 C humidity=49.05 %[0m
[01:03:32.780,000] [1;31m<err> sys_wdt: WATCHDOG: would reset now — 'llss' starved (60610 ms; timeout 60000)[0m
[00:48:43.102,704] [1;33m<wrn> ntp_sync: NTP DNS resolve 'pool.ntp.org' failed: -118[0m
