/*******************************************************************************
 * Size: 240 px
 * Bpp: 2
 * Opts: --bpp 2 --size 240 --stride 1 --align 1 --font DSEG7Modern-BoldItalic.ttf --symbols 0123456789: APM.-/° --format lvgl -o dseg_bold_italic_240.c
 ******************************************************************************/

#ifdef __has_include
    #if __has_include("lvgl.h")
        #ifndef LV_LVGL_H_INCLUDE_SIMPLE
            #define LV_LVGL_H_INCLUDE_SIMPLE
        #endif
    #endif
#endif

#ifdef LV_LVGL_H_INCLUDE_SIMPLE
    #include "lvgl.h"
#else
    #include "lvgl/lvgl.h"
#endif



#ifndef DSEG_BOLD_ITALIC_240
#define DSEG_BOLD_ITALIC_240 1
#endif

#if DSEG_BOLD_ITALIC_240

/*-----------------
 *    BITMAPS
 *----------------*/

/*Store the image of the glyphs*/
static LV_ATTRIBUTE_LARGE_CONST const uint8_t glyph_bitmap[] = {
    /* U+0020 " " */

    /* U+002D "-" */
    0xf, 0xfe, 0x2d, 0xff, 0xff, 0xff, 0xfc, 0x87,
    0xff, 0x2d, 0x41, 0xff, 0xff, 0xf, 0xd6, 0x1f,
    0xfc, 0xa8, 0x3f, 0xff, 0xe1, 0xff, 0x70, 0x7f,
    0xf1, 0xe0, 0xff, 0xff, 0x87, 0xff, 0x5, 0xd0,
    0xff, 0xe2, 0x28, 0x3f, 0xff, 0xe1, 0xff, 0xc3,
    0xa0, 0x7f, 0xf0, 0xe0, 0xff, 0xff, 0x87, 0xff,
    0x15, 0x83, 0xff, 0x83, 0x7, 0xff, 0xfc, 0x3f,
    0xf8, 0xf0, 0x7f, 0xf0, 0x14, 0x1f, 0xff, 0xf0,
    0xff, 0xe3, 0x41, 0xff, 0xc1, 0x83, 0xff, 0xfe,
    0x1f, 0xfc, 0x65, 0x7, 0xff, 0x2, 0xf, 0xff,
    0xf8, 0x7f, 0xf1, 0xe0, 0xff, 0xe0, 0x28, 0x3f,
    0xff, 0xe1, 0xff, 0xc6, 0x83, 0xff, 0x83, 0x7,
    0xff, 0xfc, 0x3f, 0xf8, 0xca, 0xf, 0xfe, 0x4,
    0x1f, 0xff, 0xf0, 0xff, 0xe3, 0xc1, 0xff, 0xc0,
    0x50, 0x7f, 0xff, 0xc3, 0xff, 0x8d, 0x7, 0xff,
    0x6, 0xf, 0xff, 0xf8, 0x7f, 0xf1, 0x94, 0x1f,
    0xfc, 0xc, 0x3f, 0xff, 0xe1, 0xff, 0xc7, 0x83,
    0xff, 0x80, 0x87, 0xff, 0xfc, 0x3f, 0xf8, 0xf0,
    0x7f, 0xf0, 0x60, 0xff, 0xff, 0x87, 0xff, 0x19,
    0x41, 0xff, 0xc0, 0xc3, 0xff, 0xfe, 0x1f, 0xfc,
    0x78, 0x3f, 0xf8, 0x8, 0x7f, 0xff, 0xc3, 0xff,
    0x8f, 0x7, 0xff, 0x6, 0xf, 0xff, 0xf8, 0x7f,
    0xf1, 0x94, 0x1f, 0xfc, 0xc, 0x3f, 0xff, 0xe1,
    0xff, 0xc7, 0x83, 0xff, 0x80, 0x87, 0xff, 0xfc,
    0x3f, 0xf8, 0xf0, 0x7f, 0xf0, 0x60, 0xff, 0xff,
    0x87, 0xff, 0x19, 0x41, 0xff, 0xc0, 0xc3, 0xff,
    0xfe, 0x1f, 0xfc, 0x78, 0x3f, 0xf8, 0x30, 0x7f,
    0xff, 0xc3, 0xff, 0x8d, 0x7, 0xff, 0x9, 0xd0,
    0xff, 0xff, 0x87, 0xff, 0xd, 0x41, 0xff, 0xc4,
    0xb0, 0xff, 0xff, 0x87, 0xff, 0xa, 0xf, 0xfe,
    0x3f, 0x7, 0xff, 0xfc, 0x3f, 0xe8, 0x3f, 0xf9,
    0x2e, 0x87, 0xff, 0xfc, 0x3f, 0x28, 0x3f, 0xf8,
    0x60,

    /* U+002E "." */
    0xf, 0xfe, 0x3, 0x7d, 0x21, 0xff, 0xc9, 0xbd,
    0x21, 0x37, 0x90, 0xff, 0xe2, 0x3a, 0x1f, 0xf5,
    0xa1, 0xff, 0xc1, 0xe0, 0xff, 0xe1, 0xd0, 0x3f,
    0xec, 0x3f, 0xf8, 0xce, 0x1f, 0xd8, 0x7f, 0xf2,
    0x70, 0xfa, 0xf, 0xfe, 0x5c, 0x1c, 0xa0, 0xff,
    0xe5, 0xa1, 0xd0, 0x7f, 0xf3, 0x60, 0x90, 0xff,
    0xe7, 0x21, 0x61, 0xff, 0xcf, 0x80, 0x87, 0xff,
    0x3d, 0xf, 0xfe, 0xa2, 0x1f, 0xff, 0x4, 0x3f,
    0xfe, 0x2a, 0xf, 0xff, 0x92, 0x1f, 0xfc, 0xf4,
    0x18, 0x7f, 0xf3, 0xe0, 0x21, 0xff, 0xd3, 0x83,
    0xff, 0x9b, 0x6, 0x43, 0xff, 0x98, 0xa0, 0xec,
    0x3f, 0xf9, 0x70, 0x7d, 0x7, 0xff, 0x27, 0xf,
    0xce, 0x1f, 0xfc, 0x7c, 0x3f, 0xed, 0xf, 0xfe,
    0x1b, 0x87, 0xff, 0x6, 0xd0, 0xff, 0x9e, 0xf,
    0xfe, 0x25, 0xc8, 0x73, 0x70, 0x7f, 0x0,

    /* U+0030 "0" */
    0xf, 0xfe, 0x7b, 0x7f, 0xff, 0xff, 0xff, 0xfd,
    0x21, 0xca, 0xf, 0xfe, 0x9d, 0xc8, 0x7f, 0xff,
    0xc3, 0xff, 0xd1, 0x86, 0x69, 0x87, 0xff, 0x47,
    0x43, 0xff, 0xfe, 0x1f, 0xfe, 0xa8, 0x3a, 0xb,
    0x43, 0xff, 0x9d, 0x87, 0xff, 0xfc, 0x3f, 0xfd,
    0x88, 0x68, 0x3a, 0x43, 0xff, 0x99, 0x7, 0xff,
    0xfc, 0x3f, 0xfd, 0x98, 0x65, 0x7, 0xa0, 0xff,
    0xe6, 0x21, 0xff, 0xff, 0xf, 0xff, 0x5c, 0x1d,
    0x7, 0xe4, 0x3f, 0xf9, 0x50, 0x7f, 0xff, 0xc3,
    0xff, 0xd8, 0x86, 0x83, 0xfb, 0xf, 0xfe, 0x54,
    0x1f, 0xff, 0xf0, 0xff, 0xf5, 0xe1, 0x94, 0x1f,
    0xfd, 0x5e, 0xf, 0xff, 0xf8, 0x7f, 0xfa, 0x20,
    0xe8, 0x3f, 0xfa, 0xee, 0x87, 0xff, 0xfc, 0x3f,
    0xfc, 0xc8, 0x68, 0x3f, 0xfb, 0x54, 0xf, 0xff,
    0xf8, 0x7f, 0xf9, 0x30, 0xca, 0xf, 0xfe, 0xdb,
    0xa1, 0xff, 0xff, 0xf, 0xff, 0xc, 0x1d, 0x7,
    0xff, 0x7a, 0xc3, 0xff, 0xfe, 0x1f, 0xfe, 0x4,
    0x34, 0x1f, 0xfc, 0x1c, 0x3f, 0xf9, 0x3c, 0x1f,
    0xb8, 0x3f, 0xff, 0xe1, 0xff, 0xdd, 0xc3, 0x28,
    0x3f, 0xfb, 0xe, 0x87, 0xce, 0x87, 0xff, 0xfc,
    0x3f, 0xfb, 0x50, 0x74, 0x1f, 0xfd, 0xbb, 0xf,
    0xd6, 0x1f, 0xff, 0xf0, 0xff, 0xec, 0xa1, 0xa0,
    0xff, 0xe1, 0xa1, 0xff, 0xce, 0xe0, 0xfd, 0xc1,
    0xff, 0xff, 0xf, 0xfe, 0xb6, 0x19, 0x41, 0xff,
    0xd8, 0x43, 0xce, 0x87, 0xce, 0x87, 0xff, 0xfc,
    0x3f, 0xfa, 0x70, 0x74, 0x1f, 0xfe, 0x2b, 0xf,
    0xd4, 0xf, 0xff, 0xf8, 0x7f, 0xf4, 0x90, 0xd0,
    0x7f, 0xf9, 0x78, 0x3e, 0x74, 0x3f, 0xff, 0xe1,
    0xff, 0xcf, 0xc3, 0x28, 0x3f, 0xfb, 0x58, 0x7f,
    0xce, 0x87, 0xd6, 0x87, 0xff, 0xfc, 0x3f, 0xf9,
    0x90, 0x74, 0x1f, 0xfc, 0x54, 0x3f, 0xfa, 0xf4,
    0xf, 0xd4, 0xf, 0xff, 0xf8, 0x7f, 0xf2, 0xd0,
    0xd0, 0x7f, 0xfa, 0xdd, 0xf, 0x9d, 0xf, 0xff,
    0xf8, 0x7f, 0xf2, 0x30, 0xca, 0xf, 0xfe, 0xe2,
    0x1f, 0xfc, 0x4b, 0x43, 0xeb, 0xf, 0xff, 0xf8,
    0x7f, 0xf1, 0xa0, 0xe8, 0x3f, 0xf8, 0xf8, 0x7f,
    0xf7, 0x28, 0x1f, 0xb8, 0x3f, 0xff, 0xe1, 0xff,
    0xc4, 0x43, 0x41, 0xff, 0xf2, 0x74, 0x3e, 0x74,
    0x3f, 0xff, 0xe1, 0xff, 0xc1, 0xc3, 0x28, 0x3f,
    0xfe, 0x96, 0x1f, 0xa8, 0x1f, 0xff, 0xf0, 0xff,
    0xa0, 0xe8, 0x3f, 0xf9, 0x28, 0x7f, 0xf8, 0x78,
    0x3e, 0x78, 0x3f, 0xff, 0xe1, 0xfc, 0x86, 0x83,
    0xff, 0xbe, 0x87, 0xff, 0x35, 0xd0, 0xf9, 0xd0,
    0xff, 0xff, 0x87, 0xb0, 0xca, 0xf, 0xff, 0xdd,
    0x87, 0xea, 0x7, 0xff, 0xfc, 0x34, 0x1d, 0x7,
    0xff, 0xf9, 0xf, 0xcf, 0xff, 0xff, 0xff, 0x21,
    0xa0, 0xff, 0xf0, 0xe1, 0xff, 0xff, 0xf, 0xff,
    0x1a, 0x83, 0xff, 0xfe, 0x87, 0xff, 0xfc, 0x3f,
    0xf8, 0xb0, 0x7f, 0xf3, 0x10, 0xff, 0xff, 0x87,
    0xff, 0xe2, 0xf, 0xff, 0x1a, 0x1f, 0xff, 0xf0,
    0xff, 0xf0, 0xa8, 0x3f, 0xff, 0xe1, 0xff, 0xff,
    0xf, 0xfe, 0x34, 0x1f, 0xfc, 0xec, 0x3f, 0xff,
    0xe1, 0xff, 0xf6, 0x83, 0xff, 0xfe, 0x12, 0x1f,
    0xff, 0xf0, 0xff, 0xe1, 0x28, 0x3f, 0xf9, 0xe8,
    0x7f, 0xff, 0xc3, 0xff, 0xeb, 0x7, 0xff, 0xfc,
    0x3f, 0xff, 0xe1, 0xff, 0xc6, 0x83, 0xff, 0xcc,
    0x87, 0xff, 0x47, 0xf, 0xff, 0xf8, 0x7f, 0xff,
    0xc3, 0xff, 0xfe, 0x1f, 0xff, 0xf0, 0xff, 0xff,
    0x87, 0xff, 0xa5, 0xf, 0xff, 0x36, 0x1f, 0xfd,
    0x14, 0x3f, 0xff, 0xe1, 0xff, 0xde, 0x43, 0xff,
    0xfe, 0x1f, 0xff, 0xf0, 0xff, 0xff, 0x87, 0xff,
    0xfc, 0x3f, 0xfe, 0x28, 0x7f, 0xff, 0xc3, 0xff,
    0xf9, 0x87, 0xff, 0xfc, 0x3f, 0xff, 0xe1, 0xff,
    0xff, 0xf, 0xff, 0xf8, 0x7f, 0x21, 0xff, 0xff,
    0xe, 0x43, 0xff, 0xfe, 0x1f, 0xfd, 0xf4, 0x3f,
    0xff, 0xe1, 0xff, 0xf4, 0xc3, 0xff, 0xcc, 0x87,
    0xff, 0xfc, 0x3f, 0xff, 0xe1, 0xff, 0xe5, 0xc3,
    0xff, 0xfe, 0x1f, 0xff, 0xf0, 0xff, 0xff, 0x87,
    0xff, 0x55, 0xf, 0xff, 0x36, 0x1f, 0xfd, 0x14,
    0x3f, 0xff, 0xe1, 0xff, 0xff, 0xf, 0xff, 0xf8,
    0x7f, 0xfc, 0x90, 0xff, 0xff, 0x87, 0xff, 0xfc,
    0x3f, 0xfb, 0xa8, 0x7f, 0xff, 0xc3, 0xff, 0xf9,
    0x87, 0xff, 0xfc, 0x3f, 0xff, 0xe1, 0xff, 0xff,
    0xf, 0xff, 0xf8, 0x7f, 0x21, 0xff, 0xff, 0xe,
    0x43, 0xff, 0xfe, 0x1f, 0xfd, 0xf4, 0x3f, 0xff,
    0xe1, 0xff, 0xff, 0xf, 0xff, 0xf8, 0x7f, 0xff,
    0xc3, 0xfb, 0xf, 0xff, 0x32, 0x1f, 0xfd, 0x1c,
    0x3f, 0xff, 0xe1, 0xff, 0xff, 0xf, 0xff, 0xf8,
    0x7f, 0xff, 0xc3, 0xff, 0xfe, 0x1f, 0xfe, 0x94,
    0x3f, 0xfc, 0xd8, 0x7f, 0xf4, 0x50, 0xff, 0xff,
    0x87, 0xff, 0x79, 0xf, 0xff, 0xf8, 0x7f, 0xff,
    0xc3, 0xff, 0xfe, 0x1f, 0xff, 0xf0, 0xff, 0xf8,
    0xa1, 0xff, 0xff, 0xf, 0xff, 0xe6, 0x1f, 0xff,
    0xf0, 0xff, 0xfa, 0x21, 0xff, 0xff, 0xe, 0x43,
    0xff, 0xfe, 0x1f, 0xff, 0xf0, 0xff, 0xff, 0x87,
    0xff, 0xcd, 0xf, 0xff, 0xf8, 0x7f, 0xfd, 0x30,
    0xff, 0xf3, 0x21, 0xff, 0xd1, 0xc3, 0xff, 0xfe,
    0x1f, 0xff, 0xf0, 0xff, 0xff, 0x87, 0xff, 0xfc,
    0x3f, 0xff, 0xe1, 0xff, 0xe9, 0x43, 0xff, 0xcd,
    0x87, 0xff, 0x45, 0xf, 0xff, 0xf8, 0x7f, 0xf7,
    0x90, 0xff, 0xff, 0x87, 0xff, 0xfc, 0x3f, 0xff,
    0xe1, 0xff, 0xff, 0xf, 0xff, 0x8a, 0x1f, 0xff,
    0xf0, 0xff, 0xfe, 0x61, 0xff, 0xff, 0xf, 0xff,
    0xf8, 0x7f, 0xfe, 0x90, 0xff, 0xff, 0x87, 0xff,
    0x5, 0xf, 0xff, 0xf8, 0x7f, 0xff, 0xc3, 0xff,
    0xca, 0x87, 0xff, 0xfc, 0x3f, 0xff, 0xe1, 0xff,
    0xfa, 0xc3, 0xff, 0xfe, 0x1f, 0xfc, 0x1c, 0x3f,
    0xfc, 0xc8, 0x7f, 0xff, 0xc3, 0xff, 0xfe, 0x1f,
    0xff, 0xf0, 0xff, 0xff, 0x87, 0xff, 0xe5, 0xf,
    0xff, 0xf8, 0x7f, 0xf0, 0x50, 0xff, 0xf3, 0x61,
    0xff, 0xff, 0xf, 0xff, 0xe2, 0x1f, 0xff, 0xf0,
    0xff, 0xff, 0x87, 0xff, 0xfc, 0x3f, 0xff, 0xe1,
    0xff, 0xf1, 0x43, 0xff, 0xfe, 0x1f, 0xff, 0xcc,
    0x3f, 0xff, 0xe1, 0xff, 0xf4, 0x43, 0xff, 0xfe,
    0x1c, 0x87, 0xff, 0xfc, 0x3f, 0xff, 0xe1, 0xff,
    0xff, 0xf, 0xff, 0x9a, 0x1f, 0xfe, 0x6c, 0x3f,
    0xff, 0xe1, 0xff, 0xc1, 0xc3, 0xff, 0xcc, 0x87,
    0xff, 0xfc, 0x3f, 0xff, 0xe1, 0xff, 0xff, 0xf,
    0xff, 0xf8, 0x7f, 0xfe, 0x50, 0xff, 0xff, 0x87,
    0xff, 0x7, 0xf, 0xff, 0x36, 0x1f, 0xff, 0xf0,
    0xff, 0xef, 0xb8, 0x7f, 0xf3, 0xd0, 0xff, 0xff,
    0x87, 0xff, 0xdf, 0x83, 0xff, 0xfe, 0x1f, 0xff,
    0xf0, 0xff, 0xe3, 0xba, 0x1f, 0xfe, 0x14, 0x3f,
    0xff, 0xe1, 0xff, 0xe4, 0xb0, 0xff, 0xe5, 0x61,
    0xff, 0xff, 0xf, 0xff, 0xe7, 0x7, 0xff, 0xee,
    0xf, 0xff, 0xf8, 0x7f, 0xf2, 0x9d, 0xf, 0xff,
    0xca, 0x1f, 0xff, 0xf0, 0xff, 0xe6, 0x50, 0x3f,
    0xf8, 0xa8, 0x7f, 0xf9, 0x70, 0xff, 0xff, 0x87,
    0xff, 0x39, 0xd0, 0xff, 0xfa, 0x41, 0xff, 0xff,
    0xf, 0xfe, 0x8d, 0x87, 0xff, 0x5d, 0xf, 0xfe,
    0x7a, 0x1f, 0xff, 0xf0, 0xff, 0xe9, 0xf0, 0x7f,
    0xfc, 0x30, 0xff, 0xff, 0x87, 0xff, 0x55, 0xd0,
    0xff, 0xf6, 0xc1, 0xff, 0xff, 0xf, 0xfe, 0xc5,
    0x87, 0xff, 0x4b, 0xf, 0xfe, 0x6a, 0x1f, 0xff,
    0xf0, 0xff, 0xed, 0x70, 0x79, 0xf, 0xff, 0x16,
    0x1f, 0xff, 0xf0, 0xff, 0xe9, 0x5c, 0x1f, 0x3a,
    0x1f, 0xfe, 0x68, 0x3f, 0xff, 0xe1, 0xff, 0xd2,
    0x50, 0xe8, 0x7d, 0x40, 0xb0, 0xff, 0xe4, 0xa1,
    0xff, 0xcb, 0x43, 0xff, 0xfe, 0x1f, 0xfd, 0x28,
    0x35, 0x3, 0xe7, 0x43, 0xff, 0xc5, 0x87, 0xff,
    0xfc, 0x3f, 0xfa, 0x50, 0x79, 0xd0, 0xfa, 0xd0,
    0xff, 0xef, 0xc1, 0xff, 0xff, 0xf, 0xfe, 0x92,
    0x83, 0xf5, 0x87, 0xff, 0x4b, 0x43, 0xff, 0x90,
    0x87, 0xff, 0xfc, 0x3f, 0xfa, 0x50, 0x7f, 0xdc,
    0x1f, 0xfd, 0x1b, 0xf, 0xfe, 0x36, 0x1f, 0xff,
    0xf0, 0xff, 0xe9, 0x41, 0xff, 0xc1, 0x74, 0x3f,
    0xfa, 0x3c, 0x1f, 0xfc, 0x38, 0x3f, 0xff, 0xe1,
    0xff, 0xd2, 0x50, 0x7f, 0xf0, 0xe8, 0x1f, 0xfd,
    0x17, 0x43, 0xff, 0x82, 0x87, 0xff, 0xfc, 0x3f,
    0xfa, 0x50, 0x7f, 0xf1, 0x5d, 0xf, 0xfe, 0x8d,
    0x3, 0xfe, 0xc3, 0xff, 0xfe, 0x1f, 0xfd, 0x28,
    0x3f, 0xf9, 0x14, 0xf, 0xfe, 0x4a, 0x1f, 0x3a,
    0x1f, 0xa0, 0xff, 0xff, 0x87, 0xff, 0x49, 0x41,
    0xff, 0xdf, 0xf2, 0x1f, 0x5a, 0x1e, 0x43, 0xff,
    0xfe, 0x1f, 0xfd, 0x28, 0x3f, 0xfc, 0x56, 0x1f,
    0xa8, 0x1b, 0xf, 0xff, 0xf8, 0x7f, 0xf4, 0xa0,
    0xff, 0xf0, 0xa1, 0x70, 0x7c, 0xe9, 0x7, 0xff,
    0xfc, 0x3f, 0xfa, 0x4a, 0xf, 0xfe, 0x5e, 0x1f,
    0xfc, 0xe7, 0x43, 0xeb, 0x43, 0xff, 0xfe, 0x1f,
    0xfd, 0x28, 0x3f, 0xfd, 0x34, 0xf, 0xff, 0xf8,
    0x7f, 0xf6, 0xa0, 0xff, 0xf5, 0xba, 0x1f, 0xff,
    0xf0, 0xff, 0xeb, 0xa8, 0x3f, 0xf9, 0xa8, 0x7f,
    0xf4, 0xec, 0x3f, 0xff, 0xe1, 0xff, 0xd6, 0x83,
    0xff, 0xe1, 0xc1, 0xff, 0xff, 0xf, 0xfe, 0x9c,
    0x1f, 0xfe, 0x44, 0x3f, 0xf8, 0x2e, 0x87, 0xff,
    0xfc, 0x3f, 0xfa, 0xa, 0xf, 0xff, 0xa5, 0x87,
    0xff, 0xfc, 0x3f, 0xf9, 0xf0, 0x7f, 0xfd, 0xf8,
    0x3f, 0xff, 0xe1, 0xff, 0xcc, 0x83, 0xff, 0xcd,
    0x87, 0xff, 0x19, 0xd0, 0xff, 0xff, 0x87, 0xff,
    0x29, 0xf, 0xfe, 0x82, 0x1f, 0xfd, 0xeb, 0xf,
    0xff, 0xf8, 0x7f, 0xff, 0xc3, 0xff, 0x91, 0xc1,
    0xff, 0xff, 0xf, 0xff, 0xd2, 0x1f, 0xfc, 0xb7,
    0x43, 0xff, 0xfe, 0x1f, 0xfe, 0x2c, 0x3f, 0xfc,
    0x74, 0xf, 0xff, 0xf8, 0x7f, 0xf0, 0xd0, 0xff,
    0xff, 0x84, 0xe8, 0x7f, 0xff, 0xc3, 0xff, 0xfe,
    0x1f, 0xfc, 0x7c, 0x3f, 0xff, 0xe1, 0xff, 0xdf,
    0x43, 0xff, 0xcd, 0x87, 0xff, 0xfc, 0x3f, 0xf8,
    0x38, 0x7f, 0xf9, 0x90, 0xff, 0xff, 0x87, 0xff,
    0xfc, 0x3f, 0xff, 0xe1, 0xff, 0xff, 0xf, 0xff,
    0xca, 0x1f, 0xff, 0xf0, 0xff, 0xe0, 0xa1, 0xff,
    0xe6, 0xc3, 0xff, 0xfe, 0x1f, 0xff, 0xf0, 0xff,
    0xff, 0x87, 0xff, 0xfc, 0x3f, 0xf8, 0xa8, 0x7f,
    0xff, 0xc3, 0xff, 0xfe, 0x1f, 0xfd, 0xd4, 0x3f,
    0xff, 0xe1, 0xff, 0xfc, 0xc3, 0xff, 0xcc, 0x87,
    0xff, 0xfc, 0x3f, 0xf8, 0x28, 0x7f, 0xff, 0xc3,
    0xff, 0xfe, 0x1f, 0xff, 0xf0, 0xff, 0xff, 0x87,
    0xff, 0xe5, 0xf, 0xff, 0x36, 0x1f, 0xff, 0xf0,
    0xff, 0xe0, 0xe1, 0xff, 0xff, 0xf, 0xff, 0xf8,
    0x7f, 0xfe, 0x90, 0xff, 0xff, 0x87, 0xff, 0xfc,
    0x3f, 0xfc, 0xa8, 0x7f, 0xff, 0xc3, 0xff, 0x82,
    0x87, 0xff, 0xfc, 0x3f, 0xff, 0xe1, 0xff, 0xfa,
    0xc3, 0xff, 0xfe, 0x1f, 0xff, 0xc4, 0x3f, 0xff,
    0xe1, 0xff, 0xff, 0xf, 0xff, 0xf8, 0x7f, 0xff,
    0xc3, 0xff, 0xe2, 0x87, 0xff, 0x41, 0xf, 0xff,
    0xf8, 0x7f, 0xf0, 0x50, 0xff, 0xe8, 0xe1, 0xff,
    0xff, 0xf, 0xff, 0xf8, 0x7f, 0xff, 0xc3, 0xff,
    0xfe, 0x1f, 0xff, 0xf0, 0xff, 0xe1, 0xe1, 0xff,
    0xff, 0xf, 0xfe, 0xe, 0x1f, 0xfd, 0x14, 0x3f,
    0xff, 0xe1, 0xff, 0xff, 0xf, 0xfe, 0xe2, 0x1f,
    0xff, 0xf0, 0xff, 0xff, 0x87, 0xff, 0x95, 0xf,
    0xff, 0xf8, 0x7f, 0xf0, 0x50, 0xff, 0xff, 0x87,
    0xff, 0xfc, 0x3f, 0xff, 0x58, 0x7f, 0xff, 0xc3,
    0xff, 0xfe, 0x1f, 0xff, 0xf0, 0xff, 0xff, 0x87,
    0xff, 0x15, 0xf, 0xff, 0xf8, 0x7f, 0xff, 0xc3,
    0xff, 0xba, 0x87, 0xff, 0xfc, 0x3f, 0xff, 0x98,
    0x7f, 0xf9, 0x90, 0xff, 0xff, 0x87, 0xff, 0x5,
    0xf, 0xff, 0xf8, 0x7f, 0xff, 0xc3, 0xff, 0xfe,
    0x1f, 0xff, 0xf0, 0xff, 0xed, 0xe1, 0xff, 0xd1,
    0x43, 0xff, 0xcd, 0x87, 0xff, 0xfc, 0x3f, 0xff,
    0xe1, 0xff, 0xff, 0xf, 0xff, 0xf8, 0x7f, 0x21,
    0xff, 0xd1, 0x43, 0xff, 0xfe, 0x1f, 0xfc, 0x14,
    0x3f, 0xff, 0xe1, 0xff, 0xff, 0xf, 0xff, 0xf8,
    0x7f, 0xff, 0xc3, 0xff, 0xfe, 0x1f, 0xfc, 0x3c,
    0x3f, 0xff, 0xe1, 0xff, 0xfc, 0x43, 0xff, 0xfe,
    0x1f, 0xff, 0xf0, 0xff, 0xee, 0xa1, 0xff, 0xff,
    0xf, 0xff, 0xf8, 0x7f, 0xf9, 0x10, 0xff, 0xff,
    0x87, 0xff, 0x5, 0xf, 0xfe, 0x8e, 0x1f, 0xff,
    0xf0, 0xff, 0xff, 0x87, 0xff, 0xfc, 0x3f, 0xff,
    0xe1, 0xff, 0xff, 0xf, 0xfe, 0x1e, 0x1f, 0xff,
    0xf0, 0xff, 0xe0, 0xe1, 0xff, 0xd1, 0x43, 0xff,
    0xfe, 0x1f, 0xff, 0xf0, 0xff, 0xee, 0x21, 0xff,
    0xff, 0xf, 0xfe, 0xfa, 0x1f, 0xff, 0xf0, 0xe4,
    0x3f, 0xff, 0xe1, 0xff, 0xff, 0xf, 0xff, 0xf8,
    0x7f, 0xff, 0xc3, 0xfb, 0xf, 0xff, 0xf8, 0x7f,
    0xff, 0xc3, 0xff, 0xfe, 0x1f, 0xff, 0xf0, 0xff,
    0xe2, 0xa1, 0xff, 0xff, 0xf, 0xff, 0xf8, 0x7f,
    0xf7, 0x50, 0xff, 0xe8, 0x21, 0xff, 0xff, 0xf,
    0xfe, 0xa, 0x1f, 0xfd, 0x1c, 0x3f, 0xff, 0xe1,
    0xff, 0xff, 0xf, 0xff, 0xf8, 0x7f, 0xff, 0xc3,
    0xff, 0xfe, 0x1f, 0xfc, 0x3c, 0x3f, 0xff, 0xe1,
    0xff, 0xc1, 0xc3, 0xff, 0xa2, 0x87, 0xff, 0xfc,
    0x3f, 0xff, 0xe1, 0xff, 0xfa, 0x43, 0xff, 0xfe,
    0x1f, 0xff, 0x44, 0x3f, 0xfa, 0x8, 0x7f, 0xff,
    0xc3, 0xff, 0x84, 0x87, 0xff, 0xfc, 0x34, 0x1f,
    0xff, 0xf0, 0xff, 0xfa, 0xe1, 0xff, 0xcf, 0x83,
    0xff, 0xfe, 0x1f, 0xff, 0xf0, 0xff, 0xe3, 0x28,
    0x3f, 0xff, 0xe1, 0xff, 0xe0, 0x43, 0xff, 0xc9,
    0x7, 0xff, 0xfc, 0x3f, 0xfe, 0xe8, 0x7f, 0xf3,
    0x60, 0xff, 0xff, 0x87, 0xff, 0x11, 0xf, 0xff,
    0xf8, 0xa0, 0xff, 0xff, 0x87, 0xff, 0x8b, 0xf,
    0xff, 0x14, 0x1f, 0xff, 0xf0, 0xff, 0xff, 0x87,
    0xff, 0x1a, 0xf, 0xff, 0xf8, 0x7f, 0xf1, 0xb0,
    0xff, 0xff, 0x28, 0x35, 0xff, 0xff, 0xff, 0xc1,
    0xfd, 0x7, 0xff, 0x45, 0xf, 0xff, 0x4, 0x19,
    0x41, 0xff, 0xff, 0xd, 0xc1, 0xfb, 0x83, 0xff,
    0xc8, 0x87, 0xff, 0x2a, 0xe, 0x83, 0xff, 0xfe,
    0x1e, 0x74, 0x3e, 0x74, 0x3f, 0xff, 0xa, 0xd,
    0x7, 0xff, 0xfc, 0x3f, 0xac, 0x3f, 0x50, 0x3f,
    0xfe, 0xf0, 0x65, 0x7, 0xff, 0xfc, 0x3f, 0xee,
    0xf, 0x9d, 0xf, 0xfe, 0xfe, 0x1f, 0xfc, 0x88,
    0x3a, 0xf, 0xff, 0xf8, 0x7f, 0xf0, 0x5d, 0xf,
    0xad, 0xf, 0xff, 0x8a, 0x83, 0x41, 0xff, 0xff,
    0xf, 0xfe, 0x25, 0x3, 0xf5, 0x3, 0xff, 0x8c,
    0x87, 0xff, 0x76, 0xc, 0xa0, 0xff, 0xff, 0x87,
    0xff, 0x15, 0xd0, 0xf9, 0xd0, 0xff, 0xed, 0x21,
    0xff, 0xc6, 0x83, 0xa0, 0xff, 0xff, 0x87, 0xff,
    0x22, 0xd0, 0xfa, 0xc3, 0xff, 0x87, 0x87, 0xff,
    0x6d, 0x41, 0xa0, 0xff, 0xff, 0x87, 0xff, 0x2e,
    0x81, 0xfb, 0x83, 0xff, 0xd3, 0x6, 0x50, 0x7f,
    0xff, 0xc3, 0xff, 0x98, 0xe8, 0x7c, 0xe8, 0x7f,
    0xf9, 0xa0, 0xe8, 0x3f, 0xff, 0xe1, 0xff, 0xcf,
    0xb0, 0xfd, 0x40, 0xff, 0x21, 0xff, 0xd9, 0x50,
    0x68, 0x3f, 0xff, 0xe1, 0xff, 0xd2, 0xe0, 0xf9,
    0xe0, 0xff, 0xe8, 0xa1, 0xff, 0xc4, 0x83, 0x28,
    0x3f, 0xff, 0xe1, 0xff, 0xd3, 0x74, 0x3e, 0x74,
    0x3f, 0xfb, 0xf0, 0x74, 0x1f, 0xff, 0xf0, 0xff,
    0xeb, 0x50, 0x3f, 0x50, 0x3f, 0xfb, 0xaa, 0xd,
    0x7, 0xff, 0xfc, 0x3f, 0xfb, 0xe, 0x87, 0xce,
    0x87, 0xff, 0x33, 0xf, 0xfe, 0x14, 0x19, 0x41,
    0xff, 0xff, 0xf, 0xfe, 0xd5, 0xa1, 0xf5, 0x87,
    0xff, 0x66, 0xe, 0x83, 0xff, 0xfe, 0x1f, 0xfd,
    0xda, 0x7, 0xef, 0x7, 0xff, 0x59, 0x41, 0xa0,
    0xff, 0xff, 0x87, 0xff, 0x7d, 0xd0, 0xff, 0xe8,
    0xa1, 0xff, 0xc0, 0x83, 0x28, 0x3f, 0xff, 0xe1,
    0xff, 0xe1, 0xb0, 0xff, 0xee, 0x41, 0xd0, 0x7f,
    0xff, 0xc3, 0xff, 0xc9, 0xc1, 0xff, 0xd9, 0x50,
    0x68, 0x3f, 0xff, 0xe1, 0xff, 0xe6, 0x74, 0x3f,
    0xfa, 0xf0, 0x65, 0x7, 0xff, 0xfc, 0x3f, 0xfd,
    0x14, 0xf, 0xfe, 0x5a, 0x1f, 0xd0, 0x74, 0x1f,
    0xff, 0xf0, 0xff, 0xf5, 0x30, 0x7f, 0xf2, 0xb0,
    0xfc, 0xa0, 0xd0, 0x7f, 0xff, 0xc3, 0xff, 0xd9,
    0x7, 0xff, 0x29, 0xf, 0xd0, 0x65, 0x7, 0xff,
    0xfc, 0x3f, 0xfd, 0x70, 0x7f, 0xf3, 0x20, 0xf4,
    0x1d, 0x7, 0xff, 0xfc, 0x3f, 0xfd, 0x6a, 0xf,
    0xfe, 0x63, 0x6, 0x50, 0x68, 0x3f, 0xff, 0xe1,
    0xff, 0xeb, 0x60, 0xff, 0xe7, 0x3a, 0x8, 0x32,
    0x83, 0xff, 0xfe, 0x1f, 0xfe, 0xaa, 0x7, 0xff,
    0x46, 0xe0, 0xe8, 0x3f, 0xff, 0xe1, 0xff, 0xe8,
    0x6d, 0xf, 0xfe, 0x68,

    /* U+0031 "1" */
    0xf, 0xfe, 0xef, 0x7, 0xff, 0x8a, 0x1e, 0xf,
    0xff, 0x2, 0x13, 0x7, 0xff, 0x7b, 0xe, 0x50,
    0x7f, 0xf7, 0x20, 0xfa, 0xf, 0xfe, 0xe2, 0x1f,
    0x90, 0xff, 0xed, 0x61, 0xfd, 0x87, 0xff, 0x66,
    0xf, 0xff, 0x22, 0x1f, 0xfe, 0x3c, 0x3f, 0xfc,
    0x70, 0x7f, 0xf9, 0x10, 0xff, 0xf1, 0xe1, 0xff,
    0xc1, 0xc3, 0xff, 0xab, 0x7, 0xff, 0x91, 0xf,
    0xfe, 0x12, 0x1f, 0xfd, 0x4c, 0x3f, 0xfc, 0x70,
    0x7f, 0xf9, 0x10, 0xff, 0xf1, 0xe1, 0xff, 0xe3,
    0x83, 0xff, 0xc8, 0x87, 0xff, 0x15, 0xf, 0xfe,
    0x8e, 0x1f, 0xfe, 0x38, 0x3f, 0xfc, 0x6a, 0xf,
    0xfe, 0x3e, 0x1f, 0xfc, 0xf8, 0x3f, 0xfc, 0x70,
    0x7f, 0xf8, 0xd4, 0x1f, 0xfc, 0x94, 0x3f, 0xf9,
    0xb0, 0x7f, 0xf8, 0xe0, 0xff, 0xf1, 0xa8, 0x3f,
    0xfc, 0x70, 0x7f, 0xf8, 0xe0, 0xff, 0xe6, 0x21,
    0xff, 0xca, 0x50, 0x7f, 0xf8, 0xe0, 0xff, 0xf1,
    0xc1, 0xff, 0xce, 0xc3, 0xff, 0x90, 0xa0, 0xff,
    0xf1, 0xc1, 0xff, 0xe3, 0x83, 0xff, 0xa0, 0x87,
    0xff, 0x19, 0x41, 0xff, 0xe3, 0xc3, 0xff, 0xfe,
    0x1f, 0xfc, 0xa4, 0x3f, 0xff, 0xe1, 0xff, 0xe7,
    0x43, 0xff, 0xfe, 0x1f, 0xff, 0xbc, 0x3f, 0xf8,
    0xc8, 0x7f, 0xff, 0xc3, 0xff, 0xd0, 0x87, 0xff,
    0x1b, 0xf, 0xff, 0xf8, 0x7f, 0xfe, 0xd0, 0xff,
    0xff, 0x81, 0xf, 0xff, 0xf8, 0x7f, 0xfe, 0xf0,
    0xff, 0xfb, 0xa1, 0xff, 0xff, 0x9, 0xf, 0xff,
    0xbe, 0x1f, 0xff, 0xf0, 0xff, 0xe5, 0x21, 0xff,
    0xff, 0xf, 0xff, 0x3a, 0x1f, 0xff, 0xf0, 0xff,
    0xfd, 0xe1, 0xff, 0xc6, 0x43, 0xff, 0xfe, 0x12,
    0x1f, 0xff, 0x7c, 0x3f, 0xff, 0xe1, 0xff, 0xfb,
    0x43, 0xff, 0xfe, 0x4, 0x3f, 0xff, 0xe1, 0xff,
    0xfb, 0xc3, 0xff, 0xee, 0x87, 0xff, 0xfc, 0x24,
    0x3f, 0xfe, 0xf8, 0x7f, 0xff, 0xc3, 0xff, 0x94,
    0x87, 0xff, 0xfc, 0x3f, 0xfc, 0xe8, 0x7f, 0xff,
    0xc3, 0xff, 0x95, 0x87, 0xff, 0xdd, 0xf, 0xff,
    0xf8, 0x48, 0x7f, 0xfd, 0xf0, 0xff, 0xff, 0x87,
    0xff, 0xee, 0xf, 0xff, 0x2f, 0x7, 0xff, 0x39,
    0xf, 0xfe, 0x4b, 0xa1, 0xff, 0xe4, 0xa0, 0x7f,
    0xf9, 0x1d, 0xf, 0xfe, 0x4e, 0x1f, 0xfc, 0xeb,
    0xf, 0xff, 0x2f, 0x7, 0xff, 0x91, 0xd0, 0xff,
    0xe2, 0x21, 0xff, 0xd3, 0xa0, 0x7f, 0xf9, 0x1e,
    0xf, 0xff, 0x23, 0xa1, 0xff, 0xe4, 0xa0, 0x7f,
    0xf9, 0x1d, 0xf, 0x90, 0xff, 0xea, 0x21, 0xf5,
    0x87, 0xff, 0x6b, 0xb0, 0xfd, 0xc1, 0xff, 0xd7,
    0x42, 0xe0, 0xf9, 0xd0, 0x61, 0xff, 0xd2, 0x83,
    0x3a, 0x1f, 0x50, 0x3f, 0xfa, 0x78, 0x7d, 0x40,
    0xf9, 0xd0, 0xff, 0xe8, 0x21, 0xfc, 0xe8, 0x7f,
    0xf6, 0x20, 0xff, 0xac, 0x3f, 0xfa, 0xd8, 0x7f,
    0xf0, 0xb8, 0x3f, 0xfa, 0x68, 0x7f, 0xf1, 0x1d,
    0xf, 0xfe, 0x8c, 0x1f, 0xfc, 0x6a, 0x7, 0xff,
    0x3f, 0xf, 0xfe, 0x43, 0x87, 0xff, 0x35, 0xf,
    0xfe, 0x52, 0x1f, 0xfc, 0xd8, 0x3f, 0xfc, 0x78,
    0x7f, 0xf8, 0xd0, 0xff, 0xe6, 0x61, 0xff, 0xcb,
    0x83, 0xff, 0xc7, 0x87, 0xff, 0x8d, 0xf, 0xfe,
    0x72, 0x1f, 0xfc, 0x98, 0x3f, 0xfc, 0x78, 0x7f,
    0xf8, 0xd0, 0xff, 0xf2, 0x41, 0xff, 0xe3, 0x83,
    0xff, 0xc8, 0x87, 0xff, 0x41, 0xf, 0xff, 0xf8,
    0x7f, 0xfe, 0xf0, 0xff, 0xe3, 0x21, 0xff, 0xff,
    0xf, 0xff, 0x42, 0x1f, 0xfc, 0x6c, 0x3f, 0xff,
    0xe1, 0xff, 0xca, 0x43, 0xff, 0xfe, 0x1f, 0xfe,
    0x74, 0x3f, 0xff, 0xe1, 0xff, 0xfb, 0xc3, 0xff,
    0x8c, 0x87, 0xff, 0xfc, 0x3f, 0xfd, 0x8, 0x7f,
    0xf1, 0xb0, 0xff, 0xff, 0x87, 0xff, 0xed, 0xf,
    0xff, 0xf8, 0x7f, 0xf9, 0xd0, 0xff, 0xff, 0x87,
    0xff, 0x75, 0xf, 0xfe, 0x8e, 0x1f, 0xff, 0xf0,
    0xff, 0xee, 0xe1, 0xff, 0xd1, 0x43, 0xff, 0xfe,
    0x1f, 0xfd, 0xd4, 0x3f, 0xff, 0xe1, 0xff, 0xe7,
    0x43, 0xff, 0xfe, 0x1f, 0xff, 0xbc, 0x3f, 0xf8,
    0xc8, 0x7f, 0xff, 0xc3, 0xff, 0x95, 0x87, 0xff,
    0x45, 0xf, 0xff, 0xf8, 0x7f, 0xf7, 0x50, 0xff,
    0xff, 0x87, 0xff, 0xfc, 0x3f, 0xf9, 0xa8, 0x7f,
    0xff, 0xc3, 0xff, 0xba, 0x87, 0xff, 0x47, 0xf,
    0xff, 0xf8, 0x7f, 0xf7, 0x70, 0xff, 0xe8, 0xa1,
    0xff, 0xf7, 0x43, 0xff, 0xfe, 0x1f, 0xff, 0xf0,
    0xff, 0xff, 0x21, 0xff, 0xf7, 0x43, 0xff, 0xa3,
    0x87, 0xff, 0xfc, 0x3f, 0xfb, 0xb8, 0x7f, 0xf4,
    0x50, 0xff, 0xff, 0x87, 0xff, 0x75, 0xf, 0xff,
    0xf8, 0x7f, 0xff, 0xc3, 0xff, 0x9a, 0x87, 0xff,
    0xdd, 0xf, 0xff, 0xf8, 0x58, 0x7f, 0xfd, 0xf0,
    0xff, 0xf2, 0x41, 0xff, 0xd1, 0x43, 0xff, 0x8f,
    0xc1, 0xff, 0xe4, 0x74, 0x3f, 0xfc, 0x94, 0xf,
    0xff, 0x23, 0xa1, 0xff, 0xe4, 0xb4, 0x3f, 0xfc,
    0x94, 0xf, 0xfe, 0x32, 0x1f, 0xfd, 0x17, 0x43,
    0xff, 0xc9, 0x61, 0xff, 0xc3, 0xc3, 0xff, 0xab,
    0xc1, 0xff, 0xe4, 0x74, 0x3f, 0xfc, 0x94, 0xf,
    0xf2, 0x1f, 0xfd, 0x97, 0x83, 0xff, 0xc8, 0xe8,
    0x7f, 0xf9, 0x28, 0x1f, 0xfe, 0x47, 0x43, 0xff,
    0xc9, 0x61, 0xff, 0xe5, 0xf0, 0x7f, 0xf2, 0x0,

    /* U+0032 "2" */
    0xf, 0xfe, 0x7b, 0x7f, 0xff, 0xff, 0xff, 0xfd,
    0x21, 0xd2, 0x1f, 0xfd, 0x3b, 0x90, 0xff, 0xff,
    0x87, 0xff, 0xa3, 0xc, 0xab, 0x43, 0xff, 0xa1,
    0xa1, 0xff, 0xff, 0xf, 0xff, 0x54, 0x1d, 0x5,
    0x40, 0xff, 0xe7, 0x61, 0xff, 0xff, 0xf, 0xff,
    0x62, 0x1b, 0xe, 0x50, 0x7f, 0xf3, 0x20, 0xff,
    0xff, 0x87, 0xff, 0xb3, 0xc, 0x87, 0xd0, 0x7f,
    0xf3, 0x10, 0xff, 0xff, 0x87, 0xff, 0xae, 0xe,
    0x83, 0xf2, 0x1f, 0xfc, 0xa8, 0x3f, 0xff, 0xe1,
    0xff, 0xec, 0x43, 0x61, 0xfd, 0x87, 0xff, 0x2a,
    0xf, 0xff, 0xf8, 0x7f, 0xfa, 0xf0, 0xc8, 0x7f,
    0xf5, 0xb8, 0x3f, 0xff, 0xe1, 0xff, 0xe8, 0x83,
    0xa0, 0xff, 0xeb, 0xba, 0x1f, 0xff, 0xf0, 0xff,
    0xf3, 0x21, 0xb0, 0xff, 0xed, 0x50, 0x3f, 0xff,
    0xe1, 0xff, 0xe4, 0xc3, 0x21, 0xff, 0xdc, 0x74,
    0x3f, 0xff, 0xe1, 0xff, 0xe1, 0x83, 0xa0, 0xff,
    0xef, 0x58, 0x7f, 0xff, 0xc3, 0xff, 0xc0, 0x86,
    0xc3, 0xff, 0x83, 0x87, 0xff, 0x4f, 0x83, 0xff,
    0xfe, 0x1f, 0xfd, 0xdc, 0x32, 0x1f, 0xfe, 0x37,
    0x43, 0xff, 0xfe, 0x1f, 0xfd, 0xa8, 0x3a, 0xf,
    0xff, 0x2d, 0x87, 0xff, 0xfc, 0x3f, 0xfb, 0x28,
    0x6c, 0x3f, 0xf8, 0x68, 0x7f, 0xf6, 0x38, 0x3f,
    0xff, 0xe1, 0xff, 0xd6, 0xc3, 0x21, 0xff, 0xea,
    0x74, 0x3f, 0xff, 0xe1, 0xff, 0xd3, 0x83, 0xa0,
    0xff, 0xf6, 0x50, 0x3f, 0xff, 0xe1, 0xff, 0xd2,
    0x43, 0x61, 0xff, 0xee, 0x74, 0x3f, 0xff, 0xe1,
    0xff, 0xcf, 0xc3, 0x21, 0xff, 0xf1, 0xb4, 0x3f,
    0xff, 0xe1, 0xff, 0xcc, 0x83, 0xa0, 0xff, 0xe2,
    0xa1, 0xff, 0xe1, 0xa0, 0x7f, 0xff, 0xc3, 0xff,
    0x96, 0x86, 0xc3, 0xff, 0xea, 0xe8, 0x7f, 0xff,
    0xc3, 0xff, 0x91, 0x86, 0x43, 0xff, 0xf1, 0x61,
    0xff, 0xff, 0xf, 0xfe, 0x34, 0x1d, 0x7, 0xff,
    0x1f, 0xf, 0xff, 0x37, 0x7, 0xff, 0xfc, 0x3f,
    0xf8, 0x88, 0x6c, 0x3f, 0xff, 0x8e, 0x87, 0xff,
    0xfc, 0x3f, 0xf8, 0x38, 0x64, 0x3f, 0xff, 0xf4,
    0xf, 0xff, 0xf8, 0x7f, 0xd0, 0x74, 0x1f, 0xfc,
    0x94, 0x3f, 0xfd, 0x4f, 0x7, 0xff, 0xfc, 0x3f,
    0x90, 0xd8, 0x7f, 0xff, 0xc3, 0x3a, 0x1f, 0xff,
    0xf0, 0xf6, 0x19, 0xf, 0xff, 0xf8, 0x7d, 0x40,
    0xff, 0xff, 0x86, 0x83, 0xa0, 0xff, 0xff, 0x87,
    0xe7, 0xff, 0xff, 0xff, 0x90, 0xd8, 0x7f, 0xff,
    0xc3, 0xff, 0xfe, 0x1f, 0xfc, 0x64, 0x3f, 0xff,
    0xe1, 0xff, 0xff, 0xf, 0xfe, 0x3c, 0x1f, 0xfc,
    0xc4, 0x3f, 0xff, 0xe1, 0xff, 0xf8, 0xc3, 0xff,
    0xfe, 0x1f, 0xff, 0xf0, 0xff, 0xe3, 0x21, 0xff,
    0xff, 0xf, 0xff, 0xf8, 0x7f, 0xf1, 0xe0, 0xff,
    0xe7, 0x61, 0xff, 0xff, 0xf, 0xff, 0xb6, 0x1f,
    0xff, 0xf0, 0xff, 0xff, 0x87, 0xff, 0x19, 0xf,
    0xfe, 0x82, 0x1f, 0xff, 0xf0, 0xff, 0xfa, 0xc1,
    0xff, 0xff, 0xf, 0xff, 0xf8, 0x7f, 0xf1, 0xa0,
    0xff, 0xff, 0x87, 0xff, 0xfc, 0x3f, 0xff, 0xe1,
    0xff, 0xff, 0xf, 0xff, 0xf8, 0x7f, 0xff, 0xc3,
    0xff, 0xde, 0x87, 0xff, 0xfc, 0x3f, 0xff, 0xe1,
    0xff, 0xe4, 0x43, 0xff, 0xfe, 0x1f, 0xff, 0xf0,
    0xff, 0xff, 0x87, 0xff, 0xfc, 0x3f, 0xff, 0xe1,
    0xff, 0xff, 0xf, 0xff, 0x7e, 0x1f, 0xff, 0xf0,
    0xff, 0xfa, 0x21, 0xff, 0xff, 0xf, 0xff, 0xf8,
    0x7f, 0xff, 0xc3, 0xff, 0xfe, 0x1f, 0xff, 0x94,
    0x3f, 0xff, 0xe1, 0xff, 0xf4, 0xc3, 0xff, 0xfe,
    0x1f, 0xff, 0xf0, 0xff, 0xff, 0x87, 0xff, 0xfc,
    0x3f, 0xff, 0xe1, 0xff, 0xff, 0xf, 0xff, 0x7a,
    0x1f, 0xff, 0xf0, 0xff, 0xff, 0x87, 0xff, 0x91,
    0xf, 0xff, 0xf8, 0x7f, 0xff, 0xc3, 0xff, 0xfe,
    0x1f, 0xff, 0xf0, 0xff, 0xff, 0x87, 0xff, 0xfc,
    0x3f, 0xfd, 0xf8, 0x7f, 0xff, 0xc3, 0xff, 0xfe,
    0x1f, 0xff, 0xf0, 0xff, 0xff, 0x87, 0xf2, 0x1f,
    0xff, 0xf0, 0xff, 0xff, 0x87, 0xff, 0x95, 0xf,
    0xff, 0xf8, 0x7f, 0xff, 0xc3, 0xff, 0xfe, 0x1f,
    0xff, 0xf0, 0xfe, 0xc3, 0xff, 0xfe, 0x1f, 0xff,
    0xf0, 0xff, 0xff, 0x87, 0xff, 0xfc, 0x3f, 0xff,
    0xe1, 0xff, 0xff, 0xf, 0xff, 0x7a, 0x1f, 0xff,
    0xf0, 0xff, 0xff, 0x87, 0xff, 0x91, 0xf, 0xff,
    0xf8, 0x7f, 0xff, 0xc3, 0xff, 0xfe, 0x1f, 0xff,
    0xf0, 0xff, 0xff, 0x87, 0xff, 0xfc, 0x3f, 0xfd,
    0xf8, 0x7f, 0xff, 0xc3, 0xff, 0xe8, 0x87, 0xff,
    0xfc, 0x3f, 0xff, 0xe1, 0xff, 0xff, 0xf, 0xff,
    0xf8, 0x7f, 0xfe, 0x50, 0xff, 0xff, 0x87, 0xff,
    0xd3, 0xf, 0xff, 0xf8, 0x7f, 0xff, 0xc3, 0xff,
    0xfe, 0x1f, 0xff, 0xf0, 0xff, 0xff, 0x87, 0xff,
    0xfc, 0x3f, 0xfd, 0xe8, 0x7f, 0xff, 0xc3, 0xff,
    0xfe, 0x1f, 0xfe, 0x44, 0x3f, 0xff, 0xe1, 0xff,
    0xff, 0xf, 0xff, 0xf8, 0x7f, 0xff, 0xc3, 0xff,
    0xfe, 0x1f, 0xff, 0xf0, 0xff, 0xf7, 0xe1, 0xff,
    0xff, 0xf, 0xff, 0xf8, 0x7f, 0xff, 0xc3, 0xff,
    0xfe, 0x1f, 0xc8, 0x7f, 0xff, 0xc3, 0xff, 0xfe,
    0x1f, 0xfe, 0x54, 0x3f, 0xff, 0xe1, 0xff, 0xff,
    0xf, 0xff, 0xf8, 0x7f, 0xff, 0xc3, 0xfb, 0xf,
    0xff, 0xf8, 0x7f, 0xff, 0xc3, 0xff, 0xfe, 0x1f,
    0xff, 0xf0, 0xff, 0xff, 0x87, 0xff, 0xfc, 0x3f,
    0xfd, 0xe8, 0x7f, 0xff, 0xc3, 0xff, 0xfe, 0x1f,
    0xfe, 0x44, 0x3f, 0xff, 0xe1, 0xff, 0xff, 0xf,
    0xff, 0xf8, 0x7f, 0xff, 0xc3, 0xff, 0xfe, 0x1f,
    0xff, 0xf0, 0xff, 0xf7, 0xe1, 0xff, 0xff, 0xf,
    0xff, 0xa2, 0x1f, 0xff, 0xf0, 0xff, 0xff, 0x87,
    0xff, 0x95, 0xf, 0xff, 0xf8, 0x7f, 0xff, 0xc3,
    0xff, 0xfe, 0x1f, 0xff, 0xf0, 0xfe, 0xc3, 0xff,
    0xfe, 0x1f, 0xff, 0xf0, 0xff, 0xff, 0x87, 0xff,
    0xfc, 0x3f, 0xff, 0xe1, 0xff, 0xff, 0xf, 0xff,
    0x7e, 0x1f, 0xff, 0xf0, 0xff, 0xff, 0x87, 0xff,
    0x1d, 0xd0, 0xff, 0xe7, 0x21, 0xff, 0xff, 0xf,
    0xff, 0xbd, 0x3, 0xff, 0xfe, 0x1f, 0xff, 0xf0,
    0xff, 0xe3, 0xbc, 0x1f, 0xff, 0xf0, 0xff, 0xff,
    0x87, 0xff, 0x1d, 0xd0, 0xff, 0xe4, 0xe1, 0xff,
    0xff, 0xf, 0xff, 0xe5, 0x3, 0xff, 0xfe, 0xf,
    0xff, 0xff, 0xff, 0xf4, 0x1f, 0x3a, 0x1f, 0xff,
    0xe8, 0x3f, 0xff, 0xe1, 0xfc, 0xe8, 0x7d, 0x61,
    0xff, 0xc5, 0x43, 0xff, 0xd6, 0x87, 0xff, 0xfc,
    0x3f, 0xea, 0x7, 0xee, 0xf, 0xff, 0xd6, 0x1f,
    0xff, 0xf0, 0xff, 0xe0, 0xba, 0x1f, 0x3a, 0x1f,
    0xff, 0x78, 0x3f, 0xff, 0xe1, 0xff, 0xc4, 0xb0,
    0xfd, 0x40, 0xff, 0xfb, 0x21, 0xff, 0xff, 0xf,
    0xfe, 0x34, 0x1f, 0x9d, 0xf, 0xff, 0x9e, 0x1f,
    0xff, 0xf0, 0xff, 0xe3, 0xc1, 0xfe, 0xb4, 0x3f,
    0xfe, 0x10, 0x7f, 0xff, 0xc3, 0xff, 0x8f, 0x7,
    0xff, 0x6, 0x81, 0xe4, 0x3f, 0xfd, 0x8, 0x7f,
    0xff, 0xc3, 0xff, 0x8c, 0xa0, 0xff, 0xe1, 0x3a,
    0x1f, 0xfe, 0xcc, 0x3f, 0xff, 0xe1, 0xff, 0xc7,
    0x83, 0xff, 0x8b, 0x61, 0x61, 0xff, 0xe6, 0x83,
    0xff, 0xfe, 0x1f, 0xfc, 0x78, 0x3f, 0xf9, 0x1c,
    0x1f, 0xfe, 0x84, 0x3f, 0xff, 0xe1, 0xff, 0xc6,
    0x50, 0x7f, 0xf2, 0x5d, 0xf, 0xff, 0x2e, 0x1f,
    0xff, 0xf0, 0xff, 0xe3, 0xc1, 0xff, 0xfd, 0x83,
    0xff, 0xfe, 0x1f, 0xfc, 0x78, 0x3f, 0xff, 0xc8,
    0x7f, 0xff, 0xc3, 0xff, 0x8c, 0xa0, 0xff, 0xfe,
    0xe1, 0xff, 0xff, 0xf, 0xfe, 0x3c, 0x1f, 0xff,
    0xd8, 0x3f, 0xff, 0xe1, 0xff, 0xc7, 0x83, 0xff,
    0xfc, 0x87, 0xff, 0xfc, 0x3f, 0xf8, 0xca, 0xf,
    0xff, 0x22, 0x1f, 0xfc, 0xcc, 0x3f, 0xff, 0xe1,
    0xff, 0xc7, 0x83, 0xff, 0xcb, 0xe4, 0x3f, 0xf9,
    0x30, 0x7f, 0xff, 0xc3, 0xff, 0x8f, 0x7, 0xff,
    0xa2, 0xc3, 0xff, 0x90, 0x87, 0xff, 0xfc, 0x3f,
    0xf8, 0xca, 0xf, 0xff, 0x32, 0x17, 0x7, 0xff,
    0x17, 0xf, 0xff, 0xf8, 0x7f, 0xf1, 0xe0, 0xff,
    0xf6, 0x3a, 0x1f, 0xfc, 0x28, 0x3f, 0xff, 0xe1,
    0xff, 0xc7, 0x83, 0xff, 0xdf, 0x40, 0xff, 0xe0,
    0xa1, 0xff, 0xff, 0xf, 0xfe, 0x32, 0x83, 0xff,
    0xe0, 0xe8, 0x7f, 0xb0, 0xff, 0xff, 0x87, 0xff,
    0x1e, 0xf, 0xff, 0x9d, 0x87, 0xf6, 0x1f, 0xff,
    0xf0, 0xff, 0xe3, 0x41, 0xff, 0xf6, 0xe0, 0xfd,
    0xc1, 0xff, 0xff, 0xf, 0xfe, 0x1a, 0x83, 0xff,
    0xd2, 0x87, 0xff, 0x5, 0xe0, 0xf9, 0xd0, 0xff,
    0xff, 0x87, 0xff, 0x6, 0xf, 0xff, 0xd3, 0xa1,
    0xf5, 0x87, 0xff, 0xfc, 0x3f, 0xe8, 0x3f, 0xff,
    0xb4, 0xf, 0xdc, 0x1f, 0xff, 0xf0, 0xfc, 0xa0,
    0xff, 0xf5, 0xe1, 0xff, 0xc6, 0x74, 0x3e, 0x7f,
    0xff, 0xff, 0xff, 0xa0, 0xff, 0xff, 0x82, 0xc3,
    0xff, 0xfe, 0x1f, 0xff, 0xf0, 0xff, 0xe4, 0x70,
    0x7f, 0xff, 0xc3, 0xff, 0xf4, 0x87, 0xff, 0x2d,
    0xd0, 0xff, 0xff, 0x87, 0xff, 0xfc, 0x3f, 0xf8,
    0xf4, 0xf, 0xff, 0xf8, 0x7f, 0xff, 0xc3, 0xff,
    0x8e, 0xe8, 0x7f, 0xff, 0xc3, 0xff, 0xfe, 0x1f,
    0xfc, 0x7c, 0x3f, 0xff, 0xe1, 0xff, 0xff, 0xf,
    0xfe, 0x3e, 0x1f, 0xff, 0xf0, 0xff, 0xfa, 0x21,
    0xff, 0xff, 0xf, 0xff, 0xf8, 0x7f, 0xf9, 0x50,
    0xff, 0xff, 0x87, 0xff, 0xfc, 0x3f, 0xff, 0xe1,
    0xff, 0xff, 0xf, 0xec, 0x3f, 0xff, 0xe1, 0xff,
    0xff, 0xf, 0xff, 0xf8, 0x7f, 0xff, 0xc3, 0xff,
    0xfe, 0x1f, 0xff, 0xf0, 0xff, 0xf7, 0xa1, 0xff,
    0xff, 0xf, 0xff, 0xf8, 0x7f, 0xf9, 0x10, 0xff,
    0xff, 0x87, 0xff, 0xfc, 0x3f, 0xff, 0xe1, 0xff,
    0xff, 0xf, 0xff, 0xf8, 0x7f, 0xff, 0xc3, 0xff,
    0xdf, 0x87, 0xff, 0xfc, 0x3f, 0xff, 0xe1, 0xff,
    0xff, 0xf, 0xff, 0xf8, 0x7f, 0x21, 0xff, 0xff,
    0xf, 0xff, 0xf8, 0x7f, 0xf9, 0x50, 0xff, 0xff,
    0x87, 0xff, 0xfc, 0x3f, 0xff, 0xe1, 0xff, 0xff,
    0xf, 0xec, 0x3f, 0xff, 0xe1, 0xff, 0xff, 0xf,
    0xff, 0xf8, 0x7f, 0xff, 0xc3, 0xff, 0xfe, 0x1f,
    0xff, 0xf0, 0xff, 0xf7, 0xa1, 0xff, 0xd0, 0x43,
    0xff, 0xfe, 0x1f, 0xff, 0xf0, 0xff, 0xff, 0x87,
    0xff, 0xfc, 0x3f, 0xff, 0xe1, 0xff, 0xff, 0xf,
    0xff, 0x7e, 0x1f, 0xff, 0xf0, 0xff, 0xff, 0x87,
    0xff, 0xfc, 0x3f, 0xff, 0xe1, 0xfc, 0x87, 0xff,
    0xfc, 0x3f, 0xff, 0xe1, 0xff, 0xe5, 0x43, 0xff,
    0xfe, 0x1f, 0xff, 0xf0, 0xff, 0xff, 0x87, 0xff,
    0xfc, 0x3f, 0xb0, 0xff, 0xff, 0x87, 0xff, 0xfc,
    0x3f, 0xff, 0xe1, 0xff, 0xff, 0xf, 0xff, 0xf8,
    0x7f, 0xff, 0xc3, 0xff, 0xde, 0x87, 0xff, 0xfc,
    0x3f, 0xff, 0xe1, 0xff, 0xe4, 0x43, 0xff, 0xfe,
    0x1f, 0xff, 0xf0, 0xff, 0xff, 0x87, 0xff, 0xfc,
    0x3f, 0xff, 0xe1, 0xff, 0xff, 0xf, 0xff, 0x7e,
    0x1f, 0xff, 0xf0, 0xff, 0xff, 0x87, 0xff, 0xfc,
    0x3f, 0xff, 0xe1, 0xfc, 0x87, 0xff, 0x45, 0xf,
    0xff, 0xf8, 0x7f, 0xff, 0xc3, 0xff, 0xfe, 0x1f,
    0xff, 0xf0, 0xff, 0xff, 0x87, 0xff, 0xfc, 0x3f,
    0xfa, 0x38, 0x7f, 0xff, 0xc3, 0xff, 0xfe, 0x1f,
    0xff, 0xf0, 0xff, 0xff, 0x87, 0xff, 0x6d, 0xf,
    0xff, 0xf8, 0x7f, 0xff, 0xc3, 0xff, 0xc8, 0x87,
    0xff, 0xfc, 0x3f, 0xff, 0xe1, 0xff, 0xff, 0xf,
    0xff, 0xf8, 0x7f, 0xff, 0xc3, 0xff, 0xfe, 0x1f,
    0xfe, 0xfc, 0x3f, 0xff, 0xe1, 0xff, 0xff, 0xf,
    0xff, 0xf8, 0x7f, 0xff, 0xc3, 0xf9, 0xf, 0xff,
    0xf8, 0x7f, 0xff, 0xc3, 0xff, 0xca, 0x87, 0xff,
    0xfc, 0x3f, 0xff, 0xe1, 0xff, 0xff, 0xf, 0xff,
    0xf8, 0x7f, 0x61, 0xff, 0xff, 0xf, 0xff, 0xf8,
    0x7f, 0xff, 0xc3, 0xff, 0xfe, 0x1f, 0xff, 0xf0,
    0xff, 0xff, 0x87, 0xff, 0xbd, 0xf, 0xfe, 0x82,
    0x1f, 0xff, 0xf0, 0xff, 0xff, 0x87, 0xff, 0xfc,
    0x3f, 0xff, 0xe1, 0xff, 0xff, 0xf, 0xff, 0xf8,
    0x7f, 0xfb, 0xf0, 0xff, 0xff, 0x87, 0xff, 0xfc,
    0x3f, 0xff, 0xe1, 0xff, 0xff, 0xf, 0xfe, 0xda,
    0x1f, 0xff, 0xf0, 0xff, 0xfa, 0x21, 0xff, 0xd0,
    0x43, 0xff, 0xfe, 0x1f, 0xff, 0xf0, 0xff, 0xe3,
    0xc1, 0xff, 0xff, 0xf, 0xff, 0xae, 0x1f, 0xfc,
    0xf8, 0x3f, 0xff, 0xe1, 0xff, 0xff, 0xf, 0xfe,
    0x32, 0x83, 0xff, 0xfe, 0x1f, 0xff, 0xf0, 0xff,
    0xe3, 0x41, 0xff, 0xff, 0xf, 0xff, 0xba, 0x1f,
    0xfc, 0xd8, 0x3f, 0xff, 0xe1, 0xff, 0xff, 0xf,
    0xfe, 0x32, 0x83, 0xff, 0xfe, 0x1f, 0xff, 0xf0,
    0xff, 0xe3, 0x41, 0xff, 0xff, 0xf, 0xff, 0xf8,
    0x7f, 0xf1, 0xa0, 0xff, 0xff, 0x87, 0xff, 0xfc,
    0x3f, 0xf8, 0xca, 0xd, 0x7f, 0xff, 0xff, 0xf0,
    0x7f, 0xff, 0xc3, 0xfa, 0xc, 0xa0, 0xff, 0xff,
    0x86, 0xe0, 0xff, 0xf7, 0x21, 0xff, 0xca, 0x83,
    0xa0, 0xff, 0xff, 0x87, 0x9d, 0xf, 0xff, 0xf8,
    0x4a, 0xd, 0x7, 0xff, 0xfc, 0x3f, 0xac, 0x3f,
    0xff, 0xe0, 0x83, 0x28, 0x3f, 0xff, 0xe1, 0xff,
    0x70, 0x7f, 0xfa, 0x70, 0xff, 0xe4, 0x41, 0xd0,
    0x7f, 0xff, 0xc3, 0xff, 0x82, 0xe8, 0x7f, 0xfe,
    0xd4, 0x1a, 0xf, 0xff, 0xf8, 0x7f, 0xf1, 0x28,
    0x1f, 0xff, 0xa8, 0x32, 0x83, 0xff, 0xfe, 0x1f,
    0xfc, 0x57, 0x43, 0xff, 0xc8, 0x87, 0xff, 0x1a,
    0xe, 0x83, 0xff, 0xfe, 0x1f, 0xfc, 0x8b, 0x43,
    0xff, 0xe8, 0xa0, 0xd0, 0x7f, 0xff, 0xc3, 0xff,
    0x97, 0x40, 0xff, 0xf9, 0xc1, 0x94, 0x1f, 0xff,
    0xf0, 0xff, 0xe6, 0x3a, 0x1f, 0xff, 0x8, 0x3a,
    0xf, 0xff, 0xf8, 0x7f, 0xf3, 0xec, 0x3f, 0xfd,
    0xca, 0xd, 0x7, 0xff, 0xfc, 0x3f, 0xfa, 0x5c,
    0x1f, 0xfd, 0xb4, 0x3f, 0xf8, 0x90, 0x65, 0x7,
    0xff, 0xfc, 0x3f, 0xfa, 0x6e, 0x87, 0xff, 0xa6,
    0xe, 0x83, 0xff, 0xfe, 0x1f, 0xfd, 0x6a, 0x7,
    0xff, 0x9d, 0x41, 0xa0, 0xff, 0xff, 0x87, 0xff,
    0x61, 0xd0, 0xff, 0xeb, 0x61, 0xff, 0xc2, 0x83,
    0x28, 0x3f, 0xff, 0xe1, 0xff, 0xda, 0xb4, 0x3f,
    0xfc, 0x50, 0x74, 0x1f, 0xff, 0xf0, 0xff, 0xee,
    0xd0, 0x3f, 0xfc, 0xa, 0xd, 0x7, 0xff, 0xfc,
    0x3f, 0xfb, 0xee, 0x87, 0xff, 0x45, 0xf, 0xfe,
    0x4, 0x19, 0x41, 0xff, 0xff, 0xf, 0xff, 0xd,
    0x87, 0xff, 0x72, 0xe, 0x83, 0xff, 0xfe, 0x1f,
    0xfe, 0x4e, 0xf, 0xfe, 0xca, 0x83, 0x41, 0xff,
    0xff, 0xf, 0xff, 0x33, 0xa1, 0xff, 0xd7, 0x83,
    0x28, 0x3f, 0xff, 0xe1, 0xff, 0xe8, 0xa0, 0x7f,
    0xf2, 0xd0, 0xfe, 0x83, 0xa0, 0xff, 0xff, 0x87,
    0xff, 0xa9, 0x83, 0xff, 0x95, 0x87, 0xe5, 0x6,
    0x83, 0xff, 0xfe, 0x1f, 0xfe, 0xc8, 0x3f, 0xf9,
    0x48, 0x7e, 0x83, 0x28, 0x3f, 0xff, 0xe1, 0xff,
    0xeb, 0x83, 0xff, 0x99, 0x7, 0xa0, 0xe8, 0x3f,
    0xff, 0xe1, 0xff, 0xeb, 0x50, 0x7f, 0xf3, 0x18,
    0x32, 0x83, 0x41, 0xff, 0xff, 0xf, 0xff, 0x5b,
    0x7, 0xff, 0x39, 0xd0, 0x41, 0x94, 0x1f, 0xff,
    0xf0, 0xff, 0xf5, 0x50, 0x3f, 0xfa, 0x37, 0x7,
    0x41, 0xff, 0xff, 0xf, 0xff, 0x43, 0x68, 0x7f,
    0xf3, 0x40,

    /* U+0033 "3" */
    0xf, 0xfe, 0x1b, 0x7f, 0xff, 0xff, 0xff, 0xfd,
    0x21, 0xd2, 0x1f, 0xfc, 0x7b, 0x90, 0xff, 0xff,
    0x87, 0xff, 0xa3, 0xc, 0xab, 0x43, 0xff, 0x89,
    0xa1, 0xff, 0xff, 0xf, 0xff, 0x54, 0x1d, 0x5,
    0x40, 0xff, 0xe1, 0x61, 0xff, 0xff, 0xf, 0xff,
    0x62, 0x1b, 0xe, 0x50, 0x7f, 0xf0, 0x20, 0xff,
    0xff, 0x87, 0xff, 0xb3, 0xc, 0x87, 0xd0, 0x7f,
    0xf0, 0x10, 0xff, 0xff, 0x87, 0xff, 0xae, 0xe,
    0x83, 0xf2, 0x1f, 0xe8, 0x3f, 0xff, 0xe1, 0xff,
    0xec, 0x43, 0x61, 0xfd, 0x87, 0xfa, 0xf, 0xff,
    0xf8, 0x7f, 0xfa, 0xf0, 0xc8, 0x7f, 0xf2, 0xb8,
    0x3f, 0xff, 0xe1, 0xff, 0xe8, 0x83, 0xa0, 0xff,
    0xe5, 0xba, 0x1f, 0xff, 0xf0, 0xff, 0xf3, 0x21,
    0xb0, 0xff, 0xe7, 0x50, 0x3f, 0xff, 0xe1, 0xff,
    0xe4, 0xc3, 0x21, 0xff, 0xd0, 0x74, 0x3f, 0xff,
    0xe1, 0xff, 0xe1, 0x83, 0xa0, 0xff, 0xe9, 0x58,
    0x7f, 0xff, 0xc3, 0xff, 0xc0, 0x86, 0xc3, 0xff,
    0x83, 0x87, 0xff, 0x1f, 0x83, 0xff, 0xfe, 0x1f,
    0xfd, 0xdc, 0x32, 0x1f, 0xfd, 0x77, 0x43, 0xff,
    0xfe, 0x1f, 0xfd, 0xa8, 0x3a, 0xf, 0xfe, 0xcd,
    0x87, 0xff, 0xfc, 0x3f, 0xfb, 0x28, 0x6c, 0x3f,
    0xf8, 0x68, 0x7f, 0xf3, 0x38, 0x3f, 0xff, 0xe1,
    0xff, 0xd6, 0xc3, 0x21, 0xff, 0xde, 0x74, 0x3f,
    0xff, 0xe1, 0xff, 0xd3, 0x83, 0xa0, 0xff, 0xf0,
    0x50, 0x3f, 0xff, 0xe1, 0xff, 0xd2, 0x43, 0x61,
    0xff, 0xe2, 0x74, 0x3f, 0xff, 0xe1, 0xff, 0xcf,
    0xc3, 0x21, 0xff, 0xe5, 0xb4, 0x3f, 0xff, 0xe1,
    0xff, 0xcc, 0x83, 0xa0, 0xff, 0xe2, 0xa1, 0xff,
    0xd5, 0xa0, 0x7f, 0xff, 0xc3, 0xff, 0x96, 0x86,
    0xc3, 0xff, 0xd2, 0xe8, 0x7f, 0xff, 0xc3, 0xff,
    0x91, 0x86, 0x43, 0xff, 0xd9, 0x61, 0xff, 0xff,
    0xf, 0xfe, 0x34, 0x1d, 0x7, 0xff, 0x1f, 0xf,
    0xfe, 0xd7, 0x7, 0xff, 0xfc, 0x3f, 0xf8, 0x88,
    0x6c, 0x3f, 0xfe, 0xe, 0x87, 0xff, 0xfc, 0x3f,
    0xf8, 0x38, 0x64, 0x3f, 0xfe, 0x74, 0xf, 0xff,
    0xf8, 0x7f, 0xd0, 0x74, 0x1f, 0xfc, 0x94, 0x3f,
    0xfb, 0xcf, 0x7, 0xff, 0xfc, 0x3f, 0x90, 0xd8,
    0x7f, 0xfd, 0xdd, 0xf, 0xff, 0xf8, 0x7b, 0xc,
    0x87, 0xff, 0xea, 0x81, 0xff, 0xff, 0xd, 0x7,
    0x41, 0xff, 0xfb, 0x7f, 0xff, 0xff, 0xf9, 0xd,
    0x87, 0xff, 0xfc, 0x3f, 0xff, 0xe1, 0xe4, 0x3f,
    0xff, 0xe1, 0xff, 0xff, 0xf, 0xa0, 0xff, 0xe6,
    0x21, 0xff, 0xff, 0xf, 0xff, 0x66, 0x1f, 0xff,
    0xf0, 0xff, 0xff, 0x87, 0x90, 0xff, 0xff, 0x87,
    0xff, 0xfc, 0x3e, 0x83, 0xff, 0x9d, 0x87, 0xff,
    0xfc, 0x3f, 0xfd, 0x58, 0x7f, 0xff, 0xc3, 0xff,
    0xfe, 0x1e, 0x43, 0xff, 0xa0, 0x87, 0xff, 0xfc,
    0x3f, 0xfd, 0x30, 0x7f, 0xff, 0xc3, 0xff, 0xfe,
    0x1e, 0x83, 0xff, 0xfe, 0x1f, 0xff, 0xf0, 0xff,
    0xff, 0x87, 0xff, 0xfc, 0x3f, 0xff, 0xe1, 0xff,
    0xff, 0xf, 0xfe, 0x5a, 0x1f, 0xff, 0xf0, 0xff,
    0xff, 0x87, 0xff, 0x61, 0xf, 0xff, 0xf8, 0x7f,
    0xff, 0xc3, 0xff, 0xfe, 0x1f, 0xff, 0xf0, 0xff,
    0xff, 0x87, 0xff, 0xfc, 0x3f, 0xf9, 0x78, 0x7f,
    0xff, 0xc3, 0xff, 0xd0, 0x87, 0xff, 0xfc, 0x3f,
    0xff, 0xe1, 0xff, 0xff, 0xf, 0xff, 0xf8, 0x7f,
    0xf8, 0x50, 0xff, 0xff, 0x87, 0xff, 0xa3, 0xf,
    0xff, 0xf8, 0x7f, 0xff, 0xc3, 0xff, 0xfe, 0x1f,
    0xff, 0xf0, 0xff, 0xff, 0x87, 0xff, 0xfc, 0x3f,
    0xf9, 0x68, 0x7f, 0xff, 0xc3, 0xff, 0xfe, 0x1f,
    0xfd, 0x84, 0x3f, 0xff, 0xe1, 0xff, 0xff, 0xf,
    0xff, 0xf8, 0x7f, 0xff, 0xc3, 0xff, 0xfe, 0x1f,
    0xff, 0xf0, 0xff, 0xe5, 0xe1, 0xff, 0xff, 0xf,
    0xff, 0xf8, 0x7f, 0xff, 0xc3, 0xff, 0xe0, 0x87,
    0xff, 0xfc, 0x3f, 0xff, 0xe1, 0xff, 0xd9, 0x43,
    0xff, 0xfe, 0x1f, 0xff, 0xf0, 0xff, 0xff, 0x87,
    0xff, 0xc3, 0xf, 0xff, 0xf8, 0x7f, 0xff, 0xc3,
    0xff, 0xfe, 0x1f, 0xff, 0xf0, 0xff, 0xff, 0x87,
    0xff, 0xfc, 0x3f, 0xf9, 0x68, 0x7f, 0xff, 0xc3,
    0xff, 0xfe, 0x1f, 0xfd, 0x84, 0x3f, 0xff, 0xe1,
    0xff, 0xff, 0xf, 0xff, 0xf8, 0x7f, 0xff, 0xc3,
    0xff, 0xfe, 0x1f, 0xff, 0xf0, 0xff, 0xe5, 0xe1,
    0xff, 0xff, 0xf, 0xff, 0x42, 0x1f, 0xff, 0xf0,
    0xff, 0xff, 0x87, 0xff, 0xfc, 0x3f, 0xff, 0xe1,
    0xff, 0xe1, 0x43, 0xff, 0xfe, 0x1f, 0xfe, 0x8c,
    0x3f, 0xff, 0xe1, 0xff, 0xff, 0xf, 0xff, 0xf8,
    0x7f, 0xff, 0xc3, 0xff, 0xfe, 0x1f, 0xff, 0xf0,
    0xff, 0xe5, 0xa1, 0xff, 0xff, 0xf, 0xff, 0xf8,
    0x7f, 0xf6, 0x10, 0xff, 0xff, 0x87, 0xff, 0xfc,
    0x3f, 0xff, 0xe1, 0xff, 0xff, 0xf, 0xff, 0xf8,
    0x7f, 0xff, 0xc3, 0xff, 0x97, 0x87, 0xff, 0xfc,
    0x3f, 0xff, 0xe1, 0xff, 0xff, 0xf, 0xff, 0x82,
    0x1f, 0xff, 0xf0, 0xff, 0xff, 0x87, 0xff, 0x65,
    0xf, 0xff, 0xf8, 0x7f, 0xff, 0xc3, 0xff, 0xfe,
    0x1f, 0xff, 0xc, 0x3f, 0xff, 0xe1, 0xff, 0xff,
    0xf, 0xff, 0xf8, 0x7f, 0xff, 0xc3, 0xff, 0xfe,
    0x1f, 0xff, 0xf0, 0xff, 0xe5, 0xa1, 0xff, 0xff,
    0xf, 0xff, 0xf8, 0x7f, 0xf6, 0x10, 0xff, 0xff,
    0x87, 0xff, 0xfc, 0x3f, 0xff, 0xe1, 0xff, 0xff,
    0xf, 0xff, 0xf8, 0x7f, 0xff, 0xc3, 0xff, 0x97,
    0x87, 0xff, 0xfc, 0x3f, 0xfd, 0x8, 0x7f, 0xff,
    0xc3, 0xff, 0xfe, 0x1f, 0xfd, 0x94, 0x3f, 0xff,
    0xe1, 0xff, 0xff, 0xf, 0xff, 0xf8, 0x7f, 0xfc,
    0x30, 0xff, 0xff, 0x87, 0xff, 0xfc, 0x3f, 0xff,
    0xe1, 0xff, 0xff, 0xf, 0xff, 0xf8, 0x7f, 0xff,
    0xc3, 0xff, 0x97, 0x87, 0xff, 0xfc, 0x3f, 0xff,
    0xe1, 0xf3, 0xa1, 0xff, 0xce, 0x43, 0xff, 0xfe,
    0x1f, 0xfe, 0xba, 0x7, 0xff, 0xfc, 0x3f, 0xff,
    0xe1, 0xf3, 0xc1, 0xff, 0xff, 0xf, 0xff, 0xf8,
    0x7c, 0xe8, 0x7f, 0xf2, 0x70, 0xff, 0xff, 0x87,
    0xff, 0xc2, 0x81, 0xff, 0xf5, 0xff, 0xff, 0xff,
    0xff, 0x41, 0xf3, 0xa1, 0xff, 0xf2, 0x83, 0xff,
    0xfe, 0x1f, 0xce, 0x87, 0xd6, 0x1f, 0xfc, 0x54,
    0x3f, 0xfb, 0xe8, 0x7f, 0xff, 0xc3, 0xfe, 0xa0,
    0x7e, 0xe0, 0xff, 0xf7, 0x61, 0xff, 0xff, 0xf,
    0xfe, 0xb, 0xa1, 0xf3, 0xa1, 0xff, 0xeb, 0x83,
    0xff, 0xfe, 0x1f, 0xfc, 0x4b, 0xf, 0xd4, 0xf,
    0xff, 0x52, 0x1f, 0xff, 0xf0, 0xff, 0xe3, 0x41,
    0xf9, 0xd0, 0xff, 0xf3, 0xe1, 0xff, 0xff, 0xf,
    0xfe, 0x3c, 0x1f, 0xeb, 0x43, 0xff, 0xc9, 0x7,
    0xff, 0xfc, 0x3f, 0xf8, 0xf0, 0x7f, 0xf0, 0x68,
    0x1e, 0x43, 0xff, 0xb8, 0x87, 0xff, 0xfc, 0x3f,
    0xf8, 0xca, 0xd, 0x70, 0x7c, 0xe8, 0x7f, 0xf8,
    0x30, 0xff, 0xff, 0x87, 0xff, 0x1e, 0xc, 0xa1,
    0xd0, 0xfa, 0xc2, 0xc3, 0xff, 0xb5, 0x7, 0xff,
    0xfc, 0x3f, 0xf8, 0xf0, 0x74, 0x1a, 0x81, 0xfb,
    0x83, 0xff, 0xb8, 0x87, 0xff, 0xfc, 0x3f, 0xf8,
    0xca, 0xd, 0x7, 0x9e, 0xf, 0x9d, 0xf, 0xfe,
    0xce, 0x1f, 0xff, 0xf0, 0xff, 0xe3, 0xc1, 0x94,
    0x1f, 0x9d, 0xf, 0xff, 0x4, 0x1f, 0xff, 0xf0,
    0xff, 0xe3, 0xc1, 0xd0, 0x7f, 0xd4, 0xf, 0xfe,
    0xfa, 0x1f, 0xff, 0xf0, 0xff, 0xe3, 0x28, 0x34,
    0x1f, 0xfc, 0x17, 0x43, 0xff, 0xb9, 0x87, 0xff,
    0xfc, 0x3f, 0xf8, 0xf0, 0x65, 0x7, 0xff, 0xe,
    0xc3, 0xff, 0xb5, 0x7, 0xff, 0xfc, 0x3f, 0xf8,
    0xf0, 0x74, 0x1f, 0xfc, 0x6e, 0xf, 0xfe, 0xc2,
    0x1f, 0xff, 0xf0, 0xff, 0xe3, 0x28, 0x34, 0x1f,
    0xfc, 0x86, 0xf, 0xfe, 0xb6, 0x1f, 0xff, 0xf0,
    0xff, 0xe3, 0xc1, 0x94, 0x1f, 0xfe, 0xb8, 0x3f,
    0xff, 0xe1, 0xff, 0xc7, 0x83, 0xa0, 0xff, 0xf6,
    0x21, 0xff, 0xff, 0xf, 0xfe, 0x32, 0x83, 0x41,
    0xff, 0xec, 0xc3, 0xff, 0xfe, 0x1f, 0xfc, 0x78,
    0x32, 0x83, 0xff, 0x97, 0x87, 0xff, 0x4e, 0xf,
    0xff, 0xf8, 0x7f, 0xf1, 0xe0, 0xe8, 0x3f, 0xfd,
    0x88, 0x7f, 0xff, 0xc3, 0xff, 0x8c, 0xa0, 0xd0,
    0x7f, 0xfb, 0x30, 0xff, 0xff, 0x87, 0xff, 0x1e,
    0xc, 0xa0, 0xff, 0xe6, 0xa1, 0xff, 0xd2, 0xc3,
    0xff, 0xfe, 0x1f, 0xfc, 0x68, 0x3a, 0xf, 0xff,
    0x77, 0x7, 0xff, 0xfc, 0x3f, 0xf8, 0x6a, 0xd,
    0x7, 0xff, 0xc1, 0xd0, 0xff, 0xff, 0x87, 0xff,
    0x6, 0xc, 0xa0, 0xff, 0xf9, 0x58, 0x7f, 0xff,
    0xc3, 0xfe, 0x83, 0xa0, 0xff, 0xfa, 0xf0, 0x7f,
    0xff, 0xc3, 0xf2, 0x83, 0x41, 0xff, 0xf7, 0x7f,
    0xff, 0xff, 0xff, 0xa0, 0xe4, 0x3f, 0xfa, 0x8,
    0x7f, 0xff, 0xc3, 0xff, 0xfe, 0x1f, 0xff, 0xf0,
    0xff, 0xff, 0x87, 0xff, 0xfc, 0x3f, 0xff, 0xe1,
    0xff, 0xcb, 0xc3, 0xff, 0xfe, 0x1f, 0xfe, 0x84,
    0x3f, 0xff, 0xe1, 0xff, 0xff, 0xf, 0xff, 0xf8,
    0x7f, 0xff, 0xc3, 0xff, 0xc2, 0x87, 0xff, 0xfc,
    0x3f, 0xfd, 0x18, 0x7f, 0xff, 0xc3, 0xff, 0xfe,
    0x1f, 0xff, 0xf0, 0xff, 0xff, 0x87, 0xff, 0xfc,
    0x3f, 0xff, 0xe1, 0xff, 0xcb, 0x43, 0xff, 0xfe,
    0x1f, 0xff, 0xf0, 0xff, 0xec, 0x21, 0xff, 0xff,
    0xf, 0xff, 0xf8, 0x7f, 0xff, 0xc3, 0xff, 0xfe,
    0x1f, 0xff, 0xf0, 0xff, 0xff, 0x87, 0xff, 0x2f,
    0xf, 0xff, 0xf8, 0x7f, 0xfa, 0x10, 0xff, 0xff,
    0x87, 0xff, 0xfc, 0x3f, 0xff, 0xe1, 0xff, 0xff,
    0xf, 0xff, 0xa, 0x1f, 0xff, 0xf0, 0xff, 0xf4,
    0x61, 0xff, 0xff, 0xf, 0xff, 0xf8, 0x7f, 0xff,
    0xc3, 0xff, 0xfe, 0x1f, 0xff, 0xf0, 0xff, 0xff,
    0x87, 0xff, 0x2d, 0xf, 0xff, 0xf8, 0x7f, 0xff,
    0xc3, 0xff, 0xfe, 0x1f, 0xff, 0xf0, 0xff, 0xf0,
    0x21, 0xff, 0xff, 0xf, 0xff, 0xf8, 0x7f, 0xff,
    0xc3, 0xff, 0xfe, 0x1f, 0xff, 0xf0, 0xff, 0xfc,
    0x21, 0xff, 0xd1, 0xc3, 0xff, 0xfe, 0x1f, 0xff,
    0xf0, 0xff, 0xff, 0x87, 0xff, 0xfc, 0x3f, 0xff,
    0xe1, 0xff, 0xf8, 0xc3, 0xff, 0xa2, 0x87, 0xff,
    0xfc, 0x3f, 0xff, 0xe1, 0xff, 0xff, 0xf, 0xff,
    0xf8, 0x7f, 0xff, 0xc3, 0xff, 0xf0, 0x87, 0xff,
    0xfc, 0x3f, 0xff, 0xe1, 0xff, 0xff, 0xf, 0xff,
    0xf8, 0x7f, 0xf8, 0x10, 0xff, 0xff, 0x87, 0xff,
    0xfc, 0x3f, 0xff, 0xe1, 0xff, 0xff, 0xf, 0xff,
    0xf8, 0x7f, 0xff, 0xc3, 0xff, 0x97, 0x87, 0xff,
    0xfc, 0x3f, 0xfd, 0x8, 0x7f, 0xff, 0xc3, 0xff,
    0xfe, 0x1f, 0xff, 0xf0, 0xff, 0xff, 0x87, 0xff,
    0xf, 0xf, 0xfe, 0x8a, 0x1f, 0xff, 0xf0, 0xff,
    0xff, 0x87, 0xff, 0xfc, 0x3f, 0xff, 0xe1, 0xff,
    0xff, 0xf, 0xff, 0xc2, 0x1f, 0xff, 0xf0, 0xff,
    0xff, 0x87, 0xff, 0xfc, 0x3f, 0xff, 0xe1, 0xff,
    0xff, 0xf, 0xff, 0xf8, 0x7f, 0xfa, 0x10, 0xff,
    0xff, 0x87, 0xff, 0xfc, 0x3f, 0xff, 0xe1, 0xff,
    0xff, 0xf, 0xff, 0xf8, 0x7f, 0xfe, 0x10, 0xff,
    0xe8, 0xe1, 0xff, 0xff, 0xf, 0xff, 0xf8, 0x7f,
    0xff, 0xc3, 0xff, 0xfe, 0x1f, 0xff, 0xf0, 0xff,
    0xfc, 0x61, 0xff, 0xd1, 0x43, 0xff, 0xfe, 0x1f,
    0xff, 0xf0, 0xff, 0xff, 0x87, 0xff, 0xc1, 0xf,
    0xff, 0xf8, 0x7f, 0xff, 0xc3, 0xff, 0xfe, 0x1f,
    0xff, 0xf0, 0xff, 0xff, 0x87, 0xff, 0xfc, 0x3f,
    0xff, 0xe1, 0xff, 0xff, 0xf, 0xff, 0x82, 0x1f,
    0xff, 0xf0, 0xff, 0xff, 0x87, 0xff, 0xfc, 0x3f,
    0xfe, 0x8, 0x7f, 0xf4, 0x70, 0xff, 0xff, 0x87,
    0xff, 0xfc, 0x3f, 0xff, 0xe1, 0xff, 0xff, 0xf,
    0xff, 0xf8, 0x7f, 0xfe, 0x30, 0xff, 0xe8, 0xa1,
    0xff, 0xff, 0xf, 0xff, 0xf8, 0x7f, 0xff, 0xc3,
    0xff, 0xfe, 0x1f, 0xff, 0xf0, 0xff, 0xfc, 0x21,
    0xff, 0xff, 0xf, 0xff, 0xf8, 0x7f, 0xff, 0xc3,
    0xff, 0xfe, 0x1f, 0xff, 0xf0, 0xff, 0xff, 0x87,
    0xff, 0xa1, 0xf, 0xff, 0xf8, 0x7f, 0xff, 0xc3,
    0xff, 0xfe, 0x1f, 0xff, 0x4, 0x3f, 0xff, 0xe1,
    0xff, 0xff, 0xf, 0xfe, 0xce, 0x1f, 0xff, 0xf0,
    0xff, 0xff, 0x87, 0xff, 0xfc, 0x3f, 0xfe, 0x18,
    0x7f, 0xfe, 0x2f, 0xff, 0xff, 0xfe, 0xf, 0xe8,
    0x3f, 0xfa, 0x28, 0x7f, 0xf6, 0x54, 0x1f, 0xff,
    0xf0, 0xdc, 0x1f, 0xb8, 0x3f, 0xfe, 0xb0, 0x7f,
    0xff, 0xc3, 0xce, 0x87, 0xce, 0x87, 0xff, 0xca,
    0xf, 0xff, 0xf8, 0x7f, 0x58, 0x7e, 0xa0, 0x7f,
    0xfc, 0x14, 0x1f, 0xff, 0xf0, 0xff, 0xb8, 0x3e,
    0x74, 0x3f, 0xfd, 0xd0, 0x7f, 0xff, 0xc3, 0xff,
    0x82, 0xe8, 0x7d, 0x68, 0x7f, 0xfa, 0xe0, 0xff,
    0xff, 0x87, 0xff, 0x12, 0x81, 0xfa, 0x81, 0xff,
    0xc6, 0x43, 0xff, 0xac, 0xa0, 0xff, 0xff, 0x87,
    0xff, 0x15, 0xd0, 0xf9, 0xd0, 0xff, 0xf3, 0xc1,
    0xff, 0xff, 0xf, 0xfe, 0x45, 0xa1, 0xf5, 0x87,
    0xff, 0xf, 0xf, 0xfe, 0xac, 0x1f, 0xff, 0xf0,
    0xff, 0xe5, 0xd0, 0x3f, 0x70, 0x7f, 0xf8, 0x94,
    0x1f, 0xff, 0xf0, 0xff, 0xe6, 0x3a, 0x1f, 0x3a,
    0x1f, 0xfe, 0x8, 0x3f, 0xff, 0xe1, 0xff, 0xcf,
    0xb0, 0xfd, 0x40, 0xff, 0x21, 0xff, 0xd3, 0x83,
    0xff, 0xfe, 0x1f, 0xfd, 0x2e, 0xf, 0x9e, 0xf,
    0xfe, 0xda, 0x83, 0xff, 0xfe, 0x1f, 0xfd, 0x37,
    0x43, 0xe7, 0x43, 0xff, 0xb3, 0x7, 0xff, 0xfc,
    0x3f, 0xfa, 0xd4, 0xf, 0xd4, 0xf, 0xfe, 0xbc,
    0x1f, 0xff, 0xf0, 0xff, 0xec, 0x3a, 0x1f, 0x3a,
    0x1f, 0xfd, 0x45, 0x7, 0xff, 0xfc, 0x3f, 0xfb,
    0x56, 0x87, 0xd6, 0x1f, 0xfd, 0x38, 0x3f, 0xff,
    0xe1, 0xff, 0xdd, 0xa0, 0x7e, 0xf0, 0x7f, 0xf4,
    0x20, 0xff, 0xff, 0x87, 0xff, 0x7d, 0xd0, 0xff,
    0xeb, 0xa8, 0x3f, 0xff, 0xe1, 0xff, 0xe1, 0xb0,
    0xff, 0xeb, 0x41, 0xff, 0xff, 0xf, 0xff, 0x27,
    0x7, 0xff, 0x4e, 0xf, 0xff, 0xf8, 0x7f, 0xf9,
    0x9d, 0xf, 0xfe, 0x82, 0x83, 0xff, 0xfe, 0x1f,
    0xfe, 0x8a, 0x7, 0xff, 0x3e, 0xf, 0xff, 0xf8,
    0x7f, 0xfa, 0x98, 0x3f, 0xf9, 0xb0, 0x7f, 0xff,
    0xc3, 0xff, 0xd9, 0x7, 0xff, 0x31, 0x41, 0xff,
    0xff, 0xf, 0xff, 0x5c, 0x1f, 0xfc, 0xd8, 0x3f,
    0xff, 0xe1, 0xff, 0xeb, 0x50, 0x7f, 0xf3, 0x20,
    0xff, 0xff, 0x87, 0xff, 0xad, 0x83, 0xff, 0x98,
    0xa0, 0xff, 0xff, 0x87, 0xff, 0xaa, 0x81, 0xff,
    0xcd, 0x83, 0xff, 0xfe, 0x1f, 0xfe, 0x86, 0xd0,
    0xff, 0xe6, 0x80,

    /* U+0034 "4" */
    0xf, 0xff, 0xf8, 0x7f, 0xff, 0xc5, 0x7, 0xff,
    0xfc, 0x3f, 0xff, 0xe1, 0xe6, 0x98, 0x7f, 0xff,
    0xc3, 0xff, 0xfe, 0x1d, 0x5, 0xa1, 0xff, 0xff,
    0xf, 0xff, 0xf8, 0x20, 0xe9, 0xf, 0xff, 0xf8,
    0x7f, 0xff, 0xd4, 0x1e, 0x83, 0xff, 0xfe, 0x1f,
    0xff, 0xf8, 0x3f, 0x21, 0xff, 0xff, 0xf, 0xff,
    0xec, 0x1f, 0xd8, 0x7f, 0xff, 0xc3, 0xff, 0xf8,
    0xa0, 0xff, 0xff, 0x87, 0xff, 0xfc, 0x3e, 0x83,
    0xff, 0xfe, 0x1f, 0xff, 0xf0, 0xfa, 0xf, 0xff,
    0xf8, 0x7f, 0xff, 0xc3, 0xe5, 0x7, 0xff, 0xfc,
    0x3f, 0xff, 0xe1, 0xf4, 0x1f, 0xfc, 0xb4, 0x3f,
    0xff, 0xe1, 0xff, 0xee, 0x83, 0xff, 0x83, 0x87,
    0xfa, 0xc3, 0xff, 0xfe, 0x1f, 0xfe, 0xc5, 0x7,
    0xff, 0x3b, 0x83, 0xff, 0xfe, 0x1f, 0xfe, 0xa8,
    0x3f, 0xfa, 0xe, 0x87, 0xff, 0xfc, 0x3f, 0xfc,
    0xf0, 0x7f, 0xf0, 0xd0, 0xff, 0xe1, 0xd8, 0x7f,
    0xff, 0xc3, 0xff, 0xca, 0xa0, 0xff, 0xe6, 0xa1,
    0xf7, 0x7, 0xff, 0xfc, 0x3f, 0xfc, 0x70, 0x7f,
    0xf5, 0xdd, 0xf, 0xff, 0xf8, 0x7f, 0xf8, 0x20,
    0xff, 0xed, 0x50, 0x3f, 0xff, 0xe1, 0xff, 0xde,
    0x50, 0x7f, 0xf3, 0xf0, 0xff, 0x9d, 0xf, 0xff,
    0xf8, 0x7f, 0xf7, 0x20, 0xff, 0xe2, 0xa1, 0xff,
    0xcc, 0xb4, 0x3f, 0xff, 0xe1, 0xff, 0xd9, 0x83,
    0xff, 0xa2, 0x87, 0xff, 0xe, 0x81, 0xff, 0xff,
    0xf, 0xfe, 0xba, 0x83, 0xff, 0xc4, 0xe8, 0x7f,
    0xff, 0xc3, 0xff, 0xab, 0x7, 0xff, 0x1f, 0xf,
    0xfe, 0x8d, 0x87, 0xff, 0xfc, 0x3f, 0xfa, 0x70,
    0x7f, 0xfa, 0x38, 0x3f, 0xff, 0xe1, 0xff, 0xd0,
    0x50, 0x7f, 0xfa, 0x5d, 0xf, 0xff, 0xf8, 0x7f,
    0xf3, 0xa0, 0xff, 0xe4, 0xa1, 0xff, 0xd6, 0xa0,
    0x7f, 0xff, 0xc3, 0xff, 0x99, 0x7, 0xff, 0x51,
    0xf, 0xfe, 0x6b, 0xc1, 0xff, 0xff, 0xf, 0xfe,
    0x4a, 0x83, 0xff, 0xe0, 0xe1, 0xff, 0xff, 0xf,
    0xfe, 0x44, 0x1f, 0xff, 0x34, 0x3f, 0xff, 0xe1,
    0xff, 0xc6, 0x83, 0xff, 0xad, 0x87, 0xff, 0xfc,
    0x3f, 0xfc, 0x6a, 0xf, 0xff, 0xa2, 0x1f, 0xff,
    0xf0, 0xff, 0xe2, 0xc1, 0xff, 0xcc, 0x43, 0xff,
    0xfe, 0x1f, 0xfe, 0xd8, 0x3f, 0xfb, 0x8, 0x7f,
    0xff, 0xc3, 0xff, 0xc2, 0xa0, 0xff, 0xff, 0x87,
    0xff, 0xfc, 0x3e, 0x83, 0xff, 0x9d, 0x87, 0xff,
    0xfc, 0x3f, 0xfd, 0x70, 0x7f, 0xfd, 0xd0, 0xff,
    0xff, 0x87, 0xff, 0x9, 0x41, 0xff, 0xff, 0xf,
    0xff, 0xf8, 0x7d, 0x7, 0xff, 0x41, 0xf, 0xff,
    0xf8, 0x7f, 0xfa, 0x60, 0xff, 0xed, 0xa1, 0xff,
    0xd1, 0xc3, 0xff, 0xfe, 0x1f, 0xff, 0xf0, 0xff,
    0xff, 0x87, 0xff, 0xfc, 0x3f, 0xff, 0xe1, 0xff,
    0xd3, 0x43, 0xff, 0xb7, 0x87, 0xff, 0x45, 0xf,
    0xff, 0xf8, 0x7f, 0xf7, 0x90, 0xff, 0xff, 0x87,
    0xff, 0xfc, 0x3f, 0xf8, 0xe8, 0x7f, 0xff, 0xc3,
    0xff, 0xfe, 0x1f, 0xff, 0xf0, 0xff, 0xff, 0x87,
    0xb0, 0xff, 0xff, 0x87, 0xff, 0xfc, 0x3f, 0xff,
    0xe1, 0xff, 0xf2, 0x43, 0xff, 0xf2, 0x87, 0xff,
    0xfc, 0x3f, 0xfb, 0xe8, 0x7f, 0xff, 0xc3, 0xff,
    0xd3, 0x87, 0xff, 0x6d, 0xf, 0xfe, 0x8e, 0x1f,
    0xff, 0xf0, 0xff, 0xff, 0x87, 0xff, 0xfc, 0x3f,
    0xff, 0xe1, 0xff, 0xff, 0xf, 0xfe, 0x9a, 0x1f,
    0xfd, 0xbc, 0x3f, 0xfa, 0x28, 0x7f, 0xff, 0xc3,
    0xff, 0xfe, 0x1f, 0xff, 0xf0, 0xff, 0xf3, 0xa1,
    0xff, 0xff, 0xf, 0xff, 0xf8, 0x7f, 0xf1, 0xd0,
    0xff, 0xff, 0x87, 0xff, 0xf3, 0xf, 0xff, 0xf8,
    0x7f, 0xff, 0xc3, 0xff, 0xfe, 0x1f, 0xff, 0x24,
    0x3f, 0xff, 0x28, 0x7f, 0xff, 0xc3, 0xff, 0xbe,
    0x87, 0xff, 0xfc, 0x3f, 0xff, 0xe1, 0xff, 0xff,
    0xf, 0xff, 0x96, 0x1f, 0xfd, 0xb4, 0x3f, 0xfa,
    0x38, 0x7f, 0xff, 0xc3, 0xff, 0xfe, 0x1f, 0xff,
    0xf0, 0xff, 0xff, 0x87, 0xff, 0x15, 0xf, 0xff,
    0xf8, 0x7f, 0xf0, 0x50, 0xff, 0xed, 0xe1, 0xff,
    0xff, 0xf, 0xff, 0xe2, 0x1f, 0xff, 0xf0, 0xff,
    0xff, 0x87, 0xff, 0xfc, 0x3f, 0xff, 0xe1, 0xff,
    0xd0, 0x43, 0xff, 0xfe, 0x1f, 0xff, 0xcc, 0x3f,
    0xff, 0xe1, 0xff, 0xe9, 0x43, 0xff, 0xf2, 0x87,
    0xff, 0xfc, 0x3f, 0xff, 0xe1, 0xff, 0xff, 0xf,
    0xff, 0x42, 0x1f, 0xff, 0xf0, 0xff, 0xf4, 0xe1,
    0xff, 0xdb, 0x43, 0xff, 0xa3, 0x87, 0xff, 0xfc,
    0x3f, 0xff, 0xe1, 0xff, 0xff, 0xf, 0xff, 0xf8,
    0x7f, 0xff, 0xc3, 0xff, 0xa6, 0x87, 0xff, 0x6f,
    0xf, 0xfe, 0x8a, 0x1f, 0xff, 0xf0, 0xff, 0xef,
    0x21, 0xff, 0xff, 0xf, 0xff, 0xf8, 0x7f, 0xff,
    0xc3, 0xff, 0xfe, 0x1f, 0xfd, 0x4, 0x3f, 0xff,
    0xe1, 0xff, 0xfc, 0xc3, 0xff, 0xfe, 0x1f, 0xff,
    0xf0, 0xff, 0xf2, 0x21, 0xff, 0xff, 0xf, 0xfe,
    0xa, 0x1f, 0xff, 0xf0, 0xff, 0xff, 0x87, 0xff,
    0x69, 0xf, 0xff, 0xf8, 0x7f, 0xff, 0xc3, 0xff,
    0xc9, 0x87, 0xff, 0xfc, 0x3f, 0xf8, 0x38, 0x7f,
    0xf6, 0xd0, 0xff, 0xff, 0x87, 0xff, 0xfc, 0x3f,
    0xff, 0xe1, 0xff, 0xff, 0xf, 0xff, 0x1a, 0x1f,
    0xff, 0xf0, 0xff, 0xe0, 0xa1, 0xff, 0xdb, 0xc3,
    0xff, 0xfe, 0x1f, 0xff, 0xc4, 0x3f, 0xff, 0xe1,
    0xff, 0xff, 0xf, 0xff, 0xf8, 0x7f, 0xff, 0xc3,
    0xff, 0xa0, 0x87, 0xff, 0xfc, 0x3f, 0xff, 0x98,
    0x7f, 0xff, 0xc3, 0xff, 0xd2, 0x87, 0xff, 0xe5,
    0xf, 0xff, 0xf8, 0x7f, 0xff, 0xc3, 0xff, 0xfe,
    0x1f, 0xfe, 0x84, 0x3f, 0xfb, 0x78, 0x7f, 0xff,
    0xc3, 0xff, 0x83, 0x87, 0xff, 0x6d, 0xf, 0xff,
    0xf8, 0x7f, 0xff, 0xc3, 0xff, 0xfe, 0x1f, 0xff,
    0xf0, 0xff, 0xf1, 0xa1, 0xff, 0xff, 0xf, 0xfe,
    0xe, 0x1f, 0xfd, 0xbc, 0x3f, 0xff, 0xe1, 0xff,
    0xdf, 0x70, 0xff, 0xe7, 0xa1, 0xff, 0xff, 0xf,
    0xff, 0x67, 0x7, 0xff, 0xfc, 0x3f, 0xff, 0xe1,
    0xf9, 0xd0, 0xff, 0xeb, 0x21, 0xff, 0xff, 0xf,
    0xff, 0x25, 0x3, 0xff, 0x95, 0x87, 0xff, 0xfc,
    0x3f, 0xfe, 0xe, 0x87, 0xff, 0xc2, 0xe, 0xbf,
    0xff, 0xff, 0xff, 0x90, 0xfa, 0xd0, 0xff, 0xf7,
    0x21, 0x94, 0x1f, 0xff, 0xf0, 0xfd, 0x61, 0xfa,
    0x81, 0xff, 0xc5, 0x43, 0xff, 0xb5, 0x87, 0x41,
    0xff, 0xff, 0xf, 0xfb, 0x83, 0xe7, 0x43, 0xff,
    0xd2, 0x87, 0x41, 0xff, 0xff, 0xf, 0xfe, 0xb,
    0xa1, 0xf5, 0x87, 0xff, 0x31, 0xf, 0xfe, 0x7c,
    0x19, 0x41, 0xff, 0xff, 0xf, 0xfe, 0x1d, 0x3,
    0xf7, 0x7, 0xff, 0x97, 0xe, 0x83, 0xff, 0xfe,
    0x1f, 0xfc, 0x56, 0xf, 0xce, 0x87, 0xff, 0x89,
    0xe, 0x83, 0xff, 0xfe, 0x1f, 0xfc, 0x78, 0x3f,
    0xd4, 0xf, 0xfe, 0x3e, 0x1f, 0xfc, 0xd8, 0x32,
    0x83, 0xff, 0xfe, 0x1f, 0xfc, 0x68, 0x3f, 0xf8,
    0xe, 0x87, 0x90, 0xff, 0xeb, 0xe1, 0xd0, 0x7f,
    0xff, 0xc3, 0xff, 0x8c, 0xa0, 0xd6, 0x87, 0xd6,
    0x87, 0xff, 0x6d, 0xe, 0x83, 0xff, 0xfe, 0x1f,
    0xfc, 0x78, 0x32, 0x8b, 0xf, 0xd4, 0xf, 0xfe,
    0x12, 0x1f, 0xfc, 0xb8, 0x32, 0x83, 0xff, 0xfe,
    0x1f, 0xfc, 0x68, 0x3a, 0xd, 0xc1, 0xf3, 0xa6,
    0x1f, 0xfd, 0x5c, 0x3a, 0xf, 0xff, 0xf8, 0x7f,
    0xf1, 0x94, 0x1a, 0xf, 0x3a, 0x1f, 0x5a, 0x1f,
    0xfd, 0x44, 0x3a, 0xf, 0xff, 0xf8, 0x7f, 0xf1,
    0xe0, 0xe4, 0x3f, 0x50, 0x3f, 0xf8, 0xfa, 0x1f,
    0xfc, 0x88, 0x32, 0x83, 0xff, 0xfe, 0x1f, 0xfc,
    0x68, 0x3b, 0xf, 0xf3, 0xa1, 0xff, 0xc6, 0xb0,
    0xff, 0xe3, 0x61, 0xd0, 0x7f, 0xff, 0xc3, 0xff,
    0x8c, 0xa0, 0xd0, 0x7f, 0xf0, 0x6c, 0x3f, 0xf8,
    0xfc, 0x1f, 0xfc, 0x34, 0x3b, 0xf, 0xff, 0xf8,
    0x7f, 0xf1, 0xe0, 0xe4, 0x3f, 0xf8, 0x7c, 0x1f,
    0xfc, 0x67, 0x43, 0xff, 0x83, 0x6, 0x43, 0xff,
    0xfe, 0x1f, 0xfc, 0x78, 0x3b, 0xf, 0xfe, 0x2b,
    0xa1, 0xff, 0xc6, 0xa0, 0x7f, 0xd8, 0x74, 0x1f,
    0xff, 0xf0, 0xff, 0xe3, 0x28, 0x34, 0x1f, 0xfc,
    0x8a, 0x7, 0xff, 0x19, 0xd0, 0xfc, 0x87, 0x61,
    0xff, 0xff, 0xf, 0xfe, 0x3c, 0x1c, 0x87, 0xff,
    0x25, 0xf, 0xfe, 0x45, 0x87, 0xd0, 0x64, 0x3f,
    0xff, 0xe1, 0xff, 0xc7, 0x83, 0xb0, 0xff, 0xe5,
    0x21, 0xff, 0xca, 0xe0, 0xd8, 0x74, 0x1f, 0xff,
    0xf0, 0xff, 0xe3, 0x28, 0x34, 0x1f, 0xfe, 0x37,
    0x44, 0x3b, 0xf, 0xff, 0xf8, 0x7f, 0xf1, 0xe0,
    0xe4, 0x3f, 0xf9, 0x78, 0x7f, 0xf3, 0x6a, 0xc,
    0x87, 0xff, 0xfc, 0x3f, 0xf8, 0xf0, 0x76, 0x1f,
    0xfe, 0x74, 0x3a, 0xf, 0xff, 0xf8, 0x7f, 0xf1,
    0x94, 0x1a, 0xf, 0xff, 0x6e, 0x1f, 0xff, 0xf0,
    0xff, 0xe3, 0xc1, 0xc8, 0x7f, 0xf3, 0x50, 0xff,
    0xe9, 0xc1, 0xff, 0xff, 0xf, 0xfe, 0x34, 0x1d,
    0x87, 0xff, 0xb9, 0xd0, 0xff, 0xff, 0x87, 0xff,
    0xd, 0x41, 0xa0, 0xff, 0xf8, 0xd8, 0x7f, 0xff,
    0xc3, 0xff, 0x85, 0x7, 0x21, 0xff, 0xf3, 0xe0,
    0xff, 0xff, 0x87, 0xfd, 0x7, 0x61, 0xff, 0xf5,
    0x74, 0x3f, 0xff, 0xe1, 0xf9, 0x41, 0xa0, 0xff,
    0xfc, 0x5f, 0xff, 0xff, 0xff, 0xd0, 0x72, 0x1f,
    0xfd, 0x4, 0x3f, 0xff, 0xe1, 0xff, 0xff, 0xf,
    0xff, 0xf8, 0x7f, 0xff, 0xc3, 0xff, 0xfe, 0x1f,
    0xff, 0xf0, 0xff, 0xe7, 0x61, 0xff, 0xff, 0xf,
    0xff, 0x4a, 0x1f, 0xff, 0xf0, 0xff, 0xff, 0x87,
    0xff, 0xfc, 0x3f, 0xff, 0xe1, 0xff, 0xe3, 0x43,
    0xff, 0xfe, 0x1f, 0xfe, 0x9c, 0x3f, 0xff, 0xe1,
    0xff, 0xff, 0xf, 0xff, 0xf8, 0x7f, 0xff, 0xc3,
    0xff, 0xfe, 0x1f, 0xff, 0xf0, 0xff, 0xe7, 0x21,
    0xff, 0xff, 0xf, 0xff, 0xf8, 0x7f, 0xff, 0xc3,
    0xff, 0xfe, 0x1f, 0xfe, 0x24, 0x3f, 0xff, 0xe1,
    0xff, 0xff, 0xf, 0xff, 0xf8, 0x7f, 0xff, 0xc3,
    0xff, 0xfe, 0x1f, 0xff, 0xb4, 0x3f, 0xfa, 0x38,
    0x7f, 0xff, 0xc3, 0xff, 0xfe, 0x1f, 0xff, 0xf0,
    0xff, 0xff, 0x87, 0xff, 0x15, 0xf, 0xff, 0xf8,
    0x7f, 0xfa, 0x70, 0xff, 0xff, 0x87, 0xff, 0xfc,
    0x3f, 0xff, 0xe1, 0xff, 0xff, 0xf, 0xff, 0xf8,
    0x7f, 0xff, 0xc3, 0xff, 0x9c, 0x87, 0xff, 0xfc,
    0x3f, 0xff, 0xe1, 0xff, 0xff, 0xf, 0xff, 0xf8,
    0x7f, 0xf8, 0x90, 0xff, 0xff, 0x87, 0xff, 0xfc,
    0x3f, 0xff, 0xe1, 0xff, 0xff, 0xf, 0xff, 0xf8,
    0x7f, 0xff, 0xc3, 0xff, 0x9d, 0x87, 0xff, 0xfc,
    0x3f, 0xfd, 0x28, 0x7f, 0xff, 0xc3, 0xff, 0xfe,
    0x1f, 0xff, 0xf0, 0xff, 0xff, 0x87, 0xff, 0x17,
    0xf, 0xfe, 0x8a, 0x1f, 0xff, 0xf0, 0xff, 0xff,
    0x87, 0xff, 0xfc, 0x3f, 0xff, 0xe1, 0xff, 0xff,
    0xf, 0xff, 0xda, 0x1f, 0xff, 0xf0, 0xff, 0xff,
    0x87, 0xff, 0xfc, 0x3f, 0xff, 0xe1, 0xff, 0xff,
    0xf, 0xff, 0xf8, 0x7f, 0xfa, 0xd0, 0xff, 0xff,
    0x87, 0xff, 0xfc, 0x3f, 0xff, 0xe1, 0xff, 0xff,
    0xf, 0xff, 0xf8, 0x7f, 0xfe, 0xd0, 0xff, 0xe8,
    0xe1, 0xff, 0xff, 0xf, 0xff, 0xf8, 0x7f, 0xff,
    0xc3, 0xff, 0xfe, 0x1f, 0xff, 0xf0, 0xff, 0xfd,
    0xe1, 0xff, 0xd1, 0x43, 0xff, 0xfe, 0x1f, 0xff,
    0xf0, 0xff, 0xff, 0x87, 0xff, 0xfc, 0x3f, 0xff,
    0xe1, 0xff, 0xfb, 0x43, 0xff, 0xfe, 0x1f, 0xff,
    0xf0, 0xff, 0xff, 0x87, 0xff, 0xfc, 0x3f, 0xfc,
    0x48, 0x7f, 0xff, 0xc3, 0xff, 0xfe, 0x1f, 0xff,
    0xf0, 0xff, 0xff, 0x87, 0xff, 0xfc, 0x3f, 0xff,
    0x68, 0x7f, 0xf4, 0x70, 0xff, 0xff, 0x87, 0xff,
    0xfc, 0x3f, 0xff, 0xe1, 0xff, 0xff, 0xf, 0xff,
    0xf8, 0x7f, 0xfe, 0xf0, 0xff, 0xe8, 0xa1, 0xff,
    0xff, 0xf, 0xff, 0xf8, 0x7f, 0xff, 0xc3, 0xff,
    0xfe, 0x1f, 0xff, 0xf0, 0xff, 0xfd, 0xa1, 0xff,
    0xff, 0xf, 0xff, 0xf8, 0x7f, 0xff, 0xc3, 0xff,
    0xfe, 0x1f, 0xff, 0xf0, 0xff, 0xff, 0x87, 0xff,
    0xad, 0xf, 0xff, 0xf8, 0x7f, 0xff, 0xc3, 0xff,
    0xfe, 0x1f, 0xff, 0x24, 0x3f, 0xff, 0xe1, 0xff,
    0xff, 0xf, 0xfe, 0xd6, 0x1f, 0xff, 0xf0, 0xff,
    0xff, 0x87, 0xff, 0xfc, 0x3f, 0xfe, 0x58, 0x7f,
    0xff, 0xc3, 0xff, 0xfe, 0x1f, 0xfd, 0xa4, 0x3f,
    0xff, 0xe1, 0xff, 0xff, 0xf, 0xff, 0xf8, 0x7f,
    0xfc, 0x90, 0xff, 0xff, 0x87, 0xff, 0xfc, 0x3f,
    0xff, 0xe1, 0xff, 0xff, 0xf, 0xff, 0xf8, 0x7f,
    0xff, 0xc3, 0xff, 0xd6, 0x87, 0xff, 0xfc, 0x3f,
    0xff, 0xe1, 0xff, 0xff, 0xf, 0xff, 0xf8, 0x7f,
    0xff, 0xc3, 0xff, 0xf6, 0x87, 0xff, 0x47, 0xf,
    0xff, 0xf8, 0x7f, 0xff, 0xc3, 0xff, 0xfe, 0x1f,
    0xff, 0x2c, 0x3f, 0xff, 0xe1, 0xff, 0xff, 0xf,
    0xd8, 0x7f, 0xf4, 0x50, 0xff, 0xff, 0x87, 0xff,
    0xa5, 0xc3, 0xff, 0xfe, 0x1f, 0xff, 0xf0, 0xfe,
    0xe0, 0xff, 0xff, 0x87, 0xff, 0xfc, 0x3f, 0x3a,
    0x1f, 0xff, 0xf0, 0xff, 0xff, 0x87, 0xeb, 0xf,
    0xff, 0xf8, 0x7f, 0xff, 0xc3, 0xfb, 0x83, 0xff,
    0xfe, 0x1f, 0xff, 0xf0, 0xfc, 0xe8, 0x7f, 0xf1,
    0x90, 0xff, 0xff, 0x87, 0xff, 0xd2, 0x81, 0xff,
    0xff, 0xf, 0xff, 0xf8, 0x7e, 0x74, 0x3f, 0xff,
    0xe1, 0xff, 0xff, 0xf, 0xd6, 0x87, 0xff, 0x7,
    0xf, 0xff, 0xf8, 0x7f, 0xfe, 0x68, 0x1f, 0xff,
    0xf0, 0xff, 0xff, 0x87, 0xe7, 0x43, 0xff, 0xfe,
    0x1f, 0xff, 0xf0, 0xfd, 0x61, 0xfc, 0x87, 0xff,
    0xfc, 0x3f, 0xff, 0xdc, 0x1f, 0xff, 0xf0, 0xff,
    0xff, 0x87, 0xe7, 0x43, 0xff, 0xfe, 0x1f, 0xff,
    0xf0, 0xfd, 0x40, 0xff, 0xff, 0x87, 0xff, 0xfc,
    0x3f, 0x3c, 0x1f, 0xff, 0xf0, 0xff, 0xff, 0x87,
    0xe7, 0x83, 0xff, 0x90,

    /* U+0035 "5" */
    0xf, 0xfe, 0x23, 0x7f, 0xff, 0xff, 0xff, 0xfd,
    0x21, 0xff, 0xc4, 0xb9, 0xf, 0xff, 0xf8, 0x7f,
    0xfa, 0x30, 0xff, 0xe1, 0xe8, 0x7f, 0xff, 0xc3,
    0xff, 0xd5, 0x7, 0xff, 0xf, 0xf, 0xff, 0xf8,
    0x7f, 0xfb, 0x10, 0xff, 0xe1, 0x41, 0xff, 0xff,
    0xf, 0xff, 0x66, 0x1f, 0xfc, 0x34, 0x3f, 0xff,
    0xe1, 0xff, 0xeb, 0x83, 0xff, 0x87, 0x7, 0xff,
    0xfc, 0x3f, 0xfd, 0x88, 0x7f, 0xf0, 0xe0, 0xff,
    0xff, 0x87, 0xff, 0xaf, 0xf, 0xfe, 0x2f, 0x7,
    0xff, 0xfc, 0x3f, 0xfd, 0x10, 0x7f, 0xf1, 0xdd,
    0xf, 0xff, 0xf8, 0x7f, 0xf9, 0x90, 0xff, 0xe4,
    0xd0, 0x3f, 0xff, 0xe1, 0xff, 0xe4, 0xc3, 0xff,
    0x96, 0xe8, 0x7f, 0xff, 0xc3, 0xff, 0xc3, 0x7,
    0xff, 0x3a, 0xc3, 0xff, 0xfe, 0x1f, 0xfe, 0x4,
    0x3f, 0xf8, 0xdc, 0x1f, 0xb8, 0x3f, 0xff, 0xe1,
    0xff, 0xdd, 0xc3, 0xff, 0x90, 0xe8, 0x7c, 0xe8,
    0x7f, 0xff, 0xc3, 0xff, 0xb5, 0x7, 0xff, 0x2e,
    0xc3, 0xf5, 0x87, 0xff, 0xfc, 0x3f, 0xfb, 0x28,
    0x7f, 0xf3, 0x78, 0x3f, 0x70, 0x7f, 0xff, 0xc3,
    0xff, 0xad, 0x87, 0xff, 0x21, 0xf, 0x3a, 0x1f,
    0x3a, 0x1f, 0xff, 0xf0, 0xff, 0xe9, 0xc1, 0xff,
    0xd2, 0xb0, 0xfd, 0x40, 0xff, 0xff, 0x87, 0xff,
    0x49, 0xf, 0xfe, 0xa7, 0x7, 0xce, 0x87, 0xff,
    0xfc, 0x3f, 0xf9, 0xf8, 0x7f, 0xf2, 0xb0, 0xff,
    0x9d, 0xf, 0xad, 0xf, 0xff, 0xf8, 0x7f, 0xf3,
    0x20, 0xff, 0xec, 0xd0, 0x3f, 0x50, 0x3f, 0xff,
    0xe1, 0xff, 0xcb, 0x43, 0xff, 0xb4, 0xe8, 0x7c,
    0xe8, 0x7f, 0xff, 0xc3, 0xff, 0x91, 0x87, 0xff,
    0x31, 0xf, 0xfe, 0x25, 0xa1, 0xf5, 0x87, 0xff,
    0xfc, 0x3f, 0xf8, 0xd0, 0x7f, 0xf8, 0x28, 0x1f,
    0xb8, 0x3f, 0xff, 0xe1, 0xff, 0xc4, 0x43, 0xff,
    0xc2, 0xe8, 0x7c, 0xe8, 0x7f, 0xff, 0xc3, 0xff,
    0x83, 0x87, 0xff, 0x92, 0xc3, 0xf5, 0x3, 0xff,
    0xfe, 0x1f, 0xf4, 0x1f, 0xfe, 0x7e, 0xf, 0x9e,
    0xf, 0xff, 0xf8, 0x7f, 0x21, 0xff, 0xce, 0x43,
    0xff, 0x9a, 0xe8, 0x7c, 0xe8, 0x7f, 0xff, 0xc3,
    0xd8, 0x7f, 0xfa, 0xec, 0x3f, 0x50, 0x3f, 0xff,
    0xe1, 0xa0, 0xff, 0xf7, 0x21, 0xf9, 0xff, 0xff,
    0xff, 0xe4, 0x3f, 0xfa, 0x18, 0x7f, 0xff, 0xc3,
    0xff, 0xfe, 0x1f, 0xfc, 0xf4, 0x3f, 0xff, 0xe1,
    0xff, 0xff, 0xf, 0xff, 0xf8, 0x7f, 0xf7, 0x10,
    0xff, 0xff, 0x87, 0xff, 0xfc, 0x3f, 0xff, 0xe1,
    0xff, 0xff, 0xf, 0xff, 0xf8, 0x7f, 0xff, 0xc3,
    0xff, 0x94, 0x87, 0xff, 0xfc, 0x3f, 0xff, 0xe1,
    0xff, 0xff, 0xf, 0xff, 0xf8, 0x7f, 0xff, 0xc3,
    0xff, 0xb4, 0x87, 0xff, 0x47, 0xf, 0xff, 0xf8,
    0x7f, 0xff, 0xc3, 0xff, 0xfe, 0x1f, 0xff, 0xf0,
    0xff, 0xff, 0x87, 0xff, 0x6b, 0xf, 0xfe, 0x8a,
    0x1f, 0xff, 0xf0, 0xff, 0xff, 0x87, 0xff, 0xfc,
    0x3f, 0xff, 0xe1, 0xff, 0xff, 0xf, 0xfe, 0xd2,
    0x1f, 0xff, 0xf0, 0xff, 0xff, 0x87, 0xff, 0xfc,
    0x3f, 0xff, 0xe1, 0xff, 0xff, 0xf, 0xff, 0xf8,
    0x7f, 0xf2, 0x90, 0xff, 0xff, 0x87, 0xff, 0xfc,
    0x3f, 0xff, 0xe1, 0xff, 0xdc, 0x43, 0xff, 0xa3,
    0x87, 0xff, 0xfc, 0x3f, 0xff, 0xe1, 0xff, 0xff,
    0xf, 0xff, 0xf8, 0x7f, 0xff, 0xc3, 0xff, 0xb5,
    0x87, 0xff, 0x45, 0xf, 0xff, 0xf8, 0x7f, 0xff,
    0xc3, 0xff, 0xfe, 0x1f, 0xff, 0xf0, 0xff, 0xff,
    0x87, 0xff, 0x69, 0xf, 0xff, 0xf8, 0x7f, 0xff,
    0xc3, 0xff, 0xfe, 0x1f, 0xff, 0xf0, 0xff, 0xff,
    0x87, 0xff, 0xfc, 0x3f, 0xf9, 0x48, 0x7f, 0xff,
    0xc3, 0xff, 0xfe, 0x1f, 0xff, 0xf0, 0xff, 0xff,
    0x87, 0xff, 0xfc, 0x3f, 0xfb, 0x48, 0x7f, 0xf4,
    0x70, 0xff, 0xff, 0x87, 0xff, 0xfc, 0x3f, 0xff,
    0xe1, 0xff, 0xfa, 0x43, 0xff, 0xfe, 0x1f, 0xfd,
    0xec, 0x3f, 0xff, 0xe1, 0xff, 0xff, 0xf, 0xff,
    0xf8, 0x7f, 0xff, 0xc3, 0xff, 0xfe, 0x1f, 0xff,
    0x84, 0x3f, 0xff, 0xe1, 0xff, 0xff, 0xf, 0xff,
    0xf8, 0x7f, 0xff, 0xc3, 0xff, 0x98, 0x87, 0xff,
    0xfc, 0x3f, 0xff, 0xe1, 0xff, 0xff, 0xf, 0xff,
    0xf8, 0x7f, 0xff, 0xc3, 0xff, 0xb4, 0x87, 0xff,
    0x47, 0xf, 0xff, 0xf8, 0x7f, 0xff, 0xc3, 0xff,
    0xfe, 0x1f, 0xff, 0xf0, 0xff, 0xff, 0x87, 0xff,
    0x6b, 0xf, 0xfe, 0x8a, 0x1f, 0xff, 0xf0, 0xff,
    0xff, 0x87, 0xff, 0xfc, 0x3f, 0xff, 0xe1, 0xff,
    0xff, 0xf, 0xfe, 0xd2, 0x1f, 0xff, 0xf0, 0xff,
    0xff, 0x87, 0xff, 0xfc, 0x3f, 0xff, 0xe1, 0xff,
    0xcc, 0x43, 0xff, 0xfe, 0x1f, 0xff, 0xf0, 0xff,
    0xff, 0x87, 0xff, 0xfc, 0x3f, 0xff, 0xe1, 0xff,
    0xf8, 0xc3, 0xff, 0xfe, 0x1f, 0xfd, 0xe4, 0x3f,
    0xff, 0xe1, 0xff, 0xff, 0xf, 0xff, 0xf8, 0x7f,
    0xff, 0xc3, 0xff, 0x9a, 0x87, 0xff, 0xfc, 0x3f,
    0xfb, 0xd8, 0x7f, 0xff, 0xc3, 0xff, 0xfe, 0x1f,
    0xff, 0xf0, 0xff, 0xff, 0x87, 0xff, 0xfc, 0x3f,
    0xff, 0x8, 0x7f, 0xff, 0xc3, 0xff, 0xfe, 0x1f,
    0xfc, 0xe4, 0x3f, 0xff, 0xe1, 0xff, 0xff, 0xf,
    0xff, 0xf8, 0x7f, 0xff, 0xc3, 0xff, 0xfe, 0x1f,
    0xff, 0x8c, 0x3f, 0xff, 0xe1, 0xff, 0xde, 0x43,
    0xff, 0xfe, 0x1f, 0xff, 0xf0, 0xff, 0xff, 0x87,
    0xff, 0xfc, 0x3f, 0xf9, 0xa8, 0x7f, 0xff, 0xc3,
    0xff, 0xbd, 0x87, 0xff, 0xfc, 0x3f, 0xff, 0xe1,
    0xff, 0xff, 0xf, 0xff, 0xf8, 0x7f, 0xff, 0xc3,
    0xff, 0xf0, 0x87, 0xff, 0xfc, 0x3f, 0xff, 0xe1,
    0xff, 0xff, 0xf, 0xff, 0xf8, 0x7f, 0xf3, 0x20,
    0xef, 0xff, 0xff, 0xff, 0xf4, 0x1f, 0xfe, 0xc5,
    0x6, 0x83, 0xff, 0xfe, 0x1f, 0xce, 0x87, 0xff,
    0xaa, 0xe, 0x43, 0xff, 0xfe, 0x1f, 0xf5, 0x3,
    0xff, 0xd1, 0x7, 0x61, 0xff, 0xff, 0xf, 0xfe,
    0xb, 0xa1, 0xff, 0xca, 0x43, 0xff, 0x9c, 0xa0,
    0xd0, 0x7f, 0xff, 0xc3, 0xff, 0x89, 0x61, 0xff,
    0xe4, 0x83, 0x90, 0xff, 0xff, 0x87, 0xff, 0x1a,
    0xf, 0xff, 0x14, 0x1d, 0x87, 0xff, 0xfc, 0x3f,
    0xf8, 0xf0, 0x7f, 0xf2, 0x30, 0xff, 0xe6, 0x28,
    0x34, 0x1f, 0xff, 0xf0, 0xff, 0xe3, 0xc1, 0xff,
    0xe2, 0x83, 0x90, 0xff, 0xff, 0x87, 0xff, 0x19,
    0x41, 0xae, 0xf, 0xfe, 0xd4, 0x1d, 0x87, 0xff,
    0xfc, 0x3f, 0xf8, 0xf0, 0x65, 0xe, 0x87, 0xff,
    0x1, 0xf, 0xfe, 0x52, 0x83, 0x41, 0xff, 0xff,
    0xf, 0xfe, 0x3c, 0x1d, 0x6, 0xa0, 0x7f, 0xf5,
    0xa0, 0xe4, 0x3f, 0xff, 0xe1, 0xff, 0xc6, 0x50,
    0x68, 0x3c, 0xf0, 0x7f, 0xf4, 0xe0, 0xec, 0x3f,
    0xff, 0xe1, 0xff, 0xc7, 0x83, 0x28, 0x3f, 0x3a,
    0x1f, 0x70, 0x7f, 0xf2, 0x10, 0xd0, 0x7f, 0xff,
    0xc3, 0xff, 0x8f, 0x7, 0x41, 0xff, 0x50, 0x3e,
    0x74, 0x3f, 0xf8, 0xb8, 0x72, 0x1f, 0xff, 0xf0,
    0xff, 0xe3, 0x28, 0x34, 0x1f, 0xfc, 0x17, 0x43,
    0xea, 0x7, 0xff, 0xe, 0xe, 0xc3, 0xff, 0xfe,
    0x1f, 0xfc, 0x78, 0x32, 0x83, 0xff, 0x87, 0x61,
    0xf3, 0xa1, 0xff, 0xc1, 0x43, 0x41, 0xff, 0xff,
    0xf, 0xfe, 0x3c, 0x1d, 0x7, 0xff, 0x1b, 0x83,
    0xeb, 0xf, 0xfb, 0xe, 0x43, 0xff, 0xfe, 0x1f,
    0xfc, 0x65, 0x6, 0x83, 0xff, 0x90, 0xc1, 0xfb,
    0x83, 0xf4, 0x1d, 0x87, 0xff, 0xfc, 0x3f, 0xf8,
    0xf0, 0x65, 0x7, 0xff, 0x4d, 0xd0, 0xf2, 0x1a,
    0xf, 0xff, 0xf8, 0x7f, 0xf1, 0xe0, 0xe8, 0x3f,
    0xfa, 0xd4, 0xd, 0x87, 0x21, 0xff, 0xff, 0xf,
    0xfe, 0x32, 0x83, 0x41, 0xff, 0xd8, 0x74, 0x83,
    0xb0, 0xff, 0xff, 0x87, 0xff, 0x1e, 0xc, 0xa0,
    0xff, 0xe5, 0xe1, 0xff, 0xc2, 0xb4, 0x34, 0x1f,
    0xff, 0xf0, 0xff, 0xe3, 0xc1, 0xd0, 0x7f, 0xf8,
    0x90, 0xff, 0xff, 0x87, 0xff, 0x19, 0x41, 0xa0,
    0xff, 0xf1, 0x61, 0xff, 0xff, 0xf, 0xfe, 0x3c,
    0x19, 0x41, 0xff, 0xcd, 0x43, 0xff, 0x91, 0x87,
    0xff, 0xfc, 0x3f, 0xf8, 0xd0, 0x74, 0x1f, 0xfe,
    0x4e, 0xf, 0xff, 0xf8, 0x7f, 0xf0, 0xd4, 0x1a,
    0xf, 0xff, 0x33, 0xa1, 0xff, 0xff, 0xf, 0xfe,
    0xc, 0x19, 0x41, 0xff, 0xe8, 0xb0, 0xff, 0xff,
    0x87, 0xfd, 0x7, 0x41, 0xff, 0xeb, 0xe0, 0xff,
    0xff, 0x87, 0xe5, 0x6, 0x83, 0xff, 0xda, 0xff,
    0xff, 0xff, 0xff, 0x41, 0xc8, 0x7f, 0xf4, 0x10,
    0xff, 0xff, 0x87, 0xff, 0xfc, 0x3f, 0xff, 0xe1,
    0xff, 0xff, 0xf, 0xff, 0xf8, 0x7f, 0xfe, 0x30,
    0xff, 0xff, 0x87, 0xff, 0x79, 0xf, 0xff, 0xf8,
    0x7f, 0xff, 0xc3, 0xff, 0xfe, 0x1f, 0xff, 0xf0,
    0xff, 0xe6, 0xa1, 0xff, 0xff, 0xf, 0xfe, 0xf6,
    0x1f, 0xff, 0xf0, 0xff, 0xff, 0x87, 0xff, 0xfc,
    0x3f, 0xff, 0xe1, 0xff, 0xff, 0xf, 0xff, 0xc2,
    0x1f, 0xff, 0xf0, 0xff, 0xff, 0x87, 0xff, 0x39,
    0xf, 0xff, 0xf8, 0x7f, 0xff, 0xc3, 0xff, 0xfe,
    0x1f, 0xff, 0xf0, 0xff, 0xff, 0x87, 0xff, 0xe3,
    0xf, 0xff, 0xf8, 0x7f, 0xf7, 0x90, 0xff, 0xff,
    0x87, 0xff, 0xfc, 0x3f, 0xff, 0xe1, 0xff, 0xff,
    0xf, 0xfe, 0x6a, 0x1f, 0xff, 0xf0, 0xff, 0xef,
    0x61, 0xff, 0xff, 0xf, 0xff, 0xf8, 0x7f, 0xff,
    0xc3, 0xff, 0xfe, 0x1f, 0xff, 0xf0, 0xff, 0xfc,
    0x21, 0xff, 0xff, 0xf, 0xff, 0xf8, 0x7f, 0xff,
    0xc3, 0xff, 0xfe, 0x1f, 0xfc, 0xc4, 0x3f, 0xff,
    0xe1, 0xff, 0xff, 0xf, 0xff, 0xf8, 0x7f, 0xff,
    0xc3, 0xff, 0xfe, 0x1f, 0xfd, 0xa4, 0x3f, 0xfa,
    0x38, 0x7f, 0xff, 0xc3, 0xff, 0xfe, 0x1f, 0xff,
    0xf0, 0xff, 0xff, 0x87, 0xff, 0xfc, 0x3f, 0xfb,
    0x58, 0x7f, 0xf4, 0x50, 0xff, 0xff, 0x87, 0xff,
    0xfc, 0x3f, 0xff, 0xe1, 0xff, 0xff, 0xf, 0xff,
    0xf8, 0x7f, 0xf6, 0x90, 0xff, 0xff, 0x87, 0xff,
    0xfc, 0x3f, 0xff, 0xe1, 0xff, 0xff, 0xf, 0xfe,
    0x62, 0x1f, 0xff, 0xf0, 0xff, 0xff, 0x87, 0xff,
    0xfc, 0x3f, 0xff, 0xe1, 0xff, 0xff, 0xf, 0xff,
    0xc6, 0x1f, 0xff, 0xf0, 0xff, 0xef, 0x21, 0xff,
    0xff, 0xf, 0xff, 0xf8, 0x7f, 0xff, 0xc3, 0xff,
    0xf5, 0x87, 0xff, 0x45, 0xf, 0xff, 0xf8, 0x7f,
    0xff, 0xc3, 0xff, 0xfe, 0x1f, 0xff, 0xf0, 0xff,
    0xff, 0x87, 0xff, 0x69, 0xf, 0xff, 0xf8, 0x7f,
    0xff, 0xc3, 0xff, 0xfe, 0x1f, 0xff, 0xf0, 0xff,
    0xff, 0x87, 0xff, 0xfc, 0x3f, 0xf9, 0x48, 0x7f,
    0xff, 0xc3, 0xff, 0xfe, 0x1f, 0xff, 0xf0, 0xff,
    0xff, 0x87, 0xff, 0xfc, 0x3f, 0xfb, 0x48, 0x7f,
    0xf4, 0x70, 0xff, 0xff, 0x87, 0xff, 0xfc, 0x3f,
    0xff, 0xe1, 0xff, 0xff, 0xf, 0xff, 0xf8, 0x7f,
    0xf6, 0xb0, 0xff, 0xe8, 0xa1, 0xff, 0xff, 0xf,
    0xff, 0xf8, 0x7f, 0xff, 0xc3, 0xff, 0xb8, 0x87,
    0xff, 0xfc, 0x3f, 0xff, 0xe1, 0xff, 0xff, 0xf,
    0xff, 0xf8, 0x7f, 0xff, 0xc3, 0xff, 0xfe, 0x1f,
    0xff, 0xf0, 0xff, 0xff, 0x87, 0xff, 0x21, 0xf,
    0xff, 0xf8, 0x7f, 0xff, 0xc3, 0xff, 0xfe, 0x1f,
    0xfd, 0xc4, 0x3f, 0xfa, 0x38, 0x7f, 0xff, 0xc3,
    0xff, 0xfe, 0x1f, 0xff, 0xf0, 0xff, 0xff, 0x87,
    0xff, 0xfc, 0x3f, 0xfb, 0x58, 0x7f, 0xf4, 0x50,
    0xff, 0xff, 0x87, 0xff, 0xfc, 0x3f, 0xff, 0xe1,
    0xff, 0xff, 0xf, 0xff, 0xf8, 0x7f, 0xf6, 0x90,
    0xff, 0xff, 0x87, 0xff, 0xfc, 0x3f, 0xff, 0xe1,
    0xff, 0xff, 0xf, 0xff, 0xf8, 0x7f, 0xff, 0xc3,
    0xff, 0x94, 0x87, 0xff, 0xfc, 0x3f, 0xff, 0xe1,
    0xff, 0xff, 0xf, 0xfe, 0xe2, 0x1f, 0xff, 0xf0,
    0xff, 0xff, 0x87, 0xff, 0x3f, 0xf, 0xff, 0xf8,
    0x7f, 0xff, 0xc3, 0xff, 0xfe, 0x1f, 0xfd, 0xcc,
    0x3f, 0xfd, 0xd7, 0xff, 0xff, 0xff, 0x7, 0xf4,
    0x1f, 0xfd, 0x14, 0x3f, 0xf9, 0xea, 0xf, 0xff,
    0xf8, 0x6e, 0xf, 0xdc, 0x1f, 0xfe, 0xb8, 0x3f,
    0xff, 0xe1, 0xe7, 0x43, 0xe7, 0x43, 0xff, 0xd1,
    0x7, 0xff, 0xfc, 0x3f, 0xac, 0x3f, 0x50, 0x3f,
    0xfc, 0xca, 0xf, 0xff, 0xf8, 0x7f, 0xdc, 0x1f,
    0x3a, 0x1f, 0xfe, 0x48, 0x3f, 0xff, 0xe1, 0xff,
    0xc1, 0x74, 0x3e, 0xb4, 0x3f, 0xfc, 0x30, 0x7f,
    0xff, 0xc3, 0xff, 0x89, 0x40, 0xfd, 0x40, 0xff,
    0xe3, 0x21, 0xff, 0xcc, 0x50, 0x7f, 0xff, 0xc3,
    0xff, 0x8a, 0xe8, 0x7c, 0xe8, 0x7f, 0xf7, 0x60,
    0xff, 0xff, 0x87, 0xff, 0x22, 0xd0, 0xfa, 0xc3,
    0xff, 0x87, 0x87, 0xff, 0x2e, 0xf, 0xff, 0xf8,
    0x7f, 0xf2, 0xe8, 0x1f, 0xb8, 0x3f, 0xfb, 0xa,
    0xf, 0xff, 0xf8, 0x7f, 0xf3, 0x1d, 0xf, 0x9d,
    0xf, 0xfe, 0xb4, 0x1f, 0xff, 0xf0, 0xff, 0xe7,
    0xd8, 0x7e, 0xa0, 0x7f, 0x90, 0xff, 0xe4, 0xc1,
    0xff, 0xff, 0xf, 0xfe, 0x97, 0x7, 0xcf, 0x7,
    0xff, 0x45, 0x41, 0xff, 0xff, 0xf, 0xfe, 0x9b,
    0xa1, 0xf3, 0xa1, 0xff, 0xcf, 0x83, 0xff, 0xfe,
    0x1f, 0xfd, 0x6a, 0x7, 0xea, 0x7, 0xff, 0x36,
    0xf, 0xff, 0xf8, 0x7f, 0xf6, 0x1d, 0xf, 0x9d,
    0xf, 0xfe, 0x52, 0x83, 0xff, 0xfe, 0x1f, 0xfd,
    0xab, 0x43, 0xeb, 0xf, 0xfe, 0x4c, 0x1f, 0xff,
    0xf0, 0xff, 0xee, 0xd0, 0x3f, 0x78, 0x3f, 0xf8,
    0xd0, 0x7f, 0xff, 0xc3, 0xff, 0xbe, 0xe8, 0x7f,
    0xf3, 0x54, 0x1f, 0xff, 0xf0, 0xff, 0xf0, 0xd8,
    0x7f, 0xf3, 0x20, 0xff, 0xff, 0x87, 0xff, 0x93,
    0x83, 0xff, 0x93, 0x7, 0xff, 0xfc, 0x3f, 0xfc,
    0xce, 0x87, 0xff, 0x19, 0x41, 0xff, 0xff, 0xf,
    0xff, 0x45, 0x3, 0xff, 0x8b, 0x7, 0xff, 0xfc,
    0x3f, 0xfd, 0x4c, 0x1f, 0xfc, 0x38, 0x3f, 0xff,
    0xe1, 0xff, 0xec, 0x83, 0xff, 0x84, 0xa0, 0xff,
    0xff, 0x87, 0xff, 0xae, 0xf, 0xfe, 0x1c, 0x1f,
    0xff, 0xf0, 0xff, 0xf5, 0xa8, 0x3f, 0xf8, 0x50,
    0x7f, 0xff, 0xc3, 0xff, 0xd6, 0xc1, 0xff, 0xc2,
    0x50, 0x7f, 0xff, 0xc3, 0xff, 0xd5, 0x40, 0xff,
    0xe1, 0xc1, 0xff, 0xff, 0xf, 0xff, 0x43, 0x68,
    0x7f, 0xf0, 0x80,

    /* U+0036 "6" */
    0xf, 0xfe, 0x7b, 0x7f, 0xff, 0xff, 0xff, 0xfd,
    0x21, 0xff, 0xcf, 0xb9, 0xf, 0xff, 0xf8, 0x7f,
    0xfa, 0x30, 0xff, 0xe7, 0x68, 0x7f, 0xff, 0xc3,
    0xff, 0xd5, 0x7, 0xff, 0x3b, 0xf, 0xff, 0xf8,
    0x7f, 0xfb, 0x10, 0xff, 0xe6, 0xc1, 0xff, 0xff,
    0xf, 0xff, 0x66, 0x1f, 0xfc, 0xe4, 0x3f, 0xff,
    0xe1, 0xff, 0xeb, 0x83, 0xff, 0x9d, 0x7, 0xff,
    0xfc, 0x3f, 0xfd, 0x88, 0x7f, 0xf3, 0xa0, 0xff,
    0xff, 0x87, 0xff, 0xaf, 0xf, 0xfe, 0x87, 0x7,
    0xff, 0xfc, 0x3f, 0xfd, 0x10, 0x7f, 0xf4, 0x9d,
    0xf, 0xff, 0xf8, 0x7f, 0xf9, 0x90, 0xff, 0xea,
    0x50, 0x3f, 0xff, 0xe1, 0xff, 0xe4, 0xc3, 0xff,
    0xac, 0xe8, 0x7f, 0xff, 0xc3, 0xff, 0xc3, 0x7,
    0xff, 0x66, 0xc3, 0xff, 0xfe, 0x1f, 0xfe, 0x4,
    0x3f, 0xfa, 0x3c, 0x1f, 0xb8, 0x3f, 0xff, 0xe1,
    0xff, 0xdd, 0xc3, 0xff, 0xa6, 0xe8, 0x7c, 0xe8,
    0x7f, 0xff, 0xc3, 0xff, 0xb5, 0x7, 0xff, 0x5a,
    0xc3, 0xf5, 0x87, 0xff, 0xfc, 0x3f, 0xfb, 0x28,
    0x7f, 0xf6, 0x38, 0x3f, 0x70, 0x7f, 0xff, 0xc3,
    0xff, 0xad, 0x87, 0xff, 0x4d, 0xf, 0x3a, 0x1f,
    0x3a, 0x1f, 0xff, 0xf0, 0xff, 0xe9, 0xc1, 0xff,
    0xdd, 0xb0, 0xfd, 0x40, 0xff, 0xff, 0x87, 0xff,
    0x49, 0xf, 0xfe, 0xff, 0x7, 0xce, 0x87, 0xff,
    0xfc, 0x3f, 0xf9, 0xf8, 0x7f, 0xf5, 0x70, 0xff,
    0x9d, 0xf, 0xad, 0xf, 0xff, 0xf8, 0x7f, 0xf3,
    0x20, 0xff, 0xf2, 0x50, 0x3f, 0x50, 0x3f, 0xff,
    0xe1, 0xff, 0xcb, 0x43, 0xff, 0xca, 0xe8, 0x7c,
    0xe8, 0x7f, 0xff, 0xc3, 0xff, 0x91, 0x87, 0xff,
    0x5d, 0xf, 0xfe, 0x25, 0xa1, 0xf5, 0x87, 0xff,
    0xfc, 0x3f, 0xf8, 0xd0, 0x7f, 0xfa, 0xe8, 0x1f,
    0xb8, 0x3f, 0xff, 0xe1, 0xff, 0xc4, 0x43, 0xff,
    0xd8, 0xe8, 0x7c, 0xe8, 0x7f, 0xff, 0xc3, 0xff,
    0x83, 0x87, 0xff, 0xbe, 0xc3, 0xf5, 0x3, 0xff,
    0xfe, 0x1f, 0xf4, 0x1f, 0xff, 0x2e, 0xf, 0x9e,
    0xf, 0xff, 0xf8, 0x7f, 0x21, 0xff, 0xd9, 0x43,
    0xff, 0x9a, 0xe8, 0x7c, 0xe8, 0x7f, 0xff, 0xc3,
    0xd8, 0x7f, 0xfd, 0xac, 0x3f, 0x50, 0x3f, 0xff,
    0xe1, 0xa0, 0xff, 0xfc, 0xa1, 0xf9, 0xff, 0xff,
    0xff, 0xe4, 0x3f, 0xfb, 0x78, 0x7f, 0xff, 0xc3,
    0xff, 0xfe, 0x1f, 0xfd, 0xa4, 0x3f, 0xff, 0xe1,
    0xff, 0xff, 0xf, 0xff, 0xf8, 0x7f, 0xfc, 0x90,
    0xff, 0xff, 0x87, 0xff, 0xfc, 0x3f, 0xff, 0xe1,
    0xff, 0xff, 0xf, 0xff, 0xf8, 0x7f, 0xff, 0xc3,
    0xff, 0xd6, 0x87, 0xff, 0xfc, 0x3f, 0xff, 0xe1,
    0xff, 0xff, 0xf, 0xff, 0xf8, 0x7f, 0xff, 0xc3,
    0xff, 0xf6, 0x87, 0xff, 0x47, 0xf, 0xff, 0xf8,
    0x7f, 0xff, 0xc3, 0xff, 0xfe, 0x1f, 0xff, 0xf0,
    0xff, 0xff, 0x87, 0xff, 0xef, 0xf, 0xfe, 0x8a,
    0x1f, 0xff, 0xf0, 0xff, 0xff, 0x87, 0xff, 0xfc,
    0x3f, 0xff, 0xe1, 0xff, 0xff, 0xf, 0xff, 0xda,
    0x1f, 0xff, 0xf0, 0xff, 0xff, 0x87, 0xff, 0xfc,
    0x3f, 0xff, 0xe1, 0xff, 0xff, 0xf, 0xff, 0xf8,
    0x7f, 0xfa, 0xd0, 0xff, 0xff, 0x87, 0xff, 0xfc,
    0x3f, 0xff, 0xe1, 0xff, 0xf2, 0x43, 0xff, 0xa3,
    0x87, 0xff, 0xfc, 0x3f, 0xff, 0xe1, 0xff, 0xff,
    0xf, 0xff, 0xf8, 0x7f, 0xff, 0xc3, 0xff, 0xf7,
    0x87, 0xff, 0x45, 0xf, 0xff, 0xf8, 0x7f, 0xff,
    0xc3, 0xff, 0xfe, 0x1f, 0xff, 0xf0, 0xff, 0xff,
    0x87, 0xff, 0xed, 0xf, 0xff, 0xf8, 0x7f, 0xff,
    0xc3, 0xff, 0xfe, 0x1f, 0xff, 0xf0, 0xff, 0xff,
    0x87, 0xff, 0xfc, 0x3f, 0xfd, 0x68, 0x7f, 0xff,
    0xc3, 0xff, 0xfe, 0x1f, 0xff, 0xf0, 0xff, 0xff,
    0x87, 0xff, 0xfc, 0x3f, 0xff, 0x68, 0x7f, 0xf4,
    0x70, 0xff, 0xff, 0x87, 0xff, 0xfc, 0x3f, 0xff,
    0xe1, 0xff, 0xff, 0xf, 0xfe, 0x2a, 0x1f, 0xff,
    0xf0, 0xff, 0xf4, 0xe1, 0xff, 0xff, 0xf, 0xff,
    0xf8, 0x7f, 0xff, 0xc3, 0xff, 0xfe, 0x1f, 0xff,
    0xf0, 0xff, 0xff, 0x87, 0xff, 0x39, 0xf, 0xff,
    0xf8, 0x7f, 0xff, 0xc3, 0xff, 0xfe, 0x1f, 0xff,
    0xf0, 0xff, 0xf1, 0x21, 0xff, 0xff, 0xf, 0xff,
    0xf8, 0x7f, 0xff, 0xc3, 0xff, 0xfe, 0x1f, 0xff,
    0xf0, 0xff, 0xfd, 0xa1, 0xff, 0xd1, 0xc3, 0xff,
    0xfe, 0x1f, 0xff, 0xf0, 0xff, 0xff, 0x87, 0xff,
    0xfc, 0x3f, 0xff, 0xe1, 0xff, 0xfb, 0xc3, 0xff,
    0xa2, 0x87, 0xff, 0xfc, 0x3f, 0xff, 0xe1, 0xff,
    0xff, 0xf, 0xff, 0xf8, 0x7f, 0xff, 0xc3, 0xff,
    0xf6, 0x87, 0xff, 0xfc, 0x3f, 0xff, 0xe1, 0xff,
    0xff, 0xf, 0xff, 0xf8, 0x7f, 0xf8, 0x90, 0xff,
    0xff, 0x87, 0xff, 0xfc, 0x3f, 0xff, 0xe1, 0xff,
    0xff, 0xf, 0xff, 0xf8, 0x7f, 0xff, 0xc3, 0xff,
    0x9d, 0x87, 0xff, 0xfc, 0x3f, 0xfd, 0x28, 0x7f,
    0xff, 0xc3, 0xff, 0xfe, 0x1f, 0xff, 0xf0, 0xff,
    0xff, 0x87, 0xff, 0x8d, 0xf, 0xff, 0xf8, 0x7f,
    0xfa, 0x70, 0xff, 0xff, 0x87, 0xff, 0xfc, 0x3f,
    0xff, 0xe1, 0xff, 0xff, 0xf, 0xff, 0xf8, 0x7f,
    0xff, 0xc3, 0xff, 0x9c, 0x87, 0xff, 0xfc, 0x3f,
    0xff, 0xe1, 0xff, 0xd9, 0x43, 0xff, 0xfe, 0x1f,
    0xff, 0xf0, 0xff, 0xff, 0x87, 0xff, 0xfc, 0x3f,
    0xff, 0xe1, 0xff, 0xff, 0xf, 0xfe, 0x76, 0x1f,
    0xff, 0xf0, 0xff, 0xf4, 0xa1, 0xff, 0xff, 0xf,
    0xff, 0xf8, 0x7f, 0xff, 0xc3, 0xff, 0xfe, 0x1f,
    0xfe, 0x34, 0x3f, 0xff, 0xe1, 0xff, 0xe9, 0xc3,
    0xff, 0xfe, 0x1f, 0xff, 0xf0, 0xff, 0xff, 0x87,
    0xff, 0xfc, 0x3f, 0xff, 0xe1, 0xff, 0xff, 0xf,
    0xfe, 0x72, 0x1f, 0xff, 0xf0, 0xff, 0xff, 0x87,
    0xff, 0xfc, 0x3f, 0xff, 0xe1, 0xff, 0xe2, 0x83,
    0xbf, 0xff, 0xff, 0xff, 0xd0, 0x7f, 0xfd, 0xd4,
    0x1a, 0xf, 0xff, 0xf8, 0x7f, 0x3a, 0x1f, 0xff,
    0x58, 0x39, 0xf, 0xff, 0xf8, 0x7f, 0xd4, 0xf,
    0xff, 0x9c, 0x1d, 0x87, 0xff, 0xfc, 0x3f, 0xf8,
    0x2e, 0x87, 0xff, 0x55, 0xf, 0xfe, 0x72, 0x83,
    0x41, 0xff, 0xff, 0xf, 0xfe, 0x25, 0x87, 0xff,
    0xbe, 0xe, 0x43, 0xff, 0xfe, 0x1f, 0xfc, 0x68,
    0x3f, 0xfd, 0xb0, 0x76, 0x1f, 0xff, 0xf0, 0xff,
    0xe3, 0xc1, 0xff, 0xd3, 0xc3, 0xff, 0x98, 0xa0,
    0xd0, 0x7f, 0xff, 0xc3, 0xff, 0x8f, 0x7, 0xff,
    0xb6, 0xe, 0x43, 0xff, 0xfe, 0x1f, 0xfc, 0x65,
    0x6, 0xb8, 0x3f, 0xfc, 0xb0, 0x76, 0x1f, 0xff,
    0xf0, 0xff, 0xe3, 0xc1, 0x94, 0x3a, 0x1f, 0xfc,
    0xb4, 0x3f, 0xf9, 0x4a, 0xd, 0x7, 0xff, 0xfc,
    0x3f, 0xf8, 0xf0, 0x74, 0x1a, 0x81, 0xff, 0xe1,
    0x83, 0x90, 0xff, 0xff, 0x87, 0xff, 0x19, 0x41,
    0xa0, 0xf3, 0xc1, 0xff, 0xde, 0x83, 0xb0, 0xff,
    0xff, 0x87, 0xff, 0x1e, 0xc, 0xa0, 0xfc, 0xe8,
    0x7f, 0xf1, 0xb8, 0x3f, 0xf9, 0x8, 0x68, 0x3f,
    0xff, 0xe1, 0xff, 0xc7, 0x83, 0xa0, 0xff, 0xa8,
    0x1f, 0xfc, 0x67, 0x43, 0xff, 0x8b, 0x87, 0x21,
    0xff, 0xff, 0xf, 0xfe, 0x32, 0x83, 0x41, 0xff,
    0xc1, 0x74, 0x3f, 0xf8, 0xd4, 0xf, 0xfe, 0x1c,
    0x1d, 0x87, 0xff, 0xfc, 0x3f, 0xf8, 0xf0, 0x65,
    0x7, 0xff, 0xe, 0xc3, 0xff, 0x8c, 0xe8, 0x7f,
    0xf0, 0x50, 0xd0, 0x7f, 0xff, 0xc3, 0xff, 0x8f,
    0x7, 0x41, 0xff, 0xc6, 0xe0, 0xff, 0xe3, 0x58,
    0x7f, 0xd8, 0x72, 0x1f, 0xff, 0xf0, 0xff, 0xe3,
    0x28, 0x34, 0x1f, 0xfc, 0x86, 0xf, 0xf2, 0x1f,
    0xb8, 0x3f, 0x41, 0xd8, 0x7f, 0xff, 0xc3, 0xff,
    0x8f, 0x6, 0x50, 0x7f, 0xf5, 0x3c, 0x87, 0xce,
    0x87, 0x90, 0xd0, 0x7f, 0xff, 0xc3, 0xff, 0x8f,
    0x7, 0x41, 0xff, 0xd7, 0xb0, 0xfd, 0x40, 0xd8,
    0x72, 0x1f, 0xff, 0xf0, 0xff, 0xe3, 0x28, 0x34,
    0x1f, 0xfd, 0x64, 0x2e, 0xf, 0x9d, 0x20, 0xec,
    0x3f, 0xff, 0xe1, 0xff, 0xc7, 0x83, 0x28, 0x3f,
    0xf9, 0x78, 0x7f, 0xf0, 0xdd, 0xf, 0xad, 0xd,
    0x7, 0xff, 0xfc, 0x3f, 0xf8, 0xf0, 0x74, 0x1f,
    0xfd, 0xea, 0x7, 0xff, 0x5, 0xf, 0xff, 0xf8,
    0x7f, 0xf1, 0x94, 0x1a, 0xf, 0xff, 0x3, 0xa1,
    0xfe, 0xc3, 0xff, 0xfe, 0x1f, 0xfc, 0x78, 0x32,
    0x83, 0xff, 0x9a, 0x87, 0xff, 0x22, 0xc3, 0xfb,
    0xf, 0xff, 0xf8, 0x7f, 0xf1, 0xa0, 0xe8, 0x3f,
    0xfc, 0xbc, 0x1f, 0xb8, 0x3f, 0xff, 0xe1, 0xff,
    0xc3, 0x50, 0x68, 0x3f, 0xfb, 0x28, 0x7f, 0xf0,
    0x5e, 0xf, 0x9d, 0xf, 0xff, 0xf8, 0x7f, 0xf0,
    0x60, 0xca, 0xf, 0xff, 0x4b, 0xa1, 0xf5, 0x87,
    0xff, 0xfc, 0x3f, 0xe8, 0x3a, 0xf, 0xff, 0x65,
    0x3, 0xf7, 0x7, 0xff, 0xfc, 0x3f, 0x28, 0x34,
    0x1f, 0xfd, 0xbc, 0x3f, 0xf8, 0xce, 0x87, 0xcf,
    0xff, 0xff, 0xff, 0xf4, 0x1c, 0x87, 0xff, 0x41,
    0xf, 0xfe, 0x9d, 0x87, 0xff, 0xfc, 0x3f, 0xff,
    0xe1, 0xfd, 0xc1, 0xff, 0xff, 0xf, 0xff, 0x7a,
    0x1f, 0xfc, 0xb7, 0x43, 0xff, 0xfe, 0x1f, 0xfe,
    0x2c, 0x3f, 0xfb, 0x14, 0xf, 0xff, 0xf8, 0x7f,
    0xf0, 0xd0, 0xff, 0xfb, 0xba, 0x1f, 0xff, 0xf0,
    0xff, 0xff, 0x87, 0xec, 0x3f, 0xff, 0xe1, 0xff,
    0xdf, 0x43, 0xff, 0xb7, 0x87, 0xff, 0xfc, 0x3f,
    0xf8, 0x38, 0x7f, 0xf6, 0xd0, 0xff, 0xff, 0x87,
    0xff, 0xfc, 0x3f, 0xfb, 0x48, 0x7f, 0xff, 0xc3,
    0xff, 0xfe, 0x1f, 0xff, 0xf0, 0xff, 0xe5, 0x21,
    0xff, 0xdb, 0xc3, 0xff, 0xfe, 0x1f, 0xff, 0xc4,
    0x3f, 0xff, 0xe1, 0xff, 0xff, 0xf, 0xff, 0xf8,
    0x7f, 0xff, 0xc3, 0xff, 0xa0, 0x87, 0xff, 0xfc,
    0x3f, 0xff, 0x98, 0x7f, 0xf6, 0xd0, 0xff, 0xff,
    0x87, 0xff, 0x5, 0xf, 0xff, 0xf8, 0x7f, 0xff,
    0xc3, 0xff, 0xfe, 0x1f, 0xff, 0xf0, 0xff, 0xf1,
    0xa1, 0xff, 0xdb, 0xc3, 0xff, 0xfe, 0x1f, 0xfc,
    0x1c, 0x3f, 0xff, 0xe1, 0xff, 0xff, 0xf, 0xff,
    0x22, 0x1f, 0xff, 0xf0, 0xff, 0xff, 0x87, 0xff,
    0x69, 0xf, 0xff, 0xf8, 0x7f, 0xf0, 0x50, 0xff,
    0xff, 0x87, 0xff, 0xfc, 0x3f, 0xfc, 0x98, 0x7f,
    0xff, 0xc3, 0xff, 0xf8, 0x87, 0xff, 0xfc, 0x3f,
    0xff, 0xe1, 0xff, 0xff, 0xf, 0xff, 0xf8, 0x7f,
    0xf4, 0x10, 0xff, 0xe8, 0x21, 0xff, 0xff, 0xf,
    0xfe, 0xa, 0x1f, 0xfd, 0x1c, 0x3f, 0xff, 0xe1,
    0xff, 0xff, 0xf, 0xff, 0xf8, 0x7f, 0xff, 0xc3,
    0xff, 0xdb, 0x87, 0xff, 0xfc, 0x3f, 0xf8, 0x38,
    0x7f, 0xf4, 0x50, 0xff, 0xff, 0x87, 0xff, 0xfc,
    0x3f, 0xf8, 0xc8, 0x7f, 0xff, 0xc3, 0xff, 0xfe,
    0x1f, 0xfd, 0xa4, 0x3f, 0xff, 0xe1, 0xff, 0xc1,
    0x43, 0xff, 0xfe, 0x1f, 0xff, 0xf0, 0xff, 0xf2,
    0x61, 0xff, 0xff, 0xf, 0xff, 0xe2, 0x1f, 0xff,
    0xf0, 0xff, 0xff, 0x87, 0xff, 0xfc, 0x3f, 0xff,
    0xe1, 0xff, 0xd0, 0x43, 0xff, 0xfe, 0x1f, 0xff,
    0xcc, 0x3f, 0xfb, 0x68, 0x7f, 0xff, 0xc3, 0xff,
    0x82, 0x87, 0xff, 0xfc, 0x3f, 0xff, 0xe1, 0xff,
    0xff, 0xf, 0xff, 0xf8, 0x7f, 0xf1, 0x70, 0xff,
    0xe8, 0xa1, 0xff, 0xdb, 0xc3, 0xff, 0xfe, 0x1f,
    0xff, 0xf0, 0xff, 0xff, 0x87, 0xff, 0xc9, 0xf,
    0xfe, 0x8a, 0x1f, 0xff, 0xf0, 0xff, 0xe0, 0xa1,
    0xff, 0xff, 0xf, 0xff, 0xf8, 0x7f, 0xff, 0xc3,
    0xff, 0xfe, 0x1f, 0xfe, 0xdc, 0x3f, 0xff, 0xe1,
    0xff, 0xfc, 0x43, 0xff, 0xfe, 0x1f, 0xff, 0xf0,
    0xff, 0xe3, 0xa1, 0xff, 0xff, 0xf, 0xff, 0xf8,
    0x7f, 0xf6, 0x50, 0xff, 0xff, 0x87, 0xff, 0x5,
    0xf, 0xfe, 0x8e, 0x1f, 0xff, 0xf0, 0xff, 0xff,
    0x87, 0xff, 0xfc, 0x3f, 0xff, 0xe1, 0xff, 0xed,
    0xc3, 0xff, 0xfe, 0x1f, 0xfc, 0x1c, 0x3f, 0xfa,
    0x28, 0x7f, 0xff, 0xc3, 0xff, 0xfe, 0x1f, 0xfc,
    0x64, 0x3f, 0xff, 0xe1, 0xff, 0xdf, 0x43, 0xff,
    0xf2, 0x87, 0xff, 0xfc, 0x3f, 0xff, 0xe1, 0xff,
    0xff, 0xf, 0xff, 0x96, 0x1f, 0xff, 0xf0, 0xff,
    0xff, 0x87, 0xff, 0xfc, 0x3f, 0xff, 0xe1, 0xe4,
    0x3f, 0xff, 0xe1, 0xff, 0xff, 0xf, 0xfe, 0x3a,
    0x1f, 0xfd, 0x4, 0x3f, 0xff, 0xe1, 0xff, 0xc1,
    0x43, 0xff, 0xa3, 0x87, 0xff, 0xfc, 0x3f, 0xff,
    0xe1, 0xff, 0xff, 0xf, 0xff, 0xf8, 0x7f, 0xfb,
    0x70, 0xff, 0xff, 0x87, 0xff, 0x7, 0xf, 0xfe,
    0x8a, 0x1f, 0xff, 0xf0, 0xff, 0xff, 0x87, 0xff,
    0x91, 0xf, 0xff, 0xf8, 0x7f, 0xfa, 0x50, 0xff,
    0xe8, 0x21, 0xff, 0xff, 0xf, 0xfe, 0x12, 0x1f,
    0xff, 0x88, 0x3f, 0xff, 0xe1, 0xff, 0xea, 0xc3,
    0xff, 0x9f, 0x7, 0xff, 0xfc, 0x3f, 0xff, 0xe1,
    0xf2, 0x83, 0xff, 0xfe, 0x1f, 0xfe, 0x4, 0x3f,
    0xfb, 0x30, 0x7f, 0xff, 0xc3, 0xff, 0xd8, 0x87,
    0xff, 0x36, 0xf, 0xff, 0xf8, 0x7f, 0xf1, 0x10,
    0xff, 0xfa, 0xa8, 0x3f, 0xff, 0xe1, 0xff, 0xe2,
    0xc3, 0xff, 0xaf, 0x7, 0xff, 0xfc, 0x3f, 0xff,
    0xe1, 0xf4, 0x1f, 0xff, 0xf0, 0xff, 0xe3, 0x61,
    0xff, 0xf3, 0x50, 0x6b, 0xff, 0xff, 0xff, 0x83,
    0xfa, 0xf, 0xfe, 0x8a, 0x1f, 0xfd, 0x58, 0x32,
    0x83, 0xff, 0xfe, 0x1b, 0x83, 0xf7, 0x7, 0xff,
    0x65, 0xf, 0xfe, 0x54, 0x1d, 0x7, 0xff, 0xfc,
    0x3c, 0xe8, 0x7c, 0xe8, 0x7f, 0xfb, 0x54, 0x1a,
    0xf, 0xff, 0xf8, 0x7f, 0x58, 0x7e, 0xa0, 0x7f,
    0xfb, 0x20, 0xca, 0xf, 0xff, 0xf8, 0x7f, 0xdc,
    0x1f, 0x3a, 0x1f, 0xfd, 0x4c, 0x3f, 0xf9, 0x10,
    0x74, 0x1f, 0xff, 0xf0, 0xff, 0xe0, 0xba, 0x1f,
    0x5a, 0x1f, 0xfe, 0x65, 0x6, 0x83, 0xff, 0xfe,
    0x1f, 0xfc, 0x4a, 0x7, 0xea, 0x7, 0xff, 0x19,
    0xf, 0xfe, 0x94, 0x19, 0x41, 0xff, 0xff, 0xf,
    0xfe, 0x2b, 0xa1, 0xf3, 0xa1, 0xff, 0xcf, 0x43,
    0xff, 0x8d, 0x7, 0x41, 0xff, 0xff, 0xf, 0xfe,
    0x45, 0xa1, 0xf5, 0x87, 0xff, 0xf, 0xf, 0xfe,
    0x82, 0x83, 0x41, 0xff, 0xff, 0xf, 0xfe, 0x5d,
    0x3, 0xf7, 0x7, 0xff, 0x7a, 0xc, 0xa0, 0xff,
    0xff, 0x87, 0xff, 0x31, 0xd0, 0xf9, 0xd0, 0xff,
    0xed, 0xc1, 0xd0, 0x7f, 0xff, 0xc3, 0xff, 0x9f,
    0x61, 0xfa, 0x81, 0xfe, 0x43, 0xff, 0x9c, 0xa0,
    0xd0, 0x7f, 0xff, 0xc3, 0xff, 0xa5, 0xc1, 0xf3,
    0xc1, 0xff, 0xc6, 0x43, 0xff, 0x89, 0x6, 0x50,
    0x7f, 0xff, 0xc3, 0xff, 0xa6, 0xe8, 0x7c, 0xe8,
    0x7f, 0xf5, 0x20, 0xe8, 0x3f, 0xff, 0xe1, 0xff,
    0xd6, 0xa0, 0x7e, 0xa0, 0x7f, 0xf4, 0x94, 0x1a,
    0xf, 0xff, 0xf8, 0x7f, 0xf6, 0x1d, 0xf, 0x9d,
    0xf, 0xfe, 0xe, 0x1f, 0xfc, 0x28, 0x32, 0x83,
    0xff, 0xfe, 0x1f, 0xfd, 0xab, 0x43, 0xeb, 0xf,
    0xfe, 0x74, 0x1d, 0x7, 0xff, 0xfc, 0x3f, 0xfb,
    0xb4, 0xf, 0xde, 0xf, 0xfe, 0x5a, 0x83, 0x41,
    0xff, 0xff, 0xf, 0xfe, 0xfb, 0xa1, 0xff, 0xc6,
    0x43, 0xff, 0x81, 0x6, 0x50, 0x7f, 0xff, 0xc3,
    0xff, 0xc3, 0x61, 0xff, 0xd1, 0x83, 0xa0, 0xff,
    0xff, 0x87, 0xff, 0x93, 0x83, 0xff, 0x9c, 0xa0,
    0xd0, 0x7f, 0xff, 0xc3, 0xff, 0xcc, 0xe8, 0x7f,
    0xf3, 0x20, 0xca, 0xf, 0xff, 0xf8, 0x7f, 0xfa,
    0x28, 0x1f, 0xfc, 0x4, 0x3f, 0xa0, 0xe8, 0x3f,
    0xff, 0xe1, 0xff, 0xea, 0x60, 0xff, 0xb0, 0xfc,
    0xa0, 0xd0, 0x7f, 0xff, 0xc3, 0xff, 0xd9, 0x7,
    0xfc, 0x87, 0xe8, 0x32, 0x83, 0xff, 0xfe, 0x1f,
    0xfe, 0xb8, 0x3f, 0xf8, 0x30, 0x7a, 0xe, 0x83,
    0xff, 0xfe, 0x1f, 0xfe, 0xb5, 0x7, 0xff, 0x5,
    0x83, 0x28, 0x34, 0x1f, 0xff, 0xf0, 0xff, 0xf5,
    0xb0, 0x7f, 0xf0, 0xdd, 0x4, 0x19, 0x41, 0xff,
    0xff, 0xf, 0xff, 0x55, 0x3, 0xff, 0x8d, 0x70,
    0x74, 0x1f, 0xff, 0xf0, 0xff, 0xf4, 0x36, 0x87,
    0xff, 0x8,

    /* U+0037 "7" */
    0xf, 0xfe, 0x23, 0x7f, 0xff, 0xff, 0xff, 0xfd,
    0x21, 0xc8, 0x7f, 0xf2, 0x6e, 0x43, 0xff, 0xfe,
    0x1f, 0xfe, 0x8c, 0x3a, 0xe0, 0xff, 0xe3, 0x68,
    0x7f, 0xff, 0xc3, 0xff, 0xd5, 0x7, 0x60, 0x74,
    0x3f, 0xf8, 0x78, 0x7f, 0xff, 0xc3, 0xff, 0xd8,
    0x86, 0x83, 0xa0, 0xff, 0xe1, 0x41, 0xff, 0xff,
    0xf, 0xff, 0x66, 0x1c, 0x87, 0xb0, 0xff, 0xe0,
    0xa1, 0xff, 0xff, 0xf, 0xff, 0x5c, 0x1d, 0x87,
    0xff, 0x22, 0xf, 0xff, 0xf8, 0x7f, 0xfb, 0x10,
    0xd0, 0x7f, 0x41, 0xff, 0x41, 0xff, 0xff, 0xf,
    0xff, 0x5e, 0x1c, 0x87, 0xff, 0x2b, 0x83, 0xff,
    0xfe, 0x1f, 0xfe, 0x88, 0x3b, 0xf, 0xfe, 0x63,
    0xa1, 0xff, 0xff, 0xf, 0xff, 0x32, 0x1a, 0xf,
    0xfe, 0x7d, 0x3, 0xff, 0xfe, 0x1f, 0xfe, 0x4c,
    0x32, 0x83, 0xff, 0xa0, 0xe8, 0x7f, 0xff, 0xc3,
    0xff, 0xc3, 0x7, 0x41, 0xff, 0xd3, 0xb0, 0xff,
    0xff, 0x87, 0xff, 0x81, 0xd, 0x7, 0xff, 0x7,
    0xf, 0xf7, 0x7, 0xee, 0xf, 0xff, 0xf8, 0x7f,
    0xf7, 0x70, 0xca, 0xf, 0xfe, 0x6b, 0xa1, 0xf3,
    0xa1, 0xff, 0xff, 0xf, 0xfe, 0xd4, 0x1d, 0x7,
    0xff, 0x42, 0xc3, 0xf5, 0x87, 0xff, 0xfc, 0x3f,
    0xfb, 0x28, 0x68, 0x3f, 0xf8, 0x68, 0x7f, 0xf0,
    0xf8, 0x3f, 0x70, 0x7f, 0xff, 0xc3, 0xff, 0xad,
    0x86, 0x50, 0x7f, 0xf3, 0x50, 0xf3, 0xa1, 0xf3,
    0xa1, 0xff, 0xff, 0xf, 0xfe, 0x9c, 0x1d, 0x7,
    0xff, 0x5e, 0xc3, 0xf5, 0x3, 0xff, 0xfe, 0x1f,
    0xfd, 0x24, 0x34, 0x1f, 0xfd, 0xae, 0xf, 0x9d,
    0xf, 0xff, 0xf8, 0x7f, 0xf3, 0xf0, 0xca, 0xf,
    0xfe, 0x7e, 0x1f, 0xf3, 0xa1, 0xf5, 0xa1, 0xff,
    0xff, 0xf, 0xfe, 0x64, 0x1d, 0x7, 0xff, 0x7a,
    0x81, 0xfa, 0x81, 0xff, 0xff, 0xf, 0xfe, 0x5a,
    0x1a, 0xf, 0xfe, 0x32, 0x1f, 0xfc, 0xd7, 0x43,
    0xe7, 0x43, 0xff, 0xfe, 0x1f, 0xfc, 0x8c, 0x32,
    0x83, 0xff, 0xa2, 0x87, 0xff, 0x12, 0xd0, 0xfa,
    0xc3, 0xff, 0xfe, 0x1f, 0xfc, 0x68, 0x3a, 0xf,
    0xfe, 0x3e, 0x1f, 0xfd, 0x1a, 0x7, 0xee, 0xf,
    0xff, 0xf8, 0x7f, 0xf1, 0x10, 0xd0, 0x7f, 0xf9,
    0xdd, 0xf, 0x9d, 0xf, 0xff, 0xf8, 0x7f, 0xf0,
    0x70, 0xca, 0xf, 0xff, 0x4d, 0x87, 0xea, 0x7,
    0xff, 0xfc, 0x3f, 0xe8, 0x3a, 0xf, 0xfe, 0x4a,
    0x1f, 0xfd, 0x6e, 0xf, 0x9e, 0xf, 0xff, 0xf8,
    0x7f, 0x21, 0xa0, 0xff, 0xea, 0x21, 0xff, 0xcd,
    0x74, 0x3e, 0x74, 0x3f, 0xff, 0xe1, 0xec, 0x32,
    0x83, 0xff, 0xe1, 0x61, 0xfa, 0x81, 0xff, 0xff,
    0xd, 0x7, 0x41, 0xff, 0xf3, 0x43, 0xf3, 0xff,
    0xff, 0xff, 0xc8, 0x68, 0x3f, 0xfa, 0xd8, 0x7f,
    0xff, 0xc3, 0xff, 0xc6, 0xa0, 0xff, 0xfa, 0x21,
    0xff, 0xff, 0xf, 0xfe, 0x2c, 0x1f, 0xfc, 0xc4,
    0x3f, 0xff, 0xe1, 0xff, 0xed, 0x83, 0xff, 0xb0,
    0x87, 0xff, 0xfc, 0x3f, 0xfc, 0x2a, 0xf, 0xff,
    0xf8, 0x7f, 0xff, 0xc3, 0xe8, 0x3f, 0xf9, 0xd8,
    0x7f, 0xff, 0xc3, 0xff, 0xd7, 0x7, 0xff, 0xfc,
    0x3f, 0xff, 0xe1, 0xf2, 0x83, 0xff, 0xee, 0x87,
    0xff, 0xfc, 0x3f, 0xf8, 0x50, 0x7f, 0xf4, 0x10,
    0xff, 0xff, 0x87, 0xff, 0xa6, 0xf, 0xfe, 0xda,
    0x1f, 0xfd, 0x1c, 0x3f, 0xff, 0xe1, 0xff, 0xff,
    0xf, 0xff, 0xf8, 0x7f, 0xff, 0xc3, 0xff, 0xfe,
    0x1f, 0xfd, 0x34, 0x3f, 0xfb, 0x78, 0x7f, 0xf4,
    0x50, 0xff, 0xff, 0x87, 0xff, 0x79, 0xf, 0xff,
    0xf8, 0x7f, 0xff, 0xc3, 0xff, 0xfe, 0x1f, 0xff,
    0xf0, 0xff, 0xe8, 0x21, 0xff, 0xff, 0xf, 0xff,
    0xe6, 0x1f, 0xff, 0xf0, 0xff, 0xff, 0x87, 0xff,
    0xfc, 0x3f, 0xfe, 0x48, 0x7f, 0xfe, 0x50, 0xff,
    0xff, 0x87, 0xff, 0x7d, 0xf, 0xff, 0xf8, 0x7f,
    0xff, 0xc3, 0xff, 0x8c, 0x87, 0xff, 0xfc, 0x3f,
    0xfb, 0xf8, 0x7f, 0xfe, 0x70, 0xff, 0xff, 0x87,
    0xff, 0xfc, 0x3f, 0xff, 0xe1, 0xff, 0xca, 0x43,
    0xff, 0xb7, 0x87, 0xff, 0x45, 0xf, 0xff, 0xf8,
    0x7f, 0xff, 0xc3, 0xff, 0xfe, 0x1f, 0xfe, 0x74,
    0x3f, 0xff, 0xe1, 0xff, 0xff, 0xf, 0xfe, 0x3a,
    0x1f, 0xff, 0xf0, 0xff, 0xff, 0x87, 0xff, 0xfc,
    0x3f, 0xff, 0xe1, 0xec, 0x3f, 0xff, 0xe1, 0xff,
    0xe9, 0x43, 0xff, 0xf2, 0x87, 0xff, 0xfc, 0x3f,
    0xff, 0xe1, 0xff, 0xff, 0xf, 0xff, 0x42, 0x1f,
    0xff, 0xf0, 0xff, 0xf4, 0xe1, 0xff, 0xdb, 0x43,
    0xff, 0xa3, 0x87, 0xff, 0xfc, 0x3f, 0xff, 0xe1,
    0xff, 0xff, 0xf, 0xff, 0xf8, 0x7f, 0xff, 0xc3,
    0xff, 0xa6, 0x87, 0xff, 0x6f, 0xf, 0xfe, 0x8a,
    0x1f, 0xff, 0xf0, 0xff, 0xef, 0x21, 0xff, 0xff,
    0xf, 0xff, 0xf8, 0x7f, 0xff, 0xc3, 0xff, 0xfe,
    0x1f, 0xfd, 0x4, 0x3f, 0xff, 0xe1, 0xff, 0xfc,
    0xc3, 0xff, 0xfe, 0x1f, 0xff, 0xf0, 0xff, 0xf2,
    0x21, 0xff, 0xff, 0xf, 0xfe, 0xa, 0x1f, 0xff,
    0xf0, 0xff, 0xff, 0x87, 0xff, 0x69, 0xf, 0xff,
    0xf8, 0x7f, 0xff, 0xc3, 0xff, 0xc9, 0x87, 0xff,
    0xfc, 0x3f, 0xf8, 0x38, 0x7f, 0xf6, 0xd0, 0xff,
    0xff, 0x87, 0xff, 0xfc, 0x3f, 0xff, 0xe1, 0xff,
    0xe8, 0x43, 0xff, 0xb7, 0x87, 0xff, 0x45, 0xf,
    0xff, 0xf8, 0x7f, 0xff, 0xc3, 0xff, 0xfe, 0x1f,
    0xfe, 0x74, 0x3f, 0xff, 0xe1, 0xff, 0xff, 0xf,
    0xfe, 0x3a, 0x1f, 0xff, 0xf0, 0xff, 0xfe, 0x61,
    0xff, 0xff, 0xf, 0xff, 0xf8, 0x7f, 0xf9, 0x10,
    0xff, 0xff, 0x87, 0xff, 0x5, 0xf, 0xff, 0xf8,
    0x7f, 0xff, 0xc3, 0xff, 0xb4, 0x87, 0xff, 0xfc,
    0x3f, 0xff, 0xe1, 0xff, 0xe4, 0xc3, 0xff, 0xfe,
    0x1f, 0xfc, 0x1c, 0x3f, 0xfb, 0x68, 0x7f, 0xff,
    0xc3, 0xff, 0xfe, 0x1f, 0xff, 0xf0, 0xff, 0xff,
    0x87, 0xff, 0x8d, 0xf, 0xff, 0xf8, 0x7f, 0xf0,
    0x50, 0xff, 0xed, 0xe1, 0xff, 0xff, 0xf, 0xff,
    0xe2, 0x1f, 0xff, 0xf0, 0xff, 0xff, 0x87, 0xff,
    0xfc, 0x3f, 0xff, 0xe1, 0xff, 0xd0, 0x43, 0xff,
    0xfe, 0x1f, 0xff, 0xcc, 0x3f, 0xff, 0xe1, 0xff,
    0xff, 0xf, 0xff, 0x22, 0x1f, 0xff, 0xf0, 0xff,
    0xe0, 0xa1, 0xff, 0xff, 0xf, 0xff, 0xf8, 0x7f,
    0xf6, 0x90, 0xff, 0xff, 0x87, 0xff, 0xa7, 0xf,
    0xff, 0xce, 0x1f, 0xff, 0xf0, 0xff, 0xf4, 0xa1,
    0xff, 0xff, 0xf, 0xff, 0xf8, 0x7f, 0xf6, 0x90,
    0xff, 0xff, 0x87, 0xff, 0xa7, 0xf, 0xff, 0xf8,
    0x7f, 0xf7, 0xe8, 0x1f, 0xfc, 0xf4, 0x3f, 0xff,
    0xe1, 0xff, 0xeb, 0x74, 0x3f, 0xff, 0xe1, 0xff,
    0xff, 0xf, 0xd6, 0x1f, 0xfd, 0x74, 0x3f, 0xff,
    0xe1, 0xff, 0xe4, 0xe0, 0xff, 0xe5, 0x61, 0xff,
    0xff, 0xf, 0xff, 0x83, 0xa1, 0xff, 0xf0, 0x43,
    0xff, 0xfe, 0x1f, 0xfc, 0xaa, 0x7, 0xff, 0xbe,
    0xf, 0xff, 0xf8, 0x7f, 0xf2, 0xdd, 0xf, 0xfe,
    0x2a, 0x1f, 0xfd, 0xa8, 0x3f, 0xff, 0xe1, 0xff,
    0xce, 0xb4, 0x3f, 0xfd, 0x2a, 0xf, 0xff, 0xf8,
    0x7f, 0xf4, 0x28, 0x1f, 0xfc, 0xc4, 0x3f, 0xf9,
    0xf0, 0x7f, 0xff, 0xc3, 0xff, 0xa4, 0xe8, 0x7f,
    0xf9, 0x60, 0xff, 0xff, 0x87, 0xff, 0x56, 0xc3,
    0xff, 0xc6, 0xa0, 0xff, 0xff, 0x87, 0xff, 0x5f,
    0x83, 0xff, 0x8f, 0x87, 0xff, 0x36, 0xf, 0xff,
    0xf8, 0x7f, 0xf6, 0x5d, 0xf, 0x21, 0xff, 0xd7,
    0x83, 0xff, 0xfe, 0x1f, 0xfd, 0x27, 0x43, 0xea,
    0x7, 0xff, 0x71, 0x41, 0xff, 0xff, 0xf, 0xfe,
    0x94, 0x50, 0x3e, 0x74, 0x3f, 0xf8, 0x48, 0x7f,
    0xf2, 0xe0, 0xff, 0xff, 0x87, 0xff, 0x4b, 0x9,
    0xd0, 0xfa, 0xc1, 0x87, 0xff, 0x56, 0xf, 0xff,
    0xf8, 0x7f, 0xf4, 0x90, 0xf5, 0x87, 0xee, 0xf,
    0xfe, 0xaa, 0x83, 0xff, 0xfe, 0x1f, 0xfd, 0x28,
    0x3f, 0x70, 0x7c, 0xa0, 0xff, 0x61, 0xff, 0xc9,
    0x83, 0xff, 0xfe, 0x1f, 0xfd, 0x2c, 0x3f, 0xce,
    0x87, 0xff, 0x1b, 0x83, 0xff, 0x8d, 0x7, 0xff,
    0xfc, 0x3f, 0xfa, 0x48, 0x7f, 0xf0, 0x68, 0x1f,
    0xfc, 0x67, 0x43, 0xff, 0x86, 0xa0, 0xff, 0xff,
    0x87, 0xff, 0x4a, 0xf, 0xfe, 0x13, 0xa1, 0xff,
    0xc6, 0xa0, 0x7f, 0xf0, 0xa0, 0xff, 0xff, 0x87,
    0xff, 0x4b, 0xf, 0xfe, 0x2d, 0x87, 0xff, 0x19,
    0xd0, 0xff, 0xa0, 0xff, 0xff, 0x87, 0xff, 0x49,
    0xf, 0xfe, 0x47, 0x7, 0xff, 0x1a, 0xc3, 0xf9,
    0x41, 0xff, 0xff, 0xf, 0xfe, 0x94, 0x1f, 0xfc,
    0x94, 0x3f, 0xf9, 0x1c, 0x1f, 0x41, 0xff, 0xff,
    0xf, 0xfe, 0x96, 0x1f, 0xfc, 0xa4, 0x3f, 0xf9,
    0x2e, 0x86, 0x83, 0xff, 0xfe, 0x1f, 0xfd, 0x24,
    0x3f, 0xfc, 0x76, 0x5, 0x7, 0xff, 0xfc, 0x3f,
    0xfa, 0x50, 0x7f, 0xf9, 0x7a, 0x7, 0xff, 0xfc,
    0x3f, 0xfa, 0x58, 0x7f, 0xf3, 0x30, 0xff, 0xe7,
    0x21, 0xff, 0xff, 0xf, 0xfe, 0x92, 0x1f, 0xff,
    0xf0, 0xff, 0xff, 0x87, 0xe8, 0x3f, 0xf9, 0xa8,
    0x7f, 0xff, 0xc3, 0xff, 0xd9, 0x87, 0xff, 0xfc,
    0x3f, 0xff, 0xe1, 0xf2, 0x1f, 0xff, 0xf0, 0xff,
    0xff, 0x87, 0xe8, 0x3f, 0xff, 0xe1, 0xff, 0xff,
    0xf, 0xb0, 0xff, 0xff, 0x87, 0xff, 0xfc, 0x3e,
    0x43, 0xff, 0xfe, 0x1f, 0xff, 0xf0, 0xfd, 0x7,
    0xff, 0x41, 0xf, 0xff, 0xf8, 0x7f, 0xff, 0xc3,
    0xff, 0xfe, 0x1f, 0xff, 0xf0, 0xff, 0xff, 0x87,
    0xff, 0xfc, 0x3f, 0xf9, 0xd8, 0x7f, 0xff, 0xc3,
    0xff, 0xd2, 0x87, 0xff, 0xfc, 0x3f, 0xff, 0xe1,
    0xff, 0xff, 0xf, 0xff, 0xf8, 0x7f, 0xf8, 0xd0,
    0xff, 0xff, 0x87, 0xff, 0xa7, 0xf, 0xff, 0xf8,
    0x7f, 0xff, 0xc3, 0xff, 0xfe, 0x1f, 0xff, 0xf0,
    0xff, 0xff, 0x87, 0xff, 0xfc, 0x3f, 0xf9, 0xc8,
    0x7f, 0xff, 0xc3, 0xff, 0xfe, 0x1f, 0xff, 0xf0,
    0xff, 0xff, 0x87, 0xff, 0x89, 0xf, 0xff, 0xf8,
    0x7f, 0xff, 0xc3, 0xff, 0xfe, 0x1f, 0xff, 0xf0,
    0xff, 0xff, 0x87, 0xff, 0xfc, 0x3f, 0xf9, 0xd8,
    0x7f, 0xff, 0xc3, 0xff, 0xd2, 0x87, 0xff, 0xfc,
    0x3f, 0xff, 0xe1, 0xff, 0xff, 0xf, 0xff, 0xf8,
    0x7f, 0xf1, 0x70, 0xff, 0xe8, 0xa1, 0xff, 0xff,
    0xf, 0xff, 0xf8, 0x7f, 0xff, 0xc3, 0xff, 0xfe,
    0x1f, 0xff, 0xf0, 0xff, 0xfd, 0xa1, 0xff, 0xff,
    0xf, 0xff, 0xf8, 0x7f, 0xff, 0xc3, 0xff, 0xfe,
    0x1f, 0xfe, 0x24, 0x3f, 0xff, 0xe1, 0xff, 0xff,
    0xf, 0xff, 0xf8, 0x7f, 0xff, 0xc3, 0xff, 0xfe,
    0x1f, 0xff, 0xf0, 0xff, 0xe7, 0x61, 0xff, 0xff,
    0xf, 0xff, 0x4a, 0x1f, 0xff, 0xf0, 0xff, 0xff,
    0x87, 0xff, 0xfc, 0x3f, 0xff, 0xe1, 0xff, 0xe3,
    0x43, 0xff, 0xfe, 0x1f, 0xfe, 0x9c, 0x3f, 0xff,
    0xe1, 0xff, 0xff, 0xf, 0xff, 0xf8, 0x7f, 0xff,
    0xc3, 0xff, 0x8a, 0x87, 0xff, 0xfc, 0x3f, 0xff,
    0xe1, 0xff, 0xff, 0xf, 0xff, 0xf8, 0x7f, 0xff,
    0xc3, 0xff, 0xfe, 0x1f, 0xfe, 0xb4, 0x3f, 0xff,
    0xe1, 0xff, 0xff, 0xf, 0xff, 0xf8, 0x7f, 0xff,
    0xc3, 0xff, 0xfe, 0x1f, 0xff, 0xb4, 0x3f, 0xfa,
    0x38, 0x7f, 0xff, 0xc3, 0xff, 0xfe, 0x1f, 0xff,
    0xf0, 0xff, 0xff, 0x87, 0xff, 0xfc, 0x3f, 0xff,
    0x78, 0x7f, 0xf4, 0x50, 0xff, 0xff, 0x87, 0xff,
    0xfc, 0x3f, 0xff, 0xe1, 0xff, 0xff, 0xf, 0xff,
    0xf8, 0x7f, 0xfe, 0xd0, 0xff, 0xff, 0x87, 0xff,
    0xfc, 0x3f, 0xff, 0xe1, 0xff, 0xff, 0xf, 0xff,
    0x12, 0x1f, 0xff, 0xf0, 0xff, 0xff, 0x87, 0xff,
    0xfc, 0x3f, 0xff, 0xe1, 0xff, 0xff, 0xf, 0xff,
    0xda, 0x1f, 0xfd, 0x1c, 0x3f, 0xff, 0xe1, 0xff,
    0xff, 0xf, 0xff, 0xf8, 0x7f, 0xff, 0xc3, 0xff,
    0xfe, 0x1f, 0xff, 0xbc, 0x3f, 0xfa, 0x28, 0x7f,
    0xff, 0xc3, 0xff, 0xfe, 0x1f, 0xff, 0xf0, 0xff,
    0xff, 0x87, 0xff, 0xfc, 0x3f, 0xff, 0x68, 0x7f,
    0xff, 0xc3, 0xff, 0xfe, 0x1f, 0xff, 0xf0, 0xff,
    0xff, 0x87, 0xff, 0xfc, 0x3f, 0xff, 0xe1, 0xff,
    0xeb, 0x43, 0xff, 0xfe, 0x1f, 0xff, 0xf0, 0xff,
    0xff, 0x87, 0xff, 0xfc, 0x3f, 0xff, 0xe1, 0xff,
    0xfb, 0x43, 0xff, 0xa3, 0x87, 0xff, 0xfc, 0x3f,
    0xff, 0xe1, 0xff, 0xff, 0xf, 0xff, 0x96, 0x1f,
    0xff, 0xf0, 0xff, 0xff, 0x87, 0xff, 0x69, 0xf,
    0xff, 0xf8, 0x7f, 0xff, 0xc3, 0xff, 0xfe, 0x1f,
    0xff, 0x24, 0x3f, 0xff, 0xe1, 0xff, 0xff, 0xf,
    0xff, 0xf8, 0x7f, 0xff, 0xc3, 0xff, 0xfe, 0x1f,
    0xff, 0xf0, 0xff, 0xff, 0x87, 0xff, 0xfc, 0x3f,
    0xfe, 0x88, 0x7f, 0xff, 0xc3, 0xff, 0xfe, 0x1f,
    0xff, 0xf0, 0xff, 0xf9, 0x21, 0xff, 0xd1, 0xc3,
    0xff, 0xfe, 0x1f, 0xff, 0xf0, 0xff, 0xff, 0x87,
    0xff, 0xfc, 0x3f, 0xff, 0xe1, 0xff, 0xff, 0xf,
    0xfe, 0x72, 0x1f, 0xff, 0xf0, 0xff, 0xf4, 0xb0,
    0x7f, 0xff, 0xc3, 0xff, 0xfe, 0x1f, 0x9d, 0xf,
    0xff, 0xf8, 0x7f, 0xff, 0xc3, 0xf5, 0x87, 0xff,
    0xfc, 0x3f, 0xff, 0xe1, 0xfd, 0xc1, 0xff, 0xff,
    0xf, 0xff, 0xf8, 0x7e, 0x74, 0x3f, 0xff, 0xe1,
    0xff, 0xff, 0xf, 0xd6, 0x1f, 0xfc, 0x74, 0x3f,
    0xff, 0xe1, 0xff, 0xf4, 0xe0, 0xff, 0xff, 0x87,
    0xff, 0xfc, 0x3f, 0x3a, 0x1f, 0xff, 0xf0, 0xff,
    0xff, 0x87, 0xea, 0x7, 0xff, 0xb, 0xf, 0xff,
    0xf8, 0x7f, 0xfe, 0x1d, 0xf, 0xff, 0xf8, 0x7f,
    0xff, 0xc3, 0xf5, 0xa1, 0xff, 0xff, 0xf, 0xff,
    0xf8, 0x7e, 0xa0, 0x7f, 0x21, 0xff, 0xff, 0xf,
    0xff, 0xeb, 0xa1, 0xff, 0xff, 0xf, 0xff, 0xf8,
    0x7e, 0xb0, 0xff, 0xff, 0x87, 0xff, 0xfc, 0x3f,
    0xb8, 0x3f, 0xff, 0xe1, 0xff, 0xff, 0xf, 0xce,
    0x87, 0xff, 0xfc, 0x3f, 0xff, 0xe1, 0xfa, 0xd0,
    0xff, 0xe4, 0x0,

    /* U+0038 "8" */
    0xf, 0xfe, 0x7b, 0x7f, 0xff, 0xff, 0xff, 0xfd,
    0x21, 0xd2, 0x1f, 0xfd, 0x3b, 0x90, 0xff, 0xff,
    0x87, 0xff, 0xa3, 0xc, 0xab, 0x43, 0xff, 0xa1,
    0xa1, 0xff, 0xff, 0xf, 0xff, 0x54, 0x1d, 0x5,
    0x40, 0xff, 0xe7, 0x61, 0xff, 0xff, 0xf, 0xff,
    0x62, 0x1b, 0xe, 0x50, 0x7f, 0xf3, 0x20, 0xff,
    0xff, 0x87, 0xff, 0xb3, 0xc, 0x87, 0xd0, 0x7f,
    0xf3, 0x10, 0xff, 0xff, 0x87, 0xff, 0xae, 0xe,
    0x83, 0xf2, 0x1f, 0xfc, 0xa8, 0x3f, 0xff, 0xe1,
    0xff, 0xec, 0x43, 0x61, 0xfd, 0x87, 0xff, 0x2a,
    0xf, 0xff, 0xf8, 0x7f, 0xfa, 0xf0, 0xc8, 0x7f,
    0xf5, 0xb8, 0x3f, 0xff, 0xe1, 0xff, 0xe8, 0x83,
    0xa0, 0xff, 0xeb, 0xba, 0x1f, 0xff, 0xf0, 0xff,
    0xf3, 0x21, 0xb0, 0xff, 0xed, 0x50, 0x3f, 0xff,
    0xe1, 0xff, 0xe4, 0xc3, 0x21, 0xff, 0xdc, 0x74,
    0x3f, 0xff, 0xe1, 0xff, 0xe1, 0x83, 0xa0, 0xff,
    0xef, 0x58, 0x7f, 0xff, 0xc3, 0xff, 0xc0, 0x86,
    0xc3, 0xff, 0x83, 0x87, 0xff, 0x27, 0x83, 0xf7,
    0x7, 0xff, 0xfc, 0x3f, 0xfb, 0xb8, 0x64, 0x3f,
    0xfb, 0x2e, 0x87, 0xce, 0x87, 0xff, 0xfc, 0x3f,
    0xfb, 0x50, 0x74, 0x1f, 0xfd, 0xbb, 0xf, 0xd6,
    0x1f, 0xff, 0xf0, 0xff, 0xec, 0xa1, 0xb0, 0xff,
    0xe1, 0xa1, 0xff, 0xce, 0xe0, 0xfd, 0xc1, 0xff,
    0xff, 0xf, 0xfe, 0xb6, 0x19, 0xf, 0xfe, 0xca,
    0x1e, 0x74, 0x3e, 0x74, 0x3f, 0xff, 0xe1, 0xff,
    0xd3, 0x83, 0xa0, 0xff, 0xf1, 0x58, 0x7e, 0xa0,
    0x7f, 0xff, 0xc3, 0xff, 0xa4, 0x86, 0xc3, 0xff,
    0xcb, 0xc1, 0xf3, 0xa1, 0xff, 0xff, 0xf, 0xfe,
    0x7e, 0x19, 0xf, 0xfe, 0xde, 0x1f, 0xf3, 0xa1,
    0xf5, 0xa1, 0xff, 0xff, 0xf, 0xfe, 0x64, 0x1d,
    0x7, 0xff, 0x15, 0xf, 0xfe, 0xbd, 0x3, 0xf5,
    0x3, 0xff, 0xfe, 0x1f, 0xfc, 0xb4, 0x36, 0x1f,
    0xfe, 0xb7, 0x43, 0xe7, 0x43, 0xff, 0xfe, 0x1f,
    0xfc, 0x8c, 0x32, 0x1f, 0xfd, 0xd4, 0x3f, 0xf8,
    0x96, 0x87, 0xd6, 0x1f, 0xff, 0xf0, 0xff, 0xe3,
    0x41, 0xd0, 0x7f, 0xf1, 0xf0, 0xff, 0xee, 0x50,
    0x3f, 0x70, 0x7f, 0xff, 0xc3, 0xff, 0x88, 0x86,
    0xc3, 0xff, 0xe4, 0xe8, 0x7c, 0xe8, 0x7f, 0xff,
    0xc3, 0xff, 0x83, 0x86, 0x43, 0xff, 0xeb, 0x61,
    0xfa, 0x81, 0xff, 0xff, 0xf, 0xfa, 0xe, 0x83,
    0xff, 0x92, 0x87, 0xff, 0x87, 0x83, 0xe7, 0x83,
    0xff, 0xfe, 0x1f, 0xc8, 0x6c, 0x3f, 0xfb, 0xe8,
    0x7f, 0xf3, 0x5d, 0xf, 0x9d, 0xf, 0xff, 0xf8,
    0x7b, 0xc, 0x87, 0xff, 0xf2, 0xc3, 0xf5, 0x3,
    0xff, 0xfe, 0x1a, 0xe, 0x83, 0xff, 0xfc, 0x87,
    0xe7, 0xff, 0xff, 0xff, 0x90, 0xd8, 0x7f, 0xf8,
    0x70, 0xff, 0xff, 0x87, 0xff, 0x8d, 0xf, 0xff,
    0xf8, 0x87, 0xff, 0xfc, 0x3f, 0xf8, 0xb0, 0x7f,
    0xf3, 0x10, 0xff, 0xff, 0x87, 0xff, 0xe3, 0xf,
    0xff, 0x1a, 0x1f, 0xff, 0xf0, 0xff, 0xf0, 0xa1,
    0xff, 0xff, 0xf, 0xff, 0xf8, 0x7f, 0xf1, 0xe0,
    0xff, 0xe7, 0x61, 0xff, 0xff, 0xf, 0xff, 0xb6,
    0x1f, 0xff, 0xf0, 0x90, 0xff, 0xff, 0x87, 0xff,
    0x9, 0xf, 0xfe, 0x82, 0x1f, 0xff, 0xf0, 0xff,
    0xfa, 0xc1, 0xff, 0xff, 0xf, 0xff, 0xf8, 0x7f,
    0xf1, 0xa0, 0xff, 0xf3, 0x21, 0xff, 0xd1, 0xc3,
    0xff, 0xfe, 0x1f, 0xff, 0xf0, 0xff, 0xff, 0x87,
    0xff, 0xfc, 0x3f, 0xff, 0xe1, 0xff, 0xe9, 0x43,
    0xff, 0xcd, 0x87, 0xff, 0x45, 0xf, 0xff, 0xf8,
    0x7f, 0xf7, 0x90, 0xff, 0xff, 0x87, 0xff, 0xfc,
    0x3f, 0xff, 0xe1, 0xff, 0xff, 0xf, 0xff, 0x8a,
    0x1f, 0xff, 0xf0, 0xff, 0xfe, 0x61, 0xff, 0xff,
    0xf, 0xff, 0xa2, 0x1f, 0xff, 0xf0, 0xff, 0xff,
    0x87, 0xff, 0xfc, 0x3f, 0xf9, 0xa8, 0x7f, 0xff,
    0xc3, 0xff, 0xbe, 0x87, 0xff, 0xfc, 0x3f, 0xfe,
    0x98, 0x7f, 0xf9, 0x90, 0xff, 0xe8, 0xe1, 0xff,
    0xff, 0xf, 0xff, 0xf8, 0x7f, 0xff, 0xc3, 0xff,
    0xfe, 0x1f, 0xff, 0xf0, 0xff, 0xf4, 0xa1, 0xff,
    0xe6, 0xc3, 0xff, 0xa2, 0x87, 0xff, 0xfc, 0x3f,
    0xfb, 0xc8, 0x7f, 0xff, 0xc3, 0xff, 0xfe, 0x1f,
    0xff, 0xf0, 0xff, 0xff, 0x87, 0xff, 0xc5, 0xf,
    0xff, 0xf8, 0x7f, 0xff, 0x30, 0xff, 0xff, 0x87,
    0xff, 0xfc, 0x3f, 0xff, 0xe1, 0xff, 0xff, 0xf,
    0xe4, 0x3f, 0xff, 0xe1, 0xc8, 0x7f, 0xff, 0xc3,
    0xff, 0xbe, 0x87, 0xff, 0xfc, 0x3f, 0xff, 0xe1,
    0xff, 0xff, 0xf, 0xff, 0xf8, 0x7f, 0x61, 0xff,
    0xe6, 0x43, 0xff, 0xa3, 0x87, 0xff, 0xfc, 0x3f,
    0xff, 0xe1, 0xff, 0xff, 0xf, 0xff, 0xf8, 0x7f,
    0xf6, 0xd0, 0xff, 0xff, 0x87, 0xff, 0x5, 0xf,
    0xff, 0x36, 0x1f, 0xff, 0xf0, 0xff, 0xfe, 0x21,
    0xff, 0xff, 0xf, 0xff, 0xf8, 0x7f, 0xff, 0xc3,
    0xff, 0xfe, 0x1f, 0xff, 0x14, 0x3f, 0xff, 0xe1,
    0xff, 0xfc, 0xc3, 0xff, 0xfe, 0x1f, 0xff, 0x44,
    0x3f, 0xff, 0xe1, 0xc8, 0x7f, 0xff, 0xc3, 0xff,
    0xfe, 0x1f, 0xff, 0xf0, 0xff, 0xf9, 0xa1, 0xff,
    0xff, 0xf, 0xff, 0xa6, 0x1f, 0xfe, 0x64, 0x3f,
    0xfa, 0x38, 0x7f, 0xff, 0xc3, 0xff, 0xfe, 0x1f,
    0xff, 0xf0, 0xff, 0xff, 0x87, 0xff, 0xfc, 0x3f,
    0xfd, 0x28, 0x7f, 0xf9, 0xb0, 0xff, 0xe8, 0xa1,
    0xff, 0xff, 0xf, 0xfe, 0xf2, 0x1f, 0xff, 0xf0,
    0xff, 0xff, 0x87, 0xff, 0xfc, 0x3f, 0xff, 0xe1,
    0xff, 0xf1, 0x43, 0xff, 0xfe, 0x1f, 0xff, 0xcc,
    0x3f, 0xff, 0xe1, 0xff, 0xff, 0xf, 0xff, 0xd2,
    0x1f, 0xff, 0xf0, 0xff, 0xe0, 0xa1, 0xff, 0xff,
    0xf, 0xff, 0xf8, 0x7f, 0xf9, 0x50, 0xff, 0xff,
    0x87, 0xff, 0xfc, 0x3f, 0xff, 0x58, 0x7f, 0xff,
    0xc3, 0xff, 0x83, 0x87, 0xff, 0x99, 0xf, 0xff,
    0xf8, 0x7f, 0xff, 0xc3, 0xff, 0xfe, 0x1f, 0xff,
    0xf0, 0xff, 0xfc, 0xa1, 0xff, 0xff, 0xf, 0xfe,
    0xa, 0x1f, 0xfe, 0x6c, 0x3f, 0xff, 0xe1, 0xff,
    0xfc, 0x43, 0xff, 0xfe, 0x1f, 0xff, 0xf0, 0xff,
    0xff, 0x87, 0xff, 0xfc, 0x3f, 0xfe, 0x28, 0x7f,
    0xff, 0xc3, 0xff, 0xf9, 0x87, 0xff, 0x99, 0xf,
    0xff, 0xf8, 0x7f, 0xf0, 0x50, 0xff, 0xff, 0x87,
    0xff, 0xfc, 0x3f, 0xfc, 0xa8, 0x7f, 0xff, 0xc3,
    0xff, 0xfe, 0x1f, 0xff, 0xac, 0x3f, 0xff, 0xe1,
    0xff, 0xc1, 0xc3, 0xff, 0xcc, 0x87, 0xff, 0xfc,
    0x3f, 0xff, 0xe1, 0xff, 0xff, 0xf, 0xff, 0xf8,
    0x7f, 0xfe, 0x50, 0xff, 0xff, 0x87, 0xff, 0x7,
    0xf, 0xff, 0x36, 0x1f, 0xff, 0xf0, 0xff, 0xef,
    0xba, 0x1f, 0xfc, 0xe4, 0x3f, 0xff, 0xe1, 0xff,
    0xf7, 0xa0, 0x7f, 0xff, 0xc3, 0xff, 0xfe, 0x1f,
    0xfc, 0x77, 0x83, 0xff, 0xc2, 0x87, 0xff, 0xfc,
    0x3f, 0xfc, 0x8e, 0x87, 0xff, 0x27, 0xf, 0xff,
    0xf8, 0x7f, 0xff, 0x28, 0x1f, 0xff, 0xb8, 0x3b,
    0xff, 0xff, 0xff, 0xfd, 0x7, 0xce, 0x87, 0xff,
    0xe1, 0x41, 0xa0, 0xff, 0xff, 0x87, 0xf3, 0xa1,
    0xf5, 0x87, 0xff, 0x15, 0xf, 0xff, 0x2c, 0x1c,
    0x87, 0xff, 0xfc, 0x3f, 0xea, 0x7, 0xee, 0xf,
    0xff, 0xa4, 0x1d, 0x87, 0xff, 0xfc, 0x3f, 0xf8,
    0x2e, 0x87, 0xce, 0x87, 0xff, 0x59, 0xf, 0xfe,
    0x72, 0x83, 0x41, 0xff, 0xff, 0xf, 0xfe, 0x25,
    0x87, 0xea, 0x7, 0xff, 0xc2, 0xe, 0x43, 0xff,
    0xfe, 0x1f, 0xfc, 0x68, 0x3f, 0x3a, 0x1f, 0xfe,
    0xd8, 0x3b, 0xf, 0xff, 0xf8, 0x7f, 0xf1, 0xe0,
    0xff, 0x5a, 0x1f, 0xfd, 0x1c, 0x3f, 0xf9, 0x8a,
    0xd, 0x7, 0xff, 0xfc, 0x3f, 0xf8, 0xf0, 0x7f,
    0xf0, 0x68, 0x1e, 0x43, 0xff, 0xc5, 0x7, 0x21,
    0xff, 0xff, 0xf, 0xfe, 0x32, 0x83, 0x5c, 0x1f,
    0x3a, 0x1f, 0xfe, 0x68, 0x3b, 0xf, 0xff, 0xf8,
    0x7f, 0xf1, 0xe0, 0xca, 0x1d, 0xf, 0xac, 0x2c,
    0x3f, 0xf9, 0x28, 0x7f, 0xf2, 0x94, 0x1a, 0xf,
    0xff, 0xf8, 0x7f, 0xf1, 0xe0, 0xe8, 0x35, 0x3,
    0xf7, 0x7, 0xff, 0x8a, 0xe, 0x43, 0xff, 0xfe,
    0x1f, 0xfc, 0x65, 0x6, 0x83, 0xcf, 0x7, 0xce,
    0x87, 0xff, 0x7e, 0xe, 0xc3, 0xff, 0xfe, 0x1f,
    0xfc, 0x78, 0x32, 0x83, 0xf3, 0xa1, 0xff, 0xd1,
    0xe0, 0xff, 0xe4, 0x21, 0xa0, 0xff, 0xff, 0x87,
    0xff, 0x1e, 0xe, 0x83, 0xfe, 0xa0, 0x7f, 0xf4,
    0x5d, 0xf, 0xfe, 0x2e, 0x1c, 0x87, 0xff, 0xfc,
    0x3f, 0xf8, 0xca, 0xd, 0x7, 0xff, 0x5, 0xd0,
    0xff, 0xe8, 0xd0, 0x3f, 0xf8, 0x70, 0x76, 0x1f,
    0xff, 0xf0, 0xff, 0xe3, 0xc1, 0x94, 0x1f, 0xfc,
    0x3b, 0xf, 0xfe, 0x8b, 0xa1, 0xff, 0xc1, 0x43,
    0x41, 0xff, 0xff, 0xf, 0xfe, 0x3c, 0x1d, 0x7,
    0xff, 0x1b, 0x83, 0xff, 0xa3, 0x61, 0xff, 0x61,
    0xc8, 0x7f, 0xff, 0xc3, 0xff, 0x8c, 0xa0, 0xd0,
    0x7f, 0xf2, 0x18, 0x3f, 0xf9, 0x28, 0x7e, 0xe0,
    0xfd, 0x7, 0x61, 0xff, 0xff, 0xf, 0xfe, 0x3c,
    0x19, 0x41, 0xff, 0xdf, 0xf2, 0x1f, 0x3a, 0x1e,
    0x43, 0x41, 0xff, 0xff, 0xf, 0xfe, 0x3c, 0x1d,
    0x7, 0xff, 0x8a, 0xc3, 0xf5, 0x3, 0x61, 0xc8,
    0x7f, 0xff, 0xc3, 0xff, 0x8c, 0xa0, 0xd0, 0x7f,
    0xf8, 0x50, 0xb8, 0x3e, 0x74, 0x83, 0xb0, 0xff,
    0xff, 0x87, 0xff, 0x1e, 0xc, 0xa0, 0xff, 0xe5,
    0xe1, 0xff, 0xce, 0x74, 0x3e, 0xb4, 0x34, 0x1f,
    0xff, 0xf0, 0xff, 0xe3, 0xc1, 0xd0, 0x7f, 0xfa,
    0x68, 0x1f, 0xfc, 0x14, 0x3f, 0xff, 0xe1, 0xff,
    0xc6, 0x50, 0x68, 0x3f, 0xfd, 0x6e, 0x87, 0xfb,
    0xf, 0xff, 0xf8, 0x7f, 0xf1, 0xe0, 0xca, 0xf,
    0xfe, 0x6a, 0x1f, 0xfd, 0x3b, 0xf, 0xec, 0x3f,
    0xff, 0xe1, 0xff, 0xc6, 0x83, 0xa0, 0xff, 0xf8,
    0x70, 0x7e, 0xe0, 0xff, 0xff, 0x87, 0xff, 0xd,
    0x41, 0xa0, 0xff, 0xf2, 0x21, 0xff, 0xc1, 0x78,
    0x3e, 0x74, 0x3f, 0xff, 0xe1, 0xff, 0xc1, 0x83,
    0x28, 0x3f, 0xfe, 0x8e, 0x87, 0xd6, 0x1f, 0xff,
    0xf0, 0xff, 0xa0, 0xe8, 0x3f, 0xfe, 0xf4, 0xf,
    0xdc, 0x1f, 0xff, 0xf0, 0xfc, 0xa0, 0xd0, 0x7f,
    0xf9, 0xb0, 0xff, 0xe3, 0x3a, 0x1f, 0x3f, 0xff,
    0xff, 0xff, 0xd0, 0x72, 0x1f, 0xfd, 0x4, 0x3f,
    0xfb, 0xd6, 0x1f, 0xff, 0xf0, 0xff, 0xff, 0x87,
    0xff, 0x23, 0x83, 0xff, 0xfe, 0x1f, 0xff, 0xa4,
    0x3f, 0xf9, 0x6e, 0x87, 0xff, 0xfc, 0x3f, 0xfc,
    0x58, 0x7f, 0xf8, 0xe8, 0x1f, 0xff, 0xf0, 0xff,
    0xe1, 0xa1, 0xff, 0xff, 0x9, 0xd0, 0xff, 0xff,
    0x87, 0xff, 0xfc, 0x3f, 0xf8, 0xf8, 0x7f, 0xff,
    0xc3, 0xff, 0xbe, 0x87, 0xff, 0x9b, 0xf, 0xff,
    0xf8, 0x7f, 0xf0, 0x70, 0xff, 0xf3, 0x21, 0xff,
    0xff, 0xf, 0xff, 0xf8, 0x7f, 0xf9, 0x50, 0xff,
    0xff, 0x87, 0xff, 0xfc, 0x3f, 0xff, 0xe1, 0xff,
    0xd5, 0x43, 0xff, 0xcd, 0x87, 0xff, 0xfc, 0x3f,
    0xff, 0x88, 0x7f, 0xff, 0xc3, 0xff, 0xfe, 0x1f,
    0xff, 0xf0, 0xff, 0xff, 0x87, 0xff, 0xc5, 0xf,
    0xff, 0xf8, 0x7f, 0xff, 0x30, 0xff, 0xf3, 0x21,
    0xff, 0xff, 0xf, 0xfe, 0xa, 0x1f, 0xff, 0xf0,
    0xff, 0xff, 0x87, 0xff, 0xfc, 0x3f, 0xff, 0xe1,
    0xff, 0xf9, 0x43, 0xff, 0xcd, 0x87, 0xff, 0xfc,
    0x3f, 0xf8, 0x38, 0x7f, 0xff, 0xc3, 0xff, 0xfe,
    0x1f, 0xff, 0xa4, 0x3f, 0xff, 0xe1, 0xff, 0xff,
    0xf, 0xff, 0x2a, 0x1f, 0xff, 0xf0, 0xff, 0xe0,
    0xa1, 0xff, 0xff, 0xf, 0xff, 0xf8, 0x7f, 0xfe,
    0xb0, 0xff, 0xff, 0x87, 0xff, 0xf1, 0xf, 0xff,
    0xf8, 0x7f, 0xff, 0xc3, 0xff, 0xfe, 0x1f, 0xff,
    0xf0, 0xff, 0xf8, 0xa1, 0xff, 0xd0, 0x43, 0xff,
    0xfe, 0x1f, 0xfc, 0x14, 0x3f, 0xfa, 0x38, 0x7f,
    0xff, 0xc3, 0xff, 0xfe, 0x1f, 0xff, 0xf0, 0xff,
    0xff, 0x87, 0xff, 0xfc, 0x3f, 0xf8, 0x78, 0x7f,
    0xff, 0xc3, 0xff, 0x83, 0x87, 0xff, 0x45, 0xf,
    0xff, 0xf8, 0x7f, 0xff, 0xc3, 0xff, 0xb8, 0x87,
    0xff, 0xfc, 0x3f, 0xff, 0xe1, 0xff, 0xe5, 0x43,
    0xff, 0xfe, 0x1f, 0xfc, 0x14, 0x3f, 0xff, 0xe1,
    0xff, 0xff, 0xf, 0xff, 0xd6, 0x1f, 0xff, 0xf0,
    0xff, 0xfe, 0x21, 0xff, 0xff, 0xf, 0xff, 0xf8,
    0x7f, 0xff, 0xc3, 0xff, 0xfe, 0x1f, 0xff, 0x14,
    0x3f, 0xff, 0xe1, 0xff, 0xfc, 0xc3, 0xff, 0xcc,
    0x87, 0xff, 0xfc, 0x3f, 0xf8, 0x28, 0x7f, 0xff,
    0xc3, 0xff, 0xfe, 0x1f, 0xff, 0xf0, 0xff, 0xff,
    0x87, 0xff, 0x6f, 0xf, 0xfe, 0x8a, 0x1f, 0xfe,
    0x6c, 0x3f, 0xff, 0xe1, 0xff, 0xff, 0xf, 0xff,
    0xf8, 0x7f, 0xff, 0xc3, 0xf9, 0xf, 0xfe, 0x8a,
    0x1f, 0xff, 0xf0, 0xff, 0xe0, 0xa1, 0xff, 0xff,
    0xf, 0xff, 0xf8, 0x7f, 0xff, 0xc3, 0xff, 0xfe,
    0x1f, 0xff, 0xf0, 0xff, 0xe1, 0xe1, 0xff, 0xff,
    0xf, 0xff, 0xe2, 0x1f, 0xff, 0xf0, 0xff, 0xff,
    0x87, 0xff, 0x75, 0xf, 0xff, 0xf8, 0x7f, 0xff,
    0xc3, 0xff, 0xc8, 0x87, 0xff, 0xfc, 0x3f, 0xf8,
    0x28, 0x7f, 0xf4, 0x70, 0xff, 0xff, 0x87, 0xff,
    0xfc, 0x3f, 0xff, 0xe1, 0xff, 0xff, 0xf, 0xff,
    0xf8, 0x7f, 0xf0, 0xf0, 0xff, 0xff, 0x87, 0xff,
    0x7, 0xf, 0xfe, 0x8a, 0x1f, 0xff, 0xf0, 0xff,
    0xff, 0x87, 0xff, 0x71, 0xf, 0xff, 0xf8, 0x7f,
    0xf7, 0xd0, 0xff, 0xff, 0x87, 0x21, 0xff, 0xff,
    0xf, 0xff, 0xf8, 0x7f, 0xff, 0xc3, 0xff, 0xfe,
    0x1f, 0xd8, 0x7f, 0xff, 0xc3, 0xff, 0xfe, 0x1f,
    0xff, 0xf0, 0xff, 0xff, 0x87, 0xff, 0x15, 0xf,
    0xff, 0xf8, 0x7f, 0xff, 0xc3, 0xff, 0xba, 0x87,
    0xff, 0x41, 0xf, 0xff, 0xf8, 0x7f, 0xf0, 0x50,
    0xff, 0xe8, 0xe1, 0xff, 0xff, 0xf, 0xff, 0xf8,
    0x7f, 0xff, 0xc3, 0xff, 0xfe, 0x1f, 0xff, 0xf0,
    0xff, 0xe1, 0xe1, 0xff, 0xff, 0xf, 0xfe, 0xe,
    0x1f, 0xfd, 0x14, 0x3f, 0xff, 0xe1, 0xff, 0xff,
    0xf, 0xff, 0xd2, 0x1f, 0xff, 0xf0, 0xff, 0xfa,
    0x21, 0xff, 0xd0, 0x43, 0xff, 0xfe, 0x1f, 0xfc,
    0x24, 0x3f, 0xff, 0xe1, 0xa0, 0xff, 0xff, 0x87,
    0xff, 0xd7, 0xf, 0xfe, 0x7c, 0x1f, 0xff, 0xf0,
    0xff, 0xff, 0x87, 0xff, 0x19, 0x41, 0xff, 0xff,
    0xf, 0xff, 0x2, 0x1f, 0xfe, 0x48, 0x3f, 0xff,
    0xe1, 0xff, 0xf7, 0x43, 0xff, 0x9b, 0x7, 0xff,
    0xfc, 0x3f, 0xf8, 0x88, 0x7f, 0xff, 0xc5, 0x7,
    0xff, 0xfc, 0x3f, 0xfc, 0x58, 0x7f, 0xf8, 0xa0,
    0xff, 0xff, 0x87, 0xff, 0xfc, 0x3f, 0xf8, 0xd0,
    0x7f, 0xff, 0xc3, 0xff, 0x8d, 0x87, 0xff, 0xf9,
    0x41, 0xaf, 0xff, 0xff, 0xfe, 0xf, 0xe8, 0x3f,
    0xfa, 0x28, 0x7f, 0xf8, 0x20, 0xca, 0xf, 0xff,
    0xf8, 0x6e, 0xf, 0xdc, 0x1f, 0xfe, 0x44, 0x3f,
    0xf9, 0x50, 0x74, 0x1f, 0xff, 0xf0, 0xf3, 0xa1,
    0xf3, 0xa1, 0xff, 0xf8, 0x50, 0x68, 0x3f, 0xff,
    0xe1, 0xfd, 0x61, 0xfa, 0x81, 0xff, 0xf7, 0x83,
    0x28, 0x3f, 0xff, 0xe1, 0xff, 0x70, 0x7c, 0xe8,
    0x7f, 0xf7, 0xf0, 0xff, 0xe4, 0x41, 0xd0, 0x7f,
    0xff, 0xc3, 0xff, 0x82, 0xe8, 0x7d, 0x68, 0x7f,
    0xfc, 0x54, 0x1a, 0xf, 0xff, 0xf8, 0x7f, 0xf1,
    0x28, 0x1f, 0xa8, 0x1f, 0xfc, 0x64, 0x3f, 0xfb,
    0xb0, 0x65, 0x7, 0xff, 0xfc, 0x3f, 0xf8, 0xae,
    0x87, 0xce, 0x87, 0xff, 0x69, 0xf, 0xfe, 0x34,
    0x1d, 0x7, 0xff, 0xfc, 0x3f, 0xf9, 0x16, 0x87,
    0xd6, 0x1f, 0xfc, 0x3c, 0x3f, 0xfb, 0x6a, 0xd,
    0x7, 0xff, 0xfc, 0x3f, 0xf9, 0x74, 0xf, 0xdc,
    0x1f, 0xfe, 0x98, 0x32, 0x83, 0xff, 0xfe, 0x1f,
    0xfc, 0xc7, 0x43, 0xe7, 0x43, 0xff, 0xcd, 0x7,
    0x41, 0xff, 0xff, 0xf, 0xfe, 0x7d, 0x87, 0xea,
    0x7, 0xf9, 0xf, 0xfe, 0xca, 0x83, 0x41, 0xff,
    0xff, 0xf, 0xfe, 0x97, 0x7, 0xcf, 0x7, 0xff,
    0x45, 0xf, 0xfe, 0x24, 0x19, 0x41, 0xff, 0xff,
    0xf, 0xfe, 0x9b, 0xa1, 0xf3, 0xa1, 0xff, 0xdf,
    0x83, 0xa0, 0xff, 0xff, 0x87, 0xff, 0x5a, 0x81,
    0xfa, 0x81, 0xff, 0xdd, 0x50, 0x68, 0x3f, 0xff,
    0xe1, 0xff, 0xd8, 0x74, 0x3e, 0x74, 0x3f, 0xf9,
    0x98, 0x7f, 0xf0, 0xa0, 0xca, 0xf, 0xff, 0xf8,
    0x7f, 0xf6, 0xad, 0xf, 0xac, 0x3f, 0xfb, 0x30,
    0x74, 0x1f, 0xff, 0xf0, 0xff, 0xee, 0xd0, 0x3f,
    0x78, 0x3f, 0xfa, 0xca, 0xd, 0x7, 0xff, 0xfc,
    0x3f, 0xfb, 0xee, 0x87, 0xff, 0x45, 0xf, 0xfe,
    0x4, 0x19, 0x41, 0xff, 0xff, 0xf, 0xff, 0xd,
    0x87, 0xff, 0x72, 0xe, 0x83, 0xff, 0xfe, 0x1f,
    0xfe, 0x4e, 0xf, 0xfe, 0xca, 0x83, 0x41, 0xff,
    0xff, 0xf, 0xff, 0x33, 0xa1, 0xff, 0xd7, 0x83,
    0x28, 0x3f, 0xff, 0xe1, 0xff, 0xe8, 0xa0, 0x7f,
    0xf2, 0xd0, 0xfe, 0x83, 0xa0, 0xff, 0xff, 0x87,
    0xff, 0xa9, 0x83, 0xff, 0x95, 0x87, 0xe5, 0x6,
    0x83, 0xff, 0xfe, 0x1f, 0xfe, 0xc8, 0x3f, 0xf9,
    0x48, 0x7e, 0x83, 0x28, 0x3f, 0xff, 0xe1, 0xff,
    0xeb, 0x83, 0xff, 0x99, 0x7, 0xa0, 0xe8, 0x3f,
    0xff, 0xe1, 0xff, 0xeb, 0x50, 0x7f, 0xf3, 0x18,
    0x32, 0x83, 0x41, 0xff, 0xff, 0xf, 0xff, 0x5b,
    0x7, 0xff, 0x39, 0xd0, 0x41, 0x94, 0x1f, 0xff,
    0xf0, 0xff, 0xf5, 0x50, 0x3f, 0xfa, 0x37, 0x7,
    0x41, 0xff, 0xff, 0xf, 0xff, 0x43, 0x68, 0x7f,
    0xf3, 0x40,

    /* U+0039 "9" */
    0xf, 0xfe, 0x23, 0x7f, 0xff, 0xff, 0xff, 0xfd,
    0x21, 0xd2, 0x1f, 0xfc, 0x8b, 0x90, 0xff, 0xff,
    0x87, 0xff, 0xa3, 0xc, 0xab, 0x43, 0xff, 0x8b,
    0xa1, 0xff, 0xff, 0xf, 0xff, 0x54, 0x1d, 0x5,
    0x40, 0xff, 0xe1, 0xe1, 0xff, 0xff, 0xf, 0xff,
    0x62, 0x1b, 0xe, 0x50, 0x7f, 0xf0, 0x60, 0xff,
    0xff, 0x87, 0xff, 0xb3, 0xc, 0x87, 0xd0, 0x7f,
    0xf0, 0x50, 0xff, 0xff, 0x87, 0xff, 0xae, 0xe,
    0x83, 0xf2, 0x1f, 0xf4, 0x1f, 0xff, 0xf0, 0xff,
    0xf6, 0x21, 0xb0, 0xfe, 0xc3, 0xfe, 0x83, 0xff,
    0xfe, 0x1f, 0xfe, 0xbc, 0x32, 0x1f, 0xfc, 0xbe,
    0xf, 0xff, 0xf8, 0x7f, 0xfa, 0x20, 0xe8, 0x3f,
    0xf9, 0x8e, 0x87, 0xff, 0xfc, 0x3f, 0xfc, 0xc8,
    0x6c, 0x3f, 0xf9, 0xf4, 0xf, 0xff, 0xf8, 0x7f,
    0xf9, 0x30, 0xc8, 0x7f, 0xf4, 0x5d, 0xf, 0xff,
    0xf8, 0x7f, 0xf8, 0x60, 0xe8, 0x3f, 0xfa, 0x76,
    0x1f, 0xff, 0xf0, 0xff, 0xf0, 0x21, 0xb0, 0xff,
    0xe0, 0xe1, 0xfe, 0xe0, 0xfd, 0xc1, 0xff, 0xff,
    0xf, 0xfe, 0xee, 0x19, 0xf, 0xfe, 0x73, 0xa1,
    0xf3, 0xa1, 0xff, 0xff, 0xf, 0xfe, 0xd4, 0x1d,
    0x7, 0xff, 0x42, 0xc3, 0xf5, 0x87, 0xff, 0xfc,
    0x3f, 0xfb, 0x28, 0x6c, 0x3f, 0xf8, 0x68, 0x7f,
    0xf0, 0xf8, 0x3f, 0x70, 0x7f, 0xff, 0xc3, 0xff,
    0xad, 0x86, 0x43, 0xff, 0x9c, 0x87, 0x9d, 0xf,
    0x9d, 0xf, 0xff, 0xf8, 0x7f, 0xf4, 0xe0, 0xe8,
    0x3f, 0xfa, 0xf6, 0x1f, 0xa8, 0x1f, 0xff, 0xf0,
    0xff, 0xe9, 0x21, 0xb0, 0xff, 0xed, 0x70, 0x7c,
    0xe8, 0x7f, 0xff, 0xc3, 0xff, 0x9f, 0x86, 0x43,
    0xff, 0xa1, 0x87, 0xfc, 0xe8, 0x7d, 0x68, 0x7f,
    0xff, 0xc3, 0xff, 0x99, 0x7, 0x41, 0xff, 0xc5,
    0x43, 0xff, 0x99, 0x40, 0xfd, 0x40, 0xff, 0xff,
    0x87, 0xff, 0x2d, 0xd, 0x87, 0xff, 0x81, 0xd0,
    0xf9, 0xd0, 0xff, 0xff, 0x87, 0xff, 0x23, 0xc,
    0x87, 0xff, 0x49, 0xf, 0xfe, 0x25, 0xa1, 0xf5,
    0x87, 0xff, 0xfc, 0x3f, 0xf8, 0xd0, 0x74, 0x1f,
    0xfc, 0x7c, 0x3f, 0xfa, 0x34, 0xf, 0xdc, 0x1f,
    0xff, 0xf0, 0xff, 0xe2, 0x21, 0xb0, 0xff, 0xf3,
    0xba, 0x1f, 0x3a, 0x1f, 0xff, 0xf0, 0xff, 0xe0,
    0xe1, 0x90, 0xff, 0xf5, 0x58, 0x7e, 0xa0, 0x7f,
    0xff, 0xc3, 0xfe, 0x83, 0xa0, 0xff, 0xe4, 0xa1,
    0xff, 0xd6, 0xe0, 0xf9, 0xe0, 0xff, 0xff, 0x87,
    0xf2, 0x1b, 0xf, 0xfe, 0xa2, 0x1f, 0xfc, 0xd7,
    0x43, 0xe7, 0x43, 0xff, 0xfe, 0x1e, 0xc3, 0x21,
    0xff, 0xf1, 0xb0, 0xfd, 0x40, 0xff, 0xff, 0x86,
    0x83, 0xa0, 0xff, 0xf9, 0xa1, 0xf9, 0xff, 0xff,
    0xff, 0xe4, 0x36, 0x1f, 0xfd, 0x6c, 0x3f, 0xff,
    0xe1, 0xff, 0xe3, 0x43, 0xff, 0xea, 0x87, 0xff,
    0xfc, 0x3f, 0xf8, 0xb0, 0x7f, 0xf3, 0x10, 0xff,
    0xff, 0x87, 0xff, 0xb7, 0xf, 0xfe, 0xc2, 0x1f,
    0xff, 0xf0, 0xff, 0xf0, 0xa1, 0xff, 0xff, 0xf,
    0xff, 0xf8, 0x7e, 0x83, 0xff, 0x9d, 0x87, 0xff,
    0xfc, 0x3f, 0xfd, 0x78, 0x7f, 0xfd, 0xd0, 0xff,
    0xff, 0x87, 0xff, 0x9, 0xf, 0xfe, 0x82, 0x1f,
    0xff, 0xf0, 0xff, 0xf5, 0x41, 0xff, 0xff, 0xf,
    0xff, 0xf8, 0x7d, 0x7, 0xff, 0x6d, 0xf, 0xfe,
    0x8e, 0x1f, 0xff, 0xf0, 0xff, 0xff, 0x87, 0xff,
    0xfc, 0x3f, 0xff, 0xe1, 0xff, 0xff, 0xf, 0xfe,
    0x9a, 0x1f, 0xfd, 0xbc, 0x3f, 0xfa, 0x28, 0x7f,
    0xff, 0xc3, 0xff, 0xbc, 0x87, 0xff, 0xfc, 0x3f,
    0xff, 0xe1, 0xff, 0xff, 0xf, 0xff, 0xf8, 0x7f,
    0xf4, 0x10, 0xff, 0xff, 0x87, 0xff, 0xf3, 0xf,
    0xff, 0xf8, 0x7f, 0xfa, 0x50, 0xff, 0xff, 0x87,
    0xff, 0xfc, 0x3f, 0xff, 0xe1, 0x21, 0xff, 0xff,
    0xf, 0xfe, 0xfa, 0x1f, 0xff, 0xf0, 0xff, 0xf4,
    0xe1, 0xff, 0xdb, 0x43, 0xff, 0xa3, 0x87, 0xff,
    0xfc, 0x3f, 0xff, 0xe1, 0xff, 0xff, 0xf, 0xff,
    0xf8, 0x7f, 0xff, 0xc3, 0xff, 0xa6, 0x87, 0xff,
    0x6f, 0xf, 0xfe, 0x8a, 0x1f, 0xff, 0xf0, 0xff,
    0xef, 0x21, 0xff, 0xff, 0xf, 0xff, 0xf8, 0x7f,
    0xff, 0xc3, 0xff, 0xfe, 0x1f, 0xfd, 0x4, 0x3f,
    0xff, 0xe1, 0xff, 0xfc, 0xc3, 0xff, 0xfe, 0x1f,
    0xff, 0xf0, 0xff, 0xff, 0x87, 0xff, 0xc9, 0xf,
    0xff, 0xca, 0x1f, 0xff, 0xf0, 0xff, 0xef, 0xa1,
    0xff, 0xff, 0xf, 0xff, 0xf8, 0x7f, 0xff, 0xc3,
    0xff, 0xe5, 0x87, 0xff, 0x6d, 0xf, 0xfe, 0x8e,
    0x1f, 0xff, 0xf0, 0xff, 0xff, 0x87, 0xff, 0xfc,
    0x3f, 0xff, 0xe1, 0xff, 0xc5, 0x43, 0xff, 0xfe,
    0x1f, 0xfc, 0x14, 0x3f, 0xfb, 0x78, 0x7f, 0xff,
    0xc3, 0xff, 0xf8, 0x87, 0xff, 0xfc, 0x3f, 0xff,
    0xe1, 0xff, 0xff, 0xf, 0xff, 0xf8, 0x7f, 0xf4,
    0x10, 0xff, 0xff, 0x87, 0xff, 0xf3, 0xf, 0xff,
    0xf8, 0x7f, 0xfa, 0x50, 0xff, 0xfc, 0xa1, 0xff,
    0xff, 0xf, 0xff, 0xf8, 0x7f, 0xff, 0xc3, 0xff,
    0xd0, 0x87, 0xff, 0xfc, 0x3f, 0xfd, 0x38, 0x7f,
    0xf6, 0xd0, 0xff, 0xe8, 0xe1, 0xff, 0xff, 0xf,
    0xff, 0xf8, 0x7f, 0xff, 0xc3, 0xff, 0xfe, 0x1f,
    0xff, 0xf0, 0xff, 0xe9, 0xa1, 0xff, 0xdb, 0xc3,
    0xff, 0xa2, 0x87, 0xff, 0xfc, 0x3f, 0xfb, 0xc8,
    0x7f, 0xff, 0xc3, 0xff, 0xfe, 0x1f, 0xff, 0xf0,
    0xff, 0xff, 0x87, 0xff, 0x41, 0xf, 0xff, 0xf8,
    0x7f, 0xff, 0x30, 0xff, 0xff, 0x87, 0xff, 0xfc,
    0x3f, 0xfc, 0x88, 0x7f, 0xff, 0xc3, 0xff, 0x82,
    0x87, 0xff, 0xfc, 0x3f, 0xff, 0xe1, 0xff, 0xda,
    0x43, 0xff, 0xfe, 0x1f, 0xff, 0xf0, 0xff, 0xf2,
    0x61, 0xff, 0xff, 0xf, 0xfe, 0xe, 0x1f, 0xfd,
    0xb4, 0x3f, 0xff, 0xe1, 0xff, 0xff, 0xf, 0xff,
    0xf8, 0x7f, 0xff, 0xc3, 0xff, 0xc6, 0x87, 0xff,
    0xfc, 0x3f, 0xf8, 0x28, 0x7f, 0xf6, 0xf0, 0xff,
    0xff, 0x87, 0xff, 0xf1, 0xf, 0xff, 0xf8, 0x7f,
    0xff, 0xc3, 0xff, 0xfe, 0x1f, 0xff, 0xf0, 0xff,
    0xe8, 0x21, 0xff, 0xff, 0xf, 0xff, 0xe6, 0x1f,
    0xfd, 0xb4, 0x3f, 0xff, 0xe1, 0xff, 0xc1, 0x43,
    0xff, 0xfe, 0x1f, 0xff, 0xf0, 0xff, 0xed, 0x21,
    0xff, 0xff, 0xf, 0xff, 0xf8, 0x7f, 0xf9, 0x30,
    0xff, 0xff, 0x87, 0xff, 0x7, 0xf, 0xfe, 0xda,
    0x1f, 0xff, 0xf0, 0xff, 0xff, 0x87, 0xff, 0xfc,
    0x3f, 0xff, 0xe1, 0xff, 0xe3, 0x43, 0xff, 0xfe,
    0x1f, 0xfc, 0x1c, 0x3f, 0xfb, 0x78, 0x7f, 0xff,
    0xc3, 0xff, 0xbe, 0xe8, 0x7f, 0xf3, 0x90, 0xff,
    0xff, 0x87, 0xff, 0xb2, 0x81, 0xff, 0xff, 0xf,
    0xff, 0xf8, 0x7e, 0x78, 0x3f, 0xfa, 0xc8, 0x7f,
    0xff, 0xc3, 0xff, 0xc8, 0xe8, 0x7f, 0xf2, 0x70,
    0xff, 0xff, 0x87, 0xff, 0xc6, 0x81, 0xff, 0xf0,
    0x83, 0xbf, 0xff, 0xff, 0xff, 0xd0, 0x7c, 0xe8,
    0x7f, 0xfb, 0x54, 0x1a, 0xf, 0xff, 0xf8, 0x7f,
    0x3a, 0x1f, 0x58, 0x7f, 0xf1, 0x50, 0xff, 0xed,
    0x41, 0xc8, 0x7f, 0xff, 0xc3, 0xfe, 0xa0, 0x7e,
    0xe0, 0xff, 0xf4, 0xc1, 0xd8, 0x7f, 0xff, 0xc3,
    0xff, 0x82, 0xe8, 0x7c, 0xe8, 0x7f, 0xf2, 0xd0,
    0xff, 0xe7, 0x28, 0x34, 0x1f, 0xff, 0xf0, 0xff,
    0xe2, 0x58, 0x7e, 0xa0, 0x7f, 0xf9, 0x60, 0xe4,
    0x3f, 0xff, 0xe1, 0xff, 0xc6, 0x83, 0xf3, 0xa1,
    0xff, 0xe2, 0x83, 0xb0, 0xff, 0xff, 0x87, 0xff,
    0x1e, 0xf, 0xf5, 0xa1, 0xff, 0xc6, 0xc3, 0xff,
    0x98, 0xa0, 0xd0, 0x7f, 0xff, 0xc3, 0xff, 0x8f,
    0x7, 0xff, 0x6, 0x81, 0xe4, 0x3f, 0xfa, 0xf0,
    0x72, 0x1f, 0xff, 0xf0, 0xff, 0xe3, 0x28, 0x35,
    0xc1, 0xf3, 0xa1, 0xff, 0xdb, 0x83, 0xb0, 0xff,
    0xff, 0x87, 0xff, 0x1e, 0xc, 0xa1, 0xd0, 0xfa,
    0xc2, 0xc3, 0xfc, 0x87, 0xff, 0x29, 0x41, 0xa0,
    0xff, 0xff, 0x87, 0xff, 0x1e, 0xe, 0x83, 0x50,
    0x3f, 0x70, 0x7f, 0xf5, 0xe0, 0xe4, 0x3f, 0xff,
    0xe1, 0xff, 0xc6, 0x50, 0x68, 0x3c, 0xf0, 0x7c,
    0xe8, 0x7f, 0xf5, 0x20, 0xec, 0x3f, 0xff, 0xe1,
    0xff, 0xc7, 0x83, 0x28, 0x3f, 0x3a, 0x1f, 0xfc,
    0x6e, 0xf, 0xfe, 0x42, 0x1a, 0xf, 0xff, 0xf8,
    0x7f, 0xf1, 0xe0, 0xe8, 0x3f, 0xea, 0x7, 0xff,
    0x19, 0xd0, 0xff, 0xe2, 0xe1, 0xc8, 0x7f, 0xff,
    0xc3, 0xff, 0x8c, 0xa0, 0xd0, 0x7f, 0xf0, 0x5d,
    0xf, 0xfe, 0x35, 0x3, 0xff, 0x87, 0x7, 0x61,
    0xff, 0xff, 0xf, 0xfe, 0x3c, 0x19, 0x41, 0xff,
    0xc3, 0xb0, 0xff, 0xe3, 0x3a, 0x1f, 0xfc, 0x14,
    0x34, 0x1f, 0xff, 0xf0, 0xff, 0xe3, 0xc1, 0xd0,
    0x7f, 0xf1, 0xb8, 0x3f, 0xf8, 0xd6, 0x1f, 0xf6,
    0x1c, 0x87, 0xff, 0xfc, 0x3f, 0xf8, 0xca, 0xd,
    0x7, 0xff, 0x21, 0x83, 0xff, 0x8f, 0xc1, 0xfa,
    0xe, 0xc3, 0xff, 0xfe, 0x1f, 0xfc, 0x78, 0x32,
    0x83, 0xff, 0xbc, 0xe8, 0x79, 0xd, 0x7, 0xff,
    0xfc, 0x3f, 0xf8, 0xf0, 0x74, 0x1f, 0xfe, 0x1a,
    0x6, 0xc3, 0x90, 0xff, 0xff, 0x87, 0xff, 0x19,
    0x41, 0xa0, 0xff, 0xf1, 0xba, 0x41, 0xd8, 0x7f,
    0xff, 0xc3, 0xff, 0x8f, 0x6, 0x50, 0x7f, 0xf2,
    0xf0, 0xff, 0xe6, 0xda, 0x1a, 0xf, 0xff, 0xf8,
    0x7f, 0xf1, 0xe0, 0xe8, 0x3f, 0xfd, 0xa8, 0x7f,
    0xff, 0xc3, 0xff, 0x8c, 0xa0, 0xd0, 0x7f, 0xfb,
    0x70, 0xff, 0xff, 0x87, 0xff, 0x1e, 0xc, 0xa0,
    0xff, 0xe6, 0xa1, 0xff, 0xd3, 0xc3, 0xff, 0xfe,
    0x1f, 0xfc, 0x68, 0x3a, 0xf, 0xff, 0x7f, 0x7,
    0xff, 0xfc, 0x3f, 0xf8, 0x6a, 0xd, 0x7, 0xff,
    0xc5, 0xd0, 0xff, 0xff, 0x87, 0xff, 0x6, 0xc,
    0xa0, 0xff, 0xf9, 0xd8, 0x7f, 0xff, 0xc3, 0xfe,
    0x83, 0xa0, 0xff, 0xfb, 0x70, 0x7f, 0xff, 0xc3,
    0xf2, 0x83, 0x41, 0xff, 0xf8, 0x7f, 0xff, 0xff,
    0xff, 0xa0, 0xe4, 0x3f, 0xfa, 0x8, 0x7f, 0xff,
    0xc3, 0xff, 0xfe, 0x1f, 0xff, 0xf0, 0xff, 0xff,
    0x87, 0xff, 0xfc, 0x3f, 0xff, 0xe1, 0xff, 0xce,
    0xc3, 0xff, 0xfe, 0x1f, 0xfe, 0x94, 0x3f, 0xff,
    0xe1, 0xff, 0xff, 0xf, 0xff, 0xf8, 0x7f, 0xff,
    0xc3, 0xff, 0xc6, 0x87, 0xff, 0xfc, 0x3f, 0xfd,
    0x38, 0x7f, 0xff, 0xc3, 0xff, 0xfe, 0x1f, 0xff,
    0xf0, 0xff, 0xff, 0x87, 0xff, 0xfc, 0x3f, 0xff,
    0xe1, 0xff, 0xce, 0x43, 0xff, 0xfe, 0x1f, 0xff,
    0xf0, 0xff, 0xec, 0xa1, 0xff, 0xff, 0xf, 0xff,
    0xf8, 0x7f, 0xff, 0xc3, 0xff, 0xfe, 0x1f, 0xff,
    0xf0, 0xff, 0xff, 0x87, 0xff, 0x3b, 0xf, 0xff,
    0xf8, 0x7f, 0xfa, 0x50, 0xff, 0xff, 0x87, 0xff,
    0xfc, 0x3f, 0xff, 0xe1, 0xff, 0xff, 0xf, 0xff,
    0x1a, 0x1f, 0xff, 0xf0, 0xff, 0xf4, 0xe1, 0xff,
    0xff, 0xf, 0xff, 0xf8, 0x7f, 0xff, 0xc3, 0xff,
    0xfe, 0x1f, 0xff, 0xf0, 0xff, 0xff, 0x87, 0xff,
    0x39, 0xf, 0xff, 0xf8, 0x7f, 0xff, 0xc3, 0xff,
    0xfe, 0x1f, 0xff, 0xf0, 0xff, 0xf1, 0x21, 0xff,
    0xff, 0xf, 0xff, 0xf8, 0x7f, 0xff, 0xc3, 0xff,
    0xfe, 0x1f, 0xff, 0xf0, 0xff, 0xfd, 0xa1, 0xff,
    0xd1, 0xc3, 0xff, 0xfe, 0x1f, 0xff, 0xf0, 0xff,
    0xff, 0x87, 0xff, 0xfc, 0x3f, 0xff, 0xe1, 0xff,
    0xfb, 0xc3, 0xff, 0xa2, 0x87, 0xff, 0xfc, 0x3f,
    0xff, 0xe1, 0xff, 0xff, 0xf, 0xff, 0xf8, 0x7f,
    0xff, 0xc3, 0xff, 0xf6, 0x87, 0xff, 0xfc, 0x3f,
    0xff, 0xe1, 0xff, 0xff, 0xf, 0xff, 0xf8, 0x7f,
    0xf8, 0x90, 0xff, 0xff, 0x87, 0xff, 0xfc, 0x3f,
    0xff, 0xe1, 0xff, 0xff, 0xf, 0xff, 0xf8, 0x7f,
    0xff, 0xc3, 0xff, 0x9d, 0x87, 0xff, 0xfc, 0x3f,
    0xfd, 0x28, 0x7f, 0xff, 0xc3, 0xff, 0xfe, 0x1f,
    0xff, 0xf0, 0xff, 0xff, 0x87, 0xff, 0x17, 0xf,
    0xfe, 0x8a, 0x1f, 0xff, 0xf0, 0xff, 0xff, 0x87,
    0xff, 0xfc, 0x3f, 0xff, 0xe1, 0xff, 0xff, 0xf,
    0xff, 0xda, 0x1f, 0xff, 0xf0, 0xff, 0xff, 0x87,
    0xff, 0xfc, 0x3f, 0xff, 0xe1, 0xff, 0xff, 0xf,
    0xff, 0xf8, 0x7f, 0xfa, 0xd0, 0xff, 0xff, 0x87,
    0xff, 0xfc, 0x3f, 0xff, 0xe1, 0xff, 0xff, 0xf,
    0xff, 0xf8, 0x7f, 0xfe, 0xd0, 0xff, 0xe8, 0xe1,
    0xff, 0xff, 0xf, 0xff, 0xf8, 0x7f, 0xff, 0xc3,
    0xff, 0xfe, 0x1f, 0xff, 0xf0, 0xff, 0xfd, 0xe1,
    0xff, 0xd1, 0x43, 0xff, 0xfe, 0x1f, 0xff, 0xf0,
    0xff, 0xff, 0x87, 0xff, 0xc9, 0xf, 0xff, 0xf8,
    0x7f, 0xff, 0xc3, 0xff, 0xfe, 0x1f, 0xff, 0xf0,
    0xff, 0xff, 0x87, 0xff, 0xfc, 0x3f, 0xff, 0xe1,
    0xff, 0xff, 0xf, 0xff, 0xa2, 0x1f, 0xff, 0xf0,
    0xff, 0xff, 0x87, 0xff, 0xfc, 0x3f, 0xfe, 0x48,
    0x7f, 0xf4, 0x70, 0xff, 0xff, 0x87, 0xff, 0xfc,
    0x3f, 0xff, 0xe1, 0xff, 0xff, 0xf, 0xff, 0xf8,
    0x7f, 0xfe, 0xf0, 0xff, 0xe8, 0xa1, 0xff, 0xff,
    0xf, 0xff, 0xf8, 0x7f, 0xff, 0xc3, 0xff, 0xfe,
    0x1f, 0xff, 0xf0, 0xff, 0xfd, 0xa1, 0xff, 0xff,
    0xf, 0xff, 0xf8, 0x7f, 0xff, 0xc3, 0xff, 0xfe,
    0x1f, 0xff, 0xf0, 0xff, 0xff, 0x87, 0xff, 0xad,
    0xf, 0xff, 0xf8, 0x7f, 0xff, 0xc3, 0xff, 0xfe,
    0x1f, 0xff, 0x24, 0x3f, 0xff, 0xe1, 0xff, 0xff,
    0xf, 0xfe, 0xd6, 0x1f, 0xff, 0xf0, 0xff, 0xff,
    0x87, 0xff, 0xfc, 0x3f, 0xfe, 0x58, 0x7f, 0xfe,
    0x6f, 0xff, 0xff, 0xfe, 0xf, 0xe8, 0x3f, 0xfa,
    0x28, 0x7f, 0xf6, 0x94, 0x1f, 0xff, 0xf0, 0xdc,
    0x1f, 0xb8, 0x3f, 0xfe, 0xd0, 0x7f, 0xff, 0xc3,
    0xce, 0x87, 0xce, 0x87, 0xff, 0xce, 0xf, 0xff,
    0xf8, 0x7f, 0x58, 0x7e, 0xa0, 0x7f, 0xfc, 0x54,
    0x1f, 0xff, 0xf0, 0xff, 0xb8, 0x3e, 0x74, 0x3f,
    0xfd, 0xf0, 0x7f, 0xff, 0xc3, 0xff, 0x82, 0xe8,
    0x7d, 0x68, 0x7f, 0xfb, 0x20, 0xff, 0xff, 0x87,
    0xff, 0x12, 0x81, 0xfa, 0x81, 0xff, 0xc6, 0x43,
    0xff, 0xae, 0xa0, 0xff, 0xff, 0x87, 0xff, 0x15,
    0xd0, 0xf9, 0xd0, 0xff, 0xf4, 0x41, 0xff, 0xff,
    0xf, 0xfe, 0x45, 0xa1, 0xf5, 0x87, 0xff, 0xf,
    0xf, 0xfe, 0xb4, 0x1f, 0xff, 0xf0, 0xff, 0xe5,
    0xd0, 0x3f, 0x70, 0x7f, 0xf8, 0xd4, 0x1f, 0xff,
    0xf0, 0xff, 0xe6, 0x3a, 0x1f, 0x3a, 0x1f, 0xfe,
    0x18, 0x3f, 0xff, 0xe1, 0xff, 0xcf, 0xb0, 0xfd,
    0x40, 0xff, 0x21, 0xff, 0xd4, 0x83, 0xff, 0xfe,
    0x1f, 0xfd, 0x2e, 0xf, 0x9e, 0xf, 0xfe, 0xe2,
    0x83, 0xff, 0xfe, 0x1f, 0xfd, 0x37, 0x43, 0xe7,
    0x43, 0xff, 0xb5, 0x7, 0xff, 0xfc, 0x3f, 0xfa,
    0xd4, 0xf, 0xd4, 0xf, 0xfe, 0xc4, 0x1f, 0xff,
    0xf0, 0xff, 0xec, 0x3a, 0x1f, 0x3a, 0x1f, 0xfd,
    0x55, 0x7, 0xff, 0xfc, 0x3f, 0xfb, 0x56, 0x87,
    0xd6, 0x1f, 0xfd, 0x48, 0x3f, 0xff, 0xe1, 0xff,
    0xdd, 0xa0, 0x7e, 0xf0, 0x7f, 0xf4, 0x60, 0xff,
    0xff, 0x87, 0xff, 0x7d, 0xd0, 0xff, 0xec, 0x28,
    0x3f, 0xff, 0xe1, 0xff, 0xe1, 0xb0, 0xff, 0xeb,
    0xc1, 0xff, 0xff, 0xf, 0xff, 0x27, 0x7, 0xff,
    0x52, 0xf, 0xff, 0xf8, 0x7f, 0xf9, 0x9d, 0xf,
    0xfe, 0x8a, 0x83, 0xff, 0xfe, 0x1f, 0xfe, 0x8a,
    0x7, 0xff, 0x42, 0xf, 0xff, 0xf8, 0x7f, 0xfa,
    0x98, 0x3f, 0xf9, 0xd0, 0x7f, 0xff, 0xc3, 0xff,
    0xd9, 0x7, 0xff, 0x35, 0x41, 0xff, 0xff, 0xf,
    0xff, 0x5c, 0x1f, 0xfc, 0xe8, 0x3f, 0xff, 0xe1,
    0xff, 0xeb, 0x50, 0x7f, 0xf3, 0x60, 0xff, 0xff,
    0x87, 0xff, 0xad, 0x83, 0xff, 0x9a, 0xa0, 0xff,
    0xff, 0x87, 0xff, 0xaa, 0x81, 0xff, 0xce, 0x83,
    0xff, 0xfe, 0x1f, 0xfe, 0x86, 0xd0, 0xff, 0xe6,
    0x80,

    /* U+003A ":" */
    0xf, 0xfe, 0x4a, 0xaa, 0x50, 0x7f, 0xf4, 0xaf,
    0x51, 0x6a, 0x79, 0xf, 0xfe, 0x6b, 0xa1, 0xff,
    0x58, 0x7f, 0xf2, 0xe8, 0x1f, 0xfc, 0x3d, 0xf,
    0xfe, 0x46, 0x87, 0xff, 0x16, 0x81, 0xff, 0xc6,
    0xc3, 0xff, 0x90, 0xa0, 0xff, 0xe2, 0x41, 0xff,
    0xca, 0x90, 0xff, 0xe1, 0x28, 0x3f, 0xf9, 0x70,
    0x7f, 0xf0, 0xa0, 0xff, 0xe6, 0xc1, 0xff, 0xc0,
    0x43, 0xff, 0x9c, 0x87, 0xff, 0x2, 0xf, 0xfe,
    0x7a, 0x1f, 0xfd, 0xbc, 0x3f, 0xc8, 0x7f, 0xf4,
    0x10, 0xff, 0xf3, 0x61, 0xff, 0xff, 0xd, 0x87,
    0xff, 0xfc, 0x32, 0x1f, 0xff, 0x88, 0x3f, 0xe8,
    0x3f, 0xf9, 0xe8, 0x7f, 0xc8, 0x7f, 0xf3, 0x90,
    0xff, 0xe0, 0xa1, 0xff, 0xcd, 0x83, 0xff, 0x83,
    0x7, 0xff, 0x31, 0xf, 0xfe, 0x1e, 0x1f, 0xfc,
    0xb8, 0x3f, 0xf8, 0x90, 0x7f, 0xf2, 0x70, 0xff,
    0xe2, 0xb0, 0x7f, 0xf1, 0xf0, 0xff, 0xe3, 0xba,
    0x1f, 0xfc, 0x37, 0xf, 0xfe, 0x55, 0x87, 0xff,
    0x1, 0xe0, 0xff, 0xe6, 0xfa, 0x43, 0x9b, 0x83,
    0xff, 0xa2, 0xdf, 0xd2, 0x1f, 0xff, 0xf0, 0xff,
    0xff, 0x87, 0xff, 0xfc, 0x3f, 0xff, 0xe1, 0xff,
    0xff, 0xf, 0xff, 0xf8, 0x7f, 0xff, 0xc3, 0xff,
    0xfe, 0x1f, 0xff, 0xf0, 0xff, 0xff, 0x87, 0xff,
    0xfc, 0x3f, 0xff, 0xe1, 0xff, 0xff, 0xf, 0xff,
    0xf8, 0x7f, 0xff, 0xc3, 0xff, 0xfe, 0x1f, 0xff,
    0xf0, 0xff, 0xff, 0x87, 0xff, 0xfc, 0x3f, 0xff,
    0xe1, 0xff, 0xff, 0xf, 0xff, 0xf8, 0x7f, 0xff,
    0xc3, 0xff, 0xfe, 0x1f, 0xff, 0xf0, 0xff, 0xff,
    0x87, 0xff, 0xfc, 0x3f, 0xff, 0xe1, 0xff, 0xff,
    0xf, 0xff, 0xf8, 0x7f, 0xff, 0xc3, 0xff, 0xfe,
    0x1f, 0xff, 0xf0, 0xff, 0xff, 0x87, 0xff, 0xfc,
    0x3f, 0xff, 0xe1, 0xff, 0xdf, 0x55, 0x4a, 0xf,
    0xfe, 0x93, 0xea, 0x2d, 0x4f, 0x41, 0xff, 0xcd,
    0x78, 0x3f, 0xe7, 0x83, 0xff, 0x94, 0xc1, 0xff,
    0xc3, 0x70, 0xff, 0xe4, 0x50, 0x3f, 0xf8, 0xd8,
    0x7f, 0xf1, 0x94, 0x1f, 0xfc, 0x8c, 0x3f, 0xf8,
    0x8c, 0x1f, 0xfc, 0xa8, 0x3f, 0xf8, 0x70, 0x7f,
    0xf2, 0xd4, 0x1f, 0xfc, 0x18, 0x3f, 0xf9, 0xb0,
    0x7f, 0xf0, 0x50, 0xff, 0xe7, 0x21, 0xff, 0x21,
    0xff, 0xcf, 0x83, 0xfe, 0xc3, 0xff, 0xb6, 0x87,
    0xff, 0x41, 0xf, 0xff, 0xf8, 0x6c, 0x3f, 0xff,
    0xe1, 0xb0, 0xff, 0xff, 0x86, 0x43, 0xfd, 0x7,
    0xff, 0x6d, 0xf, 0xfe, 0x7c, 0x1f, 0xfc, 0x4,
    0x3f, 0xf9, 0xc8, 0x7f, 0xf0, 0x20, 0xff, 0xe6,
    0xa1, 0xff, 0xc2, 0x43, 0xff, 0x99, 0x7, 0xff,
    0xa, 0xf, 0xfe, 0x5e, 0x1f, 0xfc, 0x4c, 0x3f,
    0xf9, 0x30, 0x7f, 0xf1, 0xb0, 0xff, 0xe3, 0xc8,
    0x7f, 0xf1, 0xf4, 0x3f, 0xf8, 0x6e, 0x87, 0xff,
    0x26, 0xd0, 0xff, 0x9e, 0xf, 0xfe, 0x6d, 0xc8,
    0x73, 0x70, 0x7f, 0xf1, 0x80,

    /* U+0041 "A" */
    0xf, 0xfe, 0x7b, 0x7f, 0xff, 0xff, 0xff, 0xfd,
    0x21, 0xca, 0xf, 0xfe, 0x9d, 0xc8, 0x7f, 0xff,
    0xc3, 0xff, 0xd1, 0x86, 0x69, 0x87, 0xff, 0x47,
    0x43, 0xff, 0xfe, 0x1f, 0xfe, 0xa8, 0x3a, 0xb,
    0x43, 0xff, 0x9d, 0x87, 0xff, 0xfc, 0x3f, 0xfd,
    0x88, 0x68, 0x3a, 0x43, 0xff, 0x99, 0x7, 0xff,
    0xfc, 0x3f, 0xfd, 0x98, 0x65, 0x7, 0xa0, 0xff,
    0xe6, 0x21, 0xff, 0xff, 0xf, 0xff, 0x5c, 0x1d,
    0x7, 0xe4, 0x3f, 0xf9, 0x50, 0x7f, 0xff, 0xc3,
    0xff, 0xd8, 0x86, 0x83, 0xfb, 0xf, 0xfe, 0x54,
    0x1f, 0xff, 0xf0, 0xff, 0xf5, 0xe1, 0x94, 0x1f,
    0xfd, 0x5e, 0xf, 0xff, 0xf8, 0x7f, 0xfa, 0x20,
    0xe8, 0x3f, 0xfa, 0xee, 0x87, 0xff, 0xfc, 0x3f,
    0xfc, 0xc8, 0x68, 0x3f, 0xfb, 0x54, 0xf, 0xff,
    0xf8, 0x7f, 0xf9, 0x30, 0xca, 0xf, 0xfe, 0xdb,
    0xa1, 0xff, 0xff, 0xf, 0xff, 0xc, 0x1d, 0x7,
    0xff, 0x7a, 0xc3, 0xff, 0xfe, 0x1f, 0xfe, 0x4,
    0x34, 0x1f, 0xfc, 0x1c, 0x3f, 0xf9, 0x3c, 0x1f,
    0xb8, 0x3f, 0xff, 0xe1, 0xff, 0xdd, 0xc3, 0x28,
    0x3f, 0xfb, 0xe, 0x87, 0xce, 0x87, 0xff, 0xfc,
    0x3f, 0xfb, 0x50, 0x74, 0x1f, 0xfd, 0xbb, 0xf,
    0xd6, 0x1f, 0xff, 0xf0, 0xff, 0xec, 0xa1, 0xa0,
    0xff, 0xe1, 0xa1, 0xff, 0xce, 0xe0, 0xfd, 0xc1,
    0xff, 0xff, 0xf, 0xfe, 0xb6, 0x19, 0x41, 0xff,
    0xd8, 0x43, 0xce, 0x87, 0xce, 0x87, 0xff, 0xfc,
    0x3f, 0xfa, 0x70, 0x74, 0x1f, 0xfe, 0x2b, 0xf,
    0xd4, 0xf, 0xff, 0xf8, 0x7f, 0xf4, 0x90, 0xd0,
    0x7f, 0xf9, 0x78, 0x3e, 0x74, 0x3f, 0xff, 0xe1,
    0xff, 0xcf, 0xc3, 0x28, 0x3f, 0xfb, 0x58, 0x7f,
    0xce, 0x87, 0xd6, 0x87, 0xff, 0xfc, 0x3f, 0xf9,
    0x90, 0x74, 0x1f, 0xfc, 0x54, 0x3f, 0xfa, 0xf4,
    0xf, 0xd4, 0xf, 0xff, 0xf8, 0x7f, 0xf2, 0xd0,
    0xd0, 0x7f, 0xfa, 0xdd, 0xf, 0x9d, 0xf, 0xff,
    0xf8, 0x7f, 0xf2, 0x30, 0xca, 0xf, 0xfe, 0xe2,
    0x1f, 0xfc, 0x4b, 0x43, 0xeb, 0xf, 0xff, 0xf8,
    0x7f, 0xf1, 0xa0, 0xe8, 0x3f, 0xf8, 0xf8, 0x7f,
    0xf7, 0x28, 0x1f, 0xb8, 0x3f, 0xff, 0xe1, 0xff,
    0xc4, 0x43, 0x41, 0xff, 0xf2, 0x74, 0x3e, 0x74,
    0x3f, 0xff, 0xe1, 0xff, 0xc1, 0xc3, 0x28, 0x3f,
    0xfe, 0x96, 0x1f, 0xa8, 0x1f, 0xff, 0xf0, 0xff,
    0xa0, 0xe8, 0x3f, 0xf9, 0x28, 0x7f, 0xf8, 0x78,
    0x3e, 0x78, 0x3f, 0xff, 0xe1, 0xfc, 0x86, 0x83,
    0xff, 0xbe, 0x87, 0xff, 0x35, 0xd0, 0xf9, 0xd0,
    0xff, 0xff, 0x87, 0xb0, 0xca, 0xf, 0xff, 0xdd,
    0x87, 0xea, 0x7, 0xff, 0xfc, 0x34, 0x1d, 0x7,
    0xff, 0xf9, 0xf, 0xcf, 0xff, 0xff, 0xff, 0x21,
    0xa0, 0xff, 0xf0, 0xe1, 0xff, 0xff, 0xf, 0xff,
    0x1a, 0x83, 0xff, 0xfe, 0x87, 0xff, 0xfc, 0x3f,
    0xf8, 0xb0, 0x7f, 0xf3, 0x10, 0xff, 0xff, 0x87,
    0xff, 0xe2, 0xf, 0xff, 0x1a, 0x1f, 0xff, 0xf0,
    0xff, 0xf0, 0xa8, 0x3f, 0xff, 0xe1, 0xff, 0xff,
    0xf, 0xfe, 0x34, 0x1f, 0xfc, 0xec, 0x3f, 0xff,
    0xe1, 0xff, 0xf6, 0x83, 0xff, 0xfe, 0x1f, 0xff,
    0xf0, 0xff, 0xe3, 0x28, 0x3f, 0xff, 0xe1, 0x21,
    0xff, 0xff, 0xf, 0xfe, 0x14, 0x1f, 0xfd, 0x4,
    0x3f, 0xff, 0xe1, 0xff, 0xf4, 0x83, 0xff, 0xcc,
    0x87, 0xff, 0x47, 0xf, 0xff, 0xf8, 0x7f, 0xff,
    0xc3, 0xff, 0xfe, 0x1f, 0xff, 0xf0, 0xff, 0xff,
    0x87, 0xff, 0xa5, 0xf, 0xff, 0x36, 0x1f, 0xfd,
    0x14, 0x3f, 0xff, 0xe1, 0xff, 0xde, 0x43, 0xff,
    0xfe, 0x1f, 0xff, 0xf0, 0xff, 0xff, 0x87, 0xff,
    0xfc, 0x3f, 0xfe, 0x28, 0x7f, 0xff, 0xc3, 0xff,
    0xf9, 0x87, 0xff, 0xfc, 0x3f, 0xff, 0xe1, 0xff,
    0xff, 0xf, 0xff, 0xf8, 0x7f, 0x21, 0xff, 0xff,
    0xe, 0x43, 0xff, 0xfe, 0x1f, 0xfd, 0xf4, 0x3f,
    0xff, 0xe1, 0xff, 0xf4, 0xc3, 0xff, 0xcc, 0x87,
    0xff, 0xfc, 0x3f, 0xff, 0xe1, 0xff, 0xe5, 0xc3,
    0xff, 0xfe, 0x1f, 0xff, 0xf0, 0xff, 0xff, 0x87,
    0xff, 0x55, 0xf, 0xff, 0x36, 0x1f, 0xfd, 0x14,
    0x3f, 0xff, 0xe1, 0xff, 0xff, 0xf, 0xff, 0xf8,
    0x7f, 0xfc, 0x90, 0xff, 0xff, 0x87, 0xff, 0xfc,
    0x3f, 0xfb, 0xa8, 0x7f, 0xff, 0xc3, 0xff, 0xf9,
    0x87, 0xff, 0xfc, 0x3f, 0xff, 0xe1, 0xff, 0xff,
    0xf, 0xff, 0xf8, 0x7f, 0x21, 0xff, 0xff, 0xe,
    0x43, 0xff, 0xfe, 0x1f, 0xfd, 0xf4, 0x3f, 0xff,
    0xe1, 0xff, 0xff, 0xf, 0xff, 0xf8, 0x7f, 0xff,
    0xc3, 0xfb, 0xf, 0xff, 0x32, 0x1f, 0xfd, 0x1c,
    0x3f, 0xff, 0xe1, 0xff, 0xff, 0xf, 0xff, 0xf8,
    0x7f, 0xff, 0xc3, 0xff, 0xfe, 0x1f, 0xfe, 0x94,
    0x3f, 0xfc, 0xd8, 0x7f, 0xf4, 0x50, 0xff, 0xff,
    0x87, 0xff, 0x79, 0xf, 0xff, 0xf8, 0x7f, 0xff,
    0xc3, 0xff, 0xfe, 0x1f, 0xff, 0xf0, 0xff, 0xf8,
    0xa1, 0xff, 0xff, 0xf, 0xff, 0xe6, 0x1f, 0xff,
    0xf0, 0xff, 0xfa, 0x21, 0xff, 0xff, 0xe, 0x43,
    0xff, 0xfe, 0x1f, 0xff, 0xf0, 0xff, 0xff, 0x87,
    0xff, 0xcd, 0xf, 0xff, 0xf8, 0x7f, 0xfd, 0x30,
    0xff, 0xf3, 0x21, 0xff, 0xd1, 0xc3, 0xff, 0xfe,
    0x1f, 0xff, 0xf0, 0xff, 0xff, 0x87, 0xff, 0xfc,
    0x3f, 0xff, 0xe1, 0xff, 0xe9, 0x43, 0xff, 0xcd,
    0x87, 0xff, 0x45, 0xf, 0xff, 0xf8, 0x7f, 0xf7,
    0x90, 0xff, 0xff, 0x87, 0xff, 0xfc, 0x3f, 0xff,
    0xe1, 0xff, 0xff, 0xf, 0xff, 0x8a, 0x1f, 0xff,
    0xf0, 0xff, 0xfe, 0x61, 0xff, 0xff, 0xf, 0xff,
    0xf8, 0x7f, 0xfe, 0x90, 0xff, 0xff, 0x87, 0xff,
    0x5, 0xf, 0xff, 0xf8, 0x7f, 0xff, 0xc3, 0xff,
    0xca, 0x87, 0xff, 0xfc, 0x3f, 0xff, 0xe1, 0xff,
    0xfa, 0xc3, 0xff, 0xfe, 0x1f, 0xfc, 0x1c, 0x3f,
    0xfc, 0xc8, 0x7f, 0xff, 0xc3, 0xff, 0xfe, 0x1f,
    0xff, 0xf0, 0xff, 0xff, 0x87, 0xff, 0xe5, 0xf,
    0xff, 0xf8, 0x7f, 0xf0, 0x50, 0xff, 0xf3, 0x61,
    0xff, 0xff, 0xf, 0xff, 0xe2, 0x1f, 0xff, 0xf0,
    0xff, 0xff, 0x87, 0xff, 0xfc, 0x3f, 0xff, 0xe1,
    0xff, 0xf1, 0x43, 0xff, 0xfe, 0x1f, 0xff, 0xcc,
    0x3f, 0xff, 0xe1, 0xff, 0xf4, 0x43, 0xff, 0xfe,
    0x1c, 0x87, 0xff, 0xfc, 0x3f, 0xff, 0xe1, 0xff,
    0xff, 0xf, 0xff, 0x9a, 0x1f, 0xfe, 0x6c, 0x3f,
    0xff, 0xe1, 0xff, 0xc1, 0xc3, 0xff, 0xcc, 0x87,
    0xff, 0xfc, 0x3f, 0xff, 0xe1, 0xff, 0xff, 0xf,
    0xff, 0xf8, 0x7f, 0xfe, 0x50, 0xff, 0xff, 0x87,
    0xff, 0x7, 0xf, 0xff, 0x36, 0x1f, 0xff, 0xf0,
    0xff, 0xef, 0xb8, 0x7f, 0xf3, 0xd0, 0xff, 0xff,
    0x87, 0xff, 0xdf, 0x83, 0xff, 0xfe, 0x1f, 0xff,
    0xf0, 0xff, 0xe3, 0xba, 0x1f, 0xfe, 0x14, 0x3f,
    0xff, 0xe1, 0xff, 0xe4, 0xa0, 0x7f, 0xf2, 0xb0,
    0xff, 0xff, 0x87, 0xff, 0xed, 0xd0, 0xff, 0xfd,
    0xc1, 0xd7, 0xff, 0xff, 0xff, 0xf2, 0x1f, 0x5a,
    0x1f, 0xff, 0x94, 0x32, 0x83, 0xff, 0xfe, 0x1f,
    0xac, 0x3f, 0x50, 0x3f, 0xf8, 0xa8, 0x7f, 0xf9,
    0x70, 0xe8, 0x3f, 0xff, 0xe1, 0xff, 0x70, 0x7c,
    0xe8, 0x7f, 0xfd, 0x10, 0xe8, 0x3f, 0xff, 0xe1,
    0xff, 0xc1, 0x74, 0x3e, 0xb0, 0xff, 0xeb, 0xa1,
    0xff, 0xcf, 0x83, 0x28, 0x3f, 0xff, 0xe1, 0xff,
    0xc3, 0xa0, 0x7e, 0xe0, 0xff, 0xf8, 0x61, 0xd0,
    0x7f, 0xff, 0xc3, 0xff, 0x8a, 0xc1, 0xf9, 0xd0,
    0xff, 0xf6, 0xa1, 0xd0, 0x7f, 0xff, 0xc3, 0xff,
    0x8f, 0x7, 0xfa, 0x81, 0xff, 0xd2, 0xc3, 0xff,
    0x9b, 0x6, 0x50, 0x7f, 0xff, 0xc3, 0xff, 0x8d,
    0x7, 0xff, 0x1, 0xd0, 0xf2, 0x1f, 0xfe, 0x2c,
    0x3a, 0xf, 0xff, 0xf8, 0x7f, 0xf1, 0x94, 0x1a,
    0xd0, 0xfa, 0xd0, 0xff, 0xf3, 0x21, 0xd0, 0x7f,
    0xff, 0xc3, 0xff, 0x8f, 0x6, 0x51, 0x61, 0xfa,
    0x81, 0xff, 0xcd, 0x43, 0xff, 0x97, 0x6, 0x50,
    0x7f, 0xff, 0xc3, 0xff, 0x8d, 0x7, 0x41, 0xb8,
    0x3e, 0x74, 0xc3, 0xff, 0xc1, 0x87, 0x41, 0xff,
    0xff, 0xf, 0xfe, 0x32, 0x83, 0x41, 0xe7, 0x43,
    0xeb, 0x43, 0xff, 0xbe, 0x87, 0x41, 0xff, 0xff,
    0xf, 0xfe, 0x3c, 0x1c, 0x87, 0xea, 0x7, 0xff,
    0x4b, 0x43, 0xff, 0x91, 0x6, 0x50, 0x7f, 0xff,
    0xc3, 0xff, 0x8d, 0x7, 0x61, 0xfe, 0x74, 0x3f,
    0xfa, 0x36, 0x1f, 0xfc, 0x6c, 0x3a, 0xf, 0xff,
    0xf8, 0x7f, 0xf1, 0x94, 0x1a, 0xf, 0xfe, 0xd,
    0x87, 0xff, 0x4b, 0x83, 0xff, 0x86, 0x87, 0x61,
    0xff, 0xff, 0xf, 0xfe, 0x3c, 0x1c, 0x87, 0xff,
    0xf, 0x83, 0xff, 0xa2, 0xe8, 0x7f, 0xf0, 0x60,
    0xc8, 0x7f, 0xff, 0xc3, 0xff, 0x8f, 0x7, 0x61,
    0xff, 0xc5, 0x74, 0x3f, 0xfa, 0x34, 0xf, 0xfb,
    0xe, 0x83, 0xff, 0xfe, 0x1f, 0xfc, 0x65, 0x6,
    0x83, 0xff, 0x91, 0x40, 0xff, 0xe8, 0xba, 0x1f,
    0x90, 0xec, 0x3f, 0xff, 0xe1, 0xff, 0xc7, 0x83,
    0x90, 0xff, 0xe4, 0xa1, 0xff, 0xc9, 0xb4, 0x3e,
    0xb0, 0xfa, 0xc, 0x87, 0xff, 0xfc, 0x3f, 0xf8,
    0xf0, 0x76, 0x1f, 0xfc, 0xa4, 0x3f, 0xf9, 0x74,
    0xf, 0xdc, 0x1b, 0xe, 0x83, 0xff, 0xfe, 0x1f,
    0xfc, 0x65, 0x6, 0x83, 0xff, 0xc2, 0x81, 0xd0,
    0xf9, 0xd1, 0xe, 0xc3, 0xff, 0xfe, 0x1f, 0xfc,
    0x78, 0x39, 0xf, 0xfe, 0x5e, 0x1f, 0xfc, 0xeb,
    0xf, 0xd5, 0x6, 0x43, 0xff, 0xfe, 0x1f, 0xfc,
    0x78, 0x3b, 0xf, 0xff, 0x4f, 0x7, 0xc8, 0x74,
    0x1f, 0xff, 0xf0, 0xff, 0xe3, 0x28, 0x34, 0x1f,
    0xfe, 0xb7, 0x43, 0xfd, 0x87, 0xff, 0xfc, 0x3f,
    0xf8, 0xf0, 0x72, 0x1f, 0xfc, 0xd4, 0x3f, 0xfa,
    0x74, 0xf, 0xe8, 0x3f, 0xff, 0xe1, 0xff, 0xc6,
    0x83, 0xb0, 0xff, 0xf7, 0xba, 0x1f, 0x3a, 0x1f,
    0xff, 0xf0, 0xff, 0xe1, 0xa8, 0x34, 0x1f, 0xfe,
    0x44, 0x3f, 0xf8, 0x36, 0x87, 0xd6, 0x1f, 0xff,
    0xf0, 0xff, 0xe1, 0x41, 0xc8, 0x7f, 0xfd, 0x28,
    0x1f, 0xb8, 0x3f, 0xff, 0xe1, 0xff, 0x41, 0xd8,
    0x7f, 0xfd, 0x9d, 0xf, 0x9d, 0xf, 0xff, 0xf8,
    0x7e, 0x50, 0x68, 0x3f, 0xfc, 0xd8, 0x7f, 0xf1,
    0xad, 0xf, 0xaf, 0xff, 0xff, 0xff, 0xe8, 0x39,
    0xf, 0xfe, 0x82, 0x1f, 0xfd, 0xea, 0x7, 0xff,
    0xfc, 0x3f, 0xff, 0xe1, 0xff, 0xc7, 0x74, 0x3f,
    0xff, 0xe1, 0xff, 0xfa, 0x43, 0xff, 0x97, 0x61,
    0xff, 0xff, 0xf, 0xff, 0x1e, 0x1f, 0xfe, 0x3e,
    0xf, 0xff, 0xf8, 0x7f, 0xf0, 0xd0, 0xff, 0xff,
    0x84, 0xe1, 0xff, 0xff, 0xf, 0xff, 0xf8, 0x7f,
    0xf2, 0x20, 0xff, 0xff, 0x87, 0xff, 0x7d, 0xf,
    0xff, 0x36, 0x1f, 0xff, 0xf0, 0xff, 0xe0, 0xe1,
    0xff, 0xff, 0xf, 0xff, 0xf8, 0x7f, 0xfe, 0x90,
    0xff, 0xff, 0x87, 0xff, 0xfc, 0x3f, 0xfc, 0xa8,
    0x7f, 0xff, 0xc3, 0xff, 0x82, 0x87, 0xff, 0x9b,
    0xf, 0xff, 0xf8, 0x7f, 0xff, 0xc3, 0xff, 0xfe,
    0x1f, 0xff, 0xf0, 0xff, 0xe2, 0xa1, 0xff, 0xff,
    0xf, 0xff, 0xf8, 0x7f, 0xf7, 0x50, 0xff, 0xff,
    0x87, 0xff, 0xfc, 0x3f, 0xfc, 0x88, 0x7f, 0xff,
    0xc3, 0xff, 0x82, 0x87, 0xff, 0x47, 0xf, 0xff,
    0xf8, 0x7f, 0xff, 0xc3, 0xff, 0xfe, 0x1f, 0xff,
    0xf0, 0xff, 0xed, 0xa1, 0xff, 0xe6, 0xc3, 0xff,
    0xfe, 0x1f, 0xfc, 0x1c, 0x3f, 0xff, 0xe1, 0xff,
    0xff, 0xf, 0xff, 0xd2, 0x1f, 0xff, 0xf0, 0xff,
    0xff, 0x87, 0xff, 0x95, 0xf, 0xff, 0xf8, 0x7f,
    0xf0, 0x50, 0xff, 0xff, 0x87, 0xff, 0xfc, 0x3f,
    0xff, 0x58, 0x7f, 0xff, 0xc3, 0xff, 0xf8, 0x87,
    0xff, 0xfc, 0x3f, 0xff, 0xe1, 0xff, 0xff, 0xf,
    0xff, 0xf8, 0x7f, 0xfc, 0x50, 0xff, 0xff, 0x87,
    0xff, 0xf3, 0xf, 0xff, 0x32, 0x1f, 0xff, 0xf0,
    0xff, 0xe0, 0xa1, 0xff, 0xff, 0xf, 0xff, 0xf8,
    0x7f, 0xff, 0xc3, 0xff, 0x9b, 0x87, 0xff, 0xfc,
    0x3f, 0xf8, 0x38, 0x7f, 0xf4, 0x50, 0xff, 0xff,
    0x87, 0xff, 0xfc, 0x3f, 0xfb, 0x88, 0x7f, 0xff,
    0xc3, 0xff, 0xfe, 0x1f, 0xfe, 0x54, 0x3f, 0xff,
    0xe1, 0xff, 0xc1, 0x43, 0xff, 0xfe, 0x1f, 0xff,
    0xf0, 0xff, 0xfd, 0x61, 0xff, 0xff, 0xf, 0xff,
    0xf8, 0x7f, 0xff, 0xc3, 0xff, 0xfe, 0x1f, 0xfc,
    0x54, 0x3f, 0xff, 0xe1, 0xff, 0xff, 0xf, 0xfe,
    0xea, 0x1f, 0xff, 0xf0, 0xff, 0xff, 0x87, 0xff,
    0x91, 0xf, 0xff, 0xf8, 0x7f, 0xf0, 0x50, 0xff,
    0xe8, 0xe1, 0xff, 0xff, 0xf, 0xff, 0xf8, 0x7f,
    0xff, 0xc3, 0xff, 0xfe, 0x1f, 0xff, 0xf0, 0xff,
    0xe1, 0xe1, 0xff, 0xff, 0xf, 0xfe, 0xe, 0x1f,
    0xfd, 0x14, 0x3f, 0xff, 0xe1, 0xff, 0xff, 0xf,
    0xfe, 0xe2, 0x1f, 0xff, 0xf0, 0xff, 0xff, 0x87,
    0xff, 0x95, 0xf, 0xff, 0xf8, 0x7f, 0xf0, 0x50,
    0xff, 0xff, 0x87, 0xff, 0xfc, 0x3f, 0xff, 0x58,
    0x7f, 0xff, 0xc3, 0xff, 0xf8, 0x87, 0xff, 0xfc,
    0x3f, 0xff, 0xe1, 0xff, 0xff, 0xf, 0xff, 0xf8,
    0x7f, 0xfc, 0x50, 0xff, 0xe8, 0x21, 0xff, 0xff,
    0xf, 0xfe, 0xa, 0x1f, 0xfd, 0x1c, 0x3f, 0xff,
    0xe1, 0xff, 0xff, 0xf, 0xff, 0xf8, 0x7f, 0xff,
    0xc3, 0xff, 0xfe, 0x1f, 0xfc, 0x3c, 0x3f, 0xff,
    0xe1, 0xff, 0xc1, 0xc3, 0xff, 0xa2, 0x87, 0xff,
    0xfc, 0x3f, 0xff, 0xe1, 0xff, 0xdc, 0x43, 0xff,
    0xfe, 0x1f, 0xff, 0xf0, 0xff, 0xf2, 0xa1, 0xff,
    0xff, 0xf, 0xfe, 0xa, 0x1f, 0xff, 0xf0, 0xff,
    0xff, 0x87, 0xff, 0xeb, 0xf, 0xff, 0xf8, 0x7f,
    0xff, 0xc3, 0xff, 0xfe, 0x1f, 0xff, 0xf0, 0xff,
    0xe2, 0xa1, 0xff, 0xff, 0xf, 0xff, 0xf8, 0x7f,
    0xf7, 0x50, 0xff, 0xff, 0x87, 0xff, 0x79, 0xf,
    0xff, 0xf8, 0x72, 0x1f, 0xff, 0xf0, 0xff, 0xef,
    0xe1, 0xff, 0xff, 0xf, 0xff, 0xf8, 0x7f, 0xff,
    0xc3, 0xff, 0xfe, 0x1f, 0xd8, 0x7f, 0xff, 0xc3,
    0xb0, 0xff, 0xff, 0x87, 0xff, 0x7d, 0xf, 0xff,
    0xf8, 0x7f, 0xff, 0xc3, 0xff, 0xb8, 0x87, 0xff,
    0x41, 0x41, 0xff, 0xff, 0xf, 0xfe, 0xa, 0x1f,
    0xff, 0xf0, 0xd0, 0x7f, 0xff, 0xc3, 0xff, 0xfe,
    0x1f, 0xfc, 0x68, 0x3f, 0xff, 0xe1, 0xff, 0xf6,
    0xc3, 0xff, 0x9e, 0x87, 0xff, 0xfc, 0x3f, 0xfc,
    0x8, 0x7f, 0xf9, 0x30, 0xff, 0xff, 0x87, 0xff,
    0xdd, 0xf, 0xfe, 0x6c, 0x1f, 0xff, 0xf0, 0xff,
    0xff, 0x87, 0xff, 0x1d, 0xf, 0xff, 0xf8, 0x7f,
    0xf1, 0x10, 0xff, 0xe8, 0xe1, 0xff, 0xe2, 0xc3,
    0xff, 0xfe, 0x1f, 0xff, 0xf0, 0xff, 0xe3, 0x41,
    0xff, 0xff, 0xf, 0xfe, 0x36, 0x1f, 0xff, 0xf4,
    0x3f, 0xff, 0xe1, 0xff, 0xc6, 0xc3, 0xff, 0xa2,
    0x87, 0xff, 0x83, 0xf, 0xff, 0xf8, 0x7f, 0xf1,
    0xdc, 0x3f, 0xfc, 0xa8, 0x7f, 0xf2, 0xa0, 0xff,
    0xff, 0x87, 0xff, 0x2b, 0x83, 0xff, 0xf4, 0x87,
    0xff, 0xfc, 0x3f, 0xf9, 0x6e, 0x87, 0xff, 0xdf,
    0xf, 0xff, 0xf8, 0x7f, 0xf3, 0xac, 0x3f, 0xfc,
    0x18, 0x7f, 0xf2, 0x20, 0xff, 0xff, 0x87, 0xff,
    0x47, 0x83, 0xff, 0xe6, 0x87, 0xff, 0xfc, 0x3f,
    0xfa, 0x4e, 0x87, 0xff, 0x19, 0xf, 0xfe, 0xee,
    0x1f, 0xff, 0xf0, 0xff, 0xea, 0xd0, 0x3f, 0xfb,
    0x68, 0x7f, 0xf1, 0x90, 0xff, 0xff, 0x87, 0xff,
    0x5d, 0xd0, 0xff, 0xf6, 0x41, 0xff, 0xff, 0xf,
    0xfe, 0xcd, 0xa1, 0xff, 0xc1, 0xc3, 0xff, 0xb7,
    0x87, 0xff, 0xfc, 0x3f, 0xfb, 0x94, 0xf, 0xff,
    0x3a, 0x1f, 0xff, 0xf0, 0xff, 0xef, 0x3a, 0x1f,
    0xfe, 0x58, 0x3f, 0xff, 0xe1, 0xff, 0xe0, 0xb0,
    0xfe, 0x43, 0xff, 0xb3, 0x87, 0xff, 0xfc, 0x3f,
    0xfc, 0x7c, 0x1f, 0xfd, 0x4, 0x3f, 0xf8, 0x68,
    0x7f, 0xff, 0xc3, 0xff, 0xca, 0xe8, 0x7f, 0xf7,
    0xa0, 0xff, 0xff, 0x87, 0xff, 0x9e, 0x81, 0xff,
    0xdc, 0xc3, 0xff, 0xfe, 0x1f, 0xfe, 0x97, 0x83,
    0xff, 0x97, 0x87, 0xff, 0x5, 0xf, 0xff, 0xf8,
    0x7f, 0xfb, 0x1e, 0xf, 0xfe, 0xbc, 0x1f, 0xff,
    0xf0, 0xff, 0xf7, 0x21, 0xff, 0xc9, 0x43, 0xff,
    0x81, 0x87, 0xff, 0xfc, 0x3f, 0xff, 0xe1, 0xff,
    0xc6, 0x43, 0xff, 0xfe, 0x1f, 0xff, 0xf0, 0xff,
    0xe3, 0xc1, 0xff, 0xff, 0xf, 0xff, 0xf8, 0x7f,
    0xf1, 0xa0, 0xff, 0xff, 0x87, 0xff, 0xfc, 0x3f,
    0x21, 0xfc, 0xa0, 0xff, 0xff, 0x87, 0xff, 0xfc,
    0x3f, 0xf8, 0xd0, 0x7f, 0xff, 0xc3, 0xff, 0xfe,
    0x1f, 0xd0, 0x7e, 0x83, 0xff, 0xfe, 0x1f, 0xff,
    0xf0, 0xff, 0x90, 0xf2, 0x83, 0xff, 0xfe, 0x1f,
    0xff, 0xf0, 0xff, 0xa4, 0x3a, 0xf, 0xff, 0xf8,
    0x7f, 0xff, 0xc3, 0xff, 0x83, 0x40, 0xa0, 0xff,
    0xff, 0x87, 0xff, 0xfc, 0x3f, 0xf8, 0x6e, 0xb0,
    0x7f, 0xff, 0xc3, 0xff, 0xfe, 0x1f, 0xf0,

    /* U+004D "M" */
    0xf, 0xfe, 0x7b, 0x7f, 0xff, 0xff, 0xff, 0xfd,
    0x21, 0xc8, 0x7f, 0xf5, 0x2e, 0x43, 0xff, 0xfe,
    0x1f, 0xfe, 0x8c, 0x3a, 0xe0, 0xff, 0xe8, 0xe8,
    0x7f, 0xff, 0xc3, 0xff, 0xd5, 0x7, 0x60, 0x74,
    0x3f, 0xf9, 0xd8, 0x7f, 0xff, 0xc3, 0xff, 0xd8,
    0x86, 0x83, 0xa0, 0xff, 0xe6, 0xc1, 0xff, 0xff,
    0xf, 0xff, 0x66, 0x1c, 0x87, 0xb0, 0xff, 0xe6,
    0x21, 0xff, 0xff, 0xf, 0xff, 0x5c, 0x1d, 0x87,
    0xff, 0x4e, 0xf, 0xff, 0xf8, 0x7f, 0xfb, 0x10,
    0xd0, 0x7f, 0x41, 0xff, 0xca, 0x83, 0xff, 0xfe,
    0x1f, 0xfe, 0xbc, 0x39, 0xf, 0xfe, 0xaf, 0x7,
    0xff, 0xfc, 0x3f, 0xfd, 0x10, 0x76, 0x1f, 0xfd,
    0x77, 0x43, 0xff, 0xfe, 0x1f, 0xfe, 0x64, 0x34,
    0x1f, 0xfd, 0xaa, 0x7, 0xff, 0xfc, 0x3f, 0xfc,
    0x98, 0x65, 0x7, 0xff, 0x6d, 0xd0, 0xff, 0xff,
    0x87, 0xff, 0x86, 0xe, 0x83, 0xff, 0xbd, 0x61,
    0xff, 0xff, 0xf, 0xff, 0x2, 0x1a, 0xf, 0xfe,
    0xe, 0x1f, 0xfc, 0x9e, 0xf, 0xdc, 0x1f, 0xff,
    0xf0, 0xff, 0xee, 0xe1, 0x94, 0x1f, 0xfd, 0x87,
    0x43, 0xe7, 0x43, 0xff, 0xfe, 0x1f, 0xfd, 0xa8,
    0x3a, 0xf, 0xfe, 0xdd, 0x87, 0xeb, 0xf, 0xff,
    0xf8, 0x7f, 0xf6, 0x50, 0xd0, 0x7f, 0xf0, 0xd0,
    0xff, 0xe7, 0x70, 0x7e, 0xe0, 0xff, 0xff, 0x87,
    0xff, 0x5b, 0xc, 0xa0, 0xff, 0xec, 0x21, 0xe7,
    0x43, 0xe7, 0x43, 0xff, 0xfe, 0x1f, 0xfd, 0x38,
    0x3a, 0xf, 0xff, 0x15, 0x87, 0xea, 0x7, 0xff,
    0xfc, 0x3f, 0xfa, 0x48, 0x68, 0x3f, 0xfc, 0xbc,
    0x1f, 0x3a, 0x1f, 0xff, 0xf0, 0xff, 0xe7, 0xe1,
    0x94, 0x1f, 0xfd, 0xac, 0x3f, 0xe7, 0x43, 0xeb,
    0x43, 0xff, 0xfe, 0x1f, 0xfc, 0xc8, 0x3a, 0xf,
    0xff, 0x4d, 0x3, 0xf5, 0x3, 0xff, 0xfe, 0x1f,
    0xfc, 0xb4, 0x34, 0x1f, 0xfc, 0x64, 0x3f, 0xfb,
    0xe, 0x87, 0xce, 0x87, 0xff, 0xfc, 0x3f, 0xf9,
    0x18, 0x65, 0x7, 0xff, 0x71, 0xf, 0xfe, 0x25,
    0xa1, 0xf5, 0x87, 0xff, 0xfc, 0x3f, 0xf8, 0xd0,
    0x74, 0x1f, 0xfc, 0x7c, 0x3f, 0xfb, 0x94, 0xf,
    0xdc, 0x1f, 0xff, 0xf0, 0xff, 0xe2, 0x21, 0xa0,
    0xff, 0xf9, 0x3a, 0x1f, 0x3a, 0x1f, 0xff, 0xf0,
    0xff, 0xe0, 0xe1, 0x94, 0x1f, 0xff, 0x4b, 0xf,
    0xd4, 0xf, 0xff, 0xf8, 0x7f, 0xd0, 0x74, 0x1f,
    0xfc, 0x94, 0x3f, 0xfc, 0x3c, 0x1f, 0x3c, 0x1f,
    0xff, 0xf0, 0xfe, 0x43, 0x41, 0xff, 0xdf, 0x43,
    0xff, 0x9a, 0xe8, 0x7c, 0xe8, 0x7f, 0xff, 0xc3,
    0xd8, 0x65, 0x7, 0xff, 0xee, 0xc3, 0xf5, 0x3,
    0xff, 0xfe, 0x1a, 0xe, 0x83, 0xff, 0xfc, 0x87,
    0xe7, 0xff, 0xff, 0xff, 0x90, 0xd0, 0x7f, 0xf8,
    0x70, 0xff, 0xff, 0x87, 0xff, 0x8d, 0x41, 0xff,
    0xff, 0x43, 0xff, 0xfe, 0x1f, 0xfc, 0x58, 0x3f,
    0xf9, 0x88, 0x7f, 0xff, 0xc3, 0xff, 0xf1, 0x7,
    0xff, 0x8d, 0xf, 0xff, 0xf8, 0x7f, 0xf8, 0x54,
    0x1f, 0xff, 0xf0, 0xff, 0xff, 0x87, 0xff, 0x1a,
    0xf, 0xfe, 0x76, 0x1f, 0xff, 0xf0, 0xff, 0xfb,
    0x41, 0xff, 0xff, 0xf, 0xff, 0xf8, 0x7f, 0xf1,
    0x94, 0x1f, 0xff, 0xf0, 0x90, 0xff, 0xff, 0x87,
    0xff, 0xa, 0xf, 0xfe, 0x82, 0x1f, 0xff, 0xf0,
    0xff, 0xfa, 0x41, 0xff, 0xe6, 0x43, 0xff, 0xa3,
    0x87, 0xff, 0xfc, 0x3f, 0xff, 0xe1, 0xff, 0xff,
    0xf, 0xff, 0xf8, 0x7f, 0xff, 0xc3, 0xff, 0xd2,
    0x87, 0xff, 0x9b, 0xf, 0xfe, 0x8a, 0x1f, 0xff,
    0xf0, 0xff, 0xef, 0x21, 0xff, 0xff, 0xf, 0xff,
    0xf8, 0x7f, 0xff, 0xc3, 0xff, 0xfe, 0x1f, 0xff,
    0x14, 0x3f, 0xff, 0xe1, 0xff, 0xfc, 0xc3, 0xff,
    0xfe, 0x1f, 0xff, 0xf0, 0xff, 0xff, 0x87, 0xff,
    0xfc, 0x3f, 0x90, 0xff, 0xff, 0x87, 0x21, 0xff,
    0xff, 0xf, 0xfe, 0xfa, 0x1f, 0xff, 0xf0, 0xff,
    0xff, 0x87, 0xff, 0x71, 0xf, 0xff, 0xf8, 0x7f,
    0xf7, 0xf0, 0xff, 0xff, 0x87, 0x61, 0xff, 0xff,
    0xf, 0xff, 0xf8, 0x7f, 0xff, 0xc3, 0xff, 0xaa,
    0x87, 0xff, 0x9b, 0xf, 0xfe, 0x8a, 0x1f, 0xff,
    0xf0, 0xff, 0xff, 0x87, 0xff, 0xfc, 0x3f, 0xfe,
    0x48, 0x7f, 0xff, 0xc3, 0xff, 0xfe, 0x1f, 0xfd,
    0xd4, 0x3f, 0xff, 0xe1, 0xff, 0xff, 0xf, 0xff,
    0xf8, 0x7f, 0xff, 0xc3, 0xff, 0x8b, 0x87, 0xff,
    0xfc, 0x3f, 0xfe, 0x88, 0x7f, 0xff, 0xc3, 0x90,
    0xff, 0xff, 0x87, 0xff, 0xfc, 0x3f, 0xff, 0xe1,
    0xff, 0xf3, 0x43, 0xff, 0xfe, 0x1f, 0xff, 0x4c,
    0x3f, 0xfc, 0xc8, 0x7f, 0xf4, 0x70, 0xff, 0xff,
    0x87, 0xff, 0xfc, 0x3f, 0xff, 0xe1, 0xff, 0xff,
    0xf, 0xff, 0xf8, 0x7f, 0xfa, 0x50, 0xff, 0xf3,
    0x61, 0xff, 0xd1, 0x43, 0xff, 0xfe, 0x1f, 0xfd,
    0xe4, 0x3f, 0xff, 0xe1, 0xff, 0xff, 0xf, 0xff,
    0xf8, 0x7f, 0xff, 0xc3, 0xff, 0xe2, 0x87, 0xff,
    0xfc, 0x3f, 0xff, 0x98, 0x7f, 0xff, 0xc3, 0xff,
    0xfe, 0x1f, 0xff, 0xa4, 0x3f, 0xff, 0xe1, 0xff,
    0xc1, 0x43, 0xff, 0xfe, 0x1f, 0xff, 0xf0, 0xff,
    0xf2, 0xa1, 0xff, 0xff, 0xf, 0xff, 0xf8, 0x7f,
    0xfe, 0xb0, 0xff, 0xff, 0x87, 0xff, 0x7, 0xf,
    0xff, 0x32, 0x1f, 0xff, 0xf0, 0xff, 0xff, 0x87,
    0xff, 0xfc, 0x3f, 0xfe, 0x68, 0x7f, 0xf9, 0xb0,
    0xff, 0xe8, 0xa1, 0xff, 0xff, 0xf, 0xff, 0xf8,
    0x7f, 0xff, 0xc3, 0xff, 0xe4, 0x87, 0xff, 0xfc,
    0x3f, 0xff, 0xe1, 0xff, 0xdd, 0x43, 0xff, 0xfe,
    0x1f, 0xff, 0xcc, 0x3f, 0xff, 0xe1, 0xff, 0xff,
    0xf, 0xff, 0xd2, 0x1f, 0xff, 0xf0, 0xff, 0xe0,
    0xa1, 0xff, 0xff, 0xf, 0xff, 0xf8, 0x7f, 0xf9,
    0x50, 0xff, 0xff, 0x87, 0xff, 0xfc, 0x3f, 0xff,
    0x58, 0x7f, 0xff, 0xc3, 0xff, 0x83, 0x87, 0xff,
    0x99, 0xf, 0xff, 0xf8, 0x7f, 0xff, 0xc3, 0xff,
    0xfe, 0x1f, 0xff, 0xf0, 0xff, 0xfc, 0xa1, 0xff,
    0xff, 0xf, 0xfe, 0xa, 0x1f, 0xfe, 0x6c, 0x3f,
    0xff, 0xe1, 0xff, 0xfc, 0x43, 0xff, 0xfe, 0x1f,
    0xff, 0xf0, 0xff, 0xff, 0x87, 0xff, 0xfc, 0x3f,
    0xfe, 0x28, 0x7f, 0xff, 0xc3, 0xff, 0xf9, 0x87,
    0xff, 0xfc, 0x3f, 0xff, 0xe1, 0xff, 0xfa, 0x43,
    0xff, 0xfe, 0x1f, 0xfc, 0x14, 0x3f, 0xff, 0xe1,
    0xff, 0xff, 0xf, 0xff, 0x2a, 0x1f, 0xff, 0xf0,
    0xff, 0xfa, 0x61, 0xff, 0xff, 0xe, 0xc3, 0xff,
    0xfe, 0x1f, 0xff, 0x44, 0x3f, 0xff, 0xe1, 0xff,
    0xff, 0xf, 0xff, 0x2a, 0x1f, 0xff, 0xf0, 0xff,
    0xfa, 0x61, 0xff, 0xff, 0xf, 0xfe, 0xfd, 0x3,
    0xff, 0x9e, 0x87, 0xff, 0xfc, 0x3f, 0xfe, 0xce,
    0x87, 0xff, 0xfc, 0x3f, 0xff, 0xe1, 0xff, 0xc7,
    0xb0, 0xff, 0xf1, 0x21, 0xff, 0xff, 0xf, 0xff,
    0x27, 0x7, 0xff, 0x2b, 0xf, 0xff, 0xf8, 0x7f,
    0xfe, 0xdd, 0xf, 0xff, 0xda, 0x1f, 0xff, 0xf0,
    0xff, 0xe5, 0x50, 0x3f, 0xff, 0x50, 0x7f, 0xff,
    0xc3, 0xff, 0x96, 0xe8, 0x7f, 0xf1, 0x50, 0xff,
    0xf2, 0xc1, 0xff, 0xff, 0xf, 0xfe, 0x75, 0xa1,
    0xff, 0xf4, 0x50, 0x7f, 0xff, 0xc3, 0xff, 0xa1,
    0x40, 0xff, 0xeb, 0xa1, 0xff, 0xcf, 0x83, 0xff,
    0xfe, 0x1f, 0xfd, 0x27, 0x43, 0xff, 0xe1, 0x7,
    0xff, 0xfc, 0x3f, 0xfa, 0xb6, 0x1f, 0xfe, 0xe5,
    0x7, 0xff, 0xfc, 0x3f, 0xfa, 0xfc, 0x1f, 0xfd,
    0x2c, 0x3f, 0xf9, 0xb0, 0x7f, 0xff, 0xc3, 0xff,
    0xb2, 0xe8, 0x79, 0xf, 0xff, 0x14, 0x1f, 0xff,
    0xf0, 0xff, 0xe9, 0x3a, 0x1f, 0x50, 0x3f, 0xfc,
    0xea, 0xf, 0xff, 0xf8, 0x7f, 0xf4, 0xa2, 0x81,
    0xf3, 0xa1, 0xff, 0xcd, 0x43, 0xff, 0x97, 0x7,
    0xff, 0xfc, 0x3f, 0xfa, 0x58, 0x4e, 0x87, 0xd6,
    0xc, 0x3f, 0xfc, 0x10, 0x7f, 0xff, 0xc3, 0xff,
    0xa4, 0x87, 0xac, 0x3f, 0x70, 0x7f, 0xf8, 0x14,
    0x1f, 0xff, 0xf0, 0xff, 0xe9, 0x41, 0xfb, 0x83,
    0xe5, 0x7, 0xff, 0x27, 0xf, 0xfe, 0x4c, 0x1f,
    0xff, 0xf0, 0xff, 0xe9, 0x61, 0xfe, 0x74, 0x3f,
    0xfa, 0x3c, 0x1f, 0xfc, 0x68, 0x3f, 0xff, 0xe1,
    0xff, 0xd2, 0x43, 0xff, 0x83, 0x40, 0xff, 0xe8,
    0xba, 0x1f, 0xfc, 0x35, 0x7, 0xff, 0xfc, 0x3f,
    0xfa, 0x50, 0x7f, 0xf0, 0x9d, 0xf, 0xfe, 0x8d,
    0x3, 0xff, 0x85, 0x7, 0xff, 0xfc, 0x3f, 0xfa,
    0x58, 0x7f, 0xf1, 0x6c, 0x3f, 0xfa, 0x2e, 0x87,
    0xfd, 0x7, 0xff, 0xfc, 0x3f, 0xfa, 0x48, 0x7f,
    0xf2, 0x38, 0x3f, 0xfa, 0x36, 0x1f, 0xca, 0xf,
    0xff, 0xf8, 0x7f, 0xf4, 0xa0, 0xff, 0xe4, 0xa1,
    0xff, 0xc9, 0xb0, 0xfd, 0xc1, 0xf4, 0x1f, 0xff,
    0xf0, 0xff, 0xe9, 0x61, 0xff, 0xca, 0x43, 0xff,
    0x97, 0xc1, 0xf3, 0xa1, 0xa0, 0xff, 0xff, 0x87,
    0xff, 0x49, 0xf, 0xff, 0x23, 0xa1, 0xf5, 0x81,
    0x41, 0xff, 0xff, 0xf, 0xfe, 0x94, 0x1f, 0xfe,
    0x14, 0x35, 0x3, 0xf7, 0x40, 0xff, 0xff, 0x87,
    0xff, 0x4b, 0xf, 0xfe, 0x66, 0x1f, 0xfc, 0xf7,
    0x43, 0xe4, 0x3f, 0xff, 0xe1, 0xff, 0xd2, 0x43,
    0xff, 0xd7, 0x61, 0xff, 0xff, 0xf, 0xfe, 0xcc,
    0x1f, 0xfc, 0xd4, 0x3f, 0xfa, 0x7c, 0x1f, 0xff,
    0xf0, 0xff, 0xeb, 0x61, 0xff, 0xef, 0x74, 0x3f,
    0xff, 0xe1, 0xff, 0xd3, 0x43, 0xff, 0xc8, 0x87,
    0xff, 0x6, 0x81, 0xff, 0xff, 0xf, 0xfe, 0x94,
    0x1f, 0xff, 0x37, 0x83, 0xff, 0xfe, 0x1f, 0xfc,
    0xfc, 0x3f, 0xfe, 0xce, 0x87, 0xff, 0xfc, 0x3f,
    0xf9, 0x88, 0x7f, 0xf9, 0xb0, 0xff, 0xe3, 0x50,
    0x3f, 0xff, 0xe1, 0xff, 0xcb, 0x83, 0xff, 0xa0,
    0x87, 0xff, 0x75, 0xd0, 0xff, 0xff, 0x87, 0xff,
    0xfc, 0x3f, 0xf8, 0xf6, 0x1f, 0xff, 0xf0, 0xff,
    0xfd, 0xa1, 0xff, 0xcb, 0xe0, 0xff, 0xff, 0x87,
    0xff, 0x8f, 0xf, 0xff, 0x13, 0xa1, 0xff, 0xff,
    0xf, 0xfe, 0x1a, 0x1f, 0xff, 0xf0, 0xac, 0x3f,
    0xff, 0xe1, 0xff, 0xff, 0xf, 0xfe, 0x44, 0x1f,
    0xff, 0xf0, 0xff, 0xef, 0xa1, 0xff, 0xe6, 0xc3,
    0xff, 0xfe, 0x1f, 0xfc, 0x1c, 0x3f, 0xff, 0xe1,
    0xff, 0xff, 0xf, 0xff, 0xd2, 0x1f, 0xff, 0xf0,
    0xff, 0xff, 0x87, 0xff, 0x95, 0xf, 0xff, 0xf8,
    0x7f, 0xf0, 0x50, 0xff, 0xff, 0x87, 0xff, 0xfc,
    0x3f, 0xff, 0x58, 0x7f, 0xff, 0xc3, 0xff, 0xf8,
    0x87, 0xff, 0xfc, 0x3f, 0xff, 0xe1, 0xff, 0xdd,
    0x43, 0xff, 0xfe, 0x1f, 0xff, 0xf0, 0xff, 0xf2,
    0x21, 0xff, 0xff, 0xf, 0xfe, 0xfe, 0x1f, 0xff,
    0xf0, 0xff, 0xfa, 0x21, 0xff, 0xff, 0xf, 0xff,
    0xf8, 0x7f, 0xff, 0xc3, 0xff, 0x9b, 0x87, 0xff,
    0xfc, 0x3f, 0xf8, 0x38, 0x7f, 0xf4, 0x50, 0xff,
    0xff, 0x87, 0xff, 0xfc, 0x3f, 0xfb, 0x88, 0x7f,
    0xff, 0xc3, 0xff, 0xfe, 0x1f, 0xfe, 0x54, 0x3f,
    0xff, 0xe1, 0xff, 0xc1, 0x43, 0xff, 0xfe, 0x1f,
    0xff, 0xf0, 0xff, 0xfd, 0x61, 0xff, 0xff, 0xf,
    0xff, 0xe2, 0x1f, 0xff, 0xf0, 0xff, 0xff, 0x87,
    0xff, 0xfc, 0x3f, 0xff, 0xe1, 0xff, 0xf1, 0x43,
    0xff, 0xfe, 0x1f, 0xff, 0xcc, 0x3f, 0xfc, 0xc8,
    0x7f, 0xff, 0xc3, 0xff, 0x82, 0x87, 0xff, 0xfc,
    0x3f, 0xff, 0xe1, 0xff, 0xff, 0xf, 0xff, 0xf8,
    0x7f, 0xfe, 0x50, 0xff, 0xf3, 0x61, 0xff, 0xff,
    0xf, 0xfe, 0xe, 0x1f, 0xff, 0xf0, 0xff, 0xff,
    0x87, 0xff, 0xe9, 0xf, 0xfe, 0x8a, 0x1f, 0xff,
    0xf0, 0xff, 0xe0, 0xa1, 0xff, 0xff, 0xf, 0xff,
    0xf8, 0x7f, 0xfe, 0xb0, 0xff, 0xff, 0x87, 0xff,
    0xfc, 0x3f, 0xff, 0xe1, 0xff, 0xff, 0xf, 0xfe,
    0x2a, 0x1f, 0xff, 0xf0, 0xff, 0xff, 0x87, 0xff,
    0x75, 0xf, 0xff, 0xf8, 0x7f, 0xff, 0xc3, 0xff,
    0xc8, 0x87, 0xff, 0xfc, 0x3f, 0xf8, 0x28, 0x7f,
    0xf4, 0x70, 0xff, 0xff, 0x87, 0xff, 0xfc, 0x3f,
    0xff, 0xe1, 0xff, 0xff, 0xf, 0xff, 0xf8, 0x7f,
    0xf0, 0xf0, 0xff, 0xff, 0x87, 0xff, 0x7, 0xf,
    0xfe, 0x8a, 0x1f, 0xff, 0xf0, 0xff, 0xff, 0x87,
    0xff, 0x71, 0xf, 0xff, 0xf8, 0x7f, 0xff, 0xc3,
    0xff, 0xca, 0x87, 0xff, 0xfc, 0x3f, 0xf8, 0x28,
    0x7f, 0xff, 0xc3, 0xff, 0xfe, 0x1f, 0xff, 0xac,
    0x3f, 0xff, 0xe1, 0xff, 0xfc, 0x43, 0xff, 0xfe,
    0x1f, 0xff, 0xf0, 0xff, 0xff, 0x87, 0xff, 0xfc,
    0x3f, 0xfe, 0x28, 0x7f, 0xf4, 0x10, 0xff, 0xff,
    0x87, 0xff, 0x5, 0xf, 0xfe, 0x8e, 0x1f, 0xff,
    0xf0, 0xff, 0xff, 0x87, 0xff, 0xfc, 0x3f, 0xff,
    0xe1, 0xff, 0xff, 0xf, 0xfe, 0x1e, 0x1f, 0xff,
    0xf0, 0xff, 0xe0, 0xe1, 0xff, 0xd1, 0x43, 0xff,
    0xfe, 0x1f, 0xff, 0xf0, 0xff, 0xee, 0x21, 0xff,
    0xff, 0xf, 0xff, 0xf8, 0x7f, 0xf9, 0x50, 0xff,
    0xff, 0x87, 0xff, 0x5, 0xf, 0xff, 0xf8, 0x7f,
    0xff, 0xc3, 0xff, 0xf5, 0x87, 0xff, 0xfc, 0x3f,
    0xff, 0xe1, 0xff, 0xff, 0xf, 0xff, 0xf8, 0x7f,
    0xf1, 0x50, 0xff, 0xff, 0x87, 0xff, 0xfc, 0x3f,
    0xfb, 0xa8, 0x7f, 0xff, 0xc3, 0xff, 0xfe, 0x1f,
    0xfe, 0x44, 0x3f, 0xff, 0xe1, 0xff, 0xc1, 0x43,
    0xff, 0xa3, 0x87, 0xff, 0xfc, 0x3f, 0xff, 0xe1,
    0xff, 0xff, 0xf, 0xff, 0xf8, 0x7f, 0x61, 0xff,
    0xff, 0xe, 0xc3, 0xff, 0xfe, 0x1f, 0xfd, 0xf4,
    0x3f, 0xff, 0xe1, 0xff, 0xff, 0xf, 0xfe, 0xe2,
    0x1f, 0xfd, 0x14, 0x3f, 0xff, 0xe1, 0xff, 0xc1,
    0x43, 0xff, 0xfe, 0x1b, 0xf, 0xff, 0xf8, 0x7f,
    0xff, 0xc3, 0xff, 0x8c, 0x87, 0xff, 0xfc, 0x3f,
    0xfe, 0xd8, 0x7f, 0xf3, 0xe0, 0xff, 0xff, 0x87,
    0xff, 0xfc, 0x3f, 0xf8, 0xd8, 0x7f, 0xff, 0xc3,
    0xff, 0xc2, 0x87, 0xff, 0x8d, 0xf, 0xff, 0xf8,
    0x7f, 0xfe, 0x10, 0xff, 0xe6, 0xc1, 0xff, 0xff,
    0xf, 0xfe, 0x22, 0x1f, 0xfd, 0x1c, 0x3f, 0xfc,
    0x58, 0x7f, 0xff, 0xc3, 0xff, 0xfe, 0x1f, 0xfc,
    0x64, 0x3f, 0xff, 0xe1, 0xff, 0xff, 0xf, 0xfe,
    0x3c, 0x1f, 0xff, 0xf0, 0xff, 0xf2, 0x21, 0xff,
    0xe0, 0xc3, 0xff, 0xfe, 0x1f, 0xfc, 0x76, 0xf,
    0xff, 0x2a, 0x1f, 0xfc, 0xa4, 0x3f, 0xff, 0xe1,
    0xff, 0xc9, 0x74, 0x3f, 0xff, 0x50, 0x7f, 0xff,
    0xc3, 0xff, 0x97, 0x61, 0xff, 0xf8, 0x83, 0xff,
    0xfe, 0x1f, 0xfc, 0xee, 0xf, 0xff, 0x6, 0x1f,
    0xfc, 0x85, 0x7, 0xff, 0xfc, 0x3f, 0xf9, 0xee,
    0x87, 0xff, 0xce, 0xf, 0xff, 0xf8, 0x7f, 0xf4,
    0xac, 0x3f, 0xf8, 0xe8, 0x7f, 0xf7, 0x60, 0xff,
    0xff, 0x87, 0xff, 0x57, 0x83, 0xff, 0xb6, 0x87,
    0xff, 0x19, 0x41, 0xff, 0xff, 0xf, 0xfe, 0xb3,
    0xa1, 0xff, 0xec, 0x83, 0xff, 0xfe, 0x1f, 0xfd,
    0x9a, 0x7, 0xff, 0xb, 0xf, 0xfe, 0xdc, 0x1f,
    0xff, 0xf0, 0xff, 0xed, 0xba, 0x1f, 0xfe, 0x75,
    0x7, 0xff, 0xfc, 0x3f, 0xfb, 0xb6, 0x87, 0xff,
    0x96, 0xf, 0xff, 0xf8, 0x7f, 0xf8, 0x28, 0x1f,
    0xc8, 0x7f, 0xf6, 0x60, 0xff, 0xff, 0x87, 0xff,
    0x89, 0xd0, 0xff, 0xe8, 0x21, 0xff, 0xc3, 0x50,
    0x7f, 0xff, 0xc3, 0xff, 0xc9, 0x61, 0xff, 0xdf,
    0x83, 0xff, 0xfe, 0x1f, 0xfe, 0x7e, 0xf, 0xfe,
    0xe4, 0x1f, 0xff, 0xf0, 0xff, 0xf4, 0xba, 0x1f,
    0xfc, 0xbc, 0x3f, 0xf8, 0x2a, 0xf, 0xff, 0xf8,
    0x7f, 0xfa, 0xed, 0xf, 0xfe, 0xbc, 0x1f, 0xff,
    0xf0, 0xff, 0xf7, 0x41, 0xff, 0xd6, 0x83, 0xff,
    0xfe, 0x1f, 0xff, 0xf0, 0xf2, 0x1f, 0xf2, 0x83,
    0xff, 0xfe, 0x1f, 0xff, 0xf0, 0xff, 0xe3, 0x41,
    0xff, 0xff, 0xf, 0xff, 0xf8, 0x7f, 0xf1, 0xa0,
    0xff, 0xff, 0x87, 0xff, 0xfc, 0x3f, 0xf8, 0xca,
    0xf, 0xff, 0xf8, 0x7f, 0xff, 0xc3, 0xf2, 0x1f,
    0xd0, 0x7f, 0xff, 0xc3, 0xff, 0xfe, 0x1f, 0xd0,
    0x7e, 0x83, 0xff, 0xfe, 0x1f, 0xff, 0xf0, 0xff,
    0x90, 0xf2, 0x83, 0xff, 0xfe, 0x1f, 0xff, 0xf0,
    0xff, 0xa0, 0xf4, 0x1f, 0xff, 0xf0, 0xff, 0xff,
    0x87, 0xff, 0x7, 0x42, 0x83, 0xff, 0xfe, 0x1f,
    0xff, 0xf0, 0xff, 0xe1, 0xda, 0xc1, 0xff, 0xff,
    0xf, 0xff, 0xf8, 0x7f, 0xc0,

    /* U+0050 "P" */
    0xf, 0xfe, 0x7b, 0x7f, 0xff, 0xff, 0xff, 0xfd,
    0x21, 0xca, 0xf, 0xfe, 0x9d, 0xc8, 0x7f, 0xff,
    0xc3, 0xff, 0xd1, 0x86, 0x69, 0x87, 0xff, 0x47,
    0x43, 0xff, 0xfe, 0x1f, 0xfe, 0xa8, 0x3a, 0xb,
    0x43, 0xff, 0x9d, 0x87, 0xff, 0xfc, 0x3f, 0xfd,
    0x88, 0x68, 0x3a, 0x43, 0xff, 0x99, 0x7, 0xff,
    0xfc, 0x3f, 0xfd, 0x98, 0x65, 0x7, 0xa0, 0xff,
    0xe6, 0x21, 0xff, 0xff, 0xf, 0xff, 0x5c, 0x1d,
    0x7, 0xe4, 0x3f, 0xf9, 0x50, 0x7f, 0xff, 0xc3,
    0xff, 0xd8, 0x86, 0x83, 0xfb, 0xf, 0xfe, 0x54,
    0x1f, 0xff, 0xf0, 0xff, 0xf5, 0xe1, 0x94, 0x1f,
    0xfd, 0x5e, 0xf, 0xff, 0xf8, 0x7f, 0xfa, 0x20,
    0xe8, 0x3f, 0xfa, 0xee, 0x87, 0xff, 0xfc, 0x3f,
    0xfc, 0xc8, 0x68, 0x3f, 0xfb, 0x54, 0xf, 0xff,
    0xf8, 0x7f, 0xf9, 0x30, 0xca, 0xf, 0xfe, 0xdb,
    0xa1, 0xff, 0xff, 0xf, 0xff, 0xc, 0x1d, 0x7,
    0xff, 0x7a, 0xc3, 0xff, 0xfe, 0x1f, 0xfe, 0x4,
    0x34, 0x1f, 0xfc, 0x1c, 0x3f, 0xf9, 0x3c, 0x1f,
    0xb8, 0x3f, 0xff, 0xe1, 0xff, 0xdd, 0xc3, 0x28,
    0x3f, 0xfb, 0xe, 0x87, 0xce, 0x87, 0xff, 0xfc,
    0x3f, 0xfb, 0x50, 0x74, 0x1f, 0xfd, 0xbb, 0xf,
    0xd6, 0x1f, 0xff, 0xf0, 0xff, 0xec, 0xa1, 0xa0,
    0xff, 0xe1, 0xa1, 0xff, 0xce, 0xe0, 0xfd, 0xc1,
    0xff, 0xff, 0xf, 0xfe, 0xb6, 0x19, 0x41, 0xff,
    0xd8, 0x43, 0xce, 0x87, 0xce, 0x87, 0xff, 0xfc,
    0x3f, 0xfa, 0x70, 0x74, 0x1f, 0xfe, 0x2b, 0xf,
    0xd4, 0xf, 0xff, 0xf8, 0x7f, 0xf4, 0x90, 0xd0,
    0x7f, 0xf9, 0x78, 0x3e, 0x74, 0x3f, 0xff, 0xe1,
    0xff, 0xcf, 0xc3, 0x28, 0x3f, 0xfb, 0x58, 0x7f,
    0xce, 0x87, 0xd6, 0x87, 0xff, 0xfc, 0x3f, 0xf9,
    0x90, 0x74, 0x1f, 0xfc, 0x54, 0x3f, 0xfa, 0xf4,
    0xf, 0xd4, 0xf, 0xff, 0xf8, 0x7f, 0xf2, 0xd0,
    0xd0, 0x7f, 0xfa, 0xdd, 0xf, 0x9d, 0xf, 0xff,
    0xf8, 0x7f, 0xf2, 0x30, 0xca, 0xf, 0xfe, 0xe2,
    0x1f, 0xfc, 0x4b, 0x43, 0xeb, 0xf, 0xff, 0xf8,
    0x7f, 0xf1, 0xa0, 0xe8, 0x3f, 0xf8, 0xf8, 0x7f,
    0xf7, 0x28, 0x1f, 0xb8, 0x3f, 0xff, 0xe1, 0xff,
    0xc4, 0x43, 0x41, 0xff, 0xf2, 0x74, 0x3e, 0x74,
    0x3f, 0xff, 0xe1, 0xff, 0xc1, 0xc3, 0x28, 0x3f,
    0xfe, 0x96, 0x1f, 0xa8, 0x1f, 0xff, 0xf0, 0xff,
    0xa0, 0xe8, 0x3f, 0xf9, 0x28, 0x7f, 0xf8, 0x78,
    0x3e, 0x78, 0x3f, 0xff, 0xe1, 0xfc, 0x86, 0x83,
    0xff, 0xbe, 0x87, 0xff, 0x35, 0xd0, 0xf9, 0xd0,
    0xff, 0xff, 0x87, 0xb0, 0xca, 0xf, 0xff, 0xdd,
    0x87, 0xea, 0x7, 0xff, 0xfc, 0x34, 0x1d, 0x7,
    0xff, 0xf9, 0xf, 0xcf, 0xff, 0xff, 0xff, 0x21,
    0xa0, 0xff, 0xf0, 0xe1, 0xff, 0xff, 0xf, 0xff,
    0x1a, 0x83, 0xff, 0xfe, 0x87, 0xff, 0xfc, 0x3f,
    0xf8, 0xb0, 0x7f, 0xf3, 0x10, 0xff, 0xff, 0x87,
    0xff, 0xe2, 0xf, 0xff, 0x1a, 0x1f, 0xff, 0xf0,
    0xff, 0xf0, 0xa8, 0x3f, 0xff, 0xe1, 0xff, 0xff,
    0xf, 0xfe, 0x34, 0x1f, 0xfc, 0xec, 0x3f, 0xff,
    0xe1, 0xff, 0xf6, 0x83, 0xff, 0xfe, 0x1f, 0xff,
    0xf0, 0xff, 0xe3, 0x28, 0x3f, 0xff, 0xe1, 0x21,
    0xff, 0xff, 0xf, 0xfe, 0x14, 0x1f, 0xfd, 0x4,
    0x3f, 0xff, 0xe1, 0xff, 0xf4, 0x83, 0xff, 0xcc,
    0x87, 0xff, 0x47, 0xf, 0xff, 0xf8, 0x7f, 0xff,
    0xc3, 0xff, 0xfe, 0x1f, 0xff, 0xf0, 0xff, 0xff,
    0x87, 0xff, 0xa5, 0xf, 0xff, 0x36, 0x1f, 0xfd,
    0x14, 0x3f, 0xff, 0xe1, 0xff, 0xde, 0x43, 0xff,
    0xfe, 0x1f, 0xff, 0xf0, 0xff, 0xff, 0x87, 0xff,
    0xfc, 0x3f, 0xfe, 0x28, 0x7f, 0xff, 0xc3, 0xff,
    0xf9, 0x87, 0xff, 0xfc, 0x3f, 0xff, 0xe1, 0xff,
    0xff, 0xf, 0xff, 0xf8, 0x7f, 0x21, 0xff, 0xff,
    0xe, 0x43, 0xff, 0xfe, 0x1f, 0xfd, 0xf4, 0x3f,
    0xff, 0xe1, 0xff, 0xf4, 0xc3, 0xff, 0xcc, 0x87,
    0xff, 0xfc, 0x3f, 0xff, 0xe1, 0xff, 0xe5, 0xc3,
    0xff, 0xfe, 0x1f, 0xff, 0xf0, 0xff, 0xff, 0x87,
    0xff, 0x55, 0xf, 0xff, 0x36, 0x1f, 0xfd, 0x14,
    0x3f, 0xff, 0xe1, 0xff, 0xff, 0xf, 0xff, 0xf8,
    0x7f, 0xfc, 0x90, 0xff, 0xff, 0x87, 0xff, 0xfc,
    0x3f, 0xfb, 0xa8, 0x7f, 0xff, 0xc3, 0xff, 0xf9,
    0x87, 0xff, 0xfc, 0x3f, 0xff, 0xe1, 0xff, 0xff,
    0xf, 0xff, 0xf8, 0x7f, 0x21, 0xff, 0xff, 0xe,
    0x43, 0xff, 0xfe, 0x1f, 0xfd, 0xf4, 0x3f, 0xff,
    0xe1, 0xff, 0xff, 0xf, 0xff, 0xf8, 0x7f, 0xff,
    0xc3, 0xfb, 0xf, 0xff, 0x32, 0x1f, 0xfd, 0x1c,
    0x3f, 0xff, 0xe1, 0xff, 0xff, 0xf, 0xff, 0xf8,
    0x7f, 0xff, 0xc3, 0xff, 0xfe, 0x1f, 0xfe, 0x94,
    0x3f, 0xfc, 0xd8, 0x7f, 0xf4, 0x50, 0xff, 0xff,
    0x87, 0xff, 0x79, 0xf, 0xff, 0xf8, 0x7f, 0xff,
    0xc3, 0xff, 0xfe, 0x1f, 0xff, 0xf0, 0xff, 0xf8,
    0xa1, 0xff, 0xff, 0xf, 0xff, 0xe6, 0x1f, 0xff,
    0xf0, 0xff, 0xfa, 0x21, 0xff, 0xff, 0xe, 0x43,
    0xff, 0xfe, 0x1f, 0xff, 0xf0, 0xff, 0xff, 0x87,
    0xff, 0xcd, 0xf, 0xff, 0xf8, 0x7f, 0xfd, 0x30,
    0xff, 0xf3, 0x21, 0xff, 0xd1, 0xc3, 0xff, 0xfe,
    0x1f, 0xff, 0xf0, 0xff, 0xff, 0x87, 0xff, 0xfc,
    0x3f, 0xff, 0xe1, 0xff, 0xe9, 0x43, 0xff, 0xcd,
    0x87, 0xff, 0x45, 0xf, 0xff, 0xf8, 0x7f, 0xf7,
    0x90, 0xff, 0xff, 0x87, 0xff, 0xfc, 0x3f, 0xff,
    0xe1, 0xff, 0xff, 0xf, 0xff, 0x8a, 0x1f, 0xff,
    0xf0, 0xff, 0xfe, 0x61, 0xff, 0xff, 0xf, 0xff,
    0xf8, 0x7f, 0xfe, 0x90, 0xff, 0xff, 0x87, 0xff,
    0x5, 0xf, 0xff, 0xf8, 0x7f, 0xff, 0xc3, 0xff,
    0xca, 0x87, 0xff, 0xfc, 0x3f, 0xff, 0xe1, 0xff,
    0xfa, 0xc3, 0xff, 0xfe, 0x1f, 0xfc, 0x1c, 0x3f,
    0xfc, 0xc8, 0x7f, 0xff, 0xc3, 0xff, 0xfe, 0x1f,
    0xff, 0xf0, 0xff, 0xff, 0x87, 0xff, 0xe5, 0xf,
    0xff, 0xf8, 0x7f, 0xf0, 0x50, 0xff, 0xf3, 0x61,
    0xff, 0xff, 0xf, 0xff, 0xe2, 0x1f, 0xff, 0xf0,
    0xff, 0xff, 0x87, 0xff, 0xfc, 0x3f, 0xff, 0xe1,
    0xff, 0xf1, 0x43, 0xff, 0xfe, 0x1f, 0xff, 0xcc,
    0x3f, 0xff, 0xe1, 0xff, 0xf4, 0x43, 0xff, 0xfe,
    0x1c, 0x87, 0xff, 0xfc, 0x3f, 0xff, 0xe1, 0xff,
    0xff, 0xf, 0xff, 0x9a, 0x1f, 0xfe, 0x6c, 0x3f,
    0xff, 0xe1, 0xff, 0xc1, 0xc3, 0xff, 0xcc, 0x87,
    0xff, 0xfc, 0x3f, 0xff, 0xe1, 0xff, 0xff, 0xf,
    0xff, 0xf8, 0x7f, 0xfe, 0x50, 0xff, 0xff, 0x87,
    0xff, 0x7, 0xf, 0xff, 0x36, 0x1f, 0xff, 0xf0,
    0xff, 0xef, 0xb8, 0x7f, 0xf3, 0xd0, 0xff, 0xff,
    0x87, 0xff, 0xdf, 0x83, 0xff, 0xfe, 0x1f, 0xff,
    0xf0, 0xff, 0xe3, 0xba, 0x1f, 0xfe, 0x14, 0x3f,
    0xff, 0xe1, 0xff, 0xe4, 0xa0, 0x7f, 0xf2, 0xb0,
    0xff, 0xff, 0x87, 0xff, 0xed, 0xd0, 0xff, 0xfd,
    0xc1, 0xd7, 0xff, 0xff, 0xff, 0xf2, 0x1f, 0x5a,
    0x1f, 0xff, 0x94, 0x32, 0x83, 0xff, 0xfe, 0x1f,
    0xac, 0x3f, 0x50, 0x3f, 0xf8, 0xa8, 0x7f, 0xf9,
    0x70, 0xe8, 0x3f, 0xff, 0xe1, 0xff, 0x70, 0x7c,
    0xe8, 0x7f, 0xfd, 0x10, 0xe8, 0x3f, 0xff, 0xe1,
    0xff, 0xc1, 0x74, 0x3e, 0xb0, 0xff, 0xeb, 0xa1,
    0xff, 0xcf, 0x83, 0x28, 0x3f, 0xff, 0xe1, 0xff,
    0xc3, 0xa0, 0x7e, 0xe0, 0xff, 0xf8, 0x61, 0xd0,
    0x7f, 0xff, 0xc3, 0xff, 0x8a, 0xc1, 0xf9, 0xd0,
    0xff, 0xf6, 0xa1, 0xd0, 0x7f, 0xff, 0xc3, 0xff,
    0x8f, 0x7, 0xfa, 0x81, 0xff, 0xd2, 0xc3, 0xff,
    0x9b, 0x6, 0x50, 0x7f, 0xff, 0xc3, 0xff, 0x8d,
    0x7, 0xff, 0x1, 0xd0, 0xf2, 0x1f, 0xfe, 0x2c,
    0x3a, 0xf, 0xff, 0xf8, 0x7f, 0xf1, 0x94, 0x1f,
    0xfc, 0x2b, 0x43, 0xff, 0xcc, 0x87, 0x41, 0xff,
    0xff, 0xf, 0xfe, 0x3c, 0x1f, 0xfc, 0x5a, 0x7,
    0xff, 0x35, 0xf, 0xfe, 0x5c, 0x19, 0x41, 0xff,
    0xff, 0xf, 0xfe, 0x34, 0x1f, 0xfc, 0x77, 0x4c,
    0x3f, 0xfc, 0x18, 0x74, 0x1f, 0xff, 0xf0, 0xff,
    0xe3, 0x28, 0x3f, 0xf9, 0x36, 0x87, 0xff, 0x7d,
    0xe, 0x83, 0xff, 0xfe, 0x1f, 0xfc, 0x78, 0x3f,
    0xfc, 0x5a, 0x1f, 0xfc, 0x88, 0x32, 0x83, 0xff,
    0xfe, 0x1f, 0xfc, 0x68, 0x3f, 0xfc, 0x96, 0x1f,
    0xfc, 0x6c, 0x3a, 0xf, 0xff, 0xf8, 0x7f, 0xf1,
    0x94, 0x1f, 0xfe, 0x6e, 0xf, 0xfe, 0x1a, 0x1d,
    0x87, 0xff, 0xfc, 0x3f, 0xf8, 0xf0, 0x7f, 0xfa,
    0x1d, 0xf, 0xfe, 0xc, 0x19, 0xf, 0xff, 0xf8,
    0x7f, 0xf1, 0xe0, 0xff, 0xf5, 0xd0, 0x3f, 0xec,
    0x3a, 0xf, 0xff, 0xf8, 0x7f, 0xf1, 0x94, 0x1f,
    0xfe, 0xc7, 0x43, 0xf2, 0x1d, 0x87, 0xff, 0xfc,
    0x3f, 0xf8, 0xf0, 0x7f, 0xf9, 0x6d, 0xf, 0xac,
    0x3e, 0x83, 0x21, 0xff, 0xff, 0xf, 0xfe, 0x3c,
    0x1f, 0xfe, 0x8a, 0x7, 0xee, 0xd, 0x87, 0x41,
    0xff, 0xff, 0xf, 0xfe, 0x32, 0x83, 0xff, 0xcc,
    0x81, 0xd0, 0xf9, 0xd1, 0xe, 0xc3, 0xff, 0xfe,
    0x1f, 0xfc, 0x78, 0x3f, 0xfd, 0x96, 0x1f, 0xaa,
    0xc, 0x87, 0xff, 0xfc, 0x3f, 0xf8, 0xf0, 0x7f,
    0xfb, 0xf8, 0x3e, 0x43, 0xa0, 0xff, 0xff, 0x87,
    0xff, 0x19, 0x41, 0xff, 0xf0, 0x74, 0x3f, 0xd8,
    0x7f, 0xff, 0xc3, 0xff, 0x8f, 0x7, 0xff, 0xce,
    0x81, 0xfd, 0x7, 0xff, 0xfc, 0x3f, 0xf8, 0xd0,
    0x7f, 0xfd, 0x5d, 0xf, 0x9d, 0xf, 0xff, 0xf8,
    0x7f, 0xf0, 0xd4, 0x1f, 0xfe, 0x94, 0x3f, 0xf8,
    0x36, 0x87, 0xd6, 0x1f, 0xff, 0xf0, 0xff, 0xe1,
    0x41, 0xff, 0xfa, 0xa0, 0x7e, 0xe0, 0xff, 0xff,
    0x87, 0xfd, 0x7, 0xff, 0xf1, 0xd0, 0xf9, 0xd0,
    0xff, 0xff, 0x87, 0xe5, 0x7, 0xff, 0xaf, 0xf,
    0xfe, 0x35, 0xa1, 0xf5, 0xff, 0xff, 0xff, 0xfd,
    0x7, 0xff, 0xfc, 0x14, 0xf, 0xff, 0xf8, 0x7f,
    0xff, 0xc3, 0xff, 0x8e, 0xe8, 0x7f, 0xff, 0xc3,
    0xff, 0xf4, 0x87, 0xff, 0x2e, 0xc3, 0xff, 0xfe,
    0x1f, 0xff, 0xf0, 0xff, 0xe4, 0x70, 0x7f, 0xff,
    0xc3, 0xff, 0xfe, 0x1f, 0xfc, 0x77, 0xf, 0xff,
    0xf8, 0x7f, 0xff, 0xc3, 0xff, 0x91, 0x7, 0xff,
    0xfc, 0x3f, 0xff, 0xe1, 0xff, 0xc7, 0xc3, 0xff,
    0xfe, 0x1f, 0xff, 0xf0, 0xff, 0xff, 0x87, 0xff,
    0xfc, 0x3f, 0x90, 0xff, 0xff, 0x87, 0xff, 0xfc,
    0x3f, 0xfc, 0xa8, 0x7f, 0xff, 0xc3, 0xff, 0xe9,
    0x87, 0xff, 0xfc, 0x3f, 0xff, 0xe1, 0xff, 0xff,
    0xf, 0xff, 0xf8, 0x7f, 0xff, 0xc3, 0xff, 0xfe,
    0x1f, 0xfe, 0xf4, 0x3f, 0xff, 0xe1, 0xff, 0xff,
    0xf, 0xff, 0x22, 0x1f, 0xff, 0xf0, 0xff, 0xff,
    0x87, 0xff, 0xfc, 0x3f, 0xff, 0xe1, 0xff, 0xff,
    0xf, 0xff, 0xf8, 0x7f, 0xfb, 0xf0, 0xff, 0xff,
    0x87, 0xff, 0xfc, 0x3f, 0xff, 0xe1, 0xff, 0xff,
    0xf, 0xe4, 0x3f, 0xff, 0xe1, 0xff, 0xff, 0xf,
    0xff, 0x2a, 0x1f, 0xff, 0xf0, 0xff, 0xff, 0x87,
    0xff, 0xfc, 0x3f, 0xff, 0xe1, 0xfd, 0x87, 0xff,
    0xfc, 0x3f, 0xff, 0xe1, 0xff, 0xff, 0xf, 0xff,
    0xf8, 0x7f, 0xff, 0xc3, 0xff, 0xfe, 0x1f, 0xfe,
    0xf4, 0x3f, 0xff, 0xe1, 0xff, 0xff, 0xf, 0xff,
    0x22, 0x1f, 0xff, 0xf0, 0xff, 0xff, 0x87, 0xff,
    0xfc, 0x3f, 0xff, 0xe1, 0xff, 0xdb, 0xc3, 0xff,
    0xfe, 0x1f, 0xff, 0xf0, 0xff, 0xff, 0x87, 0xff,
    0xfc, 0x3f, 0x90, 0xff, 0xff, 0x87, 0xff, 0xfc,
    0x3f, 0xfc, 0xa8, 0x7f, 0xff, 0xc3, 0xff, 0xfe,
    0x1f, 0xff, 0xf0, 0xff, 0xff, 0x87, 0xf6, 0x1f,
    0xff, 0xf0, 0xff, 0xff, 0x87, 0xff, 0xfc, 0x3f,
    0xff, 0xe1, 0xff, 0xff, 0xf, 0xff, 0xf8, 0x7f,
    0xfb, 0xd0, 0xff, 0xff, 0x87, 0xff, 0xfc, 0x3f,
    0xfc, 0x88, 0x7f, 0xff, 0xc3, 0xff, 0xfe, 0x1f,
    0xff, 0xf0, 0xff, 0xff, 0x87, 0xff, 0xfc, 0x3f,
    0xff, 0xe1, 0xff, 0xef, 0xc3, 0xff, 0xfe, 0x1f,
    0xff, 0xf0, 0xff, 0xff, 0x87, 0xff, 0xfc, 0x3f,
    0x90, 0xff, 0xff, 0x87, 0xff, 0xfc, 0x3f, 0xfc,
    0xa8, 0x7f, 0xff, 0xc3, 0xff, 0xfe, 0x1f, 0xff,
    0xf0, 0xff, 0xff, 0x87, 0xf6, 0x1f, 0xff, 0xf0,
    0xff, 0xff, 0x87, 0xff, 0xfc, 0x3f, 0xff, 0xe1,
    0xff, 0xff, 0xf, 0xff, 0xf8, 0x7f, 0xfb, 0xd0,
    0xff, 0xe8, 0x21, 0xff, 0xff, 0xf, 0xff, 0xf8,
    0x7f, 0xff, 0xc3, 0xff, 0xfe, 0x1f, 0xff, 0xf0,
    0xff, 0xff, 0x87, 0xff, 0xbf, 0xf, 0xff, 0xf8,
    0x7f, 0xff, 0xc3, 0xff, 0xfe, 0x1f, 0xff, 0xf0,
    0xfe, 0x43, 0xff, 0xfe, 0x1f, 0xff, 0xf0, 0xff,
    0xf2, 0xa1, 0xff, 0xff, 0xf, 0xff, 0xf8, 0x7f,
    0xff, 0xc3, 0xff, 0xfe, 0x1f, 0xd8, 0x7f, 0xff,
    0xc3, 0xff, 0xfe, 0x1f, 0xff, 0xf0, 0xff, 0xff,
    0x87, 0xff, 0xfc, 0x3f, 0xff, 0xe1, 0xff, 0xef,
    0x43, 0xff, 0xfe, 0x1f, 0xff, 0xf0, 0xff, 0xf2,
    0x21, 0xff, 0xff, 0xf, 0xff, 0xf8, 0x7f, 0xff,
    0xc3, 0xff, 0xfe, 0x1f, 0xff, 0xf0, 0xff, 0xff,
    0x87, 0xff, 0xbf, 0xf, 0xff, 0xf8, 0x7f, 0xff,
    0xc3, 0xff, 0xfe, 0x1f, 0xff, 0xf0, 0xfe, 0x43,
    0xff, 0xa0, 0xa0, 0xff, 0xff, 0x87, 0xff, 0xfc,
    0x3f, 0xf8, 0xd0, 0x7f, 0xff, 0xc3, 0xff, 0xfe,
    0x1f, 0xfc, 0x68, 0x3f, 0xff, 0xe1, 0xff, 0xf6,
    0xc3, 0xff, 0x9e, 0x87, 0xff, 0xfc, 0x3f, 0xff,
    0xe1, 0xff, 0xc6, 0xc3, 0xff, 0xfe, 0x1f, 0xff,
    0x74, 0x3f, 0xf9, 0xb0, 0x7f, 0xff, 0xc3, 0xff,
    0xfe, 0x1f, 0xfc, 0x74, 0x3f, 0xff, 0xe1, 0xff,
    0xff, 0xf, 0xfe, 0x36, 0x1f, 0xff, 0xf0, 0xff,
    0xff, 0x87, 0xff, 0x1a, 0xf, 0xff, 0xf8, 0x7f,
    0xff, 0xc3, 0xff, 0x8e, 0x87, 0xff, 0xfc, 0x3f,
    0xff, 0xe1, 0xff, 0xc6, 0xc3, 0xff, 0xfe, 0x1f,
    0xff, 0xa4, 0x3f, 0xf9, 0x50, 0x7f, 0xff, 0xc3,
    0xff, 0xfe, 0x1f, 0xfc, 0x74, 0x3f, 0xff, 0xe1,
    0xff, 0xff, 0xf, 0xfe, 0x36, 0x1f, 0xff, 0xf0,
    0xff, 0xfe, 0x61, 0xff, 0xc8, 0x83, 0xff, 0xfe,
    0x1f, 0xff, 0xf0, 0xff, 0xe3, 0xa1, 0xff, 0xff,
    0xf, 0xff, 0xf8, 0x7f, 0xf1, 0xb0, 0xff, 0xff,
    0x87, 0xff, 0xf9, 0xf, 0xfe, 0x32, 0x1f, 0xff,
    0xf0, 0xff, 0xff, 0x87, 0xff, 0x1e, 0xf, 0xff,
    0xf8, 0x7f, 0xff, 0xc3, 0xff, 0x8d, 0x87, 0xff,
    0xfc, 0x3f, 0xff, 0xe1, 0xff, 0xc6, 0x43, 0xff,
    0xfe, 0x1f, 0xff, 0xf0, 0xff, 0xe3, 0xc1, 0xff,
    0xff, 0xf, 0xff, 0xf8, 0x7f, 0xf1, 0xb0, 0xff,
    0xff, 0x87, 0xff, 0xfc, 0x8, 0x7f, 0xf0, 0xd0,
    0xff, 0xff, 0x87, 0xff, 0xfc, 0x3f, 0xf8, 0xf0,
    0x7f, 0xff, 0xc3, 0xff, 0xfe, 0x1f, 0xfc, 0x6c,
    0x3f, 0xff, 0xe1, 0xff, 0xff, 0xd, 0x87, 0xff,
    0x5, 0xf, 0xff, 0xf8, 0x7f, 0xff, 0xc3, 0xff,
    0x8f, 0x7, 0xff, 0xfc, 0x3f, 0xff, 0xe1, 0xc8,
    0x7f, 0xf0, 0x30, 0xff, 0xff, 0x87, 0xff, 0xfc,
    0x3f, 0xf8, 0xc8, 0x7f, 0xff, 0xc3, 0xff, 0xfe,
    0x1f, 0xfc, 0x78, 0x3f, 0xff, 0xe1, 0xff, 0xff,
    0xf, 0xfe, 0x34, 0x1f, 0xff, 0xf0, 0xff, 0xff,
    0x87, 0xe4, 0x3f, 0x94, 0x1f, 0xff, 0xf0, 0xff,
    0xff, 0x87, 0xff, 0x1a, 0xf, 0xff, 0xf8, 0x7f,
    0xff, 0xc3, 0xfa, 0xf, 0xd0, 0x7f, 0xff, 0xc3,
    0xff, 0xfe, 0x1f, 0xf2, 0x1e, 0x50, 0x7f, 0xff,
    0xc3, 0xff, 0xfe, 0x1f, 0xf4, 0x87, 0x41, 0xff,
    0xff, 0xf, 0xff, 0xf8, 0x7f, 0xf0, 0x68, 0x14,
    0x1f, 0xff, 0xf0, 0xff, 0xff, 0x87, 0xff, 0xd,
    0xd6, 0xf, 0xff, 0xf8, 0x7f, 0xff, 0xc3, 0xfe,

    /* U+00B0 "°" */
    0xf, 0xfe, 0x23, 0x7f, 0xff, 0xff, 0xff, 0xfd,
    0x21, 0xca, 0xf, 0xfe, 0x45, 0xc8, 0x7f, 0xff,
    0xc3, 0xff, 0xd1, 0x86, 0x69, 0x87, 0xff, 0x1b,
    0x43, 0xff, 0xfe, 0x1f, 0xfe, 0xa8, 0x3a, 0xb,
    0x43, 0xff, 0x87, 0x87, 0xff, 0xfc, 0x3f, 0xfd,
    0x88, 0x68, 0x3a, 0x43, 0xff, 0x83, 0x7, 0xff,
    0xfc, 0x3f, 0xfd, 0x98, 0x65, 0x7, 0xa0, 0xff,
    0xe0, 0xa1, 0xff, 0xff, 0xf, 0xff, 0x5c, 0x1d,
    0x7, 0xe4, 0x3f, 0xe8, 0x3f, 0xff, 0xe1, 0xff,
    0xec, 0x43, 0x41, 0xfd, 0x87, 0xfd, 0x7, 0xff,
    0xfc, 0x3f, 0xfd, 0x78, 0x65, 0x7, 0xff, 0x2b,
    0x83, 0xff, 0xfe, 0x1f, 0xfe, 0x88, 0x3a, 0xf,
    0xfe, 0x63, 0xa1, 0xff, 0xff, 0xf, 0xff, 0x32,
    0x1a, 0xf, 0xfe, 0x7d, 0x3, 0xff, 0xfe, 0x1f,
    0xfe, 0x4c, 0x32, 0x83, 0xff, 0xa0, 0xe8, 0x7f,
    0xff, 0xc3, 0xff, 0xc3, 0x7, 0x41, 0xff, 0xd3,
    0xb0, 0xff, 0xff, 0x87, 0xff, 0x81, 0xd, 0x7,
    0xff, 0x7, 0xf, 0xf7, 0x7, 0xee, 0xf, 0xff,
    0xf8, 0x7f, 0xf7, 0x70, 0xca, 0xf, 0xfe, 0x6b,
    0xa1, 0xf3, 0xa1, 0xff, 0xff, 0xf, 0xfe, 0xd4,
    0x1d, 0x7, 0xff, 0x42, 0xc3, 0xf5, 0x87, 0xff,
    0xfc, 0x3f, 0xfb, 0x28, 0x68, 0x3f, 0xf8, 0x68,
    0x7f, 0xf0, 0xf8, 0x3f, 0x70, 0x7f, 0xff, 0xc3,
    0xff, 0xad, 0x86, 0x50, 0x7f, 0xf3, 0x50, 0xf3,
    0xa1, 0xf3, 0xa1, 0xff, 0xff, 0xf, 0xfe, 0x9c,
    0x1d, 0x7, 0xff, 0x5e, 0xc3, 0xf5, 0x3, 0xff,
    0xfe, 0x1f, 0xfd, 0x24, 0x34, 0x1f, 0xfd, 0xae,
    0xf, 0x9d, 0xf, 0xff, 0xf8, 0x7f, 0xf3, 0xf0,
    0xca, 0xf, 0xfe, 0x7e, 0x1f, 0xf3, 0xa1, 0xf5,
    0xa1, 0xff, 0xff, 0xf, 0xfe, 0x64, 0x1d, 0x7,
    0xff, 0x15, 0xf, 0xfe, 0x65, 0x3, 0xf5, 0x3,
    0xff, 0xfe, 0x1f, 0xfc, 0xb4, 0x34, 0x1f, 0xfe,
    0x7, 0x43, 0xe7, 0x43, 0xff, 0xfe, 0x1f, 0xfc,
    0x8c, 0x32, 0x83, 0xff, 0xa2, 0x87, 0xff, 0x12,
    0xd0, 0xfa, 0xc3, 0xff, 0xfe, 0x1f, 0xfc, 0x68,
    0x3a, 0xf, 0xfe, 0x3e, 0x1f, 0xfd, 0x1a, 0x7,
    0xee, 0xf, 0xff, 0xf8, 0x7f, 0xf1, 0x10, 0xd0,
    0x7f, 0xf9, 0xdd, 0xf, 0x9d, 0xf, 0xff, 0xf8,
    0x7f, 0xf0, 0x70, 0xca, 0xf, 0xff, 0x4d, 0x87,
    0xea, 0x7, 0xff, 0xfc, 0x3f, 0xe8, 0x3a, 0xf,
    0xfe, 0x4a, 0x1f, 0xfd, 0x6e, 0xf, 0x9e, 0xf,
    0xff, 0xf8, 0x7f, 0x21, 0xa0, 0xff, 0xea, 0x21,
    0xff, 0xcd, 0x74, 0x3e, 0x74, 0x3f, 0xff, 0xe1,
    0xec, 0x32, 0x83, 0xff, 0xe1, 0x61, 0xfa, 0x81,
    0xff, 0xff, 0xd, 0x7, 0x41, 0xff, 0xf3, 0x43,
    0xf3, 0xff, 0xff, 0xff, 0xc8, 0x68, 0x3f, 0xfa,
    0xd8, 0x7f, 0xff, 0xc3, 0xff, 0xc6, 0xa0, 0xff,
    0xfa, 0x21, 0xff, 0xff, 0xf, 0xfe, 0x2c, 0x1f,
    0xfc, 0xc4, 0x3f, 0xff, 0xe1, 0xff, 0xed, 0x83,
    0xff, 0xb0, 0x87, 0xff, 0xfc, 0x3f, 0xfc, 0x2a,
    0xf, 0xff, 0xf8, 0x7f, 0xff, 0xc3, 0xe8, 0x3f,
    0xf9, 0xd8, 0x7f, 0xff, 0xc3, 0xff, 0xd7, 0x7,
    0xff, 0xfc, 0x3f, 0xff, 0xe1, 0xf2, 0x83, 0xff,
    0xee, 0x87, 0xff, 0xfc, 0x3f, 0xf8, 0x50, 0x7f,
    0xf4, 0x10, 0xff, 0xff, 0x87, 0xff, 0xa6, 0xf,
    0xfe, 0xda, 0x1f, 0xfd, 0x1c, 0x3f, 0xff, 0xe1,
    0xff, 0xff, 0xf, 0xff, 0xf8, 0x7f, 0xff, 0xc3,
    0xff, 0xfe, 0x1f, 0xfd, 0x34, 0x3f, 0xfb, 0x78,
    0x7f, 0xf4, 0x50, 0xff, 0xff, 0x87, 0xff, 0x79,
    0xf, 0xff, 0xf8, 0x7f, 0xff, 0xc3, 0xff, 0xfe,
    0x1f, 0xff, 0xf0, 0xff, 0xe8, 0x21, 0xff, 0xff,
    0xf, 0xff, 0xe6, 0x1f, 0xff, 0xf0, 0xff, 0xff,
    0x87, 0xff, 0xfc, 0x3f, 0xfe, 0x48, 0x7f, 0xfe,
    0x50, 0xff, 0xff, 0x87, 0xff, 0x7d, 0xf, 0xff,
    0xf8, 0x7f, 0xfa, 0x70, 0xff, 0xed, 0xa1, 0xff,
    0xff, 0xf, 0xff, 0xf8, 0x7f, 0xf6, 0xb0, 0xff,
    0xff, 0x87, 0xff, 0xfc, 0x3f, 0xff, 0xe1, 0xff,
    0xca, 0x43, 0xff, 0xb7, 0x87, 0xff, 0x45, 0xf,
    0xff, 0xf8, 0x7f, 0xff, 0xc3, 0xff, 0xfe, 0x1f,
    0xfe, 0x74, 0x3f, 0xff, 0xe1, 0xff, 0xff, 0xf,
    0xfe, 0x3a, 0x1f, 0xff, 0xf0, 0xff, 0xfe, 0x61,
    0xff, 0xff, 0xf, 0xff, 0xf8, 0x7f, 0xff, 0xc3,
    0xff, 0xe4, 0x87, 0xff, 0xe5, 0xf, 0xff, 0xf8,
    0x7f, 0xf7, 0xd0, 0xff, 0xff, 0x87, 0xff, 0xfc,
    0x3f, 0xff, 0xe1, 0xff, 0xf2, 0xc3, 0xff, 0xb6,
    0x87, 0xff, 0x47, 0xf, 0xff, 0xf8, 0x7f, 0xff,
    0xc3, 0xff, 0xfe, 0x1f, 0xff, 0xf0, 0xff, 0xff,
    0x87, 0xff, 0x4d, 0xf, 0xfe, 0xde, 0x1f, 0xfd,
    0x14, 0x3f, 0xff, 0xe1, 0xff, 0xde, 0x43, 0xff,
    0xfe, 0x1f, 0xff, 0xf0, 0xff, 0xff, 0x87, 0xff,
    0xfc, 0x3f, 0xfa, 0x8, 0x7f, 0xff, 0xc3, 0xff,
    0xf9, 0x87, 0xff, 0xfc, 0x3f, 0xfd, 0x28, 0x7f,
    0xfe, 0x50, 0xff, 0xff, 0x87, 0xff, 0xfc, 0x3f,
    0xff, 0xe1, 0xff, 0xe8, 0x43, 0xff, 0xfe, 0x1f,
    0xfe, 0x9c, 0x3f, 0xfb, 0x68, 0x7f, 0xf4, 0x70,
    0xff, 0xff, 0x87, 0xff, 0xfc, 0x3f, 0xff, 0xe1,
    0xff, 0xff, 0xf, 0xff, 0xf8, 0x7f, 0xf4, 0xd0,
    0xff, 0xed, 0xe1, 0xff, 0xd1, 0x43, 0xff, 0xfe,
    0x1f, 0xfd, 0xe4, 0x3f, 0xff, 0xe1, 0xff, 0xff,
    0xf, 0xff, 0xf8, 0x7f, 0xff, 0xc3, 0xff, 0xa0,
    0x87, 0xff, 0xfc, 0x3f, 0xff, 0x98, 0x7f, 0xff,
    0xc3, 0xff, 0xfe, 0x1f, 0xfe, 0x44, 0x3f, 0xff,
    0xe1, 0xff, 0xc1, 0x43, 0xff, 0xfe, 0x1f, 0xff,
    0xf0, 0xff, 0xed, 0x21, 0xff, 0xff, 0xf, 0xff,
    0xf8, 0x7f, 0xf9, 0x30, 0xff, 0xff, 0x87, 0xff,
    0x7, 0xf, 0xfe, 0xda, 0x1f, 0xff, 0xf0, 0xff,
    0xff, 0x87, 0xff, 0xfc, 0x3f, 0xff, 0xe1, 0xff,
    0xe3, 0x43, 0xff, 0xfe, 0x1f, 0xfc, 0x14, 0x3f,
    0xfb, 0x78, 0x7f, 0xff, 0xc3, 0xff, 0xf8, 0x87,
    0xff, 0xfc, 0x3f, 0xff, 0xe1, 0xff, 0xff, 0xf,
    0xff, 0xf8, 0x7f, 0xf4, 0x10, 0xff, 0xff, 0x87,
    0xff, 0xf3, 0xf, 0xff, 0xf8, 0x7f, 0xfa, 0x50,
    0xff, 0xfc, 0xa1, 0xff, 0xff, 0xf, 0xff, 0xf8,
    0x7f, 0xff, 0xc3, 0xff, 0xd0, 0x87, 0xff, 0x6f,
    0xf, 0xff, 0xf8, 0x7f, 0xf0, 0x70, 0xff, 0xed,
    0xa1, 0xff, 0xff, 0xf, 0xff, 0xf8, 0x7f, 0xff,
    0xc3, 0xff, 0xfe, 0x1f, 0xfe, 0x34, 0x3f, 0xff,
    0xe1, 0xff, 0xc1, 0xc3, 0xff, 0xb7, 0x87, 0xff,
    0xfc, 0x3f, 0xfb, 0xee, 0x1f, 0xfc, 0xf4, 0x3f,
    0xff, 0xe1, 0xff, 0xec, 0xe0, 0xff, 0xff, 0x87,
    0xff, 0xfc, 0x3f, 0x3a, 0x1f, 0xfd, 0x64, 0x3f,
    0xff, 0xe1, 0xff, 0xe4, 0xa0, 0x7f, 0xf2, 0xb0,
    0xff, 0xff, 0x87, 0xff, 0xc1, 0xd0, 0xff, 0xf8,
    0x41, 0xd7, 0xff, 0xff, 0xff, 0xf2, 0x1f, 0x5a,
    0x1f, 0xfe, 0xe4, 0x32, 0x83, 0xff, 0xfe, 0x1f,
    0xac, 0x3f, 0x50, 0x3f, 0xf8, 0xa8, 0x7f, 0xf6,
    0xb0, 0xe8, 0x3f, 0xff, 0xe1, 0xff, 0x70, 0x7c,
    0xe8, 0x7f, 0xfa, 0x50, 0xe8, 0x3f, 0xff, 0xe1,
    0xff, 0xc1, 0x74, 0x3e, 0xb0, 0xff, 0xe6, 0x21,
    0xff, 0xcf, 0x83, 0x28, 0x3f, 0xff, 0xe1, 0xff,
    0xc3, 0xa0, 0x7e, 0xe0, 0xff, 0xf2, 0xe1, 0xd0,
    0x7f, 0xff, 0xc3, 0xff, 0x8a, 0xc1, 0xf9, 0xd0,
    0xff, 0xf1, 0x21, 0xd0, 0x7f, 0xff, 0xc3, 0xff,
    0x8f, 0x7, 0xfa, 0x81, 0xff, 0xc7, 0xc3, 0xff,
    0x9b, 0x6, 0x50, 0x7f, 0xff, 0xc3, 0xff, 0x8d,
    0x7, 0xff, 0x1, 0xd0, 0xf2, 0x1f, 0xfd, 0x7c,
    0x3a, 0xf, 0xff, 0xf8, 0x7f, 0xf1, 0x94, 0x1f,
    0xfc, 0x2b, 0x43, 0xff, 0xb6, 0x87, 0x41, 0xff,
    0xff, 0xf, 0xfe, 0x3c, 0x1f, 0xfc, 0x5a, 0x7,
    0xff, 0x9, 0xf, 0xfe, 0x5c, 0x19, 0x41, 0xff,
    0xff, 0xf, 0xfe, 0x34, 0x1f, 0xfc, 0x77, 0x4c,
    0x3f, 0xfa, 0xb8, 0x74, 0x1f, 0xff, 0xf0, 0xff,
    0xe3, 0x28, 0x3f, 0xf9, 0x36, 0x87, 0xff, 0x51,
    0xe, 0x83, 0xff, 0xfe, 0x1f, 0xfc, 0x78, 0x3f,
    0xfa, 0xfa, 0x1f, 0xfc, 0x88, 0x32, 0x83, 0xff,
    0xfe, 0x1f, 0xfc, 0x68, 0x3f, 0xfb, 0x36, 0x1f,
    0xfc, 0x6c, 0x3a, 0xf, 0xff, 0xf8, 0x7f, 0xf1,
    0x94, 0x1f, 0xfd, 0xbe, 0xf, 0xfe, 0x1a, 0x1d,
    0x87, 0xff, 0xfc, 0x3f, 0xf8, 0xf0, 0x7f, 0xf7,
    0x5d, 0xf, 0xfe, 0xc, 0x19, 0xf, 0xff, 0xf8,
    0x7f, 0xf1, 0xe0, 0xff, 0xf0, 0x50, 0x3f, 0xec,
    0x3a, 0xf, 0xff, 0xf8, 0x7f, 0xf1, 0x94, 0x1f,
    0xfe, 0x17, 0x43, 0xf2, 0x1d, 0x87, 0xff, 0xfc,
    0x3f, 0xf8, 0xf0, 0x7f, 0xf9, 0x2c, 0x3e, 0x83,
    0x21, 0xff, 0xff, 0xf, 0xfe, 0x3c, 0x1f, 0xfe,
    0x7e, 0xd, 0x87, 0x41, 0xff, 0xff, 0xf, 0xfe,
    0x32, 0x83, 0xff, 0xd0, 0xe8, 0x87, 0x61, 0xff,
    0xff, 0xf, 0xfe, 0x3c, 0x1f, 0xfe, 0xba, 0x83,
    0x21, 0xff, 0xff, 0xf, 0xfe, 0x3c, 0x1f, 0xfe,
    0xd4, 0x3a, 0xf, 0xff, 0xf8, 0x7f, 0xf1, 0x94,
    0x1f, 0xff, 0x2c, 0x3f, 0xff, 0xe1, 0xff, 0xc7,
    0x83, 0xff, 0xe7, 0x7, 0xff, 0xfc, 0x3f, 0xf8,
    0xd0, 0x7f, 0xfd, 0x1d, 0xf, 0xff, 0xf8, 0x7f,
    0xf0, 0xd4, 0x1f, 0xff, 0x6b, 0xf, 0xff, 0xf8,
    0x7f, 0xf0, 0xa0, 0xff, 0xfc, 0xf0, 0x7f, 0xff,
    0xc3, 0xfe, 0x83, 0xff, 0xf6, 0xe8, 0x7f, 0xff,
    0xc3, 0xf2, 0x83, 0xff, 0xc4
};


/*---------------------
 *  GLYPH DESCRIPTION
 *--------------------*/

static const lv_font_fmt_txt_glyph_dsc_t glyph_dsc[] = {
    {.bitmap_index = 0, .adv_w = 0, .box_w = 0, .box_h = 0, .ofs_x = 0, .ofs_y = 0} /* id = 0 reserved */,
    {.bitmap_index = 0, .adv_w = 768, .box_w = 0, .box_h = 0, .ofs_x = 0, .ofs_y = 0},
    {.bitmap_index = 0, .adv_w = 3133, .box_w = 109, .box_h = 30, .ofs_x = 43, .ofs_y = 105},
    {.bitmap_index = 257, .adv_w = 0, .box_w = 31, .box_h = 30, .ofs_x = -26, .ofs_y = 0},
    {.bitmap_index = 376, .adv_w = 3133, .box_w = 170, .box_h = 240, .ofs_x = 13, .ofs_y = 0},
    {.bitmap_index = 2604, .adv_w = 3133, .box_w = 49, .box_h = 228, .ofs_x = 134, .ofs_y = 12},
    {.bitmap_index = 3300, .adv_w = 3133, .box_w = 170, .box_h = 240, .ofs_x = 13, .ofs_y = 0},
    {.bitmap_index = 5310, .adv_w = 3133, .box_w = 158, .box_h = 240, .ofs_x = 25, .ofs_y = 0},
    {.bitmap_index = 7225, .adv_w = 3133, .box_w = 159, .box_h = 228, .ofs_x = 24, .ofs_y = 12},
    {.bitmap_index = 9045, .adv_w = 3133, .box_w = 148, .box_h = 240, .ofs_x = 24, .ofs_y = 0},
    {.bitmap_index = 10912, .adv_w = 3133, .box_w = 159, .box_h = 240, .ofs_x = 13, .ofs_y = 0},
    {.bitmap_index = 13010, .adv_w = 3133, .box_w = 159, .box_h = 228, .ofs_x = 24, .ofs_y = 12},
    {.bitmap_index = 14837, .adv_w = 3133, .box_w = 170, .box_h = 240, .ofs_x = 13, .ofs_y = 0},
    {.bitmap_index = 17143, .adv_w = 3133, .box_w = 159, .box_h = 240, .ofs_x = 24, .ofs_y = 0},
    {.bitmap_index = 19216, .adv_w = 768, .box_w = 40, .box_h = 129, .ofs_x = 4, .ofs_y = 53},
    {.bitmap_index = 19605, .adv_w = 3133, .box_w = 170, .box_h = 240, .ofs_x = 13, .ofs_y = 0},
    {.bitmap_index = 21836, .adv_w = 3133, .box_w = 170, .box_h = 240, .ofs_x = 13, .ofs_y = 0},
    {.bitmap_index = 23977, .adv_w = 3133, .box_w = 170, .box_h = 240, .ofs_x = 13, .ofs_y = 0},
    {.bitmap_index = 26049, .adv_w = 3133, .box_w = 159, .box_h = 135, .ofs_x = 24, .ofs_y = 105}
};

/*---------------------
 *  CHARACTER MAPPING
 *--------------------*/

static const uint16_t unicode_list_0[] = {
    0x0, 0xd, 0xe, 0x10, 0x11, 0x12, 0x13, 0x14,
    0x15, 0x16, 0x17, 0x18, 0x19, 0x1a, 0x21, 0x2d,
    0x30, 0x90
};

/*Collect the unicode lists and glyph_id offsets*/
static const lv_font_fmt_txt_cmap_t cmaps[] =
{
    {
        .range_start = 32, .range_length = 145, .glyph_id_start = 1,
        .unicode_list = unicode_list_0, .glyph_id_ofs_list = NULL, .list_length = 18, .type = LV_FONT_FMT_TXT_CMAP_SPARSE_TINY
    }
};



/*--------------------
 *  ALL CUSTOM DATA
 *--------------------*/

#if LVGL_VERSION_MAJOR == 8
/*Store all the custom data of the font*/
static  lv_font_fmt_txt_glyph_cache_t cache;
#endif

#if LVGL_VERSION_MAJOR >= 8
static const lv_font_fmt_txt_dsc_t font_dsc = {
#else
static lv_font_fmt_txt_dsc_t font_dsc = {
#endif
    .glyph_bitmap = glyph_bitmap,
    .glyph_dsc = glyph_dsc,
    .cmaps = cmaps,
    .kern_dsc = NULL,
    .kern_scale = 0,
    .cmap_num = 1,
    .bpp = 2,
    .kern_classes = 0,
    .bitmap_format = 1,
#if LVGL_VERSION_MAJOR == 8
    .cache = &cache
#endif

};

extern const lv_font_t lv_font_montserrat_48;


/*-----------------
 *  PUBLIC FONT
 *----------------*/

/*Initialize a public general font descriptor*/
#if LVGL_VERSION_MAJOR >= 8
const lv_font_t dseg_bold_italic_240 = {
#else
lv_font_t dseg_bold_italic_240 = {
#endif
    .get_glyph_dsc = lv_font_get_glyph_dsc_fmt_txt,    /*Function pointer to get glyph's data*/
    .get_glyph_bitmap = lv_font_get_bitmap_fmt_txt,    /*Function pointer to get glyph's bitmap*/
    .line_height = 240,          /*The maximum line height required by the font*/
    .base_line = 0,             /*Baseline measured from the bottom of the line*/
#if !(LVGL_VERSION_MAJOR == 6 && LVGL_VERSION_MINOR == 0)
    .subpx = LV_FONT_SUBPX_NONE,
#endif
#if LV_VERSION_CHECK(7, 4, 0) || LVGL_VERSION_MAJOR >= 8
    .underline_position = -18,
    .underline_thickness = 12,
#endif
    .static_bitmap = 0,
    .dsc = &font_dsc,          /*The custom font data. Will be accessed by `get_glyph_bitmap/dsc` */
#if LV_VERSION_CHECK(8, 2, 0) || LVGL_VERSION_MAJOR >= 9
    .fallback = &lv_font_montserrat_48,
#endif
    .user_data = NULL,
};

#if (LV_FONT_FMT_TXT_LARGE == 0)
#  error "Too large font or glyphs in DSEG_BOLD_ITALIC_240. Enable LV_FONT_FMT_TXT_LARGE in lv_conf.h")
#endif


#endif /*#if DSEG_BOLD_ITALIC_240*/
