/*******************************************************************************
 * Size: 200 px
 * Bpp: 2
 * Opts: --bpp 2 --size 200 --stride 1 --align 1 --font DSEG7Modern-BoldItalic.ttf --symbols 0123456789: APM.-/° --format lvgl -o dseg_bold_italic_200.c
 ******************************************************************************/

#ifdef __has_include
    #if __has_include("lvgl.h")
        #ifndef LV_LVGL_H_INCLUDE_SIMPLE
            #define LV_LVGL_H_INCLUDE_SIMPLE
        #endif
    #endif
#endif

#ifdef LV_LVGL_H_INCLUDE_SIMPLE
    #include "lvgl.h"
#else
    #include "lvgl/lvgl.h"
#endif



#ifndef DSEG_BOLD_ITALIC_200
#define DSEG_BOLD_ITALIC_200 1
#endif

#if DSEG_BOLD_ITALIC_200

/*-----------------
 *    BITMAPS
 *----------------*/

/*Store the image of the glyphs*/
static LV_ATTRIBUTE_LARGE_CONST const uint8_t glyph_bitmap[] = {
    /* U+0020 " " */

    /* U+002D "-" */
    0xf, 0xfe, 0x15, 0xff, 0xff, 0x94, 0x3f, 0xf8,
    0xea, 0xf, 0xff, 0xcd, 0x87, 0xff, 0x1a, 0xf,
    0xff, 0xe7, 0x7, 0xff, 0xf, 0xf, 0xff, 0xf3,
    0xa1, 0xff, 0xc0, 0x83, 0xff, 0xfe, 0x9, 0xf,
    0xf9, 0xf, 0xff, 0xf8, 0x48, 0x7f, 0xb0, 0xff,
    0xff, 0x85, 0x87, 0xfa, 0xf, 0xff, 0xf8, 0x50,
    0x7f, 0xc8, 0x7f, 0xff, 0xc2, 0x43, 0xfd, 0x87,
    0xff, 0xfc, 0x2c, 0x3f, 0xd0, 0x7f, 0xff, 0xc2,
    0x83, 0xfe, 0x43, 0xff, 0xfe, 0x12, 0x1f, 0xec,
    0x3f, 0xff, 0xe1, 0x61, 0xfe, 0x83, 0xff, 0xfe,
    0x14, 0x1f, 0xf2, 0x1f, 0xff, 0xf0, 0x90, 0xff,
    0x61, 0xff, 0xff, 0xb, 0xf, 0xf4, 0x1f, 0xff,
    0xf0, 0xa0, 0xff, 0x90, 0xff, 0xff, 0x84, 0x87,
    0xfb, 0xf, 0xff, 0xf8, 0x58, 0x7f, 0xa0, 0xff,
    0xff, 0x85, 0x7, 0xfc, 0x87, 0xff, 0xfc, 0x24,
    0x3f, 0xe8, 0x3f, 0xff, 0xe0, 0xc3, 0xff, 0x80,
    0xe8, 0x7f, 0xff, 0xa0, 0xff, 0xe1, 0xd8, 0x7f,
    0xff, 0x50, 0xff, 0xe2, 0xf0, 0x7f, 0xfe, 0xb0,
    0xff, 0xe0, 0x80,

    /* U+002E "." */
    0xf, 0xf3, 0x7a, 0x88, 0x7f, 0xf1, 0x1f, 0x48,
    0x15, 0x70, 0x7f, 0xf0, 0x78, 0x3f, 0xce, 0x87,
    0xf3, 0x87, 0xff, 0xa, 0x81, 0xfa, 0xf, 0xfe,
    0x23, 0x7, 0xb0, 0xff, 0xe3, 0x28, 0x34, 0x1f,
    0xfc, 0x88, 0x32, 0x1f, 0xfc, 0x94, 0x8, 0x7f,
    0xf2, 0xa0, 0x61, 0xff, 0xcd, 0x43, 0xff, 0x96,
    0x87, 0xff, 0x9f, 0xf, 0xfe, 0x6e, 0x1f, 0xfe,
    0x74, 0x83, 0xff, 0x9a, 0x87, 0xff, 0x29, 0x9,
    0xf, 0xfe, 0x4c, 0x14, 0x1f, 0xfc, 0x88, 0x3a,
    0xf, 0xfe, 0x32, 0x83, 0x98, 0x3f, 0xf8, 0xb0,
    0x7c, 0xc1, 0xff, 0xc2, 0x70, 0xfe, 0x74, 0x3f,
    0xcf, 0x7, 0xff, 0x2, 0xe4, 0x33, 0x70, 0x7c,

    /* U+0030 "0" */
    0xf, 0xfe, 0x53, 0x7f, 0xff, 0xff, 0xff, 0xfa,
    0x68, 0x68, 0x3f, 0xf9, 0xaf, 0x21, 0xff, 0xff,
    0xf, 0xfe, 0x9a, 0x14, 0xf0, 0x7f, 0xf2, 0x98,
    0x3f, 0xff, 0xe1, 0xff, 0xd5, 0xc2, 0x50, 0x1c,
    0x3f, 0xf9, 0xc, 0x1f, 0xff, 0xf0, 0xff, 0xea,
    0xc1, 0xa0, 0xe8, 0x3f, 0xf8, 0xf0, 0x7f, 0xff,
    0xc3, 0xff, 0xac, 0x85, 0x7, 0x90, 0xff, 0xe3,
    0x21, 0xff, 0xff, 0xf, 0xfe, 0xb6, 0x12, 0x83,
    0xe4, 0x3f, 0xf8, 0xac, 0x1f, 0xff, 0xf0, 0xff,
    0xea, 0x41, 0xa0, 0xff, 0xe7, 0xba, 0x1f, 0xff,
    0xf0, 0xff, 0xe9, 0x21, 0x41, 0xff, 0xd2, 0xa0,
    0x7f, 0xff, 0xc3, 0xff, 0xa1, 0x84, 0xa0, 0xff,
    0xe9, 0xba, 0x1f, 0xff, 0xf0, 0xff, 0xe6, 0xc1,
    0xa0, 0xff, 0xeb, 0x58, 0x7f, 0xff, 0xc3, 0xff,
    0x98, 0x85, 0x7, 0xfc, 0x87, 0xff, 0x12, 0xd0,
    0xf7, 0x7, 0xff, 0xfc, 0x3f, 0xf9, 0x38, 0x4a,
    0xf, 0xfe, 0x95, 0x87, 0x9d, 0xf, 0xff, 0xf8,
    0x7f, 0xf1, 0xa0, 0xd0, 0x7f, 0xf5, 0x78, 0x3d,
    0x61, 0xff, 0xff, 0xf, 0xfe, 0x2a, 0x14, 0x1f,
    0xfd, 0x24, 0x33, 0xa1, 0xee, 0xf, 0xff, 0xf8,
    0x7f, 0xf0, 0xb0, 0x94, 0x1f, 0xfd, 0x9a, 0x7,
    0x9d, 0xf, 0xff, 0xf8, 0x7f, 0xd0, 0x68, 0x3f,
    0xfb, 0x6f, 0x7, 0xa8, 0x1f, 0xff, 0xf0, 0xff,
    0x21, 0x41, 0xff, 0xc2, 0x43, 0xff, 0x9e, 0xe8,
    0x73, 0xa1, 0xff, 0xff, 0xf, 0xb0, 0x94, 0x1f,
    0xfe, 0xa, 0x7, 0xac, 0x3f, 0xff, 0xe1, 0xd0,
    0x68, 0x3f, 0xf8, 0x78, 0x7f, 0xf4, 0x9d, 0xf,
    0x70, 0x7f, 0xff, 0xc2, 0x42, 0x83, 0xff, 0xaa,
    0x87, 0xff, 0xe, 0xd0, 0xe7, 0x43, 0xff, 0xff,
    0x84, 0xa0, 0xff, 0xf3, 0xd0, 0x3d, 0x61, 0xff,
    0xfd, 0x83, 0x41, 0xff, 0xc5, 0x43, 0xff, 0xae,
    0xe8, 0x7b, 0x83, 0xff, 0xf6, 0x85, 0x7, 0xff,
    0x5f, 0xf, 0xfe, 0x45, 0x87, 0x9d, 0xf, 0xff,
    0xc6, 0x12, 0x83, 0xff, 0xdd, 0xc1, 0xea, 0x7,
    0xff, 0xda, 0xd, 0x7, 0xff, 0xc1, 0xf, 0x9f,
    0xff, 0xfb, 0x21, 0x41, 0xff, 0xd9, 0x43, 0xff,
    0xfe, 0x1f, 0xfc, 0xe5, 0x7, 0xff, 0xfc, 0x3f,
    0xfe, 0x90, 0x7f, 0xf2, 0x10, 0xff, 0xff, 0x87,
    0xff, 0x7e, 0xf, 0xff, 0xf8, 0x7f, 0xfd, 0x14,
    0x1f, 0xff, 0x34, 0x3f, 0xff, 0xf0, 0x7f, 0xf2,
    0xb0, 0xff, 0xff, 0x87, 0xff, 0x76, 0xf, 0xfe,
    0xe2, 0x1f, 0xff, 0xf0, 0xff, 0xe5, 0xa8, 0x3f,
    0xfe, 0xb8, 0x7f, 0xff, 0x70, 0xff, 0xe6, 0x21,
    0xff, 0xff, 0xf, 0xff, 0xf8, 0x7d, 0x87, 0xff,
    0x31, 0xf, 0xff, 0xf8, 0x7f, 0xff, 0xc3, 0xff,
    0xe8, 0x87, 0xff, 0x75, 0xf, 0xff, 0xf8, 0x7f,
    0xff, 0xc3, 0xff, 0xfe, 0x1f, 0xfd, 0xa4, 0x3f,
    0xff, 0xe1, 0xff, 0xff, 0xf, 0xff, 0xf8, 0x7f,
    0xff, 0xc3, 0xff, 0x96, 0x87, 0xff, 0xfc, 0x3f,
    0xf9, 0x78, 0x7f, 0xff, 0xc3, 0xff, 0xb8, 0x87,
    0xff, 0x75, 0xf, 0xff, 0xf8, 0x7f, 0xff, 0xc3,
    0xff, 0x87, 0x87, 0xff, 0xfc, 0x3f, 0xf9, 0x68,
    0x7f, 0xff, 0xc3, 0xff, 0xb9, 0x87, 0xff, 0x77,
    0xf, 0xff, 0xf8, 0x7f, 0xff, 0xc3, 0xff, 0x86,
    0x87, 0xff, 0xfc, 0x3f, 0xff, 0xe1, 0xff, 0xf4,
    0x43, 0xff, 0xba, 0x87, 0xff, 0xfc, 0x3f, 0xff,
    0xe1, 0xff, 0xff, 0xf, 0xfe, 0xd2, 0x1f, 0xff,
    0xf0, 0xff, 0xff, 0x87, 0xff, 0x51, 0xf, 0xff,
    0xf8, 0x7f, 0xff, 0xc3, 0xff, 0xe8, 0x87, 0xff,
    0x33, 0xf, 0xff, 0xf8, 0x7f, 0xff, 0xc3, 0xe4,
    0x3f, 0xf9, 0x98, 0x7f, 0xff, 0xc3, 0xff, 0x96,
    0x87, 0xff, 0xfc, 0x3f, 0xfb, 0x98, 0x7f, 0xff,
    0xc3, 0xff, 0xfe, 0x1f, 0xfd, 0x4c, 0x3f, 0xf9,
    0x88, 0x7f, 0xff, 0xc3, 0xff, 0xfe, 0x1f, 0xff,
    0x44, 0x3f, 0xfb, 0xa8, 0x7f, 0xff, 0xc3, 0xff,
    0xfe, 0x1f, 0xff, 0xf0, 0xff, 0xed, 0x21, 0xff,
    0xff, 0xf, 0xff, 0xf8, 0x7f, 0xf5, 0x10, 0xff,
    0xff, 0x87, 0xff, 0xfc, 0x3f, 0xff, 0xe1, 0xff,
    0xc2, 0xc3, 0xff, 0xfe, 0x1f, 0xfd, 0xc4, 0x3f,
    0xfb, 0xa8, 0x7f, 0xf3, 0x30, 0xff, 0xff, 0x87,
    0xff, 0xfc, 0x3f, 0xff, 0xe1, 0xff, 0xc2, 0x43,
    0xff, 0xfe, 0x1f, 0xfd, 0xcc, 0x3f, 0xfb, 0xb8,
    0x7f, 0xf3, 0x10, 0xff, 0xff, 0x87, 0xff, 0xfc,
    0x3f, 0xff, 0xe1, 0xff, 0xff, 0xf, 0xff, 0x5a,
    0x1f, 0xfd, 0xd4, 0x3f, 0xff, 0xe1, 0xff, 0xff,
    0xf, 0xff, 0xf8, 0x7f, 0xf6, 0x90, 0xff, 0xff,
    0x87, 0xff, 0xfc, 0x3f, 0xfa, 0x88, 0x7f, 0xff,
    0xc3, 0xff, 0x97, 0x87, 0xff, 0xfc, 0x3f, 0xfb,
    0x88, 0x7f, 0xfd, 0xb0, 0xff, 0xff, 0x87, 0xff,
    0x71, 0xf, 0xff, 0xf8, 0x7f, 0xf9, 0x10, 0xff,
    0xff, 0x87, 0xff, 0x73, 0xf, 0xff, 0xb2, 0x1f,
    0xff, 0xf0, 0xff, 0xee, 0x61, 0xff, 0xff, 0xf,
    0xff, 0xf8, 0x7f, 0xff, 0xc3, 0xff, 0xfe, 0x1f,
    0xff, 0xf0, 0xe9, 0xf, 0xfe, 0xe2, 0x1f, 0xff,
    0xf0, 0xff, 0xe6, 0x58, 0x7f, 0xf2, 0x50, 0xff,
    0xff, 0x87, 0xff, 0x83, 0x83, 0xff, 0xe2, 0x87,
    0xff, 0xfc, 0x27, 0x43, 0xff, 0xfe, 0x1f, 0xff,
    0x5a, 0x7, 0xff, 0x13, 0xf, 0xfe, 0xec, 0x1f,
    0xff, 0xf0, 0xf3, 0xa1, 0xff, 0xd3, 0x43, 0xff,
    0x97, 0x7, 0xff, 0xfc, 0x3f, 0xac, 0x3f, 0xfd,
    0x2a, 0xf, 0xff, 0xf8, 0x7f, 0xdc, 0x1f, 0xf2,
    0x1f, 0xfd, 0xb8, 0x3f, 0xff, 0xe1, 0xff, 0xc1,
    0x74, 0x3f, 0xf9, 0xd8, 0x7f, 0xf2, 0x60, 0xff,
    0xff, 0x87, 0xff, 0x12, 0xc3, 0xff, 0xc4, 0xa0,
    0xff, 0xff, 0x87, 0xff, 0x1b, 0x83, 0xff, 0xc1,
    0x7, 0xff, 0xfc, 0x3f, 0xf8, 0xe, 0x87, 0x3a,
    0x1f, 0xfc, 0x94, 0x3f, 0xf8, 0xf0, 0x7f, 0xff,
    0xc3, 0xff, 0x83, 0x14, 0xf, 0x50, 0x8, 0x7f,
    0xf6, 0x14, 0x1f, 0xff, 0xf0, 0xff, 0xe0, 0x61,
    0x3a, 0x1c, 0xe8, 0x7f, 0xf6, 0x60, 0xff, 0xff,
    0x87, 0xff, 0x1, 0xf, 0x58, 0x7a, 0x81, 0xff,
    0xc5, 0x83, 0xff, 0x8b, 0x7, 0xff, 0xfc, 0x3f,
    0xf8, 0x30, 0x7e, 0xe0, 0xff, 0xe5, 0xba, 0x1f,
    0xfc, 0x25, 0x7, 0xff, 0xfc, 0x3f, 0xf8, 0x18,
    0x7f, 0x9d, 0xf, 0xfe, 0x5d, 0x87, 0xff, 0x6,
    0xf, 0xff, 0xf8, 0x7f, 0xf0, 0x10, 0xff, 0xe0,
    0xd0, 0x3f, 0xf9, 0x9c, 0x1f, 0xe8, 0x3f, 0xff,
    0xe1, 0xff, 0xc1, 0x83, 0xff, 0x84, 0xe8, 0x7f,
    0xf2, 0xdd, 0xf, 0x94, 0x1f, 0xff, 0xf0, 0xff,
    0xe0, 0x61, 0xff, 0xc5, 0x83, 0xff, 0x8a, 0xc1,
    0xea, 0x7, 0xa0, 0xff, 0xff, 0x87, 0xff, 0x1,
    0xf, 0xfe, 0xc6, 0xe8, 0x73, 0xa1, 0x41, 0xff,
    0xff, 0xf, 0xfe, 0xc, 0x1f, 0xfd, 0xbb, 0xf,
    0x58, 0xa0, 0xff, 0xff, 0x87, 0xff, 0x3, 0xf,
    0xfe, 0xf7, 0x7, 0xb8, 0x3f, 0xff, 0xe1, 0xff,
    0xc0, 0x43, 0xff, 0xb4, 0x87, 0x3a, 0x1f, 0xff,
    0xf0, 0xff, 0xe3, 0x41, 0xff, 0xc8, 0x43, 0xff,
    0x9b, 0x40, 0xff, 0xff, 0x87, 0xff, 0x13, 0xf,
    0xff, 0x23, 0xa1, 0xff, 0xff, 0xf, 0xfe, 0xa,
    0x1f, 0xfe, 0x7b, 0x43, 0xff, 0xfe, 0x1f, 0xf4,
    0x1f, 0xfc, 0xac, 0x3f, 0xfa, 0x54, 0xf, 0xff,
    0xf8, 0x7f, 0x61, 0xff, 0xdc, 0x43, 0xff, 0x84,
    0xe8, 0x7f, 0xff, 0xc3, 0xc8, 0x7f, 0xfb, 0xac,
    0x3f, 0xff, 0xe1, 0xd8, 0x7f, 0xf3, 0x10, 0xff,
    0xeb, 0xf0, 0x7f, 0xff, 0xc3, 0xff, 0xc3, 0x87,
    0xff, 0x1d, 0xd0, 0xff, 0xff, 0x87, 0xff, 0xd6,
    0x81, 0xff, 0xff, 0x43, 0xff, 0xe8, 0xe1, 0xff,
    0xff, 0xf, 0xfe, 0xea, 0x1f, 0xff, 0xf0, 0xff,
    0xff, 0x87, 0xff, 0xfc, 0x3f, 0xfb, 0x48, 0x7f,
    0xf7, 0x50, 0xff, 0xff, 0x87, 0xff, 0xfc, 0x3f,
    0xff, 0xe1, 0xff, 0xff, 0xf, 0xff, 0x5a, 0x1f,
    0xfc, 0xcc, 0x3f, 0xfb, 0xb8, 0x7f, 0xff, 0xc3,
    0xff, 0xb8, 0x87, 0xff, 0xfc, 0x3f, 0xfc, 0x88,
    0x7f, 0xff, 0xc3, 0xff, 0xb9, 0x87, 0xff, 0xd9,
    0xf, 0xff, 0xf8, 0x7f, 0xf7, 0x30, 0xff, 0xff,
    0x87, 0xff, 0x2d, 0xf, 0xff, 0xf8, 0x7f, 0xff,
    0xc3, 0xff, 0xfe, 0x1f, 0xff, 0xf0, 0xff, 0xe5,
    0xa1, 0xff, 0xff, 0xf, 0xff, 0x1a, 0x1f, 0xfd,
    0xd4, 0x3f, 0xff, 0xe1, 0xff, 0xff, 0xf, 0xff,
    0xf8, 0x7f, 0xff, 0xc3, 0xff, 0xd6, 0x87, 0xff,
    0x33, 0xf, 0xfe, 0xee, 0x1f, 0xff, 0xf0, 0xff,
    0xee, 0x21, 0xff, 0xff, 0xf, 0xff, 0xf8, 0x7f,
    0xff, 0xc3, 0xff, 0x85, 0x87, 0xff, 0x31, 0xf,
    0xfe, 0xea, 0x1f, 0xff, 0xf0, 0xff, 0xee, 0x61,
    0xff, 0xff, 0xf, 0xff, 0xf8, 0x7f, 0xff, 0xc3,
    0xff, 0x84, 0x87, 0xff, 0xfc, 0x3f, 0xff, 0xe1,
    0xff, 0xd4, 0x43, 0xff, 0xfe, 0x1f, 0xff, 0xf0,
    0xff, 0xff, 0x87, 0xff, 0x69, 0xf, 0xfe, 0xea,
    0x1f, 0xff, 0xf0, 0xff, 0xff, 0x87, 0xff, 0xd1,
    0xf, 0xff, 0xb6, 0x1f, 0xff, 0xf0, 0xff, 0xe5,
    0xe1, 0xff, 0xff, 0xf, 0xff, 0xf8, 0x7c, 0x87,
    0xff, 0xfc, 0x3f, 0xf9, 0x78, 0x7f, 0xf3, 0x10,
    0xff, 0xee, 0xa1, 0xff, 0xff, 0xf, 0xfe, 0xe6,
    0x1f, 0xff, 0xf0, 0xff, 0xff, 0x87, 0xff, 0xfc,
    0x3f, 0xf8, 0x48, 0x7f, 0xff, 0xc3, 0xff, 0xfe,
    0x1f, 0xfd, 0x44, 0x3f, 0xff, 0xe1, 0xff, 0xff,
    0xf, 0xff, 0xf8, 0x7f, 0xf6, 0x90, 0xff, 0xee,
    0xa1, 0xff, 0xff, 0xf, 0xff, 0xf8, 0x7f, 0xfd,
    0x10, 0xff, 0xff, 0x87, 0xff, 0xfc, 0x3f, 0xf8,
    0x78, 0x7f, 0xf7, 0x70, 0xff, 0xff, 0x87, 0xff,
    0x71, 0xf, 0xff, 0xf8, 0x7f, 0xf2, 0xf0, 0xff,
    0xff, 0x87, 0xff, 0xfc, 0x3f, 0xf8, 0x68, 0x7f,
    0xf7, 0x50, 0xff, 0xff, 0x87, 0xff, 0x73, 0xf,
    0xff, 0xf8, 0x7f, 0xf2, 0xd0, 0xff, 0xff, 0x87,
    0xff, 0xfc, 0x3f, 0xff, 0xe1, 0xff, 0xff, 0xf,
    0xfe, 0x5a, 0x1f, 0xff, 0xf0, 0xff, 0xff, 0x87,
    0xff, 0x9, 0xf, 0xff, 0xf8, 0x7f, 0xf2, 0xd0,
    0xff, 0xff, 0x87, 0xff, 0xfc, 0x3f, 0xfa, 0x98,
    0x7f, 0xff, 0x50, 0xff, 0xfa, 0xa8, 0x3f, 0xff,
    0xe1, 0xff, 0xcb, 0xc3, 0xff, 0x88, 0x87, 0xff,
    0x2e, 0xf, 0xff, 0xf8, 0x7f, 0xfd, 0x20, 0xff,
    0xff, 0xe1, 0xff, 0xf3, 0x50, 0x7f, 0xff, 0xc3,
    0xff, 0x9a, 0x87, 0xff, 0x13, 0xf, 0xfe, 0x4c,
    0x1f, 0xff, 0xf1, 0xf, 0xff, 0x94, 0x1f, 0xff,
    0xf0, 0xff, 0xfa, 0x28, 0x3f, 0xff, 0xe1, 0xff,
    0xe0, 0x43, 0xff, 0x8f, 0x6, 0xff, 0xff, 0xb2,
    0x1f, 0x41, 0xff, 0xf0, 0x83, 0x61, 0xff, 0xf6,
    0xb0, 0xf3, 0xa1, 0xff, 0xc9, 0x43, 0xff, 0xae,
    0xa0, 0xa0, 0xff, 0xfc, 0xf0, 0x7a, 0x81, 0xff,
    0xec, 0x83, 0x21, 0xff, 0xfa, 0x74, 0x39, 0xd0,
    0xff, 0xf4, 0xc1, 0xb0, 0xff, 0xfe, 0xd0, 0x3d,
    0x68, 0x7f, 0xf1, 0x30, 0xff, 0xea, 0xa8, 0x28,
    0x3f, 0xff, 0xee, 0x87, 0xa8, 0x1f, 0xfd, 0x44,
    0x3f, 0xf8, 0x90, 0x64, 0x3f, 0xff, 0xe0, 0xb4,
    0x39, 0xd0, 0xff, 0xf1, 0x41, 0xb0, 0xff, 0xff,
    0x87, 0x50, 0x3d, 0x61, 0xff, 0xc0, 0x43, 0xff,
    0xa6, 0xa0, 0xa0, 0xff, 0xff, 0x87, 0xce, 0x87,
    0xb8, 0x3f, 0xf9, 0xf8, 0x7f, 0xf0, 0xa0, 0xc8,
    0x7f, 0xff, 0xc3, 0xfa, 0xc3, 0xce, 0x87, 0xff,
    0x6e, 0xd, 0x87, 0xff, 0xfc, 0x3f, 0xf8, 0x1c,
    0x1e, 0xb0, 0xff, 0xec, 0xa8, 0x28, 0x3f, 0xff,
    0xe1, 0xff, 0xc2, 0x74, 0x3d, 0xc1, 0xff, 0xca,
    0x43, 0xff, 0x81, 0x4, 0xa0, 0xff, 0xff, 0x87,
    0xff, 0x12, 0x81, 0xe7, 0x43, 0xff, 0xa9, 0x6,
    0x83, 0xff, 0xfe, 0x1f, 0xfc, 0x67, 0x83, 0xd4,
    0x10, 0xff, 0xe8, 0x28, 0x28, 0x3f, 0xff, 0xe1,
    0xff, 0xc9, 0x74, 0x39, 0xf0, 0x7f, 0xf4, 0x20,
    0x94, 0x1f, 0xff, 0xf0, 0xff, 0xe5, 0xd0, 0x3c,
    0x87, 0xff, 0x3e, 0xd, 0x7, 0xff, 0xfc, 0x3f,
    0xf9, 0xae, 0x87, 0xff, 0x4d, 0x41, 0x41, 0xff,
    0xff, 0xf, 0xfe, 0x85, 0x87, 0xff, 0x4a, 0x9,
    0x41, 0xff, 0xff, 0xf, 0xfe, 0x97, 0x7, 0xff,
    0x3e, 0xd, 0x7, 0xff, 0xfc, 0x3f, 0xfa, 0x8c,
    0x1f, 0xfc, 0xd5, 0x5, 0x7, 0xff, 0xfc, 0x3f,
    0xfa, 0xd0, 0x7f, 0xf1, 0xa0, 0xf4, 0x12, 0x83,
    0xff, 0xfe, 0x1f, 0xfd, 0x54, 0x3f, 0xf8, 0xea,
    0xd, 0x6, 0x83, 0xff, 0xfe, 0x1f, 0xfd, 0x56,
    0xf, 0xfe, 0x45, 0x0, 0xa0, 0xa0, 0xff, 0xff,
    0x87, 0xff, 0x55, 0x83, 0xff, 0x94, 0xf4, 0x9,
    0x41, 0xff, 0xff, 0xf, 0xfe, 0x9b, 0xc1, 0xff,
    0xc8,

    /* U+0031 "1" */
    0xf, 0xfe, 0xb6, 0x87, 0xff, 0x67, 0x2c, 0x3f,
    0xfa, 0xe8, 0x6c, 0x3f, 0xfa, 0xd0, 0x74, 0x1f,
    0xfd, 0x4c, 0x3c, 0x87, 0xff, 0x4d, 0xf, 0xc8,
    0x7f, 0xf4, 0xa0, 0xff, 0xed, 0x61, 0xff, 0xda,
    0x43, 0xff, 0xb7, 0x7, 0xff, 0x6b, 0xf, 0xf9,
    0xf, 0xfe, 0x72, 0x1f, 0xfd, 0xb8, 0x3f, 0xfb,
    0x58, 0x7f, 0xf6, 0x90, 0xff, 0xed, 0xc1, 0xff,
    0xc1, 0x43, 0xff, 0x99, 0x87, 0xff, 0x69, 0xf,
    0xfe, 0xdc, 0x1f, 0xfc, 0x3c, 0x3f, 0xf9, 0x58,
    0x7f, 0xf6, 0x90, 0xff, 0xed, 0xc1, 0xff, 0xc5,
    0x43, 0xff, 0x91, 0x87, 0xff, 0x69, 0xf, 0xfe,
    0xdc, 0x1f, 0xfd, 0xac, 0x3f, 0xfb, 0x48, 0x7f,
    0xf6, 0xe0, 0xff, 0xe4, 0x21, 0xff, 0xc5, 0xc3,
    0xff, 0xb4, 0x87, 0xff, 0x6e, 0xf, 0xfe, 0x56,
    0x1f, 0xfc, 0x3c, 0x3f, 0xfb, 0x48, 0x7f, 0xf3,
    0x10, 0xff, 0xe1, 0x61, 0xff, 0xff, 0xf, 0xff,
    0x2, 0x1f, 0xff, 0xf0, 0xff, 0xe8, 0x21, 0xff,
    0xff, 0xf, 0xff, 0x6, 0x1f, 0xfc, 0x24, 0x3f,
    0xff, 0xe1, 0xff, 0xd1, 0x43, 0xff, 0x85, 0x87,
    0xff, 0xfc, 0x32, 0x1f, 0xff, 0xf0, 0xff, 0xfc,
    0x21, 0xff, 0xff, 0xd, 0x87, 0xff, 0x9, 0xf,
    0xff, 0xf8, 0x7f, 0xf4, 0x50, 0xff, 0xe1, 0x61,
    0xff, 0xff, 0xf, 0xff, 0x2, 0x1f, 0xff, 0xf0,
    0xff, 0xe8, 0x21, 0xff, 0xff, 0xf, 0xff, 0x6,
    0x1f, 0xfc, 0x24, 0x3f, 0xff, 0xe1, 0xff, 0xd1,
    0x43, 0xff, 0x85, 0x87, 0xff, 0xfc, 0x32, 0x1f,
    0xff, 0xf0, 0xff, 0xe8, 0x21, 0xff, 0xff, 0xf,
    0xff, 0x6, 0x1f, 0xfc, 0x24, 0x3f, 0xff, 0xe1,
    0xff, 0xd1, 0x43, 0xff, 0x85, 0x87, 0xff, 0xfc,
    0x3f, 0xff, 0xe1, 0xfd, 0x40, 0xff, 0xed, 0xba,
    0x1f, 0xfc, 0x84, 0x3f, 0xf8, 0xd6, 0x1f, 0xfd,
    0xce, 0xf, 0xfe, 0xdb, 0xa1, 0xff, 0xc3, 0xc3,
    0xff, 0x97, 0x40, 0xff, 0xed, 0xba, 0x1f, 0xfc,
    0x4, 0x3f, 0xf9, 0xd6, 0x1f, 0xfd, 0xce, 0xf,
    0xfe, 0xdb, 0xa1, 0xff, 0xdb, 0xb0, 0xff, 0xe9,
    0xda, 0x1e, 0xe0, 0xff, 0xe8, 0x28, 0xb0, 0xf3,
    0xa2, 0x1f, 0xfc, 0xc8, 0x37, 0x7, 0xa8, 0x1f,
    0xfc, 0xc8, 0x3c, 0xe8, 0x73, 0x7, 0xff, 0x29,
    0x41, 0xfa, 0x81, 0xff, 0xd0, 0x83, 0xfc, 0xf0,
    0x7f, 0xf3, 0x60, 0xff, 0xe0, 0xba, 0x1f, 0xfc,
    0xa5, 0x7, 0xff, 0xe, 0x81, 0xff, 0xc9, 0x83,
    0xff, 0x8a, 0x87, 0xff, 0x22, 0xf, 0xfe, 0xd2,
    0x83, 0xff, 0xb5, 0x7, 0xff, 0x6a, 0xf, 0xfe,
    0xd2, 0x83, 0xff, 0x90, 0x87, 0xff, 0x16, 0xf,
    0xfe, 0xd4, 0x1f, 0xfd, 0xa5, 0x7, 0xff, 0x2b,
    0xf, 0xfe, 0x1c, 0x1f, 0xfd, 0xa4, 0x3f, 0xfb,
    0x78, 0x7f, 0xf3, 0x10, 0xff, 0xff, 0x87, 0xff,
    0x1d, 0xf, 0xff, 0xf8, 0x7f, 0xfe, 0x10, 0xff,
    0xff, 0x86, 0xc3, 0xff, 0x84, 0x87, 0xff, 0xfc,
    0x36, 0x1f, 0xfc, 0xc4, 0x3f, 0xff, 0xe1, 0xff,
    0xc7, 0x43, 0xff, 0xfe, 0x1f, 0xff, 0x84, 0x3f,
    0xff, 0xe1, 0xff, 0xc7, 0x43, 0xff, 0x99, 0x87,
    0xff, 0xfc, 0x3f, 0xf8, 0xf8, 0x7f, 0xf3, 0x10,
    0xff, 0xff, 0x87, 0xff, 0x1d, 0xf, 0xff, 0xf8,
    0x7f, 0xfe, 0x10, 0xff, 0xf5, 0x21, 0xff, 0xf4,
    0xc3, 0xff, 0xd5, 0x87, 0xff, 0x31, 0xf, 0xff,
    0xf8, 0x7f, 0xf1, 0xd0, 0xff, 0xff, 0x87, 0xff,
    0xe1, 0xf, 0xff, 0x52, 0x1f, 0xff, 0x4c, 0x3f,
    0xfd, 0x58, 0x7f, 0xfd, 0x10, 0xff, 0xf5, 0x21,
    0xff, 0xff, 0xf, 0xff, 0xf8, 0x7f, 0xf5, 0x50,
    0xff, 0xf5, 0x21, 0xff, 0xf4, 0xc3, 0xff, 0xd5,
    0x87, 0xff, 0x31, 0xf, 0xff, 0x52, 0x1f, 0xff,
    0xf0, 0xff, 0xf0, 0x41, 0xff, 0xdb, 0x74, 0x3f,
    0xf9, 0x28, 0x7f, 0xf1, 0x68, 0x1f, 0xfd, 0xb7,
    0x43, 0xff, 0xb7, 0x68, 0x7f, 0xf1, 0x30, 0xff,
    0xe5, 0x50, 0x3f, 0xfb, 0x6e, 0x87, 0xff, 0x6e,
    0xc3, 0xff, 0x80, 0x87, 0xff, 0x3f, 0x83, 0xff,
    0xb6, 0xe8, 0x7f, 0xf6, 0xec, 0x3f, 0xfb, 0x9c,
    0x1f, 0xfd, 0xb7, 0x43, 0xff, 0xb7, 0x41, 0xf,
    0xfe, 0xcb, 0xe0, 0xff, 0xe2, 0x0,

    /* U+0032 "2" */
    0xf, 0xff, 0xf8, 0x7f, 0xff, 0xc3, 0xff, 0x82,
    0xdf, 0xff, 0xff, 0xff, 0xfe, 0x9a, 0x13, 0xc1,
    0xff, 0xcc, 0x79, 0xf, 0xff, 0xf8, 0x7f, 0xf4,
    0xd0, 0xa1, 0xd0, 0xff, 0xe4, 0xb0, 0x7f, 0xff,
    0xc3, 0xff, 0xab, 0x85, 0x6, 0x90, 0xff, 0xe3,
    0xb0, 0x7f, 0xff, 0xc3, 0xff, 0xab, 0x4, 0xa0,
    0xe8, 0x3f, 0xf8, 0xf0, 0x7f, 0xff, 0xc3, 0xff,
    0xac, 0x85, 0x7, 0xff, 0x35, 0xf, 0xff, 0xf8,
    0x7f, 0xf5, 0xb0, 0xa0, 0xfc, 0x87, 0xff, 0x15,
    0x83, 0xff, 0xfe, 0x1f, 0xfd, 0x48, 0x25, 0x7,
    0xff, 0x3d, 0xd0, 0xff, 0xff, 0x87, 0xff, 0x49,
    0xa, 0xf, 0xfe, 0x95, 0x3, 0xff, 0xfe, 0x1f,
    0xfd, 0xc, 0x28, 0x3f, 0xfa, 0x8e, 0x87, 0xff,
    0xfc, 0x3f, 0xf9, 0xb0, 0x4a, 0xf, 0xf2, 0x1f,
    0xfc, 0xbb, 0xf, 0xff, 0xf8, 0x7f, 0xf3, 0x10,
    0xa0, 0xff, 0xec, 0xf0, 0x7f, 0xff, 0xc3, 0xff,
    0x93, 0x85, 0x7, 0xff, 0x6d, 0xd0, 0xff, 0xff,
    0x87, 0xff, 0x1a, 0x9, 0x41, 0xff, 0xdd, 0xb0,
    0xff, 0xff, 0x87, 0xff, 0x15, 0xa, 0xf, 0xff,
    0x7, 0x7, 0xff, 0xfc, 0x3f, 0xf8, 0x58, 0x50,
    0x7f, 0xf8, 0x9d, 0xf, 0xff, 0xf8, 0x7f, 0xd0,
    0x4a, 0xf, 0xfe, 0xa, 0x1f, 0xfd, 0x6a, 0x7,
    0xff, 0xfc, 0x3f, 0xc8, 0x50, 0x7f, 0xf9, 0x9d,
    0xf, 0xff, 0xf8, 0x7d, 0x85, 0x7, 0xff, 0xa6,
    0xc3, 0xff, 0xfe, 0x1d, 0x4, 0xa0, 0xff, 0xe1,
    0xe1, 0xff, 0xdb, 0xe0, 0xff, 0xff, 0x84, 0x85,
    0x7, 0xff, 0xb5, 0xd0, 0xff, 0xff, 0xe1, 0x41,
    0xff, 0xf0, 0xb0, 0xff, 0xfe, 0xc1, 0x28, 0x3f,
    0xf8, 0xa8, 0x7f, 0xf8, 0x38, 0x3f, 0xff, 0x68,
    0x50, 0x7f, 0xfd, 0x1d, 0xf, 0xff, 0xc6, 0x14,
    0x1f, 0xff, 0x7a, 0x7, 0xff, 0xda, 0x9, 0x41,
    0xff, 0xf8, 0x7f, 0xff, 0xec, 0x85, 0x7, 0xff,
    0xfc, 0x3f, 0xfe, 0x90, 0x7f, 0xff, 0xc3, 0xff,
    0xe8, 0xa0, 0xff, 0xe4, 0x21, 0xff, 0xff, 0xf,
    0xfe, 0xfc, 0x1f, 0xff, 0xf0, 0xff, 0xfa, 0x41,
    0xff, 0xca, 0xc3, 0xff, 0xfe, 0x1f, 0xfd, 0xd5,
    0x7, 0xff, 0xfc, 0x3f, 0xfe, 0x90, 0x7f, 0xff,
    0xc3, 0xff, 0xe8, 0x87, 0xff, 0x31, 0xf, 0xff,
    0xf8, 0x7f, 0xf7, 0x30, 0xff, 0xff, 0x87, 0xff,
    0xfc, 0x3f, 0xff, 0xe1, 0xff, 0xff, 0xf, 0xff,
    0xf8, 0x7f, 0xf8, 0xd0, 0xff, 0xff, 0x87, 0xff,
    0xfc, 0x3f, 0xff, 0xe1, 0xff, 0xff, 0xe, 0x43,
    0xff, 0xfe, 0x1f, 0xff, 0xf0, 0xff, 0xff, 0x87,
    0xff, 0xfc, 0x3f, 0xff, 0xe1, 0xff, 0xe3, 0xc3,
    0xff, 0xfe, 0x1f, 0xfd, 0xc4, 0x3f, 0xff, 0xe1,
    0xff, 0xff, 0xf, 0xff, 0xf8, 0x7f, 0xfb, 0x30,
    0xff, 0xe6, 0x21, 0xff, 0xff, 0xf, 0xff, 0xf8,
    0x7f, 0xff, 0xc3, 0xff, 0xfe, 0x1f, 0xff, 0xf0,
    0xff, 0xe5, 0x21, 0xff, 0xff, 0xf, 0xff, 0xf8,
    0x7f, 0xff, 0xc3, 0xff, 0xfe, 0x1c, 0x87, 0xff,
    0xfc, 0x3f, 0xff, 0xe1, 0xff, 0xff, 0xf, 0xff,
    0xf8, 0x7f, 0xff, 0xc3, 0xff, 0xc7, 0x87, 0xff,
    0xfc, 0x3f, 0xfb, 0x88, 0x7f, 0xff, 0xc3, 0xff,
    0xfe, 0x1f, 0xff, 0xf0, 0xff, 0xff, 0x87, 0x90,
    0xff, 0xff, 0x87, 0xff, 0x73, 0xf, 0xff, 0xf8,
    0x7f, 0xff, 0xc3, 0xff, 0xfe, 0x1f, 0xff, 0xf0,
    0xff, 0xff, 0x87, 0xff, 0x8d, 0xf, 0xff, 0xf8,
    0x7f, 0xff, 0xc3, 0xff, 0xfe, 0x1f, 0xff, 0xf0,
    0xe4, 0x3f, 0xff, 0xe1, 0xff, 0xff, 0xf, 0xff,
    0xf8, 0x7f, 0xff, 0xc3, 0xff, 0xfe, 0x1f, 0xfe,
    0x3c, 0x3f, 0xff, 0xe1, 0xff, 0xdc, 0x43, 0xff,
    0xfe, 0x1f, 0xff, 0xf0, 0xff, 0xe1, 0xa1, 0xff,
    0xff, 0xf, 0xfe, 0xe6, 0x1f, 0xff, 0xf0, 0xff,
    0xff, 0x87, 0xff, 0xfc, 0x3f, 0xff, 0xe1, 0xff,
    0xff, 0xf, 0xff, 0x1a, 0x1f, 0xff, 0xf0, 0xff,
    0xff, 0x87, 0xff, 0xfc, 0x3f, 0xff, 0xe1, 0xc8,
    0x7f, 0xff, 0xc3, 0xff, 0xfe, 0x1f, 0xff, 0xf0,
    0xff, 0xff, 0x87, 0xff, 0xfc, 0x3f, 0xfc, 0x78,
    0x7f, 0xff, 0xc3, 0xff, 0xb8, 0x87, 0xff, 0xfc,
    0x3f, 0xff, 0xe1, 0xff, 0xff, 0xf, 0xff, 0xf8,
    0x79, 0xf, 0xff, 0xf8, 0x7f, 0xf7, 0x30, 0xff,
    0xff, 0x87, 0xff, 0xfc, 0x3f, 0xff, 0xe1, 0xff,
    0xff, 0xf, 0xff, 0xf8, 0x7f, 0xff, 0xc3, 0xff,
    0xfe, 0x1f, 0xfd, 0xab, 0xf, 0xff, 0xf8, 0x7f,
    0xfd, 0xb8, 0x3f, 0xf9, 0x8, 0x7f, 0xff, 0xc3,
    0xff, 0xc0, 0xe8, 0x7f, 0xff, 0xc3, 0xff, 0xeb,
    0x40, 0xff, 0xe2, 0xe1, 0xff, 0xe2, 0xbf, 0xff,
    0xf2, 0x87, 0x3c, 0x1f, 0xff, 0x15, 0x7, 0xff,
    0xe6, 0xc3, 0xce, 0x87, 0xff, 0xbe, 0xf, 0xff,
    0xe7, 0x7, 0xa8, 0x1f, 0xfc, 0x4, 0x3f, 0xfc,
    0x18, 0x7f, 0xff, 0x9d, 0xe, 0x74, 0x3f, 0xfd,
    0x50, 0x7f, 0xff, 0xc1, 0x21, 0xeb, 0xf, 0xff,
    0x4a, 0x1f, 0xff, 0xf0, 0x90, 0xfd, 0xc1, 0xff,
    0xe6, 0xc3, 0xff, 0xfe, 0x16, 0x1f, 0xe7, 0x43,
    0xff, 0xc7, 0x7, 0xff, 0xfc, 0x28, 0x3f, 0xf8,
    0x34, 0xf, 0xff, 0x12, 0x1f, 0xff, 0xf0, 0x90,
    0xff, 0xe1, 0x3c, 0x21, 0xff, 0xdd, 0xc3, 0xff,
    0xfe, 0x16, 0x1f, 0xfc, 0x57, 0xc1, 0xff, 0xdc,
    0x83, 0xff, 0xfe, 0x14, 0x1f, 0xfc, 0x84, 0x3f,
    0xfb, 0x88, 0x7f, 0xff, 0xc2, 0x43, 0xff, 0xe1,
    0x87, 0xff, 0xfc, 0x2c, 0x3f, 0xfe, 0x10, 0x7f,
    0xff, 0xc2, 0x83, 0xff, 0xe2, 0x87, 0xff, 0xfc,
    0x24, 0x3f, 0xfe, 0x18, 0x7f, 0xff, 0xc2, 0xc3,
    0xff, 0xb9, 0x68, 0x7f, 0xf1, 0x60, 0xff, 0xff,
    0x85, 0x7, 0xff, 0x7e, 0xc3, 0xff, 0x88, 0x87,
    0xff, 0xfc, 0x24, 0x3f, 0xfc, 0x3c, 0x1f, 0xfc,
    0x1c, 0x3f, 0xff, 0xe1, 0x61, 0xff, 0xde, 0x43,
    0x3a, 0x1f, 0xe8, 0x3f, 0xff, 0xe1, 0x41, 0xff,
    0xe6, 0xa0, 0x7f, 0x21, 0xff, 0xff, 0x9, 0xf,
    0xff, 0x3b, 0xa1, 0xf4, 0x1f, 0xff, 0xf0, 0x61,
    0xff, 0xea, 0xb0, 0xf3, 0xa1, 0xff, 0xfe, 0x83,
    0xff, 0xdb, 0xc1, 0xeb, 0xf, 0xff, 0xea, 0x1f,
    0xfe, 0xe7, 0x43, 0xdc, 0x1f, 0xff, 0xac, 0x3f,
    0xfc, 0x28, 0x7f, 0xf0, 0xec, 0x3c, 0xff, 0xff,
    0xe8, 0x3f, 0xfe, 0x9c, 0x1f, 0xff, 0xf0, 0xff,
    0xfa, 0xba, 0x1f, 0xff, 0xf0, 0xff, 0xf0, 0x61,
    0xff, 0xc8, 0xa0, 0x7f, 0xff, 0xc3, 0xff, 0xea,
    0xe8, 0x7f, 0xff, 0xc3, 0xff, 0xeb, 0x7, 0xff,
    0xfc, 0x3f, 0xfb, 0xa8, 0x7f, 0xff, 0xc3, 0xff,
    0xfe, 0x1f, 0xff, 0xf0, 0xff, 0xff, 0x87, 0x21,
    0xff, 0xff, 0xf, 0xff, 0xf8, 0x7f, 0xff, 0xc3,
    0xff, 0xd9, 0x87, 0xff, 0xfc, 0x3f, 0xfb, 0x88,
    0x7f, 0xff, 0xc3, 0xff, 0xfe, 0x1f, 0xff, 0xf0,
    0xff, 0xff, 0x87, 0x90, 0xff, 0xff, 0x87, 0xff,
    0x73, 0xf, 0xff, 0xf8, 0x7f, 0xff, 0xc3, 0xff,
    0xfe, 0x1f, 0xff, 0xf0, 0xff, 0xff, 0x87, 0xff,
    0x8d, 0xf, 0xff, 0xf8, 0x7f, 0xff, 0xc3, 0xff,
    0xfe, 0x1f, 0xff, 0xf0, 0xe4, 0x3f, 0xff, 0xe1,
    0xff, 0xff, 0xf, 0xff, 0xf8, 0x7f, 0xff, 0xc3,
    0xff, 0xfe, 0x1f, 0xfe, 0x3c, 0x3f, 0xff, 0xe1,
    0xff, 0xdc, 0x43, 0xff, 0xfe, 0x1f, 0xff, 0xf0,
    0xff, 0xff, 0x87, 0xff, 0xfc, 0x3c, 0x87, 0xff,
    0xfc, 0x3f, 0xfb, 0x98, 0x7f, 0xff, 0xc3, 0xff,
    0xfe, 0x1f, 0xff, 0xf0, 0xff, 0xff, 0x87, 0xff,
    0xfc, 0x3f, 0xfc, 0x68, 0x7f, 0xff, 0xc3, 0xff,
    0xfe, 0x1f, 0xfc, 0x24, 0x3f, 0xff, 0xe1, 0xff,
    0xff, 0xf, 0xff, 0xf8, 0x7f, 0xff, 0xc3, 0xff,
    0xfe, 0x1f, 0xfe, 0x3c, 0x3f, 0xff, 0xe1, 0xff,
    0xdc, 0x43, 0xff, 0xfe, 0x1f, 0xff, 0xf0, 0xff,
    0xff, 0x87, 0xff, 0xfc, 0x3c, 0x87, 0xff, 0xfc,
    0x3f, 0xfb, 0x98, 0x7f, 0xff, 0xc3, 0xff, 0xfe,
    0x1f, 0xff, 0xf0, 0xff, 0xff, 0x87, 0xff, 0xfc,
    0x3f, 0xfc, 0x68, 0x7f, 0xff, 0xc3, 0xff, 0xfe,
    0x1f, 0xff, 0xf0, 0xff, 0xff, 0x87, 0x21, 0xff,
    0xff, 0xf, 0xff, 0xf8, 0x7f, 0xff, 0xc3, 0xff,
    0xfe, 0x1f, 0xff, 0xf0, 0xff, 0xf1, 0xe1, 0xff,
    0xff, 0xf, 0xfe, 0xe2, 0x1f, 0xff, 0xf0, 0xff,
    0xff, 0x87, 0xff, 0xd, 0xf, 0xff, 0xf8, 0x7f,
    0xff, 0xc3, 0xff, 0xfe, 0x1f, 0xfd, 0x3c, 0x3f,
    0xff, 0xe1, 0xff, 0xff, 0xf, 0xff, 0xf8, 0x7f,
    0xff, 0xc3, 0xff, 0xfe, 0x1f, 0xfe, 0x34, 0x3f,
    0xff, 0xe1, 0xff, 0xff, 0xf, 0xfe, 0x12, 0x1f,
    0xff, 0xf0, 0xff, 0xff, 0x87, 0xff, 0xfc, 0x3f,
    0xfd, 0x90, 0x7f, 0xff, 0xc3, 0xff, 0xe8, 0x87,
    0xff, 0xfc, 0x3f, 0xfb, 0xa8, 0x7f, 0xf2, 0xe0,
    0xff, 0xff, 0x87, 0xff, 0xd3, 0xf, 0xff, 0xf8,
    0x7f, 0xfd, 0x10, 0xff, 0xff, 0x87, 0xff, 0x7f,
    0xf, 0xfe, 0x4c, 0x1f, 0xff, 0xf0, 0xff, 0xfa,
    0x61, 0xff, 0xff, 0xf, 0xff, 0xa2, 0x1f, 0xff,
    0xf0, 0xff, 0xf0, 0xa1, 0xff, 0xc7, 0x83, 0x7f,
    0xff, 0xd9, 0xf, 0xff, 0xc6, 0x1b, 0xf, 0xff,
    0xb5, 0x87, 0xff, 0xd9, 0xd, 0x7, 0xff, 0xe7,
    0x83, 0xff, 0xe9, 0x6, 0x43, 0xff, 0xf4, 0xe8,
    0x7f, 0xfc, 0x60, 0xd8, 0x7f, 0xff, 0x68, 0x1f,
    0xfe, 0xf5, 0x5, 0x7, 0xff, 0xfd, 0xd0, 0xff,
    0xee, 0x21, 0xff, 0xc4, 0x83, 0x21, 0xff, 0xff,
    0x5, 0xa1, 0xff, 0xea, 0x83, 0x61, 0xff, 0xff,
    0xe, 0xa0, 0x7f, 0xfa, 0x14, 0x14, 0x1f, 0xff,
    0xf0, 0xf9, 0xd0, 0xff, 0xeb, 0xe1, 0xff, 0xc2,
    0x83, 0x21, 0xff, 0xff, 0xf, 0xeb, 0xf, 0xff,
    0x24, 0x1b, 0xf, 0xff, 0xf8, 0x7f, 0xf0, 0x38,
    0x3f, 0xfc, 0x2a, 0xa, 0xf, 0xff, 0xf8, 0x7f,
    0xf0, 0x9d, 0xf, 0xfe, 0x92, 0x1f, 0xfc, 0x8,
    0x25, 0x7, 0xff, 0xfc, 0x3f, 0xf8, 0x94, 0xf,
    0xfe, 0xec, 0x1a, 0xf, 0xff, 0xf8, 0x7f, 0xf1,
    0x9e, 0xf, 0xfe, 0xd2, 0x82, 0x83, 0xff, 0xfe,
    0x1f, 0xfc, 0x97, 0x43, 0xff, 0xb1, 0x4, 0xa0,
    0xff, 0xff, 0x87, 0xff, 0x2e, 0x81, 0xff, 0xd6,
    0x83, 0x41, 0xff, 0xff, 0xf, 0xfe, 0x6b, 0xa1,
    0xff, 0xd3, 0x50, 0x50, 0x7f, 0xff, 0xc3, 0xff,
    0xa1, 0x61, 0xff, 0xd2, 0x82, 0x50, 0x7f, 0xff,
    0xc3, 0xff, 0xa5, 0xc1, 0xff, 0xcf, 0x83, 0x41,
    0xff, 0xff, 0xf, 0xfe, 0xa3, 0x7, 0xff, 0x35,
    0x41, 0x41, 0xff, 0xff, 0xf, 0xfe, 0xb4, 0x1f,
    0xfc, 0x68, 0x3d, 0x4, 0xa0, 0xff, 0xff, 0x87,
    0xff, 0x55, 0xf, 0xfe, 0x3a, 0x83, 0x41, 0xa0,
    0xff, 0xff, 0x87, 0xff, 0x55, 0x83, 0xff, 0x91,
    0x40, 0x28, 0x28, 0x3f, 0xff, 0xe1, 0xff, 0xd5,
    0x60, 0xff, 0xe5, 0x3d, 0x2, 0x50, 0x7f, 0xff,
    0xc3, 0xff, 0xa6, 0xf0, 0x7f, 0xf2, 0x0,

    /* U+0033 "3" */
    0xf, 0xff, 0xf8, 0x7f, 0xfe, 0x1b, 0xff, 0xff,
    0xff, 0xff, 0xd3, 0x42, 0x78, 0x3f, 0xf8, 0x4f,
    0x21, 0xff, 0xff, 0xf, 0xfe, 0x9a, 0x14, 0x3a,
    0x1f, 0xf3, 0x7, 0xff, 0xfc, 0x3f, 0xfa, 0xb8,
    0x50, 0x69, 0xf, 0xe6, 0xf, 0xff, 0xf8, 0x7f,
    0xf5, 0x60, 0x94, 0x1d, 0x7, 0xf4, 0x1f, 0xff,
    0xf0, 0xff, 0xeb, 0x21, 0x41, 0xff, 0xc3, 0x43,
    0xff, 0xfe, 0x1f, 0xfd, 0x6c, 0x28, 0x3f, 0x21,
    0xf3, 0x7, 0xff, 0xfc, 0x3f, 0xfa, 0x90, 0x4a,
    0xf, 0xfe, 0x2b, 0xa1, 0xff, 0xff, 0xf, 0xfe,
    0x92, 0x14, 0x1f, 0xfc, 0x8a, 0x7, 0xff, 0xfc,
    0x3f, 0xfa, 0x18, 0x50, 0x7f, 0xf2, 0x9d, 0xf,
    0xff, 0xf8, 0x7f, 0xf3, 0x60, 0x94, 0x1f, 0xe4,
    0x3f, 0xf8, 0x36, 0x1f, 0xff, 0xf0, 0xff, 0xe6,
    0x21, 0x41, 0xff, 0xcf, 0xe0, 0xff, 0xff, 0x87,
    0xff, 0x27, 0xa, 0xf, 0xfe, 0x8b, 0xa1, 0xff,
    0xff, 0xf, 0xfe, 0x34, 0x12, 0x83, 0xff, 0xa7,
    0x61, 0xff, 0xff, 0xf, 0xfe, 0x2a, 0x14, 0x1f,
    0xfd, 0x6e, 0xf, 0xff, 0xf8, 0x7f, 0xf0, 0xb0,
    0xa0, 0xff, 0xec, 0x3a, 0x1f, 0xff, 0xf0, 0xff,
    0xa0, 0x94, 0x1f, 0xfc, 0x14, 0x3f, 0xf9, 0x94,
    0xf, 0xff, 0xf8, 0x7f, 0x90, 0xa0, 0xff, 0xee,
    0x3a, 0x1f, 0xff, 0xf0, 0xfb, 0xa, 0xf, 0xfe,
    0xfd, 0x87, 0xff, 0xfc, 0x3a, 0x9, 0x41, 0xff,
    0xc3, 0xc3, 0xff, 0xa3, 0xc1, 0xff, 0xff, 0x9,
    0xa, 0xf, 0xff, 0x1b, 0xa1, 0xff, 0xff, 0xc2,
    0x83, 0xff, 0xcd, 0x61, 0xff, 0xfd, 0x82, 0x50,
    0x7f, 0xf1, 0x50, 0xff, 0xeb, 0x70, 0x7f, 0xfe,
    0xd0, 0xa0, 0xff, 0xf5, 0x3a, 0x1f, 0xff, 0x8c,
    0x28, 0x3f, 0xfd, 0xb4, 0xf, 0xff, 0xb4, 0x12,
    0x83, 0xff, 0xdc, 0xff, 0xff, 0xd9, 0xa, 0xf,
    0xff, 0xf8, 0x7f, 0xfa, 0xa0, 0xff, 0xff, 0x87,
    0xff, 0xa9, 0x41, 0xff, 0xc8, 0x43, 0xff, 0xfe,
    0x1f, 0xfd, 0x58, 0x3f, 0xff, 0xe1, 0xff, 0xea,
    0x83, 0xff, 0x95, 0x87, 0xff, 0xfc, 0x3f, 0xfa,
    0x6a, 0xf, 0xff, 0xf8, 0x7f, 0xfa, 0xa0, 0xff,
    0xff, 0x87, 0xff, 0xa9, 0xf, 0xfe, 0x62, 0x1f,
    0xff, 0xf0, 0xff, 0xe9, 0x61, 0xff, 0xff, 0xf,
    0xff, 0xf8, 0x7f, 0xff, 0xc3, 0xff, 0xfe, 0x1f,
    0xff, 0xf0, 0xff, 0xe2, 0xa1, 0xff, 0xff, 0xf,
    0xff, 0xf8, 0x7f, 0xff, 0xc3, 0xff, 0xe0, 0x87,
    0xff, 0xfc, 0x3f, 0xff, 0xe1, 0xff, 0xff, 0xf,
    0xff, 0xf8, 0x7f, 0xff, 0xc3, 0xff, 0x8b, 0x87,
    0xff, 0xfc, 0x3f, 0xfa, 0x48, 0x7f, 0xff, 0xc3,
    0xff, 0xfe, 0x1f, 0xff, 0xf0, 0xff, 0xec, 0x61,
    0xff, 0xcc, 0x43, 0xff, 0xfe, 0x1f, 0xff, 0xf0,
    0xff, 0xff, 0x87, 0xff, 0xfc, 0x3f, 0xfe, 0xe8,
    0x7f, 0xff, 0xc3, 0xff, 0xfe, 0x1f, 0xff, 0xf0,
    0xff, 0xf8, 0x21, 0xff, 0xff, 0xf, 0xff, 0xf8,
    0x7f, 0xff, 0xc3, 0xff, 0xfe, 0x1f, 0xff, 0xf0,
    0xff, 0xe2, 0xe1, 0xff, 0xff, 0xf, 0xfe, 0x92,
    0x1f, 0xff, 0xf0, 0xff, 0xff, 0x87, 0xff, 0xfc,
    0x3f, 0xfe, 0x28, 0x7f, 0xff, 0xc3, 0xff, 0xa5,
    0x87, 0xff, 0xfc, 0x3f, 0xff, 0xe1, 0xff, 0xff,
    0xf, 0xff, 0xf8, 0x7f, 0xff, 0xc3, 0xff, 0x8a,
    0x87, 0xff, 0xfc, 0x3f, 0xff, 0xe1, 0xff, 0xff,
    0xf, 0xff, 0x82, 0x1f, 0xff, 0xf0, 0xff, 0xff,
    0x87, 0xff, 0xfc, 0x3f, 0xff, 0xe1, 0xff, 0xff,
    0xf, 0xfe, 0x2e, 0x1f, 0xff, 0xf0, 0xff, 0xe9,
    0x21, 0xff, 0xff, 0xf, 0xff, 0xf8, 0x72, 0x1f,
    0xff, 0xf0, 0xff, 0xe9, 0x61, 0xff, 0xff, 0xf,
    0xff, 0xf8, 0x7f, 0xff, 0xc3, 0xff, 0xfe, 0x1f,
    0xff, 0xf0, 0xff, 0xe2, 0xa1, 0xff, 0xff, 0xf,
    0xff, 0xf8, 0x7f, 0xff, 0xc3, 0xff, 0xe0, 0x87,
    0xff, 0xfc, 0x3f, 0xff, 0xe1, 0xff, 0xff, 0xf,
    0xff, 0xf8, 0x7f, 0xff, 0xc3, 0xff, 0x8b, 0x87,
    0xff, 0xfc, 0x3f, 0xfa, 0x48, 0x7f, 0xff, 0xc3,
    0xff, 0xfe, 0x1f, 0xff, 0xf0, 0xff, 0xf8, 0xa1,
    0xff, 0xff, 0xf, 0xfe, 0x96, 0x1f, 0xff, 0xf0,
    0xff, 0xff, 0x87, 0xff, 0xfc, 0x3f, 0xff, 0xe1,
    0xff, 0xff, 0xf, 0xff, 0xf8, 0x7f, 0xff, 0x6c,
    0x3f, 0xff, 0xe1, 0xff, 0xec, 0xe0, 0xff, 0xe4,
    0x21, 0xff, 0xff, 0xf, 0xfe, 0xb3, 0xa1, 0xff,
    0xff, 0xf, 0xff, 0x5d, 0x3, 0xff, 0x8b, 0x87,
    0xff, 0x62, 0xff, 0xff, 0xca, 0x1c, 0xf0, 0x7f,
    0xf9, 0xd4, 0x1f, 0xff, 0x9b, 0xf, 0x3a, 0x1f,
    0xfe, 0x58, 0x3f, 0xff, 0x9c, 0x1e, 0xa0, 0x7f,
    0xf0, 0x10, 0xff, 0xeb, 0x61, 0xff, 0xfe, 0x74,
    0x39, 0xd0, 0xff, 0xf0, 0x41, 0xff, 0xff, 0x4,
    0x87, 0xac, 0x3f, 0xfb, 0xe8, 0x7f, 0xff, 0xc2,
    0x43, 0xf7, 0x7, 0xff, 0x73, 0xf, 0xff, 0xf8,
    0x58, 0x64, 0x39, 0xd0, 0xff, 0xec, 0xc1, 0xff,
    0xff, 0xa, 0xd, 0xd0, 0x3d, 0x40, 0xff, 0xec,
    0x21, 0xff, 0xff, 0x9, 0x9, 0x3, 0xa1, 0xcf,
    0x8, 0x7f, 0xf4, 0xf0, 0xff, 0xff, 0x85, 0x86,
    0x83, 0x58, 0x79, 0xf0, 0x7f, 0xf4, 0xa0, 0xff,
    0xff, 0x85, 0x6, 0x83, 0xee, 0xf, 0x21, 0xff,
    0xd2, 0x43, 0xff, 0xfe, 0x12, 0x12, 0x83, 0xf3,
    0xa1, 0xff, 0xd6, 0xc3, 0xff, 0xfe, 0x16, 0x1a,
    0xf, 0xfa, 0x81, 0xff, 0xd4, 0x83, 0xff, 0xfe,
    0x14, 0x1a, 0xf, 0xfe, 0xb, 0xa1, 0xff, 0xd2,
    0x43, 0xff, 0xfe, 0x12, 0x12, 0x83, 0xff, 0x87,
    0x61, 0xff, 0xd0, 0xc3, 0xff, 0xfe, 0x16, 0x1a,
    0xf, 0xff, 0xc, 0x1f, 0xff, 0xf0, 0xa0, 0xd0,
    0x7f, 0xf8, 0x90, 0xff, 0xff, 0x84, 0x84, 0xa0,
    0xff, 0xf0, 0xe1, 0xff, 0xff, 0xb, 0xd, 0x7,
    0xff, 0x86, 0xf, 0xff, 0xf8, 0x50, 0x68, 0x3f,
    0xfc, 0x48, 0x7f, 0xff, 0xc2, 0x42, 0x50, 0x7f,
    0xf2, 0x10, 0xff, 0xe6, 0xc1, 0xff, 0xff, 0x6,
    0x1a, 0xf, 0xff, 0x1b, 0xa1, 0xff, 0xfe, 0x83,
    0x41, 0xff, 0xe6, 0xb0, 0xff, 0xfe, 0xa1, 0x28,
    0x3f, 0xf9, 0x58, 0x7f, 0xf4, 0x78, 0x3f, 0xff,
    0x58, 0x68, 0x3f, 0xfd, 0x4f, 0xff, 0xfe, 0x83,
    0x21, 0xff, 0xff, 0xf, 0xff, 0x5e, 0x1f, 0xfc,
    0xc4, 0x3f, 0xff, 0xe1, 0xff, 0xff, 0xf, 0xff,
    0xf8, 0x7f, 0xff, 0xc3, 0xff, 0xee, 0x87, 0xff,
    0xfc, 0x3f, 0xff, 0xe1, 0xff, 0xff, 0xf, 0xff,
    0x82, 0x1f, 0xff, 0xf0, 0xff, 0xff, 0x87, 0xff,
    0xfc, 0x3f, 0xff, 0xe1, 0xff, 0xff, 0xf, 0xfe,
    0x2e, 0x1f, 0xff, 0xf0, 0xff, 0xe9, 0x21, 0xff,
    0xff, 0xf, 0xff, 0xf8, 0x7f, 0xff, 0xc3, 0xff,
    0xb1, 0x87, 0xff, 0x31, 0xf, 0xff, 0xf8, 0x7f,
    0xff, 0xc3, 0xff, 0xfe, 0x1f, 0xff, 0xf0, 0xff,
    0xfb, 0xa1, 0xff, 0xff, 0xf, 0xff, 0xf8, 0x7f,
    0xff, 0xc3, 0xff, 0xfe, 0x1f, 0xff, 0xf0, 0xff,
    0xee, 0xa1, 0xff, 0xff, 0xf, 0xff, 0xf8, 0x7f,
    0xff, 0xc3, 0xff, 0xfe, 0x1f, 0xff, 0x74, 0x3f,
    0xf9, 0x98, 0x7f, 0xff, 0xc3, 0xff, 0xfe, 0x1f,
    0xff, 0xf0, 0xff, 0xff, 0x87, 0xff, 0xdf, 0xf,
    0xfe, 0x62, 0x1f, 0xff, 0xf0, 0xff, 0xff, 0x87,
    0xff, 0xfc, 0x3f, 0xe4, 0x3f, 0xff, 0xe1, 0xff,
    0xff, 0xf, 0xff, 0xf8, 0x7f, 0xff, 0xc3, 0xff,
    0xfe, 0x1f, 0xff, 0xf0, 0xff, 0xff, 0x87, 0xff,
    0x29, 0xf, 0xff, 0xf8, 0x7f, 0xff, 0xc3, 0xff,
    0xfe, 0x1f, 0xf2, 0x1f, 0xfc, 0xcc, 0x3f, 0xff,
    0xe1, 0xff, 0xff, 0xf, 0xff, 0xf8, 0x7f, 0xff,
    0xc3, 0xff, 0xef, 0x87, 0xff, 0x31, 0xf, 0xff,
    0xf8, 0x7f, 0xff, 0xc3, 0xff, 0xfe, 0x1f, 0xff,
    0xf0, 0xff, 0xfb, 0xa1, 0xff, 0xff, 0xf, 0xff,
    0xf8, 0x7f, 0xff, 0xc3, 0xff, 0xfe, 0x1f, 0xff,
    0xf0, 0xff, 0xee, 0xa1, 0xff, 0xff, 0xf, 0xff,
    0xf8, 0x7f, 0xff, 0xc3, 0xfe, 0x43, 0xff, 0xfe,
    0x1f, 0xff, 0xf0, 0xec, 0x3f, 0xff, 0xe1, 0xff,
    0xff, 0xf, 0xff, 0xf8, 0x7f, 0xd8, 0x7f, 0xff,
    0xc3, 0xff, 0xfe, 0x1c, 0x87, 0xff, 0xfc, 0x3f,
    0xff, 0xe1, 0xff, 0xff, 0xf, 0xf9, 0xf, 0xff,
    0xf8, 0x7f, 0xff, 0xc3, 0xff, 0xfe, 0x1f, 0xff,
    0xf0, 0xff, 0xff, 0x87, 0xff, 0xfc, 0x3f, 0xff,
    0xe1, 0xff, 0xca, 0x43, 0xff, 0xfe, 0x1f, 0xff,
    0xf0, 0xff, 0xff, 0x87, 0xfc, 0x87, 0xff, 0xfc,
    0x3f, 0xff, 0xe1, 0xd8, 0x7f, 0xff, 0xc3, 0xff,
    0xa5, 0x87, 0xff, 0xfc, 0x3f, 0xff, 0xe1, 0xc8,
    0x7f, 0xff, 0xc3, 0xff, 0xfe, 0x1f, 0xff, 0xf0,
    0xff, 0x90, 0xff, 0xff, 0x87, 0xff, 0xfc, 0x3f,
    0xff, 0xe1, 0xff, 0xff, 0xf, 0xfe, 0x37, 0xff,
    0xfd, 0x90, 0xfa, 0xf, 0xff, 0x5e, 0x1f, 0xff,
    0x6b, 0xf, 0x3a, 0x1f, 0xfc, 0x94, 0x3f, 0xfa,
    0x50, 0x7f, 0xfe, 0x78, 0x3d, 0x40, 0xff, 0xf3,
    0xa1, 0xff, 0xfa, 0x74, 0x39, 0xd0, 0xff, 0xf2,
    0x61, 0xff, 0xfd, 0xa0, 0x7a, 0xd0, 0xff, 0xe2,
    0x61, 0xff, 0xd0, 0x83, 0xff, 0xfe, 0xe8, 0x7a,
    0x81, 0xff, 0xe0, 0x43, 0xff, 0xfe, 0xb, 0x43,
    0x9d, 0xf, 0xfe, 0xee, 0x1f, 0xff, 0xf0, 0xea,
    0x7, 0xac, 0x3f, 0xf8, 0x8, 0x7f, 0xf3, 0xa0,
    0xff, 0xff, 0x87, 0xce, 0x87, 0xb8, 0x3f, 0xfb,
    0x28, 0x7f, 0xff, 0xc3, 0xfa, 0xc3, 0xce, 0x87,
    0xff, 0x5b, 0xf, 0xff, 0xf8, 0x7f, 0xf0, 0x38,
    0x3d, 0x61, 0xff, 0xd4, 0x83, 0xff, 0xfe, 0x1f,
    0xfc, 0x27, 0x43, 0xdc, 0x1f, 0xfd, 0x15, 0x7,
    0xff, 0xfc, 0x3f, 0xf8, 0x94, 0xf, 0x3a, 0x1f,
    0xfc, 0xf8, 0x3f, 0xff, 0xe1, 0xff, 0xc6, 0x78,
    0x3d, 0x41, 0xf, 0xfe, 0x5c, 0x1f, 0xff, 0xf0,
    0xff, 0xe4, 0xba, 0x1c, 0xf8, 0x3f, 0xf9, 0x4a,
    0xf, 0xff, 0xf8, 0x7f, 0xf2, 0xe8, 0x1e, 0x43,
    0xff, 0x95, 0x7, 0xff, 0xfc, 0x3f, 0xf9, 0xae,
    0x87, 0xff, 0x3a, 0xf, 0xff, 0xf8, 0x7f, 0xf4,
    0x2c, 0x3f, 0xf9, 0x8a, 0xf, 0xff, 0xf8, 0x7f,
    0xf4, 0xb8, 0x3f, 0xf9, 0x50, 0x7f, 0xff, 0xc3,
    0xff, 0xa8, 0xc1, 0xff, 0xc8, 0x83, 0xff, 0xfe,
    0x1f, 0xfd, 0x68, 0x3f, 0xf8, 0xea, 0xf, 0xff,
    0xf8, 0x7f, 0xf5, 0x50, 0xff, 0xe4, 0x41, 0xff,
    0xff, 0xf, 0xfe, 0xab, 0x7, 0xff, 0x1e, 0xf,
    0xff, 0xf8, 0x7f, 0xf5, 0x58, 0x3f, 0xf8, 0xea,
    0xf, 0xff, 0xf8, 0x7f, 0xf4, 0xde, 0xf, 0xfe,
    0x40,

    /* U+0034 "4" */
    0xf, 0xff, 0xf8, 0x7f, 0xff, 0xc3, 0xff, 0xfe,
    0x1f, 0xfd, 0x47, 0x83, 0xff, 0xfe, 0x1f, 0xfe,
    0xa8, 0x74, 0x3f, 0xff, 0xe1, 0xff, 0xe7, 0x83,
    0x48, 0x7f, 0xff, 0xc3, 0xff, 0xca, 0xa0, 0xe8,
    0x3f, 0xff, 0xe1, 0xff, 0xe5, 0x83, 0xff, 0xfe,
    0x1f, 0xfe, 0xb8, 0x3f, 0x21, 0xff, 0xff, 0xf,
    0xff, 0x12, 0x83, 0xff, 0xfe, 0x1f, 0xfe, 0xb8,
    0x3f, 0xff, 0xe1, 0xff, 0xeb, 0x83, 0xff, 0xfe,
    0x1f, 0xfe, 0xb5, 0x7, 0xf9, 0xf, 0x98, 0x3f,
    0xff, 0xe1, 0xff, 0xd7, 0x83, 0xff, 0x8f, 0xba,
    0x1f, 0xff, 0xf0, 0xff, 0xea, 0x41, 0xff, 0xcb,
    0xb0, 0xff, 0xff, 0x87, 0xff, 0x49, 0x41, 0xff,
    0xcd, 0xe0, 0xff, 0xff, 0x87, 0xff, 0x42, 0xf,
    0xfe, 0x4a, 0x1c, 0xe8, 0x7f, 0xff, 0xc3, 0xff,
    0x9b, 0x7, 0xff, 0x4a, 0xc3, 0xff, 0xfe, 0x1f,
    0xfc, 0xb5, 0x7, 0xff, 0x5, 0xf, 0xfe, 0x37,
    0x7, 0xff, 0xfc, 0x3f, 0xf9, 0x30, 0x7f, 0xf5,
    0x9d, 0xf, 0xff, 0xf8, 0x7f, 0xf1, 0xa0, 0xff,
    0xec, 0xd0, 0x3f, 0xff, 0xe1, 0xff, 0xc4, 0x50,
    0x7f, 0xf0, 0xf0, 0xff, 0xe5, 0x3a, 0x1f, 0xff,
    0xf0, 0xff, 0xe1, 0x41, 0xff, 0xcc, 0x43, 0xff,
    0x89, 0x68, 0x7f, 0xff, 0xc3, 0xfe, 0x83, 0xff,
    0xc1, 0x40, 0xff, 0xff, 0x87, 0xf2, 0x83, 0xff,
    0x8a, 0x87, 0xd8, 0x7f, 0xf1, 0xdd, 0xf, 0xff,
    0xf8, 0x7d, 0x7, 0xff, 0x92, 0xc3, 0xff, 0xfe,
    0x1d, 0x7, 0xff, 0x9f, 0xf, 0xff, 0xf8, 0x4a,
    0xf, 0xfe, 0x7a, 0x1f, 0xff, 0xf0, 0xff, 0xe7,
    0xc1, 0xff, 0xff, 0xf, 0xff, 0x5c, 0x1f, 0xfc,
    0x84, 0x3f, 0xff, 0xe1, 0xff, 0xd6, 0x50, 0x7f,
    0xff, 0xc3, 0xff, 0xd7, 0x7, 0xff, 0xa9, 0xf,
    0xff, 0xfc, 0x1f, 0xfc, 0xac, 0x3f, 0xff, 0xe1,
    0xff, 0xd4, 0x50, 0x7f, 0xf4, 0x90, 0xff, 0xff,
    0x87, 0xff, 0x32, 0xf, 0xff, 0x66, 0x1f, 0xff,
    0xd4, 0x3f, 0xf9, 0x88, 0x7f, 0xff, 0xc3, 0xff,
    0xa7, 0x87, 0xff, 0x53, 0xf, 0xff, 0xf8, 0x7f,
    0xff, 0xc3, 0xc8, 0x7f, 0xff, 0xc3, 0xff, 0xfe,
    0x1f, 0xfe, 0xb4, 0x3f, 0xfa, 0x88, 0x7f, 0xff,
    0xc3, 0xff, 0xfe, 0x1f, 0xff, 0xf0, 0xff, 0xe8,
    0xa1, 0xff, 0xff, 0xf, 0xff, 0xf8, 0x7f, 0xff,
    0xc3, 0xff, 0xf6, 0x87, 0xff, 0xfc, 0x3f, 0xf9,
    0x78, 0x7f, 0xff, 0xc3, 0xff, 0xa6, 0x87, 0xff,
    0x51, 0xf, 0xfe, 0x66, 0x1f, 0xff, 0xf0, 0xff,
    0xff, 0x87, 0xff, 0xaf, 0xf, 0xfe, 0x62, 0x1f,
    0xff, 0xf0, 0xff, 0xfa, 0x61, 0xff, 0xcc, 0x43,
    0xff, 0xfe, 0x1f, 0xff, 0xf0, 0xff, 0xf5, 0xa1,
    0xff, 0xd4, 0x43, 0xff, 0xfe, 0x1f, 0xff, 0xf0,
    0xff, 0xff, 0x87, 0xff, 0x45, 0xf, 0xff, 0xf8,
    0x7f, 0xff, 0xc3, 0xff, 0xfe, 0x1f, 0xff, 0xb4,
    0x3f, 0xff, 0xe1, 0xff, 0xcb, 0xc3, 0xff, 0xfe,
    0x1f, 0xfd, 0x34, 0x3f, 0xfa, 0x88, 0x7f, 0xff,
    0xc3, 0xff, 0xfe, 0x1e, 0xc3, 0xff, 0xfe, 0x1f,
    0xfc, 0xb4, 0x3f, 0xff, 0xe1, 0xff, 0xd3, 0xc3,
    0xff, 0xa9, 0x87, 0xff, 0x31, 0xf, 0xff, 0xf8,
    0x7f, 0xff, 0xc3, 0xff, 0xfe, 0x1f, 0xff, 0xf0,
    0xff, 0xec, 0xa1, 0xff, 0xd4, 0x43, 0xff, 0xfe,
    0x1f, 0xff, 0xf0, 0xff, 0xff, 0x87, 0xff, 0x45,
    0xf, 0xff, 0xf8, 0x7f, 0xff, 0xc3, 0xff, 0x84,
    0x87, 0xff, 0xfc, 0x3f, 0xff, 0xe1, 0xff, 0xff,
    0xe, 0xc3, 0xff, 0xfe, 0x1f, 0xfd, 0x34, 0x3f,
    0xfa, 0x88, 0x7f, 0xf3, 0x30, 0xff, 0xff, 0x87,
    0xff, 0x2d, 0xf, 0xff, 0xf8, 0x7f, 0xf4, 0xf0,
    0xff, 0xff, 0x87, 0xff, 0xfc, 0x3f, 0xf8, 0x58,
    0x7f, 0xf3, 0x10, 0xff, 0xff, 0x87, 0xff, 0xfc,
    0x3f, 0xfd, 0x68, 0x7f, 0xff, 0xc3, 0xff, 0xfe,
    0x1f, 0xfc, 0x24, 0x3f, 0xff, 0xe1, 0xff, 0xe3,
    0x43, 0xff, 0xfe, 0x1f, 0xff, 0xf0, 0xff, 0xe1,
    0x21, 0xff, 0xff, 0xf, 0xff, 0xf8, 0x7f, 0xff,
    0xc3, 0xb0, 0xff, 0xff, 0x87, 0xff, 0x4d, 0xf,
    0xfe, 0xa2, 0x1f, 0xfc, 0xcc, 0x3f, 0xff, 0xe1,
    0xff, 0xff, 0xf, 0xff, 0xf8, 0x72, 0x1f, 0xff,
    0xf0, 0xff, 0xe9, 0xe1, 0xff, 0xd4, 0xc3, 0xff,
    0x98, 0x87, 0xff, 0xfc, 0x3f, 0xff, 0xe1, 0xff,
    0xff, 0xf, 0xff, 0xf8, 0x7f, 0xf6, 0x70, 0xff,
    0xea, 0x21, 0xff, 0xff, 0xf, 0xfe, 0x5b, 0x87,
    0xff, 0xfc, 0x3f, 0xfd, 0xbc, 0x1f, 0xfc, 0x84,
    0x3f, 0xfa, 0x88, 0x7f, 0xff, 0xc0, 0xe8, 0x7f,
    0xff, 0xc3, 0xff, 0xd9, 0x61, 0xff, 0xc5, 0xc3,
    0xff, 0xa9, 0x86, 0xbf, 0xff, 0xf2, 0x87, 0xb8,
    0x3f, 0xfc, 0x6a, 0x9, 0x41, 0xff, 0xf9, 0xb0,
    0xf3, 0xa1, 0xff, 0xc9, 0x43, 0xff, 0x97, 0x6,
    0x83, 0xff, 0xf9, 0xc1, 0xea, 0x7, 0xff, 0x1,
    0xf, 0xfe, 0x94, 0x1b, 0xf, 0xff, 0xf3, 0xa1,
    0xce, 0x87, 0xff, 0x71, 0x41, 0x41, 0xff, 0xff,
    0x4, 0x87, 0xac, 0x3f, 0xf8, 0xb8, 0x7f, 0xf2,
    0x60, 0xc8, 0x7f, 0xff, 0xc2, 0x43, 0xf7, 0x7,
    0xff, 0x62, 0xd, 0x87, 0xff, 0xfc, 0x2c, 0x32,
    0x1c, 0xe8, 0x7f, 0xf5, 0x54, 0x14, 0x1f, 0xff,
    0xf0, 0xa0, 0xdd, 0x3, 0xd6, 0x1f, 0xfc, 0x4,
    0x3f, 0xf8, 0xf0, 0x64, 0x3f, 0xff, 0xe1, 0x21,
    0x20, 0x74, 0x3d, 0xc2, 0x1f, 0xfc, 0xf8, 0x36,
    0x1f, 0xff, 0xf0, 0xb0, 0xd0, 0x6b, 0xf, 0x3e,
    0xf, 0xfe, 0x72, 0x82, 0x83, 0xff, 0xfe, 0x14,
    0x1b, 0xf, 0xb8, 0x3c, 0x87, 0xed, 0xf, 0xfe,
    0x24, 0x19, 0xf, 0xff, 0xf8, 0x48, 0x48, 0x7f,
    0x3a, 0x1f, 0xfc, 0x2b, 0xf, 0xfe, 0x14, 0x1b,
    0xf, 0xff, 0xf8, 0x58, 0x68, 0x3f, 0xea, 0x7,
    0xff, 0xf, 0x83, 0xfe, 0x50, 0x50, 0x7f, 0xff,
    0xc2, 0x83, 0x41, 0xff, 0xc1, 0x74, 0x3f, 0xf8,
    0x4e, 0x87, 0xf4, 0x19, 0xf, 0xff, 0xf8, 0x48,
    0x4a, 0xf, 0xfe, 0x1d, 0x87, 0xff, 0xe, 0x81,
    0xf4, 0x1b, 0xf, 0xff, 0xf8, 0x58, 0x68, 0x3f,
    0xfa, 0xcf, 0x6, 0x50, 0x50, 0x7f, 0xff, 0xc2,
    0x83, 0x41, 0xff, 0xd9, 0x74, 0x10, 0x64, 0x3f,
    0xff, 0xe1, 0x21, 0x28, 0x3f, 0xfb, 0x75, 0x6,
    0xc3, 0xff, 0xfe, 0x16, 0x1a, 0xf, 0xfe, 0xea,
    0x82, 0x83, 0xff, 0xfe, 0x14, 0x1a, 0xf, 0xff,
    0x1a, 0x1f, 0xff, 0xf0, 0x90, 0x94, 0x1f, 0xfc,
    0x84, 0x3f, 0xf9, 0xd0, 0x7f, 0xff, 0xc1, 0x86,
    0x83, 0xff, 0xc8, 0xe8, 0x7f, 0xff, 0xa0, 0xd0,
    0x7f, 0xf9, 0xec, 0x3f, 0xff, 0xa8, 0x4a, 0xf,
    0xfe, 0x56, 0x1f, 0xfd, 0x2e, 0xf, 0xff, 0xd6,
    0x1a, 0xf, 0xff, 0x5b, 0xff, 0xff, 0xa0, 0xc8,
    0x7f, 0xff, 0xc3, 0xff, 0xd9, 0x87, 0xff, 0x31,
    0xf, 0xff, 0xf8, 0x7f, 0xff, 0xc3, 0xff, 0xfe,
    0x1f, 0xff, 0xf0, 0xff, 0xfd, 0x21, 0xff, 0xff,
    0xf, 0xff, 0xf8, 0x7f, 0xff, 0xc3, 0xff, 0xe4,
    0x87, 0xff, 0xfc, 0x3f, 0xff, 0xe1, 0xff, 0xff,
    0xf, 0xff, 0xf8, 0x7f, 0xfe, 0x90, 0xff, 0xe6,
    0x61, 0xff, 0xff, 0xf, 0xff, 0xf8, 0x7f, 0xff,
    0xc3, 0xff, 0xfe, 0x1f, 0xff, 0xac, 0x3f, 0xf9,
    0x88, 0x7f, 0xff, 0xc3, 0xff, 0xfe, 0x1f, 0xff,
    0xf0, 0xff, 0xff, 0x87, 0xff, 0xe9, 0xf, 0xff,
    0xf8, 0x7f, 0xff, 0xc3, 0xff, 0xfe, 0x1f, 0xff,
    0xf0, 0xff, 0xff, 0x87, 0xff, 0x81, 0xf, 0xff,
    0xf8, 0x7f, 0xff, 0xc3, 0xff, 0xfe, 0x1f, 0xff,
    0xf0, 0xff, 0xfd, 0x21, 0xff, 0xcc, 0xc3, 0xff,
    0xfe, 0x1f, 0xff, 0xf0, 0xff, 0xff, 0x87, 0xff,
    0xfc, 0x3f, 0xff, 0x58, 0x7f, 0xf3, 0x10, 0xff,
    0xff, 0x87, 0xff, 0xfc, 0x3f, 0xff, 0xe1, 0xff,
    0xc1, 0x43, 0xff, 0xfe, 0x1f, 0xff, 0xf0, 0xff,
    0xff, 0x87, 0xff, 0xfc, 0x3f, 0xff, 0xe1, 0xff,
    0xe0, 0x43, 0xff, 0xfe, 0x1f, 0xff, 0xf0, 0xff,
    0xff, 0x87, 0xff, 0xfc, 0x3f, 0xff, 0x48, 0x7f,
    0xf3, 0x30, 0xff, 0xff, 0x87, 0xff, 0xfc, 0x3f,
    0xff, 0xe1, 0xff, 0xff, 0xf, 0xff, 0xd6, 0x1f,
    0xfc, 0xc4, 0x3f, 0xff, 0xe1, 0xff, 0xff, 0xf,
    0xff, 0xf8, 0x7f, 0xff, 0xc3, 0xff, 0xf4, 0x87,
    0xff, 0xfc, 0x3f, 0xff, 0xe1, 0xff, 0xff, 0xf,
    0xff, 0xf8, 0x7f, 0xff, 0xc3, 0xff, 0xc0, 0x87,
    0xff, 0xfc, 0x3f, 0xff, 0xe1, 0xff, 0xff, 0xf,
    0xfe, 0xa, 0x1f, 0xff, 0xf0, 0xff, 0xff, 0x87,
    0xb0, 0xff, 0xff, 0x87, 0xff, 0xfc, 0x3f, 0xff,
    0xe1, 0xff, 0xc1, 0xc3, 0xff, 0xfe, 0x1f, 0xff,
    0xf0, 0xf2, 0x1f, 0xff, 0xf0, 0xff, 0xff, 0x87,
    0xff, 0xfc, 0x3f, 0xf8, 0x28, 0x7f, 0xff, 0xc3,
    0xff, 0xfe, 0x1f, 0xff, 0xf0, 0xff, 0xff, 0x87,
    0xff, 0xfc, 0x3f, 0xfc, 0x8, 0x7f, 0xff, 0xc3,
    0xff, 0xfe, 0x1f, 0xff, 0xf0, 0xff, 0xe0, 0xa1,
    0xff, 0xff, 0xf, 0xff, 0xf8, 0x7b, 0xf, 0xff,
    0xf8, 0x7f, 0xff, 0xc3, 0xff, 0xfe, 0x1f, 0xfc,
    0x1c, 0x3f, 0xff, 0xe1, 0xff, 0xff, 0xf, 0x21,
    0xff, 0xff, 0xf, 0xff, 0xf8, 0x7f, 0xff, 0xc3,
    0xff, 0x82, 0x87, 0xff, 0xfc, 0x3f, 0xff, 0xe1,
    0xff, 0xff, 0xf, 0xff, 0xf8, 0x7f, 0xff, 0xc3,
    0xff, 0x91, 0x87, 0xff, 0xfc, 0x3f, 0xfd, 0xbc,
    0x1f, 0xfc, 0x94, 0x3f, 0xff, 0xe1, 0xff, 0xd6,
    0x74, 0x3f, 0xff, 0xe1, 0xff, 0xec, 0xa0, 0x7f,
    0xff, 0xc3, 0xff, 0xd8, 0xe8, 0x7f, 0xf1, 0x30,
    0xff, 0xff, 0x87, 0xff, 0x6e, 0xd0, 0xff, 0xff,
    0x87, 0xff, 0xb2, 0x81, 0xff, 0xff, 0xf, 0xff,
    0x63, 0xa1, 0xff, 0x21, 0xff, 0xff, 0xf, 0xff,
    0x5, 0x87, 0xff, 0xfc, 0x3f, 0xfd, 0xbc, 0x1f,
    0xff, 0xf0, 0xff, 0xf6, 0x3a, 0x1f, 0xff, 0xf0,
    0xff, 0xf6, 0x50, 0x3f, 0xff, 0xe1, 0xff, 0xec,
    0x78, 0x3f, 0xff, 0xe1, 0xff, 0xec, 0x75, 0x7,
    0xff, 0xfc, 0x3f, 0xfd, 0x74, 0xf, 0xfe, 0x20,

    /* U+0035 "5" */
    0xf, 0xfe, 0xb, 0x7f, 0xff, 0xff, 0xff, 0xfa,
    0x68, 0x7f, 0xf0, 0x5e, 0x43, 0xff, 0xfe, 0x1f,
    0xfd, 0x34, 0x3f, 0xf8, 0xc, 0x1f, 0xff, 0xf0,
    0xff, 0xea, 0xe1, 0xff, 0xc0, 0x60, 0xff, 0xff,
    0x87, 0xff, 0x56, 0xf, 0xfe, 0xc, 0x1f, 0xff,
    0xf0, 0xff, 0xeb, 0x21, 0xff, 0xc0, 0x43, 0xff,
    0xfe, 0x1f, 0xfd, 0x6c, 0x3f, 0xf8, 0x2c, 0x1f,
    0xff, 0xf0, 0xff, 0xea, 0x41, 0xff, 0xc3, 0x74,
    0x3f, 0xff, 0xe1, 0xff, 0xd2, 0x43, 0xff, 0x8b,
    0x40, 0xff, 0xff, 0x87, 0xff, 0x43, 0xf, 0xfe,
    0x3b, 0xa1, 0xff, 0xff, 0xf, 0xfe, 0x6c, 0x1f,
    0xfc, 0xab, 0xf, 0xff, 0xf8, 0x7f, 0xf3, 0x10,
    0xff, 0xe1, 0xda, 0x1e, 0xe0, 0xff, 0xff, 0x87,
    0xff, 0x27, 0xf, 0xfe, 0x35, 0x87, 0x9d, 0xf,
    0xff, 0xf8, 0x7f, 0xf1, 0xa0, 0xff, 0xe4, 0xf0,
    0x7a, 0xc3, 0xff, 0xfe, 0x1f, 0xfc, 0x54, 0x3f,
    0xf8, 0xa8, 0x67, 0x43, 0xdc, 0x1f, 0xff, 0xf0,
    0xff, 0xe1, 0x61, 0xff, 0xcd, 0xa0, 0x79, 0xd0,
    0xff, 0xff, 0x87, 0xfd, 0x7, 0xff, 0x3d, 0xe0,
    0xf5, 0x3, 0xff, 0xfe, 0x1f, 0xe4, 0x3f, 0xfa,
    0x2e, 0x87, 0x3a, 0x1f, 0xff, 0xf0, 0xfb, 0xf,
    0xfe, 0xa5, 0x3, 0xd6, 0x1f, 0xff, 0xf0, 0xe8,
    0x3f, 0xfa, 0xce, 0x87, 0xb8, 0x3f, 0xff, 0xe1,
    0x21, 0xff, 0xc8, 0x43, 0xff, 0x87, 0x68, 0x73,
    0xa1, 0xff, 0xff, 0xc3, 0xff, 0xb7, 0x40, 0xf5,
    0x87, 0xff, 0xf6, 0xf, 0xfe, 0xeb, 0xa1, 0xee,
    0xf, 0xff, 0xda, 0x1f, 0xfc, 0xac, 0x3f, 0xf9,
    0x16, 0x1e, 0x74, 0x3f, 0xff, 0x18, 0x7f, 0xf8,
    0xb8, 0x3d, 0x40, 0xff, 0xfb, 0x41, 0xff, 0xe4,
    0x43, 0xe7, 0xff, 0xfe, 0xc8, 0x7f, 0xf3, 0x10,
    0xff, 0xff, 0x87, 0xff, 0xfc, 0x3f, 0xff, 0xe1,
    0xff, 0xff, 0xf, 0xff, 0xf8, 0x7f, 0xff, 0xc3,
    0xff, 0xf2, 0x87, 0xff, 0xfc, 0x3f, 0xff, 0xe1,
    0xff, 0xfc, 0x43, 0xff, 0xfe, 0x1f, 0xff, 0xdc,
    0x3f, 0xff, 0xe1, 0xff, 0xcb, 0xc3, 0xff, 0xfe,
    0x1f, 0xff, 0xd4, 0x3f, 0xff, 0xe1, 0xff, 0xff,
    0xf, 0xff, 0xe2, 0x1f, 0xff, 0xf0, 0xff, 0xff,
    0x87, 0xff, 0xfc, 0x3f, 0xff, 0xe1, 0xff, 0xff,
    0xf, 0xff, 0xf8, 0x7f, 0xfe, 0x50, 0xff, 0xff,
    0x87, 0xff, 0xfc, 0x3f, 0xff, 0x88, 0x7f, 0xff,
    0xc3, 0xff, 0xfb, 0x87, 0xff, 0xfc, 0x3f, 0xff,
    0xe1, 0xff, 0xfc, 0xc3, 0xff, 0xfe, 0x1f, 0xff,
    0xd4, 0x3f, 0xff, 0xe1, 0xff, 0xff, 0xf, 0xff,
    0xe2, 0x1f, 0xff, 0xf0, 0xff, 0xff, 0x87, 0xff,
    0xfc, 0x3f, 0xff, 0xe1, 0xff, 0xff, 0xf, 0xfe,
    0x42, 0x1f, 0xff, 0xf0, 0xff, 0xff, 0x87, 0xff,
    0xf1, 0xf, 0xff, 0xf8, 0x7f, 0xff, 0x70, 0xff,
    0xff, 0x87, 0xff, 0xfc, 0x3f, 0xff, 0x98, 0x7f,
    0xff, 0xc3, 0xff, 0xfa, 0x87, 0xff, 0xfc, 0x3f,
    0xff, 0xe1, 0xff, 0xfc, 0x43, 0xff, 0xfe, 0x1f,
    0xff, 0xf0, 0xff, 0xff, 0x87, 0xff, 0xfc, 0x3f,
    0xff, 0xe1, 0xff, 0xc8, 0x43, 0xff, 0xfe, 0x1f,
    0xff, 0xf0, 0xff, 0xff, 0x87, 0xff, 0xfc, 0x3f,
    0xfc, 0x48, 0x7f, 0xf3, 0x30, 0xff, 0xff, 0x87,
    0xff, 0xfc, 0x3f, 0xff, 0xe1, 0xff, 0xff, 0xf,
    0xff, 0x16, 0x1f, 0xfc, 0xc4, 0x3f, 0xff, 0xe1,
    0xff, 0xff, 0xf, 0xff, 0xf8, 0x7f, 0xff, 0xc3,
    0xff, 0xc4, 0x87, 0xff, 0xfc, 0x3f, 0xff, 0xe1,
    0xff, 0xff, 0xf, 0xff, 0x12, 0x1f, 0xff, 0xf0,
    0xff, 0xff, 0x87, 0xff, 0xfc, 0x3f, 0xff, 0xe1,
    0xff, 0xe2, 0x43, 0xff, 0x99, 0x87, 0xff, 0xfc,
    0x3f, 0xff, 0xe1, 0xff, 0xff, 0xf, 0xff, 0xf8,
    0x7f, 0xf8, 0xb0, 0xff, 0xe6, 0x21, 0xff, 0xff,
    0xf, 0xff, 0xf8, 0x7f, 0xff, 0xc3, 0xff, 0xfe,
    0x1f, 0xfe, 0x24, 0x3f, 0xff, 0xe1, 0xff, 0xff,
    0xf, 0xff, 0xf8, 0x7f, 0xf8, 0x90, 0xff, 0xff,
    0x87, 0xff, 0xfc, 0x3f, 0xff, 0xe1, 0xff, 0xca,
    0xc3, 0x5f, 0xff, 0xf9, 0x43, 0xff, 0xc8, 0x84,
    0xa0, 0xff, 0xfc, 0xd8, 0x7f, 0xf2, 0x90, 0xff,
    0xe5, 0xe1, 0xa0, 0xff, 0xfe, 0x70, 0x7f, 0xf7,
    0xe0, 0xd8, 0x7f, 0xff, 0x9d, 0xf, 0xfe, 0xe2,
    0x82, 0x83, 0xff, 0xfe, 0x9, 0xf, 0xfe, 0x2e,
    0x1f, 0xfc, 0x98, 0x32, 0x1f, 0xff, 0xf0, 0x90,
    0xff, 0xed, 0x41, 0xb0, 0xff, 0xff, 0x85, 0x86,
    0x43, 0xff, 0xaa, 0xa0, 0xa0, 0xff, 0xff, 0x85,
    0x6, 0xe8, 0x1f, 0xfc, 0x4, 0x3f, 0xf8, 0xf0,
    0x64, 0x3f, 0xff, 0xe1, 0x21, 0x20, 0x74, 0x3f,
    0xfa, 0x30, 0x6c, 0x3f, 0xff, 0xe1, 0x61, 0xa0,
    0xd6, 0x1f, 0xfc, 0xf5, 0x5, 0x7, 0xff, 0xfc,
    0x28, 0x34, 0x1f, 0x70, 0x7d, 0xa1, 0xff, 0xc4,
    0x83, 0x21, 0xff, 0xff, 0x9, 0x9, 0x41, 0xf9,
    0xd0, 0xf5, 0x87, 0xff, 0xa, 0xd, 0x87, 0xff,
    0xfc, 0x2c, 0x34, 0x1f, 0xf5, 0x3, 0xee, 0xf,
    0xf9, 0x41, 0x41, 0xff, 0xff, 0xa, 0xd, 0x7,
    0xff, 0x5, 0xd0, 0xf3, 0xa1, 0xfd, 0x6, 0x43,
    0xff, 0xfe, 0x12, 0x12, 0x83, 0xff, 0x87, 0x61,
    0xf5, 0x3, 0xe8, 0x36, 0x1f, 0xff, 0xf0, 0xb0,
    0xd0, 0x7f, 0xf3, 0x9e, 0xc, 0xa0, 0xa0, 0xff,
    0xff, 0x85, 0x6, 0x83, 0xff, 0xa2, 0xe8, 0x20,
    0xc8, 0x7f, 0xff, 0xc2, 0x42, 0x50, 0x7f, 0xf4,
    0xea, 0xd, 0x87, 0xff, 0xfc, 0x2c, 0x34, 0x1f,
    0xfd, 0x55, 0x5, 0x7, 0xff, 0xfc, 0x28, 0x34,
    0x1f, 0xfd, 0xb4, 0x3f, 0xff, 0xe1, 0x21, 0x28,
    0x3f, 0xf9, 0x8, 0x7f, 0xf1, 0xa0, 0xff, 0xff,
    0x83, 0xd, 0x7, 0xff, 0x71, 0xd0, 0xff, 0xff,
    0x41, 0xa0, 0xff, 0xef, 0xd8, 0x7f, 0xff, 0x50,
    0x94, 0x1f, 0xfc, 0xac, 0x3f, 0xf9, 0x5c, 0x1f,
    0xff, 0xac, 0x34, 0x1f, 0xfe, 0x37, 0xff, 0xff,
    0x41, 0x90, 0xff, 0xff, 0x87, 0xff, 0x93, 0xf,
    0xfe, 0x62, 0x1f, 0xff, 0xf0, 0xff, 0xff, 0x87,
    0xff, 0xfc, 0x3f, 0xff, 0xe1, 0xff, 0xe2, 0x43,
    0xff, 0xfe, 0x1f, 0xff, 0xf0, 0xff, 0xff, 0x87,
    0xff, 0x89, 0xf, 0xff, 0xf8, 0x7f, 0xff, 0xc3,
    0xff, 0xfe, 0x1f, 0xff, 0xf0, 0xff, 0xfd, 0xe1,
    0xff, 0xff, 0xf, 0xfe, 0x5a, 0x1f, 0xff, 0xf0,
    0xff, 0xff, 0x87, 0xff, 0xfc, 0x3f, 0xf9, 0x58,
    0x7f, 0xf3, 0x10, 0xff, 0xff, 0x87, 0xff, 0xfc,
    0x3f, 0xff, 0xe1, 0xff, 0xff, 0xf, 0xff, 0x12,
    0x1f, 0xff, 0xf0, 0xff, 0xff, 0x87, 0xff, 0xfc,
    0x3f, 0xff, 0xe1, 0xff, 0xff, 0xf, 0xfe, 0x42,
    0x1f, 0xff, 0xf0, 0xff, 0xff, 0x87, 0xff, 0xfc,
    0x3f, 0xff, 0xe1, 0xff, 0xe2, 0x43, 0xff, 0x99,
    0x87, 0xff, 0xfc, 0x3f, 0xff, 0xe1, 0xff, 0xff,
    0xf, 0xff, 0xf8, 0x7f, 0xf8, 0xb0, 0xff, 0xe6,
    0x21, 0xff, 0xff, 0xf, 0xff, 0xf8, 0x7f, 0xff,
    0x10, 0xff, 0xff, 0x87, 0xff, 0xfc, 0x3f, 0xff,
    0xe1, 0xff, 0xff, 0xf, 0xff, 0xf8, 0x7f, 0xff,
    0xc3, 0xff, 0xf2, 0x87, 0xff, 0xfc, 0x3f, 0xff,
    0xe1, 0xff, 0xfc, 0x43, 0xff, 0x99, 0x87, 0xff,
    0xfc, 0x3f, 0xff, 0xe1, 0xff, 0xff, 0xf, 0xff,
    0xf8, 0x7f, 0xf8, 0xb0, 0xff, 0xe6, 0x21, 0xff,
    0xff, 0xf, 0xff, 0xf8, 0x7f, 0xff, 0xc3, 0xff,
    0xfe, 0x1f, 0xfe, 0x24, 0x3f, 0xff, 0xe1, 0xff,
    0xff, 0xf, 0xff, 0xf8, 0x7f, 0xff, 0xc3, 0xff,
    0xfe, 0x1f, 0xfc, 0x84, 0x3f, 0xff, 0xe1, 0xff,
    0xff, 0xf, 0xff, 0xe2, 0x1f, 0xff, 0xf0, 0xff,
    0xfe, 0xe1, 0xff, 0xff, 0xf, 0xff, 0xf8, 0x7f,
    0xff, 0x30, 0xff, 0xff, 0x87, 0xff, 0xf5, 0xf,
    0xff, 0xf8, 0x7f, 0xff, 0xc3, 0xff, 0xf8, 0x87,
    0xff, 0xfc, 0x3f, 0xff, 0xe1, 0xff, 0xff, 0xf,
    0xff, 0xf8, 0x7f, 0xff, 0xc3, 0xff, 0xfe, 0x1f,
    0xff, 0x94, 0x3f, 0xff, 0xe1, 0xff, 0xff, 0xf,
    0xff, 0xe2, 0x1f, 0xff, 0xf0, 0xff, 0xfe, 0xe1,
    0xff, 0xff, 0xf, 0xfe, 0x5e, 0x1f, 0xff, 0xf0,
    0xff, 0xfe, 0xa1, 0xff, 0xff, 0xf, 0xff, 0xf8,
    0x7f, 0xff, 0x10, 0xff, 0xff, 0x87, 0xff, 0xfc,
    0x3f, 0xff, 0xe1, 0xff, 0xfc, 0xff, 0xff, 0xb2,
    0x1f, 0x41, 0xff, 0xe4, 0xc3, 0xff, 0xed, 0x61,
    0xe7, 0x43, 0xff, 0x92, 0x87, 0xff, 0x2e, 0xf,
    0xff, 0xcf, 0x7, 0xa8, 0x1f, 0xfe, 0x4, 0x3f,
    0xff, 0x4e, 0x87, 0x3a, 0x1f, 0xfd, 0xdc, 0x3f,
    0xff, 0xb4, 0xf, 0x5a, 0x1f, 0xfc, 0x4c, 0x3f,
    0xf9, 0x30, 0x7f, 0xff, 0xdd, 0xf, 0x50, 0x3f,
    0xfb, 0x28, 0x7f, 0xff, 0xc1, 0x68, 0x73, 0xa1,
    0xff, 0xd6, 0xc3, 0xff, 0xfe, 0x1d, 0x40, 0xf5,
    0x87, 0xff, 0x1, 0xf, 0xfe, 0x3c, 0x1f, 0xff,
    0xf0, 0xf9, 0xd0, 0xf7, 0x7, 0xff, 0x49, 0xf,
    0xff, 0xf8, 0x7f, 0x58, 0x79, 0xd0, 0xff, 0xe7,
    0xe1, 0xff, 0xff, 0xf, 0xfe, 0x7, 0x7, 0xac,
    0x3f, 0xf9, 0xb0, 0x7f, 0xff, 0xc3, 0xff, 0x84,
    0xe8, 0x7b, 0x83, 0xff, 0x94, 0xa0, 0xff, 0xff,
    0x87, 0xff, 0x12, 0x81, 0xe7, 0x43, 0xff, 0x91,
    0x7, 0xff, 0xfc, 0x3f, 0xf8, 0xcf, 0x7, 0xa8,
    0x21, 0xff, 0xc4, 0x83, 0xff, 0xfe, 0x1f, 0xfc,
    0x97, 0x43, 0x9f, 0x7, 0xff, 0xd, 0x41, 0xff,
    0xff, 0xf, 0xfe, 0x5d, 0x3, 0xc8, 0x7f, 0xf0,
    0xe0, 0xff, 0xff, 0x87, 0xff, 0x35, 0xd0, 0xff,
    0xe3, 0xc1, 0xff, 0xff, 0xf, 0xfe, 0x85, 0x87,
    0xff, 0x15, 0x41, 0xff, 0xff, 0xf, 0xfe, 0x97,
    0x7, 0xff, 0xe, 0xf, 0xff, 0xf8, 0x7f, 0xf5,
    0x18, 0x3f, 0xf8, 0x30, 0x7f, 0xff, 0xc3, 0xff,
    0xad, 0x7, 0xff, 0x1, 0x41, 0xff, 0xff, 0xf,
    0xfe, 0xaa, 0x1f, 0xfc, 0x18, 0x3f, 0xff, 0xe1,
    0xff, 0xd5, 0x60, 0xff, 0xe0, 0x41, 0xff, 0xff,
    0xf, 0xfe, 0xab, 0x7, 0xff, 0x1, 0x41, 0xff,
    0xff, 0xf, 0xfe, 0x9b, 0xc1, 0xff, 0xc0,

    /* U+0036 "6" */
    0xf, 0xfe, 0x53, 0x7f, 0xff, 0xff, 0xff, 0xfa,
    0x68, 0x7f, 0xf2, 0x9e, 0x43, 0xff, 0xfe, 0x1f,
    0xfd, 0x34, 0x3f, 0xf9, 0x2c, 0x1f, 0xff, 0xf0,
    0xff, 0xea, 0xe1, 0xff, 0xc9, 0x60, 0xff, 0xff,
    0x87, 0xff, 0x56, 0xf, 0xfe, 0x54, 0x1f, 0xff,
    0xf0, 0xff, 0xeb, 0x21, 0xff, 0xc9, 0x43, 0xff,
    0xfe, 0x1f, 0xfd, 0x6c, 0x3f, 0xf9, 0x4c, 0x1f,
    0xff, 0xf0, 0xff, 0xea, 0x41, 0xff, 0xcc, 0x74,
    0x3f, 0xff, 0xe1, 0xff, 0xd2, 0x43, 0xff, 0x9d,
    0x40, 0xff, 0xff, 0x87, 0xff, 0x43, 0xf, 0xfe,
    0x83, 0xa1, 0xff, 0xff, 0xf, 0xfe, 0x6c, 0x1f,
    0xfd, 0x3b, 0xf, 0xff, 0xf8, 0x7f, 0xf3, 0x10,
    0xff, 0xe6, 0x5a, 0x1e, 0xe0, 0xff, 0xff, 0x87,
    0xff, 0x27, 0xf, 0xfe, 0x7d, 0x87, 0x9d, 0xf,
    0xff, 0xf8, 0x7f, 0xf1, 0xa0, 0xff, 0xe9, 0x70,
    0x7a, 0xc3, 0xff, 0xfe, 0x1f, 0xfc, 0x54, 0x3f,
    0xf9, 0xc8, 0x67, 0x43, 0xdc, 0x1f, 0xff, 0xf0,
    0xff, 0xe1, 0x61, 0xff, 0xd6, 0xa0, 0x79, 0xd0,
    0xff, 0xff, 0x87, 0xfd, 0x7, 0xff, 0x61, 0xe0,
    0xf5, 0x3, 0xff, 0xfe, 0x1f, 0xe4, 0x3f, 0xfb,
    0x4e, 0x87, 0x3a, 0x1f, 0xff, 0xf0, 0xfb, 0xf,
    0xfe, 0xed, 0x3, 0xd6, 0x1f, 0xff, 0xf0, 0xe8,
    0x3f, 0xfb, 0xee, 0x87, 0xb8, 0x3f, 0xff, 0xe1,
    0x21, 0xff, 0xd1, 0x43, 0xff, 0x87, 0x68, 0x73,
    0xa1, 0xff, 0xff, 0xc3, 0xff, 0xc9, 0x40, 0xf5,
    0x87, 0xff, 0xf6, 0xf, 0xff, 0x33, 0xa1, 0xee,
    0xf, 0xff, 0xda, 0x1f, 0xfd, 0x3c, 0x3f, 0xf9,
    0x16, 0x1e, 0x74, 0x3f, 0xff, 0x18, 0x7f, 0xfa,
    0xf8, 0x3d, 0x40, 0xff, 0xfb, 0x41, 0xff, 0xed,
    0x43, 0xe7, 0xff, 0xfe, 0xc8, 0x7f, 0xf5, 0x50,
    0xff, 0xff, 0x87, 0xff, 0xfc, 0x3f, 0xff, 0xe1,
    0xff, 0xff, 0xf, 0xff, 0xf8, 0x7f, 0xff, 0xc3,
    0xff, 0xfe, 0x1f, 0xfd, 0x24, 0x3f, 0xff, 0xe1,
    0xff, 0xff, 0xf, 0xff, 0xf8, 0x7f, 0xf0, 0xd0,
    0xff, 0xff, 0x87, 0xff, 0xfc, 0x3e, 0xc3, 0xff,
    0xfe, 0x1f, 0xfd, 0x4c, 0x3f, 0xff, 0xe1, 0xff,
    0xff, 0xf, 0x90, 0xff, 0xff, 0x87, 0xff, 0xfc,
    0x3f, 0xff, 0xe1, 0xff, 0xc3, 0x43, 0xff, 0xfe,
    0x1f, 0xff, 0xf0, 0xff, 0xff, 0x87, 0xff, 0xfc,
    0x3f, 0xff, 0xe1, 0xff, 0xff, 0xf, 0xff, 0xf8,
    0x7f, 0xf4, 0x90, 0xff, 0xff, 0x87, 0xff, 0xfc,
    0x3f, 0xff, 0xe1, 0xff, 0xc3, 0x43, 0xff, 0xfe,
    0x1f, 0xff, 0xf0, 0xfb, 0xf, 0xff, 0xf8, 0x7f,
    0xff, 0xc3, 0xff, 0xfe, 0x1f, 0xfc, 0x3c, 0x3f,
    0xff, 0xe1, 0xff, 0xff, 0xf, 0x90, 0xff, 0xff,
    0x87, 0xff, 0xfc, 0x3f, 0xff, 0xe1, 0xff, 0xc3,
    0x43, 0xff, 0xfe, 0x1f, 0xff, 0xf0, 0xff, 0xff,
    0x87, 0xff, 0xfc, 0x3f, 0xff, 0xe1, 0xff, 0xe3,
    0x43, 0xff, 0xfe, 0x1f, 0xff, 0xf0, 0xff, 0xff,
    0x87, 0xff, 0xd, 0xf, 0xff, 0xf8, 0x7f, 0xff,
    0xc3, 0xec, 0x3f, 0xff, 0xe1, 0xff, 0xff, 0xf,
    0xff, 0xf8, 0x7f, 0xf0, 0xf0, 0xff, 0xff, 0x87,
    0xff, 0xfc, 0x3e, 0x43, 0xff, 0xfe, 0x1f, 0xff,
    0xf0, 0xff, 0xff, 0x87, 0xff, 0xd, 0xf, 0xff,
    0xf8, 0x7f, 0xff, 0xc3, 0xff, 0xfe, 0x1f, 0xff,
    0xf0, 0xff, 0xff, 0x87, 0xff, 0x8d, 0xf, 0xff,
    0xf8, 0x7f, 0xff, 0xc3, 0xff, 0xfe, 0x1f, 0xff,
    0xf0, 0xff, 0xfe, 0xa1, 0xff, 0xcc, 0xc3, 0xff,
    0xfe, 0x1f, 0xff, 0xf0, 0xff, 0xff, 0x87, 0xff,
    0xfc, 0x3f, 0xff, 0xb8, 0x7f, 0xf3, 0x10, 0xff,
    0xff, 0x87, 0xff, 0xfc, 0x3f, 0xff, 0xe1, 0xff,
    0xff, 0xf, 0xff, 0xea, 0x1f, 0xff, 0xf0, 0xff,
    0xff, 0x87, 0xff, 0xfc, 0x3f, 0xfe, 0x88, 0x7f,
    0xff, 0xc3, 0xff, 0xfe, 0x1f, 0xff, 0xf0, 0xff,
    0xff, 0x87, 0xff, 0xf5, 0xf, 0xfe, 0x66, 0x1f,
    0xff, 0xf0, 0xff, 0xff, 0x87, 0xff, 0xfc, 0x3f,
    0xff, 0xe1, 0xff, 0xfd, 0xc3, 0xff, 0x98, 0x87,
    0xff, 0xfc, 0x3f, 0xff, 0xe1, 0xff, 0xff, 0xf,
    0xff, 0xf8, 0x7f, 0xff, 0x50, 0xff, 0xff, 0x87,
    0xff, 0xfc, 0x3f, 0xff, 0xe1, 0xff, 0xf4, 0x43,
    0xff, 0xfe, 0x1f, 0xff, 0xf0, 0xff, 0xff, 0x87,
    0xff, 0x73, 0xd, 0x7f, 0xff, 0xe5, 0xf, 0xff,
    0x6a, 0x12, 0x83, 0xff, 0xf3, 0x61, 0xff, 0xd3,
    0x43, 0xff, 0x97, 0x86, 0x83, 0xff, 0xf9, 0xc1,
    0xff, 0xe8, 0x83, 0x61, 0xff, 0xfe, 0x74, 0x3f,
    0xfc, 0xaa, 0xa, 0xf, 0xff, 0xf8, 0x24, 0x3f,
    0xf9, 0xd8, 0x7f, 0xf2, 0x60, 0xc8, 0x7f, 0xff,
    0xc2, 0x43, 0xff, 0xc7, 0x6, 0xc3, 0xff, 0xfe,
    0x16, 0x19, 0xf, 0xfe, 0xf2, 0x82, 0x83, 0xff,
    0xfe, 0x14, 0x1b, 0xa0, 0x7f, 0xf2, 0x50, 0xff,
    0xe3, 0xc1, 0x90, 0xff, 0xff, 0x84, 0x84, 0x81,
    0xd0, 0xff, 0xed, 0x41, 0xb0, 0xff, 0xff, 0x85,
    0x86, 0x83, 0x58, 0x7f, 0xf6, 0x14, 0x14, 0x1f,
    0xff, 0xf0, 0xa0, 0xd0, 0x7d, 0xc1, 0xff, 0xc4,
    0xd0, 0xff, 0xe2, 0x41, 0x90, 0xff, 0xff, 0x84,
    0x84, 0xa0, 0xfc, 0xe8, 0x7f, 0xf0, 0xec, 0x3f,
    0xf8, 0x50, 0x6c, 0x3f, 0xff, 0xe1, 0x61, 0xa0,
    0xff, 0xa8, 0x1f, 0xfc, 0x4e, 0xf, 0xf9, 0x41,
    0x41, 0xff, 0xff, 0xa, 0xd, 0x7, 0xff, 0x5,
    0xd0, 0xff, 0xe1, 0xba, 0x1f, 0xd0, 0x64, 0x3f,
    0xff, 0xe1, 0x21, 0x28, 0x3f, 0xf8, 0x76, 0x1f,
    0xfc, 0x4a, 0x7, 0xd0, 0x6c, 0x3f, 0xff, 0xe1,
    0x61, 0xa0, 0xff, 0xe7, 0xda, 0x1c, 0xf0, 0x65,
    0x5, 0x7, 0xff, 0xfc, 0x28, 0x34, 0x1f, 0xfd,
    0x2b, 0xf, 0x3a, 0x8, 0x32, 0x1f, 0xff, 0xf0,
    0x90, 0x94, 0x1f, 0xfd, 0x4e, 0xf, 0x54, 0x1b,
    0xf, 0xff, 0xf8, 0x58, 0x68, 0x3f, 0xfa, 0x28,
    0x67, 0x43, 0x94, 0x14, 0x1f, 0xff, 0xf0, 0xa0,
    0xd0, 0x7f, 0xf6, 0x68, 0x1f, 0xc8, 0x7f, 0xff,
    0xc2, 0x42, 0x50, 0x7f, 0xf2, 0x10, 0xff, 0xe2,
    0xba, 0x1f, 0x41, 0xff, 0xff, 0x6, 0x1a, 0xf,
    0xfe, 0xed, 0x87, 0x9d, 0xf, 0xff, 0xf4, 0x1a,
    0xf, 0xff, 0x7, 0x7, 0xac, 0x3f, 0xff, 0xa8,
    0x4a, 0xf, 0xfe, 0x56, 0x1f, 0xfc, 0xa7, 0x43,
    0xdc, 0x1f, 0xff, 0xac, 0x34, 0x1f, 0xfd, 0x44,
    0x3f, 0xf8, 0x76, 0x1e, 0x7f, 0xff, 0xf4, 0x19,
    0xf, 0xff, 0x3f, 0x7, 0xff, 0xfc, 0x36, 0x1f,
    0xfc, 0xc4, 0x3f, 0xf9, 0xee, 0x87, 0xff, 0xfc,
    0x3f, 0xfb, 0x18, 0x7f, 0xf2, 0x28, 0x1f, 0xff,
    0xf0, 0xff, 0xf6, 0xba, 0x1f, 0xff, 0xe4, 0x3f,
    0xfd, 0xb0, 0x7f, 0xff, 0xc3, 0xff, 0xaa, 0x87,
    0xff, 0xfc, 0x3f, 0xfc, 0x68, 0x7f, 0xff, 0xc3,
    0xff, 0xfe, 0x1f, 0xfc, 0x44, 0x3f, 0xff, 0xe1,
    0xff, 0xff, 0xf, 0xff, 0xf8, 0x7b, 0xf, 0xfe,
    0xae, 0x1f, 0xff, 0xd4, 0x3f, 0xfa, 0xa8, 0x7f,
    0xff, 0xc3, 0xff, 0xfe, 0x1f, 0xff, 0xf0, 0xf6,
    0x1f, 0xfc, 0xc4, 0x3f, 0xfa, 0xa8, 0x7f, 0xff,
    0xc3, 0xff, 0xa9, 0x87, 0xff, 0xfc, 0x3f, 0xff,
    0xe1, 0xff, 0xff, 0xf, 0x21, 0xff, 0xff, 0xf,
    0xff, 0xf8, 0x7f, 0xf1, 0x10, 0xff, 0xff, 0x87,
    0xff, 0xfc, 0x3f, 0xff, 0xe1, 0xff, 0xd2, 0x43,
    0xff, 0xaa, 0x87, 0xff, 0xfc, 0x3f, 0xff, 0xe1,
    0xff, 0xff, 0xf, 0xff, 0xf8, 0x7f, 0xf6, 0xd0,
    0xff, 0xe6, 0x61, 0xff, 0xd5, 0xc3, 0xff, 0xfe,
    0x1f, 0xfd, 0x44, 0x3f, 0xff, 0xe1, 0xff, 0xff,
    0xf, 0xff, 0xf8, 0x7b, 0xf, 0xfe, 0x62, 0x1f,
    0xfd, 0x54, 0x3f, 0xff, 0xe1, 0xff, 0xd4, 0xc3,
    0xff, 0xfe, 0x1f, 0xfc, 0xb4, 0x3f, 0xff, 0xe1,
    0xff, 0xff, 0xf, 0xff, 0xf8, 0x7f, 0xff, 0x90,
    0xff, 0xff, 0x87, 0xff, 0xfc, 0x3c, 0x87, 0xff,
    0xfc, 0x3f, 0xf9, 0x68, 0x7f, 0xff, 0xc3, 0xff,
    0xfe, 0x1f, 0xff, 0xf0, 0xff, 0xe1, 0xa1, 0xff,
    0xcc, 0xc3, 0xff, 0xab, 0x87, 0xff, 0xfc, 0x3f,
    0xfa, 0x88, 0x7f, 0xff, 0xc3, 0xff, 0xfe, 0x1f,
    0xff, 0xf0, 0xf6, 0x1f, 0xfc, 0xc4, 0x3f, 0xfa,
    0xa8, 0x7f, 0xff, 0xc3, 0xff, 0xa9, 0x87, 0xff,
    0xfc, 0x3f, 0xff, 0xe1, 0xff, 0xff, 0xf, 0x21,
    0xff, 0xff, 0xf, 0xff, 0xf8, 0x7f, 0xf1, 0x10,
    0xff, 0xff, 0x87, 0xff, 0xfc, 0x3f, 0xff, 0xe1,
    0xff, 0xd2, 0x43, 0xff, 0xaa, 0x87, 0xff, 0xfc,
    0x3f, 0xff, 0xe1, 0xff, 0xec, 0x43, 0xff, 0xfe,
    0x1f, 0xff, 0xf0, 0xfb, 0xf, 0xfe, 0xae, 0x1f,
    0xff, 0xf0, 0xff, 0xea, 0x21, 0xff, 0xff, 0xf,
    0xfe, 0x5e, 0x1f, 0xfe, 0xe4, 0x3f, 0xff, 0xe1,
    0xff, 0xcb, 0x43, 0xff, 0xfe, 0x1f, 0xff, 0x6c,
    0x3f, 0xff, 0xe1, 0xff, 0xcb, 0x43, 0xff, 0xfe,
    0x1f, 0xff, 0xf0, 0xff, 0xff, 0x87, 0xff, 0xf9,
    0xf, 0xff, 0xf8, 0x7f, 0xff, 0xc3, 0xc8, 0x7f,
    0xff, 0xc3, 0xff, 0x96, 0x87, 0xff, 0xfc, 0x3f,
    0xff, 0xe1, 0xff, 0xc4, 0x83, 0xff, 0xfa, 0x87,
    0xff, 0xb5, 0xf, 0xff, 0xf8, 0x7f, 0xf3, 0x30,
    0xfc, 0x87, 0xff, 0x2e, 0xf, 0xff, 0xf6, 0x1f,
    0xfe, 0xcc, 0x3f, 0xff, 0xe1, 0xff, 0xcd, 0x43,
    0xff, 0xa4, 0x87, 0xff, 0xfc, 0x3f, 0xfa, 0xf8,
    0x7f, 0xf2, 0x60, 0xff, 0xff, 0x88, 0x7f, 0xfa,
    0xb0, 0xff, 0xff, 0x87, 0xff, 0xb1, 0xf, 0xff,
    0xf8, 0x7f, 0xf6, 0x50, 0xff, 0xe3, 0xc1, 0xbf,
    0xff, 0xec, 0x87, 0xd0, 0x7f, 0xfa, 0x30, 0xd8,
    0x7f, 0xfd, 0xac, 0x3c, 0xe8, 0x7f, 0xf2, 0x50,
    0xff, 0xe7, 0xa1, 0xa0, 0xff, 0xfc, 0xf0, 0x7a,
    0x81, 0xff, 0xe4, 0x83, 0x21, 0xff, 0xfa, 0x74,
    0x39, 0xd0, 0xff, 0xf0, 0xc1, 0xb0, 0xff, 0xfe,
    0xd0, 0x3d, 0x68, 0x7f, 0xf1, 0x30, 0xff, 0xe6,
    0xa8, 0x28, 0x3f, 0xff, 0xee, 0x87, 0xa8, 0x1f,
    0xfc, 0xc4, 0x3f, 0xf8, 0x90, 0x64, 0x3f, 0xff,
    0xe0, 0xb4, 0x39, 0xd0, 0xff, 0xed, 0x41, 0xb0,
    0xff, 0xff, 0x87, 0x50, 0x3d, 0x61, 0xff, 0xc0,
    0x43, 0xff, 0x96, 0xa0, 0xa0, 0xff, 0xff, 0x87,
    0xce, 0x87, 0xb8, 0x3f, 0xf8, 0xf8, 0x7f, 0xf0,
    0xa0, 0xc8, 0x7f, 0xff, 0xc3, 0xfa, 0xc3, 0xce,
    0x87, 0xff, 0x4e, 0xd, 0x87, 0xff, 0xfc, 0x3f,
    0xf8, 0x1c, 0x1e, 0xb0, 0xff, 0xe8, 0xa8, 0x28,
    0x3f, 0xff, 0xe1, 0xff, 0xc2, 0x74, 0x3d, 0xc1,
    0xff, 0xc2, 0x43, 0xff, 0x81, 0x4, 0xa0, 0xff,
    0xff, 0x87, 0xff, 0x12, 0x81, 0xe7, 0x43, 0xff,
    0x99, 0x6, 0x83, 0xff, 0xfe, 0x1f, 0xfc, 0x67,
    0x83, 0xd4, 0x10, 0xff, 0xe4, 0x28, 0x28, 0x3f,
    0xff, 0xe1, 0xff, 0xc9, 0x74, 0x39, 0xf0, 0x7f,
    0xf2, 0x20, 0x94, 0x1f, 0xff, 0xf0, 0xff, 0xe5,
    0xd0, 0x3c, 0x87, 0xff, 0x1e, 0xd, 0x7, 0xff,
    0xfc, 0x3f, 0xf9, 0xae, 0x87, 0xff, 0x2d, 0x41,
    0x41, 0xff, 0xff, 0xf, 0xfe, 0x85, 0x87, 0xff,
    0x2a, 0x9, 0x41, 0xff, 0xff, 0xf, 0xfe, 0x97,
    0x7, 0xff, 0x1e, 0xd, 0x7, 0xff, 0xfc, 0x3f,
    0xfa, 0x8c, 0x1f, 0xfc, 0x55, 0x5, 0x7, 0xff,
    0xfc, 0x3f, 0xfa, 0xd0, 0x7f, 0xa0, 0xf4, 0x12,
    0x83, 0xff, 0xfe, 0x1f, 0xfd, 0x54, 0x3f, 0xe5,
    0x6, 0x83, 0x41, 0xff, 0xff, 0xf, 0xfe, 0xab,
    0x7, 0xff, 0x2, 0x80, 0x50, 0x50, 0x7f, 0xff,
    0xc3, 0xff, 0xaa, 0xc1, 0xff, 0xc2, 0x7a, 0x4,
    0xa0, 0xff, 0xff, 0x87, 0xff, 0x4d, 0xe0, 0xff,
    0xe0, 0x0,

    /* U+0037 "7" */
    0xf, 0xfe, 0xb, 0x7f, 0xff, 0xff, 0xff, 0xfa,
    0x68, 0x64, 0x3f, 0xf8, 0x8f, 0x21, 0xff, 0xff,
    0xf, 0xfe, 0x9a, 0x15, 0x38, 0x3f, 0xf8, 0x2c,
    0x1f, 0xff, 0xf0, 0xff, 0xea, 0xe1, 0x90, 0x30,
    0x7f, 0xcc, 0x1f, 0xff, 0xf0, 0xff, 0xea, 0xc1,
    0xb0, 0xcc, 0x1f, 0xe8, 0x3f, 0xff, 0xe1, 0xff,
    0xd6, 0x42, 0x83, 0xc8, 0x7f, 0x21, 0xff, 0xff,
    0xf, 0xfe, 0xb6, 0x19, 0xf, 0x90, 0xfc, 0xc1,
    0xff, 0xff, 0xf, 0xfe, 0xa4, 0x1b, 0xf, 0xfe,
    0x33, 0xa1, 0xff, 0xff, 0xf, 0xfe, 0x92, 0x14,
    0x1f, 0xfc, 0x9a, 0x7, 0xff, 0xfc, 0x3f, 0xfa,
    0x18, 0x64, 0x3f, 0xf9, 0x4e, 0x87, 0xff, 0xfc,
    0x3f, 0xf9, 0xb0, 0x6c, 0x3f, 0xf9, 0xb6, 0x1f,
    0xff, 0xf0, 0xff, 0xe6, 0x21, 0x41, 0xff, 0x21,
    0xf5, 0xa1, 0xee, 0xf, 0xff, 0xf8, 0x7f, 0xf2,
    0x70, 0xc8, 0x7f, 0xf2, 0x6c, 0x3c, 0xe8, 0x7f,
    0xff, 0xc3, 0xff, 0x8d, 0x6, 0xc3, 0xff, 0x99,
    0xc1, 0xeb, 0xf, 0xff, 0xf8, 0x7f, 0xf1, 0x50,
    0xa0, 0xff, 0xe4, 0xa1, 0x9d, 0xf, 0x70, 0x7f,
    0xff, 0xc3, 0xff, 0x85, 0x86, 0x43, 0xff, 0xa1,
    0x40, 0xf3, 0xa1, 0xff, 0xff, 0xf, 0xfa, 0xd,
    0x87, 0xff, 0x49, 0xe0, 0xf5, 0x3, 0xff, 0xfe,
    0x1f, 0xe4, 0x28, 0x3f, 0xf8, 0x48, 0x7f, 0xf1,
    0x9d, 0xe, 0x74, 0x3f, 0xff, 0xe1, 0xf6, 0x19,
    0xf, 0xfe, 0xbd, 0x3, 0xd6, 0x1f, 0xff, 0xf0,
    0xe8, 0x36, 0x1f, 0xfd, 0x97, 0x43, 0xdc, 0x1f,
    0xff, 0xf0, 0x90, 0xa0, 0xff, 0xe2, 0x61, 0xf2,
    0x1f, 0xfc, 0x3b, 0x43, 0x9d, 0xf, 0xff, 0xfe,
    0x19, 0xf, 0xfe, 0xf5, 0x3, 0xd6, 0x1f, 0xff,
    0xd8, 0x36, 0x1f, 0xfc, 0x54, 0x3f, 0xf9, 0xce,
    0x87, 0xb8, 0x3f, 0xff, 0x68, 0x50, 0x7f, 0xf3,
    0xb0, 0xff, 0xe4, 0x58, 0x79, 0xd0, 0xff, 0xfc,
    0x61, 0x90, 0xff, 0xf2, 0xf0, 0x7a, 0x81, 0xff,
    0xf6, 0x83, 0x61, 0xff, 0xe7, 0x43, 0xe7, 0xff,
    0xfe, 0xc8, 0x50, 0x7f, 0xf4, 0x10, 0xff, 0xff,
    0x87, 0xff, 0x3d, 0xf, 0xff, 0xf8, 0x7f, 0xfa,
    0xf0, 0xff, 0xe4, 0x21, 0xff, 0xff, 0xf, 0xfe,
    0xb4, 0x1f, 0xff, 0xf0, 0xff, 0xf6, 0x21, 0xff,
    0xea, 0x43, 0xff, 0xff, 0x87, 0xff, 0x2b, 0xf,
    0xff, 0xf8, 0x7f, 0xf5, 0x20, 0xff, 0xe9, 0xa1,
    0xff, 0xff, 0xf, 0xfe, 0x5a, 0x83, 0xff, 0xd9,
    0x87, 0xff, 0xfc, 0x3f, 0xf9, 0x68, 0x7f, 0xff,
    0xc3, 0xff, 0xa7, 0x87, 0xff, 0x53, 0xf, 0xff,
    0xf8, 0x7f, 0xff, 0xc3, 0xc8, 0x7f, 0xff, 0x50,
    0xff, 0xea, 0x21, 0xff, 0xff, 0xf, 0xff, 0xf8,
    0x7f, 0xff, 0xc3, 0xff, 0xfe, 0x1f, 0xff, 0xf0,
    0xff, 0x90, 0xff, 0xff, 0x87, 0xff, 0xfc, 0x3f,
    0xf8, 0x48, 0x7f, 0xff, 0xc3, 0xff, 0x97, 0x87,
    0xff, 0xfc, 0x3f, 0xfa, 0x68, 0x7f, 0xf5, 0x10,
    0xff, 0xff, 0x87, 0xff, 0xfc, 0x3d, 0x87, 0xff,
    0xfc, 0x3f, 0xf9, 0x68, 0x7f, 0xff, 0xc3, 0xff,
    0xa7, 0x87, 0xff, 0x53, 0xf, 0xff, 0xf8, 0x7f,
    0xff, 0xc3, 0xc8, 0x7f, 0xff, 0xc3, 0xff, 0xfe,
    0x1f, 0xfe, 0xb4, 0x3f, 0xfa, 0x88, 0x7f, 0xff,
    0xc3, 0xff, 0xfe, 0x1f, 0xff, 0xf0, 0xff, 0xe8,
    0xa1, 0xff, 0xff, 0xf, 0xff, 0xf8, 0x7f, 0xf0,
    0x90, 0xff, 0xff, 0x87, 0xff, 0xfc, 0x3f, 0xff,
    0xe1, 0xd8, 0x7f, 0xff, 0xc3, 0xff, 0xa6, 0x87,
    0xff, 0x51, 0xf, 0xfe, 0x66, 0x1f, 0xff, 0xf0,
    0xff, 0xff, 0x87, 0xff, 0xfc, 0x39, 0xf, 0xff,
    0xf8, 0x7f, 0xf4, 0xf0, 0xff, 0xea, 0x61, 0xff,
    0xcc, 0x43, 0xff, 0xfe, 0x1f, 0xff, 0xf0, 0xff,
    0xf5, 0xa1, 0xff, 0xff, 0xf, 0xff, 0xf8, 0x7f,
    0xf0, 0x90, 0xff, 0xff, 0x87, 0xff, 0x8d, 0xf,
    0xff, 0xf8, 0x7f, 0xff, 0xc3, 0xff, 0xfe, 0x1f,
    0xff, 0xb4, 0x3f, 0xff, 0xe1, 0xff, 0xcb, 0xc3,
    0xff, 0xfe, 0x1f, 0xfd, 0x34, 0x3f, 0xfa, 0x88,
    0x7f, 0xf3, 0x30, 0xff, 0xff, 0x87, 0xff, 0xfc,
    0x3f, 0xff, 0xe1, 0xc8, 0x7f, 0xff, 0xc3, 0xff,
    0xa7, 0x87, 0xff, 0x53, 0xf, 0xfe, 0x62, 0x1f,
    0xff, 0xf0, 0xff, 0xff, 0x87, 0xff, 0xfc, 0x3f,
    0xff, 0xe1, 0xff, 0xd9, 0x43, 0xff, 0xa8, 0x87,
    0xff, 0xfc, 0x3f, 0xff, 0xe1, 0xff, 0xff, 0xf,
    0xfe, 0x8a, 0x1f, 0xff, 0xf0, 0xff, 0xff, 0x87,
    0xff, 0x9, 0xf, 0xff, 0xf8, 0x7f, 0xff, 0xc3,
    0xff, 0xfe, 0x1d, 0x87, 0xff, 0xfc, 0x3f, 0xfa,
    0x68, 0x7f, 0xf5, 0x10, 0xff, 0xe6, 0x61, 0xff,
    0xff, 0xf, 0xfe, 0x5a, 0x1f, 0xff, 0xf0, 0xff,
    0xff, 0x87, 0xff, 0x9, 0xf, 0xff, 0xee, 0x1f,
    0xfd, 0x4c, 0x3f, 0xff, 0xe1, 0xff, 0xff, 0xf,
    0xff, 0xf8, 0x72, 0x1f, 0xff, 0xf0, 0xff, 0xf6,
    0x61, 0xff, 0xd4, 0x43, 0xff, 0xfe, 0x1f, 0xfc,
    0xce, 0xf, 0xfe, 0x4a, 0x1f, 0xff, 0xf0, 0xff,
    0xeb, 0x3a, 0x1f, 0xfe, 0x84, 0x3f, 0xff, 0xe1,
    0x58, 0x7f, 0xff, 0xc3, 0xff, 0xdb, 0xc1, 0xff,
    0xc4, 0xc3, 0xff, 0xa9, 0x7, 0xff, 0xfc, 0x3c,
    0xe8, 0x7f, 0xf2, 0x90, 0xff, 0xe5, 0xc1, 0xff,
    0xff, 0xf, 0xea, 0x7, 0xff, 0x85, 0xf, 0xff,
    0xf8, 0x7f, 0x9d, 0xf, 0xf9, 0xf, 0xfe, 0x96,
    0x1f, 0xff, 0xf0, 0xff, 0xe0, 0xd8, 0x7f, 0xf1,
    0xb0, 0xff, 0xe4, 0xc1, 0xff, 0xff, 0xf, 0xfe,
    0x27, 0x7, 0xff, 0x69, 0xf, 0xff, 0xf8, 0x7f,
    0xf1, 0x5d, 0xf, 0xfe, 0xbe, 0x1f, 0xff, 0xf0,
    0xff, 0xe0, 0x30, 0x7a, 0x81, 0xff, 0xc1, 0x43,
    0xff, 0x8f, 0x7, 0xff, 0xfc, 0x3f, 0xf8, 0x33,
    0xa1, 0xcf, 0x7, 0xff, 0x4d, 0xf, 0xff, 0xf8,
    0x7f, 0xf0, 0x20, 0xac, 0x3c, 0xea, 0xf, 0xfe,
    0x7e, 0x1f, 0xff, 0xf0, 0xff, 0xe0, 0x28, 0x3b,
    0x83, 0xd4, 0xf, 0xc8, 0x7f, 0xf1, 0x60, 0xff,
    0xff, 0x87, 0xff, 0x6, 0xf, 0x9d, 0xf, 0xfe,
    0x15, 0x87, 0xff, 0x11, 0xf, 0xff, 0xf8, 0x7f,
    0xf0, 0x20, 0xff, 0x50, 0x3f, 0xf8, 0x7c, 0x1f,
    0xfc, 0x1c, 0x3f, 0xff, 0xe1, 0xff, 0xc0, 0x50,
    0x7f, 0xce, 0x87, 0xff, 0x9, 0xd0, 0xff, 0x41,
    0xff, 0xff, 0xf, 0xfe, 0xc, 0x1f, 0xfc, 0x2b,
    0xf, 0xfe, 0x1d, 0x3, 0xf9, 0xf, 0xff, 0xf8,
    0x7f, 0xf0, 0x20, 0xff, 0xe2, 0xe1, 0xff, 0xc3,
    0x78, 0x3d, 0x87, 0xff, 0xfc, 0x3f, 0xf8, 0xa,
    0xf, 0xfe, 0xbb, 0xa1, 0x41, 0xff, 0xff, 0xf,
    0xfe, 0xc, 0x1f, 0xfd, 0xaa, 0x1, 0xf, 0xff,
    0xf8, 0x7f, 0xf0, 0x20, 0xff, 0xee, 0x3e, 0xf,
    0xff, 0xf8, 0x7f, 0xf0, 0x14, 0x1f, 0xff, 0xf0,
    0xff, 0xf5, 0xc1, 0xff, 0xc8, 0x43, 0xff, 0xfe,
    0x1f, 0xfd, 0x68, 0x3f, 0xff, 0xe1, 0xff, 0xeb,
    0x50, 0x7f, 0xff, 0xc3, 0xff, 0xd7, 0x7, 0xff,
    0x2b, 0xf, 0xff, 0xf8, 0x7f, 0xf5, 0x20, 0xff,
    0xff, 0x87, 0xff, 0xad, 0x41, 0xff, 0xff, 0xf,
    0xff, 0xf8, 0x72, 0x1f, 0xff, 0xf0, 0xff, 0xe9,
    0xe1, 0xff, 0xff, 0xf, 0xff, 0xf8, 0x7f, 0xff,
    0xc3, 0xff, 0xb4, 0x87, 0xff, 0xfc, 0x3f, 0xff,
    0xe1, 0xff, 0xff, 0xf, 0xff, 0xf8, 0x7f, 0xff,
    0xc3, 0xff, 0xc0, 0x87, 0xff, 0xfc, 0x3f, 0xff,
    0xe1, 0xff, 0xff, 0xf, 0xff, 0xf8, 0x7f, 0xfe,
    0x90, 0xff, 0xe6, 0x61, 0xff, 0xff, 0xf, 0xff,
    0xf8, 0x7f, 0xff, 0xc3, 0xff, 0xfe, 0x1f, 0xff,
    0xac, 0x3f, 0xf9, 0x88, 0x7f, 0xff, 0xc3, 0xff,
    0xfe, 0x1f, 0xff, 0xf0, 0xff, 0xff, 0x87, 0xff,
    0xe9, 0xf, 0xff, 0xf8, 0x7f, 0xff, 0xc3, 0xff,
    0xfe, 0x1f, 0xff, 0x24, 0x3f, 0xff, 0xe1, 0xff,
    0xff, 0xf, 0xff, 0xf8, 0x7f, 0xff, 0xc3, 0xff,
    0xf4, 0x87, 0xff, 0x33, 0xf, 0xff, 0xf8, 0x7f,
    0xff, 0xc3, 0xff, 0xfe, 0x1f, 0xff, 0xf0, 0xff,
    0xfd, 0x61, 0xff, 0xcc, 0x43, 0xff, 0xfe, 0x1f,
    0xff, 0xf0, 0xff, 0xff, 0x87, 0xff, 0xfc, 0x3f,
    0xff, 0x48, 0x7f, 0xff, 0xc3, 0xff, 0xfe, 0x1f,
    0xff, 0xf0, 0xff, 0xff, 0x87, 0xff, 0xfc, 0x3f,
    0xfc, 0x8, 0x7f, 0xff, 0xc3, 0xff, 0xfe, 0x1f,
    0xff, 0xf0, 0xff, 0xff, 0x87, 0xff, 0xe9, 0xf,
    0xfe, 0x66, 0x1f, 0xff, 0xf0, 0xff, 0xff, 0x87,
    0xff, 0xfc, 0x3f, 0xf8, 0x38, 0x7f, 0xff, 0xc3,
    0xff, 0xfe, 0x1e, 0x43, 0xff, 0xfe, 0x1f, 0xff,
    0xf0, 0xff, 0xff, 0x87, 0xff, 0x5, 0xf, 0xff,
    0xf8, 0x7f, 0xff, 0xc3, 0xff, 0xfe, 0x1f, 0xff,
    0xf0, 0xff, 0xff, 0x87, 0xff, 0xfc, 0x3f, 0xff,
    0xe1, 0xff, 0xce, 0x43, 0xff, 0xfe, 0x1f, 0xff,
    0xf0, 0xff, 0xff, 0x87, 0xff, 0x5, 0xf, 0xfe,
    0x66, 0x1f, 0xff, 0xf0, 0xff, 0xff, 0x87, 0xff,
    0xfc, 0x3f, 0xff, 0xe1, 0xff, 0xfa, 0xc3, 0xff,
    0x98, 0x87, 0xff, 0xfc, 0x3f, 0xff, 0xe1, 0xff,
    0xff, 0xf, 0xfe, 0xa, 0x1f, 0xff, 0xf0, 0xff,
    0xff, 0x87, 0xff, 0xfc, 0x3f, 0xff, 0xe1, 0xff,
    0xff, 0xf, 0xff, 0xf8, 0x7f, 0xff, 0xc3, 0xff,
    0x9c, 0x87, 0xff, 0xfc, 0x3f, 0xff, 0xe1, 0xff,
    0xff, 0xf, 0xfe, 0xa, 0x1f, 0xff, 0xf0, 0xff,
    0xff, 0x87, 0xb0, 0xff, 0xff, 0x87, 0xff, 0xfc,
    0x3f, 0xff, 0xe1, 0xff, 0xc1, 0xc3, 0xff, 0xfe,
    0x1f, 0xff, 0xf0, 0xf2, 0x1f, 0xff, 0xf0, 0xff,
    0xff, 0x87, 0xff, 0xfc, 0x3f, 0xf8, 0x28, 0x7f,
    0xff, 0xc3, 0xff, 0xfe, 0x1f, 0xff, 0xf0, 0xff,
    0xff, 0x87, 0xff, 0xfc, 0x3f, 0xf9, 0x1c, 0x1f,
    0xff, 0xf0, 0xff, 0xf6, 0x3a, 0x1f, 0xfc, 0x84,
    0x3f, 0xff, 0xe1, 0xff, 0xd7, 0xa0, 0x7f, 0xff,
    0xc3, 0xff, 0xd8, 0xe8, 0x7f, 0xff, 0xc3, 0xff,
    0xd9, 0x61, 0xff, 0xc4, 0xc3, 0xff, 0xfe, 0x1f,
    0xfd, 0xce, 0xf, 0xff, 0xf8, 0x7f, 0xfb, 0x1d,
    0xf, 0xfe, 0x2, 0x1f, 0xff, 0xf0, 0xff, 0xef,
    0xd8, 0x7f, 0xff, 0xc3, 0xff, 0xdb, 0xc1, 0xff,
    0xff, 0xf, 0xff, 0x63, 0xa1, 0xff, 0xff, 0xf,
    0xff, 0x65, 0x3, 0xff, 0xfe, 0x1f, 0xfe, 0xc7,
    0x83, 0xff, 0xfe, 0x1f, 0xfe, 0xc7, 0x44, 0x3f,
    0xff, 0xe1, 0xff, 0xea, 0xa0, 0x7f, 0xf1, 0x40,

    /* U+0038 "8" */
    0xf, 0xff, 0xf8, 0x7f, 0xff, 0xc3, 0xff, 0x82,
    0xdf, 0xff, 0xff, 0xff, 0xfe, 0x9a, 0x13, 0xc1,
    0xff, 0xcc, 0x79, 0xf, 0xff, 0xf8, 0x7f, 0xf4,
    0xd0, 0xa1, 0xd0, 0xff, 0xe4, 0xb0, 0x7f, 0xff,
    0xc3, 0xff, 0xab, 0x85, 0x6, 0x90, 0xff, 0xe3,
    0xb0, 0x7f, 0xff, 0xc3, 0xff, 0xab, 0x4, 0xa0,
    0xe8, 0x3f, 0xf8, 0xf0, 0x7f, 0xff, 0xc3, 0xff,
    0xac, 0x85, 0x7, 0xff, 0x35, 0xf, 0xff, 0xf8,
    0x7f, 0xf5, 0xb0, 0xa0, 0xfc, 0x87, 0xff, 0x15,
    0x83, 0xff, 0xfe, 0x1f, 0xfd, 0x48, 0x25, 0x7,
    0xff, 0x3d, 0xd0, 0xff, 0xff, 0x87, 0xff, 0x49,
    0xa, 0xf, 0xfe, 0x95, 0x3, 0xff, 0xfe, 0x1f,
    0xfd, 0xc, 0x28, 0x3f, 0xfa, 0x8e, 0x87, 0xff,
    0xfc, 0x3f, 0xf9, 0xb0, 0x4a, 0xf, 0xf2, 0x1f,
    0xfc, 0xbb, 0xf, 0xff, 0xf8, 0x7f, 0xf3, 0x10,
    0xa0, 0xff, 0xe8, 0x5a, 0x1e, 0xe0, 0xff, 0xff,
    0x87, 0xff, 0x27, 0xa, 0xf, 0xfe, 0x9d, 0x87,
    0x9d, 0xf, 0xff, 0xf8, 0x7f, 0xf1, 0xa0, 0x94,
    0x1f, 0xfd, 0x5e, 0xf, 0x58, 0x7f, 0xff, 0xc3,
    0xff, 0x8a, 0x85, 0x7, 0xff, 0x49, 0xc, 0xe8,
    0x7b, 0x83, 0xff, 0xfe, 0x1f, 0xfc, 0x2c, 0x28,
    0x3f, 0xfb, 0x54, 0xf, 0x3a, 0x1f, 0xff, 0xf0,
    0xff, 0xa0, 0x94, 0x1f, 0xfc, 0x14, 0x3f, 0xf9,
    0xaf, 0x7, 0xa8, 0x1f, 0xff, 0xf0, 0xff, 0x21,
    0x41, 0xff, 0xde, 0x74, 0x39, 0xd0, 0xff, 0xff,
    0x87, 0xd8, 0x50, 0x7f, 0xf8, 0x68, 0x1e, 0xb0,
    0xff, 0xff, 0x87, 0x41, 0x28, 0x3f, 0xf8, 0x78,
    0x7f, 0xf4, 0x9d, 0xf, 0x70, 0x7f, 0xff, 0xc2,
    0x42, 0x83, 0xff, 0xaa, 0x87, 0xff, 0xe, 0xd0,
    0xe7, 0x43, 0xff, 0xff, 0x85, 0x7, 0xff, 0xa2,
    0x81, 0xeb, 0xf, 0xff, 0xec, 0x12, 0x83, 0xff,
    0x8a, 0x87, 0xff, 0x5d, 0xd0, 0xf7, 0x7, 0xff,
    0xed, 0xa, 0xf, 0xfe, 0xbe, 0x1f, 0xfc, 0x8b,
    0xf, 0x3a, 0x1f, 0xff, 0x8c, 0x28, 0x3f, 0xfd,
    0xfc, 0x1e, 0xa0, 0x7f, 0xfd, 0xa0, 0x94, 0x1f,
    0xff, 0x4, 0x3e, 0x7f, 0xff, 0xec, 0x85, 0x7,
    0xff, 0x65, 0xf, 0xff, 0xf8, 0x7f, 0xf3, 0xa0,
    0xff, 0xff, 0x87, 0xff, 0xd1, 0x41, 0xff, 0xc8,
    0x43, 0xff, 0xfe, 0x1f, 0xfd, 0xf8, 0x3f, 0xff,
    0xe1, 0xff, 0xf4, 0x83, 0xff, 0x95, 0x87, 0xff,
    0x75, 0xf, 0xff, 0xf2, 0x83, 0xff, 0xfe, 0x1f,
    0xff, 0x48, 0x3f, 0xfb, 0x88, 0x7f, 0xff, 0xc3,
    0xff, 0x96, 0x87, 0xff, 0x31, 0xf, 0xfe, 0xee,
    0x1f, 0xff, 0xdc, 0x3f, 0xfb, 0xb8, 0x7f, 0xff,
    0xc3, 0xff, 0xfe, 0x1f, 0xfc, 0x34, 0x3f, 0xff,
    0xe1, 0xff, 0xff, 0xf, 0xff, 0xa2, 0x1f, 0xfd,
    0xd4, 0x3f, 0xff, 0xe1, 0xff, 0xff, 0xf, 0xff,
    0xf8, 0x7f, 0xf6, 0x90, 0xff, 0xff, 0x87, 0xff,
    0xfc, 0x3f, 0xff, 0xe1, 0xff, 0xff, 0xf, 0xfe,
    0x5a, 0x1f, 0xff, 0xf0, 0xff, 0xe5, 0xe1, 0xff,
    0xff, 0xf, 0xfe, 0xe2, 0x1f, 0xfd, 0xd4, 0x3f,
    0xff, 0xe1, 0xff, 0xff, 0xf, 0xfe, 0x1e, 0x1f,
    0xff, 0xdc, 0x3f, 0xf9, 0x88, 0x7f, 0xff, 0xc3,
    0xff, 0xfe, 0x1f, 0x61, 0xff, 0xff, 0xf, 0xff,
    0xf8, 0x7f, 0xf0, 0xd0, 0xff, 0xfe, 0xa1, 0xff,
    0xff, 0xf, 0xff, 0xf8, 0x7f, 0xf5, 0x10, 0xff,
    0xff, 0x87, 0xff, 0x8d, 0xf, 0xff, 0xf8, 0x7f,
    0xff, 0xc3, 0xff, 0xfe, 0x1f, 0xff, 0xf0, 0xff,
    0xe5, 0xa1, 0xff, 0xff, 0xf, 0xfe, 0x5e, 0x1f,
    0xff, 0xf0, 0xff, 0xee, 0x21, 0xff, 0xdd, 0x43,
    0xff, 0xfe, 0x1f, 0xff, 0xf0, 0xff, 0xe1, 0xe1,
    0xff, 0xff, 0xf, 0xfe, 0x5a, 0x1f, 0xff, 0xf0,
    0xff, 0xee, 0x61, 0xff, 0xdd, 0xc3, 0xff, 0xfe,
    0x1f, 0xff, 0xf0, 0xff, 0xe1, 0xa1, 0xff, 0xff,
    0xf, 0xff, 0xf8, 0x7f, 0xfd, 0x10, 0xff, 0xee,
    0xa1, 0xff, 0xff, 0xf, 0xff, 0xf8, 0x7f, 0xff,
    0xc3, 0xff, 0xb4, 0x87, 0xff, 0xfc, 0x3f, 0xff,
    0xe1, 0xff, 0xd4, 0x43, 0xff, 0xfe, 0x1f, 0xff,
    0xf0, 0xff, 0xff, 0x87, 0xff, 0xb, 0xf, 0xff,
    0xf8, 0x7f, 0xf7, 0x10, 0xff, 0xee, 0xa1, 0xff,
    0xcc, 0xc3, 0xff, 0xfe, 0x1f, 0xfc, 0xb4, 0x3f,
    0xff, 0xe1, 0xff, 0xdc, 0xc3, 0xff, 0xfe, 0x1f,
    0xff, 0xf0, 0xff, 0xea, 0x61, 0xff, 0xcc, 0x43,
    0xff, 0xfe, 0x1f, 0xff, 0xf0, 0xff, 0xfa, 0x21,
    0xff, 0xff, 0xf, 0xff, 0xf8, 0x7f, 0xf5, 0x10,
    0xff, 0xff, 0x87, 0xff, 0x8d, 0xf, 0xff, 0xf8,
    0x7f, 0xff, 0xc3, 0xff, 0xa8, 0x87, 0xff, 0xfc,
    0x3f, 0xff, 0xe1, 0xff, 0xff, 0xf, 0xfe, 0x16,
    0x1f, 0xff, 0xf0, 0xff, 0xee, 0x21, 0xff, 0xdd,
    0x43, 0xff, 0x99, 0x87, 0xff, 0xfc, 0x3f, 0xff,
    0xe1, 0xff, 0xff, 0xf, 0xfe, 0x12, 0x1f, 0xff,
    0xf0, 0xff, 0xee, 0x61, 0xff, 0xdd, 0xc3, 0xff,
    0x98, 0x87, 0xff, 0xfc, 0x3f, 0xff, 0xe1, 0xff,
    0xff, 0xf, 0xff, 0xf8, 0x7f, 0xff, 0xc3, 0xff,
    0x94, 0x87, 0xff, 0xfc, 0x3f, 0xf9, 0x76, 0x1f,
    0xff, 0xf0, 0xff, 0xfb, 0x70, 0x7f, 0xf2, 0x10,
    0xff, 0xee, 0xa1, 0xff, 0xff, 0x3, 0xa1, 0xff,
    0xff, 0xf, 0xff, 0xad, 0x3, 0xff, 0x8b, 0x87,
    0xff, 0x77, 0xd, 0x7f, 0xff, 0xe5, 0xe, 0x78,
    0x3f, 0xfd, 0xa8, 0x4a, 0xf, 0xff, 0xcd, 0x87,
    0x9d, 0xf, 0xfe, 0x92, 0x1f, 0xfc, 0xbc, 0x34,
    0x1f, 0xff, 0xce, 0xf, 0x50, 0x3f, 0xf8, 0x8,
    0x7f, 0xf6, 0xe0, 0xd8, 0x7f, 0xff, 0x9d, 0xe,
    0x74, 0x3f, 0xfc, 0xaa, 0xa, 0xf, 0xff, 0xf8,
    0x24, 0x3d, 0x61, 0xff, 0xce, 0xc3, 0xff, 0x93,
    0x6, 0x43, 0xff, 0xfe, 0x12, 0x1f, 0xb8, 0x3f,
    0xfc, 0x30, 0x6c, 0x3f, 0xff, 0xe1, 0x61, 0x90,
    0xe7, 0x43, 0xff, 0xbc, 0xa0, 0xa0, 0xff, 0xff,
    0x85, 0x6, 0xe8, 0x1e, 0xa0, 0x7f, 0xf2, 0x50,
    0xff, 0xe3, 0xc1, 0x90, 0xff, 0xff, 0x84, 0x84,
    0x81, 0xd0, 0xe7, 0x84, 0x3f, 0xfb, 0x10, 0x6c,
    0x3f, 0xff, 0xe1, 0x61, 0xa0, 0xd6, 0x1e, 0x7c,
    0x1f, 0xfd, 0x75, 0x5, 0x7, 0xff, 0xfc, 0x28,
    0x34, 0x1f, 0x70, 0x79, 0xf, 0xfe, 0x2e, 0x87,
    0xff, 0x12, 0xc, 0x87, 0xff, 0xfc, 0x24, 0x25,
    0x7, 0xe7, 0x43, 0xff, 0x97, 0x61, 0xff, 0xc2,
    0x83, 0x61, 0xff, 0xff, 0xb, 0xd, 0x7, 0xfd,
    0x40, 0xff, 0xe6, 0x70, 0x7f, 0xca, 0xa, 0xf,
    0xff, 0xf8, 0x50, 0x68, 0x3f, 0xf8, 0x2e, 0x87,
    0xff, 0x2d, 0xd0, 0xfe, 0x83, 0x21, 0xff, 0xff,
    0x9, 0x9, 0x41, 0xff, 0xc3, 0xb0, 0xff, 0xe6,
    0x50, 0x3e, 0x83, 0x61, 0xff, 0xff, 0xb, 0xd,
    0x7, 0xff, 0x5e, 0xd0, 0xe7, 0x83, 0x28, 0x28,
    0x3f, 0xff, 0xe1, 0x41, 0xa0, 0xff, 0xed, 0x58,
    0x79, 0xd0, 0x41, 0x90, 0xff, 0xff, 0x84, 0x84,
    0xa0, 0xff, 0xee, 0x70, 0x7a, 0xa0, 0xd8, 0x7f,
    0xff, 0xc2, 0xc3, 0x41, 0xff, 0xd9, 0x43, 0x3a,
    0x1c, 0xa0, 0xa0, 0xff, 0xff, 0x85, 0x6, 0x83,
    0xff, 0xc3, 0x40, 0xfe, 0x43, 0xff, 0xfe, 0x12,
    0x12, 0x83, 0xff, 0x90, 0x87, 0xff, 0x35, 0xd0,
    0xfa, 0xf, 0xff, 0xf8, 0x30, 0xd0, 0x7f, 0xf9,
    0x6c, 0x3c, 0xe8, 0x7f, 0xff, 0xa0, 0xd0, 0x7f,
    0xfa, 0x38, 0x3d, 0x61, 0xff, 0xfd, 0x42, 0x50,
    0x7f, 0xf2, 0xb0, 0xff, 0xe9, 0x3a, 0x1e, 0xe0,
    0xff, 0xfd, 0x61, 0xa0, 0xff, 0xee, 0x21, 0xff,
    0xc3, 0xb0, 0xf3, 0xff, 0xff, 0xa0, 0xc8, 0x7f,
    0xfb, 0xf8, 0x3f, 0xff, 0xe1, 0xb0, 0xff, 0xe6,
    0x21, 0xff, 0xd7, 0x74, 0x3f, 0xff, 0xe1, 0xff,
    0xe0, 0xc3, 0xff, 0x91, 0x40, 0xff, 0xff, 0x87,
    0xff, 0xd5, 0xd0, 0xff, 0xff, 0x21, 0xff, 0xf5,
    0x83, 0xff, 0xfe, 0x1f, 0xfd, 0xd4, 0x3f, 0xff,
    0xe1, 0xff, 0xe3, 0x43, 0xff, 0xfe, 0x1f, 0xff,
    0xf0, 0xff, 0xea, 0x21, 0xff, 0xff, 0xf, 0xff,
    0xf8, 0x7f, 0xff, 0xc3, 0xff, 0x85, 0x87, 0xff,
    0x77, 0xf, 0xff, 0xea, 0x1f, 0xfd, 0xd4, 0x3f,
    0xff, 0xe1, 0xff, 0xff, 0xf, 0xff, 0xf8, 0x7f,
    0xf0, 0xb0, 0xff, 0xe6, 0x21, 0xff, 0xdd, 0x43,
    0xff, 0xfe, 0x1f, 0xfd, 0xcc, 0x3f, 0xff, 0xe1,
    0xff, 0xff, 0xf, 0xff, 0xf8, 0x7f, 0xf0, 0x90,
    0xff, 0xff, 0x87, 0xff, 0xfc, 0x3f, 0xfa, 0x88,
    0x7f, 0xff, 0xc3, 0xff, 0xfe, 0x1f, 0xff, 0xf0,
    0xff, 0xed, 0x21, 0xff, 0xdd, 0x43, 0xff, 0xfe,
    0x1f, 0xff, 0xf0, 0xff, 0xff, 0x87, 0xff, 0xfc,
    0x3f, 0xfd, 0x68, 0x7f, 0xf3, 0x30, 0xff, 0xee,
    0xe1, 0xff, 0xff, 0xf, 0xfe, 0xe2, 0x1f, 0xff,
    0xf0, 0xff, 0xff, 0x87, 0xff, 0xfc, 0x3f, 0xf8,
    0x58, 0x7f, 0xf3, 0x10, 0xff, 0xee, 0xa1, 0xff,
    0xff, 0xf, 0xfe, 0xe6, 0x1f, 0xff, 0xf0, 0xff,
    0xe5, 0xa1, 0xff, 0xff, 0xf, 0xff, 0xf8, 0x7f,
    0xff, 0xc3, 0xff, 0xfe, 0x1f, 0xfc, 0xb4, 0x3f,
    0xff, 0xe1, 0xff, 0xff, 0xf, 0xfe, 0x12, 0x1f,
    0xff, 0xf0, 0xff, 0xe5, 0xa1, 0xff, 0xff, 0xf,
    0xff, 0xf8, 0x7f, 0xff, 0xc3, 0xff, 0xa6, 0x87,
    0xff, 0x33, 0xf, 0xfe, 0xee, 0x1f, 0xff, 0xf0,
    0xff, 0xee, 0x21, 0xff, 0xff, 0xf, 0xff, 0xf8,
    0x7f, 0xff, 0xc3, 0xff, 0x85, 0x87, 0xff, 0x31,
    0xf, 0xfe, 0xea, 0x1f, 0xff, 0xf0, 0xff, 0xee,
    0x61, 0xff, 0xff, 0xf, 0xff, 0xf8, 0x7f, 0xff,
    0xc3, 0xff, 0x84, 0x87, 0xff, 0xfc, 0x3f, 0xff,
    0xe1, 0xff, 0xd4, 0x43, 0xff, 0xfe, 0x1f, 0xff,
    0xf0, 0xff, 0xff, 0x87, 0xff, 0x69, 0xf, 0xfe,
    0xea, 0x1f, 0xff, 0xf0, 0xff, 0xff, 0x87, 0xff,
    0xd1, 0xf, 0xff, 0xf8, 0x7f, 0xff, 0xc3, 0xff,
    0x87, 0x87, 0xff, 0x77, 0xf, 0xff, 0xf8, 0x7f,
    0xf7, 0x10, 0xff, 0xff, 0x87, 0xff, 0x2f, 0xf,
    0xff, 0xb2, 0x1f, 0xff, 0xf0, 0xff, 0xe5, 0xa1,
    0xff, 0xff, 0xf, 0xff, 0xf8, 0x7d, 0x87, 0xff,
    0xfc, 0x3f, 0xf9, 0x68, 0x7f, 0xff, 0xc3, 0xff,
    0xfe, 0x1f, 0xff, 0xf0, 0xff, 0xff, 0x87, 0xff,
    0x2d, 0xf, 0xff, 0xf8, 0x7f, 0xff, 0xc3, 0xff,
    0x84, 0x87, 0xff, 0xfc, 0x3f, 0xf9, 0x68, 0x7f,
    0xff, 0xc3, 0xff, 0xfe, 0x1f, 0xfd, 0x48, 0x3f,
    0xff, 0xa8, 0x7f, 0xfd, 0x50, 0xff, 0xff, 0x87,
    0xff, 0x33, 0xf, 0xfe, 0x22, 0x1f, 0xfc, 0xb8,
    0x3f, 0xff, 0xd8, 0x7f, 0xfd, 0x30, 0xff, 0xff,
    0x87, 0xff, 0x35, 0xf, 0xfe, 0xd2, 0x1f, 0xff,
    0xf0, 0xff, 0xef, 0xe1, 0xff, 0xc9, 0x83, 0xff,
    0xfe, 0x21, 0xff, 0xf2, 0xc3, 0xff, 0xfe, 0x1f,
    0xff, 0x44, 0x3f, 0xff, 0xe1, 0xff, 0xe1, 0x43,
    0xff, 0x8f, 0x6, 0xff, 0xff, 0xb2, 0x1f, 0x41,
    0xff, 0xf0, 0xc3, 0x61, 0xff, 0xf6, 0xb0, 0xf3,
    0xa1, 0xff, 0xc9, 0x43, 0xff, 0xae, 0x86, 0x83,
    0xff, 0xf3, 0xc1, 0xea, 0x7, 0xff, 0xb2, 0xc,
    0x87, 0xff, 0xe9, 0xd0, 0xe7, 0x43, 0xff, 0xd3,
    0x6, 0xc3, 0xff, 0xfb, 0x40, 0xf5, 0xa1, 0xff,
    0xc4, 0xc3, 0xff, 0xaa, 0xa0, 0xa0, 0xff, 0xff,
    0xba, 0x1e, 0xa0, 0x7f, 0xf5, 0x10, 0xff, 0xe2,
    0x41, 0x90, 0xff, 0xff, 0x82, 0xd0, 0xe7, 0x43,
    0xff, 0xc5, 0x6, 0xc3, 0xff, 0xfe, 0x1d, 0x40,
    0xf5, 0x87, 0xff, 0x1, 0xf, 0xfe, 0x9a, 0x82,
    0x83, 0xff, 0xfe, 0x1f, 0x3a, 0x1e, 0xe0, 0xff,
    0xe7, 0xe1, 0xff, 0xc2, 0x83, 0x21, 0xff, 0xff,
    0xf, 0xeb, 0xf, 0x3a, 0x1f, 0xfd, 0xb8, 0x36,
    0x1f, 0xff, 0xf0, 0xff, 0xe0, 0x70, 0x7a, 0xc3,
    0xff, 0xb2, 0xa0, 0xa0, 0xff, 0xff, 0x87, 0xff,
    0x9, 0xd0, 0xf7, 0x7, 0xff, 0x29, 0xf, 0xfe,
    0x4, 0x12, 0x83, 0xff, 0xfe, 0x1f, 0xfc, 0x4a,
    0x7, 0x9d, 0xf, 0xfe, 0xa4, 0x1a, 0xf, 0xff,
    0xf8, 0x7f, 0xf1, 0x9e, 0xf, 0x50, 0x43, 0xff,
    0xa0, 0xa0, 0xa0, 0xff, 0xff, 0x87, 0xff, 0x25,
    0xd0, 0xe7, 0xc1, 0xff, 0xd0, 0x82, 0x50, 0x7f,
    0xff, 0xc3, 0xff, 0x97, 0x40, 0xf2, 0x1f, 0xfc,
    0xf8, 0x34, 0x1f, 0xff, 0xf0, 0xff, 0xe6, 0xba,
    0x1f, 0xfd, 0x35, 0x5, 0x7, 0xff, 0xfc, 0x3f,
    0xfa, 0x16, 0x1f, 0xfd, 0x28, 0x25, 0x7, 0xff,
    0xfc, 0x3f, 0xfa, 0x5c, 0x1f, 0xfc, 0xf8, 0x34,
    0x1f, 0xff, 0xf0, 0xff, 0xea, 0x30, 0x7f, 0xf3,
    0x54, 0x14, 0x1f, 0xff, 0xf0, 0xff, 0xeb, 0x41,
    0xff, 0xc6, 0x83, 0xd0, 0x4a, 0xf, 0xff, 0xf8,
    0x7f, 0xf5, 0x50, 0xff, 0xe3, 0xa8, 0x34, 0x1a,
    0xf, 0xff, 0xf8, 0x7f, 0xf5, 0x58, 0x3f, 0xf9,
    0x14, 0x2, 0x82, 0x83, 0xff, 0xfe, 0x1f, 0xfd,
    0x56, 0xf, 0xfe, 0x53, 0xd0, 0x25, 0x7, 0xff,
    0xfc, 0x3f, 0xfa, 0x6f, 0x7, 0xff, 0x20,

    /* U+0039 "9" */
    0xf, 0xff, 0xf8, 0x7f, 0xfe, 0x9b, 0xff, 0xff,
    0xff, 0xff, 0xd3, 0x42, 0x78, 0x3f, 0xf8, 0x6f,
    0x21, 0xff, 0xff, 0xf, 0xfe, 0x9a, 0x14, 0x3a,
    0x1f, 0xfc, 0x6, 0xf, 0xff, 0xf8, 0x7f, 0xf5,
    0x70, 0xa0, 0xd2, 0x1f, 0xe6, 0xf, 0xff, 0xf8,
    0x7f, 0xf5, 0x60, 0x94, 0x1d, 0x7, 0xfa, 0xf,
    0xff, 0xf8, 0x7f, 0xf5, 0x90, 0xa0, 0xff, 0xe2,
    0x21, 0xff, 0xff, 0xf, 0xfe, 0xb6, 0x14, 0x1f,
    0x90, 0xfc, 0xc1, 0xff, 0xff, 0xf, 0xfe, 0xa4,
    0x12, 0x83, 0xff, 0x8c, 0xe8, 0x7f, 0xff, 0xc3,
    0xff, 0xa4, 0x85, 0x7, 0xff, 0x26, 0x81, 0xff,
    0xff, 0xf, 0xfe, 0x86, 0x14, 0x1f, 0xfc, 0xb7,
    0x43, 0xff, 0xfe, 0x1f, 0xfc, 0xd8, 0x25, 0x7,
    0xf9, 0xf, 0xfe, 0x15, 0x87, 0xff, 0xfc, 0x3f,
    0xf9, 0x88, 0x50, 0x7f, 0xf1, 0xed, 0xf, 0x70,
    0x7f, 0xff, 0xc3, 0xff, 0x93, 0x85, 0x7, 0xff,
    0x2a, 0xc3, 0xce, 0x87, 0xff, 0xfc, 0x3f, 0xf8,
    0xd0, 0x4a, 0xf, 0xfe, 0x67, 0x7, 0xac, 0x3f,
    0xff, 0xe1, 0xff, 0xc5, 0x42, 0x83, 0xff, 0x92,
    0x86, 0x74, 0x3d, 0xc1, 0xff, 0xff, 0xf, 0xfe,
    0x16, 0x14, 0x1f, 0xfd, 0x1a, 0x7, 0x9d, 0xf,
    0xff, 0xf8, 0x7f, 0xd0, 0x4a, 0xf, 0xfe, 0xa,
    0x1f, 0xfc, 0x47, 0x83, 0xd4, 0xf, 0xff, 0xf8,
    0x7f, 0x90, 0xa0, 0xff, 0xea, 0xba, 0x1c, 0xe8,
    0x7f, 0xff, 0xc3, 0xec, 0x28, 0x3f, 0xfb, 0x14,
    0xf, 0x58, 0x7f, 0xff, 0xc3, 0xa0, 0x94, 0x1f,
    0xfc, 0x3c, 0x3f, 0xf9, 0x2e, 0x87, 0xb8, 0x3f,
    0xff, 0xe1, 0x21, 0x41, 0xff, 0xcc, 0x43, 0xff,
    0x87, 0x68, 0x73, 0xa1, 0xff, 0xff, 0xc2, 0x83,
    0xff, 0xbf, 0x40, 0xf5, 0x87, 0xff, 0xf6, 0x9,
    0x41, 0xff, 0xc5, 0x43, 0xff, 0x9c, 0xe8, 0x7b,
    0x83, 0xff, 0xf6, 0x85, 0x7, 0xff, 0x3b, 0xf,
    0xfe, 0x45, 0x87, 0x9d, 0xf, 0xff, 0xc6, 0x14,
    0x1f, 0xfe, 0x6e, 0xf, 0x50, 0x3f, 0xfe, 0xd0,
    0x4a, 0xf, 0xff, 0x3a, 0x1f, 0x3f, 0xff, 0xf6,
    0x42, 0x83, 0xff, 0xa0, 0x87, 0xff, 0xfc, 0x3f,
    0xf9, 0xd0, 0x7f, 0xff, 0xc3, 0xff, 0xd6, 0xa0,
    0xff, 0xe4, 0x21, 0xff, 0xff, 0xf, 0xfe, 0xb4,
    0x1f, 0xff, 0xf0, 0xff, 0xf5, 0xc1, 0xff, 0xca,
    0xc3, 0xff, 0xa8, 0x87, 0xff, 0xf9, 0x41, 0xff,
    0xff, 0xf, 0xff, 0x5c, 0x1f, 0xfd, 0x34, 0x3f,
    0xff, 0xe1, 0xff, 0xcb, 0x43, 0xff, 0x98, 0x87,
    0xff, 0x53, 0xf, 0xff, 0xee, 0x1f, 0xfd, 0x4c,
    0x3f, 0xff, 0xe1, 0xff, 0xff, 0xf, 0x21, 0xff,
    0xff, 0xf, 0xff, 0xf8, 0x7f, 0xfa, 0xd0, 0xff,
    0xea, 0x21, 0xff, 0xff, 0xf, 0xff, 0xf8, 0x7f,
    0xff, 0xc3, 0xff, 0xa2, 0x87, 0xff, 0xfc, 0x3f,
    0xff, 0xe1, 0xff, 0xff, 0xf, 0xff, 0xda, 0x1f,
    0xff, 0xf0, 0xff, 0xe5, 0xe1, 0xff, 0xff, 0xf,
    0xfe, 0x9a, 0x1f, 0xfd, 0x44, 0x3f, 0xff, 0xe1,
    0xff, 0xff, 0xf, 0x61, 0xff, 0xfd, 0xc3, 0xff,
    0x98, 0x87, 0xff, 0xfc, 0x3f, 0xfe, 0x98, 0x7f,
    0xff, 0xc3, 0xff, 0xfe, 0x1e, 0x43, 0xff, 0xfa,
    0x87, 0xff, 0xfc, 0x3f, 0xff, 0xe1, 0xff, 0xc2,
    0x43, 0xff, 0xfe, 0x1f, 0xfe, 0x34, 0x3f, 0xff,
    0xe1, 0xff, 0xff, 0xf, 0xff, 0xf8, 0x7f, 0xfe,
    0xd0, 0xff, 0xff, 0x87, 0xff, 0x2f, 0xf, 0xff,
    0xf8, 0x7f, 0xf4, 0xd0, 0xff, 0xea, 0x21, 0xff,
    0xff, 0xf, 0xff, 0xf8, 0x7b, 0xf, 0xff, 0xf8,
    0x7f, 0xf2, 0xd0, 0xff, 0xff, 0x87, 0xff, 0x4f,
    0xf, 0xfe, 0xa6, 0x1f, 0xff, 0xf0, 0xff, 0xff,
    0x87, 0x90, 0xff, 0xff, 0x87, 0xff, 0xfc, 0x3f,
    0xfd, 0x68, 0x7f, 0xf5, 0x10, 0xff, 0xff, 0x87,
    0xff, 0xfc, 0x3f, 0xff, 0xe1, 0xff, 0xd1, 0x43,
    0xff, 0xfe, 0x1f, 0xff, 0xf0, 0xff, 0xe1, 0x21,
    0xff, 0xff, 0xf, 0xff, 0xf8, 0x7f, 0xff, 0xc3,
    0xb0, 0xff, 0xff, 0x87, 0xff, 0x4d, 0xf, 0xfe,
    0xa2, 0x1f, 0xfc, 0xcc, 0x3f, 0xff, 0xe1, 0xff,
    0xcb, 0x43, 0xff, 0xfe, 0x1f, 0xfd, 0x3c, 0x3f,
    0xff, 0xe1, 0xff, 0xff, 0xf, 0xfe, 0x16, 0x1f,
    0xfc, 0xc4, 0x3f, 0xff, 0xe1, 0xff, 0xff, 0xf,
    0xff, 0x5a, 0x1f, 0xff, 0xf0, 0xff, 0xff, 0x87,
    0xff, 0x9, 0xf, 0xff, 0xf8, 0x7f, 0xf8, 0xd0,
    0xff, 0xff, 0x87, 0xff, 0xfc, 0x3f, 0xf8, 0x48,
    0x7f, 0xff, 0xc3, 0xff, 0xfe, 0x1f, 0xff, 0xf0,
    0xec, 0x3f, 0xff, 0xe1, 0xff, 0xd3, 0x43, 0xff,
    0xa8, 0x87, 0xff, 0x33, 0xf, 0xff, 0xf8, 0x7f,
    0xff, 0xc3, 0xff, 0xfe, 0x1c, 0x87, 0xff, 0xfc,
    0x3f, 0xfa, 0x78, 0x7f, 0xf5, 0x30, 0xff, 0xe6,
    0x21, 0xff, 0xff, 0xf, 0xff, 0xf8, 0x7f, 0xff,
    0xc3, 0xff, 0xfe, 0x1f, 0xff, 0xa4, 0x3f, 0xff,
    0xe1, 0xff, 0xcb, 0xb0, 0xff, 0xff, 0x87, 0xff,
    0xb7, 0x83, 0xff, 0x90, 0x87, 0xff, 0x51, 0xf,
    0xff, 0xf8, 0x1d, 0xf, 0xff, 0xf8, 0x7f, 0xfb,
    0x28, 0x1f, 0xfc, 0x5c, 0x3f, 0xfa, 0x98, 0x6b,
    0xff, 0xff, 0x28, 0x73, 0xc1, 0xff, 0xe4, 0x42,
    0x50, 0x7f, 0xfe, 0x6c, 0x3c, 0xe8, 0x7f, 0xf2,
    0x50, 0xff, 0xe5, 0xe1, 0xa0, 0xff, 0xfe, 0x70,
    0x7a, 0x81, 0xff, 0xc0, 0x43, 0xff, 0xa5, 0x6,
    0xc3, 0xff, 0xfc, 0xe8, 0x73, 0xa1, 0xff, 0xdc,
    0x50, 0x50, 0x7f, 0xff, 0xc1, 0x21, 0xeb, 0xf,
    0xfe, 0x2e, 0x1f, 0xfc, 0x98, 0x32, 0x1f, 0xff,
    0xf0, 0x90, 0xfd, 0xc1, 0xff, 0xd8, 0x83, 0x61,
    0xff, 0xff, 0xb, 0xc, 0x87, 0x3a, 0x1f, 0xfd,
    0x55, 0x5, 0x7, 0xff, 0xfc, 0x28, 0x37, 0x40,
    0xf5, 0x3, 0xff, 0x80, 0x87, 0xff, 0x1e, 0xc,
    0x87, 0xff, 0xfc, 0x24, 0x24, 0xe, 0x87, 0x3c,
    0x21, 0xff, 0xcf, 0x83, 0x61, 0xff, 0xff, 0xb,
    0xd, 0x6, 0xb0, 0xf3, 0xe0, 0xff, 0xe7, 0x28,
    0x28, 0x3f, 0xff, 0xe1, 0x41, 0xa0, 0xfb, 0x83,
    0xc8, 0x7e, 0xd0, 0xff, 0xe2, 0x41, 0x90, 0xff,
    0xff, 0x84, 0x84, 0xa0, 0xfc, 0xe8, 0x7f, 0xf0,
    0xac, 0x3f, 0xf8, 0x50, 0x6c, 0x3f, 0xff, 0xe1,
    0x61, 0xa0, 0xff, 0xa8, 0x1f, 0xfc, 0x3e, 0xf,
    0xf9, 0x41, 0x41, 0xff, 0xff, 0xa, 0xd, 0x7,
    0xff, 0x5, 0xd0, 0xff, 0xe1, 0x3a, 0x1f, 0xd0,
    0x64, 0x3f, 0xff, 0xe1, 0x21, 0x28, 0x3f, 0xf8,
    0x76, 0x1f, 0xfc, 0x3a, 0x7, 0xd0, 0x6c, 0x3f,
    0xff, 0xe1, 0x61, 0xa0, 0xff, 0xeb, 0x3c, 0x19,
    0x41, 0x41, 0xff, 0xff, 0xa, 0xd, 0x7, 0xff,
    0x65, 0xd0, 0x41, 0x90, 0xff, 0xff, 0x84, 0x84,
    0xa0, 0xff, 0xed, 0xd4, 0x1b, 0xf, 0xff, 0xf8,
    0x58, 0x68, 0x3f, 0xfb, 0xaa, 0xa, 0xf, 0xff,
    0xf8, 0x50, 0x68, 0x3f, 0xfc, 0x68, 0x7f, 0xff,
    0xc2, 0x42, 0x50, 0x7f, 0xf2, 0x10, 0xff, 0xe7,
    0x41, 0xff, 0xff, 0x6, 0x1a, 0xf, 0xff, 0x23,
    0xa1, 0xff, 0xfe, 0x83, 0x41, 0xff, 0xe7, 0xb0,
    0xff, 0xfe, 0xa1, 0x28, 0x3f, 0xf9, 0x58, 0x7f,
    0xf4, 0xb8, 0x3f, 0xff, 0x58, 0x68, 0x3f, 0xfd,
    0x6f, 0xff, 0xfe, 0x83, 0x21, 0xff, 0xff, 0xf,
    0xff, 0x66, 0x1f, 0xfc, 0xc4, 0x3f, 0xff, 0xe1,
    0xff, 0xff, 0xf, 0xff, 0xf8, 0x7f, 0xff, 0xc3,
    0xff, 0xf4, 0x87, 0xff, 0xfc, 0x3f, 0xff, 0xe1,
    0xff, 0xff, 0xf, 0xff, 0x92, 0x1f, 0xff, 0xf0,
    0xff, 0xff, 0x87, 0xff, 0xfc, 0x3f, 0xff, 0xe1,
    0xff, 0xff, 0xf, 0xfe, 0x46, 0x1f, 0xff, 0xf0,
    0xff, 0xe9, 0xa1, 0xff, 0xff, 0xf, 0xff, 0xf8,
    0x7f, 0xff, 0xc3, 0xff, 0xb5, 0x87, 0xff, 0x31,
    0xf, 0xff, 0xf8, 0x7f, 0xff, 0xc3, 0xff, 0xfe,
    0x1f, 0xff, 0xf0, 0xff, 0xfd, 0x21, 0xff, 0xff,
    0xf, 0xff, 0xf8, 0x7f, 0xff, 0xc3, 0xff, 0xfe,
    0x1f, 0xff, 0xf0, 0xff, 0xf0, 0x21, 0xff, 0xff,
    0xf, 0xff, 0xf8, 0x7f, 0xff, 0xc3, 0xff, 0xfe,
    0x1f, 0xff, 0xa4, 0x3f, 0xf9, 0x98, 0x7f, 0xff,
    0xc3, 0xff, 0xfe, 0x1f, 0xff, 0xf0, 0xff, 0xff,
    0x87, 0xff, 0xeb, 0xf, 0xfe, 0x62, 0x1f, 0xff,
    0xf0, 0xff, 0xff, 0x87, 0xff, 0xfc, 0x3f, 0xf8,
    0x28, 0x7f, 0xff, 0xc3, 0xff, 0xfe, 0x1f, 0xff,
    0xf0, 0xff, 0xff, 0x87, 0xff, 0xfc, 0x3f, 0xff,
    0xe1, 0xff, 0xff, 0xf, 0xfe, 0x72, 0x1f, 0xff,
    0xf0, 0xff, 0xff, 0x87, 0xff, 0xfc, 0x3f, 0xf8,
    0x28, 0x7f, 0xf3, 0x30, 0xff, 0xff, 0x87, 0xff,
    0xfc, 0x3f, 0xff, 0xe1, 0xff, 0xff, 0xf, 0xff,
    0xd6, 0x1f, 0xfc, 0xc4, 0x3f, 0xff, 0xe1, 0xff,
    0xff, 0xf, 0xff, 0xf8, 0x7f, 0xff, 0xc3, 0xff,
    0xf4, 0x87, 0xff, 0xfc, 0x3f, 0xff, 0xe1, 0xff,
    0xff, 0xf, 0xff, 0xf8, 0x7f, 0xff, 0xc3, 0xff,
    0xc0, 0x87, 0xff, 0xfc, 0x3f, 0xff, 0xe1, 0xff,
    0xff, 0xf, 0xfe, 0xa, 0x1f, 0xff, 0xf0, 0xff,
    0xff, 0x87, 0xb0, 0xff, 0xff, 0x87, 0xff, 0xfc,
    0x3f, 0xff, 0xe1, 0xff, 0xc1, 0xc3, 0xff, 0xfe,
    0x1f, 0xff, 0xf0, 0xf2, 0x1f, 0xff, 0xf0, 0xff,
    0xff, 0x87, 0xff, 0xfc, 0x3f, 0xf8, 0x28, 0x7f,
    0xff, 0xc3, 0xff, 0xfe, 0x1f, 0xff, 0xf0, 0xff,
    0xff, 0x87, 0xff, 0xfc, 0x3f, 0xff, 0xe1, 0xff,
    0xff, 0xf, 0xfe, 0x72, 0x1f, 0xff, 0xf0, 0xff,
    0xff, 0x87, 0xff, 0xfc, 0x3f, 0xf8, 0x28, 0x7f,
    0xff, 0xc3, 0xff, 0xfe, 0x1e, 0xc3, 0xff, 0xfe,
    0x1f, 0xfd, 0x3c, 0x3f, 0xff, 0xe1, 0xff, 0xff,
    0xf, 0x21, 0xff, 0xff, 0xf, 0xff, 0xf8, 0x7f,
    0xff, 0xc3, 0xff, 0x82, 0x87, 0xff, 0xfc, 0x3f,
    0xff, 0xe1, 0xff, 0xff, 0xf, 0xff, 0xf8, 0x7f,
    0xf2, 0x7f, 0xff, 0xec, 0x87, 0xd0, 0x7f, 0xfb,
    0x30, 0xff, 0xfb, 0x58, 0x79, 0xd0, 0xff, 0xe4,
    0xa1, 0xff, 0xd3, 0x83, 0xff, 0xf3, 0xc1, 0xea,
    0x7, 0xff, 0xa1, 0xf, 0xff, 0xd3, 0xa1, 0xce,
    0x87, 0xff, 0x97, 0xf, 0xff, 0xed, 0x3, 0xd6,
    0x87, 0xff, 0x13, 0xf, 0xfe, 0x8c, 0x1f, 0xff,
    0xf7, 0x43, 0xd4, 0xf, 0xff, 0xa, 0x1f, 0xff,
    0xf0, 0x5a, 0x1c, 0xe8, 0x7f, 0xf7, 0xb0, 0xff,
    0xff, 0x87, 0x50, 0x3d, 0x61, 0xff, 0xc0, 0x43,
    0xff, 0x9f, 0x7, 0xff, 0xfc, 0x3e, 0x74, 0x3d,
    0xc1, 0xff, 0xda, 0x43, 0xff, 0xfe, 0x1f, 0xd6,
    0x1e, 0x74, 0x3f, 0xfa, 0xf8, 0x7f, 0xff, 0xc3,
    0xff, 0x81, 0xc1, 0xeb, 0xf, 0xfe, 0xac, 0x1f,
    0xff, 0xf0, 0xff, 0xe1, 0x3a, 0x1e, 0xe0, 0xff,
    0xe9, 0x28, 0x3f, 0xff, 0xe1, 0xff, 0xc4, 0xa0,
    0x79, 0xd0, 0xff, 0xe8, 0x41, 0xff, 0xff, 0xf,
    0xfe, 0x33, 0xc1, 0xea, 0x8, 0x7f, 0xf3, 0x20,
    0xff, 0xff, 0x87, 0xff, 0x25, 0xd0, 0xe7, 0xc1,
    0xff, 0xcb, 0x50, 0x7f, 0xff, 0xc3, 0xff, 0x97,
    0x40, 0xf2, 0x1f, 0xfc, 0xb8, 0x3f, 0xff, 0xe1,
    0xff, 0xcd, 0x74, 0x3f, 0xf9, 0xf0, 0x7f, 0xff,
    0xc3, 0xff, 0xa1, 0x61, 0xff, 0xcd, 0x50, 0x7f,
    0xff, 0xc3, 0xff, 0xa5, 0xc1, 0xff, 0xcb, 0x83,
    0xff, 0xfe, 0x1f, 0xfd, 0x46, 0xf, 0xfe, 0x4c,
    0x1f, 0xff, 0xf0, 0xff, 0xeb, 0x41, 0xff, 0xc8,
    0x50, 0x7f, 0xff, 0xc3, 0xff, 0xaa, 0x87, 0xff,
    0x26, 0xf, 0xff, 0xf8, 0x7f, 0xf5, 0x58, 0x3f,
    0xf9, 0x10, 0x7f, 0xff, 0xc3, 0xff, 0xaa, 0xc1,
    0xff, 0xc8, 0x50, 0x7f, 0xff, 0xc3, 0xff, 0xa6,
    0xf0, 0x7f, 0xf2, 0x0,

    /* U+003A ":" */
    0xf, 0xfe, 0x1b, 0x7f, 0xa0, 0xff, 0xe4, 0xbc,
    0x87, 0x9e, 0xf, 0xfe, 0x35, 0x3, 0xfe, 0x70,
    0xff, 0xe2, 0x68, 0x7f, 0xf0, 0xb4, 0x3f, 0xf8,
    0x38, 0x7f, 0xf1, 0x60, 0xff, 0xe0, 0x41, 0xff,
    0xc7, 0xc3, 0xfc, 0xa0, 0xff, 0xe4, 0x21, 0xfd,
    0x7, 0xff, 0x26, 0xf, 0xfe, 0xa2, 0x1f, 0x21,
    0xff, 0xcb, 0xc3, 0xec, 0x3f, 0xf9, 0x68, 0x7f,
    0xf6, 0xd0, 0xff, 0xe9, 0xa1, 0xff, 0xeb, 0x43,
    0xec, 0x3f, 0xf9, 0x78, 0x7c, 0x87, 0xff, 0x2d,
    0xf, 0xc8, 0x7f, 0xf4, 0xe0, 0xff, 0xe4, 0xe1,
    0xfe, 0x83, 0xff, 0x8e, 0x87, 0xfc, 0xa0, 0xff,
    0xe3, 0x41, 0xff, 0xc0, 0x90, 0xff, 0xe2, 0x61,
    0xff, 0xc2, 0xa0, 0x7f, 0xf0, 0x5c, 0x3f, 0xf8,
    0x8f, 0x7, 0xf3, 0xc1, 0xff, 0xc7, 0x7d, 0x2d,
    0x4e, 0xf, 0xfe, 0x63, 0x52, 0x83, 0xff, 0xfe,
    0x1f, 0xff, 0xf0, 0xff, 0xff, 0x87, 0xff, 0xfc,
    0x3f, 0xff, 0xe1, 0xff, 0xff, 0xf, 0xff, 0xf8,
    0x7f, 0xff, 0xc3, 0xff, 0xfe, 0x1f, 0xff, 0xf0,
    0xff, 0xff, 0x87, 0xff, 0xfc, 0x3f, 0xff, 0xe1,
    0xff, 0xff, 0xf, 0xff, 0xf8, 0x7f, 0xff, 0xc3,
    0xff, 0xfe, 0x1f, 0xff, 0xf0, 0xff, 0xff, 0x87,
    0xff, 0xfc, 0x3f, 0xff, 0xe1, 0xff, 0xff, 0xf,
    0xff, 0xf8, 0x7f, 0xff, 0xc3, 0xfc, 0xd7, 0x21,
    0xff, 0xca, 0x7d, 0x2f, 0x5c, 0x1f, 0xfc, 0x7a,
    0x7, 0xf9, 0xe0, 0xff, 0xe2, 0x68, 0x7f, 0xf0,
    0x58, 0x3f, 0xf8, 0x58, 0x7f, 0xf1, 0x18, 0x3f,
    0xf8, 0x10, 0x7f, 0xf1, 0x94, 0x1f, 0xe5, 0x7,
    0xff, 0x1e, 0xf, 0xf4, 0x1f, 0xfc, 0x98, 0x3f,
    0xfa, 0x68, 0x7e, 0x83, 0xff, 0x96, 0x87, 0xc8,
    0x7f, 0xf2, 0xf0, 0xff, 0xf9, 0xa1, 0xff, 0xd3,
    0x43, 0xff, 0xb6, 0x87, 0xff, 0x2f, 0xf, 0xb0,
    0xff, 0xe5, 0xa1, 0xf2, 0x1f, 0xfc, 0xa4, 0x3f,
    0xa0, 0xff, 0xe4, 0xc1, 0xfc, 0x87, 0xff, 0x21,
    0xf, 0xfb, 0xf, 0xfe, 0x3c, 0x1f, 0xfc, 0x8,
    0x3f, 0xf8, 0xb8, 0x7f, 0xf0, 0x5c, 0x3f, 0xf8,
    0x4e, 0x1f, 0xfc, 0x4e, 0xf, 0xfa, 0x81, 0xff,
    0xc6, 0x79, 0xe, 0x7c, 0x87, 0xff, 0x4,

    /* U+0041 "A" */
    0xf, 0xfe, 0x53, 0x7f, 0xff, 0xff, 0xff, 0xfa,
    0x68, 0x7f, 0xf4, 0x9e, 0x43, 0xff, 0xfe, 0x1f,
    0xfd, 0x34, 0x27, 0xc8, 0x7f, 0xf2, 0x98, 0x3f,
    0xff, 0xe1, 0xff, 0xd5, 0xc3, 0x40, 0xa0, 0x7f,
    0xf2, 0x18, 0x3f, 0xff, 0xe1, 0xff, 0xd5, 0x83,
    0x41, 0x94, 0x1f, 0xfc, 0x78, 0x3f, 0xff, 0xe1,
    0xff, 0xd6, 0x42, 0x50, 0x74, 0x1f, 0xfc, 0x64,
    0x3f, 0xff, 0xe1, 0xff, 0xd6, 0xc3, 0x41, 0xff,
    0xcd, 0x60, 0xff, 0xff, 0x87, 0xff, 0x52, 0xd,
    0x7, 0xe4, 0x3f, 0xf8, 0xce, 0x87, 0xff, 0xfc,
    0x3f, 0xfa, 0x48, 0x4a, 0xf, 0xfe, 0x8d, 0x3,
    0xff, 0xfe, 0x1f, 0xfd, 0xc, 0x34, 0x1f, 0xfd,
    0x37, 0x43, 0xff, 0xfe, 0x1f, 0xfc, 0xd8, 0x34,
    0x1f, 0xfd, 0x6b, 0xf, 0xff, 0xf8, 0x7f, 0xf3,
    0x10, 0x94, 0x1f, 0xe4, 0x3f, 0xf8, 0x96, 0x87,
    0xb8, 0x3f, 0xff, 0xe1, 0xff, 0xc9, 0xc3, 0x41,
    0xff, 0xd2, 0xb0, 0xf3, 0xa1, 0xff, 0xff, 0xf,
    0xfe, 0x34, 0x1a, 0xf, 0xfe, 0xaf, 0x7, 0xac,
    0x3f, 0xff, 0xe1, 0xff, 0xc5, 0x42, 0x50, 0x7f,
    0xf4, 0x50, 0xce, 0x87, 0xb8, 0x3f, 0xff, 0xe1,
    0xff, 0xc2, 0xc3, 0x41, 0xff, 0xd9, 0xa0, 0x79,
    0xd0, 0xff, 0xff, 0x87, 0xfd, 0x6, 0x83, 0xff,
    0xb6, 0xf0, 0x7a, 0x81, 0xff, 0xff, 0xf, 0xf2,
    0x12, 0x83, 0xff, 0x82, 0x87, 0xff, 0x3d, 0xd0,
    0xe7, 0x43, 0xff, 0xfe, 0x1f, 0x61, 0xa0, 0xff,
    0xf0, 0x50, 0x3d, 0x61, 0xff, 0xff, 0xe, 0x83,
    0x41, 0xff, 0xe2, 0x74, 0x3d, 0xc1, 0xff, 0xff,
    0x9, 0x9, 0x41, 0xff, 0xc3, 0xc3, 0xff, 0x88,
    0x87, 0xff, 0xe, 0xd0, 0xe7, 0x43, 0xff, 0xff,
    0x86, 0x83, 0xff, 0xcf, 0x40, 0xf5, 0x87, 0xff,
    0xf6, 0xd, 0x7, 0xff, 0xa5, 0xd0, 0xf7, 0x7,
    0xff, 0xed, 0x9, 0x41, 0xff, 0xc5, 0x43, 0xff,
    0x89, 0x87, 0xff, 0x22, 0xc3, 0xce, 0x87, 0xff,
    0xe3, 0xd, 0x7, 0xff, 0xbb, 0x83, 0xd4, 0xf,
    0xff, 0xb4, 0x1a, 0xf, 0xff, 0x82, 0x1f, 0x3f,
    0xff, 0xf6, 0x42, 0x50, 0x7f, 0xf6, 0x10, 0xff,
    0xff, 0x87, 0xff, 0x3e, 0xf, 0xff, 0xf8, 0x7f,
    0xfd, 0x20, 0xff, 0xe4, 0x21, 0xff, 0xff, 0xf,
    0xfe, 0xfa, 0x83, 0xff, 0xfe, 0x1f, 0xff, 0x48,
    0x3f, 0xfe, 0x68, 0x7f, 0xff, 0xe0, 0xff, 0xe5,
    0x61, 0xff, 0xff, 0xf, 0xfe, 0xea, 0x83, 0xff,
    0xb6, 0x87, 0xff, 0xfc, 0x3f, 0xf9, 0x90, 0x7f,
    0xfd, 0x70, 0xff, 0xfe, 0xa1, 0xff, 0xcc, 0x43,
    0xff, 0xfe, 0x1f, 0xfd, 0xcc, 0x3f, 0xfb, 0xb8,
    0x7f, 0xff, 0xc3, 0xff, 0xfe, 0x1f, 0xfc, 0x34,
    0x3f, 0xff, 0xe1, 0xff, 0xff, 0xf, 0xff, 0xa2,
    0x1f, 0xfd, 0xd4, 0x3f, 0xff, 0xe1, 0xff, 0xff,
    0xf, 0xff, 0xf8, 0x7f, 0xf6, 0x90, 0xff, 0xff,
    0x87, 0xff, 0xfc, 0x3f, 0xfa, 0x88, 0x7f, 0xff,
    0xc3, 0xff, 0xfe, 0x1f, 0xff, 0x44, 0x3f, 0xf9,
    0x98, 0x7f, 0xf1, 0x10, 0xff, 0xff, 0x87, 0xff,
    0xfc, 0x3f, 0xf8, 0x78, 0x7f, 0xff, 0xc3, 0xff,
    0x96, 0x87, 0xff, 0xfc, 0x3f, 0xfb, 0x98, 0x7f,
    0xf7, 0x70, 0xff, 0xff, 0x87, 0xff, 0xfc, 0x3f,
    0xf8, 0x68, 0x7f, 0xff, 0xc3, 0xff, 0xfe, 0x1f,
    0xff, 0x44, 0x3f, 0xfb, 0xa8, 0x7f, 0xff, 0xc3,
    0xff, 0xfe, 0x1f, 0xff, 0xf0, 0xff, 0xed, 0x21,
    0xff, 0xff, 0xf, 0xff, 0xf8, 0x7f, 0xf5, 0x10,
    0xff, 0xff, 0x87, 0xff, 0xfc, 0x3f, 0xff, 0xe1,
    0xff, 0xc2, 0xc3, 0xff, 0xfe, 0x1f, 0xfd, 0xc4,
    0x3f, 0xfb, 0xa8, 0x7f, 0xf3, 0x30, 0xff, 0xff,
    0x87, 0xff, 0xfc, 0x3f, 0xff, 0xe1, 0xff, 0xc2,
    0x43, 0xff, 0xfe, 0x1f, 0xfd, 0xcc, 0x3f, 0xfb,
    0xb8, 0x7f, 0xf3, 0x10, 0xff, 0xff, 0x87, 0xff,
    0xfc, 0x3f, 0xff, 0xe1, 0xff, 0xff, 0xf, 0xff,
    0x5a, 0x1f, 0xfd, 0xd4, 0x3f, 0xff, 0xe1, 0xff,
    0xff, 0xf, 0xff, 0xf8, 0x7f, 0xf6, 0x90, 0xff,
    0xff, 0x87, 0xff, 0xfc, 0x3f, 0xfa, 0x88, 0x7f,
    0xff, 0xc3, 0xff, 0x97, 0x87, 0xff, 0xfc, 0x3f,
    0xfb, 0x88, 0x7f, 0xff, 0xc3, 0xff, 0xfe, 0x1f,
    0xfd, 0x44, 0x3f, 0xf9, 0x98, 0x7f, 0xff, 0xc3,
    0xff, 0x96, 0x87, 0xff, 0xfc, 0x3f, 0xfb, 0x98,
    0x7f, 0xf7, 0x70, 0xff, 0xe6, 0x21, 0xff, 0xff,
    0xf, 0xff, 0xf8, 0x7f, 0xff, 0xc3, 0xff, 0xfe,
    0x1f, 0xfe, 0xb4, 0x3f, 0xfb, 0xa8, 0x7f, 0xff,
    0xc3, 0xff, 0xfe, 0x1f, 0xff, 0xf0, 0xff, 0xed,
    0x21, 0xff, 0xff, 0xf, 0xff, 0xf8, 0x7f, 0xf5,
    0x10, 0xff, 0xff, 0x87, 0xff, 0xfc, 0x3f, 0xff,
    0xe1, 0xff, 0xc2, 0xc3, 0xff, 0xfe, 0x1f, 0xfd,
    0xc4, 0x3f, 0xfb, 0xa8, 0x7f, 0xf3, 0x30, 0xff,
    0xff, 0x87, 0xff, 0xfc, 0x3f, 0xff, 0xe1, 0xff,
    0xc2, 0x43, 0xff, 0xfe, 0x1f, 0xfd, 0xcc, 0x3f,
    0xfb, 0xb8, 0x7f, 0xf3, 0x10, 0xff, 0xff, 0x87,
    0xff, 0xfc, 0x3f, 0xff, 0xe1, 0xff, 0xff, 0xf,
    0xff, 0x5e, 0x1f, 0xfd, 0xd4, 0x3f, 0xff, 0xe1,
    0xff, 0xcb, 0x74, 0x3f, 0xf9, 0x28, 0x7f, 0xff,
    0xc3, 0xff, 0xbf, 0x61, 0xff, 0xf2, 0x43, 0xff,
    0xfe, 0x17, 0x7, 0xff, 0xfc, 0x3f, 0xfe, 0xae,
    0x87, 0xff, 0x13, 0xf, 0xfe, 0xec, 0x1b, 0xff,
    0xff, 0x50, 0x7a, 0x81, 0xff, 0xec, 0x43, 0x41,
    0xff, 0xfa, 0x74, 0x39, 0xd0, 0xff, 0xe9, 0x21,
    0xff, 0xcb, 0x82, 0x50, 0x7f, 0xff, 0x28, 0x1e,
    0xb0, 0xff, 0xe0, 0x21, 0xff, 0xdb, 0x83, 0x41,
    0xff, 0xfe, 0x74, 0x3d, 0xc1, 0xff, 0xe5, 0x50,
    0x50, 0x7f, 0xff, 0xc1, 0x21, 0xe7, 0x43, 0xff,
    0x9b, 0x87, 0xff, 0x26, 0x9, 0x41, 0xff, 0xff,
    0x2, 0x83, 0xf5, 0x87, 0xff, 0x86, 0xd, 0x7,
    0xff, 0xfc, 0x28, 0x32, 0x1e, 0xe0, 0xff, 0xe5,
    0x21, 0xff, 0xc7, 0x50, 0x50, 0x7f, 0xff, 0xc2,
    0x83, 0x76, 0x1e, 0x74, 0x3f, 0xfb, 0x90, 0x4a,
    0xf, 0xff, 0xf8, 0x14, 0x14, 0x17, 0x7, 0xa8,
    0x21, 0xff, 0xd8, 0x83, 0x41, 0xff, 0xff, 0xa,
    0xc, 0x86, 0x74, 0x39, 0xf0, 0x7f, 0xf1, 0x50,
    0xff, 0xe2, 0xa8, 0x28, 0x3f, 0xff, 0xe1, 0x41,
    0xb0, 0xfa, 0x81, 0xe4, 0x3f, 0xf8, 0xb4, 0xf,
    0xfe, 0x24, 0x12, 0x83, 0xff, 0xfe, 0x5, 0x5,
    0x7, 0xf3, 0xc1, 0xff, 0xcb, 0x74, 0x3f, 0xf8,
    0x30, 0x68, 0x3f, 0xff, 0xe1, 0x41, 0x90, 0xff,
    0x9d, 0xf, 0xfe, 0x5d, 0x87, 0xfc, 0xa0, 0xa0,
    0xff, 0xff, 0x85, 0x6, 0xc3, 0xff, 0x85, 0x40,
    0xff, 0xe6, 0x70, 0x7f, 0x41, 0x28, 0x3f, 0xff,
    0xe0, 0x50, 0x50, 0x7f, 0xf1, 0x1c, 0x3f, 0xf8,
    0xa8, 0x79, 0xd0, 0xf4, 0x1a, 0xf, 0xff, 0xf8,
    0x50, 0x64, 0x3f, 0xfa, 0xfe, 0x83, 0xd4, 0xc,
    0xa0, 0xa0, 0xff, 0xff, 0x85, 0x6, 0xc3, 0xff,
    0xb4, 0xe8, 0x73, 0xa0, 0x82, 0x50, 0x7f, 0xff,
    0xc0, 0xa0, 0xa0, 0xff, 0xee, 0xd0, 0x3d, 0x70,
    0x68, 0x3f, 0xff, 0xe1, 0x41, 0x90, 0xff, 0xec,
    0xa1, 0x9d, 0xf, 0x21, 0x41, 0xff, 0xff, 0xa,
    0xd, 0x87, 0xff, 0x86, 0xc3, 0xf9, 0xf, 0xff,
    0xf8, 0x14, 0x14, 0x1f, 0xfc, 0x94, 0x3f, 0xf9,
    0xdc, 0x1f, 0x61, 0xff, 0xff, 0x4, 0x19, 0xf,
    0xff, 0x2b, 0xa1, 0xee, 0xf, 0xff, 0xf4, 0x1b,
    0xf, 0xff, 0x45, 0x87, 0x9d, 0xf, 0xff, 0xda,
    0x82, 0x83, 0xff, 0x97, 0x87, 0xff, 0x4f, 0x83,
    0xd4, 0xf, 0xff, 0xd4, 0x19, 0xf, 0xfe, 0xe2,
    0x1f, 0xfc, 0x37, 0x43, 0x9f, 0xff, 0xfd, 0x6,
    0x43, 0xff, 0x98, 0x87, 0xff, 0x5a, 0x81, 0xff,
    0xff, 0xd, 0x87, 0xff, 0xc1, 0xe0, 0xff, 0xff,
    0x87, 0xff, 0x83, 0xf, 0xfe, 0x43, 0xa1, 0xff,
    0xff, 0xf, 0xff, 0xad, 0x3, 0xff, 0xfc, 0x87,
    0xff, 0xd5, 0xf, 0xff, 0xf8, 0x7f, 0xf7, 0x50,
    0xff, 0xff, 0x87, 0xff, 0x8d, 0xf, 0xfe, 0xea,
    0x1f, 0xff, 0xf0, 0xff, 0xff, 0x87, 0xff, 0xfc,
    0x3f, 0xff, 0xe1, 0xff, 0xeb, 0x43, 0xff, 0x99,
    0x87, 0xff, 0x77, 0xf, 0xff, 0xf8, 0x7f, 0xf7,
    0x10, 0xff, 0xff, 0x87, 0xff, 0xfc, 0x3f, 0xff,
    0xe1, 0xff, 0xc2, 0xc3, 0xff, 0x98, 0x87, 0xff,
    0x75, 0xf, 0xff, 0xf8, 0x7f, 0xf7, 0x30, 0xff,
    0xff, 0x87, 0xff, 0xfc, 0x3f, 0xff, 0xe1, 0xff,
    0xc2, 0x43, 0xff, 0xfe, 0x1f, 0xff, 0xf0, 0xff,
    0xea, 0x21, 0xff, 0xff, 0xf, 0xff, 0xf8, 0x7f,
    0xff, 0xc3, 0xff, 0xb4, 0x87, 0xff, 0x75, 0xf,
    0xff, 0xf8, 0x7f, 0xff, 0xc3, 0xff, 0xfe, 0x1f,
    0xff, 0xf0, 0xff, 0xf5, 0xa1, 0xff, 0xcc, 0xc3,
    0xff, 0xbb, 0x87, 0xff, 0xfc, 0x3f, 0xfb, 0x88,
    0x7f, 0xff, 0xc3, 0xff, 0x97, 0x87, 0xff, 0x31,
    0xf, 0xfe, 0xea, 0x1f, 0xff, 0xf0, 0xff, 0xff,
    0x87, 0xff, 0xfc, 0x3f, 0xfa, 0x78, 0x7f, 0xff,
    0xc3, 0xff, 0x96, 0x87, 0xff, 0xfc, 0x3f, 0xff,
    0xe1, 0xff, 0xd4, 0x43, 0xff, 0xfe, 0x1f, 0xff,
    0xf0, 0xff, 0xff, 0x87, 0xff, 0x69, 0xf, 0xfe,
    0xea, 0x1f, 0xff, 0xf0, 0xff, 0xff, 0x87, 0xff,
    0xfc, 0x3f, 0xff, 0xe1, 0xff, 0xeb, 0x43, 0xff,
    0x99, 0x87, 0xff, 0x77, 0xf, 0xff, 0xf8, 0x7f,
    0xf7, 0x10, 0xff, 0xff, 0x87, 0xff, 0xfc, 0x3f,
    0xff, 0xe1, 0xff, 0xc2, 0xc3, 0xff, 0x98, 0x87,
    0xff, 0x75, 0xf, 0xff, 0xf8, 0x7f, 0xf7, 0x30,
    0xff, 0xff, 0x87, 0xff, 0x2d, 0xf, 0xff, 0xf8,
    0x7f, 0xff, 0xc3, 0xff, 0xfe, 0x1f, 0xff, 0xf0,
    0xff, 0xe5, 0xa1, 0xff, 0xff, 0xf, 0xff, 0xf8,
    0x7f, 0xf0, 0x90, 0xff, 0xff, 0x87, 0xff, 0x2d,
    0xf, 0xff, 0xf8, 0x7f, 0xff, 0xc3, 0xff, 0xfe,
    0x1f, 0xfd, 0x34, 0x3f, 0xfe, 0xd8, 0x7f, 0xff,
    0xc3, 0xff, 0x97, 0x87, 0xff, 0xfc, 0x3f, 0xff,
    0xe1, 0xf2, 0x1f, 0xff, 0xf0, 0xff, 0xe5, 0xe1,
    0xff, 0xf6, 0x43, 0xff, 0xfe, 0x1f, 0xfc, 0xb4,
    0x3f, 0xf8, 0x98, 0x7f, 0xff, 0xc3, 0xff, 0xfe,
    0x1f, 0xff, 0xf0, 0xff, 0xe1, 0x21, 0xff, 0xff,
    0xf, 0xff, 0xf8, 0x7f, 0xf5, 0x10, 0xff, 0xff,
    0x87, 0xff, 0xfc, 0x3f, 0xff, 0xe1, 0xff, 0xda,
    0x43, 0xff, 0xba, 0x87, 0xff, 0xfc, 0x3f, 0xff,
    0xe1, 0xff, 0xf4, 0x43, 0xff, 0xed, 0x7, 0xff,
    0xfc, 0x3f, 0xf9, 0x78, 0x7f, 0xf7, 0x20, 0xff,
    0xff, 0x87, 0xff, 0x75, 0xf, 0xfe, 0x52, 0x83,
    0xff, 0xfd, 0x87, 0xff, 0xd2, 0xf, 0xff, 0xf8,
    0x7f, 0xf3, 0x50, 0xff, 0xed, 0x41, 0xff, 0xff,
    0xf, 0xfe, 0xfe, 0x1f, 0xfc, 0x85, 0x7, 0xff,
    0xfc, 0x43, 0xff, 0xe5, 0x7, 0xff, 0xfc, 0x3f,
    0xfe, 0x90, 0x7f, 0xff, 0xc3, 0xff, 0xc2, 0x87,
    0xff, 0x19, 0x41, 0xff, 0xff, 0xb, 0x43, 0xff,
    0xdf, 0x7, 0xff, 0xfc, 0x3a, 0x81, 0xff, 0xc9,
    0x43, 0xff, 0xaf, 0x7, 0xff, 0xfc, 0x3e, 0x74,
    0x3f, 0xfd, 0x4a, 0xf, 0xff, 0xf8, 0x7f, 0x58,
    0x7f, 0xfa, 0x60, 0xff, 0xff, 0x87, 0xff, 0x3,
    0x83, 0xff, 0x89, 0x87, 0xff, 0x11, 0xf, 0xfe,
    0x24, 0x1f, 0xff, 0xf0, 0xff, 0xe1, 0x3a, 0x1f,
    0xfe, 0x35, 0x7, 0xff, 0xfc, 0x3f, 0xf8, 0x96,
    0x1f, 0xfe, 0x28, 0x3f, 0xff, 0xe1, 0xff, 0xc7,
    0xe0, 0xff, 0x90, 0xff, 0xe2, 0x61, 0xff, 0xc2,
    0x83, 0xff, 0xfe, 0x1f, 0xfc, 0x97, 0x43, 0xff,
    0xb8, 0xa0, 0xff, 0xff, 0x87, 0xff, 0x2e, 0x81,
    0xff, 0xdb, 0x83, 0xff, 0xfe, 0x1f, 0xfc, 0xd7,
    0x83, 0xff, 0x96, 0x87, 0xff, 0x2, 0xf, 0xff,
    0xf8, 0x7f, 0xf4, 0x1d, 0xf, 0xfe, 0xaa, 0x83,
    0xff, 0xfe, 0x1f, 0xfd, 0x2a, 0x1, 0xf, 0xfe,
    0x8c, 0x1f, 0xff, 0xf0, 0xff, 0xea, 0x3a, 0x1f,
    0xfd, 0x18, 0x3f, 0xff, 0xe1, 0xff, 0xd7, 0xa0,
    0x7f, 0xf4, 0x10, 0xff, 0xff, 0x87, 0xff, 0xd3,
    0xf, 0xff, 0xf8, 0x7f, 0xfd, 0x20, 0xff, 0xff,
    0x87, 0xff, 0xd5, 0xf, 0xff, 0xf8, 0x7f, 0xfd,
    0x30, 0xff, 0xff, 0x87, 0xff, 0xb5, 0xf, 0x41,
    0xff, 0xff, 0xf, 0xff, 0x74, 0x1e, 0x43, 0xff,
    0xfe, 0x1f, 0xfe, 0xfc, 0x36, 0x1f, 0xff, 0xf0,
    0xff, 0xf8, 0xe9, 0x7, 0xff, 0xfc, 0x3f, 0xfe,
    0x76, 0x87, 0xff, 0xfc, 0x3f, 0xfd, 0xe0,

    /* U+004D "M" */
    0xf, 0xfe, 0x53, 0x7f, 0xff, 0xff, 0xff, 0xfa,
    0x68, 0x64, 0x3f, 0xf9, 0xaf, 0x21, 0xff, 0xff,
    0xf, 0xfe, 0x9a, 0x15, 0x38, 0x3f, 0xf9, 0x4c,
    0x1f, 0xff, 0xf0, 0xff, 0xea, 0xe1, 0x90, 0x30,
    0x7f, 0xf2, 0x18, 0x3f, 0xff, 0xe1, 0xff, 0xd5,
    0x83, 0x61, 0x98, 0x3f, 0xf8, 0xf0, 0x7f, 0xff,
    0xc3, 0xff, 0xac, 0x85, 0x7, 0x90, 0xff, 0xe3,
    0x21, 0xff, 0xff, 0xf, 0xfe, 0xb6, 0x19, 0xf,
    0x90, 0xff, 0xe2, 0xb0, 0x7f, 0xff, 0xc3, 0xff,
    0xa9, 0x6, 0xc3, 0xff, 0x9e, 0xe8, 0x7f, 0xff,
    0xc3, 0xff, 0xa4, 0x85, 0x7, 0xff, 0x4a, 0x81,
    0xff, 0xff, 0xf, 0xfe, 0x86, 0x19, 0xf, 0xfe,
    0x9b, 0xa1, 0xff, 0xff, 0xf, 0xfe, 0x6c, 0x1b,
    0xf, 0xfe, 0xb5, 0x87, 0xff, 0xfc, 0x3f, 0xf9,
    0x88, 0x50, 0x7f, 0xc8, 0x7f, 0xf1, 0x2d, 0xf,
    0x70, 0x7f, 0xff, 0xc3, 0xff, 0x93, 0x86, 0x43,
    0xff, 0xa5, 0x61, 0xe7, 0x43, 0xff, 0xfe, 0x1f,
    0xfc, 0x68, 0x36, 0x1f, 0xfd, 0x5e, 0xf, 0x58,
    0x7f, 0xff, 0xc3, 0xff, 0x8a, 0x85, 0x7, 0xff,
    0x49, 0xc, 0xe8, 0x7b, 0x83, 0xff, 0xfe, 0x1f,
    0xfc, 0x2c, 0x32, 0x1f, 0xfd, 0x9a, 0x7, 0x9d,
    0xf, 0xff, 0xf8, 0x7f, 0xd0, 0x6c, 0x3f, 0xfb,
    0x6f, 0x7, 0xa8, 0x1f, 0xff, 0xf0, 0xff, 0x21,
    0x41, 0xff, 0xc2, 0x43, 0xff, 0x9e, 0xe8, 0x73,
    0xa1, 0xff, 0xff, 0xf, 0xb0, 0xc8, 0x7f, 0xf8,
    0x28, 0x1e, 0xb0, 0xff, 0xff, 0x87, 0x41, 0xb0,
    0xff, 0xf1, 0x3a, 0x1e, 0xe0, 0xff, 0xff, 0x84,
    0x85, 0x7, 0xff, 0x13, 0xf, 0xfe, 0x22, 0x1f,
    0xfc, 0x3b, 0x43, 0x9d, 0xf, 0xff, 0xfe, 0x19,
    0xf, 0xff, 0x3d, 0x3, 0xd6, 0x1f, 0xff, 0xd8,
    0x36, 0x1f, 0xfc, 0x54, 0x3f, 0xfa, 0xee, 0x87,
    0xb8, 0x3f, 0xff, 0x68, 0x50, 0x7f, 0xf5, 0xf0,
    0xff, 0xe4, 0x58, 0x79, 0xd0, 0xff, 0xfc, 0x61,
    0x90, 0xff, 0xf7, 0x70, 0x7a, 0x81, 0xff, 0xf6,
    0x83, 0x61, 0xff, 0xf0, 0x43, 0xe7, 0xff, 0xfe,
    0xc8, 0x50, 0x7f, 0xf6, 0x50, 0xff, 0xff, 0x87,
    0xff, 0x3d, 0xf, 0xff, 0xf8, 0x7f, 0xfd, 0x30,
    0xff, 0xe4, 0x21, 0xff, 0xff, 0xf, 0xfe, 0xfc,
    0x1f, 0xff, 0xf0, 0xff, 0xfa, 0xa1, 0xff, 0xf3,
    0x43, 0xff, 0xff, 0x87, 0xff, 0x2b, 0xf, 0xff,
    0xf8, 0x7f, 0xf7, 0x60, 0xff, 0xee, 0x21, 0xff,
    0xff, 0xf, 0xfe, 0x5a, 0x83, 0xff, 0xeb, 0x87,
    0xff, 0xfc, 0x3f, 0xf9, 0x68, 0x7f, 0xff, 0xc3,
    0xff, 0xb9, 0x87, 0xff, 0x77, 0xf, 0xff, 0xf8,
    0x7f, 0xff, 0xc3, 0xff, 0x86, 0x87, 0xff, 0xf5,
    0xf, 0xfe, 0xea, 0x1f, 0xff, 0xf0, 0xff, 0xff,
    0x87, 0xff, 0xfc, 0x3f, 0xff, 0xe1, 0xff, 0xff,
    0xf, 0xfe, 0x8a, 0x1f, 0xff, 0xf0, 0xff, 0xff,
    0x87, 0xff, 0x51, 0xf, 0xff, 0xf8, 0x7f, 0xf2,
    0xf0, 0xff, 0xff, 0x87, 0xff, 0x71, 0xf, 0xfe,
    0xea, 0x1f, 0xff, 0xf0, 0xff, 0xff, 0x87, 0xff,
    0xf, 0xf, 0xff, 0xf8, 0x7f, 0xf2, 0xd0, 0xff,
    0xff, 0x87, 0xff, 0x73, 0xf, 0xfe, 0xee, 0x1f,
    0xff, 0xf0, 0xff, 0xff, 0x87, 0xff, 0xd, 0xf,
    0xff, 0xf8, 0x7f, 0xff, 0xc3, 0xff, 0xe8, 0x87,
    0xff, 0x75, 0xf, 0xff, 0xf8, 0x7f, 0xff, 0xc3,
    0xff, 0xfe, 0x1f, 0xfd, 0xa4, 0x3f, 0xff, 0xe1,
    0xff, 0xff, 0xf, 0xfe, 0xa2, 0x1f, 0xff, 0xf0,
    0xff, 0xff, 0x87, 0xff, 0xfc, 0x3f, 0xf8, 0x58,
    0x7f, 0xff, 0xc3, 0xff, 0xb8, 0x87, 0xff, 0x75,
    0xf, 0xfe, 0x66, 0x1f, 0xff, 0xf0, 0xff, 0xff,
    0x87, 0xff, 0xfc, 0x3f, 0xf8, 0x48, 0x7f, 0xff,
    0xc3, 0xff, 0xb9, 0x87, 0xff, 0x77, 0xf, 0xfe,
    0x62, 0x1f, 0xff, 0xf0, 0xff, 0xff, 0x87, 0xff,
    0xd1, 0xf, 0xff, 0xf8, 0x7f, 0xff, 0xc3, 0xff,
    0xa8, 0x87, 0xff, 0xfc, 0x3f, 0xfc, 0x68, 0x7f,
    0xff, 0xc3, 0xff, 0xfe, 0x1f, 0xff, 0xf0, 0xff,
    0xff, 0x87, 0xff, 0x2d, 0xf, 0xff, 0xf8, 0x7f,
    0xf2, 0xf0, 0xff, 0xff, 0x87, 0xff, 0x71, 0xf,
    0xfe, 0xea, 0x1f, 0xfc, 0xcc, 0x3f, 0xff, 0xe1,
    0xff, 0xff, 0xf, 0xff, 0xf8, 0x7f, 0xf0, 0x90,
    0xff, 0xff, 0x87, 0xff, 0x73, 0xf, 0xfe, 0xee,
    0x1f, 0xfc, 0xc4, 0x3f, 0xff, 0xe1, 0xff, 0xff,
    0xf, 0xff, 0xf8, 0x7f, 0xff, 0xc3, 0xff, 0xd6,
    0x87, 0xff, 0x75, 0xf, 0xff, 0xf8, 0x7f, 0xff,
    0xc3, 0xff, 0xfe, 0x1f, 0xfd, 0xa4, 0x3f, 0xff,
    0xe1, 0xff, 0xff, 0xf, 0xfe, 0xa2, 0x1f, 0xff,
    0xf0, 0xff, 0xff, 0x87, 0xff, 0xfc, 0x3f, 0xf8,
    0x58, 0x7f, 0xff, 0xc3, 0xff, 0xb8, 0x87, 0xff,
    0x75, 0xf, 0xfe, 0x66, 0x1f, 0xff, 0xf0, 0xff,
    0xe5, 0xa1, 0xff, 0xff, 0xf, 0xff, 0xf8, 0x7f,
    0xf5, 0x10, 0xff, 0xfe, 0xe1, 0xff, 0xdd, 0xc3,
    0xff, 0xfe, 0x1f, 0xff, 0xf0, 0xff, 0xff, 0x87,
    0xff, 0x9, 0xf, 0xff, 0xf8, 0x7f, 0xfd, 0x70,
    0xff, 0xee, 0xa1, 0xff, 0xff, 0xf, 0xfe, 0x67,
    0x7, 0xff, 0x25, 0xf, 0xff, 0xf8, 0x7f, 0xf7,
    0xdd, 0xf, 0xff, 0x8a, 0x1f, 0xff, 0xf0, 0xac,
    0x3f, 0xff, 0xe1, 0xff, 0xf6, 0xe0, 0xff, 0xe2,
    0x61, 0xff, 0xdd, 0x83, 0xff, 0xfe, 0x1e, 0x74,
    0x3f, 0xfa, 0x68, 0x7f, 0xf2, 0xe0, 0xff, 0xff,
    0x87, 0xf5, 0x3, 0xff, 0xd4, 0x87, 0xff, 0xfc,
    0x3f, 0xce, 0x87, 0xfc, 0x87, 0xff, 0x6f, 0xf,
    0xff, 0xf8, 0x7f, 0xf0, 0x6c, 0x3f, 0xf9, 0xf8,
    0x7f, 0xf2, 0x60, 0xff, 0xff, 0x87, 0xff, 0x13,
    0x83, 0xff, 0xc6, 0x87, 0xff, 0xfc, 0x3f, 0xf8,
    0xae, 0x87, 0xff, 0x83, 0xf, 0xff, 0xf8, 0x7f,
    0xf0, 0x18, 0x3d, 0x40, 0xff, 0xe5, 0x21, 0xff,
    0xc7, 0x83, 0xff, 0xfe, 0x1f, 0xfc, 0x19, 0xd0,
    0xe7, 0x83, 0xff, 0xb8, 0x87, 0xff, 0xfc, 0x3f,
    0xf8, 0x10, 0x56, 0x1e, 0x75, 0x7, 0xff, 0x63,
    0xf, 0xff, 0xf8, 0x7f, 0xf0, 0x14, 0x1d, 0xc1,
    0xea, 0x7, 0xff, 0x15, 0xf, 0xfe, 0x2c, 0x1f,
    0xff, 0xf0, 0xff, 0xe0, 0xc1, 0xf3, 0xa1, 0xff,
    0xcb, 0xb0, 0xff, 0xe2, 0x21, 0xff, 0xff, 0xf,
    0xfe, 0x4, 0x1f, 0xea, 0x7, 0xff, 0x33, 0x83,
    0xff, 0x83, 0x87, 0xff, 0xfc, 0x3f, 0xf8, 0xa,
    0xf, 0xf9, 0xd0, 0xff, 0xe5, 0xba, 0x1f, 0xe8,
    0x3f, 0xff, 0xe1, 0xff, 0xc1, 0x83, 0xff, 0x85,
    0x61, 0xff, 0xcc, 0xa0, 0x7f, 0x21, 0xff, 0xff,
    0xf, 0xfe, 0x4, 0x1f, 0xfc, 0x5c, 0x3f, 0xf8,
    0xaa, 0xe, 0x78, 0x3d, 0x87, 0xff, 0xfc, 0x3f,
    0xf8, 0xa, 0xf, 0xfe, 0xbf, 0x61, 0xe7, 0x42,
    0x83, 0xff, 0xfe, 0x1f, 0xfc, 0x18, 0x3f, 0xfb,
    0x7c, 0x1e, 0xa0, 0x10, 0xff, 0xff, 0x87, 0xff,
    0x2, 0xf, 0xfe, 0xeb, 0xa1, 0xcf, 0x83, 0xff,
    0xfe, 0x1f, 0xfc, 0x5, 0x7, 0xff, 0x65, 0xe,
    0xa0, 0x7f, 0xff, 0xc3, 0xff, 0x8f, 0x7, 0xff,
    0x21, 0xf, 0xfe, 0x63, 0xa1, 0xff, 0xff, 0xf,
    0xfe, 0x24, 0x1f, 0xfe, 0x4b, 0xf, 0xff, 0xf8,
    0x7f, 0xf0, 0x94, 0x1f, 0xfe, 0x6e, 0xf, 0xff,
    0xf8, 0x7f, 0xf0, 0x20, 0xff, 0xe5, 0x61, 0xff,
    0xd1, 0x74, 0x3f, 0xff, 0xe1, 0xfd, 0x7, 0xff,
    0xae, 0xc3, 0xff, 0xfe, 0x1f, 0x28, 0x3f, 0xfb,
    0x88, 0x7f, 0xf1, 0x38, 0x3f, 0xff, 0xe1, 0xff,
    0xd2, 0x43, 0xff, 0xac, 0xe8, 0x7f, 0xff, 0xc2,
    0xc3, 0xff, 0xbb, 0x87, 0xff, 0x1e, 0x81, 0xff,
    0xff, 0xf, 0xff, 0xab, 0xa1, 0xff, 0xff, 0x43,
    0xff, 0xe9, 0x61, 0xff, 0xff, 0xf, 0xfe, 0xea,
    0x1f, 0xff, 0xf0, 0xff, 0xff, 0x87, 0xff, 0xfc,
    0x3f, 0xfb, 0x48, 0x7f, 0xf7, 0x50, 0xff, 0xff,
    0x87, 0xff, 0xfc, 0x3f, 0xff, 0xe1, 0xff, 0xff,
    0xf, 0xff, 0x5a, 0x1f, 0xfc, 0xcc, 0x3f, 0xfb,
    0xb8, 0x7f, 0xff, 0xc3, 0xff, 0xb8, 0x87, 0xff,
    0xfc, 0x3f, 0xff, 0xe1, 0xff, 0xff, 0xf, 0xfe,
    0x16, 0x1f, 0xfc, 0xc4, 0x3f, 0xfb, 0xa8, 0x7f,
    0xff, 0xc3, 0xff, 0xb9, 0x87, 0xff, 0xfc, 0x3f,
    0xff, 0xe1, 0xff, 0xff, 0xf, 0xfe, 0x12, 0x1f,
    0xff, 0xf0, 0xff, 0xff, 0x87, 0xff, 0x51, 0xf,
    0xff, 0xf8, 0x7f, 0xf8, 0xd0, 0xff, 0xff, 0x87,
    0xff, 0xfc, 0x3f, 0xfa, 0x88, 0x7f, 0xff, 0xc3,
    0xff, 0xfe, 0x1f, 0xff, 0x44, 0x3f, 0xf9, 0x98,
    0x7f, 0xf7, 0x70, 0xff, 0xff, 0x87, 0xff, 0xfc,
    0x3f, 0xff, 0xe1, 0xff, 0xd3, 0x43, 0xff, 0xfe,
    0x1f, 0xfc, 0xbc, 0x3f, 0xf9, 0x88, 0x7f, 0xf7,
    0x50, 0xff, 0xff, 0x87, 0xff, 0x73, 0xf, 0xff,
    0xf8, 0x7f, 0xff, 0xc3, 0xff, 0xfe, 0x1f, 0xfc,
    0x24, 0x3f, 0xff, 0xe1, 0xff, 0xff, 0xf, 0xfe,
    0xa2, 0x1f, 0xff, 0xf0, 0xff, 0xff, 0x87, 0xff,
    0xfc, 0x3f, 0xfb, 0x48, 0x7f, 0xf7, 0x50, 0xff,
    0xff, 0x87, 0xff, 0xfc, 0x3f, 0xff, 0xe1, 0xff,
    0xff, 0xf, 0xff, 0x5a, 0x1f, 0xfc, 0xcc, 0x3f,
    0xfb, 0xb8, 0x7f, 0xff, 0xc3, 0xff, 0xb8, 0x87,
    0xff, 0xfc, 0x3f, 0xf9, 0x78, 0x7f, 0xff, 0xc3,
    0xff, 0xfe, 0x1f, 0xfc, 0x34, 0x3f, 0xfb, 0xa8,
    0x7f, 0xff, 0xc3, 0xff, 0xb9, 0x87, 0xff, 0xfc,
    0x3f, 0xf9, 0x68, 0x7f, 0xff, 0xc3, 0xff, 0xfe,
    0x1f, 0xff, 0xf0, 0xff, 0xff, 0x87, 0xff, 0x2d,
    0xf, 0xff, 0xf8, 0x7f, 0xff, 0xc3, 0xff, 0x84,
    0x87, 0xff, 0xfc, 0x3f, 0xf9, 0x68, 0x7f, 0xff,
    0xc3, 0xff, 0xfe, 0x1f, 0xff, 0xf0, 0xff, 0xe9,
    0xa1, 0xff, 0xcc, 0xc3, 0xff, 0xbb, 0x87, 0xff,
    0xfc, 0x3f, 0xfb, 0x88, 0x7f, 0xff, 0xc3, 0xff,
    0xfe, 0x1f, 0xff, 0xf0, 0xff, 0xe1, 0x61, 0xff,
    0xcc, 0x43, 0xff, 0xba, 0x87, 0xff, 0xfc, 0x3f,
    0xfb, 0x98, 0x7f, 0xff, 0xc3, 0xff, 0x96, 0x87,
    0xff, 0xfc, 0x3f, 0xff, 0xe1, 0xff, 0xff, 0xf,
    0xff, 0xf8, 0x7f, 0xf2, 0xd0, 0xff, 0xff, 0x87,
    0xff, 0xfc, 0x3f, 0xff, 0xe1, 0xff, 0xda, 0x43,
    0xff, 0xba, 0x87, 0xff, 0xfc, 0x3f, 0xfe, 0xb8,
    0x7f, 0xff, 0x50, 0xff, 0xfb, 0x21, 0xff, 0xff,
    0xf, 0xfe, 0x5e, 0x1f, 0xfd, 0xcc, 0x3f, 0xff,
    0xe1, 0xff, 0xdd, 0x43, 0xff, 0x94, 0x87, 0xff,
    0xff, 0xf, 0xff, 0xa4, 0x1f, 0xff, 0xf0, 0xff,
    0xe6, 0xa1, 0xff, 0xda, 0xc3, 0xff, 0xfe, 0x1f,
    0xfd, 0xfc, 0x3f, 0xf9, 0x8, 0x7f, 0xff, 0xc0,
    0x87, 0xff, 0xca, 0xf, 0xff, 0xf8, 0x7f, 0xfd,
    0x30, 0xff, 0xff, 0x87, 0xff, 0x85, 0xf, 0xfe,
    0x32, 0x1f, 0xff, 0xf0, 0xdc, 0x1f, 0xfe, 0xf8,
    0x3f, 0xff, 0xe1, 0xce, 0x87, 0xff, 0x21, 0xf,
    0xfe, 0xbe, 0x1f, 0xff, 0xf0, 0xfd, 0x40, 0xff,
    0xf5, 0x21, 0xff, 0xff, 0xf, 0xf3, 0xa1, 0xff,
    0xe8, 0x83, 0xff, 0xfe, 0x1f, 0xfc, 0xb, 0xf,
    0xfe, 0x26, 0x1f, 0xfc, 0x44, 0x3f, 0xf8, 0x98,
    0x7f, 0xff, 0xc3, 0xff, 0x87, 0xc1, 0xff, 0xe3,
    0x43, 0xff, 0xfe, 0x1f, 0xfc, 0x57, 0x43, 0xff,
    0x80, 0x87, 0xff, 0x52, 0xf, 0xff, 0xf8, 0x7f,
    0xf1, 0xec, 0x3f, 0xfa, 0x18, 0x7f, 0xf0, 0xa0,
    0xff, 0xff, 0x87, 0xff, 0x2b, 0x83, 0xff, 0xb8,
    0xa0, 0xff, 0xff, 0x87, 0xff, 0x2d, 0xd0, 0xff,
    0xed, 0x41, 0xff, 0xff, 0xf, 0xfe, 0x75, 0x3,
    0xff, 0x96, 0x87, 0xff, 0x2, 0xf, 0xff, 0xf8,
    0x7f, 0xf4, 0x1e, 0xf, 0xfe, 0xaa, 0x83, 0xff,
    0xfe, 0x1f, 0xfd, 0x27, 0x44, 0x3f, 0xfa, 0x30,
    0x7f, 0xff, 0xc3, 0xff, 0xab, 0x40, 0xff, 0xe8,
    0xc1, 0xff, 0xff, 0xf, 0xfe, 0xbb, 0x7, 0xff,
    0x3d, 0x41, 0xff, 0xff, 0xf, 0xff, 0xa4, 0x1f,
    0xff, 0xf0, 0xff, 0xfa, 0x41, 0xff, 0xff, 0xf,
    0xff, 0xa2, 0x83, 0xff, 0xfe, 0x1f, 0xff, 0x48,
    0x3f, 0xff, 0xe1, 0xff, 0xed, 0x43, 0xd0, 0x7f,
    0xff, 0xc3, 0xff, 0xdd, 0x7, 0x28, 0x3f, 0xff,
    0xe1, 0xff, 0xef, 0xc3, 0x41, 0xff, 0xff, 0xf,
    0xff, 0x8f, 0x10, 0x7f, 0xff, 0xc3, 0xff, 0xde,

    /* U+0050 "P" */
    0xf, 0xfe, 0x53, 0x7f, 0xff, 0xff, 0xff, 0xfa,
    0x68, 0x7f, 0xf4, 0x9e, 0x43, 0xff, 0xfe, 0x1f,
    0xfd, 0x34, 0x27, 0xc8, 0x7f, 0xf2, 0x98, 0x3f,
    0xff, 0xe1, 0xff, 0xd5, 0xc3, 0x40, 0xa0, 0x7f,
    0xf2, 0x18, 0x3f, 0xff, 0xe1, 0xff, 0xd5, 0x83,
    0x41, 0x94, 0x1f, 0xfc, 0x78, 0x3f, 0xff, 0xe1,
    0xff, 0xd6, 0x42, 0x50, 0x74, 0x1f, 0xfc, 0x64,
    0x3f, 0xff, 0xe1, 0xff, 0xd6, 0xc3, 0x41, 0xff,
    0xcd, 0x60, 0xff, 0xff, 0x87, 0xff, 0x52, 0xd,
    0x7, 0xe4, 0x3f, 0xf8, 0xce, 0x87, 0xff, 0xfc,
    0x3f, 0xfa, 0x48, 0x4a, 0xf, 0xfe, 0x8d, 0x3,
    0xff, 0xfe, 0x1f, 0xfd, 0xc, 0x34, 0x1f, 0xfd,
    0x37, 0x43, 0xff, 0xfe, 0x1f, 0xfc, 0xd8, 0x34,
    0x1f, 0xfd, 0x6b, 0xf, 0xff, 0xf8, 0x7f, 0xf3,
    0x10, 0x94, 0x1f, 0xe4, 0x3f, 0xf8, 0x96, 0x87,
    0xb8, 0x3f, 0xff, 0xe1, 0xff, 0xc9, 0xc3, 0x41,
    0xff, 0xd2, 0xb0, 0xf3, 0xa1, 0xff, 0xff, 0xf,
    0xfe, 0x34, 0x1a, 0xf, 0xfe, 0xaf, 0x7, 0xac,
    0x3f, 0xff, 0xe1, 0xff, 0xc5, 0x42, 0x50, 0x7f,
    0xf4, 0x50, 0xce, 0x87, 0xb8, 0x3f, 0xff, 0xe1,
    0xff, 0xc2, 0xc3, 0x41, 0xff, 0xd9, 0xa0, 0x79,
    0xd0, 0xff, 0xff, 0x87, 0xfd, 0x6, 0x83, 0xff,
    0xb6, 0xf0, 0x7a, 0x81, 0xff, 0xff, 0xf, 0xf2,
    0x12, 0x83, 0xff, 0x82, 0x87, 0xff, 0x3d, 0xd0,
    0xe7, 0x43, 0xff, 0xfe, 0x1f, 0x61, 0xa0, 0xff,
    0xf0, 0x50, 0x3d, 0x61, 0xff, 0xff, 0xe, 0x83,
    0x41, 0xff, 0xe2, 0x74, 0x3d, 0xc1, 0xff, 0xff,
    0x9, 0x9, 0x41, 0xff, 0xc3, 0xc3, 0xff, 0x88,
    0x87, 0xff, 0xe, 0xd0, 0xe7, 0x43, 0xff, 0xff,
    0x86, 0x83, 0xff, 0xcf, 0x40, 0xf5, 0x87, 0xff,
    0xf6, 0xd, 0x7, 0xff, 0xa5, 0xd0, 0xf7, 0x7,
    0xff, 0xed, 0x9, 0x41, 0xff, 0xc5, 0x43, 0xff,
    0x89, 0x87, 0xff, 0x22, 0xc3, 0xce, 0x87, 0xff,
    0xe3, 0xd, 0x7, 0xff, 0xbb, 0x83, 0xd4, 0xf,
    0xff, 0xb4, 0x1a, 0xf, 0xff, 0x82, 0x1f, 0x3f,
    0xff, 0xf6, 0x42, 0x50, 0x7f, 0xf6, 0x10, 0xff,
    0xff, 0x87, 0xff, 0x3e, 0xf, 0xff, 0xf8, 0x7f,
    0xfd, 0x20, 0xff, 0xe4, 0x21, 0xff, 0xff, 0xf,
    0xfe, 0xfa, 0x83, 0xff, 0xfe, 0x1f, 0xff, 0x48,
    0x3f, 0xfe, 0x68, 0x7f, 0xff, 0xe0, 0xff, 0xe5,
    0x61, 0xff, 0xff, 0xf, 0xfe, 0xea, 0x83, 0xff,
    0xb6, 0x87, 0xff, 0xfc, 0x3f, 0xf9, 0x90, 0x7f,
    0xfd, 0x70, 0xff, 0xfe, 0xa1, 0xff, 0xcc, 0x43,
    0xff, 0xfe, 0x1f, 0xfd, 0xcc, 0x3f, 0xfb, 0xb8,
    0x7f, 0xff, 0xc3, 0xff, 0xfe, 0x1f, 0xfc, 0x34,
    0x3f, 0xff, 0xe1, 0xff, 0xff, 0xf, 0xff, 0xa2,
    0x1f, 0xfd, 0xd4, 0x3f, 0xff, 0xe1, 0xff, 0xff,
    0xf, 0xff, 0xf8, 0x7f, 0xf6, 0x90, 0xff, 0xff,
    0x87, 0xff, 0xfc, 0x3f, 0xfa, 0x88, 0x7f, 0xff,
    0xc3, 0xff, 0xfe, 0x1f, 0xff, 0x44, 0x3f, 0xf9,
    0x98, 0x7f, 0xf1, 0x10, 0xff, 0xff, 0x87, 0xff,
    0xfc, 0x3f, 0xf8, 0x78, 0x7f, 0xff, 0xc3, 0xff,
    0x96, 0x87, 0xff, 0xfc, 0x3f, 0xfb, 0x98, 0x7f,
    0xf7, 0x70, 0xff, 0xff, 0x87, 0xff, 0xfc, 0x3f,
    0xf8, 0x68, 0x7f, 0xff, 0xc3, 0xff, 0xfe, 0x1f,
    0xff, 0x44, 0x3f, 0xfb, 0xa8, 0x7f, 0xff, 0xc3,
    0xff, 0xfe, 0x1f, 0xff, 0xf0, 0xff, 0xed, 0x21,
    0xff, 0xff, 0xf, 0xff, 0xf8, 0x7f, 0xf5, 0x10,
    0xff, 0xff, 0x87, 0xff, 0xfc, 0x3f, 0xff, 0xe1,
    0xff, 0xc2, 0xc3, 0xff, 0xfe, 0x1f, 0xfd, 0xc4,
    0x3f, 0xfb, 0xa8, 0x7f, 0xf3, 0x30, 0xff, 0xff,
    0x87, 0xff, 0xfc, 0x3f, 0xff, 0xe1, 0xff, 0xc2,
    0x43, 0xff, 0xfe, 0x1f, 0xfd, 0xcc, 0x3f, 0xfb,
    0xb8, 0x7f, 0xf3, 0x10, 0xff, 0xff, 0x87, 0xff,
    0xfc, 0x3f, 0xff, 0xe1, 0xff, 0xff, 0xf, 0xff,
    0x5a, 0x1f, 0xfd, 0xd4, 0x3f, 0xff, 0xe1, 0xff,
    0xff, 0xf, 0xff, 0xf8, 0x7f, 0xf6, 0x90, 0xff,
    0xff, 0x87, 0xff, 0xfc, 0x3f, 0xfa, 0x88, 0x7f,
    0xff, 0xc3, 0xff, 0x97, 0x87, 0xff, 0xfc, 0x3f,
    0xfb, 0x88, 0x7f, 0xff, 0xc3, 0xff, 0xfe, 0x1f,
    0xfd, 0x44, 0x3f, 0xf9, 0x98, 0x7f, 0xff, 0xc3,
    0xff, 0x96, 0x87, 0xff, 0xfc, 0x3f, 0xfb, 0x98,
    0x7f, 0xf7, 0x70, 0xff, 0xe6, 0x21, 0xff, 0xff,
    0xf, 0xff, 0xf8, 0x7f, 0xff, 0xc3, 0xff, 0xfe,
    0x1f, 0xfe, 0xb4, 0x3f, 0xfb, 0xa8, 0x7f, 0xff,
    0xc3, 0xff, 0xfe, 0x1f, 0xff, 0xf0, 0xff, 0xed,
    0x21, 0xff, 0xff, 0xf, 0xff, 0xf8, 0x7f, 0xf5,
    0x10, 0xff, 0xff, 0x87, 0xff, 0xfc, 0x3f, 0xff,
    0xe1, 0xff, 0xc2, 0xc3, 0xff, 0xfe, 0x1f, 0xfd,
    0xc4, 0x3f, 0xfb, 0xa8, 0x7f, 0xf3, 0x30, 0xff,
    0xff, 0x87, 0xff, 0xfc, 0x3f, 0xff, 0xe1, 0xff,
    0xc2, 0x43, 0xff, 0xfe, 0x1f, 0xfd, 0xcc, 0x3f,
    0xfb, 0xb8, 0x7f, 0xf3, 0x10, 0xff, 0xff, 0x87,
    0xff, 0xfc, 0x3f, 0xff, 0xe1, 0xff, 0xff, 0xf,
    0xff, 0x5e, 0x1f, 0xfd, 0xd4, 0x3f, 0xff, 0xe1,
    0xff, 0xcb, 0x74, 0x3f, 0xf9, 0x28, 0x7f, 0xff,
    0xc3, 0xff, 0xbf, 0x61, 0xff, 0xf2, 0x43, 0xff,
    0xfe, 0x17, 0x7, 0xff, 0xfc, 0x3f, 0xfe, 0xae,
    0x87, 0xff, 0x13, 0xf, 0xfe, 0xec, 0x1b, 0xff,
    0xff, 0x50, 0x7a, 0x81, 0xff, 0xec, 0x43, 0x41,
    0xff, 0xfa, 0x74, 0x39, 0xd0, 0xff, 0xe9, 0x21,
    0xff, 0xcb, 0x82, 0x50, 0x7f, 0xff, 0x28, 0x1e,
    0xb0, 0xff, 0xe0, 0x21, 0xff, 0xdb, 0x83, 0x41,
    0xff, 0xfe, 0x74, 0x3d, 0xc1, 0xff, 0xe5, 0x50,
    0x50, 0x7f, 0xff, 0xc1, 0x21, 0xe7, 0x43, 0xff,
    0x9b, 0x87, 0xff, 0x26, 0x9, 0x41, 0xff, 0xff,
    0x2, 0x83, 0xf5, 0x87, 0xff, 0x86, 0xd, 0x7,
    0xff, 0xfc, 0x28, 0x3f, 0xee, 0xf, 0xfe, 0x52,
    0x1f, 0xfc, 0x75, 0x5, 0x7, 0xff, 0xfc, 0x28,
    0x3f, 0xf8, 0x2e, 0x87, 0xff, 0x72, 0x9, 0x41,
    0xff, 0xff, 0x2, 0x83, 0xff, 0x87, 0x41, 0xf,
    0xfe, 0xc4, 0x1a, 0xf, 0xff, 0xf8, 0x50, 0x7f,
    0xf1, 0x5f, 0x7, 0xff, 0x15, 0xf, 0xfe, 0x2a,
    0x82, 0x83, 0xff, 0xfe, 0x14, 0x1f, 0xfc, 0x84,
    0x3f, 0xf8, 0xb4, 0xf, 0xfe, 0x24, 0x12, 0x83,
    0xff, 0xfe, 0x5, 0x7, 0xff, 0x6d, 0xd0, 0xff,
    0xe0, 0xc1, 0xa0, 0xff, 0xff, 0x85, 0x7, 0xff,
    0x7a, 0xc3, 0xfe, 0x50, 0x50, 0x7f, 0xff, 0xc2,
    0x83, 0xff, 0xc3, 0xc1, 0xfd, 0x4, 0xa0, 0xff,
    0xff, 0x81, 0x41, 0xff, 0xdb, 0x43, 0xce, 0x87,
    0xa0, 0xd0, 0x7f, 0xff, 0xc2, 0x83, 0xff, 0xb9,
    0xe8, 0x3d, 0x40, 0xca, 0xa, 0xf, 0xff, 0xf8,
    0x50, 0x7f, 0xf7, 0xdd, 0xe, 0x74, 0x10, 0x4a,
    0xf, 0xff, 0xf8, 0x14, 0x1f, 0xfe, 0x1a, 0x7,
    0xae, 0xd, 0x7, 0xff, 0xfc, 0x28, 0x3f, 0xfb,
    0xc8, 0x67, 0x43, 0xc8, 0x50, 0x7f, 0xff, 0xc2,
    0x83, 0xff, 0xcd, 0x61, 0xfc, 0x87, 0xff, 0xfc,
    0xa, 0xf, 0xff, 0x47, 0x7, 0xd8, 0x7f, 0xff,
    0xc1, 0x7, 0xff, 0xa9, 0xd0, 0xf7, 0x7, 0xff,
    0xfa, 0xf, 0xff, 0x6d, 0x87, 0x9d, 0xf, 0xff,
    0xda, 0x83, 0xff, 0xdf, 0xc1, 0xea, 0x7, 0xff,
    0xea, 0xf, 0xff, 0xa, 0x1f, 0xfc, 0x37, 0x43,
    0x9f, 0xff, 0xfd, 0x7, 0xff, 0xd2, 0x81, 0xff,
    0xff, 0xf, 0xff, 0xab, 0xc1, 0xff, 0xff, 0xf,
    0xff, 0x6, 0x1f, 0xfc, 0x87, 0x43, 0xff, 0xfe,
    0x1f, 0xff, 0x5a, 0x7, 0xff, 0xfc, 0x3f, 0xfe,
    0xa8, 0x7f, 0xff, 0xc3, 0xff, 0xba, 0x87, 0xff,
    0xfc, 0x3f, 0xff, 0xe1, 0xff, 0xc2, 0x43, 0xff,
    0xfe, 0x1f, 0xff, 0xf0, 0xff, 0xff, 0x87, 0xff,
    0xfc, 0x3f, 0xff, 0xe1, 0xff, 0xe3, 0xc3, 0xff,
    0xfe, 0x1f, 0xfd, 0xc4, 0x3f, 0xff, 0xe1, 0xff,
    0xff, 0xf, 0xff, 0xf8, 0x7f, 0xff, 0xc3, 0xc8,
    0x7f, 0xff, 0xc3, 0xff, 0xb9, 0x87, 0xff, 0xfc,
    0x3f, 0xff, 0xe1, 0xff, 0xff, 0xf, 0xff, 0xf8,
    0x7f, 0xff, 0xc3, 0xff, 0xc6, 0x87, 0xff, 0xfc,
    0x3f, 0xff, 0xe1, 0xff, 0xff, 0xf, 0xff, 0xf8,
    0x72, 0x1f, 0xff, 0xf0, 0xff, 0xff, 0x87, 0xff,
    0xfc, 0x3f, 0xff, 0xe1, 0xff, 0xff, 0xf, 0xff,
    0x1e, 0x1f, 0xff, 0xf0, 0xff, 0xee, 0x21, 0xff,
    0xff, 0xf, 0xff, 0xf8, 0x7f, 0xf0, 0xd0, 0xff,
    0xff, 0x87, 0xff, 0xfc, 0x3f, 0xff, 0xe1, 0xff,
    0xd3, 0xc3, 0xff, 0xfe, 0x1f, 0xff, 0xf0, 0xff,
    0xff, 0x87, 0xff, 0xb1, 0xf, 0xff, 0xf8, 0x7f,
    0xff, 0xc3, 0xff, 0xfe, 0x1f, 0xff, 0xf0, 0xe4,
    0x3f, 0xff, 0xe1, 0xff, 0xff, 0xf, 0xff, 0xf8,
    0x7f, 0xff, 0xc3, 0xff, 0xfe, 0x1f, 0xfe, 0x3c,
    0x3f, 0xff, 0xe1, 0xff, 0xdc, 0x43, 0xff, 0xfe,
    0x1f, 0xff, 0xf0, 0xff, 0xff, 0x87, 0xff, 0xfc,
    0x3c, 0x87, 0xff, 0xfc, 0x3f, 0xfb, 0x98, 0x7f,
    0xff, 0xc3, 0xff, 0xfe, 0x1f, 0xff, 0xf0, 0xff,
    0xff, 0x87, 0xff, 0xfc, 0x3f, 0xfc, 0x68, 0x7f,
    0xff, 0xc3, 0xff, 0xfe, 0x1f, 0xfc, 0x24, 0x3f,
    0xff, 0xe1, 0xff, 0xff, 0xf, 0xff, 0xf8, 0x7f,
    0xff, 0xc3, 0xff, 0xfe, 0x1f, 0xfe, 0x3c, 0x3f,
    0xff, 0xe1, 0xff, 0xff, 0xf, 0xff, 0xf8, 0x7f,
    0xf4, 0xd0, 0xff, 0xff, 0x87, 0xff, 0xfc, 0x3f,
    0xf8, 0x68, 0x7f, 0xff, 0xc3, 0xff, 0xb9, 0x87,
    0xff, 0xfc, 0x3f, 0xff, 0xe1, 0xff, 0xff, 0xf,
    0xff, 0xf8, 0x7f, 0xff, 0xc3, 0xff, 0xc6, 0x87,
    0xff, 0xfc, 0x3f, 0xff, 0xe1, 0xff, 0xff, 0xf,
    0xff, 0xf8, 0x72, 0x1f, 0xff, 0xf0, 0xff, 0xff,
    0x87, 0xff, 0xfc, 0x3f, 0xfd, 0x90, 0x7f, 0xff,
    0xc3, 0xff, 0xe9, 0x7, 0xff, 0xfc, 0x3f, 0xfb,
    0xa8, 0x7f, 0xf2, 0x94, 0x1f, 0xff, 0xf0, 0xff,
    0xfa, 0x41, 0xff, 0xff, 0xf, 0xff, 0xa4, 0x1f,
    0xff, 0xf0, 0xff, 0xef, 0xe1, 0xff, 0xc8, 0x50,
    0x7f, 0xff, 0xc3, 0xff, 0xe9, 0x7, 0xff, 0xfc,
    0x3f, 0xfe, 0x90, 0x7f, 0xff, 0xc3, 0xff, 0xc2,
    0x87, 0xff, 0x19, 0x41, 0xff, 0xff, 0xf, 0xff,
    0xa4, 0x1f, 0xff, 0xf0, 0xff, 0xfa, 0x41, 0xff,
    0xff, 0xf, 0xff, 0xa2, 0x83, 0xff, 0xfe, 0x1f,
    0xff, 0x48, 0x3f, 0xff, 0xe1, 0xff, 0xe3, 0x43,
    0xff, 0x89, 0x7, 0xff, 0xfc, 0x3f, 0xfe, 0x8a,
    0xf, 0xff, 0xf8, 0x7f, 0xfd, 0x20, 0xff, 0xff,
    0x87, 0xff, 0x97, 0xf, 0xfe, 0x14, 0x1f, 0xff,
    0xf0, 0xff, 0xfa, 0x28, 0x3f, 0xff, 0xe1, 0xff,
    0xf4, 0x83, 0xff, 0xfe, 0x1f, 0xfe, 0x74, 0x3f,
    0xf8, 0x10, 0x7f, 0xff, 0xc3, 0xff, 0xe8, 0xa0,
    0xff, 0xff, 0x87, 0xff, 0xd2, 0xf, 0xff, 0xf8,
    0x7f, 0xfd, 0x20, 0xff, 0xff, 0x87, 0xff, 0xd5,
    0xf, 0xff, 0xf8, 0x7f, 0xfd, 0x30, 0xff, 0xff,
    0x87, 0xff, 0xd2, 0xf, 0xff, 0xf8, 0x7f, 0xfd,
    0x50, 0xff, 0xff, 0x87, 0xff, 0xd3, 0xf, 0xff,
    0xf8, 0x7f, 0xfb, 0x50, 0xf4, 0x1f, 0xff, 0xf0,
    0xff, 0xf7, 0x41, 0xe4, 0x3f, 0xff, 0xe1, 0xff,
    0xef, 0xc3, 0x61, 0xff, 0xff, 0xf, 0xff, 0x8e,
    0x90, 0x7f, 0xff, 0xc3, 0xff, 0xe7, 0x68, 0x7f,
    0xff, 0xc3, 0xff, 0xde,

    /* U+00B0 "°" */
    0xf, 0xfe, 0xb, 0x4f, 0xff, 0xff, 0xff, 0xff,
    0x49, 0xf, 0xfe, 0x57, 0x28, 0x3f, 0xff, 0xe1,
    0xff, 0xd2, 0x42, 0x78, 0x3f, 0xf8, 0x4e, 0x1f,
    0xff, 0xf0, 0xff, 0xea, 0xe1, 0xa1, 0xd0, 0xff,
    0xe0, 0x41, 0xff, 0xff, 0xf, 0xfe, 0xaa, 0x1a,
    0xd, 0x21, 0xfe, 0xc3, 0xff, 0xfe, 0x1f, 0xfd,
    0x68, 0x25, 0x7, 0x41, 0xfc, 0x87, 0xff, 0xfc,
    0x3f, 0xfa, 0xd8, 0x68, 0x3f, 0xf8, 0x8a, 0xf,
    0xff, 0xf8, 0x7f, 0xf5, 0x10, 0xd0, 0x7e, 0x43,
    0xfa, 0x81, 0xff, 0xff, 0xf, 0xfe, 0x9c, 0x12,
    0x83, 0xff, 0x8e, 0xf0, 0x7f, 0xff, 0xc3, 0xff,
    0xa1, 0x86, 0x83, 0xff, 0x94, 0xe8, 0x7f, 0xff,
    0xc3, 0xff, 0x9a, 0x86, 0x83, 0xff, 0x9b, 0x40,
    0xff, 0xff, 0x87, 0xff, 0x32, 0x9, 0x41, 0xfe,
    0x43, 0xe7, 0x43, 0x9d, 0xf, 0xff, 0xf8, 0x7f,
    0xf2, 0x70, 0xd0, 0x7f, 0xf1, 0xf2, 0x81, 0xeb,
    0xf, 0xff, 0xf8, 0x7f, 0xf1, 0xd0, 0xd0, 0x7f,
    0xf2, 0xdd, 0xf, 0x70, 0x7f, 0xff, 0xc3, 0xff,
    0x8b, 0x4, 0xa0, 0xff, 0xe6, 0xd8, 0x79, 0xd0,
    0xff, 0xff, 0x87, 0xff, 0xb, 0xd, 0x7, 0xff,
    0x25, 0xf, 0x70, 0x7a, 0xc3, 0xff, 0xfe, 0x1f,
    0xfc, 0x4, 0x34, 0x1f, 0xfd, 0x27, 0x43, 0xdc,
    0x1f, 0xff, 0xf0, 0xff, 0x41, 0x28, 0x3f, 0xf8,
    0x28, 0x7f, 0xf1, 0xac, 0x3c, 0xe8, 0x7f, 0xff,
    0xc3, 0xec, 0x34, 0x1f, 0xfd, 0x7e, 0xf, 0x50,
    0x3f, 0xff, 0xe1, 0xc8, 0x68, 0x3f, 0xfb, 0x2e,
    0x87, 0x3a, 0x1f, 0xff, 0xf0, 0xa0, 0x94, 0x1f,
    0xfc, 0x3c, 0x3e, 0x43, 0xff, 0x87, 0x40, 0xf5,
    0x87, 0xff, 0xfc, 0xc3, 0x41, 0xff, 0xdd, 0x74,
    0x3d, 0xc1, 0xff, 0xfd, 0x43, 0x41, 0xff, 0xe0,
    0xb4, 0x39, 0xd0, 0xff, 0xfd, 0xc1, 0x28, 0x3f,
    0xf8, 0xa8, 0x7d, 0x87, 0xff, 0x22, 0x81, 0xeb,
    0xf, 0xff, 0xce, 0x1a, 0xf, 0xff, 0x23, 0xa1,
    0xee, 0xf, 0xff, 0xb2, 0x1a, 0xf, 0xff, 0x3c,
    0x1f, 0x3f, 0xff, 0xf6, 0x82, 0x50, 0x7f, 0xf3,
    0xd0, 0xff, 0xff, 0x87, 0xff, 0x3e, 0xf, 0xff,
    0xf8, 0x7f, 0xfa, 0xe0, 0xff, 0xe4, 0x21, 0xff,
    0xff, 0xf, 0xfe, 0xb2, 0x83, 0xff, 0xfe, 0x1f,
    0xfe, 0xb8, 0x3f, 0xfd, 0x48, 0x7f, 0xff, 0xe0,
    0xff, 0xe5, 0x61, 0xff, 0xff, 0xf, 0xfe, 0xa2,
    0x83, 0xff, 0xa4, 0x87, 0xff, 0xfc, 0x3f, 0xf9,
    0x90, 0x7f, 0xfb, 0x30, 0xff, 0xfe, 0xa1, 0xff,
    0xcc, 0x43, 0xff, 0xfe, 0x1f, 0xfd, 0x3c, 0x3f,
    0xfa, 0x98, 0x7f, 0xff, 0xc3, 0xff, 0xfe, 0x1e,
    0x43, 0xff, 0xfe, 0x1f, 0xff, 0xf0, 0xff, 0xf5,
    0xa1, 0xff, 0xd4, 0x43, 0xff, 0xfe, 0x1f, 0xff,
    0xf0, 0xff, 0xff, 0x87, 0xff, 0x45, 0xf, 0xff,
    0xf8, 0x7f, 0xff, 0xc3, 0xff, 0x84, 0x87, 0xff,
    0xfc, 0x3f, 0xff, 0xe1, 0xff, 0xeb, 0x43, 0xff,
    0x99, 0x87, 0xc8, 0x7f, 0xff, 0xc3, 0xff, 0xfe,
    0x1e, 0xc3, 0xff, 0xfe, 0x1f, 0xff, 0xf0, 0xff,
    0xf5, 0xe1, 0xff, 0xcc, 0x43, 0xec, 0x3f, 0xff,
    0xe1, 0xff, 0xff, 0xf, 0x21, 0xff, 0xff, 0xf,
    0xff, 0xf8, 0x7f, 0xfa, 0xd0, 0xff, 0xea, 0x21,
    0xff, 0xff, 0xf, 0xff, 0xf8, 0x7f, 0xff, 0xc3,
    0xff, 0xa2, 0x87, 0xff, 0xfc, 0x3f, 0xff, 0xe1,
    0xff, 0xff, 0xf, 0xff, 0xda, 0x1f, 0xff, 0xf0,
    0xff, 0xe5, 0xe1, 0xff, 0xff, 0xf, 0xfe, 0x9a,
    0x1f, 0xfd, 0x44, 0x3f, 0xf9, 0x98, 0x7f, 0xff,
    0xc3, 0xff, 0xfe, 0x1f, 0xff, 0xf0, 0xe4, 0x3f,
    0xff, 0xe1, 0xff, 0xd3, 0xc3, 0xff, 0xa9, 0x87,
    0xff, 0x31, 0xf, 0xff, 0xf8, 0x7f, 0xff, 0xc3,
    0xff, 0xfe, 0x1f, 0xff, 0xf0, 0xff, 0xec, 0xa1,
    0xff, 0xd4, 0x43, 0xff, 0xfe, 0x1f, 0xff, 0xf0,
    0xff, 0xff, 0x87, 0xff, 0x45, 0xf, 0xff, 0xf8,
    0x7f, 0xff, 0xc3, 0xff, 0x84, 0x87, 0xff, 0xfc,
    0x3f, 0xff, 0xe1, 0xff, 0xeb, 0x43, 0xff, 0x99,
    0x87, 0xff, 0xfc, 0x3f, 0xfe, 0x88, 0x7f, 0xf3,
    0x30, 0xff, 0xff, 0x87, 0xff, 0x2d, 0xf, 0xff,
    0xf8, 0x7f, 0xf4, 0xf0, 0xff, 0xf6, 0xa1, 0xff,
    0xff, 0xf, 0xfe, 0x9e, 0x1f, 0xff, 0xf0, 0xff,
    0xff, 0x87, 0xff, 0xfc, 0x39, 0xf, 0xfe, 0xa2,
    0x1f, 0xff, 0xf0, 0xff, 0xff, 0x87, 0xff, 0xfc,
    0x3f, 0xfa, 0x28, 0x7f, 0xff, 0xc3, 0xff, 0xfe,
    0x1f, 0xfc, 0x24, 0x3f, 0xff, 0xe1, 0xff, 0xff,
    0xf, 0xff, 0xf8, 0x76, 0x1f, 0xff, 0xf0, 0xff,
    0xe9, 0xa1, 0xff, 0xd4, 0x43, 0xff, 0x99, 0x87,
    0xff, 0xfc, 0x3f, 0xff, 0xe1, 0xff, 0xff, 0xe,
    0x43, 0xff, 0xfe, 0x1f, 0xfd, 0x3c, 0x3f, 0xfa,
    0x98, 0x7f, 0xf3, 0x10, 0xff, 0xff, 0x87, 0xff,
    0xfc, 0x3f, 0xff, 0xe1, 0xff, 0xff, 0xf, 0xfe,
    0xce, 0x1f, 0xfd, 0x44, 0x3f, 0xff, 0xe1, 0xff,
    0xcb, 0x74, 0x3f, 0xff, 0xe1, 0xff, 0xec, 0xa0,
    0x7f, 0xf2, 0x10, 0xff, 0xea, 0x21, 0xff, 0xff,
    0x3, 0xa1, 0xff, 0xff, 0xf, 0xff, 0x65, 0x87,
    0xff, 0x17, 0xf, 0xfe, 0xa6, 0x1a, 0xff, 0xff,
    0xca, 0x1e, 0xe0, 0xff, 0xf1, 0xa8, 0x25, 0x7,
    0xff, 0xe6, 0xc3, 0xce, 0x87, 0xff, 0x25, 0xf,
    0xfe, 0x5c, 0x1a, 0xf, 0xff, 0xe7, 0x7, 0xa8,
    0x1f, 0xfc, 0x4, 0x3f, 0xfa, 0x50, 0x6c, 0x3f,
    0xff, 0xce, 0x87, 0x3a, 0x1f, 0xfd, 0xc5, 0x5,
    0x7, 0xff, 0xfc, 0x12, 0x1e, 0xb0, 0xff, 0xe2,
    0xe1, 0xff, 0xc9, 0x83, 0x21, 0xff, 0xff, 0x9,
    0xf, 0xdc, 0x1f, 0xfd, 0x88, 0x36, 0x1f, 0xff,
    0xf0, 0xb0, 0xff, 0x3a, 0x1f, 0xfd, 0x55, 0x5,
    0x7, 0xff, 0xfc, 0x28, 0x3f, 0xf8, 0x36, 0x1f,
    0xfc, 0x4, 0x3f, 0xf8, 0xf0, 0x64, 0x3f, 0xff,
    0xe1, 0x21, 0xff, 0xc3, 0xe1, 0xf, 0xfe, 0x7c,
    0x1b, 0xf, 0xff, 0xf8, 0x58, 0x7f, 0xf1, 0x5f,
    0x7, 0xff, 0x39, 0x41, 0x41, 0xff, 0xff, 0xa,
    0xf, 0xfe, 0x42, 0x1f, 0xb4, 0x3f, 0xf8, 0x90,
    0x64, 0x3f, 0xff, 0xe1, 0x21, 0xff, 0xd2, 0xb0,
    0xff, 0xe1, 0x41, 0xb0, 0xff, 0xff, 0x85, 0x87,
    0xff, 0x57, 0x83, 0xfe, 0x50, 0x50, 0x7f, 0xff,
    0xc2, 0x83, 0xff, 0xae, 0xe8, 0x7f, 0x41, 0x90,
    0xff, 0xff, 0x84, 0x87, 0xff, 0x66, 0x81, 0xf4,
    0x1b, 0xf, 0xff, 0xf8, 0x58, 0x7f, 0xf6, 0xde,
    0xc, 0xa0, 0xa0, 0xff, 0xff, 0x85, 0x7, 0xff,
    0x79, 0xd0, 0x41, 0x90, 0xff, 0xff, 0x84, 0x87,
    0xff, 0x82, 0xa0, 0xd8, 0x7f, 0xff, 0xc2, 0xc3,
    0xff, 0xc4, 0xa0, 0xa0, 0xff, 0xff, 0x85, 0x7,
    0xff, 0xa1, 0xf, 0xff, 0xf8, 0x48, 0x7f, 0xfa,
    0x20, 0xff, 0xff, 0x83, 0xf, 0xff, 0x4b, 0xa1,
    0xff, 0xfe, 0x83, 0xff, 0xd9, 0x61, 0xff, 0xfd,
    0x43, 0xff, 0xdd, 0xc1, 0xff, 0xfa, 0xc3, 0xff,
    0xb4
};


/*---------------------
 *  GLYPH DESCRIPTION
 *--------------------*/

static const lv_font_fmt_txt_glyph_dsc_t glyph_dsc[] = {
    {.bitmap_index = 0, .adv_w = 0, .box_w = 0, .box_h = 0, .ofs_x = 0, .ofs_y = 0} /* id = 0 reserved */,
    {.bitmap_index = 0, .adv_w = 640, .box_w = 0, .box_h = 0, .ofs_x = 0, .ofs_y = 0},
    {.bitmap_index = 0, .adv_w = 2611, .box_w = 91, .box_h = 25, .ofs_x = 36, .ofs_y = 88},
    {.bitmap_index = 147, .adv_w = 0, .box_w = 26, .box_h = 25, .ofs_x = -22, .ofs_y = 0},
    {.bitmap_index = 243, .adv_w = 2611, .box_w = 141, .box_h = 200, .ofs_x = 11, .ofs_y = 0},
    {.bitmap_index = 1924, .adv_w = 2611, .box_w = 40, .box_h = 190, .ofs_x = 112, .ofs_y = 10},
    {.bitmap_index = 2482, .adv_w = 2611, .box_w = 141, .box_h = 201, .ofs_x = 11, .ofs_y = 0},
    {.bitmap_index = 3921, .adv_w = 2611, .box_w = 131, .box_h = 201, .ofs_x = 21, .ofs_y = 0},
    {.bitmap_index = 5314, .adv_w = 2611, .box_w = 132, .box_h = 191, .ofs_x = 20, .ofs_y = 10},
    {.bitmap_index = 6642, .adv_w = 2611, .box_w = 124, .box_h = 200, .ofs_x = 20, .ofs_y = 0},
    {.bitmap_index = 7969, .adv_w = 2611, .box_w = 133, .box_h = 200, .ofs_x = 11, .ofs_y = 0},
    {.bitmap_index = 9499, .adv_w = 2611, .box_w = 132, .box_h = 190, .ofs_x = 20, .ofs_y = 10},
    {.bitmap_index = 10867, .adv_w = 2611, .box_w = 141, .box_h = 201, .ofs_x = 11, .ofs_y = 0},
    {.bitmap_index = 12578, .adv_w = 2611, .box_w = 132, .box_h = 201, .ofs_x = 20, .ofs_y = 0},
    {.bitmap_index = 14110, .adv_w = 640, .box_w = 32, .box_h = 107, .ofs_x = 4, .ofs_y = 44},
    {.bitmap_index = 14405, .adv_w = 2611, .box_w = 141, .box_h = 201, .ofs_x = 11, .ofs_y = -1},
    {.bitmap_index = 16052, .adv_w = 2611, .box_w = 141, .box_h = 200, .ofs_x = 11, .ofs_y = 0},
    {.bitmap_index = 17668, .adv_w = 2611, .box_w = 141, .box_h = 201, .ofs_x = 11, .ofs_y = -1},
    {.bitmap_index = 19168, .adv_w = 2611, .box_w = 132, .box_h = 113, .ofs_x = 20, .ofs_y = 88}
};

/*---------------------
 *  CHARACTER MAPPING
 *--------------------*/

static const uint16_t unicode_list_0[] = {
    0x0, 0xd, 0xe, 0x10, 0x11, 0x12, 0x13, 0x14,
    0x15, 0x16, 0x17, 0x18, 0x19, 0x1a, 0x21, 0x2d,
    0x30, 0x90
};

/*Collect the unicode lists and glyph_id offsets*/
static const lv_font_fmt_txt_cmap_t cmaps[] =
{
    {
        .range_start = 32, .range_length = 145, .glyph_id_start = 1,
        .unicode_list = unicode_list_0, .glyph_id_ofs_list = NULL, .list_length = 18, .type = LV_FONT_FMT_TXT_CMAP_SPARSE_TINY
    }
};



/*--------------------
 *  ALL CUSTOM DATA
 *--------------------*/

#if LVGL_VERSION_MAJOR == 8
/*Store all the custom data of the font*/
static  lv_font_fmt_txt_glyph_cache_t cache;
#endif

#if LVGL_VERSION_MAJOR >= 8
static const lv_font_fmt_txt_dsc_t font_dsc = {
#else
static lv_font_fmt_txt_dsc_t font_dsc = {
#endif
    .glyph_bitmap = glyph_bitmap,
    .glyph_dsc = glyph_dsc,
    .cmaps = cmaps,
    .kern_dsc = NULL,
    .kern_scale = 0,
    .cmap_num = 1,
    .bpp = 2,
    .kern_classes = 0,
    .bitmap_format = 1,
#if LVGL_VERSION_MAJOR == 8
    .cache = &cache
#endif

};

extern const lv_font_t lv_font_montserrat_48;


/*-----------------
 *  PUBLIC FONT
 *----------------*/

/*Initialize a public general font descriptor*/
#if LVGL_VERSION_MAJOR >= 8
const lv_font_t dseg_bold_italic_200 = {
#else
lv_font_t dseg_bold_italic_200 = {
#endif
    .get_glyph_dsc = lv_font_get_glyph_dsc_fmt_txt,    /*Function pointer to get glyph's data*/
    .get_glyph_bitmap = lv_font_get_bitmap_fmt_txt,    /*Function pointer to get glyph's bitmap*/
    .line_height = 202,          /*The maximum line height required by the font*/
    .base_line = 1,             /*Baseline measured from the bottom of the line*/
#if !(LVGL_VERSION_MAJOR == 6 && LVGL_VERSION_MINOR == 0)
    .subpx = LV_FONT_SUBPX_NONE,
#endif
#if LV_VERSION_CHECK(7, 4, 0) || LVGL_VERSION_MAJOR >= 8
    .underline_position = -15,
    .underline_thickness = 10,
#endif
    .static_bitmap = 0,
    .dsc = &font_dsc,          /*The custom font data. Will be accessed by `get_glyph_bitmap/dsc` */
#if LV_VERSION_CHECK(8, 2, 0) || LVGL_VERSION_MAJOR >= 9
    .fallback = &lv_font_montserrat_48,
#endif
    .user_data = NULL,
};



#endif /*#if DSEG_BOLD_ITALIC_200*/
